function_id,round_id,x1,x2,x3,x4,x5,x6,x7,x8
8,week_01,0.12125647719949484,0.06774243991822004,0.19444115180522203,0.10177979245781898,0.803418468683958,0.9511002879589796,0.1855073682963848,0.6839496595785022
