function_id,round_id,x1,x2
1,week_02,0.759721826761961,0.19192296545952559
