function_id,round_id,x1,x2,x3,x4,x5,x6
7,week_02,0.04065417870879173,0.3868449395522475,0.1995080430060625,0.05976282153278589,0.4283129060640931,0.7836985178291798
