function_id,round_id,x1,x2,x3
3,week_01,0.5435446677729487,0.9991622669622302,0.39810713566839695
