function_id,round_id,x1,x2,x3,x4
4,week_02,0.3037110511213541,0.4249618584290147,0.42373947612941265,0.4095589891076088
