function_id,round_id,x1,x2
2,week_01,0.7172973919659853,0.002786647528409958
