function_id,round_id,x1,x2,x3
3,week_04,0.9240144798532128,0.5810392126441002,0.3887099474668503
