function_id,round_id,x1,x2,x3,x4,x5
6,week_02,0.4944811314344406,0.272115227766335,0.7161959782242775,0.9907129863277078,0.13163550663739443
