function_id,round_id,x1,x2
1,week_04,0.7554324856027961,0.026823152787983418
