function_id,round_id,x1,x2,x3,x4,x5,x6
7,week_01,0.06613441091030836,0.29728586226701736,0.35646619740873575,0.13747137505561113,0.39694418385624886,0.7386693023145199
