function_id,round_id,x1,x2,x3,x4
4,week_04,0.366927751339972,0.4166534561663866,0.4150525964796543,0.44680503848940134
