function_id,round_id,x1,x2,x3,x4
4,week_01,0.46882058307528496,0.42561491671949625,0.26738226879388094,0.2793121878057718
