function_id,round_id,x1,x2,x3,x4
5,week_01,0.1925657093524933,0.9394600940868258,0.9628399778157473,0.9013188239187002
