function_id,round_id,x1,x2,x3,x4,x5
6,week_01,0.6300062546506524,0.24180951993912458,0.7412500968202949,0.7673216480761766,0.08917553909122944
