function_id,round_id,x1,x2
1,week_01,0.7673788070678711,0.8060689130797982
