function_id,round_id,x1,x2
1,week_01,0.8624333720654249,0.3111037639901042
