function_id,round_id,x1,x2
2,week_04,0.6972227869555354,0.00038054119795560837
