function_id,round_id,x1,x2,x3,x4
5,week_02,0.024442875757813454,0.9638157486915588,0.9914688859134912,0.9871344473212957
