function_id,round_id,x1,x2,x3,x4,x5
6,week_04,0.5012293169274926,0.24820367991924286,0.881750631146133,0.9932182803750038,0.17771856300532818
