function_id,round_id,x1,x2,x3,x4,x5,x6
7,week_03,0.029513243585824966,0.9358937898650765,0.36603058595210314,0.05304531939327717,0.41451703291386366,0.720310709439218
