function_id,round_id,x1,x2,x3,x4
4,week_03,0.2144947163760662,0.4159630872309208,0.32368500251322985,0.4632888287305832
