function_id,round_id,x1,x2
1,week_03,0.37628774624317884,0.11563850753009319
