function_id,round_id,x1,x2,x3
3,week_02,0.8906233087182045,0.9796177390962839,0.39217130560427904
