function_id,round_id,x1,x2,x3,x4,x5,x6,x7,x8
8,week_04,0.009221353568136692,0.022536542266607285,0.20907716359943151,0.24687885213643312,0.5164055377244949,0.8755871299654245,0.01215820200741291,0.9880649382248521
