function_id,round_id,x1,x2,x3,x4
5,week_03,0.03234712406992912,0.9827137375250459,0.9998952057212591,0.6998028559610248
