function_id,round_id,x1,x2,x3,x4,x5,x6
7,week_04,0.0079389289021492,0.4444092884659767,0.018917998299002647,0.08236131351441145,0.3943801103159785,0.6899886429309845
