function_id,round_id,x1,x2,x3,x4,x5,x6,x7,x8
8,week_03,0.034587263129651546,0.1530343359336257,0.018599302507936954,0.20443257968872786,0.8618622161448002,0.23258752282708883,0.011185728013515472,0.9605798656120896
