x1,x2,x3,x4,ensemble_ei,ensemble_mu_mean_model,ensemble_sigma_mean_model,ensemble_mu_std_model,ensemble_mu_mean_original_approx
0.3945583803579211,0.42094971518963575,0.3840694958344102,0.3544116308912635,0.09076428001303036,0.2877705017592582,0.4630555341765814,0.44883203343813793,0.2877705017592582
0.42706409469246864,0.41916193813085556,0.35990635585039854,0.33966211043298244,0.08349537286060253,-0.07037337313200681,0.6922128486182528,0.5353670275037046,-0.07037337313200681
0.4008294139057398,0.41553773917257786,0.4019244071096182,0.38182740565389395,0.07774208929995381,0.3711881357212311,0.36911164577822136,0.3991583828325488,0.3711881357212311
0.44056370109319687,0.39684993121773005,0.37638707365840673,0.36791905108839273,0.07587769851423054,-0.007861041996629563,0.64192928382839,0.5668017572719792,-0.007861041996629563
0.44703561160713434,0.43256483878940344,0.36393714509904385,0.3517667166888714,0.06730309512495376,-0.1966227906880362,0.7105861910099845,0.5188688005627569,-0.1966227906880362
0.4222529111430049,0.444881921634078,0.35401129350066185,0.3465168261900544,0.06383114970281015,-0.21848649747746038,0.7003842407847545,0.5499885683584306,-0.21848649747746038
0.39180099591612816,0.4430946232751012,0.3938108514994383,0.3319694548845291,0.06322502798759548,-0.06094594690719402,0.630299125420485,0.49713820531894237,-0.06094594690719402
0.4450366199016571,0.4340727087110281,0.350038074888289,0.3790384866297245,0.05660838006230637,-0.19201776886721875,0.641896717013229,0.48539574671004576,-0.19201776886721875
0.4199455641210079,0.42206291016191244,0.3279015412554145,0.3137091714888811,0.056099325258118976,-0.643995749042782,0.8831806565454602,0.6281915850256496,-0.643995749042782
0.43563477881252766,0.4384800335392356,0.3675327030941844,0.38941353652626276,0.05600345416513122,-0.02321672456043018,0.5463795315054086,0.4620973387366635,-0.02321672456043018
0.41424199659377337,0.4075087597593665,0.39600550942122936,0.30070172622799873,0.05596944355158903,-0.4019082011605218,0.7863937168535329,0.6087104211204855,-0.4019082011605218
0.4371981592848897,0.3765463139861822,0.3801694829016924,0.3235862134024501,0.055922163211295894,-0.4863595752561834,0.8602030715835853,0.7141198323529369,-0.4863595752561834
0.45564954821020365,0.4140464812517166,0.3241188693791628,0.3621561601758003,0.053625100789740185,-0.5360142837030741,0.8308658294258237,0.5824853484855413,-0.5360142837030741
0.450528078712523,0.391418881714344,0.3942262679338455,0.39517556224018335,0.05270920036244899,-0.1745931922142363,0.6666107983544323,0.5390258431106559,-0.1745931922142363
0.4432888878509402,0.3686306644231081,0.4175550062209368,0.35663122963160276,0.05215528342336524,-0.47934709373104917,0.8344018427502304,0.7396116071341342,-0.47934709373104917
0.4312511645257473,0.3915324341505766,0.34282008092850447,0.3062055455520749,0.052112506923854565,-0.718062944464408,0.9374311921584036,0.6869019003459544,-0.718062944464408
0.41103601921349764,0.402941950596869,0.43165980838239193,0.32979857083410025,0.05205588153246536,-0.13969870193216075,0.6416670624010965,0.5644461452626696,-0.13969870193216075
0.4335901802405715,0.4290310414507985,0.3031378937885165,0.3574703922495246,0.05025083834916042,-0.7006866514964475,0.8291335485235324,0.6097023690226456,-0.7006866514964475
0.4083557780832052,0.36301168240606785,0.39159038197249174,0.31662676203995943,0.049838151325626495,-0.6212504923478778,0.903678029616153,0.7689284442616398,-0.6212504923478778
0.4447514731436968,0.40683517791330814,0.2991084661334753,0.3417105274274945,0.04942749741070823,-0.9030061201713913,0.9542820178630755,0.7059901298577195,-0.9030061201713913
0.3749038362875581,0.4348765490576625,0.3453331235796213,0.33523460384458303,0.04871798482823889,-0.2627540168022429,0.6544256633961859,0.47579136074880807,-0.2627540168022429
0.43114656023681164,0.3580965744331479,0.4215819975361228,0.34261068794876337,0.04857836245233272,-0.6763628663613364,0.9233439147583792,0.8148133050489971,-0.6763628663613364
0.40689635183662176,0.4163604099303484,0.2589412769302726,0.36413645278662443,0.04782211641855149,-1.3650214129755078,0.9264122403944086,0.8840258499634961,-1.3650214129755078
0.4711474096402526,0.39493722654879093,0.36783346254378557,0.3217974603176117,0.046703614431908125,-0.7461500227849769,0.9380530124766961,0.651961347260603,-0.7461500227849769
0.4229718130081892,0.4023379562422633,0.4410769212990999,0.37356177903711796,0.04642110786156922,-0.0379908264929316,0.5547037665436347,0.48727170683038923,-0.0379908264929316
0.38056168891489506,0.40494311042129993,0.3161918856203556,0.3442848455160856,0.046395165991505734,-0.46634228705544184,0.6603196638586352,0.6272777593466883,-0.46634228705544184
0.38995890598744154,0.42384712025523186,0.42776350397616625,0.3593997014686465,0.046286013063030366,0.2218526199789186,0.4001976410997708,0.42175730191822497,0.2218526199789186
0.3909028032794595,0.40019135922193527,0.30705025792121887,0.3278674064204097,0.0457128191383863,-0.748496223339273,0.8051421317539524,0.7005061333310764,-0.748496223339273
0.42728821001946926,0.4236912913620472,0.2858365513384342,0.3770583486184478,0.04552807859070196,-0.8783181441718029,0.8332068303880016,0.6656914367138953,-0.8783181441718029
0.4215529505163431,0.4158943761140108,0.20921790692955256,0.34738971572369337,0.04534857417340979,-2.602223502762331,1.2295481891017683,1.2676050342366372,-2.602223502762331
0.4589892039075494,0.3885253584012389,0.4189383424818516,0.388933171518147,0.0452345034150356,-0.37683993123684034,0.7491492097138895,0.5597163807322751,-0.37683993123684034
0.4488282147794962,0.3749603284522891,0.4309391351416707,0.3761276928707957,0.0445894192302609,-0.4900450676475495,0.8005729434020575,0.6620529853390092,-0.4900450676475495
0.4013896118849516,0.4186673788353801,0.08430238720029593,0.37274526711553335,0.04421316006340799,-5.731145310750794,1.7393000406695176,2.3325601378572665,-5.731145310750794
0.38963611889630556,0.417806857265532,0.046874779276549816,0.33056882955133915,0.044119717972653835,-6.760341631208579,2.057548315584295,2.6372591809212396,-6.760341631208579
0.37531899474561214,0.42357897385954857,0.10265153925865889,0.3509386656805873,0.043441078865590316,-5.351093889096342,1.6791303019272763,2.189624547320869,-5.351093889096342
0.36428211629390717,0.3925698669627309,0.39489527326077223,0.3201215285807848,0.043304906331026516,-0.25678229406400677,0.6683422290782315,0.5573250617289565,-0.25678229406400677
0.436856328509748,0.37478789407759905,0.3651892673224211,0.2929784571751952,0.04323766137443572,-0.9766021202273165,1.0322730119328731,0.7457109681950549,-0.9766021202273165
0.40555642917752266,0.4008239284157753,0.2240666877478361,0.33681666385382414,0.04311666855382164,-2.301667037247129,1.177186474096543,1.1683176402417068,-2.301667037247129
0.37333460059016943,0.41064909659326077,0.24258163943886757,0.36499557457864285,0.04310549888972311,-1.79948299180272,0.9237026021380964,1.01899734600197,-1.79948299180272
0.40724482480436563,0.42533527966588736,0.14147837553173304,0.3343771193176508,0.043037500773515515,-4.38300791079016,1.504044564000266,1.8493308529192851,-4.38300791079016
0.3606321904808283,0.4133125450462103,0.288564870133996,0.3462959658354521,0.04294314661278064,-1.0222424079581902,0.7087904475908471,0.7349133603492012,-1.0222424079581902
0.38700485695153475,0.4470659587532282,0.3655170751735568,0.30842793174088,0.042073686622628725,-0.5473060619209388,0.8051883802552117,0.5359476058823306,-0.5473060619209388
0.41786330938339233,0.4054203862324357,0.09875430911779404,0.319262414239347,0.04179048698615689,-5.49963387973241,1.8251022624593054,2.1888489500311006,-5.49963387973241
0.4501378443092108,0.4533908227458596,0.3580373087897897,0.3292871145531535,0.04167545521431507,-0.7031600613833255,0.8481217258023639,0.6911470166070185,-0.7031600613833255
0.47713045589625835,0.4304504133760929,0.388096708804369,0.3369714515283704,0.04164053703343293,-0.6281478600793682,0.8245141406137008,0.556838790470558,-0.6281478600793682
0.42674988694489,0.42667288798838854,0.2279781298711896,0.36849488969892263,0.04136051392238291,-2.1350801307762866,1.1059201601486135,1.0630476949307344,-2.1350801307762866
0.38544861879199743,0.40339370258152485,0.15318704582750797,0.36702815257012844,0.041353498292509006,-3.954683658566745,1.4329330471354438,1.7303695078688355,-3.954683658566745
0.40899503603577614,0.3885666588321328,0.3440021788701415,0.28455129358917475,0.04131052462504759,-0.9935394082775248,1.0027955446356258,0.7070074989769014,-0.9935394082775248
0.39405636116862297,0.41371440701186657,0.19820708595216274,0.30735742300748825,0.04130353818357772,-3.1548190200134343,1.367260270575074,1.4230263433901453,-3.1548190200134343
0.3959426125511527,0.4162327740341425,0.06692809611558914,0.39224168565124273,0.04109321605974374,-6.188924655351526,1.8693556302549623,2.4649890922501982,-6.188924655351526
0.3577275350689888,0.38765093870460987,0.4170581763610244,0.34094775281846523,0.04094702774837941,-0.16119235538716165,0.6198775481601329,0.5312047687842252,-0.16119235538716165
0.4051801133900881,0.3785434337332845,0.37161992490291595,0.3695094082504511,0.040923097113966085,0.010607439350617866,0.514209018765921,0.6266636000120536,0.010607439350617866
0.3551722951233387,0.41004791483283043,0.1267547309398651,0.3388106180354953,0.04070535889970257,-4.844530941944063,1.6141898284635736,1.9690455871650467,-4.844530941944063
0.40807929169386625,0.4213256789371371,0.19228616170585155,0.390308435074985,0.0406919183963714,-2.9343969605896274,1.227710818646241,1.3710170800402408,-2.9343969605896274
0.3888226365670562,0.42889939714223146,0.12087604030966759,0.3860295666381717,0.04057507983033636,-4.832887162781542,1.5391035345832096,2.0048193772814544,-4.832887162781542
0.38439856469631195,0.34094810392707586,0.40331918001174927,0.3491554344072938,0.040559456874203995,-0.826739722541281,0.9595096695960547,0.924389134651406,-0.826739722541281
0.44887262023985386,0.4036114178597927,0.2791063468903303,0.3122131433337927,0.04043741611130586,-1.5564410276686473,1.1668565114784426,0.8410602101336386,-1.5564410276686473
0.4028377318754792,0.41027419082820415,0.2714083567261696,0.2948070913553238,0.0403915622439773,-1.7373612757698373,1.1369822737935855,0.9337784928325076,-1.7373612757698373
0.4319561431184411,0.4204201176762581,0.1714537786319852,0.32474680058658123,0.04020515183120026,-3.709182099035855,1.4610434874978422,1.5756354171911267,-3.709182099035855
0.47336893156170845,0.3704220289364457,0.3303881138563156,0.3398828376084566,0.040192133182687814,-1.1078054875423478,1.0910550584386844,0.7884226476121566,-1.1078054875423478
0.46570517867803574,0.40766915027052164,0.3371515395119786,0.40508344769477844,0.040145769583806674,-0.5656572171825277,0.789020720799673,0.5073232914450174,-0.5656572171825277
0.40103254467248917,0.4271481242030859,0.45280096773058176,0.3429802116006613,0.04009676293040874,-0.1515876228436625,0.6001890879720819,0.46676417177018753,-0.1515876228436625
0.3961590947583318,0.4285736735910177,0.016303307376801968,0.3207253646105528,0.039874798394032226,-7.57880960328595,2.2649967421963924,2.8364318667100092,-7.57880960328595
0.46138522028923035,0.3860716801136732,0.4356908453628421,0.3460211427882314,0.039852465921248977,-0.6359251903406529,0.8644564478490673,0.6182666427225622,-0.6359251903406529
0.46751395147293806,0.3480982007458806,0.3953768517822027,0.3670507213100791,0.03978737865709805,-1.0663548391621351,1.071608298398063,0.9279759411163946,-1.0663548391621351
0.4117210581898689,0.43840616568922997,0.2687273547053337,0.326068926602602,0.03933553431318302,-1.5487626822433236,1.0371022773465786,0.8086150588372357,-1.5487626822433236
0.44573239143937826,0.4093139711767435,0.23176436871290207,0.32294970471411943,0.03918967929744293,-2.351438321494878,1.2959974687704792,1.0969649722197459,-2.351438321494878
0.42076667957007885,0.4187838239595294,0.27733026444911957,0.3993799267336726,0.03898799509933426,-1.0217585417840354,0.843167496915008,0.6880976631444808,-1.0217585417840354
0.3851403035223484,0.4616206157952547,0.41801845468580723,0.32130177691578865,0.03886741834974567,-0.5158029400865075,0.7619731947968055,0.7042103450286257,-0.5158029400865075
0.34833033476024866,0.40659255906939507,0.3425946366041899,0.32584817986935377,0.0388510234520479,-0.538067441740776,0.6428153065344805,0.5665113899865275,-0.538067441740776
0.38653418608009815,0.43885192926973104,0.05269366875290871,0.3550016628578305,0.03878530845733168,-6.686306311180021,1.9228028894388118,2.533743491631947,-6.686306311180021
0.3630713699385524,0.37387205474078655,0.43618577532470226,0.3303319364786148,0.038745305296925145,-0.529726116208301,0.8148380111851501,0.6155618286506033,-0.529726116208301
0.42227702774107456,0.4050746951252222,0.014072003774344921,0.3806603942066431,0.038497473168442126,-7.503823295795531,2.234882255291258,2.8275946731066965,-7.503823295795531
0.34288111329078674,0.4127980889752507,0.001608302816748619,0.3173671653494239,0.03845556922238338,-8.000240074798185,2.485402275255425,2.8802909996939237,-8.000240074798185
0.40668558795005083,0.42846123687922955,0.3409384787082672,0.4191125724464655,0.03798912666340452,-0.12941569395173064,0.5135739283018773,0.34966669568192915,-0.12941569395173064
0.41659845132380724,0.4407648853957653,0.19943090341985226,0.3386194370687008,0.0378682733378574,-3.0312857809159266,1.2653746574907765,1.2814130078044623,-3.0312857809159266
0.4356593145057559,0.39869758766144514,0.02802833542227745,0.35338193364441395,0.03763975760721813,-7.189685360892793,2.185799234242221,2.6877719726266545,-7.189685360892793
0.34979961067438126,0.3688773401081562,0.4443811122328043,0.3725081207230687,0.037598758661563675,-0.5409744937957094,0.7975974472966125,0.5961274075163643,-0.5409744937957094
0.41326119750738144,0.40913267340511084,0.07284797728061676,0.28583207353949547,0.03740902355280753,-6.350273021401729,2.100069903060931,2.395734369449703,-6.350273021401729
0.34628887474536896,0.422979224473238,0.379479362629354,0.31200016010552645,0.037213571677465924,-0.46019684766785146,0.6924035974213077,0.5066131639164229,-0.46019684766785146
0.328242396004498,0.41118955332785845,0.46752651780843735,0.3316723620519042,0.037160039151454376,-0.7979543485616489,0.8540863446054827,0.5582586754218021,-0.7979543485616489
0.3660166086629033,0.42145791184157133,0.09839921165257692,0.29960034135729074,0.037007899595280745,-5.754558152965041,1.8795763898256572,2.2114341760962533,-5.754558152965041
0.41848513949662447,0.35334190633147955,0.45910496544092894,0.36122554168105125,0.03689246684862077,-0.9711926886798717,0.989292706799604,0.8019520356925098,-0.9711926886798717
0.30551808793097734,0.4184248195961118,0.057415022514760494,0.3573707202449441,0.03686635399963175,-6.876866504116979,2.1095338769618817,2.414537929671877,-6.876866504116979
0.32313966285437346,0.40804340597242117,0.11722265370190144,0.3552690763026476,0.03685748747970788,-5.269402491700373,1.6890180975155096,1.9781986564267013,-5.269402491700373
0.40429718792438507,0.3730387296527624,0.38692816719412804,0.2785340677946806,0.03670842421653244,-1.0604763513018005,1.0301520487591516,0.7184049725277751,-1.0604763513018005
0.34874372836202383,0.43118562642484903,0.19449405372142792,0.3585738856345415,0.0363785142421366,-3.1851918901773275,1.1856682740609685,1.3790674476810358,-3.1851918901773275
0.4327557133510709,0.41769029293209314,0.34601156786084175,0.4294710289686918,0.03629006617093848,-0.30218147754141306,0.6005950944245262,0.37357481551413724,-0.30218147754141306
0.40221644565463066,0.42219467367976904,0.002358458936214447,0.410625820979476,0.03617931347151447,-7.869814550689768,2.3181618993322384,2.945192017273572,-7.869814550689768
0.2940697427839041,0.4170728614553809,0.06582517456263304,0.3151964358985424,0.03610019191647728,-6.937699031054486,2.1492426972817817,2.312382658986745,-6.937699031054486
0.30454742163419724,0.42168371845036745,0.47443339321762323,0.36978378240019083,0.03596355691437621,-0.9485844841482576,0.8801913612492591,0.5356918977993109,-0.9485844841482576
0.30339672788977623,0.41696272417902946,0.03912569582462311,0.3768528336659074,0.03578754798245987,-7.3000477039827425,2.2361616170851364,2.538600108996762,-7.3000477039827425
0.31695946492254734,0.41342893056571484,0.1043191971257329,0.382677236571908,0.0356605925910876,-5.608973175461029,1.7787175649577642,2.073482281914351,-5.608973175461029
0.43216690700501204,0.42421895638108253,0.2457600925117731,0.3957580914720893,0.035629440043112554,-1.7431358472751335,1.0247876709543817,0.8880687206620511,-1.7431358472751335
0.43981822300702333,0.44744323566555977,0.2893213042989373,0.34855821169912815,0.03560720159244331,-1.2079566571601545,0.9445828368226492,0.6885846182461163,-1.2079566571601545
0.43999683670699596,0.39019252732396126,0.024001345969736576,0.33810851722955704,0.03545216291936847,-7.3241094506639035,2.286779599470173,2.6783769856952357,-7.3241094506639035
0.45073121320456266,0.3869207538664341,0.44485881831496954,0.325573205947876,0.035338669168780965,-0.7533532171198922,0.8920941422651493,0.620352761169055,-0.7533532171198922
0.35105855390429497,0.4045055005699396,0.17021391540765762,0.30534642189741135,0.03533480625186507,-4.038956891601116,1.4860628036989343,1.610785658036789,-4.038956891601116
0.4283260637894273,0.3938892763108015,0.12508733291178942,0.2957458021119237,0.035179521454106875,-5.0348731264038555,1.8576287741565045,1.9307372442558974,-5.0348731264038555
0.28472811449319124,0.42333229817450047,0.005390669219195843,0.36632560659199953,0.03508115009681209,-8.243330472968806,2.5158322255807675,2.7158976737414804,-8.243330472968806
0.38265611324459314,0.43075324688106775,0.29163437709212303,0.30376221612095833,0.03495951668924658,-1.3576704661254413,0.9811935632327305,0.7481623349082677,-1.3576704661254413
0.3468786980956793,0.41497805807739496,0.02874158415943384,0.27927451208233833,0.03484611695124437,-7.583020013887148,2.423808629218405,2.675253372905744,-7.583020013887148
0.35202444437891245,0.40385779179632664,0.3606808241456747,0.29683955013751984,0.034843410982256746,-0.7702248815493022,0.799030810697081,0.6059506623430196,-0.7702248815493022
0.4236021898686886,0.38193732406944036,0.39801299292594194,0.41337987314909697,0.034804210219005434,-0.1483141984343236,0.5357591761372187,0.5271490973107654,-0.1483141984343236
0.4813048429787159,0.388676836155355,0.3108362080529332,0.3714354569092393,0.034798459503798916,-1.1192976678979012,1.0489690206950961,0.6820654239692332,-1.1192976678979012
0.29350745677948,0.42457700707018375,0.4635009663179517,0.34400942642241716,0.0347375828017856,-1.1408421818204513,0.9356414321384596,0.5820718433701005,-1.1408421818204513
0.3182674031704664,0.408616847358644,0.41316189989447594,0.37164936400949955,0.034720826803608815,-0.2703137889363633,0.5746122966247974,0.4585613529993428,-0.2703137889363633
0.442046164534986,0.4052356891334057,0.1902649849653244,0.2899733167141676,0.03470385557837212,-3.588843838062219,1.599261503296928,1.4395827915002033,-3.588843838062219
0.4197288164868951,0.38903138134628534,0.18686207477003336,0.30100781563669443,0.03469657806183388,-3.5144367237915684,1.5579102239640086,1.4439488081473377,-3.5144367237915684
0.3742582006379962,0.40791582968086004,0.30239148903638124,0.3892070408910513,0.0346953734596769,-0.5561224610668457,0.5977112661268471,0.5869921424407539,-0.5561224610668457
0.41833785828202963,0.3980075605213642,0.2877219682559371,0.27220820635557175,0.034678044082556155,-1.862517619860879,1.2480271988143405,0.8932374215941262,-1.862517619860879
0.4411801937967539,0.35157362557947636,0.3611625162884593,0.28115609008818865,0.03466207266371026,-1.5888011596866267,1.2555495688979224,0.8566586977136348,-1.5888011596866267
0.40913111343979836,0.3587560262531042,0.4421541281044483,0.4042443223297596,0.034630912981967514,-0.6851386719278039,0.7780112699195029,0.7168277181335865,-0.6851386719278039
0.4148276140913367,0.3428527005016804,0.3488673735409975,0.33271603286266327,0.034627350511966803,-1.0454405434800367,1.038148841530111,0.9228948078592306,-1.0454405434800367
0.35363744385540485,0.43183488491922617,0.27363464049994946,0.36764503456652164,0.03462489834745841,-1.3117885413342802,0.7461122642575223,0.7510513380602718,-1.3117885413342802
0.41719601582735777,0.46340435091406107,0.3338005319237709,0.3674081386998296,0.03451419666924852,-0.5652381747041264,0.6830704812713613,0.7631726607425959,-0.5652381747041264
0.3031878750771284,0.42784377932548523,0.12125226762145758,0.33611396700143814,0.03450241952050939,-5.494739762229089,1.7208270610738068,1.9275480917967087,-5.494739762229089
0.3707619486376643,0.38631805032491684,0.45580244343727827,0.3613935364410281,0.03440839628978069,-0.29733657900666427,0.6622099576024475,0.5215388818967754,-0.29733657900666427
0.4730121996253729,0.3799546826630831,0.4091121219098568,0.30793230794370174,0.03436500586303834,-1.0748187594060372,1.0070365552423064,0.6986779483863407,-1.0748187594060372
0.37715686578303576,0.3964868625625968,0.0004596961662173271,0.297718801535666,0.03435638237643217,-7.966284329290172,2.5472993583971206,2.8687017933543,-7.966284329290172
0.3805981306359172,0.4452426265925169,0.03826435934752226,0.38239545840770006,0.034321921375661035,-7.095686882622894,2.019227923481067,2.605530066469627,-7.095686882622894
0.42255454510450363,0.37713262997567654,0.0882033221423626,0.3398442519828677,0.034287298116208315,-5.742439424308574,1.9500753308072627,2.1564007947405917,-5.742439424308574
0.4506069356575608,0.3617316922172904,0.3039173362776637,0.29124337807297707,0.03411481569874288,-1.8132525958684622,1.3222536577492137,0.8652654119624462,-1.8132525958684622
0.3255672715604305,0.41552709974348545,0.3083132626488805,0.30820724833756685,0.03410221833261045,-1.475834356027586,0.7869251627027444,0.7096083491261992,-1.475834356027586
0.36915831733494997,0.39285088796168566,0.0735080810263753,0.32870481349527836,0.0340955776906645,-6.149613575357789,1.9899150126835772,2.336123052598872,-6.149613575357789
0.29724064376205206,0.41346772760152817,0.1625311654061079,0.2919678669422865,0.03405721657233886,-4.89469616103103,1.6048454574623003,1.6278212067762294,-4.89469616103103
0.35703827906399965,0.42441991344094276,0.08940461371093988,0.2892111362889409,0.03405228280348535,-6.107699213313458,1.9824212087663924,2.2606622399431537,-6.107699213313458
0.44934794027358294,0.3963833013549447,0.092228920198977,0.35927502904087305,0.03402501994117849,-5.6389904189649585,1.8257284116615826,2.1457746590252413,-5.6389904189649585
0.41141900699585676,0.380179014056921,0.035146065056324005,0.3624894078820944,0.03386782235025837,-6.992236151945141,2.1980826119345234,2.58180842684638,-6.992236151945141
0.3148326510563493,0.4167699012905359,0.2233148543164134,0.2937035681679845,0.033823871965951095,-3.356408374135616,1.2213782545439067,1.222344187837714,-3.356408374135616
0.4440966881811619,0.4309390177950263,0.16766808182001114,0.37444886937737465,0.0338023761812044,-3.7296474984061514,1.3520765337565865,1.514300746032234,-3.7296474984061514
0.23289522156119347,0.4155910722911358,0.00669572688639164,0.3117046542465687,0.033796288363745625,-8.83968694609061,2.70652865326753,2.51219975975857,-8.83968694609061
0.40450566355139017,0.4433624418452382,0.0745619535446167,0.3170996233820915,0.033792464043304014,-6.314517767079249,1.854821353330965,2.3104876587873386,-6.314517767079249
0.4804703798145056,0.39345413725823164,0.3539534229785204,0.41169125586748123,0.03359572939630431,-0.7685345851988101,0.8831054748892645,0.5585087881312076,-0.7685345851988101
0.4259287714958191,0.414113343693316,0.18485268391668797,0.4068500753492117,0.03354548482941501,-3.1914041492036227,1.3238329463410765,1.3901729298041106,-3.1914041492036227
0.3297858266159892,0.4344469681382179,0.06960711441934109,0.3605010565370321,0.033489323983009994,-6.458824452166181,1.9589914997623927,2.3628705238687053,-6.458824452166181
0.4369339933618903,0.40375404991209507,0.45453731436282396,0.39313447661697865,0.03348567235297942,-0.3319232192376063,0.6261512553117377,0.44591908060411695,-0.3319232192376063
0.3596170973032713,0.40826027002185583,0.22923570405691862,0.400231434032321,0.033464964494704305,-2.1860758336735313,1.001014314074808,1.0695400539657325,-2.1860758336735313
0.436897000297904,0.44161017797887325,0.17734982259571552,0.36480426881462336,0.03342825405089138,-3.548873888325323,1.3006182504756074,1.4113428526581384,-3.548873888325323
0.4252679692581296,0.4338395893573761,0.4167951140552759,0.2900686115026474,0.03341694444977806,-0.7584189337750735,0.8562973669095348,0.5397139939706854,-0.7584189337750735
0.4932938953861594,0.3841701643541455,0.32021886948496103,0.33145854249596596,0.033413362080591515,-1.4142237815453813,1.1720263450901838,0.7403332937065835,-1.4142237815453813
0.4605963360518217,0.4504857789725065,0.33001500833779573,0.32408232148736715,0.03341279520801227,-1.0799870113860266,0.9600941352820023,0.6796209138558994,-1.0799870113860266
0.3166895732283592,0.43333818204700947,0.06144610233604908,0.3418864859268069,0.0332565766524192,-6.795172380135809,2.065938102653448,2.3940049308769544,-6.795172380135809
0.3063330287113786,0.41529112681746483,0.4912502747029066,0.3972157696262002,0.03323051082213052,-1.1762274006285942,0.9369676526319346,0.5478134060406025,-1.1762274006285942
0.2548281354829669,0.4083977723494172,0.037113018333911896,0.3017094377428293,0.033219789985740614,-8.01972680553576,2.470792504889908,2.3708731909481857,-8.01972680553576
0.4712673919275403,0.35372665617614985,0.38289783988147974,0.29576829448342323,0.033158147241773434,-1.5716773116878002,1.224197632157772,0.8609457766997223,-1.5716773116878002
0.27495928294956684,0.42017446272075176,0.19046702701598406,0.3406069949269295,0.03312554656841973,-4.24234267149389,1.286928701335602,1.3900219094034751,-4.24234267149389
0.3548928704112768,0.4365518242120743,0.20893435087054968,0.37815422751009464,0.03307096620372212,-2.7707098944565915,1.1049759416794098,1.22524989941413,-2.7707098944565915
0.2666342109441757,0.4114443836733699,0.09343088790774345,0.2771114772185683,0.03305663181026955,-6.886550427049708,2.1570570067057813,2.0459975275262243,-6.886550427049708
0.3796656262129545,0.4019659413024783,0.13869669009000063,0.4021037947386503,0.033009949665560666,-4.3714942224989555,1.5354586427158892,1.8122935517285006,-4.3714942224989555
0.2580262301489711,0.4061515321955085,0.009306013584136963,0.33465101663023233,0.032980942633888205,-8.426056088721158,2.584738657283313,2.5547786833416524,-8.426056088721158
0.38132726307958364,0.4070056118071079,0.175149442628026,0.2710405932739377,0.03290803458401106,-4.131333977739705,1.6517436455911447,1.6174601607569026,-4.131333977739705
0.32380667235702276,0.41102500073611736,0.427522542886436,0.3911381382495165,0.03290676037620009,-0.23041884681658903,0.5585481978892107,0.409284669111773,-0.23041884681658903
0.35936556570231915,0.3956496035680175,0.049717419780790806,0.3746631657704711,0.03289661545417047,-6.682665376963563,2.079152708015795,2.5134379931409665,-6.682665376963563
0.2725895503535867,0.4259379906579852,0.13078029174357653,0.3526182333007455,0.03278256854783978,-5.5763256585190994,1.705463452040821,1.8018163338333166,-5.5763256585190994
0.30916768964380026,0.4010667335242033,0.1346812453120947,0.3209383459761739,0.03272709797228412,-5.150709334372538,1.6710131151883032,1.7993018720616087,-5.150709334372538
0.4222021047025919,0.371529352851212,0.16692712903022766,0.3079548766836524,0.03261347027926276,-4.022502565905862,1.7004945479430933,1.533389718482152,-4.022502565905862
0.2425939291715622,0.41072685923427343,0.0007301298901438713,0.22649081982672215,0.03259882575453642,-9.33489373019852,2.995192181730602,2.5174769098062524,-9.33489373019852
0.45391798205673695,0.3466647006571293,0.38088313583284616,0.40214166697114706,0.03257734587624821,-0.992088032435346,0.9731651042851243,0.9082421212826569,-0.992088032435346
0.4397803507745266,0.393960140645504,0.0748704057186842,0.3788563245907426,0.03253865262288567,-6.043780572404977,1.9010703761830419,2.2847932259223085,-6.043780572404977
0.4321423266083002,0.47962454706430435,0.4055233495309949,0.36169057711958885,0.032535901965554774,-0.6555886896736663,0.7252010682516143,1.1144500452873387,-0.6555886896736663
0.4274590965360403,0.33144365530461073,0.37519932445138693,0.30911550112068653,0.032533031371119236,-1.5111012750852615,1.2469241348122402,1.0184326947628468,-1.5111012750852615
0.3997920649126172,0.38577719032764435,0.061731829307973385,0.29120509047061205,0.03251335733348321,-6.574771384853025,2.215631204243504,2.400042678232111,-6.574771384853025
0.4340650737285614,0.4374776929616928,0.11507618799805641,0.31090428680181503,0.032474743565544736,-5.3372013876451145,1.688911774328263,1.979607921833328,-5.3372013876451145
0.45405286736786366,0.37526613753288984,0.2836920712143183,0.2864697743207216,0.03242335364496661,-2.0234633356654768,1.360377751415617,0.8951642537527705,-2.0234633356654768
0.46639716252684593,0.4104064702987671,0.14550423249602318,0.3491329848766327,0.032378969916768356,-4.408462031590483,1.5923885825700241,1.6999114172402074,-4.408462031590483
0.3435343820601702,0.43194726202636957,0.08360492531210184,0.40350369922816753,0.032326910118755194,-6.009093410627868,1.8648052275471612,2.277648581835044,-6.009093410627868
0.4246400026604533,0.41168605256825686,0.05000312998890877,0.2612357744947076,0.03232432596990471,-7.099304421544826,2.359275233156303,2.538563738449848,-7.099304421544826
0.3982402887195349,0.39197560120373964,0.11897346284240484,0.28117941692471504,0.032159508821097964,-5.294873412053148,1.930590784902504,1.9903869124323088,-5.294873412053148
0.2684601014479995,0.42110500670969486,0.031634033657610416,0.23065908625721931,0.032153252719593635,-8.529005512279893,2.7304766754341876,2.4290844460393712,-8.529005512279893
0.331869475543499,0.40173965226858854,0.04505508951842785,0.2877443693578243,0.032074802479920256,-7.226082971933747,2.325509272025028,2.495699370802957,-7.226082971933747
0.2594653954729438,0.4240710334852338,0.030435760505497456,0.24107928574085236,0.032067339414106895,-8.565675223732498,2.707024543972444,2.4174095170425742,-8.565675223732498
0.2394196130335331,0.42636584024876356,0.05623292736709118,0.2868770509958267,0.03201432367467918,-7.960669777132404,2.42069142665752,2.231104282338924,-7.960669777132404
0.2952899010851979,0.41235796455293894,0.5320455310866237,0.3690687734633684,0.03196416140994597,-2.062541616914052,1.2645736510917067,0.7379277474802006,-2.062541616914052
0.27474088966846466,0.42446467466652393,0.14764721877872944,0.37989764753729105,0.031921734774191114,-5.090898298524767,1.5855461602575087,1.6743108804279303,-5.090898298524767
0.45144334994256496,0.4241772908717394,0.053790085949003696,0.30507109593600035,0.03191157255200939,-6.845347363511625,2.0798558626255548,2.481201590980687,-6.845347363511625
0.40452875196933746,0.4055330017581582,0.2897375216707587,0.40983336698263884,0.03188412246574169,-0.8051256926501432,0.7513809045061848,0.6196547847626768,-0.8051256926501432
0.3249975387006998,0.4225410660728812,0.1585013149306178,0.2745226211845875,0.031853940670545595,-4.882577608736094,1.6917573928502572,1.7008410990955856,-4.882577608736094
0.4165753461420536,0.4004634618759155,0.414911606349051,0.4351867130026221,0.03184762502440363,-0.20753848838693564,0.43500484696285274,0.35112471699178577,-0.20753848838693564
0.24562526401132345,0.4208454992622137,0.12447957508265972,0.2657463038340211,0.03181317604122813,-6.664510548496777,2.052352464756717,1.8290422826716952,-6.664510548496777
0.2621756875887513,0.41516347602009773,0.18227156344801188,0.3632520632818341,0.03179904724728971,-4.525170912337918,1.3513132975010933,1.4206804024308286,-4.525170912337918
0.20539862848818302,0.41389554738998413,0.025454682298004627,0.34978592302650213,0.03177767585368471,-8.68750248407376,2.6145525865972585,2.33461741641641,-8.68750248407376
0.3699553292244673,0.4608447374776006,0.3706880332902074,0.35767581313848495,0.031776272311186834,-0.22696298673726012,0.5793008055231931,0.660127764981009,-0.22696298673726012
0.32682347390800714,0.3975241743028164,0.19840941857546568,0.3267715107649565,0.031767933209859045,-3.449780868114569,1.2318976660368193,1.32975310755101,-3.449780868114569
0.3689573183655739,0.41812510322779417,0.43344160448759794,0.2866835603490472,0.031723048599872114,-0.7891735797358881,0.8317925298986535,0.5853715441669185,-0.7891735797358881
0.19166032038629055,0.4168133167549968,0.0277884341776371,0.18645076546818018,0.03168837332592293,-9.792637371443723,3.1039382373824753,2.270116180382666,-9.792637371443723
0.4493853934109211,0.44983398634940386,0.3072215598076582,0.3837712276726961,0.03165273178832095,-0.9150700769342681,0.7763929707038928,0.6324277542424762,-0.9150700769342681
0.4627417381852865,0.39309374522417784,0.038932536728680134,0.313314538449049,0.03165182806539451,-7.136625310147033,2.2899041092311583,2.529701405642324,-7.136625310147033
0.39087917655706406,0.43804557994008064,0.09229436423629522,0.41468383371829987,0.031638926394284096,-5.706729387794315,1.7261730609085861,2.1893510754737435,-5.706729387794315
0.4101609652861953,0.3464429099112749,0.3229753617197275,0.30364255886524916,0.03163608350798202,-1.5014415226798365,1.1954434813326353,0.8654105031167569,-1.5014415226798365
0.3371162721887231,0.42948987055569887,0.21473132725805044,0.3029030645266175,0.0316005508630252,-3.22704337470413,1.245213287598397,1.2576165758256956,-3.22704337470413
0.2949061132967472,0.4296333370730281,0.022822145372629166,0.4014022024348378,0.03156259215868691,-7.810199377969114,2.3895996998897506,2.630994893213557,-7.810199377969114
0.41910922806710005,0.3593864534050226,0.07803272176533937,0.33143521565943956,0.03145761950054859,-6.12837440132131,2.1273986803870404,2.118183453499088,-6.12837440132131
0.3424744065850973,0.43691252917051315,0.3987952545285225,0.3500871490687132,0.03136582013035072,-0.08137505860550216,0.5124817316712177,0.4079818273767211,-0.08137505860550216
0.36024556681513786,0.43643978517502546,0.18605755642056465,0.31261330749839544,0.031355072973992676,-3.6489445810637853,1.368290788667149,1.4509793835688092,-3.6489445810637853
0.44242134038358927,0.38198637310415506,0.33903695456683636,0.26016272511333227,0.03130800987822288,-1.6946462061253436,1.2317825462212597,0.7933345348129082,-1.6946462061253436
0.422935358248651,0.4401654889807105,0.16333247441798449,0.39999536518007517,0.03125373768092233,-3.845470613115943,1.3413687806827588,1.5307982534095639,-3.845470613115943
0.373596859164536,0.43007604219019413,0.1683285040780902,0.4180090641602874,0.031242659462207514,-3.7143314977313424,1.380095580152032,1.5622178056719858,-3.7143314977313424
0.4058651616796851,0.4685734584927559,0.4586245398968458,0.3498042905703187,0.03123346428630581,-0.6900150787823044,0.7924976757304756,0.8428594592352294,-0.6900150787823044
0.2195560922846198,0.42576439026743174,0.06272011436522007,0.26069386024028063,0.03121208959642544,-8.272836555676989,2.513903871687692,2.146510295417081,-8.272836555676989
0.45692130643874407,0.40899015311151743,0.13099906127899885,0.38435453921556473,0.031197732010813054,-4.681446274543112,1.5927416964569698,1.813219767151854,-4.681446274543112
0.29046371206641197,0.40412746742367744,0.2346393633633852,0.3511514961719513,0.031176656837368904,-3.0012937520345697,0.8824751621947523,1.0637539566975238,-3.0012937520345697
0.34472457598894835,0.3970927959308028,0.4823751663789153,0.3525304486975074,0.031168414584662164,-0.7623857978353967,0.8493620978779471,0.5424675654632415,-0.7623857978353967
0.4295087130740285,0.3641204535961151,0.4778508832678199,0.3545284792780876,0.031156022393516208,-1.1098018038086206,1.0078467560555318,0.722520358263963,-1.1098018038086206
0.21369323879480362,0.4187303753569722,0.13155120238661766,0.28236888349056244,0.031152698522321495,-6.85982725321188,2.0233680396569227,1.7428968391907698,-6.85982725321188
0.32351961452513933,0.4297154564410448,0.4706474058330059,0.32158451061695814,0.031111428494900242,-1.009545600101207,0.9066583502614551,0.542881999432723,-1.009545600101207
0.4856108268722892,0.37126639764755964,0.29296087101101875,0.36252765264362097,0.03109516070660394,-1.6153265914725514,1.230807830576967,0.8057780370406357,-1.6153265914725514
0.2845020955428481,0.41953631304204464,0.07981963828206062,0.4207381047308445,0.031046309576495488,-6.595984709829188,2.0766402668235555,2.186811618209741,-6.595984709829188
0.17731293197721243,0.4190338924527168,0.03270842507481575,0.3272980013862252,0.03101711104489195,-8.99966536942945,2.6691249353043163,2.2283507964777036,-8.99966536942945
0.19747353252023458,0.4183304999023676,0.014339501969516277,0.08103873673826456,0.0309688134010097,-10.963801670218423,3.7151443174395458,2.3612374861338044,-10.963801670218423
0.47248702496290207,0.4580073235556483,0.3805849216878414,0.38682945258915424,0.030916115989702515,-0.6778543268629733,0.6675494498816864,0.7869190718033817,-0.6778543268629733
0.25695064291357994,0.41438503563404083,0.08767700660973787,0.19043601397424936,0.03080855552319843,-8.017028065158375,2.625359539032956,2.08471690031377,-8.017028065158375
0.3294987687841058,0.40647605434060097,0.01903549674898386,0.4149657404050231,0.03075974403067014,-7.636027314829081,2.3586752542786975,2.710804592756388,-7.636027314829081
0.3827356854453683,0.33953367732465267,0.3888097694143653,0.3843922922387719,0.030725377943395568,-0.7766097723920378,0.8567877156577274,0.9279693050321826,-0.7766097723920378
0.19231329299509525,0.4198097102344036,0.500042931176722,0.361518781632185,0.030714909333874562,-3.6088408429172656,1.4995853397406975,0.9401748183797097,-3.6088408429172656
0.46785873640328646,0.37269090861082077,0.012840159237384796,0.3333549480885267,0.030699489648536277,-7.754891791224901,2.5041448490312272,2.624076484156384,-7.754891791224901
0.45626994874328375,0.4357098387554288,0.20519069954752922,0.3284904295578599,0.030650796629743692,-3.1006390523735745,1.3605130396938674,1.2078953591899173,-3.1006390523735745
0.43985408172011375,0.3611588468775153,0.22673329431563616,0.3099431209266186,0.03059631365400615,-2.8393436690812037,1.527744743684149,1.1004336145256262,-2.8393436690812037
0.2720186924561858,0.41989284567534924,0.27741657476872206,0.3237995207309723,0.030590455160440125,-2.712997337245198,0.7863111436138255,0.892637932605303,-2.712997337245198
0.3639372792094946,0.3829827383160591,0.013333302922546864,0.34891955833882093,0.03058437954135006,-7.570041093866914,2.374487889599327,2.726814537447174,-7.570041093866914
0.16987230814993382,0.4127113837748766,0.05249631591141224,0.12104277964681387,0.030508396237464364,-10.313642443724648,3.351471409317103,2.15194679270371,-10.313642443724648
0.21848954446613789,0.4227717397734523,0.5617880867794156,0.3524070158600807,0.03050728528858265,-3.961806718176388,1.7584575778107712,0.9878107977263727,-3.961806718176388
0.2873889086768031,0.4163864506408572,0.15629114862531424,0.2365538328886032,0.030499689475238036,-5.7966375017460505,1.9422039847736667,1.6965992894009903,-5.7966375017460505
0.31187876500189304,0.41100407391786575,0.3686077445745468,0.31019427441060543,0.030497219635699138,-1.0061149863566954,0.75622096912682,0.5816382997523594,-1.0061149863566954
0.4098627055063844,0.45467067137360573,0.44669484440237284,0.31171748228371143,0.030496068963348822,-0.7586147800883788,0.8442015987541925,0.6205773843194559,-0.7586147800883788
0.17068473901599646,0.42199211474508047,0.02948164939880371,0.3337847786024213,0.03049179418957627,-9.139245195563092,2.7023668228638043,2.231631568111271,-9.139245195563092
0.3912937520071864,0.3511619148775935,0.44807590171694756,0.28993555065244436,0.03046232738276278,-1.5127203098840978,1.2035989158548495,0.7753572975248249,-1.5127203098840978
0.3518286431208253,0.3742263885214925,0.45880231726914644,0.3919902788475156,0.03045232366940454,-0.6112090240899746,0.774505730141467,0.5265997997387524,-0.6112090240899746
0.17821595072746277,0.4135158518329263,0.0924936169758439,0.18050307221710682,0.030426168120471064,-9.028653499899477,2.8011800744936615,1.958290802967926,-9.028653499899477
0.42988684214651585,0.3840201748535037,0.19429173786193132,0.2764097638428211,0.03041334372610801,-3.6637584038570004,1.6835694789154665,1.397057378274973,-3.6637584038570004
0.3924768781289458,0.375101906247437,0.15974119119346142,0.3566689807921648,0.03040577709006328,-3.9168585498228197,1.5197931002046463,1.5771388024759314,-3.9168585498228197
0.3699946915730834,0.3892952213063836,0.030749069526791573,0.38414015900343657,0.030405638974989265,-7.127615175792781,2.2081279539342673,2.6352770224116098,-7.127615175792781
0.1978525621816516,0.4174091862514615,0.5183746945112944,0.4044450558722019,0.030400380422960324,-3.660688754105663,1.5449278362033367,0.9120949616258157,-3.660688754105663
0.428209419362247,0.35648553539067507,0.11002323124557734,0.3218358838930726,0.03039883746090235,-5.436755894134916,2.0231418536092907,1.852813188262068,-5.436755894134916
0.35216719936579466,0.34748022351413965,0.3768667373806238,0.32097651436924934,0.03038904654348102,-1.0837337990555513,1.002805835442608,0.7847658127508527,-1.0837337990555513
0.39991968031972647,0.3645785404369235,0.2026735870167613,0.3255960727110505,0.030356252013159966,-3.122086480628083,1.4499642692322467,1.2400757874433486,-3.122086480628083
0.4383866833522916,0.4142481153830886,0.11129073146730661,0.2633985746651888,0.030345193113012314,-5.711861688709663,2.0370532152292222,2.0684070503964396,-5.711861688709663
0.4472995661199093,0.37950603011995554,0.12911364436149597,0.27851138170808554,0.03034198325091946,-5.190489160980093,2.0183384427674746,1.8385914312339218,-5.190489160980093
0.21496627759188414,0.40757734421640635,0.008588241413235664,0.3849845742806792,0.030325963382074793,-8.858288265096817,2.6983881342041878,2.447022255695922,-8.858288265096817
0.3925133924931288,0.46227431390434504,0.44480219576507807,0.3849038193002343,0.03031177274114533,-0.2738540835531594,0.5783819350608895,0.7107883686486499,-0.2738540835531594
0.23200867604464293,0.41012286115437746,0.11823955830186605,0.1961573427543044,0.03029394113399676,-7.7062163447481975,2.470758439586308,1.8776487456199613,-7.7062163447481975
0.4304957017302513,0.3665835112333298,0.05302195344120264,0.3714124709367752,0.030271906366232722,-6.661222372258614,2.1676561335766977,2.3427299570394355,-6.661222372258614
0.474837196059525,0.4088625619187951,0.44877511635422707,0.3562769703567028,0.030242954398967643,-0.7465411111984359,0.853414580951871,0.5125682071720666,-0.7465411111984359
0.4287505438551307,0.35180316492915154,0.4349694401025772,0.4245699131861329,0.030178538854214006,-1.0421879540235321,0.865601947331675,0.7744167499771262,-1.0421879540235321
0.3755221255123615,0.419289693236351,0.059709083288908005,0.43612480349838734,0.030164126925401824,-6.569497150348094,2.0437180253028835,2.4874552043661344,-6.569497150348094
0.3790142647922039,0.38229413982480764,0.21313329972326756,0.3144948473200202,0.030148130277919103,-2.873576996307392,1.3075443934877293,1.2246393605459667,-2.873576996307392
0.20481776911765337,0.4196308786049485,0.09945771098136902,0.14244363829493523,0.030120331425575974,-9.059397078287427,2.9063869424308773,1.9944776621142997,-9.059397078287427
0.15594117064028978,0.4202520912513137,0.058418238535523415,0.20204268768429756,0.030109054041641405,-9.655047897498473,2.92869220651881,2.0702687248950444,-9.655047897498473
0.30610700976103544,0.4273947924375534,0.40937547478824854,0.32759207487106323,0.030078161281130056,-0.7733618248729671,0.7482939147003885,0.5196167960543513,-0.7733618248729671
0.33554971404373646,0.41958262026309967,0.15332046803086996,0.25384874641895294,0.0300700613526836,-5.14197383850969,1.8279013840834568,1.7623629954382107,-5.14197383850969
0.18220319040119648,0.42058344930410385,0.49843048490583897,0.33641522470861673,0.030068215700735593,-3.964908663292929,1.55762584396155,0.986947242530017,-3.964908663292929
0.2920289998874068,0.4320587879046798,0.14953876473009586,0.29695522226393223,0.03003746965346786,-5.273061947161735,1.6801784017814898,1.6924784451511956,-5.273061947161735
0.3046988835558295,0.4224372887983918,0.10834544897079468,0.42600011825561523,0.03003282194850033,-5.729008516381174,1.8607665211312931,2.011843951486965,-5.729008516381174
0.17119869869202375,0.40408017951995134,0.008413215167820454,0.2399599812924862,0.03002317113646629,-9.875792027547652,3.066913684711768,2.2983965229538756,-9.875792027547652
0.38585919979959726,0.37964738067239523,0.2550249584019184,0.33331634756177664,0.030005103116658063,-1.805654206013867,1.0419162180052681,0.9286512715251037,-1.805654206013867
0.45921933744102716,0.3587656170129776,0.25827113445848227,0.2976958155632019,0.029970043110505516,-2.5242564908864766,1.5174077144623928,0.9738453215659788,-2.5242564908864766
0.15969508420675993,0.4063190324231982,0.038185265846550465,0.14833643939346075,0.029918372231585735,-10.31585545990938,3.3174286883663338,2.166546678554481,-10.31585545990938
0.28333428781479597,0.4147317549213767,0.4028222905471921,0.3335908092558384,0.029907913155631793,-1.128784288537829,0.8049420185009357,0.6050989765182493,-1.128784288537829
0.2841534921899438,0.42606962006539106,0.44557354785501957,0.38703589607030153,0.029885432118800827,-0.9909392504026592,0.8131643017382124,0.5346165847859514,-0.9909392504026592
0.19997012987732887,0.40796863846480846,0.12579732108861208,0.24404901079833508,0.0298837827447047,-7.499385828624035,2.261282068023014,1.7670472371572081,-7.499385828624035
0.49992628023028374,0.3498778697103262,0.35656503215432167,0.31923924945294857,0.029869827551413746,-1.8369964291446874,1.3217876334765861,0.9099183389453186,-1.8369964291446874
0.44345868192613125,0.4117926834151149,0.24954298790544271,0.4127366738393903,0.029859970413021533,-1.7796498101067373,1.0771409231049833,0.8386404965352658,-1.7796498101067373
0.4058282282203436,0.38142964616417885,0.1731286058202386,0.3761501405388117,0.02985799842018461,-3.500383285036541,1.4226296693597564,1.4703010448300275,-3.500383285036541
0.24035097751766443,0.40830368362367153,0.017963286489248276,0.011696206405758858,0.029827422858192617,-11.312736734038669,4.0644640704460615,2.4609642887807106,-11.312736734038669
0.14243723079562187,0.41489161364734173,0.04007882345467806,0.03413161262869835,0.029805956008050038,-11.634950808871775,3.96178332713951,2.220212889504071,-11.634950808871775
0.3842481840401888,0.4096536822617054,0.3557157330214977,0.2527528526261449,0.029802692214022902,-1.4788903978397263,1.0598751974596856,0.7486790409640284,-1.4788903978397263
0.35791424196213484,0.44661116786301136,0.1521047865971923,0.34761058166623116,0.029798973435161424,-4.357124723158025,1.4382779539583035,1.6641941699677116,-4.357124723158025
0.31852987688034773,0.402355314232409,0.08550369180738926,0.2593621024861932,0.02978819668356017,-6.662518665027056,2.2159416589742973,2.1760132835382753,-6.662518665027056
0.1834931280463934,0.4175755986943841,0.050436983816325665,0.40936314407736063,0.029787333700728946,-8.488860995181415,2.5437169014411656,2.146100690165736,-8.488860995181415
0.46869564708322287,0.3789045987650752,0.24766138568520546,0.29883711971342564,0.029780956875732748,-2.566586517586805,1.4886888933338087,1.0136389093654699,-2.566586517586805
0.21856554970145226,0.4172229617834091,0.11622500326484442,0.12284702435135841,0.029764301723466228,-8.909068360113567,2.912497091222016,1.9630045713008577,-8.909068360113567
0.1797261843457818,0.4082011505961418,0.07463533245027065,0.08277485705912113,0.02974644121544847,-10.3419574181182,3.4487486787298933,2.113208901827584,-10.3419574181182
0.444867879152298,0.34254586789757013,0.44039332307875156,0.30731953773647547,0.029741420920293003,-1.6259848991464738,1.24664248907635,0.8952264090131691,-1.6259848991464738
0.4532036781311035,0.37314216047525406,0.4553190227597952,0.31445672176778316,0.029732212003698813,-1.190045753398205,1.0417704313558342,0.699688488203047,-1.190045753398205
0.2916412362828851,0.4099003542214632,0.2508273608982563,0.26814217399805784,0.02972304083913632,-3.495591840346189,1.244663565512784,1.0863705399814034,-3.495591840346189
0.19817257393151522,0.42258543334901333,0.08846329525113106,0.13592586666345596,0.0297201856678097,-9.391574306320098,3.0084109239180843,2.037124126716503,-9.391574306320098
0.23731735814362764,0.41199309658259153,0.22248083259910345,0.33504015766084194,0.029716557838689702,-4.292786967079909,1.17010567837952,1.1950532174922344,-4.292786967079909
0.40804283507168293,0.49039926286786795,0.40630963537842035,0.3522476479411125,0.029703668616012778,-0.8299699200521593,0.8103073391829,1.2601595530988856,-0.8299699200521593
0.2048936365172267,0.4281191173940897,0.5445516351610422,0.37967777252197266,0.029698564260826895,-3.868000786565746,1.6903200518576542,0.9486848756693939,-3.868000786565746
0.3864972097799182,0.3985848529264331,0.32920979987829924,0.3873103614896536,0.02966963698356907,-0.14686115949074752,0.4827052847857437,0.5109551032872872,-0.14686115949074752
0.21878075320273638,0.4210185455158353,0.019533862359821796,0.4562707506120205,0.029626286645308027,-8.795213801091858,2.729678449365053,2.4312198139547982,-8.795213801091858
0.37968972977250814,0.4402778660878539,0.47942940331995487,0.37194634694606066,0.029612934699672112,-0.43864740807330654,0.6423303380407701,0.45609273646155507,-0.43864740807330654
0.40968945622444153,0.3539128443226218,0.008809124119579792,0.35033829882740974,0.029604466177370718,-7.764269056118383,2.515234682601479,2.5665754424492304,-7.764269056118383
0.2519677057862282,0.4215672882273793,0.1645467933267355,0.4061869950965047,0.02960401704692766,-5.055721771431909,1.5724289831441904,1.5179512716838186,-5.055721771431909
0.27804477140307426,0.40399589762091637,0.4354644911363721,0.3777604140341282,0.029589577418251557,-1.1137722026430334,0.8575472331157822,0.583720637198021,-1.1137722026430334
0.3901753881946206,0.4207766354084015,0.47094246931374073,0.4158232007175684,0.029589131817376352,-0.3715740475078075,0.40279643279325916,0.37040418949291715,-0.3715740475078075
0.1350943949073553,0.4152383180335164,0.06493118219077587,0.2205354357138276,0.02957178694975114,-9.671921700767527,2.8723041457147542,2.004960214454657,-9.671921700767527
0.26012779027223587,0.43002377077937126,0.0946139320731163,0.2511578230187297,0.029537919400152005,-7.253205442401184,2.2657261379248883,2.02420563589305,-7.253205442401184
0.18649429269134998,0.4183470122516155,0.18952638655900955,0.24987323302775621,0.029537024794947943,-6.635545018562923,1.8995661504945422,1.458427483002933,-6.635545018562923
0.46041730511933565,0.3837129306048155,0.09496836829930544,0.3642933862283826,0.029529329308869808,-5.65498340546282,1.9023093960058204,2.0585801736136267,-5.65498340546282
0.18031872529536486,0.41289137955754995,0.5781971095129848,0.3985592043027282,0.029525189499476388,-4.939911187543865,1.9804190680416875,1.074621741770005,-4.939911187543865
0.42379799112677574,0.34925564378499985,0.299891022965312,0.275262339040637,0.02951286124969292,-2.1603731462589564,1.4200805339005418,0.8834582582264664,-2.1603731462589564
0.1949963727965951,0.40694653429090977,0.09739837888628244,0.32140365429222584,0.029493575448666775,-7.532431475398917,2.20546407657119,1.881637184222651,-7.532431475398917
0.20447158720344305,0.42318486142903566,0.048710389994084835,0.07040133792907,0.029474413331298934,-10.635485808740958,3.5816529563954167,2.256357385172846,-10.635485808740958
0.24547744262963533,0.4239157382398844,0.04229185078293085,0.44709866493940353,0.0294730336077383,-7.9840851173935246,2.4901436252151172,2.3573688620524096,-7.9840851173935246
0.17003147024661303,0.4189237905666232,0.07230158057063818,0.38672009482979774,0.029450720416428967,-8.266482138932558,2.4186184866684735,1.993639548351697,-8.266482138932558
0.37186442874372005,0.37244424037635326,0.09544999897480011,0.31747638434171677,0.02944774408860562,-5.729886368218409,1.9738881382772875,2.0694523040737005,-5.729886368218409
0.428919761441648,0.3852796657010913,0.27532469015568495,0.2620283327996731,0.029423099539685648,-2.3241043680815747,1.407619103491268,0.9604372006435329,-2.3241043680815747
0.15259053744375706,0.4103435855358839,0.06650175806134939,0.3057508235797286,0.029417244196149776,-8.828888034565644,2.5629310545161577,1.993693988703914,-8.828888034565644
0.15933333989232779,0.41321415081620216,0.558005727827549,0.3390828389674425,0.029398018243929645,-5.194371050041959,1.959034363496322,1.107913118235066,-5.194371050041959
0.19161424785852432,0.42287611961364746,0.5822233837097883,0.41794606763869524,0.029382753502576447,-4.809445591588769,1.9618929123963726,1.0649422551514207,-4.809445591588769
0.18466149736195803,0.41212706733494997,0.18540859688073397,0.25798126868903637,0.029382033287116954,-6.631316811543388,1.8929246922735914,1.4645787280134643,-6.631316811543388
0.1566491238772869,0.41646413691341877,0.0867423564195633,0.34383953735232353,0.02936580807302423,-8.283213528899562,2.3637847576179056,1.8960575822069614,-8.283213528899562
0.1986257517710328,0.4037008099257946,0.07444414589554071,0.2922500679269433,0.029362269624617698,-8.057296308424197,2.4138082540783325,2.0133770136449525,-8.057296308424197
0.26924599055200815,0.4043399803340435,0.09662141930311918,0.39603303000330925,0.02936065240909246,-6.322957924909981,1.9597347584956302,1.9902167144193452,-6.322957924909981
0.4713715212419629,0.3833561595529318,0.2935191560536623,0.39092518482357264,0.029353338013363803,-1.2881731353830184,1.0658805285630981,0.7037520426161952,-1.2881731353830184
0.3493893640115857,0.4115460114553571,0.14361739065498114,0.4286118922755122,0.02934878030184762,-4.479429762901453,1.5835623634593283,1.7633095002716008,-4.479429762901453
0.4704557452350855,0.4160349480807781,0.13301461469382048,0.30909288953989744,0.02934837196492386,-4.964163955263924,1.7602314222218254,1.817573850669454,-4.964163955263924
0.22006993275135756,0.40442690532654524,0.08455173578113317,0.16650736704468727,0.029330476546962816,-8.743893574782497,2.8507826688562,2.0387089654184796,-8.743893574782497
0.3623799541965127,0.3459347505122423,0.4791198829188943,0.3862666795030236,0.029328492829843747,-1.3952570272174125,1.1050261328425688,0.7693106363402622,-1.3952570272174125
0.12117002811282873,0.41795667074620724,0.02696207817643881,0.10697132535278797,0.029324181051198068,-11.308622355116675,3.651402689084079,2.1781221174695675,-11.308622355116675
0.25277928449213505,0.4250936070457101,0.24636805895715952,0.31849880144000053,0.029313701471038633,-3.692314937619239,1.0480832013177985,1.0704326122485497,-3.692314937619239
0.3391874674707651,0.39106071554124355,0.17434494104236364,0.3453883705660701,0.02930764895210804,-3.799435064131758,1.358810496953402,1.4870782385795052,-3.799435064131758
0.15745037980377674,0.40164555981755257,0.02566112019121647,0.02508239820599556,0.029307036796513274,-11.669533062649883,4.08442078436763,2.2742553108953034,-11.669533062649883
0.34504265803843737,0.38994614966213703,0.11332539562135935,0.3227363657206297,0.029296820476600108,-5.34392393067779,1.7955212894055332,1.9788648341315087,-5.34392393067779
0.2635285696014762,0.4227978000417352,0.2845352655276656,0.32958415523171425,0.029290341741538408,-2.71774714715497,0.7642935565701844,0.8649762891603812,-2.71774714715497
0.4481791537255049,0.3698731083422899,0.1138051263988018,0.3695476381108165,0.029265836969046766,-5.189469393212774,1.8634809817107683,1.867540761795333,-5.189469393212774
0.37986679188907146,0.3683057390153408,0.04150616191327572,0.2864467455074191,0.02924718725431452,-7.158627502125407,2.426168284463215,2.430051601110213,-7.158627502125407
0.1766639230772853,0.4141946593299508,0.48119780886918306,0.42618598137050867,0.029236560288223298,-3.851398432026146,1.3652722326412214,0.920024586141295,-3.851398432026146
0.2219122126698494,0.4312596172094345,0.06244384404271841,0.2470767181366682,0.029229120198163795,-8.390062426447415,2.557738513251234,2.139359296447608,-8.390062426447415
0.3618269180878997,0.39973489940166473,0.2108159475028515,0.27305970061570406,0.029211879566315,-3.4266327434471493,1.4567257649488399,1.3283362827245042,-3.4266327434471493
0.2832280481234193,0.40298281610012054,0.0187078844755888,0.21037941798567772,0.02919406096654694,-8.759490912906527,2.9016227007974646,2.4916814382648127,-8.759490912906527
0.20418123994022608,0.41650467179715633,0.6188046531751752,0.3408268550410867,0.029190364733269848,-5.382753358400902,2.148655577104003,1.2123636334723382,-5.382753358400902
0.25890384893864393,0.4268042091280222,0.5032553374767303,0.30664236564189196,0.029186570707017575,-2.6347138615047396,1.340572738068648,0.7894512334147747,-2.6347138615047396
0.22556483559310436,0.40870355162769556,0.150873894803226,0.3673268808051944,0.029184730223729,-5.800354798897652,1.6945346799100718,1.5836207983022044,-5.800354798897652
0.21615208592265844,0.4105774313211441,0.44242126028984785,0.3607951616868377,0.029157058722863796,-2.599977367824217,1.1578734732320592,0.8228130683772491,-2.599977367824217
0.446384253911674,0.4121958939358592,0.28181047085672617,0.42382240016013384,0.029142816510906857,-1.2403228352772577,0.9396537885856308,0.6243237016851833,-1.2403228352772577
0.37611951120197773,0.42631224263459444,0.41099624522030354,0.402409958653152,0.029136929105368074,0.2744086730488597,0.3041544554206663,0.27706764053375327,0.2744086730488597
0.3651013243943453,0.387791589833796,0.43789079412817955,0.40431987028568983,0.02913290275850879,-0.17001280100594457,0.5256576358028745,0.41177986589347665,-0.17001280100594457
0.16699781361967325,0.41699795983731747,0.18334807083010674,0.2040349394083023,0.02912242107962529,-7.6169041013937715,2.2237689285138273,1.5416400560168164,-7.6169041013937715
0.483146115206182,0.41576870903372765,0.3351369695737958,0.2928193537518382,0.029114266248028087,-1.462314386607921,1.1094227288556635,0.6696092118234895,-1.462314386607921
0.11172444932162762,0.4193844487890601,0.009034685790538788,0.12658224441111088,0.02910471850062172,-11.452589589838562,3.662760167301871,2.212744722076279,-11.452589589838562
0.22871342860162258,0.40560159739106894,0.17771099787205458,0.27585258334875107,0.029094641717044775,-5.777797528830674,1.7277516294478454,1.4758003180270511,-5.777797528830674
0.24496168736368418,0.40606482326984406,0.06043826416134834,0.10317812953144312,0.029085648432271217,-9.63258693084411,3.3001140774894058,2.2364184848057502,-9.63258693084411
0.2271058252081275,0.4102054759860039,0.13344285264611244,0.39472835045307875,0.02908456764001068,-6.114119324895442,1.833843894113884,1.6889128265978077,-6.114119324895442
0.2023134706541896,0.4176217978820205,0.2491224929690361,0.263752025552094,0.029084342645562748,-5.243984801007485,1.49195742919626,1.1853829320340898,-5.243984801007485
0.4725105920806527,0.38840904738754034,0.2200356451794505,0.3545059720054269,0.02907391524427967,-2.7003669498414653,1.4144424140723169,1.086306684355001,-2.7003669498414653
0.21739830262959003,0.40039475820958614,0.052336608059704304,0.25434815511107445,0.029073098939225054,-8.457250983228853,2.6329668877889225,2.1612150273039776,-8.457250983228853
0.46714934799820185,0.4005695041269064,0.3480324987322092,0.26613045763224363,0.029062555072522925,-1.6356809274202921,1.1639575378661258,0.7326370179112397,-1.6356809274202921
0.4650671724230051,0.4351231651380658,0.26272338815033436,0.3193579474464059,0.02905317135415795,-2.0250019538986077,1.21700791481867,0.8333497199938639,-2.0250019538986077
0.461497338488698,0.36430122423917055,0.32676207181066275,0.2549284929409623,0.029041471999168872,-2.237303911981141,1.419513442293713,0.864782587354862,-2.237303911981141
0.1344969877973199,0.4094989337027073,0.060263234190642834,0.2716329637914896,0.02903824573593234,-9.38031544825337,2.7372675325177203,2.001941966923935,-9.38031544825337
0.12181332986801863,0.41875960770994425,0.507706182077527,0.40755054261535406,0.029037168079113697,-5.373410942731391,1.668246323525355,1.1124084453205287,-5.373410942731391
0.3341979719698429,0.426232879050076,0.2548536295071244,0.2826775023713708,0.029035761856914477,-2.675712033860764,1.1563785232286932,1.0183894804316027,-2.675712033860764
0.2202106947079301,0.41617920622229576,0.46265364065766335,0.28951096162199974,0.02902770487970885,-3.247729653505177,1.3631364314534131,0.8867358166582625,-3.247729653505177
0.21814335882663727,0.41802972462028265,0.6049670670181513,0.4229377144947648,0.029023722668468435,-4.808240977380018,2.0132272065192156,1.124017960706779,-4.808240977380018
0.12985785771161318,0.4251674935221672,0.004516078159213066,0.20706509053707123,0.029006277758307927,-10.736797281094391,3.27928374378966,2.2451861976573753,-10.736797281094391
0.2225635740906,0.4115942679345608,0.10525649040937424,0.035928173922002316,0.029000719521703657,-10.207048960478938,3.5086988748157335,2.139525934969423,-10.207048960478938
0.2813277803361416,0.40703919529914856,0.5488704852759838,0.39646161533892155,0.028976447718908834,-2.621544194022307,1.4154039881918217,0.8002920574386784,-2.621544194022307
0.4155375314876437,0.4302694294601679,0.012184679508209229,0.26702112425118685,0.02896998042617846,-7.9883781950520305,2.5156617741929836,2.786937009275102,-7.9883781950520305
0.2809136686846614,0.43674679659307003,0.024714794009923935,0.2950431387871504,0.028959687031133333,-8.169043322036844,2.5021653071379526,2.5089768362876397,-8.169043322036844
0.18898047506809235,0.42363804765045643,0.18162337690591812,0.3083871491253376,0.02895758018746161,-6.198974496808953,1.6994050637388058,1.441363711519563,-6.198974496808953
0.23527874238789082,0.4214098323136568,0.15244661457836628,0.15712829399853945,0.02890928527701508,-7.701668865012457,2.4893444183839097,1.7684723764998413,-7.701668865012457
0.37851260136812925,0.3904488626867533,0.3999054776504636,0.26792874187231064,0.02890516499565397,-1.1189633373397374,0.9779327180521799,0.6533034850820936,-1.1189633373397374
0.21785315684974194,0.42953717336058617,0.03440360724925995,0.16015784908086061,0.02889684413252212,-9.733635829443196,3.1302311221381105,2.2783144652372913,-9.733635829443196
0.333160157315433,0.39745308365672827,0.15660445392131805,0.388406272046268,0.028896421505033017,-4.184027314817571,1.4456439377741277,1.6159243926655968,-4.184027314817571
0.44321887381374836,0.43996908608824015,0.10545575432479382,0.30150401312857866,0.02889425155673805,-5.701055399697043,1.7786939559265007,2.0247724767262776,-5.701055399697043
0.4117912361398339,0.37018053885549307,0.20630786195397377,0.2699309606105089,0.02889264467514918,-3.5550060835334314,1.6803308286006458,1.2923579876481894,-3.5550060835334314
0.2867698110640049,0.40627572126686573,0.21851440705358982,0.25565269868820906,0.028883863339101604,-4.3301573979052925,1.4919928040686525,1.2781872048536136,-4.3301573979052925
0.4067898588255048,0.4046119125559926,0.131297055631876,0.2403155593201518,0.028872623759907522,-5.463928916019824,2.0666963991493357,1.9428749812034867,-5.463928916019824
0.2790570631623268,0.39894301164895296,0.10953963175415993,0.3687688745558262,0.028857623039736047,-5.914085263245987,1.8325039624095154,1.9027263333861129,-5.914085263245987
0.28752776328474283,0.40470031276345253,0.29626303538680077,0.3601619675755501,0.028834831593701152,-1.8636949318713596,0.3631233312499525,0.7237629702871985,-1.8636949318713596
0.3968579024076462,0.38349711894989014,0.4689197251573205,0.30998093355447054,0.028779722708003184,-0.9251025390421966,0.9397445085330685,0.6258702210950057,-0.9251025390421966
0.4404594171792269,0.4085355382412672,0.01391134038567543,0.24442532751709223,0.02877777076458781,-8.059278262545423,2.6901736489263355,2.742111808992332,-8.059278262545423
0.45807394199073315,0.4212112994864583,0.008158189244568348,0.2837222656235099,0.02876812428627998,-8.034041818290488,2.500500700860584,2.7846435077941156,-8.034041818290488
0.4505511671304703,0.44685688987374306,0.2415505489334464,0.3630008567124605,0.028767462381853914,-2.160939144239437,1.1130384774878204,0.9000686871464683,-2.160939144239437
0.31411809101700783,0.3951827101409435,0.26971829403191805,0.33767411671578884,0.028757957493929048,-2.050640893976485,0.7183478817567418,0.8279370377858598,-2.050640893976485
0.3724656254053116,0.3483407599851489,0.49245439283549786,0.35119003895670176,0.028740832693928665,-1.5649208936294505,1.196858320584497,0.7732884186111995,-1.5649208936294505
0.19711773097515106,0.41232823114842176,0.1107481624931097,0.4111677501350641,0.028733323664355423,-7.08893047100005,2.108974660119957,1.7963797880638097,-7.08893047100005
0.17853311821818352,0.4065064173191786,0.5652216486632824,0.3633147170767188,0.028711173472982212,-4.815875986448132,1.9293363688101852,1.0544397304383222,-4.815875986448132
0.23020396567881107,0.42437560576945543,0.15950331650674343,0.1816812315955758,0.02868704871891738,-7.310347377277603,2.3167754479603655,1.6906937623987826,-7.310347377277603
0.46051118429750204,0.3659103559330106,0.14209141675382853,0.2678907969966531,0.028660510031642918,-5.144634312308409,2.1093729294863066,1.6754116678788966,-5.144634312308409
0.41790077928453684,0.4437342183664441,0.2519181137904525,0.40815022215247154,0.028657496097961574,-1.7259810676580754,0.9661598332936273,0.7986159473725775,-1.7259810676580754
0.2776200510561466,0.4271126827225089,0.10012103710323572,0.2128188731148839,0.028657003327550824,-7.353328724545013,2.3946509700499705,2.032439826985963,-7.353328724545013
0.19012788403779268,0.41338085290044546,0.1426184568554163,0.021426578983664513,0.028641651937158286,-10.34069119274109,3.4784828448525076,2.019505014360742,-10.34069119274109
0.3675626050680876,0.4277097266167402,0.03332636225968599,0.256922647356987,0.028622910284520506,-7.632474403271576,2.460867530261719,2.637815958395863,-7.632474403271576
0.1876592542976141,0.41418208833783865,0.28126206062734127,0.2747156070545316,0.02861375723626809,-4.986914830816368,1.370082358569801,1.0898547195672537,-4.986914830816368
0.21215006615966558,0.41272038593888283,0.24364350829273462,0.20980724971741438,0.02861039255177497,-5.878452863494007,1.8015689046847194,1.2819830681957467,-5.878452863494007
0.24610015749931335,0.4124596370384097,0.3093599835410714,0.31280056945979595,0.02860488266372433,-2.8788829650114343,0.8738285373529875,0.8449322388313876,-2.8788829650114343
0.30468626506626606,0.4021193478256464,0.10402114130556583,0.24254605267196894,0.02859674413472999,-6.56691107058213,2.206756469551066,2.0225107359407324,-6.56691107058213
0.39699731953442097,0.36614332627505064,0.26618750113993883,0.33808517549186945,0.02858917285329356,-1.6766950713999353,1.0721275561551564,0.8771713904918229,-1.6766950713999353
0.3219221830368042,0.41846534702926874,0.5270922277122736,0.32899607345461845,0.02858385595408834,-1.8503968767986065,1.194362029372766,0.7342435887697293,-1.8503968767986065
0.3953718626871705,0.4256958058103919,0.46624993346631527,0.42493091337382793,0.028577421601807457,-0.39740321217045677,0.3287513171319329,0.3419150336224576,-0.39740321217045677
0.41168317291885614,0.40005989372730255,0.11695969756692648,0.41697543021291494,0.02857600900626648,-4.975602834046813,1.685020244700166,1.9559106916648605,-4.975602834046813
0.4103682469576597,0.4621467376127839,0.13557839952409267,0.3587793158367276,0.02857212331417618,-4.821292293577184,1.4061944536794673,1.7067863548999347,-4.821292293577184
0.2429422102868557,0.40981316566467285,0.5280788745731115,0.29217619355767965,0.028555596073209278,-3.4757409959686902,1.556020742779242,0.9007273972081989,-3.4757409959686902
0.1476189037784934,0.411396199837327,0.16353006195276976,0.134701962582767,0.028534046453558334,-9.050899801635474,2.7726940550286105,1.7105335516025677,-9.050899801635474
0.1959833689033985,0.40922836400568485,0.43422973807901144,0.342056343331933,0.02852945517302673,-3.1923489629556623,1.2277355607909681,0.8967242799528707,-3.1923489629556623
0.234633294865489,0.41475504357367754,0.6253858273848891,0.35569459944963455,0.02852313599647639,-5.000128430071759,2.070508672712913,1.2303005895242687,-5.000128430071759
0.4801947930827737,0.36812491063028574,0.13798376731574535,0.32354810275137424,0.028522819161888254,-4.927228568762448,1.9529781819226895,1.6536949028493984,-4.927228568762448
0.1770430402830243,0.4237816371023655,0.11452981363981962,0.3973875343799591,0.028514896897460146,-7.36414764570931,2.128412701953671,1.7610472671643114,-7.36414764570931
0.4820851320400834,0.4555057231336832,0.39784091990441084,0.34378873743116856,0.02851069475247465,-0.9250512871288428,0.8404410703728203,0.77534952464538,-0.9250512871288428
0.2819642871618271,0.4140525897964835,0.045367383398115635,0.08706285711377859,0.028493119508403383,-9.797722059056827,3.4231945443163916,2.3863384965336047,-9.797722059056827
0.2957120696082711,0.4076640363782644,0.05926263891160488,0.1769414534792304,0.028473249710496647,-8.29230293945101,2.821890879577907,2.298890066069402,-8.29230293945101
0.3769463449716568,0.4144891882315278,0.4852492781355977,0.31821698136627674,0.02846599774325614,-0.848578104054915,0.8643169389118647,0.6049040228277467,-0.848578104054915
0.4719173489138484,0.3631826527416706,0.017509653232991695,0.2620667414739728,0.028461389091700245,-8.000686143175042,2.7987378916321286,2.493490151487462,-8.000686143175042
0.4460041867569089,0.4372858311980963,0.1810712730512023,0.3940149061381817,0.028425553582626013,-3.4577513140763703,1.3013661367943745,1.3530316409254801,-3.4577513140763703
0.37363574281334877,0.4698528703302145,0.44601162150502205,0.32331861928105354,0.028423522402953122,-0.8389835257253847,0.8428479438614588,0.8104338003627897,-0.8389835257253847
0.2061877679079771,0.409063839353621,0.4607602022588253,0.40369957592338324,0.02842307056815139,-2.9133959697301064,1.2116763146134282,0.8236435061146113,-2.9133959697301064
0.34458756539970636,0.40878119319677353,0.09633868560194969,0.22854939755052328,0.02841544773177372,-6.586430337241792,2.28825051831207,2.163445264882454,-6.586430337241792
0.1294456971809268,0.4145830823108554,0.5750468261539936,0.43859150633215904,0.0283994787879862,-6.03653927137776,2.123166878518515,1.1519292218724768,-6.03653927137776
0.28311615996062756,0.3972169840708375,0.10632652323693037,0.28185765352100134,0.028392198387208342,-6.366224992689007,2.0449278588147446,1.9439318136432053,-6.366224992689007
0.26740955002605915,0.4313555648550391,0.01131159346550703,0.439487149938941,0.028386445516758507,-8.426563157587033,2.6153551037714733,2.6222801215920883,-8.426563157587033
0.1933613931760192,0.4310603579506278,0.4944008206948638,0.35507513862103224,0.028378014510012393,-3.5612376999995727,1.4737493682344616,0.9221092172645168,-3.5612376999995727
0.19629852660000324,0.4324864139780402,0.036494904197752476,0.3718371344730258,0.02835949640311871,-8.628563757400423,2.5677412428334696,2.248938253947682,-8.628563757400423
0.40593605302274227,0.3478266028687358,0.02129635401070118,0.31225138809531927,0.02835088397249677,-7.600332335625264,2.560939022228047,2.4093895791162443,-7.600332335625264
0.17157406639307737,0.42692254297435284,0.4569749692454934,0.42043497134000063,0.02834307195184934,-3.792722955420288,1.2265554766881257,0.9200634704386255,-3.792722955420288
0.4266091361641884,0.3758594263345003,0.3497553449124098,0.24574230518192053,0.028333106147803284,-1.891255926609559,1.2722942349481283,0.811942462811562,-1.891255926609559
0.12149003241211176,0.4220417933538556,0.5818986566737294,0.36779443733394146,0.028321764549435264,-6.223848242614471,2.2026088640817054,1.205031171859849,-6.223848242614471
0.46716585848480463,0.36776426527649164,0.43837248627096415,0.4200127702206373,0.02831732240118285,-1.1047260977734261,0.9274184024767826,0.676209260007681,-1.1047260977734261
0.25706093572080135,0.40269653405994177,0.4595846366137266,0.3144104341045022,0.028314369382187628,-2.1475162204317524,1.184998077438088,0.7321012582802361,-2.1475162204317524
0.1765271658077836,0.4025052022188902,0.09757335297763348,0.05334279779344797,0.02830843835792101,-10.450676152135502,3.5370568230769193,2.0603400774653573,-10.450676152135502
0.27341829519718885,0.4148483043536544,0.20490396209061146,0.42272648215293884,0.0283005178393213,-3.859490853903621,1.2891946328077482,1.2310971445970111,-3.859490853903621
0.16929765604436398,0.4078915836289525,0.5407649790868163,0.4288927707821131,0.028233226156110826,-4.694528623586999,1.777077472878932,0.9971932501315381,-4.694528623586999
0.3452515145763755,0.3942065816372633,0.031442856416106224,0.3942282488569617,0.028217770567442034,-7.213081153674528,2.2351439079682924,2.607579045846685,-7.213081153674528
0.3364228056743741,0.32837096881121397,0.42446086276322603,0.3632289133965969,0.028216824210532277,-1.4777410034916239,1.1724005258722108,0.9634670435307423,-1.4777410034916239
0.11209380812942982,0.41626204550266266,0.520750773139298,0.325453988276422,0.0282147852806486,-5.928170101520038,1.8905626552278545,1.1874219300276387,-5.928170101520038
0.3884888980537653,0.3553764410316944,0.2967427605763078,0.3133529471233487,0.02821363222800898,-1.563684803498152,1.1109065120263961,0.8168129811511448,-1.563684803498152
0.20750899147242308,0.42839252203702927,0.18783507868647575,0.27048341277986765,0.028169359859055127,-6.092640703066142,1.7493308673582986,1.4314691136534428,-6.092640703066142
0.1200009398162365,0.4124775845557451,0.1463849926367402,0.19393083918839693,0.02816577930687598,-9.008579179221448,2.596051883311727,1.6849259901679083,-9.008579179221448
0.3651190269738436,0.359012296423316,0.3485122909769416,0.28181964717805386,0.028154687050874573,-1.4731206114809898,1.118346631873231,0.7274079837190273,-1.4731206114809898
0.14977054111659527,0.4099531648680568,0.17742915824055672,0.09958048444241285,0.028140051248933172,-9.333453288014004,2.9207729932185122,1.7281033915081925,-9.333453288014004
0.48189751990139484,0.3982552532106638,0.16377084236592054,0.34264863282442093,0.028115774722685102,-4.112029820934324,1.6490841175695932,1.5056461896955007,-4.112029820934324
0.19199315086007118,0.42794020380824804,0.07060835789889097,0.10073477029800415,0.028112224085171292,-10.158391906319318,3.3043115103501783,2.1218458446457458,-10.158391906319318
0.18191613256931305,0.4241085834801197,0.4163725869730115,0.3766738846898079,0.02810415271446536,-3.3812615381373803,1.097823167183032,0.9063059384712363,-3.3812615381373803
0.38719819113612175,0.361536861397326,0.1778756147250533,0.3460436351597309,0.028099018598744863,-3.6491293439026844,1.5126904395802725,1.3772030921830105,-3.6491293439026844
0.1649733018130064,0.4076157948002219,0.19186180923134089,0.28819442074745893,0.028094447050536812,-6.6231118755901965,1.7964547369475201,1.4042809407009686,-6.6231118755901965
0.23832884803414345,0.40473642013967037,0.5500784795731306,0.32170743122696877,0.028081851524114975,-3.629137071099635,1.6628054654608824,0.9239248475158763,-3.629137071099635
0.24863033276051283,0.4150763703510165,0.13940964359790087,0.0751385660842061,0.02807749783553472,-8.998363210499482,3.0456059690730326,1.98747886453768,-8.998363210499482
0.23389157466590405,0.40587750542908907,0.586124305613339,0.3850508192554116,0.02807458658488001,-4.131046633261002,1.8416853850829478,1.0167189270351489,-4.131046633261002
0.18285702541470528,0.4291843296959996,0.10118431225419044,0.3701014593243599,0.028065787354408334,-7.562333388229548,2.1791697546577624,1.8451619443346152,-7.562333388229548
0.22371596936136484,0.4149347022175789,0.22432844899594784,0.14046645909547806,0.028058390588884343,-7.122488026530058,2.2646726026181385,1.5117500225635692,-7.122488026530058
0.1722069690003991,0.4277650201693177,0.12982835620641708,0.19727351143956184,0.028042007612652315,-8.444578352295988,2.5057836535716675,1.7654889324569285,-8.444578352295988
0.391212010756135,0.4652554616332054,0.010480716824531555,0.36075243446975946,0.02802878006478401,-8.00124599073705,2.179873383330891,2.6564617089496725,-8.00124599073705
0.15339179709553719,0.395555280148983,0.006397676654160023,0.06316742207854986,0.028017980142156843,-11.509848765696704,3.9815287679296985,2.2824193628022402,-11.509848765696704
0.15693618170917034,0.4282893519848585,0.01261857058852911,0.4315054388716817,0.02801147662475631,-9.62669829511538,2.9034745021439967,2.302893867331339,-9.62669829511538
0.3475929982960224,0.42586104292422533,0.07162266783416271,0.4415963338688016,0.028006265583108318,-6.413666847638203,2.035957258267078,2.3667900752211,-6.413666847638203
0.12903674598783255,0.4216154105961323,0.07876110170036554,0.013439775444567204,0.028002455172076304,-11.653074748798225,3.9245559293124344,2.1161916811690675,-11.653074748798225
0.17601065430790186,0.42653771955519915,0.4301987085491419,0.35706302523612976,0.02799889511957827,-3.6220295145753805,1.2104592766704771,0.9437087745416807,-3.6220295145753805
0.17130417469888926,0.4158316571265459,0.38259941153228283,0.3665064312517643,0.02799490267486499,-3.769200642215412,1.0337292417052724,0.9406789991363239,-3.769200642215412
0.37279083020985126,0.36752165015786886,0.41844526026397943,0.43587367981672287,0.027988191485961135,-0.6108636408907038,0.6106618512023517,0.5428997155176603,-0.6108636408907038
0.2616704534739256,0.4077504212036729,0.49326387606561184,0.2848257888108492,0.02798802364352164,-2.767576523762041,1.3480761319595698,0.7990081169708986,-2.767576523762041
0.18234091252088547,0.40102235134691,0.11054165754467249,0.2134107956662774,0.027987512704354053,-8.310132062730814,2.552594961243899,1.8292893205229699,-8.310132062730814
0.17390863597393036,0.4118612753227353,0.34643981885164976,0.2807243373245001,0.027983545216982885,-4.589531709352387,1.2987705989345328,1.0073638455049867,-4.589531709352387
0.20880357641726732,0.4213788928464055,0.3375836182385683,0.30321981757879257,0.027977939688355144,-3.5470339956362205,1.0855063201876296,0.8990690512600223,-3.5470339956362205
0.1615806147456169,0.4194881310686469,0.16542066913098097,0.05954616516828537,0.027977103893106453,-9.916004835392895,3.1754117150690564,1.852483944143459,-9.916004835392895
0.3480680761858821,0.4343152642250061,0.2606515297666192,0.39490059204399586,0.027975502843882047,-1.6165501759913594,0.8208776768282762,0.8070531735175117,-1.6165501759913594
0.1738076275214553,0.42172810062766075,0.27835813723504543,0.22706905473023653,0.027973040034159583,-5.9701235486940565,1.6820654002168505,1.1866476608967795,-5.9701235486940565
0.19751972798258066,0.42923630122095346,0.5692512402310967,0.3202407257631421,0.027942960483413822,-4.699336824023075,1.8952754866493111,1.0585638626597462,-4.699336824023075
0.24429544899612665,0.42884603422135115,0.4751577526330948,0.2994121238589287,0.027914975207643616,-2.702636357923948,1.2903600898519303,0.7985125986020575,-2.702636357923948
0.4095544535666704,0.39473387971520424,0.24387467745691538,0.2518603950738907,0.027913989141993115,-2.9626146015820747,1.5223588790078537,1.1486534288759662,-2.9626146015820747
0.39466843102127314,0.401388268917799,0.005969421938061714,0.22668275889009237,0.027910688243521675,-8.314966014481518,2.8285710378907374,2.779789348354233,-8.314966014481518
0.13571720756590366,0.41995142586529255,0.5918064517900348,0.2939796932041645,0.027909096313330307,-6.467533465758745,2.261378549027695,1.2358043233568468,-6.467533465758745
0.15527471993118525,0.4154246523976326,0.5387503942474723,0.2521717334166169,0.027905636828407854,-5.845219326973726,1.9523809648110246,1.1560949954869075,-5.845219326973726
0.25919359643012285,0.4207583302631974,0.07331683672964573,0.045984418131411076,0.027900594247667186,-10.190028311078239,3.5409155628870757,2.2839990649217485,-10.190028311078239
0.14160276763141155,0.4260165710002184,0.12226654030382633,0.24533299822360277,0.027893919178951426,-8.565084603675299,2.408981355010619,1.7436621419016087,-8.565084603675299
0.4027362270280719,0.33814937341958284,0.4739497937262058,0.32297249510884285,0.02788203797585083,-1.7191417028666538,1.2779438757935155,0.8828661610812568,-1.7191417028666538
0.1438076188787818,0.41361735574901104,0.4013818437233567,0.29521442856639624,0.027874754155614186,-4.948685106354079,1.3664726812912305,1.0699912697010865,-4.948685106354079
0.46215588226914406,0.3563006520271301,0.21033818367868662,0.2886243239045143,0.027869129909231075,-3.578830264440809,1.7802291670573445,1.1841240873295364,-3.578830264440809
0.15734205394983292,0.42114279698580503,0.39558294508606195,0.40171177312731743,0.027865287227369057,-4.067005292157342,0.9944892874991708,0.9588021812478352,-4.067005292157342
0.06272863689810038,0.4118361119180918,0.007141202688217163,0.05130056384950876,0.02786507208319143,-12.489889732968962,4.203673024540222,2.171436341472615,-12.489889732968962
0.23890361934900284,0.3996610278263688,0.046112398616969585,0.13055666629225016,0.02786216928775941,-9.536924048906453,3.239991240326071,2.25130756372621,-9.536924048906453
0.14204519987106323,0.42179435584694147,0.5522069782018661,0.48259896133095026,0.027861530458093597,-5.740114007546396,1.9424522390635766,1.0888742899934754,-5.740114007546396
0.13360384572297335,0.41249915678054094,0.484820993617177,0.48185681737959385,0.027860749459720436,-5.298151764731847,1.4649118920572672,1.0275128762223003,-5.298151764731847
0.20766634587198496,0.4162919409573078,0.14495387952774763,0.450387679040432,0.027850625321310534,-6.351068032794356,1.9474708963025966,1.59916343581686,-6.351068032794356
0.12622055690735579,0.4143072897568345,0.15728837437927723,0.32927696872502565,0.027830012451983147,-7.700566582749282,2.0203695201584835,1.5349701021559035,-7.700566582749282
0.16370459739118814,0.41547418013215065,0.016895513981580734,0.5120064076036215,0.02782113148651829,-9.815513445912126,3.0395049160423557,2.3234019401602426,-9.815513445912126
0.16179710067808628,0.42325835209339857,0.2474254034459591,0.22382492665201426,0.027804706458058402,-6.633717212699678,1.8411209888515887,1.2871951349062754,-6.633717212699678
0.15211558062583208,0.418551760725677,0.2574702277779579,0.35281264781951904,0.027803745393519465,-5.532449259199616,1.2960836930710484,1.1365937738572804,-5.532449259199616
0.16398714017122984,0.40904375817626715,0.27678565587848425,0.2971439165994525,0.02779694919520127,-5.353334991250233,1.3564363603152685,1.1111006517648083,-5.353334991250233
0.10119154024869204,0.4160831915214658,0.11027836427092552,0.17058771010488272,0.027791639775090738,-9.996202738853537,2.9416308454267392,1.8290651473523047,-9.996202738853537
0.28913791570812464,0.43909758422523737,0.08733000978827477,0.3708799807354808,0.02779085257558215,-6.413527390316042,1.953985129676072,2.1165901701661247,-6.413527390316042
0.10272829793393612,0.4223426282405853,0.05278877541422844,0.15180347673594952,0.02778803157659782,-10.863405303701432,3.3184150107350576,2.041152997799922,-10.863405303701432
0.4166809059679508,0.3678390746936202,0.26205636002123356,0.2531233821064234,0.02777182665201336,-2.8044266241345133,1.552286889227651,1.0192150497309775,-2.8044266241345133
0.13530515506863594,0.4275544146075845,0.021744922734797,0.054809533059597015,0.027768596849847216,-11.756169704125618,3.919330631154799,2.2329539653269825,-11.756169704125618
0.19584357552230358,0.39747699070721865,0.05073503777384758,0.21552042849361897,0.027761277612633743,-9.06165507953404,2.862740469597199,2.123678069293271,-9.06165507953404
0.320136577822268,0.4160686507821083,0.509176273830235,0.4345225431025028,0.027758962727059334,-1.5304991920341444,0.9770116332546014,0.5797341850904851,-1.5304991920341444
0.1389047261327505,0.41794774774461985,0.3730885200202465,0.31881698686629534,0.027738325064580075,-4.965646935061288,1.211308337391392,1.0653428916881627,-4.965646935061288
0.10280429571866989,0.4176558582112193,0.6233236398547888,0.38905573077499866,0.02773764721495631,-7.179690986654916,2.529877608246716,1.2995194446762355,-7.179690986654916
0.32250356022268534,0.43476405274122953,0.043152508325874805,0.42382954340428114,0.02773602779229359,-7.215133757272738,2.2209172222984,2.538218960231942,-7.215133757272738
0.38547313772141933,0.4417418818920851,0.4923862712457776,0.3913903580978513,0.027736018767693636,-0.670025628024018,0.6589436514856135,0.47232132338928545,-0.670025628024018
0.2881900640204549,0.4017195673659444,0.22130913753062487,0.3862433508038521,0.027734625460994797,-3.2294768180249416,1.0188860450918427,1.1079384375115686,-3.2294768180249416
0.38362880423665047,0.4323013434186578,0.2399632502347231,0.2815837822854519,0.027733382465233696,-2.6678376552578826,1.299402217497745,1.0916701086366478,-2.6678376552578826
0.19962937384843826,0.4130287626758218,0.6530106067657471,0.3019826738163829,0.02773128230047802,-6.426304866842812,2.365893908228766,1.375999049752493,-6.426304866842812
0.260275611653924,0.41087648272514343,0.051618180237710476,0.46180896647274494,0.027729630825868243,-7.679431705837788,2.4271634937700255,2.301335629464217,-7.679431705837788
0.35812277533113956,0.3619742477312684,0.33953199815005064,0.3071052450686693,0.027728415261270567,-1.1612771211852058,0.9590434756933134,0.6975239472192374,-1.1612771211852058
0.1856808066368103,0.4223928451538086,0.14664519485086203,0.03719025477766991,0.02772265869591917,-10.170464078246281,3.346816173095508,1.9691015554868811,-10.170464078246281
0.12357574328780174,0.410822918638587,0.4155971063300967,0.3449332872405648,0.027708325691795467,-5.100191679085176,1.2398755428730852,1.1002618967643576,-5.100191679085176
0.13031091634184122,0.40481032617390156,0.01777204405516386,0.36375194136053324,0.02770636740514049,-9.793522759733136,2.9012378542293855,2.1778961960792076,-9.793522759733136
0.10148188006132841,0.42361012659966946,0.5553360041230917,0.433320845477283,0.027703171796983613,-6.368987913607314,2.064193720243155,1.1850074447113812,-6.368987913607314
0.24091264326125383,0.41129244212061167,0.513775416649878,0.4444851716980338,0.02769348758565834,-2.913223430440783,1.3684930801653183,0.7585593883049887,-2.913223430440783
0.15797815658152103,0.4254337316378951,0.43863938562572,0.3150086970999837,0.027689944440338964,-4.401725968385868,1.3906977110596677,1.0306628943891034,-4.401725968385868
0.3992259679362178,0.39340341556817293,0.41289882455021143,0.2585122846066952,0.027688766982668284,-1.3026649984401282,1.021139181225534,0.6841809338840504,-1.3026649984401282
0.15033790655434132,0.4111071787774563,0.6658332059159875,0.41518170945346355,0.027686602078104996,-7.134880299949561,2.635623397068244,1.3984698376819173,-7.134880299949561
0.4798572538420558,0.38150218315422535,0.12300335057079792,0.29300150088965893,0.02767886434039661,-5.394124944314086,2.0518061971487054,1.830510149234952,-5.394124944314086
0.30037129111588,0.3994576018303633,0.3349122926592827,0.3437423901632428,0.02767825999448582,-1.193522744500239,0.5717773868297774,0.583789843506908,-1.193522744500239
0.27790520153939724,0.4157483307644725,0.049557654187083244,0.00014793500304222107,0.027674539382627348,-10.938067080897735,3.93877488590783,2.446971672766464,-10.938067080897735
0.1676565008237958,0.4181595975533128,0.6638194853439927,0.27754021901637316,0.02767109528496724,-7.2933805918831,2.5467028351434196,1.4274312144557382,-7.2933805918831
0.41832015570253134,0.3644661484286189,0.37709999457001686,0.41424150485545397,0.027661791850892417,-0.40688623369369,0.6176750271175901,0.6915008972103717,-0.40688623369369
0.3257069271057844,0.33509375248104334,0.4482782194390893,0.34058395121246576,0.027659824438113375,-1.6880009192687624,1.2612138805702984,0.8502937093653905,-1.6880009192687624
0.09866184554994106,0.41139078605920076,0.4403284192085266,0.40826937928795815,0.02765959955403035,-5.664173532642,1.2206567450113508,1.1429511687261582,-5.664173532642
0.3916126685217023,0.3733197506517172,0.08122341521084309,0.26013956032693386,0.027652580639693208,-6.420098669209026,2.3039068025608933,2.1808989646915315,-6.420098669209026
0.08627860620617867,0.42011530697345734,0.01946949027478695,0.25035746302455664,0.027644456184546508,-10.805125965953378,3.166879936741521,2.1087501036703244,-10.805125965953378
0.307869378477335,0.43533101584762335,0.5129594132304192,0.3897345196455717,0.027636719547822323,-1.5140130883342722,1.0575872918792155,0.5958719327337805,-1.5140130883342722
0.13489609211683273,0.4246953707188368,0.5099930502474308,0.4890249418094754,0.027620355280650988,-5.506618985087415,1.6449161665853256,1.0489682905798752,-5.506618985087415
0.103434968739748,0.41857336089015007,0.09591433685272932,0.065161376260221,0.02761260199708486,-11.194491316129602,3.5954707594287085,1.9829036992664157,-11.194491316129602
0.299691891297698,0.40258390363305807,0.15155959967523813,0.41083975601941347,0.027611057370586813,-4.687488425734216,1.556808063117904,1.6157646307580096,-4.687488425734216
0.14607571624219418,0.4044186221435666,0.15054532513022423,0.0074691325426101685,0.02760375309933797,-10.854190671178037,3.6545564732017226,1.9651670823261487,-10.854190671178037
0.20922520197927952,0.411233801394701,0.2875039866194129,0.1890171868726611,0.027603586606739467,-5.75877391768019,1.7684014200449687,1.1974630177164587,-5.75877391768019
0.13734566140919924,0.41079867724329233,0.19923140108585358,0.07302905432879925,0.027593061667009193,-9.667733069896586,3.02603365411506,1.718476936024111,-9.667733069896586
0.2533767931163311,0.4166060723364353,0.34936421271413565,0.3482755394652486,0.027592950654866142,-1.9452502783800245,0.7398214367842618,0.7025232924184706,-1.9452502783800245
0.11385197658091784,0.4071628851816058,0.1320739295333624,0.04151506442576647,0.02758759028913661,-10.946593656906375,3.586192786761728,1.923504876998492,-10.946593656906375
0.10077520553022623,0.4190757665783167,0.6060299361124635,0.3461437616497278,0.027581504375190025,-7.049279194500761,2.437943001042348,1.2838322986396453,-7.049279194500761
0.3927541468292475,0.4359962148591876,0.33111046999692917,0.2736710989847779,0.027580757166010713,-1.337899336340093,1.0401328574144417,0.6445313619659708,-1.337899336340093
0.3078231904655695,0.41217049583792686,0.06739789433777332,0.15039226599037647,0.027580473690878394,-8.415818007512174,2.9141176905445785,2.291150884800769,-8.415818007512174
0.1724101034924388,0.4169192360714078,0.20389040466398,0.019324873574078083,0.0275692064027018,-10.039126284285706,3.2495093530640697,1.8588084808786136,-10.039126284285706
0.15107264462858438,0.41570008732378483,0.1976586813107133,0.39261847734451294,0.027558708118963122,-6.367665604756279,1.6540888211301186,1.3221957455375892,-6.367665604756279
0.07647689431905746,0.409391718916595,0.021040319465100765,0.21154403779655695,0.027557831471487482,-11.08149627129064,3.336662324616023,2.0905029350574473,-11.08149627129064
0.14226931519806385,0.4248588802292943,0.5950189223513007,0.30458681285381317,0.027556100297074733,-6.303943527997678,2.248078054761725,1.2225139664789795,-6.303943527997678
0.16016968712210655,0.4147790428251028,0.34828671999275684,0.19502460211515427,0.027548705959093252,-6.1536357401721204,1.7444116038284452,1.1614806804873155,-6.1536357401721204
0.10641133785247803,0.4173799464479089,0.14404931664466858,0.27963058184832335,0.027528869491135796,-8.567270243981632,2.2763378847222016,1.619231657790058,-8.567270243981632
0.1984878508374095,0.41544832568615675,0.44085044600069523,0.16573711577802896,0.027521589310728643,-5.8205032179499,1.623784787505332,1.1520396121670538,-5.8205032179499
0.4152903137728572,0.36211117915809155,0.3628557389602065,0.23901461903005838,0.027520252574391012,-2.107353323271297,1.343488874809662,0.8180544314605951,-2.107353323271297
0.11034670192748308,0.4083291878923774,0.4328988827764988,0.3878214890137315,0.027510882520828915,-5.3439099781030714,1.2107331876770429,1.1155656235513474,-5.3439099781030714
0.24825930502265692,0.42014412954449654,0.6433056220412254,0.37516817450523376,0.027504126929562996,-5.184415823598166,2.123569903410305,1.3391812742778735,-5.184415823598166
0.39348343200981617,0.3634033789858222,0.043841599486768246,0.2476234333589673,0.02749669712216858,-7.3907729887864875,2.6206930970061006,2.3590809799310195,-7.3907729887864875
0.10493288096040487,0.40995944663882256,0.45336493756622076,0.3261966221034527,0.02749655693592512,-5.733809031284174,1.5140614935593768,1.17008638790812,-5.733809031284174
0.2330602090805769,0.42720168828964233,0.08094075787812471,0.47548088897019625,0.02749053325757759,-7.473054151003622,2.366558169413508,2.0719681937464904,-7.473054151003622
0.332480956800282,0.413820662535727,0.22146985866129398,0.23828918021172285,0.02748897787474358,-3.995390657518034,1.573278878107769,1.321903268647038,-3.995390657518034
0.23322786390781403,0.4205443887040019,0.5260197808966041,0.23822987917810678,0.0274778348394366,-4.428933814515504,1.595179518144651,1.0035195758980997,-4.428933814515504
0.1182183874770999,0.4179956568405032,0.2286873795092106,0.2982453014701605,0.02746852046618639,-7.02790315067795,1.7025533329704832,1.3066689260210376,-7.02790315067795
0.14528971165418625,0.4210300473496318,0.2116569336503744,0.373160220682621,0.027462912779288754,-6.307157877180973,1.5721559793131248,1.2803457193041978,-6.307157877180973
0.15571705903857946,0.42450893949717283,0.10928680468350649,0.022642855532467365,0.027452694436919677,-11.036332695476162,3.668545029333556,2.0564923608336727,-11.036332695476162
0.14618000015616417,0.41610380448400974,0.2709878599271178,0.38019029051065445,0.0274450472482216,-5.4139609551380365,1.2210348430150846,1.0924382177851286,-5.4139609551380365
0.19419776368886232,0.41163268964737654,0.42039933055639267,0.4241453129798174,0.027441707391646416,-3.120580182509404,1.0254733994079426,0.8280785142598854,-3.120580182509404
0.4544624425470829,0.39998128078877926,0.18307684734463692,0.257684919051826,0.027434093545042938,-4.216946788930671,1.8330452729702598,1.4993280547996404,-4.216946788930671
0.32132966443896294,0.4176699351519346,0.0075750937685370445,0.1525623956695199,0.027433242970516955,-9.349732779193674,3.219675838082889,2.6317348198661774,-9.349732779193674
0.1875508688390255,0.4024340882897377,0.1712282272055745,0.15207832772284746,0.027423551504167913,-8.100176605824812,2.5571620405151827,1.6488003016218062,-8.100176605824812
0.12743785232305527,0.4112096568569541,0.6900904718786478,0.3535234285518527,0.027420788953023766,-7.978528966579346,2.848997303984548,1.4892528875424382,-7.978528966579346
0.20168646145612001,0.4242724347859621,0.35047013126313686,0.29353275522589684,0.02741534223502849,-3.7334333981914165,1.1616876284168456,0.9137689928593877,-3.7334333981914165
0.12774773314595222,0.4083542823791504,0.21762372460216284,0.1629600878804922,0.027412173052527637,-8.37512015948364,2.4314108862911095,1.4912918523151768,-8.37512015948364
0.17699756752699614,0.41615576203912497,0.5595760652795434,0.12888426706194878,0.027408393297487916,-7.7045127764434405,2.039393801171772,1.3742408926645555,-7.7045127764434405
0.16667508985847235,0.4246252505108714,0.2834769953042269,0.23672607634216547,0.027394846954147383,-5.941387987536372,1.6353750382279617,1.1655691422354733,-5.941387987536372
0.1507932199165225,0.4270386751741171,0.15465577505528927,0.3239799002185464,0.02739164529070667,-7.328123328639908,1.9592703228295507,1.5495582932662841,-7.328123328639908
0.2381289368495345,0.4306847518309951,0.17960785329341888,0.3895233189687133,0.027361822974563327,-4.9886879583423305,1.4885839913156682,1.4048864986538374,-4.9886879583423305
0.2683253111317754,0.40160681772977114,0.42108903266489506,0.3581715039908886,0.027348858079577307,-1.337492950281052,0.8916572914930027,0.6308010268918601,-1.337492950281052
0.22688743192702532,0.4305727370083332,0.2154393596574664,0.32614273019135,0.027347340634603836,-4.733364029177746,1.3115538894983647,1.23119766633953,-4.733364029177746
0.09808913059532642,0.40670105442404747,0.014786646701395512,0.3372667171061039,0.027338916654461216,-10.334552262123431,3.0287483146900422,2.1311609008752317,-10.334552262123431
0.24160944391041994,0.4132681181654334,0.46840561646968126,0.23507397063076496,0.027333689284638484,-3.750947134432497,1.3949999113225502,0.913558628100715,-3.750947134432497
0.3019639002159238,0.43289425037801266,0.5308786993846297,0.3466861601918936,0.027331798167691462,-2.0390811383316048,1.251672939300731,0.7149586355054925,-2.0390811383316048
0.25758865289390087,0.4264541529119015,0.013615081086754799,0.026162616908550262,0.02732994853830137,-11.192373736913623,3.9535746576470427,2.489406641203934,-11.192373736913623
0.20390834752470255,0.4145742952823639,0.4141595521941781,0.10407094284892082,0.02732844317411276,-7.011426110132897,1.817269005565728,1.3410007043340892,-7.011426110132897
0.21580264810472727,0.4352993415668607,0.09076797682791948,0.331980025395751,0.027327029459720955,-7.392819954746414,2.1644782353084637,1.9508262165599093,-7.392819954746414
0.13849903736263514,0.4078291207551956,0.25171706173568964,0.1733591090887785,0.027323976858783502,-7.683205413606978,2.2057278497446027,1.377168745694834,-7.683205413606978
0.4521982688456774,0.33383088931441307,0.3421169323846698,0.37278345040977,0.02732264188199283,-1.375005944250119,1.145255160561283,1.0294857881804498,-1.375005944250119
0.11020784731954336,0.3966445326805115,0.05089001264423132,0.015458882786333561,0.027310018304169868,-11.918016443166174,4.138194186362327,2.1359808932428854,-11.918016443166174
0.27757433988153934,0.4204498939216137,0.5456578535959125,0.4501793095842004,0.027305686091853174,-2.8641490352954917,1.4184716795417946,0.804055613678519,-2.8641490352954917
0.12335926108062267,0.42997043766081333,0.49772389605641365,0.4306555688381195,0.027300698057925687,-5.31590906596045,1.5775476861193607,1.077928986617194,-5.31590906596045
0.3140135835856199,0.4068687139078975,0.15174989216029644,0.21405926160514355,0.027288111217599286,-5.890339970142009,2.086077107161981,1.7591305053843684,-5.890339970142009
0.1829023901373148,0.4186228048056364,0.546730337664485,0.10930297151207924,0.02728002297160151,-7.875483483202499,1.9839726656791248,1.4073310613829892,-7.875483483202499
0.13877059146761894,0.40619864128530025,0.23571658786386251,0.19190434087067842,0.02727209056590566,-7.590109678474262,2.161524085489616,1.3826770329860998,-7.590109678474262
0.11087178532034159,0.413164472207427,0.11575542856007814,0.3656473094597459,0.027268301226349236,-8.531426076608572,2.3149977504683026,1.6946909203854845,-8.531426076608572
0.3214657064527273,0.4059805432334542,0.38337935879826546,0.28007588628679514,0.027267151299652542,-1.3049167553105692,0.9106495949084541,0.6294815871707752,-1.3049167553105692
0.39719645865261555,0.3948652856051922,0.42586283199489117,0.4732678420841694,0.027259299561428738,-0.8601580885325103,0.27457139162113203,0.38360039116741007,-0.8601580885325103
0.11204774305224419,0.4234312353655696,0.09128378983587027,0.08626248966902494,0.027256406466355167,-10.951012690161194,3.4590191682060434,1.9781989427814637,-10.951012690161194
0.4777575209736824,0.40731255803257227,0.02008596993982792,0.37064290419220924,0.027255858565578023,-7.60469101416223,2.238172133013883,2.6601320898334193,-7.60469101416223
0.19478751998394728,0.4339084532111883,0.05422011576592922,0.3914413033053279,0.02724928616605279,-8.30084662121997,2.4680109882211325,2.138301034475265,-8.30084662121997
0.08695756830275059,0.40533398650586605,0.07957402989268303,0.11904143448919058,0.027246121429360576,-10.962487288233163,3.4394730172652896,1.9524294710196757,-10.962487288233163
0.13520344719290733,0.4035522360354662,0.450348068960011,0.34680719766765833,0.027240486641306814,-4.830545934877183,1.4131038008089245,1.066061832176312,-4.830545934877183
0.37057577818632126,0.4513811394572258,0.22112261038273573,0.324967541731894,0.027237272404055855,-2.8160031067189135,1.1920662335087129,1.0943011346852787,-2.8160031067189135
0.23357428796589375,0.3991007599979639,0.06670825183391571,0.06893841549754143,0.027230192224774723,-10.063051354516638,3.5052449320591847,2.2101294875162694,-10.063051354516638
0.14797288458794355,0.40865539480000734,0.682662008330226,0.31757459603250027,0.027226676942384443,-7.682008888464484,2.7304696100327646,1.4716028749938588,-7.682008888464484
0.27576193679124117,0.4103002166375518,0.18433089554309845,0.1672169817611575,0.02722659911715124,-6.499028645000841,2.221989539768613,1.6229630356357443,-6.499028645000841
0.4230782873928547,0.4218389503657818,0.07518365327268839,0.24653478153049946,0.02722652648471865,-6.713554496493218,2.2800713603596305,2.3450648948753408,-6.713554496493218
0.0895645646378398,0.4104814315214753,0.10561841260641813,0.2418796680867672,0.027223817563222962,-9.622852274479563,2.6951009501256413,1.7808976103260516,-9.622852274479563
0.1911850580945611,0.40866403095424175,0.34355112444609404,0.23314650915563107,0.027222316651599448,-4.875707556149778,1.478879705038357,1.0285632059923722,-4.875707556149778
0.387306971475482,0.3871289286762476,0.0689470274373889,0.2548900693655014,0.02721676479137867,-6.714276589953338,2.345906009529375,2.3284766594611477,-6.714276589953338
0.13676088396459818,0.40977448783814907,0.7035999642685056,0.3809400973841548,0.027216346957049463,-8.06992966161521,2.895056814417146,1.5492313641003748,-8.06992966161521
0.45480737648904324,0.3513548346236348,0.07400306314229965,0.3442618018016219,0.02721297264581073,-6.375487624369449,2.231681515358038,2.0418123268403385,-6.375487624369449
0.11140429973602295,0.4283616803586483,0.5635020155459642,0.3950508888810873,0.027205523966523933,-6.178636869325643,2.1009792965352303,1.181725978582566,-6.178636869325643
0.18587876670062542,0.41729992907494307,0.7172123165801167,0.2998191863298416,0.027205456374170472,-8.002200554469338,2.7685276890710497,1.6847926580958272,-8.002200554469338
0.15325899980962276,0.40918968711048365,0.5863298494368792,0.2400349322706461,0.027205124532541817,-6.6376580067951245,2.2117370796241462,1.236202681520387,-6.6376580067951245
0.10353613179177046,0.413062890060246,0.029295606538653374,0.4270451180636883,0.02719936311174361,-10.031661278391992,2.952370225482223,2.0928677703902325,-10.031661278391992
0.13020639400929213,0.41655896324664354,0.4037153571844101,0.2407761225476861,0.027192397664821077,-5.931962091703258,1.6271117211965438,1.1437637704178205,-5.931962091703258
0.23419838584959507,0.4221258396282792,0.4054085798561573,0.27896634209901094,0.027173095617841838,-2.9174098500787693,1.1817405775836023,0.8264536311820965,-2.9174098500787693
0.37455321568995714,0.3595811501145363,0.501993216574192,0.3732584621757269,0.02715894248893742,-1.429555964403066,1.0916489447546938,0.7005246716684504,-1.429555964403066
0.5103461453691125,0.3586663017049432,0.3985844198614359,0.31887659057974815,0.02715828717473529,-1.831874694741055,1.2442479519169267,0.8467200617508757,-1.831874694741055
0.35273413080722094,0.36914322152733803,0.023502487689256668,0.35367122758179903,0.027146860721474587,-7.424053135970918,2.36053450432693,2.547829066897144,-7.424053135970918
0.16847955994307995,0.40982171427458525,0.4921907065436244,0.12573074456304312,0.02714574282053958,-7.337380430649436,1.9472806068217365,1.3098587437022842,-7.337380430649436
0.15701287984848022,0.4192126961424947,0.5670668827369809,0.16874100361019373,0.027137243592443273,-7.380357530329759,2.12200847675436,1.3103078837975668,-7.380357530329759
0.14020031690597534,0.4239923320710659,0.22651185281574726,0.34857628867030144,0.02713706160043888,-6.284418586884837,1.514745664938626,1.2452445535781895,-6.284418586884837
0.2175035998225212,0.4199595833197236,0.4323840271681547,0.13137317076325417,0.02713581235703667,-6.246177553626669,1.590695641223807,1.2395061769618398,-6.246177553626669
0.2153902417048812,0.41250777803361416,0.5202199285849929,0.06923074461519718,0.027134247487894062,-8.074345048505103,1.9031997718540552,1.504659911039207,-8.074345048505103
0.34798874240368605,0.34181574638932943,0.42034211941063404,0.2919445252045989,0.02713133690929369,-1.663839942354125,1.244555147007098,0.7904595951798771,-1.663839942354125
0.15610918682068586,0.4272536672651768,0.6128814518451691,0.4647931084036827,0.027125221068525197,-6.235194326896603,2.308664675689108,1.2092668418106038,-6.235194326896603
0.18113998044282198,0.4109302470460534,0.37663452979177237,0.17144683934748173,0.02712445527446233,-6.029999177375549,1.738477814384759,1.1596056763444484,-6.029999177375549
0.4695509411394596,0.36865873355418444,0.10757053084671497,0.2457647379487753,0.027124394375603423,-6.1627690954842524,2.3828042930354942,1.9267561395050963,-6.1627690954842524
0.1591262510046363,0.4112835694104433,0.47935209795832634,0.10611221101135015,0.027117669781408983,-7.794228524487155,2.0448307105545798,1.363106207195478,-7.794228524487155
0.2532419916242361,0.4048547698184848,0.22941162809729576,0.22494197357445955,0.02711306926113223,-5.125672082885777,1.6857671112874268,1.2723732825736347,-5.125672082885777
0.11840889696031809,0.41373157501220703,0.4688023691996932,0.513100172393024,0.02711038673895086,-5.867953944081336,1.4169234059120452,1.0671439125690574,-5.867953944081336
0.455377752892673,0.43273600563406944,0.2811157377436757,0.4170643026009202,0.02710846028791329,-1.346112574553999,0.9169874223425732,0.6089782662961483,-1.346112574553999
0.10226761735975742,0.4039424154907465,0.031872921623289585,0.30762437637895346,0.027105099763556365,-10.099496053488854,2.945977145385785,2.060734666491699,-10.099496053488854
0.18452575895935297,0.42625277768820524,0.04493402689695358,0.522125007584691,0.027096940964472318,-9.159342040412902,2.85312554819329,2.2309872801740425,-9.159342040412902
0.21435452811419964,0.42684487253427505,0.2805672902613878,0.25355368945747614,0.0270947578074147,-4.726023831176144,1.4065644445042085,1.0653913827854775,-4.726023831176144
0.44997504260390997,0.35519694723188877,0.17070878762751818,0.2585351364687085,0.027090562849576255,-4.680647429521365,2.0597980499373967,1.4404958361431903,-4.680647429521365
0.12893247324973345,0.40205008815973997,0.4687027130275965,0.38985561672598124,0.02708248453135296,-4.963189635639587,1.443242741962343,1.0603439349920212,-4.963189635639587
0.1486037466675043,0.41308353282511234,0.36760977376252413,0.15498830657452345,0.027076341701219003,-6.988279675093563,1.9509173052586126,1.248192989679839,-6.988279675093563
0.22400594409555197,0.42500222753733397,0.6698630563914776,0.4011251665651798,0.02706738777169797,-6.12785893202225,2.379926319048923,1.472917943539588,-6.12785893202225
0.12527871783822775,0.4193943440914154,0.3562678573653102,0.41638504434376955,0.02705622955215908,-5.142264998242873,0.8999684796998249,1.0398067208210267,-5.142264998242873
0.3181268163025379,0.3968678042292595,0.03933220263570547,0.24843122251331806,0.027053810036302438,-7.736724789940612,2.560589227273203,2.452872708137514,-7.736724789940612
0.08709545433521271,0.4170194948092103,0.4669742649421096,0.4951805016025901,0.027053435984078278,-6.423783557816229,1.4722681046805537,1.1487628077026868,-6.423783557816229
0.3365197842940688,0.4200335144996643,0.3145554745569825,0.27018313854932785,0.02703951196607318,-1.8693469406288554,1.026018466880711,0.767108886026537,-1.8693469406288554
0.3004775419831276,0.4189591119065881,0.21254881005734205,0.21586380619555712,0.027038842394079946,-4.9108793843604515,1.7556238657664927,1.39880079644242,-4.9108793843604515
0.17282239813357592,0.42307872138917446,0.6489807786419988,0.2567104185000062,0.027034778764290963,-7.1386906323250345,2.440515225502891,1.3827941264947277,-7.1386906323250345
0.23879927583038807,0.4192210789769888,0.40666693449020386,0.2571020433679223,0.027030885012243003,-3.178646096790713,1.234977062221904,0.8504028899739301,-3.178646096790713
0.18706790171563625,0.4153698282316327,0.26545136515051126,0.004470479674637318,0.027006540482007357,-9.696912755181096,3.050888648030401,1.8008166148099756,-9.696912755181096
0.3624855140224099,0.3755089985206723,0.32626511342823505,0.30185766890645027,0.0269932749151537,-1.15022115984521,0.9246240638905473,0.6767749689522189,-1.15022115984521
0.2743837144225836,0.41744869109243155,0.26443682238459587,0.4135941341519356,0.026988770298436483,-2.603739985159745,0.8720648926085101,0.8588694330619949,-2.603739985159745
0.2060776986181736,0.39737448655068874,0.08644436951726675,0.0308458274230361,0.02697260843760708,-10.558948611860771,3.690968738896824,2.1521226302034293,-10.558948611860771
0.4283744031563401,0.3612609440460801,0.035709185525774956,0.390887014567852,0.026963041388010072,-7.1483768287099805,2.2938081466048694,2.420082403807761,-7.1483768287099805
0.08375087566673756,0.40903839468955994,0.12401071563363075,0.027070749551057816,0.026960072899367447,-11.510624524525076,3.7873085958587467,1.936573433869048,-11.510624524525076
0.13262006640434265,0.41197384614497423,0.046318840235471725,0.4943306613713503,0.026950381910242568,-9.592628498443737,2.8992413587237356,2.085227218298976,-9.592628498443737
0.4346518348902464,0.35595171246677637,0.14430445153266191,0.24361671973019838,0.026947061648665192,-5.352825251715782,2.2181273905380383,1.629475356149243,-5.352825251715782
0.21938829217106104,0.4142340514808893,0.5082988142967224,0.031149537302553654,0.026941595401398958,-8.757086032372769,2.0802850259460244,1.6331328366391282,-8.757086032372769
0.14464407600462437,0.42556156124919653,0.13722808007150888,0.4139032596722245,0.0269410772677932,-7.553331194147638,2.1022906374237755,1.6031038657781076,-7.553331194147638
0.34963774774223566,0.43972748424857855,0.007220422849059105,0.2861292315647006,0.026939418872222873,-8.152897176431336,2.511811970083639,2.76452949454566,-8.152897176431336
0.214357053861022,0.4042770517989993,0.1915333028882742,0.0865364745259285,0.026937046528391736,-8.52595868086167,2.798497015714464,1.7376973686126083,-8.52595868086167
0.1285654753446579,0.41315551940351725,0.2686521988362074,0.09137794934213161,0.026929873395223933,-8.961286797187793,2.6604751502680655,1.5291328983991739,-8.961286797187793
0.49099505692720413,0.3637868892401457,0.10181666444987059,0.28458959609270096,0.02692751920351571,-6.11580504237597,2.309567172888134,1.8917576659212634,-6.11580504237597
0.13993805833160877,0.4207148998975754,0.17558154184371233,0.4347948106005788,0.026927230320783938,-7.020694183606069,1.9015100106242462,1.4151194335700572,-7.020694183606069
0.4917500428855419,0.3935881704092026,0.25099935475736856,0.3503000112250447,0.026925095956664317,-2.274689031057596,1.3570853666362546,0.8921355806516501,-2.274689031057596
0.1151255751028657,0.4119675625115633,0.3232390349730849,0.20489407796412706,0.02692216315058609,-7.10916853733435,1.8873856124748698,1.2373487007435693,-7.10916853733435
0.3650796068832278,0.45738976914435625,0.16070357244461775,0.3682579845190048,0.0269181536436345,-4.160025499971308,1.3741865616107805,1.529712572287137,-4.160025499971308
0.17200891580432653,0.4197974894195795,0.6999185997992754,0.4678533002734184,0.026917882203813685,-7.727236111601664,2.7994623170318214,1.6063905911179357,-7.727236111601664
0.18717313930392265,0.4036798868328333,0.12551547773182392,0.38125060964375734,0.026908656281842226,-6.95368209711045,2.0131386548312333,1.6809976948963197,-6.95368209711045
0.47455181181430817,0.4030900364741683,0.05770150013267994,0.27522373851388693,0.02690723459947827,-6.98942396290053,2.3364227700402918,2.378847648009586,-6.98942396290053
0.1412886157631874,0.4198485231027007,0.47343115881085396,0.2126399539411068,0.026900454582432964,-6.206406500664003,1.818292731075829,1.1736895528248492,-6.206406500664003
0.11350536439567804,0.41392818465828896,0.6516177682206035,0.47497518360614777,0.02689647515678089,-7.701883281491677,2.7300811434966503,1.3700809912308731,-7.701883281491677
0.08342586271464825,0.41202334966510534,0.5962046543136239,0.46034775022417307,0.02689538502929188,-7.353932078285801,2.4512082880058443,1.262850158181305,-7.353932078285801
0.133875978179276,0.4105232460424304,0.5329988952726126,0.21385184582322836,0.02689321391921728,-6.736522192747575,2.0711685336361962,1.2220060637352361,-6.736522192747575
0.18016900029033422,0.4317935658618808,0.5040740333497524,0.31428552232682705,0.026890325450565345,-4.257296366593038,1.6220165637694512,0.9965752050342569,-4.257296366593038
0.23344021290540695,0.41859879065304995,0.4483430637046695,0.4417826719582081,0.026888264594868455,-2.3462629229951593,1.0266220455408783,0.6952091879840705,-2.3462629229951593
0.44137718714773655,0.385479879565537,0.45832252502441406,0.4076698198914528,0.026887498583242766,-0.6695158352654742,0.7214046887551205,0.5075689655682905,-0.6695158352654742
0.35487168934196234,0.47486769780516624,0.42295803129673004,0.34779460076242685,0.026878274416192324,-0.6248047345055598,0.7308560629212034,0.8935188240091397,-0.6248047345055598
0.16196535900235176,0.41673968732357025,0.6768640633672476,0.4845147477462888,0.02687141835519588,-7.4955614792264385,2.7204634018387095,1.487864501282835,-7.4955614792264385
0.15512818936258554,0.41737004928290844,0.4902980728074908,0.052404094487428665,0.026871092928008378,-8.935337968468996,2.2984373597252694,1.523791756137787,-8.935337968468996
0.3976280875504017,0.3586395364254713,0.13419781904667616,0.3678812235593796,0.026868752366856295,-4.6813751871804525,1.7435065582424947,1.672533473495268,-4.6813751871804525
0.1514871111139655,0.42234894540160894,0.33166257198899984,0.4224102357402444,0.026867819739573588,-4.626977992534405,0.9604055136634925,0.9638961685729627,-4.626977992534405
0.11528304032981396,0.4216207368299365,0.301970848813653,0.2873429339379072,0.026867645260790905,-6.362640104443518,1.4608118467504323,1.1735531508065662,-6.362640104443518
0.2313434025272727,0.41285185143351555,0.4265843238681555,0.050355262123048306,0.02686508642952845,-7.877165967629798,1.9500949569849977,1.543893924026965,-7.877165967629798
0.1529386267066002,0.4305036533623934,0.015747390687465668,0.4695941414684057,0.026864506444287947,-9.764169511634744,2.9724337183421574,2.288447831256321,-9.764169511634744
0.11753918696194887,0.4035431118682027,0.16476851515471935,0.07116503827273846,0.026861790460913818,-10.233762512096684,3.260173256517187,1.7879474002299969,-10.233762512096684
0.2678543431684375,0.4140839921310544,0.5586986429989338,0.2821537936106324,0.026859963183595893,-3.712274367523164,1.619695440296072,0.9658131189774308,-3.712274367523164
0.1783656794577837,0.4331831308081746,0.010313889011740685,0.09484188538044691,0.026856248235638747,-11.140352556742819,3.667303939376464,2.305202158571849,-11.140352556742819
0.10849242564290762,0.40723486989736557,0.23074863571673632,0.22817044705152512,0.02685388426969367,-7.811030685017699,2.0698235124299442,1.3722809754811809,-7.811030685017699
0.12498577684164047,0.4078192552551627,0.09797296859323978,0.40086026582866907,0.026849792700061527,-8.534795934484949,2.4135900128557797,1.774875059638934,-8.534795934484949
0.20562464743852615,0.432803463190794,0.07633146829903126,0.4373996388167143,0.026848971402897978,-7.771852498912075,2.366960257970403,2.0320549513025923,-7.771852498912075
0.17777304165065289,0.43423412926495075,0.5224014846608043,0.4196899365633726,0.026845599377085763,-4.210211139385212,1.620990579410125,0.9428011609516322,-4.210211139385212
0.13817569334059954,0.4127748301252723,0.7790443487465382,0.3724060831591487,0.026841200120891955,-9.607557079837077,3.2930967440182326,1.9203595665637967,-9.607557079837077
0.12232187483459711,0.40112970769405365,0.08697473723441362,0.2697207871824503,0.026837423819292897,-9.148587936341047,2.635021042300536,1.8497641227845762,-9.148587936341047
0.15167083870619535,0.4058977095410228,0.6450683977454901,0.28851256240159273,0.026836381258451416,-7.117367518921428,2.516237933926218,1.3417146292499391,-7.117367518921428
0.09470773860812187,0.42006566748023033,0.5361821549013257,0.5138533413410187,0.026829707830177747,-6.847189655487746,2.035064069508365,1.179852545271042,-6.847189655487746
0.1731795771047473,0.41495885234326124,0.7514275489374995,0.285498671233654,0.026829090990499935,-8.975360749074378,3.0016508737632095,1.839384676869843,-8.975360749074378
0.2518784096464515,0.41189906373620033,0.21065522264689207,0.10167507641017437,0.026828661510217188,-7.627054796654835,2.5188554084402868,1.6739214329776098,-7.627054796654835
0.4442353677004576,0.3879428505897522,0.2860277323052287,0.24766113981604576,0.026828502164338363,-2.490481619157903,1.464210864887051,0.9503327235603243,-2.490481619157903
0.4844123823568225,0.40198149997740984,0.06516537629067898,0.30360432900488377,0.026815889662211937,-6.702930229791636,2.1865039335416934,2.3000589552907416,-6.702930229791636
0.48593412060290575,0.3445193013176322,0.3747747493907809,0.41693696193397045,0.026814207804993426,-1.5646804720615117,1.1864014765324145,0.9215523432587246,-1.5646804720615117
0.14277904760092497,0.4089310681447387,0.08472669869661331,0.4580139657482505,0.026795920017949445,-8.594891654127746,2.5411244595848825,1.870962940862491,-8.594891654127746
0.22860408946871758,0.41735436767339706,0.3072987422347069,0.14897343516349792,0.026790783561923104,-6.044808741069869,1.8396667353866045,1.2634071657106298,-6.044808741069869
0.17060813400894403,0.41776226833462715,0.5844373647123575,0.06334429327398539,0.02678822978461856,-9.224389023415068,2.3641782351772123,1.5824425577953423,-9.224389023415068
0.38025194499641657,0.46390256471931934,0.11239566281437874,0.34213775023818016,0.026787603485397188,-5.521982197011197,1.6001080988029925,1.8873321429029781,-5.521982197011197
0.1218595327809453,0.42880340851843357,0.07776997238397598,0.17603330593556166,0.026784565408281856,-10.129995007278856,3.0061687558591417,1.9489573199340173,-10.129995007278856
0.17874467745423317,0.40846703201532364,0.39401213079690933,0.06601286120712757,0.02677678834670856,-8.145844364067258,2.223839992825549,1.4696410170238798,-8.145844364067258
0.1925830263644457,0.42177012003958225,0.45479532051831484,0.06800030265003443,0.026774266035602873,-8.041173853710877,1.9572842334968275,1.4677040325744746,-8.041173853710877
0.4827662529423833,0.3358248984441161,0.4136397773399949,0.3247087365016341,0.02676986294690968,-1.856879252035458,1.3187022959329147,0.9985799069211956,-1.856879252035458
0.21024238876998425,0.40643270034343004,0.2301263641566038,0.05737526249140501,0.02676800299469286,-8.712778385696264,2.808037599054383,1.71720940007829,-8.712778385696264
0.07457397598773241,0.405635598115623,0.5514245899394155,0.40042393561452627,0.026767885545440788,-6.8923406101966895,2.1383709351490454,1.2381797204919691,-6.8923406101966895
0.1717602452263236,0.40132411010563374,0.5203959047794342,0.30604970548301935,0.02676458455765247,-4.715163689427033,1.7730718836981956,1.0276418000465641,-4.715163689427033
0.24979781825095415,0.3986384542658925,0.19954471942037344,0.3020375417545438,0.02675644544670961,-4.7561010658811345,1.4172806512296214,1.3103673106635505,-4.7561010658811345
0.13157427683472633,0.4071422405540943,0.4713725419715047,0.2514533568173647,0.026745902536748106,-5.853186241138918,1.7753916684211066,1.142860607473651,-5.853186241138918
0.2298654094338417,0.4203316578641534,0.24162975791841745,0.09741714596748352,0.026742241265176155,-7.678904509314736,2.4165537573422715,1.5864975585667147,-7.678904509314736
0.143946279771626,0.3940571704879403,0.019861416891217232,0.16867767926305532,0.026738632922988264,-10.520320071138249,3.3854091269151145,2.1742426151183114,-10.520320071138249
0.16270007099956274,0.4139776285737753,0.2096442859619856,0.4482853813096881,0.026734001476506224,-6.023553655254403,1.6484462191492941,1.2440302653833042,-6.023553655254403
0.19179702922701836,0.4051281772553921,0.393683566711843,0.3086913311854005,0.02673395095980686,-3.5934275830069686,1.2103854576926956,0.9119428915556305,-3.5934275830069686
0.2572404909878969,0.4253077683970332,0.5171463480219245,0.4590733991935849,0.026731134008700065,-2.767935652278181,1.3282315212118923,0.7348613990666584,-2.767935652278181
0.20603693090379238,0.40713395085185766,0.5062831863760948,0.16694376058876514,0.02673087515204848,-6.032000274915097,1.7156793898825609,1.168507735195627,-6.032000274915097
0.16713552456349134,0.4053095066919923,0.3016767865046859,0.3301846757531166,0.026730019739615096,-4.721933541955813,1.1445092984895568,1.0159739916885766,-4.721933541955813
0.1646759770810604,0.4167795963585377,0.45150685496628284,0.5264335703104734,0.02672766674811638,-4.9049156305335915,1.2119957288405234,0.9517607965654239,-4.9049156305335915
0.4239182872697711,0.359149188734591,0.32506688218563795,0.23259222228080034,0.026721367196325993,-2.5434545471216645,1.49700082214375,0.881503514105776,-2.5434545471216645
0.19434544164687395,0.4135935800150037,0.6247700117528439,0.13062673714011908,0.0267129746972433,-8.266035175081853,2.2688334603393256,1.499097662088182,-8.266035175081853
0.20087477564811707,0.41109887417405844,0.32525748386979103,0.002604840323328972,0.026711553955017862,-9.293501009218003,2.784796171720218,1.744907798257473,-9.293501009218003
0.12077878788113594,0.42497340124100447,0.5256454655900598,0.5202752687036991,0.02670976286104546,-6.268705582407652,1.8660080420086365,1.1154990647118463,-6.268705582407652
0.08896465506404638,0.40957156382501125,0.609714163467288,0.308053077198565,0.026705441572853768,-7.523835186969918,2.538425821941158,1.3117903938380917,-7.523835186969918
0.41986739728599787,0.3563534077256918,0.027217203751206398,0.38540732488036156,0.02670212598982378,-7.358186878558896,2.363141181488253,2.4475963046142697,-7.358186878558896
0.16744001861661673,0.42269491124898195,0.7382558491080999,0.44333064183592796,0.026698300204103128,-8.49414562208221,3.008834466204422,1.7970895151645256,-8.49414562208221
0.4295942671597004,0.4522969527170062,0.04027796071022749,0.2993327509611845,0.026694517719592196,-7.382470725492926,2.112175823476009,2.4662129147480325,-7.382470725492926
0.12555814255028963,0.42340610548853874,0.30557405576109886,0.3629574812948704,0.026692776393736354,-5.599382819198699,1.1287957521395222,1.091044311247133,-5.599382819198699
0.17417538352310658,0.4199857097119093,0.10242322832345963,0.5346494568511844,0.02667940663838933,-8.344793762038003,2.570873288443762,1.8882094784682872,-8.344793762038003
0.0976176904514432,0.41491679940372705,0.3248117696493864,0.25884038489311934,0.026677992455414072,-6.854289537929833,1.6158589695857044,1.212777332067668,-6.854289537929833
0.36374968010932207,0.4507314935326576,0.3100248845294118,0.3394709238782525,0.026671637153954934,-0.9358089148428402,0.7769470494621084,0.5809548429696206,-0.9358089148428402
0.41039229091256857,0.37545860279351473,0.4826511675491929,0.383290296420455,0.026664248872407183,-0.8425649744133189,0.8223308472573667,0.60630749039582,-0.8425649744133189
0.1643128115683794,0.41243571043014526,0.7109708674252033,0.23023024015128613,0.02666111289513237,-8.69887383894077,2.8322471535513136,1.641245515185475,-8.69887383894077
0.26522999815642834,0.4094508709385991,0.19280077889561653,0.1289467867463827,0.026659500981266526,-7.180831143685856,2.4261047254221797,1.667067569553071,-7.180831143685856
0.4627172192558646,0.44898957666009665,0.31563147343695164,0.4138607820495963,0.026656173038516324,-1.023744342879808,0.7303775517560451,0.5960301986663337,-1.023744342879808
0.2230345429852605,0.41974343452602625,0.2895167535170913,0.1138739064335823,0.02664125457007791,-7.008965496625833,2.1129526217748356,1.4196082616819006,-7.008965496625833
0.07514289114624262,0.3988550417125225,0.039884425699710846,0.08479956723749638,0.026640081901347482,-11.75847105718677,3.8712349148294267,2.068868289470714,-11.75847105718677
0.45464958157390356,0.46504448913037777,0.38638461008667946,0.30570937786251307,0.026630826527699405,-1.1395353634862184,0.9386168352174402,0.853268870392439,-1.1395353634862184
0.1522246217355132,0.3989873342216015,0.13373989146202803,0.23017453402280807,0.026630575400621054,-8.257258195092017,2.430485148007914,1.6842359462967762,-8.257258195092017
0.37126772478222847,0.3781708972528577,0.14161181077361107,0.2834477983415127,0.02662585785099977,-4.863562690291138,1.8338384222903996,1.7527555294728205,-4.863562690291138
0.16858311370015144,0.39807406440377235,0.11653729528188705,0.25223888363689184,0.026622815250115388,-8.061991106197418,2.388588345324983,1.7542446424025757,-8.061991106197418
0.18317227810621262,0.42217868752777576,0.6209833482280374,0.1778828101232648,0.026621013639309677,-7.5712486225731395,2.240181749360295,1.3903986249708682,-7.5712486225731395
0.24017778597772121,0.4145425548776984,0.10710148606449366,0.4961278149858117,0.026610864946722726,-6.968370508196002,2.256017040883426,1.896591829290542,-6.968370508196002
0.07038428541272879,0.4156198874115944,0.6323633827269077,0.43688255082815886,0.026606727465090792,-7.984837718929006,2.7296256126384493,1.345527625791204,-7.984837718929006
0.20894027408212423,0.40181358344852924,0.20994138065725565,0.17630824446678162,0.026601022844068126,-6.8929107366445646,2.17874088628744,1.4532449002376666,-6.8929107366445646
0.21122449170798063,0.4097507270053029,0.3015017509460449,0.044535073451697826,0.0265987650231378,-8.454953933564758,2.5550000861541653,1.6347127948973517,-8.454953933564758
0.22612216509878635,0.41378287225961685,0.33569289185106754,0.37833269964903593,0.02659562075885715,-2.615587329878565,0.7859000646402893,0.7750967774977019,-2.615587329878565
0.11944141983985901,0.40754322428256273,0.6343770287930965,0.2600432559847832,0.026590503497154944,-7.7046533533948365,2.597407126351655,1.3501275531272692,-7.7046533533948365
0.4819987863302231,0.35307704005390406,0.08500865008682013,0.306182574480772,0.02657845346625915,-6.382142991093577,2.3438859806367383,1.9446506545233617,-6.382142991093577
0.4213288351893425,0.4267764072865248,0.12696893326938152,0.43207487650215626,0.026575425320966118,-4.842581224834907,1.6066421109684428,1.8736793793914246,-4.842581224834907
0.10910033714026213,0.4122988199815154,0.7345831021666527,0.2865926371887326,0.02657482808765226,-9.339657098410791,3.1781130540484512,1.652551494787165,-9.339657098410791
0.23214441630989313,0.3984366748481989,0.49050356075167656,0.32241868879646063,0.026571073713489816,-2.9113391160874507,1.4101809874188402,0.812991049254819,-2.9113391160874507
0.07580684032291174,0.41534469462931156,0.10377268679440022,0.29631795175373554,0.026568483442547697,-9.573367089170599,2.5772086206276885,1.752484908367506,-9.573367089170599
0.05923488363623619,0.42426614183932543,0.0033597471192479134,0.007254722528159618,0.02656429574874511,-12.939191116548534,4.447212431560859,2.1884436108659866,-12.939191116548534
0.23458732664585114,0.4251819830387831,0.1954495282843709,0.11833873763680458,0.026562638100822728,-7.776625048197051,2.4984202274247527,1.6653975697093657,-7.776625048197051
0.1690988764166832,0.4321030508726835,0.09567458648234606,0.15842182002961636,0.02655692060075502,-9.45124358005175,2.8884180296679514,1.9310735439376558,-9.45124358005175
0.4901567315682769,0.4264785973355174,0.35192877147346735,0.29805109556764364,0.026550767623721976,-1.403981701117848,1.0373661746723062,0.6199148142661021,-1.403981701117848
0.2244207365438342,0.42578238621354103,0.1733981305733323,0.08409702125936747,0.026542009604697242,-8.756242539943853,2.8365260226396485,1.816737222363934,-8.756242539943853
0.14317309018224478,0.4116719886660576,0.5729877324774861,0.025255518034100533,0.02652664675231471,-10.043997174207226,2.7189644362025946,1.6510504236533388,-10.043997174207226
0.2016346426680684,0.40097197983413935,0.18511155433952808,0.11687197256833315,0.02652633954249266,-8.25421106364103,2.6760240843210483,1.6697794165978617,-8.25421106364103
0.09362013917416334,0.4127024980261922,0.328432091511786,0.3281734362244606,0.026518141079920513,-6.372170512163816,1.2119091873425731,1.1766509250801083,-6.372170512163816
0.5048072934150696,0.35330940037965775,0.3857310162857175,0.4165676720440388,0.026515956684916683,-1.684316953645213,1.227808976295814,0.8632885092504021,-1.684316953645213
0.07503760885447264,0.41835598926991224,0.4135825065895915,0.45715649612247944,0.0265156489819852,-6.416939686512239,1.056865778807789,1.1757993381370384,-6.416939686512239
0.17369954008609056,0.4021665183827281,0.1429317118600011,0.35394927579909563,0.02650831314723902,-6.921529028561236,1.9432991070102736,1.5812104473896393,-6.921529028561236
0.14493392780423164,0.4141274206340313,0.6921512363478541,0.1745633976534009,0.026507745570193208,-9.199050047945333,2.8418999804274536,1.5993146280446793,-9.199050047945333
0.1833551786839962,0.4058228712528944,0.43451157212257385,0.03297972772270441,0.026507195697508545,-8.772453395165167,2.3413051685812456,1.5707657415263525,-8.772453395165167
0.12923493329435587,0.42619561310857534,0.5242922259494662,0.2742532314732671,0.02650513576305845,-6.003164754063372,1.941105758363528,1.1737347616929952,-6.003164754063372
0.06496560573577881,0.40516180265694857,0.0566898500546813,0.1823828238993883,0.026501273331887436,-10.98429425971453,3.304168418456163,1.9609650941309764,-10.98429425971453
0.21336833015084267,0.41792349703609943,0.6511632287874818,0.23239241261035204,0.026496873155828483,-6.9284972564435545,2.296689382889839,1.4253356080415451,-6.9284972564435545
0.4021790372207761,0.47762695234268904,0.35011020954698324,0.3158168839290738,0.026490544179056462,-1.106885688032452,0.9265940675552278,0.964612644193205,-1.106885688032452
0.48804708383977413,0.41192039381712675,0.423977255821228,0.31629781518131495,0.026481512930111743,-1.0798272374034519,0.9140309247166114,0.563172912801629,-1.0798272374034519
0.08544727694243193,0.3999027004465461,0.06604115944355726,0.1464342763647437,0.026478063723163543,-10.86876014059315,3.3833198853910096,1.9623030617911823,-10.86876014059315
0.49923677556216717,0.36976067163050175,0.3058109087869525,0.40544629748910666,0.02646730962310715,-1.7283447354545283,1.2474448658284885,0.7589049446267561,-1.7283447354545283
0.11538760736584663,0.40206025913357735,0.18201640341430902,0.16092059575021267,0.026464506110916296,-8.980732017839099,2.6513802947789737,1.588955683116813,-8.980732017839099
0.41723293252289295,0.37867136765271425,0.04799946304410696,0.40542338602244854,0.026457368068608225,-6.765967947799163,2.1305202246692807,2.4443967006762275,-6.765967947799163
0.23167780693620443,0.4109067264944315,0.5990451741963625,0.25390794314444065,0.02645573424583848,-5.39376341702628,1.9658306647333674,1.179996502713733,-5.39376341702628
0.19433280732482672,0.3921355865895748,0.032380866818130016,0.047509217634797096,0.026448553082071977,-11.024691851875243,3.880867568695519,2.2676339192543837,-11.024691851875243
0.06212202552706003,0.41107823699712753,0.03955586161464453,0.29036244843155146,0.026448201360711264,-10.657670048857137,3.041851812000721,1.9849325711800483,-10.657670048857137
0.13057560939341784,0.4121843511238694,0.6359591539949179,0.5062183598056436,0.026445456363948638,-7.399416052986322,2.6123477050060186,1.3280979113712912,-7.399416052986322
0.4365039700642228,0.3497049883008003,0.23051641881465912,0.26417661271989346,0.026444258403939776,-3.4473105667974213,1.7709549020276385,1.0920320782855666,-3.4473105667974213
0.20861259009689093,0.41096400283277035,0.081601039506495,0.510201801545918,0.026443258951692666,-8.02619875098565,2.529652730907923,2.014378523680766,-8.02619875098565
0.16030668281018734,0.40302708093076944,0.2304081404581666,0.31763410568237305,0.026442205512860764,-5.910101984396076,1.5030059487059624,1.219680656586988,-5.910101984396076
0.16647195536643267,0.42012070026248693,0.3657182427123189,0.04261644184589386,0.026440135572788032,-8.848103194450717,2.466935937119297,1.5604996451401787,-8.848103194450717
0.492584983818233,0.35833616089075804,0.045532907359302044,0.27218486461788416,0.026439631010980506,-7.486371534914687,2.673716351970778,2.2381348782788373,-7.486371534914687
0.1012961259111762,0.40439322032034397,0.49973138328641653,0.29331941809505224,0.026433331691943993,-6.274148001076195,1.8867687159139055,1.195917338893438,-6.274148001076195
0.08575489278882742,0.40498189628124237,0.5936263855546713,0.3370965141803026,0.026431446816271582,-7.239873253414873,2.432407809483795,1.2758729043927015,-7.239873253414873
0.11764854099601507,0.4152319449931383,0.2889872984960675,0.44742625020444393,0.026430749749390556,-5.998672949020229,1.2379694644997057,1.0894379503911165,-5.998672949020229
0.20320930611342192,0.42615799233317375,0.4962174575775862,0.1751495273783803,0.026429656552718436,-5.8567783470137185,1.6135873487724695,1.1474634785144027,-5.8567783470137185
0.15352761559188366,0.4072438245639205,0.384614085778594,0.4398024445399642,0.0264257561637277,-4.332460230601751,0.9368838613405361,0.9308542683518963,-4.332460230601751
0.11877968069165945,0.41719259694218636,0.7405503550544381,0.2477807803079486,0.026422965254992138,-9.588569408046157,3.1816798381505644,1.6958182619411077,-9.588569408046157
0.061439705081284046,0.4079748997464776,0.4738773684948683,0.45517698023468256,0.026419180219971722,-6.827146058681731,1.5915894004438216,1.218544975640439,-6.827146058681731
0.1601067679002881,0.4333704188466072,0.6087523465976119,0.3778819916769862,0.026418376437764936,-5.856249705456306,2.244906944743266,1.179524115100316,-5.856249705456306
0.44165092427283525,0.3444028561934829,0.049239542335271835,0.32784425653517246,0.02641827055676463,-7.0069354618643125,2.4175452097284804,2.1710519088957096,-7.0069354618643125
0.18048626463860273,0.43467550352215767,0.023758538998663425,0.1377300275489688,0.02641049201380972,-10.53940795979497,3.3613361075142567,2.241371470042168,-10.53940795979497
0.2511869939044118,0.43083272129297256,0.1284756101667881,0.17366966512054205,0.026409086242264044,-7.697089038540753,2.48550913323959,1.8537028787798293,-7.697089038540753
0.16235960740596056,0.4326673839241266,0.12752486858516932,0.26831301487982273,0.02640715899959581,-7.974203242754381,2.2322457392626305,1.7034758179717602,-7.974203242754381
0.23863428831100464,0.42351011373102665,0.4886028906330466,0.467339351773262,0.026406564912755504,-2.825172336434666,1.2312274340498208,0.724944286840818,-2.825172336434666
0.0841577248647809,0.4147853488102555,0.0011763358488678932,0.48075327929109335,0.026404407731829373,-10.889447821998493,3.2944719617884473,2.210686566820254,-10.889447821998493
0.10085108038038015,0.4286703849211335,0.03597192745655775,0.11659807525575161,0.026400395777207986,-11.412155469036836,3.5791877175491673,2.1021944774229,-11.412155469036836
0.42151595931500196,0.48500421456992626,0.42463761381804943,0.37953461706638336,0.02639672193022828,-0.7139908466373783,0.7205102736692538,1.1845894482163881,-0.7139908466373783
0.29340580850839615,0.4005443984642625,0.0019062915816903114,0.058084744960069656,0.02639361459689694,-10.618401615910557,3.838292501285683,2.5612177217326995,-10.618401615910557
0.1633429890498519,0.41204775869846344,0.7569060567766428,0.2466868069022894,0.02639168205336084,-9.465481095982708,3.0802572472676393,1.8437853279396055,-9.465481095982708
0.09385059960186481,0.40890682488679886,0.3001232175156474,0.2490217238664627,0.026390209043180134,-7.222736617760476,1.7496761386143092,1.2435415957095357,-7.222736617760476
0.08166478294879198,0.41450932156294584,0.7314356854185462,0.3715564738959074,0.02638743440282714,-9.338053653264689,3.267445352499751,1.6130243943359204,-9.338053653264689
0.13221291825175285,0.4091185946017504,0.5498729879036546,0.05363787617534399,0.026382095528718907,-9.510618552684907,2.580615147415889,1.5490443619740275,-9.510618552684907
0.06912838853895664,0.41420005075633526,0.13396464101970196,0.1558381449431181,0.026380430533827322,-10.329308571234924,3.0036412200321587,1.7500357256126766,-10.329308571234924
0.11426623817533255,0.41531029902398586,0.5904551008716226,0.5323481531813741,0.026377160791164245,-7.254205356772591,2.4143564900136507,1.2448421166667765,-7.254205356772591
0.14684889744967222,0.4066794840618968,0.35420661605894566,0.11194759141653776,0.026376543487692614,-7.8237848809046655,2.2240038170123246,1.3550448970636606,-7.8237848809046655
0.2623769147321582,0.4275072440505028,0.2330187764018774,0.4162127710878849,0.02637451227992875,-3.4546616871788673,1.123646055584298,1.0517772105985856,-3.4546616871788673
0.18884028680622578,0.4191084634512663,0.23218689020723104,0.4707112358883023,0.026374495246370953,-5.2283847653279745,1.5081510964504796,1.1271989135529763,-5.2283847653279745
0.14257804118096828,0.4031436303630471,0.4124725889414549,0.40627292171120644,0.026371885691498904,-4.481504830719437,1.0893336847430808,0.9882659916956095,-4.481504830719437
0.155262085609138,0.4056853363290429,0.1184307336807251,0.4290620796382427,0.026359944082257666,-7.688383386891984,2.2281631624568052,1.687980334926155,-7.688383386891984
0.04885595943778753,0.41416148096323013,0.06794050056487322,0.04950376786291599,0.026355873226023143,-12.146189563007583,3.9711459551360866,2.00984660879353,-12.146189563007583
0.18173526600003242,0.40389297157526016,0.6067429520189762,0.2718099020421505,0.02635468980353299,-6.109456020840314,2.2024652987646895,1.209921930319216,-6.109456020840314
0.23513799160718918,0.4019125821068883,0.2688586348667741,0.2832769574597478,0.026353385272260256,-4.028766063605899,1.194276032706002,1.0166513883051511,-4.028766063605899
0.1563596148043871,0.42347334418445826,0.5161903295665979,0.1142636239528656,0.0263379864518907,-7.915728986566844,2.0325863027366315,1.3676703906128802,-7.915728986566844
0.49036009050905704,0.385596071369946,0.1494051581248641,0.3166039101779461,0.026329830317891937,-4.692863434419966,1.867554011587512,1.6042176001324682,-4.692863434419966
0.1436018766835332,0.4181099431589246,0.14173668064177036,0.517828555777669,0.026329236914726824,-7.98840142495858,2.345376483559481,1.6264366934355676,-7.98840142495858
0.1577985417097807,0.4028148306533694,0.5060777058824897,0.45844356063753366,0.02632847912891455,-4.745796429536602,1.5864102402979532,0.9591463649256189,-4.745796429536602
0.17574569955468178,0.4294502539560199,0.4854505266994238,0.5019454751163721,0.026319228176399284,-4.5284618932911895,1.381289392317527,0.9162552398805599,-4.5284618932911895
0.07897581718862057,0.411259395070374,0.1399321323260665,0.3196668028831482,0.026316269140155057,-8.901267688290268,2.306195004630952,1.6021289942607695,-8.901267688290268
0.22848718892782927,0.40744581911712885,0.3177659707143903,0.35888110380619764,0.02631286476561018,-2.8393838436924623,0.7771686400204157,0.8120989444336213,-2.8393838436924623
0.10314475931227207,0.42898969259113073,0.5414488548412919,0.33562980871647596,0.026310471244209942,-6.277308082387516,2.0326179702858376,1.206583182851673,-6.277308082387516
0.09603980462998152,0.422906968742609,0.20838604867458344,0.29252503998577595,0.02630036856549258,-7.829122726964306,1.8959794325356538,1.3865722895135335,-7.829122726964306
0.25751228630542755,0.42129149939864874,0.5680840462446213,0.26549007371068,0.026290720497132516,-4.265037600434881,1.6976672319774802,1.0333398248479988,-4.265037600434881
0.1518945237621665,0.4132942035794258,0.013210217468440533,0.5832927050068974,0.026288254838285653,-10.63551172795957,3.313124712579445,2.387405712380394,-10.63551172795957
0.2359392549842596,0.4167006416246295,0.32993972580879927,0.08951975870877504,0.026281385142902555,-7.085168238507841,2.0344933363979463,1.4478531396787098,-7.085168238507841
0.3542659133672714,0.4129257844761014,0.32425953540951014,0.4079438401386142,0.026279933383518667,-0.39236475175265667,0.5085000685290213,0.4399536191780772,-0.39236475175265667
0.22066259291023016,0.3994810990989208,0.573163652792573,0.3499675029888749,0.026277596851115664,-4.2166242855302105,1.844790755388346,0.9865725952409364,-4.2166242855302105
0.09172041341662407,0.42087902314960957,0.7481952905654907,0.3910462614148855,0.026277342961773007,-9.49278212068231,3.3288620428304143,1.6919674004806815,-9.49278212068231
0.10694119706749916,0.42022793740034103,0.34204442892223597,0.47373328637331724,0.02627560605233195,-5.9534402573659975,0.9659035693937195,1.0732725709157238,-5.9534402573659975
0.12434043362736702,0.41275349259376526,0.6173585345968604,0.08461792394518852,0.026266409584618355,-9.691545731735886,2.734970100254376,1.5608136999068538,-9.691545731735886
0.18789548054337502,0.4098551981151104,0.04115136433392763,0.5363849774003029,0.02626511508321097,-9.290282601256116,2.906350471346274,2.2404066796491504,-9.290282601256116
0.14052082411944866,0.4160019150003791,0.671586848795414,0.1112358570098877,0.02625920547941701,-9.775908139622135,2.836463481429072,1.6271257326485953,-9.775908139622135
0.23232916463166475,0.42981081269681454,0.5481758983805776,0.46659670304507017,0.026253297640802684,-3.7726400496984187,1.6258571420074304,0.8828056487187779,-3.7726400496984187
0.0854524252936244,0.42326368018984795,0.39921589847654104,0.4519512262195349,0.026252587710819952,-6.149264273360886,0.932673673072761,1.1434934624001063,-6.149264273360886
0.5123942792415619,0.3732853466644883,0.31482553016394377,0.3010875079780817,0.026252080237416667,-2.190781605844584,1.3900229508465825,0.8230413165517987,-2.190781605844584
0.31981943268328905,0.41918329056352377,0.020608216524124146,0.10955219808965921,0.02625065386182596,-9.672688620487442,3.3932126163099845,2.551288640054777,-9.672688620487442
0.13670171797275543,0.42274973541498184,0.4643745720386505,0.19074561446905136,0.02624950590583615,-6.622606043905454,1.864185273272762,1.204358918442568,-6.622606043905454
0.3020099801942706,0.406859596259892,0.08578642923384905,0.11532325483858585,0.026247308288319306,-8.63664518718974,3.0384492041525677,2.202189581294208,-8.63664518718974
0.21717076934874058,0.42473236192017794,0.4833831200376153,0.09306823182851076,0.026243738296827773,-7.3290979538838235,1.6573856033854901,1.3878225192836167,-7.3290979538838235
0.2213963307440281,0.3947968129068613,0.04039117880165577,0.34125544782727957,0.02624205687951328,-8.189426713293493,2.4896636818121545,2.2234423703221866,-8.189426713293493
0.16385203693062067,0.39729562401771545,0.14474833384156227,0.17451133113354445,0.02624179976683976,-8.505181404900872,2.6314113219541024,1.69553185713136,-8.505181404900872
0.2721289964392781,0.40033179614692926,0.14382287114858627,0.1966838464140892,0.026238020819518326,-6.732765585738458,2.281010394910866,1.7549222117505932,-6.732765585738458
0.30084261763840914,0.39222203474491835,0.020799404941499233,0.2653161156922579,0.026237780433529877,-8.115468824072643,2.635245767088533,2.5171526754925195,-8.115468824072643
0.1565410252660513,0.404775214381516,0.46047842036932707,0.22156571224331856,0.026236206355220493,-5.679647709850017,1.7411266415980244,1.10546640836058,-5.679647709850017
0.10679147206246853,0.4245179183781147,0.26023092679679394,0.3093934301286936,0.02623345653164018,-6.84284962011597,1.5377006846931949,1.2310485233896904,-6.84284962011597
0.3643902186304331,0.41206792183220387,0.02640616148710251,0.19259869493544102,0.02620747338512519,-8.343718004407652,2.877502936136815,2.622066805297642,-8.343718004407652
0.11667692102491856,0.41653736121952534,0.24312817584723234,0.4662478845566511,0.02620552185990477,-6.648081206111809,1.5886248539445438,1.1881070573457455,-6.648081206111809
0.2553989430889487,0.4131111353635788,0.48023121897131205,0.4528751019388437,0.02620481506632896,-2.2789976309530275,1.125099106807535,0.6529492912411895,-2.2789976309530275
0.09108221530914307,0.4158074529841542,0.22104351688176394,0.09052812587469816,0.02619834552725469,-9.913114645196737,2.9601626495499276,1.6229409843853397,-9.913114645196737
0.15239957720041275,0.4215062605217099,0.326392013579607,0.5049883220344782,0.02619651884366296,-5.204873925607276,1.0547031786166237,0.9731810403528062,-5.204873925607276
0.18665275909006596,0.42030789889395237,0.7692171446979046,0.44561339914798737,0.026191175359273688,-9.024108791736802,3.097656386719012,2.030928332070763,-9.024108791736802
0.4030671501532197,0.3189973318949342,0.42325599025934935,0.3939923392608762,0.026187964063081513,-1.5131259956401069,1.1502355446401875,1.1610731940238528,-1.5131259956401069
0.27919686026871204,0.41850453056395054,0.49950580205768347,0.24552887305617332,0.026181011597830393,-3.2198748568602396,1.3383372402572689,0.8535311050773405,-3.2198748568602396
0.06306724715977907,0.4087366061285138,0.5265496568754315,0.49251239374279976,0.026180013917059847,-7.283988404724653,2.067070248410996,1.2249901513628154,-7.283988404724653
0.13192293234169483,0.4308798322454095,0.12044966500252485,0.28513393085449934,0.02617293313420646,-8.485232242723557,2.3108104379873993,1.7107164338179566,-8.485232242723557
0.02258233167231083,0.4032400920987129,0.015083691105246544,0.03795252647250891,0.026170885239317068,-12.832844894766215,4.37588091273532,2.0964444527102697,-12.832844894766215
0.11575113981962204,0.4028555704280734,0.6622212119400501,0.3516439152881503,0.02616956582477793,-7.678902624391501,2.739290893904064,1.3772364348435377,-7.678902624391501
0.12069464474916458,0.4095043493434787,0.33607765287160873,0.06039765942841768,0.026167206044627488,-9.198572093228286,2.686461007485671,1.5169095987506975,-9.198572093228286
0.038395680487155914,0.4143404634669423,0.5314991287887096,0.4544538501650095,0.026165241765836015,-7.646718220771077,2.1454637465677937,1.295469976574561,-7.646718220771077
0.193295419216156,0.4248062577098608,0.38041975535452366,0.152748703956604,0.026164799747673648,-6.208929641900106,1.7147904691483646,1.193085133661382,-6.208929641900106
0.15580702479928732,0.4007507488131523,0.42628727946430445,0.3242840878665447,0.026163769923554504,-4.382778037279927,1.3479146975639211,1.0031030979640696,-4.382778037279927
0.10627726651728153,0.40569045953452587,0.27815605234354734,0.1529621658846736,0.026161649835091193,-8.321148987970217,2.351894009727524,1.382288599636235,-8.321148987970217
0.10580546781420708,0.4182973336428404,0.6406191783025861,0.205606272444129,0.026157460601115536,-8.568425673984166,2.7167741699146433,1.4225395431809338,-8.568425673984166
0.372559504583478,0.40129968523979187,0.25876993127167225,0.2507590176537633,0.026155676906748852,-2.7906630966021653,1.3855629827002038,1.079265237963229,-2.7906630966021653
0.22335974778980017,0.4230568679049611,0.3713914230465889,0.16925304476171732,0.02615507960817726,-5.348504213777435,1.5556233564814335,1.1146809978665753,-5.348504213777435
0.09747718181461096,0.4031639825552702,0.19121620524674654,0.136688525788486,0.026151677028404124,-9.459514178253317,2.806575829021771,1.6025563291359004,-9.459514178253317
0.09100611321628094,0.423942593857646,0.6661375304684043,0.3219207739457488,0.026148607349297512,-8.230156930853624,2.8558371889916385,1.417242192232851,-8.230156930853624
0.2397659793496132,0.4254559837281704,0.5370285017415881,0.22765375394374132,0.02614846497886817,-4.66525188364801,1.6023371628614254,1.0286238324058727,-4.66525188364801
0.1358672548085451,0.4179750420153141,0.39036606159061193,0.025974848307669163,0.026147877439332345,-9.496410774244332,2.675513885249487,1.5861970011592963,-9.496410774244332
0.16509043611586094,0.4249007711187005,0.08563047274947166,0.5562429120764136,0.026143939023639748,-9.00137340977522,2.7703943566586564,2.0077379117473093,-9.00137340977522
0.26961249485611916,0.408853380009532,0.1700236340984702,0.06951068621128798,0.026143034371804666,-8.504979828868635,2.912862995969243,1.9081237728145661,-8.504979828868635
0.46608742233365774,0.4705875813961029,0.4103359095752239,0.3391969371587038,0.0261407746960568,-1.0044359465450468,0.8537941787423141,0.989947719346025,-1.0044359465450468
0.11682664602994919,0.42814704589545727,0.16876046732068062,0.2546229800209403,0.026133443048958836,-8.260453907435057,2.1820166340537104,1.5334190415583844,-8.260453907435057
0.08531032595783472,0.4194674491882324,0.450153611600399,0.27249041851609945,0.02612954867603788,-6.651878200967469,1.738772739728477,1.237711949534017,-6.651878200967469
0.1363963969051838,0.40549786761403084,0.5279182055965066,0.08270753547549248,0.02612811790916704,-8.805983095327134,2.3846162382797784,1.452224996748734,-8.805983095327134
0.12684902641922235,0.4264097707346082,0.23941482324153185,0.3836900629103184,0.026123367773955047,-6.320075026312318,1.4586641480255118,1.194923754727214,-6.320075026312318
0.1967407427728176,0.4072679840028286,0.6065374044701457,0.10334827657788992,0.026119501911202877,-8.474173926678372,2.2427726109877533,1.5152070038682173,-8.474173926678372
0.09044293314218521,0.4177835686132312,0.8006883719936013,0.3546266909688711,0.026116233505516756,-10.5077795400733,3.6021567307338787,1.9011671923893074,-10.5077795400733
0.1411480326205492,0.4002845659852028,0.10509672667831182,0.3391539789736271,0.02611415450986176,-8.212817527372282,2.320035195857062,1.7517819406541004,-8.212817527372282
0.11236957646906376,0.414331441745162,0.4418990099802613,0.11994902230799198,0.026103349288537206,-8.19138917866717,2.23228400131088,1.3502877487200318,-8.19138917866717
0.10482568759471178,0.39821099024266005,0.0931844599545002,0.2001461274921894,0.026101329410554302,-9.827332951073595,2.9293817438600023,1.8420328353051134,-9.827332951073595
0.3700075065717101,0.35557076893746853,0.1835736194625497,0.30450193397700787,0.02609752227073737,-3.914339985485469,1.6315679014900326,1.3169567898755041,-3.914339985485469
0.13789366092532873,0.41894621029496193,0.523061535321176,0.5638011079281569,0.02609490488923193,-6.467239685265206,1.9413809279154626,1.1422918478176516,-6.467239685265206
0.2477265652269125,0.4370523225516081,0.16131804790347815,0.3464663317427039,0.026094024620940463,-5.358897265592318,1.583266792149728,1.5277571561547783,-5.358897265592318
0.20306401047855616,0.42896230053156614,0.16711776610463858,0.46081146225333214,0.02609266238739644,-6.071593784057503,1.856822511776645,1.46316497607262,-6.071593784057503
0.07702888920903206,0.4101717732846737,0.5097208712249994,0.2697831653058529,0.026090247444221826,-7.093335805049532,2.0704095268031506,1.2692225697600337,-7.093335805049532
0.12607998494058847,0.4026216920465231,0.2951867366209626,0.2068809987977147,0.026084300108942676,-7.048235333811841,1.9254645549441793,1.2353426471500353,-7.048235333811841
0.2022081846371293,0.4059371277689934,0.35966749768704176,0.13757475186139345,0.026082097415220367,-6.381413173546373,1.848006552872368,1.2352186049666805,-6.381413173546373
0.18685141578316689,0.42743822280317545,0.3397651817649603,0.2161564789712429,0.026073658520220158,-5.324348447715093,1.5576352486254483,1.0687376323949713,-5.324348447715093
0.10215850174427032,0.41569476295262575,0.4218371082097292,0.1815968444570899,0.02606455507481994,-7.384673002495152,2.0028312478624137,1.2598306409440865,-7.384673002495152
0.274280097335577,0.4057592824101448,0.1265787547454238,0.036561474204063416,0.026064512376271786,-9.520971701177709,3.349578735899235,2.127578748114749,-9.520971701177709
0.4982949886471033,0.37459980230778456,0.23916318453848362,0.34802431520074606,0.026060681404024937,-2.7262237189131415,1.519850368513892,0.9777911704335573,-2.7262237189131415
0.1459177415817976,0.4286650028079748,0.31373899430036545,0.3404366606846452,0.026055904230025587,-5.097994043120248,1.1435245821017677,1.039679317221935,-5.097994043120248
0.1434933478012681,0.435891087166965,0.002912587486207485,0.26249092631042004,0.02605482038317475,-10.317589740220683,3.0665936082821874,2.2605386267427123,-10.317589740220683
0.4419990172609687,0.37139816116541624,0.09992511849850416,0.39696336816996336,0.0260494800254597,-5.544674365619641,1.9065754158138366,1.9721577113981807,-5.544674365619641
0.24993165489286184,0.4181989748030901,0.31543030962347984,0.17942887265235186,0.026046145100766624,-4.993216427622617,1.6004512560926079,1.1279372486479977,-4.993216427622617
0.1860818974673748,0.4293986102566123,0.6350936163216829,0.4792794296517968,0.026043437573611394,-6.260013879806702,2.369960360062768,1.289395368521824,-6.260013879806702
0.09444051794707775,0.41166681703180075,0.796067526564002,0.2989598037675023,0.026043202136751136,-10.55099923757145,3.563164230246195,1.875146568806828,-10.55099923757145
0.1279677115380764,0.40637864731252193,0.7650389177724719,0.39190351497381926,0.02604308677861087,-9.4338356398821,3.2691359506390554,1.823796310792935,-9.4338356398821
0.10784252267330885,0.41036868188530207,0.2827456258237362,0.01846574991941452,0.02604063060620573,-10.267244012931833,3.1778839623800987,1.6756142337040527,-10.267244012931833
0.18957422021776438,0.4067336842417717,0.6391191771253943,0.46208883356302977,0.02603871754412525,-6.2115967060752055,2.3672349061762157,1.283029593928325,-6.2115967060752055
0.11585851199924946,0.4146074689924717,0.7903138985857368,0.22937083523720503,0.026038043888556656,-10.639248412901802,3.472957258619054,1.892132696520275,-10.639248412901802
0.027185427024960518,0.40747001580893993,0.032186178490519524,0.06689677760004997,0.02603383724799965,-12.483939604221012,4.116259121087079,2.0534978081241246,-12.483939604221012
0.24327250197529793,0.4078370537608862,0.45067657716572285,0.027954483404755592,0.026032959613243145,-8.31573296548425,2.0455356171715873,1.6323878121135522,-8.31573296548425
0.06875150464475155,0.4209882328286767,0.6458199871703982,0.33133317809551954,0.026016311167938472,-8.264158414824907,2.81772800379964,1.386417398900041,-8.264158414824907
0.2565449420362711,0.4233626173809171,0.4376843525096774,0.22024326771497726,0.02601465771355899,-3.631102815992931,1.2768142224908317,0.8947730861028972,-3.631102815992931
0.20752939861267805,0.4045432908460498,0.2765944078564644,0.07790771126747131,0.026009110691233146,-7.9831487052130194,2.476535296627921,1.5480103487915635,-7.9831487052130194
0.1224559647962451,0.4206897160038352,0.45933051966130733,0.14723503775894642,0.02600545050767357,-7.604137004858193,2.0613135850205864,1.2938749158286773,-7.604137004858193
0.3985945740714669,0.35597763769328594,0.33441915828734636,0.35931333154439926,0.025995886115057175,-0.6880751213990685,0.7830814291292454,0.7945301856649728,-0.6880751213990685
0.18527501169592142,0.4074369613081217,0.6578524559736252,0.19232636969536543,0.02599464895951961,-7.942048270708032,2.4717111998531034,1.4773517981515196,-7.942048270708032
0.4793044524267316,0.3728032261133194,0.3130295714363456,0.4219860676676035,0.02599461372393703,-1.409374771760966,1.1003892294349296,0.6951065050793784,-1.409374771760966
0.41700649447739124,0.3451985586434603,0.1461213119328022,0.28291365038603544,0.025993436299443142,-4.974581381640321,2.0460809589757396,1.5243548790021473,-4.974581381640321
0.15096335392445326,0.403952588327229,0.3175747860223055,0.016601376235485077,0.02598596324641421,-9.594426772107226,2.9268334125663866,1.6577911646799661,-9.594426772107226
0.19057959225028753,0.4207958523184061,0.5718563022091985,0.5297161694616079,0.025980503496717836,-5.627666911256623,2.029628959051655,1.1100360582966673,-5.627666911256623
0.1407709252089262,0.4051197534427047,0.6170717868953943,0.14803373161703348,0.025973767869466077,-8.529777760038805,2.517136528256016,1.429510472127584,-8.529777760038805
0.18842696025967598,0.4267413867637515,0.3635033005848527,0.43800728395581245,0.025973623654464147,-3.4708141006095485,0.876437972268404,0.8223560017735211,-3.4708141006095485
0.13146786205470562,0.39538983535021544,0.1073994841426611,0.12845460511744022,0.025964048349442624,-9.955713998251703,3.1645960458518823,1.866760521180938,-9.955713998251703
0.3104662988334894,0.4440933419391513,0.03198870271444321,0.33297627978026867,0.02595888015152332,-7.641921905617198,2.291731088502881,2.5293974371398114,-7.641921905617198
0.08096707705408335,0.4191922564059496,0.782456262037158,0.38203574530780315,0.025957012252584854,-10.24332513388961,3.5546917783475003,1.8119163178045792,-10.24332513388961
0.24459982383996248,0.39940240886062384,0.5328229079023004,0.41160033270716667,0.025956211005224848,-3.014213931438803,1.4883224254103653,0.780561175985095,-3.014213931438803
0.12130386102944613,0.40620473865419626,0.3953195922076702,0.48387342132627964,0.02594501168693843,-5.443523751775026,0.9273938824499223,1.0146556520717869,-5.443523751775026
0.2507262984290719,0.39546853490173817,0.1456378260627389,0.26723398827016354,0.025933102457993015,-6.120514275712772,1.9317240304593535,1.645637245549503,-6.120514275712772
0.25426850374788046,0.41113475523889065,0.5571256848052144,0.24236429389566183,0.02593083139252038,-4.494544525643232,1.6818389018302802,1.034693705247747,-4.494544525643232
0.32430803030729294,0.4182527391240001,0.24068915471434593,0.43832210171967745,0.025927156878524326,-2.440750238540323,1.0686068684371512,0.9616437489736102,-2.440750238540323
0.13084244634956121,0.41966977901756763,0.8760694907978177,0.3069574497640133,0.025923190777902637,-11.734212338828815,3.8073375456253173,2.3567365129320734,-11.734212338828815
0.2958214236423373,0.3959745401516557,0.4257584037259221,0.30446345265954733,0.025921271432204306,-1.3657987931446576,0.9756503138556725,0.606642740747028,-1.3657987931446576
0.3781873965635896,0.393757751211524,0.4509041104465723,0.448791959322989,0.02592106357210746,-0.6691369214897271,0.467605132609736,0.36077112712713966,-0.6691369214897271
0.11897846404463053,0.4227443551644683,0.18562356662005186,0.47722149547189474,0.02591334063641708,-7.472272062839831,1.9998547287841504,1.3900023906552408,-7.472272062839831
0.1755852922797203,0.41379140596836805,0.6752911051735282,0.039940218441188335,0.025912971201013324,-10.569042700889195,2.915345219545373,1.8101383996481624,-10.569042700889195
0.13575797528028488,0.39847304951399565,0.0008898414671421051,0.3988504568114877,0.025911986265738637,-9.984215306834084,3.013741367537136,2.2577960655955436,-9.984215306834084
0.08492352720350027,0.4261229829862714,0.08305839262902737,0.3022513594478369,0.02589968024821692,-9.728034529307257,2.649705412531262,1.83412748687189,-9.728034529307257
0.22957531176507473,0.42747497744858265,0.6866875467821956,0.3660571090877056,0.025896000169803902,-6.485429978591277,2.446469636320031,1.5768451945757196,-6.485429978591277
0.22125749103724957,0.40654531586915255,0.4121440136805177,0.21829019393771887,0.025895745195476997,-4.271209346334718,1.4318069145875858,0.9587252517136489,-4.271209346334718
0.0586216002702713,0.42700705118477345,0.5303323194384575,0.44891646318137646,0.025895258745418474,-7.166011298010212,2.039148554535802,1.2523138369474598,-7.166011298010212
0.13315631914883852,0.4230214450508356,0.17033879272639751,0.5084733720868826,0.025894317885014353,-7.643212371671817,2.157719937958971,1.4779103742062354,-7.643212371671817
0.14539422281086445,0.4015291891992092,0.3358526648953557,0.24698187410831451,0.02589169944593235,-5.772879629642157,1.5687952964881515,1.095286884365733,-5.772879629642157
0.09514131210744381,0.4136272231116891,0.24860690720379353,0.0055642277002334595,0.02589039316762478,-10.79749911954111,3.417093568742826,1.744912533777282,-10.79749911954111
0.11548928543925285,0.41022904217243195,0.06161267403513193,0.5255744336172938,0.02589031288924307,-9.788916065816515,2.946938528905213,2.003305756581112,-9.788916065816515
0.12757995165884495,0.43158263247460127,0.6470873253419995,0.4255752060562372,0.025883789670511418,-7.159018104428019,2.611518313878088,1.3246622579610903,-7.159018104428019
0.13720356579869986,0.4299793289974332,0.1486599138006568,0.14356934931129217,0.02588214139352999,-9.368862734227902,2.7792395605352596,1.7287414939703676,-9.368862734227902
0.21292553283274174,0.42200969252735376,0.2056132433936,0.493098140694201,0.025882086044611348,-5.402289959236262,1.70737641163444,1.2610312643586432,-5.402289959236262
0.0650737676769495,0.41690939106047153,0.42710014805197716,0.30490099824965,0.02586680638436846,-6.8636954263746635,1.5309030041629799,1.266442974680153,-6.8636954263746635
0.08235698193311691,0.4174294890835881,0.6615087119862437,0.5157675184309483,0.02586139438501287,-8.628853187163443,2.9850594838033224,1.4378317913810226,-8.628853187163443
0.12298081535845995,0.4042443623766303,0.5678108409047127,0.2118402486667037,0.02586112397591627,-7.317294918422231,2.292860599446677,1.265583307054002,-7.317294918422231
0.09244947787374258,0.40984687581658363,0.15387653559446335,0.41724250465631485,0.02585887377568076,-8.269951501262994,2.168476195094688,1.5101627992959044,-8.269951501262994
0.09003565087914467,0.4189336337149143,0.2964800037443638,0.1640559984371066,0.025856262287686865,-8.379873918332647,2.2610368885646075,1.3611284685657512,-8.379873918332647
0.4813535399734974,0.35617295652627945,0.4011757206171751,0.44022656604647636,0.025855162822624428,-1.501375056558063,1.0766879363977255,0.7843267050847395,-1.501375056558063
0.16561944223940372,0.4104750957340002,0.25948385894298553,0.4651541141793132,0.02585502092047182,-5.296929414908769,1.37815905489342,1.0453607654562327,-5.296929414908769
0.05903366021811962,0.42049494478851557,0.08524179644882679,0.2174310553818941,0.025854324958700717,-10.564392485127426,2.975446727229523,1.8500273434250867,-10.564392485127426
0.11050038505345583,0.40639904979616404,0.6044588685035706,0.1823166348040104,0.02584998380662451,-8.327280481475533,2.5608356247158888,1.3702128099197382,-8.327280481475533
0.2793367402628064,0.4130095271393657,0.3756962735205889,0.26230268087238073,0.0258403124399138,-2.3438250900194975,1.0707031988704747,0.7457697712923821,-2.3438250900194975
0.200597258284688,0.4297635955736041,0.27457166742533445,0.21423770394176245,0.025833842562891816,-5.701655552585746,1.682349111739086,1.166235118099279,-5.701655552585746
0.09850369207561016,0.4133519111201167,0.5189052857458591,0.14600174967199564,0.025831933335433446,-8.28768554802916,2.3408568072605136,1.3487755939940165,-8.28768554802916
0.11454830039292574,0.40909325797110796,0.8344764579087496,0.2783919721841812,0.025820559533408134,-11.179407509121397,3.675684453625045,2.0891213091912118,-11.179407509121397
0.13217492401599884,0.42440363205969334,0.36080771684646606,0.5312163960188627,0.025816171061618758,-5.767826812870689,0.925895391723004,1.032305573962119,-5.767826812870689
0.5173886055126786,0.3616321664303541,0.41348509304225445,0.340252123773098,0.025814927444552303,-1.8015626463844714,1.232818381874643,0.8296891059946073,-1.8015626463844714
0.16216868069022894,0.42249830160290003,0.3835043478757143,0.5457065617665648,0.02581037239872306,-5.198761845650399,0.9575146332790915,0.9817782045057054,-5.198761845650399
0.31996916141361,0.4236852331086993,0.06361125316470861,0.1659146025776863,0.025805308065035556,-8.249365485125127,2.8229537807059217,2.327619299501133,-8.249365485125127
0.4083201130852103,0.44557292852550745,0.0786821311339736,0.2790070353075862,0.02580002798655266,-6.509686091182647,2.0267109817833937,2.231240661181881,-6.509686091182647
0.10707504861056805,0.40072936471551657,0.2041845265775919,0.1014983830973506,0.02579735438863327,-9.619474306153164,2.947690025885432,1.6237367161892715,-9.619474306153164
0.1033256333321333,0.39901174884289503,0.4818192198872566,0.43779299315065145,0.025793557060045092,-5.782858920559586,1.5488126663318902,1.0974297499842298,-5.782858920559586
0.08271855674684048,0.4139992529526353,0.4250408010557294,0.2196856029331684,0.02579116672185141,-7.273415595098439,1.9148222377192194,1.2566831399835319,-7.273415595098439
0.15114911552518606,0.4242940628901124,0.6270819632336497,0.13194433972239494,0.02578417786149448,-8.781117487813097,2.4683724350732414,1.4857365644139937,-8.781117487813097
0.09547385014593601,0.4069762509316206,0.7216076320037246,0.4467150093987584,0.025784018240090814,-9.077072682602806,3.2020839899714604,1.5990029995308206,-9.077072682602806
0.25954185519367456,0.41592695377767086,0.5853739222511649,0.47245603427290916,0.025776573892435917,-4.1438877709540405,1.782266665988454,1.0285667522954964,-4.1438877709540405
0.1725184405222535,0.4051669780164957,0.34337615594267845,0.391832378692925,0.025774177355514592,-3.9465692060303983,0.9576580099667585,0.905770494205779,-3.9465692060303983
0.11605646833777428,0.42514682468026876,0.3447828935459256,0.4999649366363883,0.025767577192186236,-5.911073318530319,0.9604132438148816,1.0501358691445697,-5.911073318530319
0.14894402585923672,0.40800801385194063,0.8477225452661514,0.330475939437747,0.025761693422196988,-11.037221061078183,3.575733785824835,2.2953078228699972,-11.037221061078183
0.30968941282480955,0.42911050096154213,0.1555362967774272,0.22738533094525337,0.025760264934532415,-5.750453266897571,1.9751147491112828,1.7124931230226732,-5.750453266897571
0.17295812908560038,0.409441776573658,0.5110722333192825,0.5237611131742597,0.025757166751659556,-5.127105492352465,1.6462465544886666,0.972837967798347,-5.127105492352465
0.08131669368594885,0.4263373827561736,0.6804366856813431,0.4118146291002631,0.025752738253410404,-8.467996385690105,2.9876640610266336,1.4472767029649425,-8.467996385690105
0.25614972598850727,0.39981805346906185,0.02671846654266119,0.4323497274890542,0.025752390031990334,-8.122399438250067,2.522320143777311,2.4171015131633333,-8.122399438250067
0.14740303810685873,0.41334180161356926,0.8660085340961814,0.43603292666375637,0.025747074444292216,-11.407236954200068,3.7133103547924575,2.450752247307611,-11.407236954200068
0.2579228514805436,0.4179033041000366,0.3816637797281146,0.20738086197525263,0.025745891706914593,-3.855243667253252,1.314369779314699,0.9388718321781662,-3.855243667253252
0.12652842607349157,0.42133974097669125,0.6849971925839782,0.1542394533753395,0.025745091255590977,-9.544472436688794,2.901460643291177,1.5854877067950695,-9.544472436688794
0.2452790243551135,0.41577761713415384,0.5967111838981509,0.21558674052357674,0.02574471665364854,-5.752557111800704,1.8891906980161173,1.2316734487475094,-5.752557111800704
0.10648453421890736,0.40372956544160843,0.7006012937054038,0.41718376986682415,0.02574128146259498,-8.47869599083088,3.0153071878115343,1.509817746297658,-8.47869599083088
0.445837234146893,0.34130115900188684,0.02922310307621956,0.2948454553261399,0.025740995420928572,-7.615358085696027,2.659733435226622,2.2632538019819184,-7.615358085696027
0.09620288107544184,0.41983959823846817,0.1263207783922553,0.4865735797211528,0.025737316623021606,-8.852717358670088,2.486597523466842,1.6561306115465375,-8.852717358670088
0.04747806116938591,0.41337544471025467,0.4918042728677392,0.3106032693758607,0.025735196361057953,-7.370378858968381,1.9432969103547648,1.3152551130041328,-7.370378858968381
0.2249342668801546,0.4118067603558302,0.6308650504797697,0.17673302255570889,0.02572525740475584,-7.2531812141045,2.150543854172828,1.4274875667993216,-7.2531812141045
0.1611385252326727,0.4280744753777981,0.7198592210188508,0.29095204547047615,0.025724338860908857,-8.392485487449223,2.883724322441702,1.6457046191409683,-8.392485487449223
0.4761585993692279,0.43309657648205757,0.0805202666670084,0.32649621088057756,0.025714682208711398,-6.303008948570505,1.8261759341737065,2.179896490427861,-6.303008948570505
0.12541953939944506,0.39989188220351934,0.2221837267279625,0.03963352460414171,0.02570984377560803,-10.069038930954127,3.221072034833586,1.7161430443570111,-10.069038930954127
0.056817845441401005,0.4103772286325693,0.6926591927185655,0.4310574010014534,0.02570746364908427,-9.090713660957105,3.175655025320005,1.4856202037760526,-9.090713660957105
0.28994031250476837,0.42191347293555737,0.2254954045638442,0.19522092584520578,0.02570531036663711,-5.21226392200173,1.8222610177568095,1.370241035336795,-5.21226392200173
0.1041650315746665,0.4079988244920969,0.5014666570350528,0.11873759422451258,0.02570168249829348,-8.52117666447568,2.3756749490270765,1.3727902215267047,-8.52117666447568
0.3339717322960496,0.384861352853477,0.23867022898048162,0.33246482349932194,0.02568934882815619,-2.5039481117757445,1.0008679285503532,1.00009847595458,-2.5039481117757445
0.3707407657057047,0.45587997511029243,0.17805832251906395,0.3955678567290306,0.025686565796248985,-3.652599738257304,1.2987406378607742,1.3833979278017952,-3.652599738257304
0.3026629453524947,0.4137431625276804,0.5738819614052773,0.43241222854703665,0.025686244388046616,-3.0351060377554564,1.4895884876079253,0.9334494882856311,-3.0351060377554564
0.12284190114587545,0.4159957766532898,0.9474084107205272,0.33798888232558966,0.02568461819759118,-13.011670167271282,4.167159026666114,2.685278862012116,-13.011670167271282
0.15177707467228174,0.41764571890234947,0.777197209186852,0.16172292549163103,0.025684203045613287,-10.704809608767896,3.3039470524431533,1.930033331574654,-10.704809608767896
0.07103558909147978,0.4205771451815963,0.15230403933674097,0.11280504427850246,0.025683299086032334,-10.57549520076353,3.14624419875597,1.7468024822162374,-10.57549520076353
0.026829300448298454,0.41215641889721155,0.5591229600831866,0.3831696370616555,0.025682138752020855,-8.000085045648873,2.3842946666627025,1.3474088082725755,-8.000085045648873
0.04056722391396761,0.41597201954573393,0.0457956250756979,0.23592547979205847,0.02568077506678818,-11.15595842513823,3.2073907600129394,1.9565571772120067,-11.15595842513823
0.20401649456471205,0.4028887441381812,0.03837650455534458,0.4769476242363453,0.025678218350210162,-8.688616349160894,2.7019299644006973,2.230918775493127,-8.688616349160894
0.08687674254179001,0.41504362132400274,0.5151981739327312,0.1997098494321108,0.025678135624287547,-7.7133558015321375,2.2365247566269586,1.2987346503528692,-7.7133558015321375
0.06548721715807915,0.4250306924805045,0.04358646459877491,0.2760664923116565,0.02567384075333986,-10.677764219290681,3.010150360723905,1.976900817618319,-10.677764219290681
0.24286572821438313,0.4301204113289714,0.0825442485511303,0.06069473456591368,0.0256732609351248,-10.06335408308297,3.405429357138022,2.184764409941207,-10.06335408308297
0.06491831690073013,0.4277902152389288,0.47009517531841993,0.4706878764554858,0.025670971234342307,-6.803002548036266,1.5504521102016824,1.2070149976356896,-6.803002548036266
0.3114643655717373,0.4346283348277211,0.21928448788821697,0.2804156905040145,0.025668964279227362,-3.731253869886947,1.3453922493325052,1.2148938925606458,-3.731253869886947
0.3107138257473707,0.4081263104453683,0.1764717111364007,0.44427009485661983,0.025667641367724373,-4.112700393485652,1.4929797918472603,1.4344684766275848,-4.112700393485652
0.3933476284146309,0.3126562237739563,0.4098571129143238,0.37441099900752306,0.025659629201051123,-1.5954022763100368,1.2059805347411263,1.2480487265345732,-1.5954022763100368
0.16061248071491718,0.42521945107728243,0.793836735188961,0.455697912722826,0.025655726296437947,-9.825804327995243,3.3410379327766644,2.10240484754543,-9.825804327995243
0.08124044630676508,0.42116792872548103,0.23487345315515995,0.1725016413256526,0.025652603185644628,-8.961205359721328,2.428332417306344,1.460753579681248,-8.961205359721328
0.07220270205289125,0.40584820602089167,0.21228603553026915,0.2599921505898237,0.02565176288557147,-8.461697754179234,2.119878525918097,1.416658497486167,-8.461697754179234
0.09988206345587969,0.414152848534286,0.9075406119227409,0.3996531758457422,0.025642151784689496,-12.3855023103689,4.091061612822966,2.4457426744875974,-12.3855023103689
0.403491391800344,0.4353623343631625,0.13679601810872555,0.26504209730774164,0.025638998952262914,-5.1791638573616305,1.8450788319349494,1.847983260939767,-5.1791638573616305
0.2645820025354624,0.4125463254749775,0.2584719406440854,0.12429637275636196,0.025638579444986948,-6.496256563115151,2.11903781492672,1.4597290611846185,-6.496256563115151
0.332340388558805,0.3943192567676306,0.3570466646924615,0.366178329102695,0.025629135826220124,-0.34811791306931994,0.5018915450527303,0.46516120262436295,-0.34811791306931994
0.19311443343758583,0.40319804288446903,0.565060923807323,0.011267442256212234,0.025624877737387645,-9.76747111949906,2.5468019167653564,1.7100513912919484,-9.76747111949906
0.1694607324898243,0.43485540244728327,0.6225866004824638,0.35829302202910185,0.025623962907864853,-5.982469200649434,2.298754848841774,1.2141543592918311,-5.982469200649434
0.2562597915530205,0.4193155849352479,0.39456676319241524,0.05497939232736826,0.025623548860822326,-7.507714842253336,1.8728516246453788,1.5465771088547553,-7.507714842253336
0.11626522615551949,0.4232164779677987,0.6725476989522576,0.19570510275661945,0.02562340820375632,-8.992428844756203,2.8414692727940882,1.5007892034944275,-8.992428844756203
0.14413854200392962,0.4330430943518877,0.45237272046506405,0.4917269926518202,0.02562165332760164,-4.967378006816919,1.1642144960849843,0.9675041083465193,-4.967378006816919
0.24098898749798536,0.4365184996277094,0.0687176464125514,0.20526838582009077,0.02562028246460231,-8.489163083502314,2.662526447848444,2.1157181483016108,-8.489163083502314
0.11657257378101349,0.40478591341525316,0.3668357878923416,0.09328249655663967,0.025614792973787093,-8.599891727995882,2.4489232333300928,1.405757903494716,-8.599891727995882
0.4051335621625185,0.34482272900640965,0.46099843364208937,0.4423370352014899,0.02561301820433126,-1.559141869566505,0.9587227431512276,0.7670357792190374,-1.559141869566505
0.0646095983684063,0.4002121780067682,0.5375488419085741,0.36535492446273565,0.025610522493982945,-7.03740766353688,2.107591655869255,1.2530364740170339,-7.03740766353688
0.19244609028100967,0.40226921904832125,0.09265339188277721,0.44465912226587534,0.02560830214128857,-7.613881030263587,2.3150090523549673,1.8683579394318475,-7.613881030263587
0.07355580851435661,0.41093560867011547,0.2228904329240322,0.3793404595926404,0.02560488392081201,-7.746144400325428,1.7241433794123298,1.318053466873842,-7.746144400325428
0.04946933966130018,0.42106041964143515,0.5878215208649635,0.4984591668471694,0.025603717132041348,-8.133292944640777,2.593841265331613,1.312404759455692,-8.133292944640777
0.21136934217065573,0.4257071064785123,0.6160681778565049,0.5044000465422869,0.025602186327519986,-5.758989491712019,2.203080332809962,1.2318488340212437,-5.758989491712019
0.24752533808350563,0.40960043855011463,0.23538807034492493,0.4326320718973875,0.025601502779316866,-3.7480453256605433,1.1953639153346105,1.0336587733936407,-3.7480453256605433
0.19083155412226915,0.4114201972261071,0.8161165546625853,0.28357310127466917,0.025597123178722342,-10.27140171359331,3.2564752153531384,2.2485368013703493,-10.27140171359331
0.1395503617823124,0.4288276182487607,0.2912138430401683,0.4059906415641308,0.025595628041231385,-5.33815581009498,1.1437350260246562,1.037560675816911,-5.33815581009498
0.13473330717533827,0.4150314023718238,0.30427969992160797,0.5411830758675933,0.0255848486190139,-6.22662308619812,1.3839797424095823,1.0905700009117754,-6.22662308619812
0.3422045148909092,0.4096721298992634,0.4496033852919936,0.43722072150558233,0.02557579089413341,-0.5402692568765317,0.5659015780088442,0.35229503679334767,-0.5402692568765317
0.09876809641718864,0.3918889705091715,0.07586739491671324,0.032120611518621445,0.025569377643209813,-11.632813103396781,3.971562764752843,2.0300960140060194,-11.632813103396781
