function_id,x1,x2,x3,x4,x5,x6,x7,x8
1,0.755432,0.026823,,,,,,
2,0.697223,0.000381,,,,,,
3,0.924014,0.581039,0.38871,,,,,
4,0.366928,0.416653,0.415053,0.446805,,,,
5,0.032347,0.982714,0.999895,0.699803,,,,
6,0.501229,0.248204,0.881751,0.993218,0.177719,,,
7,0.007939,0.444409,0.018918,0.082361,0.39438,0.689989,,
8,0.009221,0.022537,0.209077,0.246879,0.516406,0.875587,0.012158,0.988065
