x1,x2,x3,x4,ensemble_ei,ensemble_mu_mean_model,ensemble_sigma_mean_model,ensemble_mu_std_model,ensemble_mu_mean_original_approx
0.05314801540225744,0.41683852300047874,0.3690396985039115,0.3955798577517271,0.06057825751932255,-6.1138851041058295,2.1146698177641094,1.9715566153457476,-6.1138851041058295
0.42706409469246864,0.41916193813085556,0.35990635585039854,0.33966211043298244,0.060184862881023274,0.0004519804811737416,0.6930031008030562,0.43344770329967386,0.0004519804811737416
0.11034670192748308,0.4083291878923774,0.4328988827764988,0.3878214890137315,0.05997406969364038,-4.645218238750158,1.8842812548058152,1.669208945607692,-4.645218238750158
0.14257804118096828,0.4031436303630471,0.4124725889414549,0.40627292171120644,0.05983264447670249,-3.8856151576912055,1.5836833797073329,1.4851866443970376,-3.8856151576912055
0.02268683910369873,0.4149248516187072,0.37514978367835283,0.4103102898225188,0.05962691209481405,-6.7921243783316045,2.324918190221872,2.0864403821203417,-6.7921243783316045
0.05478079430758953,0.4183063404634595,0.354729101061821,0.3681860025972128,0.059449480870961316,-6.170546567030502,2.1757401507676555,1.9737686947711377,-6.170546567030502
0.17130417469888926,0.4158316571265459,0.38259941153228283,0.3665064312517643,0.05944430768234696,-3.2407944825431296,1.4354657469257657,1.3560804019692283,-3.2407944825431296
0.15734205394983292,0.42114279698580503,0.39558294508606195,0.40171177312731743,0.05933532850928367,-3.5337729621840386,1.431221148347974,1.4204085301226481,-3.5337729621840386
0.09866184554994106,0.41139078605920076,0.4403284192085266,0.40826937928795815,0.059172692003515506,-4.959198529071952,1.916144943845355,1.7207882667832002,-4.959198529071952
0.040705188177526,0.40428313985466957,0.40789924282580614,0.36268266197293997,0.05857566034363547,-6.311088892190313,2.3783419809691106,1.993362240258142,-6.311088892190313
0.03891952149569988,0.4018084825947881,0.4252158273011446,0.4057167759165168,0.05844995306735884,-6.3273625596086625,2.3188048695373094,1.9818809496611909,-6.3273625596086625
0.12527871783822775,0.4193943440914154,0.3562678573653102,0.41638504434376955,0.05828636550565877,-4.516599511270011,1.5272852946301863,1.6078683229240989,-4.516599511270011
0.09947532787919044,0.4313021982088685,0.3973251720890403,0.3709513144567609,0.057891230682274475,-4.9738715432765925,1.8858598105872983,1.747874749725787,-4.9738715432765925
0.3959426125511527,0.4162327740341425,0.06692809611558914,0.39224168565124273,0.05786285500013851,-6.2007924844740465,1.753041974245838,2.378710299105293,-6.2007924844740465
0.09500246867537498,0.39406232349574566,0.36111291591078043,0.38210973888635635,0.05782193986344918,-5.183999575995456,1.8939425755774995,1.7444293994367988,-5.183999575995456
0.12357574328780174,0.410822918638587,0.4155971063300967,0.3449332872405648,0.05781366993036015,-4.417492274013955,1.8746549179075924,1.611089830516393,-4.417492274013955
0.4013896118849516,0.4186673788353801,0.08430238720029593,0.37274526711553335,0.057697387203119496,-5.734190504623112,1.6205382544971392,2.2218262526159065,-5.734190504623112
0.02498010080307722,0.4243514407426119,0.4441139521077275,0.39253504388034344,0.05759476546845484,-6.648814928242399,2.4922524213041144,2.0551472259909946,-6.648814928242399
0.35936556570231915,0.3956496035680175,0.049717419780790806,0.3746631657704711,0.057434684792609395,-6.6342343526885195,2.017923433981275,2.5161512956469503,-6.6342343526885195
0.42227702774107456,0.4050746951252222,0.014072003774344921,0.3806603942066431,0.05734909797423595,-7.525234678495434,2.1038134372428483,2.7661736160301778,-7.525234678495434
0.44056370109319687,0.39684993121773005,0.37638707365840673,0.36791905108839273,0.057287172108308734,0.13444151783172198,0.6121320304995702,0.3807165859307038,0.13444151783172198
0.38963611889630556,0.417806857265532,0.046874779276549816,0.33056882955133915,0.05688332350702042,-6.764969865047599,1.9526638237991762,2.518957115837948,-6.764969865047599
0.40221644565463066,0.42219467367976904,0.002358458936214447,0.410625820979476,0.05687372623005924,-7.928160858577058,2.197012803456323,2.887554933803959,-7.928160858577058
0.18191613256931305,0.4241085834801197,0.4163725869730115,0.3766738846898079,0.056764175575251034,-2.9168795184189276,1.4200366450831174,1.279099984613441,-2.9168795184189276
0.1725184405222535,0.4051669780164957,0.34337615594267845,0.391832378692925,0.056753962472638586,-3.424185044816997,1.3440790708389896,1.3483628017172682,-3.424185044816997
0.04896404314786196,0.4024086808785796,0.44802634976804256,0.4221362192183733,0.056580074739295834,-6.164001643779471,2.2744391718493655,1.920271839039414,-6.164001643779471
0.3699946915730834,0.3892952213063836,0.030749069526791573,0.38414015900343657,0.05656148227722564,-7.093732041068596,2.1388578660929167,2.6466161192312536,-7.093732041068596
0.07324052788317204,0.4346817834302783,0.3728225249797106,0.4130517281591892,0.056514352730810125,-5.703975641753624,1.8866530628215958,1.8673480049750018,-5.703975641753624
0.24045747052878141,0.39655559603124857,0.4035098170861602,0.38384796120226383,0.056349405207010955,-1.5774563775345158,1.102176903131167,0.8989395133946567,-1.5774563775345158
0.03447740338742733,0.42316419817507267,0.33245936408638954,0.34756982512772083,0.05624942325129344,-6.8354941208536335,2.377037296488334,2.0621956720653256,-6.8354941208536335
0.3639372792094946,0.3829827383160591,0.013333302922546864,0.34891955833882093,0.0562317235911324,-7.525800389804874,2.3170829018814696,2.737006727357376,-7.525800389804874
0.0854524252936244,0.42326368018984795,0.39921589847654104,0.4519512262195349,0.05622778344280711,-5.470470202530654,1.6939215418108375,1.7797791645025764,-5.470470202530654
0.10862841922789812,0.39554921444505453,0.3467865642160177,0.3548007607460022,0.05622344590863912,-4.999417591239651,1.8717872260048352,1.691479434435386,-4.999417591239651
0.06671444419771433,0.41353644244372845,0.30776877887547016,0.3937220247462392,0.056216001547198975,-6.213339444487085,2.0633940693079835,1.9259745582546186,-6.213339444487085
0.07503760885447264,0.41835598926991224,0.4135825065895915,0.45715649612247944,0.05600114928516616,-5.7180626213715735,1.8103884072343042,1.8187531526027636,-5.7180626213715735
0.10513601172715425,0.4366779327392578,0.37893666326999664,0.39824503380805254,0.055922210622919515,-4.904692000260944,1.7179465466984463,1.7107618251094325,-4.904692000260944
0.012135617434978485,0.42765624076128006,0.4369254494085908,0.4362982688471675,0.0558271680835843,-7.020853303190886,2.4681349586078634,2.0879513572530737,-7.020853303190886
0.05543215200304985,0.42259442154318094,0.31155025865882635,0.40703665371984243,0.055735408819014315,-6.462082338160542,2.09688849617992,1.972815735889027,-6.462082338160542
0.07658051140606403,0.39770273491740227,0.4012405462563038,0.3382965261116624,0.05572382758775061,-5.590270544846955,2.1902724402938327,1.821759223479541,-5.590270544846955
0.06261833291500807,0.3922754870727658,0.3828329546377063,0.4282122412696481,0.055694423744554626,-5.931173691915154,2.011107168146451,1.8597422272181894,-5.931173691915154
0.15352761559188366,0.4072438245639205,0.384614085778594,0.4398024445399642,0.05564754737650324,-3.8189675956552533,1.3428830892667194,1.4086549819809469,-3.8189675956552533
0.22177168913185596,0.3882633587345481,0.422501053661108,0.3749572392553091,0.05562498765149769,-2.0649776777193454,1.3119057834049688,1.0095275387521334,-2.0649776777193454
0.02331721968948841,0.42580759059637785,0.4571471083909273,0.3729384895414114,0.05559560877539222,-6.7219758561795695,2.5959671330569667,2.0509176938380604,-6.7219758561795695
0.04416682478040457,0.4295586971566081,0.31901424657553434,0.39061919786036015,0.05553731659576018,-6.663175285002906,2.1982844856106185,2.023159871831597,-6.663175285002906
0.3452515145763755,0.3942065816372633,0.031442856416106224,0.3942282488569617,0.05529996836325897,-7.164920755700504,2.185924148526727,2.6548084627244375,-7.164920755700504
0.2424865011125803,0.3912253826856613,0.3905419781804085,0.34872558899223804,0.05511573551050288,-1.6848157433523567,1.1353994476265838,0.9123739971996069,-1.6848157433523567
0.01002692524343729,0.4107179492712021,0.34881017357110977,0.4492917703464627,0.05504346715630008,-7.306228578152715,2.3588641237100667,2.1070925843747013,-7.306228578152715
0.37531899474561214,0.42357897385954857,0.10265153925865889,0.3509386656805873,0.05484457000435079,-5.335094653790993,1.6030850077892012,2.081158144224133,-5.335094653790993
0.09362013917416334,0.4127024980261922,0.328432091511786,0.3281734362244606,0.054838194991836994,-5.604268226944052,2.023748404615593,1.7984416795688412,-5.604268226944052
0.12893247324973345,0.40205008815973997,0.4687027130275965,0.38985561672598124,0.054829048207318785,-4.345881274483393,1.921741116228113,1.544877326970031,-4.345881274483393
0.34288111329078674,0.4127980889752507,0.001608302816748619,0.3173671653494239,0.05469664592643628,-7.9726976120536435,2.434275321903298,2.8397499298742748,-7.9726976120536435
0.2593598561361432,0.38107053376734257,0.3911126833409071,0.36343423277139664,0.05469108197988449,-1.3329046549857446,1.0583453534592973,0.7957208829391963,-1.3329046549857446
0.0891474885866046,0.38742497004568577,0.4289989164099097,0.41852517891675234,0.054602500287747456,-5.251414292294877,1.9695374536435823,1.7128579493282299,-5.251414292294877
0.02729257196187973,0.3957181880250573,0.42150955367833376,0.44380928948521614,0.05445411104160281,-6.714976003502013,2.3244288384730645,1.9892222332408507,-6.714976003502013
0.019000882282853127,0.40443703159689903,0.2998261786997318,0.37646093498915434,0.0544537203181954,-7.3190577530629195,2.487041963442783,2.10867451974079,-7.3190577530629195
0.13520344719290733,0.4035522360354662,0.450348068960011,0.34680719766765833,0.054440284811928266,-4.199431508711615,1.9145881794971586,1.5251765412216902,-4.199431508711615
0.017610124312341213,0.4397808099165559,0.40056572295725346,0.40349312871694565,0.05443351857970735,-6.892860110805936,2.3992353067650227,2.091246177840671,-6.892860110805936
0.07240606099367142,0.40817952807992697,0.2910010339692235,0.3742561237886548,0.054326313481927076,-6.252045892880071,2.1057328544606135,1.9086700291182748,-6.252045892880071
0.2318573622033,0.3858456667512655,0.40868968050926924,0.3944240938872099,0.05430700949097808,-1.844827381810374,1.200379545816331,0.9298815081250592,-1.844827381810374
0.19419776368886232,0.41163268964737654,0.42039933055639267,0.4241453129798174,0.05427066992403035,-2.7231719746193765,1.2842993914925387,1.1684207725692193,-2.7231719746193765
0.02471593115478754,0.42034065537154675,0.39354255981743336,0.320553838275373,0.05427041485547496,-6.878970314647099,2.567904777877419,2.060220482727977,-6.878970314647099
0.36915831733494997,0.39285088796168566,0.0735080810263753,0.32870481349527836,0.05426086979892876,-6.085155983327388,1.9444664682748538,2.304336114204466,-6.085155983327388
0.38544861879199743,0.40339370258152485,0.15318704582750797,0.36702815257012844,0.054193639081018624,-3.886914614981489,1.4143987905860962,1.643755974551538,-3.886914614981489
0.3945583803579211,0.42094971518963575,0.3840694958344102,0.3544116308912635,0.05418151801103929,0.3464973837428322,0.4514372549945338,0.439367566733438,0.3464973837428322
0.4356593145057559,0.39869758766144514,0.02802833542227745,0.35338193364441395,0.05413411678003376,-7.188037865119309,2.0553251249333018,2.6153568189049907,-7.188037865119309
0.2683253111317754,0.40160681772977114,0.42108903266489506,0.3581715039908886,0.05405965162441108,-1.0541084918030261,1.0090496269250324,0.7609236843301262,-1.0541084918030261
0.12555814255028963,0.42340610548853874,0.30557405576109886,0.3629574812948704,0.05391112452797674,-4.9514410523751,1.7125146569022396,1.6600856582409647,-4.9514410523751
0.0591315533965826,0.38132532127201557,0.38686332665383816,0.38046526443213224,0.05390944391341364,-5.9643331163118365,2.204081620730104,1.8592671649483257,-5.9643331163118365
0.006400377489626408,0.39968142472207546,0.32291051745414734,0.4202221091836691,0.053898566412759,-7.436770235446643,2.486743774953771,2.1208237929151874,-7.436770235446643
0.21615208592265844,0.4105774313211441,0.44242126028984785,0.3607951616868377,0.05388089335142397,-2.215327518641827,1.370458305926726,1.0708616135665514,-2.215327518641827
0.17601065430790186,0.42653771955519915,0.4301987085491419,0.35706302523612976,0.053856216938913785,-3.137933689697754,1.5475941195582872,1.3153853528137442,-3.137933689697754
0.0020498866215348244,0.4251872906461358,0.4196279551833868,0.33088629972189665,0.05377320517008134,-7.2841268131741534,2.75386935904201,2.1338254196970476,-7.2841268131741534
0.050167880952358246,0.43786761350929737,0.3475921079516411,0.4180595586076379,0.05376535201352889,-6.394029584692805,2.0489716216458715,1.9696235525220471,-6.394029584692805
0.1959833689033985,0.40922836400568485,0.43422973807901144,0.342056343331933,0.05366583950657586,-2.7384061517800173,1.5041885354247029,1.194431440227037,-2.7384061517800173
0.18638882786035538,0.3988489983603358,0.3254639832302928,0.37223677802830935,0.05358660347962461,-3.2910557195706467,1.3062641055839053,1.29058360495195,-3.2910557195706467
0.0797498095780611,0.4063289649784565,0.3149836268275976,0.4336988925933838,0.053554312897717955,-5.9400640608835795,1.8872743947814994,1.829197901396478,-5.9400640608835795
0.37715686578303576,0.3964868625625968,0.0004596961662173271,0.297718801535666,0.05350273547565751,-7.943186673869522,2.492039920208529,2.827334011478965,-7.943186673869522
0.1389047261327505,0.41794774774461985,0.3730885200202465,0.31881698686629534,0.053488391188065004,-4.334038064732909,1.765559942083489,1.543729557047845,-4.334038064732909
0.44703561160713434,0.43256483878940344,0.36393714509904385,0.3517667166888714,0.053408107632509354,-0.13496347990957114,0.7338757456974802,0.5160287922972407,-0.13496347990957114
0.1514871111139655,0.42234894540160894,0.33166257198899984,0.4224102357402444,0.053391759534048476,-4.105491862187022,1.3804080285690832,1.466435174725934,-4.105491862187022
0.3294987687841058,0.40647605434060097,0.01903549674898386,0.4149657404050231,0.053279126627995346,-7.607101190421622,2.316287677332459,2.765299386736506,-7.607101190421622
0.24853810016065836,0.3747287718579173,0.41120210755616426,0.3599516600370407,0.05311977678180138,-1.62410926598314,1.2135501753122886,0.8548832644692558,-1.62410926598314
0.07684467732906342,0.3865796625614166,0.4520561946555972,0.37854600697755814,0.053116602649238336,-5.536123983020156,2.2365050656956544,1.7688131288927365,-5.536123983020156
0.3961590947583318,0.4285736735910177,0.016303307376801968,0.3207253646105528,0.05304156652164045,-7.601332627423855,2.1487346888520076,2.720651717794976,-7.601332627423855
0.0026936186477541924,0.42138917464762926,0.4936978751793504,0.3858344051986933,0.05298033935806405,-7.264479534008055,2.8647590570847576,2.0871246661543195,-7.264479534008055
0.41141900699585676,0.380179014056921,0.035146065056324005,0.3624894078820944,0.05291435393815716,-6.96657775717376,2.1077733438372026,2.5358436287055865,-6.96657775717376
0.008765339851379395,0.4060435136780143,0.3363747587427497,0.31479488126933575,0.052805636753643144,-7.476046684882082,2.675603097810818,2.1207806647835707,-7.476046684882082
0.012413138523697853,0.4150978960096836,0.4797992464154959,0.35064336843788624,0.05273893122495411,-7.056263808538507,2.810439593318344,2.0554406671659966,-7.056263808538507
0.21201025415211916,0.3932222677394748,0.36539062298834324,0.3321640742942691,0.05273324263968178,-2.579693739963141,1.2968479511341178,1.116497073667077,-2.579693739963141
0.3888226365670562,0.42889939714223146,0.12087604030966759,0.3860295666381717,0.05268326882351963,-4.8283024285452285,1.4563754691185389,1.9129156518007826,-4.8283024285452285
0.3551722951233387,0.41004791483283043,0.1267547309398651,0.3388106180354953,0.05264726035809753,-4.776138618553425,1.602824253376242,1.9020773461719187,-4.776138618553425
0.11925572529435158,0.38920821342617273,0.326697182841599,0.403974037617445,0.05254136969062724,-4.87633986102844,1.70710619079616,1.610189650257725,-4.87633986102844
0.05892841890454292,0.40099641494452953,0.46104804519563913,0.3401616904884577,0.052521116587527804,-6.026959796594786,2.455054079123343,1.868512401371501,-6.026959796594786
0.11368641722947359,0.3828251585364342,0.34015710838139057,0.36107057705521584,0.05230889990943525,-4.949689104361245,1.8525340836516324,1.6317155993850465,-4.949689104361245
0.1616622358560562,0.38025791570544243,0.36135982628911734,0.3513459423556924,0.05229565318706506,-3.7273884937601505,1.59093201121214,1.3676469091825691,-3.7273884937601505
0.08388567715883255,0.39728549029678106,0.48599983658641577,0.39970792457461357,0.05220124190959795,-5.495850046437945,2.259692462721558,1.7395308722460043,-5.495850046437945
0.061439705081284046,0.4079748997464776,0.4738773684948683,0.45517698023468256,0.05218230553477496,-6.120009891721435,2.220019182505273,1.835825414840164,-6.120009891721435
0.027818581089377403,0.44223853945732117,0.3837526934221387,0.36057446897029877,0.05215169563834241,-6.758733916502045,2.4069823048109074,2.0548433826550903,-6.758733916502045
0.15580702479928732,0.4007507488131523,0.42628727946430445,0.3242840878665447,0.0521242666208364,-3.7985231330868485,1.7786070706445338,1.4137913893568101,-3.7985231330868485
0.09118751622736454,0.4040588457137346,0.35649254731833935,0.4670639066025615,0.0520856388421782,-5.593479492784353,1.6413781365871694,1.7287953360503945,-5.593479492784353
0.13579680118709803,0.4387725507840514,0.34765743743628263,0.37446154840290546,0.05205249347942755,-4.3655624533306705,1.5783035606510776,1.5581351464895397,-4.3655624533306705
0.06693855952471495,0.4331777114421129,0.35851528961211443,0.32312075421214104,0.052005011566388336,-6.105252265842157,2.2079035529606736,1.9001198703773818,-6.105252265842157
0.10493288096040487,0.40995944663882256,0.45336493756622076,0.3261966221034527,0.05191607540923788,-5.025637403136367,2.151507247115654,1.6756780876758053,-5.025637403136367
0.016670227982103825,0.43125422205775976,0.3382582627236843,0.4599599251523614,0.05185822959517433,-7.32314672305079,2.2647029438820696,2.0844722937716758,-7.32314672305079
0.028323854319751263,0.39909156132489443,0.28307419549673796,0.3568491218611598,0.051848455746260985,-7.305247176122297,2.4931441270146917,2.068912911383766,-7.305247176122297
0.0448048310354352,0.41721661295741796,0.26813780143857,0.3341886652633548,0.05176966902570124,-7.214067961964463,2.4140996603205376,2.045489480461798,-7.214067961964463
0.38653418608009815,0.43885192926973104,0.05269366875290871,0.3550016628578305,0.051719334711149284,-6.6957340558187095,1.779851663067703,2.4574398354151747,-6.6957340558187095
0.036851693876087666,0.43437826447188854,0.46294490434229374,0.4462488042190671,0.05170968450374969,-6.59414351122761,2.344656861856622,1.963164467166166,-6.59414351122761
0.22612216509878635,0.41378287225961685,0.33569289185106754,0.37833269964903593,0.05167121626427258,-2.2573620126655634,1.007690502760689,1.0489630978375954,-2.2573620126655634
0.43999683670699596,0.39019252732396126,0.024001345969736576,0.33810851722955704,0.05161166820731488,-7.313359712256621,2.1725763825533293,2.608392041358322,-7.313359712256621
0.12975168135017157,0.38217133935540915,0.3865147577598691,0.3349522426724434,0.051576707176519736,-4.446593092536155,1.8610303773567929,1.529014619143744,-4.446593092536155
0.08942500595003366,0.39098276756703854,0.47211600840091705,0.3646017648279667,0.051480722167537955,-5.33173708601728,2.25429990802411,1.711433265518233,-5.33173708601728
0.05343316216021776,0.4279303401708603,0.2947867810726166,0.3250468662008643,0.05144648248730811,-6.849634737113548,2.316194573629319,1.993517451273436,-6.849634737113548
0.04713950864970684,0.433284942060709,0.40979991666972637,0.47633837908506393,0.05118617247606619,-6.5143778771903,1.9786569134036056,1.9254574370328401,-6.5143778771903
0.27804477140307426,0.40399589762091637,0.4354644911363721,0.3777604140341282,0.05110417984181729,-0.8744706911590049,0.9574044085621469,0.6967960394887883,-0.8744706911590049
0.16796426568180323,0.37883609998971224,0.3445582166314125,0.386536025442183,0.051039858353303755,-3.6259309759252876,1.4718623456032796,1.3200840642972598,-3.6259309759252876
0.2061877679079771,0.409063839353621,0.4607602022588253,0.40369957592338324,0.0510325761481692,-2.5392081502995842,1.4297320777057303,1.107992361484853,-2.5392081502995842
0.1459177415817976,0.4286650028079748,0.31373899430036545,0.3404366606846452,0.05099565591122609,-4.511807621901905,1.621629112811103,1.546862939050182,-4.511807621901905
0.41786330938339233,0.4054203862324357,0.09875430911779404,0.319262414239347,0.050982323854670254,-5.46977268956987,1.7407887746990323,2.0677338823080187,-5.46977268956987
0.3796656262129545,0.4019659413024783,0.13869669009000063,0.4021037947386503,0.05097951658503974,-4.312228205748238,1.5113766401861384,1.7672078224156664,-4.312228205748238
0.06324870977550745,0.38801673892885447,0.4650735892355442,0.35909536480903625,0.050957860127554995,-5.914536761326819,2.414925072389001,1.8195278755506215,-5.914536761326819
0.089953756891191,0.43915083166211843,0.4415441304445267,0.439535915851593,0.0508495773001005,-5.341916208566763,1.852474757263716,1.7382110992080682,-5.341916208566763
0.4222529111430049,0.444881921634078,0.35401129350066185,0.3465168261900544,0.05077660815045068,-0.171097082101316,0.734640763913311,0.5707718384938141,-0.171097082101316
0.06915904581546783,0.3736159708350897,0.4091693516820669,0.4101037411019206,0.050654996605308665,-5.759168664884887,2.117959285905874,1.767774829481502,-5.759168664884887
0.04206528328359127,0.41274463664740324,0.4032467547804117,0.4972292147576809,0.05064479027232635,-6.770247954501668,2.0174415056286517,1.9238142799002764,-6.770247954501668
0.0650737676769495,0.41690939106047153,0.42710014805197716,0.30490099824965,0.05063096769138415,-6.043688882046874,2.3895758554380704,1.8629215655506475,-6.043688882046874
0.3508576266467571,0.3716407837346196,0.010538469068706036,0.3811031701043248,0.050623200773901776,-7.671319085721561,2.377372950817899,2.6983716265062814,-7.671319085721561
0.1033256333321333,0.39901174884289503,0.4818192198872566,0.43779299315065145,0.05053283132167416,-5.161308682412777,2.0368629474520787,1.6340112080744795,-5.161308682412777
0.3755221255123615,0.419289693236351,0.059709083288908005,0.43612480349838734,0.050445969610570386,-6.598948359691011,1.9665890389913665,2.4560926594151304,-6.598948359691011
0.08113230299204588,0.40166596602648497,0.3748471746221185,0.29913763236254454,0.0504448981872377,-5.815175244639804,2.2298574963174307,1.797549691730953,-5.815175244639804
0.17157406639307737,0.42692254297435284,0.4569749692454934,0.42043497134000063,0.050425225435755144,-3.3666556725123926,1.5239718997243128,1.309888405717256,-3.3666556725123926
0.22848718892782927,0.40744581911712885,0.3177659707143903,0.35888110380619764,0.05039737706363847,-2.4662208183516547,1.0127729967118984,1.0841033288081334,-2.4662208183516547
0.16713552456349134,0.4053095066919923,0.3016767865046859,0.3301846757531166,0.0503951380713345,-4.176656242627061,1.5427927247623552,1.4544262976622342,-4.176656242627061
0.10694119706749916,0.42022793740034103,0.34204442892223597,0.47373328637331724,0.05039021206741445,-5.385639517990281,1.4904415639750015,1.668491734370524,-5.385639517990281
0.029158317483961582,0.379209958948195,0.3651397116482258,0.42639988847076893,0.05031311508843439,-6.779989696684513,2.3125109628633633,1.9561795460360198,-6.779989696684513
0.30037129111588,0.3994576018303633,0.3349122926592827,0.3437423901632428,0.050214770992902225,-0.9558789289630581,0.6956181650245662,0.6733544404589656,-0.9558789289630581
0.04977752920240164,0.3759381426498294,0.405267589725554,0.35308666806668043,0.05021055742345146,-6.215825439999744,2.3815502102014907,1.8675334069259368,-6.215825439999744
0.00018066726624965668,0.4326395820826292,0.5036796918138862,0.39325343538075686,0.050048869192224094,-7.387556898906386,2.9099996021099783,2.0812633504580584,-7.387556898906386
0.35273413080722094,0.36914322152733803,0.023502487689256668,0.35367122758179903,0.050000292956773364,-7.355202181163961,2.3203099492754733,2.5773824213506322,-7.355202181163961
0.06491831690073013,0.4277902152389288,0.47009517531841993,0.4706878764554858,0.04996899282479145,-6.149284142262117,2.12114141255856,1.8240394525265256,-6.149284142262117
0.2533767931163311,0.4166060723364353,0.34936421271413565,0.3482755394652486,0.049936194161882434,-1.6524190598182216,0.9075251880727135,0.8922112922398128,-1.6524190598182216
0.13541230373084545,0.376801086589694,0.39947926439344883,0.4325355589389801,0.049920654586933316,-4.297863565866666,1.6230802873083077,1.4393336170498021,-4.297863565866666
0.4397803507745266,0.393960140645504,0.0748704057186842,0.3788563245907426,0.0497965654215995,-6.0160196288481265,1.782004806186409,2.2173057202302826,-6.0160196288481265
0.32313966285437346,0.40804340597242117,0.11722265370190144,0.3552690763026476,0.049742992428984625,-5.160785339459284,1.7039093611114493,1.9883013811455623,-5.160785339459284
0.12130386102944613,0.40620473865419626,0.3953195922076702,0.48387342132627964,0.04965583060830541,-4.9257229889876974,1.3695174956341658,1.5524275118969146,-4.9257229889876974
0.01758602075278759,0.4014325188472867,0.24879809189587831,0.3693383587524295,0.04962604276709926,-7.841415487735706,2.6246697381336985,2.1247001359167808,-7.841415487735706
0.14618000015616417,0.41610380448400974,0.2709878599271178,0.38019029051065445,0.04962393845887849,-4.853673191514426,1.6333393602696011,1.5910518377673508,-4.853673191514426
0.30339672788977623,0.41696272417902946,0.03912569582462311,0.3768528336659074,0.049619213881620855,-7.225157734701921,2.2119418342836625,2.578538167052396,-7.225157734701921
0.06752843875437975,0.4084606980904937,0.24111536424607038,0.35195520240813494,0.04959432957798984,-6.971818372482186,2.3083868935023917,1.9722043555322784,-6.971818372482186
0.40724482480436563,0.42533527966588736,0.14147837553173304,0.3343771193176508,0.049590651858016005,-4.364110884112676,1.4418839027200727,1.713641035057193,-4.364110884112676
0.1303493231534958,0.4450774174183607,0.3660731054842472,0.3939437214285135,0.04950561375131071,-4.402415173523677,1.5602314616763227,1.5610985708419272,-4.402415173523677
0.1395503617823124,0.4288276182487607,0.2912138430401683,0.4059906415641308,0.049370876247926375,-4.784614457812655,1.5715385718947816,1.5766368473876866,-4.784614457812655
0.4450366199016571,0.4340727087110281,0.350038074888289,0.3790384866297245,0.04931451948922317,-0.12860383074030238,0.6899660791978748,0.5123222985852848,-0.12860383074030238
0.18842696025967598,0.4267413867637515,0.3635033005848527,0.43800728395581245,0.04930889720347854,-3.0968845708364614,1.1401375393933693,1.2120128477299936,-3.0968845708364614
0.19179702922701836,0.4051281772553921,0.393683566711843,0.3086913311854005,0.04923557479734586,-3.1134989878212416,1.518424101013951,1.2281614964124106,-3.1134989878212416
0.12181332986801863,0.41875960770994425,0.507706182077527,0.40755054261535406,0.04920733576239625,-4.807150644700817,2.0917060450911156,1.5735979857639664,-4.807150644700817
0.3805981306359172,0.4452426265925169,0.03826435934752226,0.38239545840770006,0.04914083635368672,-7.111969813682167,1.871188231873943,2.57221527293455,-7.111969813682167
0.1312261875718832,0.43364354223012924,0.42830811627209187,0.46163574140518904,0.049096723986197084,-4.503457596952636,1.4475661616461124,1.5157672633555377,-4.503457596952636
0.03238291759043932,0.3973998660221696,0.3096533976495266,0.3011784180998802,0.04909002680754402,-7.24676582437869,2.56475725634788,2.019589063600566,-7.24676582437869
0.2576970346271992,0.375704082660377,0.37757977936416864,0.39867866039276123,0.049077841177069065,-1.454746461108146,1.0426250922749067,0.7646094095628816,-1.454746461108146
0.1555810021236539,0.38157104328274727,0.4694737773388624,0.3963426323607564,0.04906222191696908,-3.845897999554238,1.8238582083249724,1.3520362664900307,-3.845897999554238
0.01121728029102087,0.4160497058182955,0.40899487771093845,0.5110592618584633,0.049043183071920564,-7.526024776090169,2.334498857684068,2.029025439168265,-7.526024776090169
0.32081568241119385,0.38125670328736305,0.017016569152474403,0.3088795766234398,0.04902156789379895,-7.717103092493013,2.500196615596826,2.6449273016950072,-7.717103092493013
0.43563477881252766,0.4384800335392356,0.3675327030941844,0.38941353652626276,0.049003127012130214,0.022492750461784058,0.5980535465657931,0.5403294369599289,0.022492750461784058
0.00775633379817009,0.442593771032989,0.47217289917171,0.423938755877316,0.04900002392323172,-7.187826990405199,2.6631116303793685,2.0646915496496616,-7.187826990405199
0.0952876191586256,0.39002219028770924,0.28710379265248775,0.34233167115598917,0.04897995022108913,-5.889001634338254,2.0607540403966933,1.7747450182364124,-5.889001634338254
0.07953904569149017,0.43451064079999924,0.27216359321027994,0.34942780528217554,0.0489150128677211,-6.444590458161365,2.106352959800626,1.8948608350292517,-6.444590458161365
0.1897555710747838,0.39026379957795143,0.3216813337057829,0.3269588043913245,0.04888614549132065,-3.499211833328205,1.4206623633422586,1.2855431749218482,-3.499211833328205
0.34504265803843737,0.38994614966213703,0.11332539562135935,0.3227363657206297,0.04883028492496816,-5.231182025387963,1.8068883985519457,1.9878544454513658,-5.231182025387963
0.03474919870495796,0.419636195525527,0.2502790493890643,0.4317729352042079,0.04879592803402983,-7.558068750222435,2.4101666233559556,2.0636666424612553,-7.558068750222435
0.19944505020976067,0.3839668156579137,0.3395891943946481,0.4090325152501464,0.04876747304639023,-2.939603211445191,1.2538759239144066,1.1362062426823518,-2.939603211445191
0.16032835748046637,0.443328489549458,0.38974415324628353,0.40856731217354536,0.048763294153486104,-3.5835022526592932,1.3685121769677233,1.3797836798026115,-3.5835022526592932
0.2695826720446348,0.3633855041116476,0.38065291102975607,0.3704070430248976,0.048633032519580024,-1.3504532849009825,1.0729685588603868,0.7439021057136161,-1.3504532849009825
0.0040908679366111755,0.40831362549215555,0.3671491062268615,0.28126536030322313,0.04862208033175035,-7.642683471531682,2.805395366709689,2.0943002105528383,-7.642683471531682
0.14828018005937338,0.3883403027430177,0.37118594255298376,0.455878721550107,0.04861924512044902,-4.17193147393077,1.4082595464209626,1.3890479367937238,-4.17193147393077
0.11504320241510868,0.44588807318359613,0.40748401265591383,0.42591952346265316,0.048610862270160295,-4.71206518377212,1.6059381933459134,1.6160649612185793,-4.71206518377212
0.05635765939950943,0.42728057503700256,0.23708452098071575,0.33936732169240713,0.04857211631975103,-7.3481087780810865,2.379515142649698,2.027774927244597,-7.3481087780810865
0.11764854099601507,0.4152319449931383,0.2889872984960675,0.44742625020444393,0.04856110265798046,-5.423770537451028,1.6957765697206497,1.6631486853469968,-5.423770537451028
0.262699824757874,0.4180488707497716,0.36659304052591324,0.3835047082975507,0.048554634842386105,-1.1975671675507116,0.8172236937236333,0.7836111323168027,-1.1975671675507116
0.30551808793097734,0.4184248195961118,0.057415022514760494,0.3573707202449441,0.04854183750500586,-6.791020780554947,2.090686172252118,2.435739685601274,-6.791020780554947
0.21636093873530626,0.43021586164832115,0.3917962424457073,0.41479394398629665,0.04852193276765629,-2.2056768320055116,1.077823559954227,1.0422815747211038,-2.2056768320055116
0.019224993884563446,0.3776868134737015,0.35081766080111265,0.3366281781345606,0.04845918356009667,-7.110683104758416,2.589102909929094,2.00271765146524,-7.110683104758416
0.31695946492254734,0.41342893056571484,0.1043191971257329,0.382677236571908,0.04841241549681939,-5.517313992160764,1.7794172178962446,2.092102027126273,-5.517313992160764
0.10110080149024725,0.37170636374503374,0.33910946920514107,0.39334391988813877,0.04824932261171031,-5.2767806663619705,1.8957495351784237,1.6399427674815767,-5.2767806663619705
0.15003526769578457,0.3858904242515564,0.3581685274839401,0.31130596436560154,0.048214127987972234,-4.251530614927375,1.7588082314413773,1.4448469090063527,-4.251530614927375
0.03066292405128479,0.4366053994745016,0.32102892082184553,0.3075279975309968,0.04819080837682382,-7.259429201768282,2.4940639221117213,2.0499997144821425,-7.259429201768282
0.08324194885790348,0.38497509341686964,0.41168564558029175,0.31301498133689165,0.048123404385171285,-5.613359044524503,2.2556628665386302,1.7338597431249478,-5.613359044524503
0.013716462068259716,0.3929044855758548,0.4590325215831399,0.47780508641153574,0.04811754078881703,-7.248239615688215,2.538221831970197,1.9733401458600377,-7.248239615688215
0.0006290972232818604,0.38305160216987133,0.3915331671014428,0.465428963303566,0.04809566370582259,-7.462254815000425,2.5023123482621763,2.033545808906134,-7.462254815000425
0.32717690523713827,0.3894115472212434,0.33088501263409853,0.35557526256889105,0.04801194480606255,-0.571555754003944,0.6239236805972491,0.5431694724545861,-0.571555754003944
0.07355580851435661,0.41093560867011547,0.2228904329240322,0.3793404595926404,0.04799444241682765,-7.036090343307116,2.2934448906939258,1.965677463224988,-7.036090343307116
0.21037741377949715,0.3946803081780672,0.34858471620827913,0.42989330273121595,0.047990883243275294,-2.6613955308951307,1.15528807675688,1.0661512963983957,-2.6613955308951307
0.44934794027358294,0.3963833013549447,0.092228920198977,0.35927502904087305,0.04796836917432092,-5.599994817642686,1.706180224690356,2.054368624393546,-5.599994817642686
0.0277940621599555,0.4039265029132366,0.23058886267244816,0.3966253874823451,0.047919670927017786,-7.832511409779065,2.577028973369003,2.0976824710743,-7.832511409779065
0.1766639230772853,0.4141946593299508,0.48119780886918306,0.42618598137050867,0.04791728471008317,-3.441637818095197,1.6326179400790906,1.270726509421267,-3.441637818095197
0.09279902372509241,0.43212728295475245,0.2543091233819723,0.3845492238178849,0.04788464987840621,-6.287240901125234,2.01331983055824,1.8487463817869465,-6.287240901125234
0.1438076188787818,0.41361735574901104,0.4013818437233567,0.29521442856639624,0.047868819767881196,-4.347710450136771,1.8537802462822797,1.4881110022060169,-4.347710450136771
0.42255454510450363,0.37713262997567654,0.0882033221423626,0.3398442519828677,0.04785284248205115,-5.684141179220758,1.8803994193061597,2.0691991676529957,-5.684141179220758
0.04257439076900482,0.39611036609858274,0.5154046751558781,0.42481150571256876,0.04784043729355881,-6.638190294181943,2.639738833034776,1.8695255614836808,-6.638190294181943
0.2898062411695719,0.37891724798828363,0.35326049849390984,0.3174537578597665,0.04781911350537136,-1.3268296124252288,0.976362331060348,0.7231195283268442,-1.3268296124252288
0.19733588118106127,0.3987660901620984,0.3769315630197525,0.4531811187043786,0.04778301557393271,-2.961973086796567,1.1848150113972833,1.1212133429559343,-2.961973086796567
0.15211558062583208,0.418551760725677,0.2574702277779579,0.35281264781951904,0.04774022844456696,-4.990664337888981,1.6736328697129026,1.601289880280363,-4.990664337888981
0.40807929169386625,0.4213256789371371,0.19228616170585155,0.390308435074985,0.04773499589625443,-2.898814476779304,1.2199618979572437,1.2607759254676683,-2.898814476779304
0.08262140024453402,0.44788877107203007,0.3364322790876031,0.3800000688061118,0.04769792432594404,-5.758601462190114,1.9185909590420724,1.8124043721658905,-5.758601462190114
0.23530911654233932,0.36837456561625004,0.4294804874807596,0.40283217281103134,0.04765330311120354,-2.0207414504735457,1.328880129193194,0.8864198268274196,-2.0207414504735457
0.3435343820601702,0.43194726202636957,0.08360492531210184,0.40350369922816753,0.0476076643421484,-5.995103296451507,1.7992210162125744,2.2522175791393275,-5.995103296451507
0.014468909241259098,0.3893485879525542,0.37715726904571056,0.2974178120493889,0.04751519542015835,-7.281815964661376,2.719403094341057,2.0220222181165832,-7.281815964661376
0.026162637397646904,0.4020269839093089,0.35181332286447287,0.5011817747727036,0.047438348172344755,-7.302767732849539,2.189914064455733,1.9766954464117363,-7.302767732849539
0.10679147206246853,0.4245179183781147,0.26023092679679394,0.3093934301286936,0.047410618396098746,-6.180147787303139,2.062287424379883,1.8003869061528215,-6.180147787303139
0.41168317291885614,0.40005989372730255,0.11695969756692648,0.41697543021291494,0.04737531224523119,-4.941513652668711,1.6220681990440071,1.9109499356153767,-4.941513652668711
0.08709545433521271,0.4170194948092103,0.4669742649421096,0.4951805016025901,0.04732075786404663,-5.873494152655865,1.9283660779106926,1.7006943723799257,-5.873494152655865
0.014020062051713467,0.43509707506746054,0.5167199671268463,0.3736806781962514,0.04730515345979848,-7.19574707321313,2.8967289860238554,2.0165433444361884,-7.19574707321313
0.03099575825035572,0.41010124422609806,0.27784280106425285,0.4718147739768028,0.0472647608115005,-7.517282132712658,2.3449879808897935,2.0228961638944645,-7.517282132712658
0.3997920649126172,0.38577719032764435,0.061731829307973385,0.29120509047061205,0.047246890322110706,-6.5291318682389115,2.16769184268004,2.335669652486534,-6.5291318682389115
0.12335926108062267,0.42997043766081333,0.49772389605641365,0.4306555688381195,0.047243330782096,-4.787303645133569,1.9753876690067458,1.5572699609539018,-4.787303645133569
0.015788874588906765,0.4287162544205785,0.403814984485507,0.5173321776092052,0.047235722011177345,-7.525818987675865,2.2658506470415594,2.0132223314851414,-7.525818987675865
0.04504564497619867,0.4492852436378598,0.3817370356991887,0.44157617073506117,0.04723566880291501,-6.489611846016104,2.0328748558239944,1.9408153063484777,-6.489611846016104
0.03986373730003834,0.4390153447166085,0.2583926049992442,0.3585839457809925,0.04721868517525921,-7.430264307986288,2.386413347248743,2.0551912942773947,-7.430264307986288
0.24109356943517923,0.3857050435617566,0.4463222250342369,0.328874702565372,0.04720765867774521,-2.009054225138555,1.3815948098302981,0.9179048476992832,-2.009054225138555
0.09117362834513187,0.3744823383167386,0.4468172760680318,0.34456377290189266,0.047193412273212776,-5.345340424589317,2.234243017777529,1.6605978821669398,-5.345340424589317
0.39087917655706406,0.43804557994008064,0.09229436423629522,0.41468383371829987,0.04717866997791627,-5.724756468533376,1.6155779392804173,2.1479251528372933,-5.724756468533376
0.37333460059016943,0.41064909659326077,0.24258163943886757,0.36499557457864285,0.04717005792961947,-1.7082177222969595,0.9815654188017663,0.9214039946143903,-1.7082177222969595
0.38056168891489506,0.40494311042129993,0.3161918856203556,0.3442848455160856,0.047158983911208055,-0.34498742598673765,0.6962612218971218,0.4859767935495551,-0.34498742598673765
0.15797815658152103,0.4254337316378951,0.43863938562572,0.3150086970999837,0.04715685112549251,-3.8644023819525324,1.788260573535184,1.4050311009574483,-3.8644023819525324
0.03407163918018341,0.4145527174696326,0.2007156852632761,0.3139019487425685,0.04706833444632531,-8.288285179453716,2.706673232686074,2.137709668433861,-8.288285179453716
0.038395680487155914,0.4143404634669423,0.5314991287887096,0.4544538501650095,0.0470442481744085,-6.946030239401389,2.7057858524643086,1.8881303240451988,-6.946030239401389
0.332340388558805,0.3943192567676306,0.3570466646924615,0.366178329102695,0.047038032273524655,-0.1479038120960143,0.5477582787224078,0.4456984068388228,-0.1479038120960143
0.10927978064864874,0.38469771575182676,0.30385244730859995,0.42441968712955713,0.046965659718297914,-5.385473361804851,1.8023289872571007,1.6413393875192661,-5.385473361804851
0.11528304032981396,0.4216207368299365,0.301970848813653,0.2873429339379072,0.04693114496603154,-5.703921783319835,2.012606670850302,1.7065664888435137,-5.703921783319835
0.17975644301623106,0.3665098249912262,0.35131253115832806,0.3521913653239608,0.046930897547507504,-3.474453699900719,1.5196668861517353,1.2367176268607634,-3.474453699900719
0.4215529505163431,0.4158943761140108,0.20921790692955256,0.34738971572369337,0.046886024518856984,-2.54492007265801,1.2294160870561754,1.1182017043545651,-2.54492007265801
0.04747806116938591,0.41337544471025467,0.4918042728677392,0.3106032693758607,0.046859906439775424,-6.563911836527873,2.6862557418739597,1.8848054735762136,-6.563911836527873
0.41723293252289295,0.37867136765271425,0.04799946304410696,0.40542338602244854,0.046856828747380085,-6.745583391044546,2.0482101047109786,2.4207504009058836,-6.745583391044546
0.331869475543499,0.40173965226858854,0.04505508951842785,0.2877443693578243,0.04685487100256552,-7.145454008132455,2.321062674205055,2.498317217800852,-7.145454008132455
0.043547497130930424,0.419980188831687,0.21809375751763582,0.41940548550337553,0.04677513483348366,-7.737964351455634,2.4793488144994336,2.064714008501609,-7.737964351455634
0.13720986153930426,0.39123772643506527,0.3157579256221652,0.44554626010358334,0.04674728316541295,-4.722448236276311,1.5587462893809894,1.4948221603911631,-4.722448236276311
0.03230334538966417,0.36360996775329113,0.399977951310575,0.38572428841143847,0.04669263909352578,-6.632035635959563,2.448114969708926,1.8877626461144272,-6.632035635959563
0.2511563217267394,0.3589976876974106,0.4144146554172039,0.38836766965687275,0.046685799104282166,-1.750307957425005,1.2663001405098393,0.8225744191552704,-1.750307957425005
0.11989373527467251,0.3929765494540334,0.2760645169764757,0.31677499134093523,0.04668207219205604,-5.613533766583085,1.9755476828049328,1.6891207640523993,-5.613533766583085
0.09685761388391256,0.4260067315772176,0.274057031609118,0.4538822639733553,0.04661665183227278,-6.10798012459659,1.8711661427311652,1.7743478890311484,-6.10798012459659
0.179866055957973,0.39645213540643454,0.4406449617817998,0.4591962266713381,0.04661090428161976,-3.4237172954235255,1.4220420689305115,1.2083075973891184,-3.4237172954235255
0.28472811449319124,0.42333229817450047,0.005390669219195843,0.36632560659199953,0.046480939306501295,-8.162470951753926,2.498122543402138,2.7755787680783612,-8.162470951753926
0.30210179183632135,0.36541337985545397,0.3711363272741437,0.3226984804496169,0.04641197317949963,-1.1053269837774478,1.0044314669451153,0.6667929307786986,-1.1053269837774478
0.28333428781479597,0.4147317549213767,0.4028222905471921,0.3335908092558384,0.046393547708042576,-0.9083475518389672,0.897955273215309,0.7003695369217234,-0.9083475518389672
0.05727296229451895,0.3974709305912256,0.33436194714158773,0.49151400942355394,0.046358750910527505,-6.674423189437479,1.9645056043886227,1.8519026394276306,-6.674423189437479
0.006189617328345776,0.38050458766520023,0.2798464735969901,0.36671929713338614,0.04635499232798683,-7.786980887228602,2.6849596027006597,2.0795228024967276,-7.786980887228602
0.34833033476024866,0.40659255906939507,0.3425946366041899,0.32584817986935377,0.04632978373658732,-0.3987856920869844,0.6908266720037267,0.5122222087281176,-0.3987856920869844
0.40555642917752266,0.4008239284157753,0.2240666877478361,0.33681666385382414,0.04631568428728755,-2.2029226699279625,1.2036807496061255,1.0318062280367089,-2.2029226699279625
0.23699552100151777,0.43378045968711376,0.36930203530937433,0.3648152267560363,0.04630082438835353,-1.8312196184587703,0.9981273481448018,0.9557220866347295,-1.8312196184587703
0.3391874674707651,0.39106071554124355,0.17434494104236364,0.3453883705660701,0.04629665417649333,-3.6510108595393316,1.420317178412234,1.506014167574253,-3.6510108595393316
0.333160157315433,0.39745308365672827,0.15660445392131805,0.388406272046268,0.04628033479381438,-4.056262374009246,1.48892342102807,1.6485686638244479,-4.056262374009246
0.037742855958640575,0.44434722512960434,0.27564817294478416,0.37808042392134666,0.04622186656469822,-7.2840947494370365,2.326619329665834,2.038746248481198,-7.2840947494370365
0.17812360264360905,0.3610899830237031,0.36464656982570887,0.37959279026836157,0.046206752445197195,-3.4188692159189453,1.520254224537054,1.2108808205973653,-3.4188692159189453
0.358546357601881,0.38452821504324675,0.10040288232266903,0.41252238117158413,0.04619518873794233,-5.446216167074953,1.8196763818329291,2.0645982792786834,-5.446216167074953
0.40689635183662176,0.4163604099303484,0.2589412769302726,0.36413645278662443,0.04617775880593724,-1.2933961399217937,0.9634565800673507,0.7467274288019058,-1.2933961399217937
0.12684902641922235,0.4264097707346082,0.23941482324153185,0.3836900629103184,0.04615860333286359,-5.747022616867429,1.860471893628373,1.7289359226361243,-5.747022616867429
0.10346576385200024,0.3693213351070881,0.3221590919420123,0.37389989383518696,0.04610901585286672,-5.373036672611013,1.9407854459933522,1.6338142045236856,-5.373036672611013
0.0586216002702713,0.42700705118477345,0.5303323194384575,0.44891646318137646,0.04609435237174901,-6.512804751698257,2.554549005752486,1.8211892580482067,-6.512804751698257
0.017369273118674755,0.4116148380562663,0.26401238422840834,0.26484791934490204,0.046064596679567645,-8.215387353994565,2.795143249101849,2.1044853910094803,-8.215387353994565
0.08120925258845091,0.36910827085375786,0.46417960710823536,0.3874604981392622,0.04604419010494042,-5.583742351266105,2.275409896254922,1.676283220476525,-5.583742351266105
0.36371125653386116,0.39529526606202126,0.08751729317009449,0.4340853113681078,0.04603216985288732,-5.853750922448529,1.9000523247390086,2.206945238677115,-5.853750922448529
0.10766930878162384,0.44676019437611103,0.4474649503827095,0.3662235764786601,0.045976344914250344,-4.874368826997152,1.9908156971923148,1.6571180970141002,-4.874368826997152
0.37186442874372005,0.37244424037635326,0.09544999897480011,0.31747638434171677,0.0459610236273865,-5.63633253447797,1.9588697957699828,2.041300947795057,-5.63633253447797
0.3297858266159892,0.4344469681382179,0.06960711441934109,0.3605010565370321,0.04590840683127313,-6.417213605199713,1.8938429600880367,2.338417514960136,-6.417213605199713
0.1496782936155796,0.36473039817065,0.4047725461423397,0.33751812390983105,0.045900689127490395,-4.060513319307549,1.8204469354439479,1.3675680117226092,-4.060513319307549
0.021021121181547642,0.39426014572381973,0.435041943565011,0.29139262065291405,0.04586872428795305,-7.10313688524044,2.7693081997031532,1.970153470368615,-7.10313688524044
0.12788641266524792,0.39666497614234686,0.3296417333185673,0.2853179853409529,0.0458655227250556,-5.1691191576456434,1.9581218686919155,1.5945671889711872,-5.1691191576456434
0.21065684221684933,0.3835601191967726,0.29764736630022526,0.3456955570727587,0.045835845301622366,-3.2390278698379933,1.255284552514742,1.1961577105118648,-3.2390278698379933
0.053812156431376934,0.42176118958741426,0.17592152766883373,0.35778735391795635,0.04572284645174495,-8.127947338507592,2.60101866241507,2.1127717456068673,-8.127947338507592
0.34143658820539713,0.40422980673611164,0.05954542849212885,0.4479421265423298,0.045714199878017725,-6.737070132863391,2.1340956403005267,2.457778545371092,-6.737070132863391
0.04625282809138298,0.3909920006990433,0.29668554943054914,0.4614229053258896,0.04567745974220397,-6.979545580815312,2.207338956255059,1.915098217719636,-6.979545580815312
0.27585364785045385,0.36189503874629736,0.39753129333257675,0.397815128788352,0.045677348519842134,-1.241517774646704,1.0778290708104525,0.6896345505943041,-1.241517774646704
0.08784790523350239,0.42957973945885897,0.3848556950688362,0.28404021076858044,0.04567702821788809,-5.8201986107991965,2.207353533908039,1.7640396390146442,-5.8201986107991965
0.010373110882937908,0.43014466390013695,0.2979407673701644,0.2713349349796772,0.04565915478034863,-8.076160515807821,2.751020713134967,2.1134256019114033,-8.076160515807821
0.026829300448298454,0.41215641889721155,0.5591229600831866,0.3831696370616555,0.04561301416638619,-7.236251782147354,3.001511955543516,1.9221160459277555,-7.236251782147354
0.009297800250351429,0.44113358296453953,0.4856981495395303,0.3418355407193303,0.045609670537348046,-7.242092780732815,2.8619250118902086,2.043526118577304,-7.242092780732815
0.11395821627229452,0.39541520550847054,0.2582215340808034,0.4145185248926282,0.045599540728166035,-5.74697610172314,1.9057124223520037,1.70449008207837,-5.74697610172314
0.45564954821020365,0.4140464812517166,0.3241188693791628,0.3621561601758003,0.04559026472750932,-0.43004750153588084,0.8434548417711207,0.4238288510330479,-0.43004750153588084
0.054450162686407566,0.42483047489076853,0.21886386070400476,0.42927637603133917,0.04557522041564624,-7.55594254717382,2.3978783407806126,2.0202883172024233,-7.55594254717382
0.3909028032794595,0.40019135922193527,0.30705025792121887,0.3278674064204097,0.04557153439362657,-0.6224222144188052,0.8391923969503022,0.5399388279925645,-0.6224222144188052
0.2224249541759491,0.3920288113877177,0.47325517516583204,0.4123506164178252,0.04554926650404866,-2.4038621151257065,1.4460721005327297,0.9898268613423713,-2.4038621151257065
0.11605646833777428,0.42514682468026876,0.3447828935459256,0.4999649366363883,0.04548613791754996,-5.441165919358151,1.3643052220330805,1.6050177936929158,-5.441165919358151
0.036526492796838284,0.4064075816422701,0.3888822542503476,0.26684005931019783,0.04546901023152954,-7.027642778261811,2.634852717944515,1.9459906523396964,-7.027642778261811
0.06926532089710236,0.40251530800014734,0.2563299583271146,0.2786919977515936,0.045465735430358575,-7.167401528759781,2.446962668026118,1.9277837291594646,-7.167401528759781
0.16398714017122984,0.40904375817626715,0.27678565587848425,0.2971439165994525,0.04546269272029232,-4.827965077481885,1.7189736334851438,1.5211613657940453,-4.827965077481885
0.023134445771574974,0.4021968310698867,0.518607291392982,0.47851585038006306,0.045424295796801024,-7.312758325183551,2.7488867950108515,1.9130235578669688,-7.312758325183551
0.2580262301489711,0.4061515321955085,0.009306013584136963,0.33465101663023233,0.045384672484701655,-8.267475654020211,2.622535243111983,2.6877887590395386,-8.267475654020211
0.3468786980956793,0.41497805807739496,0.02874158415943384,0.27927451208233833,0.04535831096559385,-7.548624399299796,2.3950680260815873,2.6058387684266813,-7.548624399299796
0.030074065551161766,0.41285719256848097,0.20435949880629778,0.2738581523299217,0.04535198754189434,-8.54710589013006,2.814680324099153,2.1334587113119863,-8.54710589013006
0.06856627948582172,0.37576320488005877,0.3303308580070734,0.44205702003091574,0.045347413670897806,-6.186280376528364,2.0231103064002545,1.770695219669679,-6.186280376528364
0.3475929982960224,0.42586104292422533,0.07162266783416271,0.4415963338688016,0.045342660211102725,-6.427445343944885,1.9870532028264416,2.3617254330927655,-6.427445343944885
0.13288954552263021,0.432139472104609,0.4104536594823003,0.3013922078534961,0.04534031263537731,-4.578172893417258,1.9051494036675676,1.5392279413706356,-4.578172893417258
0.1182183874770999,0.4179956568405032,0.2286873795092106,0.2982453014701605,0.04530728406362305,-6.425294203061095,2.122507216669572,1.8092534362408048,-6.425294203061095
0.0646095983684063,0.4002121780067682,0.5375488419085741,0.36535492446273565,0.04530559561264547,-6.320102301248338,2.68191602196824,1.7835850417528933,-6.320102301248338
0.03315634932368994,0.3848079042509198,0.3527101753279567,0.4820706034079194,0.04530066866914952,-7.029770676855728,2.18851059486283,1.9119969474176284,-7.029770676855728
0.05973505321890116,0.4442733330652118,0.36055276449769735,0.3125035250559449,0.04526564780246089,-6.38902464518143,2.2825229616919898,1.9004722822674187,-6.38902464518143
0.3660166086629033,0.42145791184157133,0.09839921165257692,0.29960034135729074,0.04523487832172141,-5.725558069624817,1.8425656050212404,2.099489173373448,-5.725558069624817
0.3606321904808283,0.4133125450462103,0.288564870133996,0.3462959658354521,0.0452241754512904,-0.9181416379008206,0.782217509383407,0.661107516302314,-0.9181416379008206
0.020558266900479794,0.4067520722746849,0.5452315099537373,0.34794136229902506,0.04522226005412473,-7.297999687197551,3.0250688783960737,1.93955460244137,-7.297999687197551
0.04048870224505663,0.3760702386498451,0.4897815305739641,0.41665986739099026,0.0451879001237958,-6.5832242470600555,2.58081333673561,1.8358293360789968,-6.5832242470600555
0.41326119750738144,0.40913267340511084,0.07284797728061676,0.28583207353949547,0.045135591432255595,-6.337393948773147,2.0290102910759873,2.2678383957197665,-6.337393948773147
0.16144384630024433,0.3999280333518982,0.2872975394129753,0.43559569120407104,0.04511372208260601,-4.4138042346836945,1.5064945361853024,1.429165109973279,-4.4138042346836945
0.04626552388072014,0.36215930338948965,0.3860177993774414,0.3505112575367093,0.04509436321677776,-6.420829782061211,2.410492195009866,1.8314249976919434,-6.420829782061211
0.14020031690597534,0.4239923320710659,0.22651185281574726,0.34857628867030144,0.04508020287018565,-5.741829970102218,1.8687623435879879,1.7175050100132612,-5.741829970102218
0.010935214348137379,0.4078622246161103,0.16497495118528605,0.3040696429088712,0.045067854992075114,-9.156229232122085,3.008120007551026,2.231252936015918,-9.156229232122085
0.28752776328474283,0.40470031276345253,0.29626303538680077,0.3601619675755501,0.04506332791994737,-1.6238708798761443,0.5597018793755903,0.8481631757068665,-1.6238708798761443
0.4371981592848897,0.3765463139861822,0.3801694829016924,0.3235862134024501,0.04505689589714085,-0.32883184941915244,0.8222535579905693,0.4645444245601533,-0.32883184941915244
0.020865674130618572,0.38999948278069496,0.47779366839677095,0.4879499198868871,0.04491802327293284,-7.245909333251176,2.5711073212942552,1.9119833242998847,-7.245909333251176
0.05158176086843014,0.3921407191082835,0.31711357086896896,0.2767040776088834,0.04486699940291256,-6.982708877715193,2.506260251128692,1.9102366535824549,-6.982708877715193
0.0560858640819788,0.41545824334025383,0.16308337543159723,0.3772313054651022,0.044802523858734976,-8.219768379202296,2.6481556658889325,2.1185999541174136,-8.219768379202296
0.3182674031704664,0.408616847358644,0.41316189989447594,0.37164936400949955,0.044801061675471966,-0.1132801968288003,0.6131561459780688,0.5025254135110977,-0.1132801968288003
0.14764926303178072,0.3632361013442278,0.3873562840744853,0.4272822644561529,0.04478679909644022,-4.1257192344891545,1.6228914677110309,1.3351109017566143,-4.1257192344891545
0.07457397598773241,0.405635598115623,0.5514245899394155,0.40042393561452627,0.04477446364547731,-6.236698307593545,2.638344507249248,1.7441012696740679,-6.236698307593545
0.19231329299509525,0.4198097102344036,0.500042931176722,0.361518781632185,0.04475209912412374,-3.214297233508923,1.7359141490608925,1.2124027912075304,-3.214297233508923
0.07610460836440325,0.4091732958331704,0.3441309789195657,0.518924473784864,0.04472478971303711,-6.4931109734381165,1.7452931744608762,1.7729311717352263,-6.4931109734381165
0.11190912686288357,0.38048939034342766,0.45524653419852257,0.4635022608563304,0.044700140958206486,-5.100856949191817,1.8694794589379498,1.5269040583148659,-5.100856949191817
0.312521131709218,0.38816719595342875,0.13846343290060759,0.37036856170743704,0.04463474746428666,-4.702666716855434,1.6567796065456946,1.7837550351823788,-4.702666716855434
0.20880357641726732,0.4213788928464055,0.3375836182385683,0.30321981757879257,0.044632267287642725,-3.1443768666120393,1.340406919870489,1.1842292078342742,-3.1443768666120393
0.014160250313580036,0.4076499743387103,0.5675281127914786,0.41350487992167473,0.044622700362630274,-7.582489578148528,3.105140793421192,1.9420182235238725,-7.582489578148528
0.14174166694283485,0.37520324904471636,0.48671785090118647,0.3689497308805585,0.04461344554021308,-4.337758336099371,2.0386462332427637,1.4047613946632456,-4.337758336099371
0.09603980462998152,0.422906968742609,0.20838604867458344,0.29252503998577595,0.04460024348331589,-7.198499184289842,2.3293952244236946,1.9274449550423065,-7.198499184289842
0.30737037025392056,0.38651095889508724,0.08172222133725882,0.3070824546739459,0.04459662014341426,-6.337886613514261,2.1334201684175302,2.2027995665616396,-6.337886613514261
0.3331115795299411,0.36354122310876846,0.004741626791656017,0.299961281940341,0.04459435749847965,-8.01525188181128,2.6423354610511343,2.6190558463363547,-8.01525188181128
0.14432519022375345,0.39520355872809887,0.5079703098163009,0.3441347870975733,0.044586749619289365,-4.436616258874862,2.1103797393949693,1.4350811115712832,-4.436616258874862
0.2590899681672454,0.4011981841176748,0.4416763046756387,0.419814788736403,0.044561844633262196,-1.4185428182693887,1.0805807426560472,0.7668269932908279,-1.4185428182693887
0.07216626033186913,0.44416205305606127,0.43509115651249886,0.48159017879515886,0.04454825891265982,-6.054831509524778,1.8485389159164114,1.7784956827975669,-6.054831509524778
0.07814135029911995,0.4314185092225671,0.21430686861276627,0.40489690098911524,0.044518121219476535,-7.130956046097594,2.254998125119781,1.9489122476562268,-7.130956046097594
0.19001783337444067,0.3938206508755684,0.2786856899037957,0.397482855245471,0.044506886544948755,-3.7966086803258174,1.3678579407806697,1.3193619339059464,-3.7966086803258174
0.450528078712523,0.391418881714344,0.3942262679338455,0.39517556224018335,0.04446820972196843,-0.03059501309408313,0.6472139593530116,0.40312594114482686,-0.03059501309408313
0.10951986815780401,0.43630175571888685,0.4838286144658923,0.33292729407548904,0.04443065729596948,-5.079538086427652,2.193753843302258,1.635853845483593,-5.079538086427652
0.13360384572297335,0.41249915678054094,0.484820993617177,0.48185681737959385,0.0444067615518214,-4.856692150452959,1.7950902506020185,1.4680768957389074,-4.856692150452959
0.08880111947655678,0.4493887750431895,0.32260951213538647,0.3525757556781173,0.04437869877870854,-5.80951186561378,1.9580934748989065,1.7829334386412945,-5.80951186561378
0.050988275557756424,0.35919345170259476,0.42580558732151985,0.3710973868146539,0.04437692877256423,-6.251720179926492,2.409433685416567,1.7866671568332932,-6.251720179926492
0.20007352344691753,0.39628005120903254,0.2651533167809248,0.37018818221986294,0.044373363097232055,-3.7969742585307746,1.3355790028070786,1.3360875967292496,-3.7969742585307746
0.029806841164827347,0.41935069113969803,0.4642453473061323,0.5355351464822888,0.04432774281193261,-7.458226666298088,2.4111065656358726,1.9074163499433439,-7.458226666298088
0.21859579347074032,0.37260959297418594,0.340640596114099,0.31413901690393686,0.04430237610753302,-2.9063125225917528,1.3607024958500693,1.0748531914032349,-2.9063125225917528
0.16635525040328503,0.440888162702322,0.4040623689070344,0.32644788455218077,0.04428174040323246,-3.6231499245658383,1.6118451939257412,1.3581771063070116,-3.6231499245658383
0.17390863597393036,0.4118612753227353,0.34643981885164976,0.2807243373245001,0.04423082944808807,-4.082829976142486,1.6576673292461919,1.3644574073440874,-4.082829976142486
0.06939232721924782,0.3889913847669959,0.39613228291273117,0.5038247499614954,0.044229803554228855,-6.305425720704906,1.8463944780259536,1.7418605982613522,-6.305425720704906
0.24610015749931335,0.4124596370384097,0.3093599835410714,0.31280056945979595,0.04422431540887167,-2.5610143196255883,1.0736457491634688,1.0482590100189788,-2.5610143196255883
0.30916768964380026,0.4010667335242033,0.1346812453120947,0.3209383459761739,0.044202216358822356,-4.994636667714525,1.7344950914285664,1.8518382583160162,-4.994636667714525
0.07094471249729395,0.36729013826698065,0.4220232302322984,0.32802246045321226,0.04419460827203101,-5.891280876335773,2.349730652099025,1.725854245154843,-5.891280876335773
0.31972706969827414,0.370663701556623,0.31131408363580704,0.32449446991086006,0.04415836269245268,-1.347850985956103,0.9162814600254008,0.696894781872884,-1.347850985956103
0.1782286837697029,0.390246095135808,0.3807178111746907,0.47257752250880003,0.04411656954593799,-3.615616418838258,1.2737466797929715,1.2055697749407095,-3.615616418838258
0.31411809101700783,0.3951827101409435,0.26971829403191805,0.33767411671578884,0.04410377035225779,-1.8381125861932912,0.8606633549990579,0.9052289783224547,-1.8381125861932912
0.0976176904514432,0.41491679940372705,0.3248117696493864,0.25884038489311934,0.04408702686943733,-6.162420383236432,2.217288925111049,1.746003541134773,-6.162420383236432
0.4199455641210079,0.42206291016191244,0.3279015412554145,0.3137091714888811,0.04407915495054948,-0.5894925594765708,0.9060355958062428,0.4964093613331865,-0.5894925594765708
0.05082168057560921,0.3880987009033561,0.2661150610074401,0.44001637771725655,0.04407231726272301,-7.0781324404184875,2.3010545900193917,1.9171014457627846,-7.0781324404184875
0.02854993473738432,0.369211720302701,0.38021906465291977,0.45701039396226406,0.04406235136264138,-6.922029573245091,2.30771748499197,1.8846872549577607,-6.922029573245091
0.1780808661133051,0.3940134774893522,0.45497130043804646,0.3067652527242899,0.04406166489006625,-3.5675405927100923,1.7885452829637685,1.2633371869344736,-3.5675405927100923
0.037035063840448856,0.39362424798309803,0.5284335566684604,0.3428608635440469,0.044050062234244264,-6.87935407561505,2.8606140421008637,1.8673241421838946,-6.87935407561505
0.01882999576628208,0.3716942621394992,0.3979633515700698,0.3124300669878721,0.04404862778491886,-7.101024477253433,2.695675154885425,1.942153529819243,-7.101024477253433
0.06418159231543541,0.45424309000372887,0.364334175363183,0.363178345374763,0.044036179798844825,-6.089008138824338,2.1071859517527196,1.870109757076822,-6.089008138824338
0.3975488729774952,0.3882099026814103,0.044850125908851624,0.443506364710629,0.0440102246624814,-6.989047241929955,2.1374065643996865,2.5153069623202295,-6.989047241929955
0.37986679188907146,0.3683057390153408,0.04150616191327572,0.2864467455074191,0.043974006728893435,-7.09721754983141,2.3981140021250478,2.4030942276280443,-7.09721754983141
0.4627417381852865,0.39309374522417784,0.038932536728680134,0.313314538449049,0.04397357048059862,-7.117725361835224,2.17600542607678,2.4407558729053713,-7.117725361835224
0.2649956550449133,0.35261105839163065,0.4321584878489375,0.3453651014715433,0.04395793356320298,-1.7595928156231313,1.338311876356697,0.8143499110116935,-1.7595928156231313
0.038092684000730515,0.3824130007997155,0.4759020181372762,0.31909085623919964,0.04394244460814984,-6.69300113450677,2.7124794128839897,1.8631899909248137,-6.69300113450677
0.16030668281018734,0.40302708093076944,0.2304081404581666,0.31763410568237305,0.043941960006840926,-5.395270665303395,1.8267819386856892,1.6344750404026538,-5.395270665303395
0.04833083599805832,0.4269594606012106,0.34791335090994835,0.531757433898747,0.043920261317378334,-7.211980505895172,1.9694443879137271,1.896117354717069,-7.211980505895172
0.01280071958899498,0.42272223625332117,0.11196967214345932,0.31790860276669264,0.043905489205801486,-9.801569147900512,3.146490751721036,2.319629391586426,-9.801569147900512
0.4058282282203436,0.38142964616417885,0.1731286058202386,0.3761501405388117,0.0438846824938792,-3.391573976291771,1.4206315852574831,1.3829066665624288,-3.391573976291771
0.11209380812942982,0.41626204550266266,0.520750773139298,0.325453988276422,0.0438837729290068,-5.317981175070359,2.3540614781554394,1.60377280178678,-5.317981175070359
0.3306872509419918,0.37200129497796297,0.3197238855063915,0.3471376085653901,0.04387316745986361,-0.8840620770972153,0.763589849696951,0.5951049812862943,-0.8840620770972153
0.2299571055918932,0.36802025977522135,0.4655705401673913,0.3434120239689946,0.04386236227780024,-2.4458412546712234,1.5584879933068516,0.9539542464220947,-2.4458412546712234
0.2949061132967472,0.4296333370730281,0.022822145372629166,0.4014022024348378,0.04386173405411406,-7.759682206687456,2.356832549542253,2.6825605507063,-7.759682206687456
0.4304957017302513,0.3665835112333298,0.05302195344120264,0.3714124709367752,0.043837918290138465,-6.622285708444318,2.081016691416325,2.2751997080038646,-6.622285708444318
0.04275669530034065,0.4318940555676818,0.44612758327275515,0.28601957578212023,0.043802329362247996,-6.742869026976705,2.6211219693879624,1.91650259461982,-6.742869026976705
0.14528971165418625,0.4210300473496318,0.2116569336503744,0.373160220682621,0.043797936068146456,-5.798734290727813,1.8852131244594272,1.7260869930765774,-5.798734290727813
0.07376657240092754,0.42984254844486713,0.17189215403050184,0.3415303863584995,0.04379571202486594,-7.9075199955391,2.4943821293008277,2.0603613888775993,-7.9075199955391
0.07897581718862057,0.411259395070374,0.1399321323260665,0.3196668028831482,0.04378398499822453,-8.304143057235361,2.6764524450222176,2.1205329144806138,-8.304143057235361
0.10036753304302692,0.43985025491565466,0.3345406288281083,0.29690684005618095,0.0437651947091511,-5.746078622749409,2.0454419721222954,1.7282593737296112,-5.746078622749409
0.04508209973573685,0.39583457354456186,0.22076071985065937,0.28437070548534393,0.04376147303695468,-7.980609811156261,2.68929689752466,2.0355332744088557,-7.980609811156261
0.043262350372970104,0.42472698725759983,0.1361499521881342,0.3639653716236353,0.04372249457943049,-8.879555425223817,2.829133191619888,2.2067605218737345,-8.879555425223817
0.4319561431184411,0.4204201176762581,0.1714537786319852,0.32474680058658123,0.043666936713101866,-3.673672137610325,1.4201621936514328,1.4259691793711506,-3.673672137610325
0.10797857772558928,0.38755677826702595,0.24501167982816696,0.32210634741932154,0.04366276538635331,-6.224504180582076,2.133611245418358,1.7641821392438355,-6.224504180582076
0.3493893640115857,0.4115460114553571,0.14361739065498114,0.4286118922755122,0.04363138791511631,-4.429102205317798,1.5898545119062524,1.7563266686696002,-4.429102205317798
0.03888306673616171,0.4396644840016961,0.21045990008860826,0.36759447678923607,0.04361732870483213,-8.009462165692932,2.5205416553936355,2.092332238691775,-8.009462165692932
0.31391686759889126,0.38311073184013367,0.3125308249145746,0.3750487780198455,0.04358744068981548,-0.9891032536741982,0.6686625748597659,0.6195729381095364,-0.9891032536741982
0.4259287714958191,0.414113343693316,0.18485268391668797,0.4068500753492117,0.0435782887930022,-3.148751891332547,1.300829298281837,1.2892488775986437,-3.148751891332547
0.2940697427839041,0.4170728614553809,0.06582517456263304,0.3151964358985424,0.04357507691861047,-6.818830075883535,2.164141147982429,2.3413650787593685,-6.818830075883535
0.33886080607771873,0.3844120083376765,0.2924772659316659,0.3155961949378252,0.0435466677743022,-1.3926793715585344,0.9433576263170937,0.7444259680500873,-1.3926793715585344
0.3924768781289458,0.375101906247437,0.15974119119346142,0.3566689807921648,0.043490262939376495,-3.801716787967659,1.5215574051236542,1.5016988398418671,-3.801716787967659
0.21265589352697134,0.3889625584706664,0.28327145148068666,0.38858471252024174,0.04344879581643445,-3.261587003238499,1.2195242991187867,1.1933935391341615,-3.261587003238499
0.007794206030666828,0.40278452541679144,0.13223363552242517,0.3330215271562338,0.043423170791343745,-9.500126129556351,3.1286228142518526,2.26954104800619,-9.500126129556351
0.10224397759884596,0.44229057990014553,0.3166894968599081,0.4649638272821903,0.043418487490702165,-5.697325868733592,1.620274141897174,1.688148202954369,-5.697325868733592
0.20436127949506044,0.3802477214485407,0.43623531237244606,0.44812843669205904,0.04339460478521381,-2.8753069938749554,1.401482374649503,1.0360142533079046,-2.8753069938749554
0.007944228127598763,0.3781021563336253,0.26200680434703827,0.4019255926832557,0.043377768489946095,-7.91132732538227,2.6758040777846026,2.0559681416450912,-7.91132732538227
0.32250356022268534,0.43476405274122953,0.043152508325874805,0.42382954340428114,0.043367656337779614,-7.207877163386951,2.1652101591642476,2.5635768459037798,-7.207877163386951
0.3166895732283592,0.43333818204700947,0.06144610233604908,0.3418864859268069,0.04335188084129098,-6.733632191645975,2.019039864660244,2.381647332964742,-6.733632191645975
0.42674988694489,0.42667288798838854,0.2279781298711896,0.36849488969892263,0.043351151514211345,-2.085506920783443,1.1192137067921104,0.947285184552737,-2.085506920783443
0.35105855390429497,0.4045055005699396,0.17021391540765762,0.30534642189741135,0.043350109941310624,-3.936860932506842,1.5347770747739036,1.5637666145548512,-3.936860932506842
0.1917521469295025,0.37146088015288115,0.3043513111770153,0.3774825297296047,0.0433490086013629,-3.541468412110184,1.385727881667932,1.2151772985032627,-3.541468412110184
0.18220319040119648,0.42058344930410385,0.49843048490583897,0.33641522470861673,0.043347763777489286,-3.536456984923327,1.8247533100928193,1.2651737695876193,-3.536456984923327
0.341420435346663,0.3743581371381879,0.14892357774078846,0.3634110102429986,0.04333511438545368,-4.279326042603425,1.5981206826912624,1.6327818696929215,-4.279326042603425
0.4335901802405715,0.4290310414507985,0.3031378937885165,0.3574703922495246,0.043332140318398264,-0.6350158849746115,0.86911492119694,0.5289402875104734,-0.6350158849746115
0.0048032645136117935,0.4364933865144849,0.2849615141749382,0.493957307189703,0.04332755202910723,-8.19337966058539,2.502171700939647,2.1002516281482304,-8.19337966058539
0.13711216766387224,0.3583894046023488,0.42569353338330984,0.4212871063500643,0.043321907190750936,-4.374224056697905,1.7989962405893658,1.3742201769428883,-4.374224056697905
0.45692130643874407,0.40899015311151743,0.13099906127899885,0.38435453921556473,0.04330123586017407,-4.6427391689194755,1.4847683586759237,1.7110988787868033,-4.6427391689194755
0.00025734491646289825,0.36561422515660524,0.34405936021357775,0.43335648253560066,0.04329770156861261,-7.56922089995353,2.5846928041500132,1.9971020573649878,-7.56922089995353
0.07220270205289125,0.40584820602089167,0.21228603553026915,0.2599921505898237,0.04329483294904271,-7.790453005888555,2.596176354722382,1.9810157150730558,-7.790453005888555
0.2236861316487193,0.3733731061220169,0.45155751518905163,0.42547709215432405,0.043284248662441946,-2.4389142090312856,1.423024442936989,0.9350125470884181,-2.4389142090312856
0.07056485395878553,0.38113345578312874,0.313086767680943,0.2897862633690238,0.04326669529195338,-6.529737423356597,2.3607389317025698,1.810966189038811,-6.529737423356597
0.03342028148472309,0.4261642871424556,0.15009101200848818,0.39906484074890614,0.04326005734815747,-8.83611994172003,2.825835027217747,2.1925803695945425,-8.83611994172003
0.32682347390800714,0.3975241743028164,0.19840941857546568,0.3267715107649565,0.043233115649714306,-3.2863165322304604,1.3274455645577319,1.361539463543007,-3.2863165322304604
0.17461531050503254,0.43100784067064524,0.3036804534494877,0.44408327993005514,0.043224877763167836,-4.00894485872859,1.3290686164916334,1.3429512096523362,-4.00894485872859
0.12113869655877352,0.37236769311130047,0.29715250339359045,0.3300163885578513,0.04321318610818675,-5.343519242366955,1.9436129813481136,1.5889814486573983,-5.343519242366955
0.06306724715977907,0.4087366061285138,0.5265496568754315,0.49251239374279976,0.04319216771076255,-6.704311075248828,2.505606814634458,1.758601917535232,-6.704311075248828
0.05712323356419802,0.38662133179605007,0.25230369716882706,0.2954274080693722,0.04318545328933177,-7.324872739118073,2.5211011701688077,1.9342332646485534,-7.324872739118073
0.2790570631623268,0.39894301164895296,0.10953963175415993,0.3687688745558262,0.043100525636135235,-5.726387679904999,1.9005956032057565,2.0283309788033614,-5.726387679904999
0.46041730511933565,0.3837129306048155,0.09496836829930544,0.3642933862283826,0.04309225451627939,-5.60315693552084,1.7993831326321195,1.962812255277993,-5.60315693552084
0.41538208071142435,0.41063076816499233,0.08619393315166235,0.4459459073841572,0.0430654208879753,-5.967766149882554,1.828384552481216,2.1865606194755274,-5.967766149882554
0.03776697255671024,0.40456466749310493,0.12369740288704634,0.3478741040453315,0.04302659375956667,-9.108711852468039,2.970793251558399,2.226032592542527,-9.108711852468039
0.07580684032291174,0.41534469462931156,0.10377268679440022,0.29631795175373554,0.043001611402653295,-9.022102997531377,2.8946387306919257,2.2244468999240388,-9.022102997531377
0.021781418472528458,0.4197676610201597,0.07607288286089897,0.3431598758324981,0.04299209672613757,-10.0730873233694,3.2527602457785276,2.3677775844544815,-10.0730873233694
0.4312511645257473,0.3915324341505766,0.34282008092850447,0.3062055455520749,0.04298431660007709,-0.5933291623760911,0.929145782156408,0.43954205534113566,-0.5933291623760911
0.12622055690735579,0.4143072897568345,0.15728837437927723,0.32927696872502565,0.042958494594451564,-7.1847978360131215,2.3155534836348743,1.960805516804429,-7.1847978360131215
0.04530363716185093,0.4052577782422304,0.47674425039440393,0.5305138500407338,0.04288468601083704,-7.144718963542966,2.3674999276035718,1.8238069842858624,-7.144718963542966
0.4777575209736824,0.40731255803257227,0.02008596993982792,0.37064290419220924,0.04283448827297296,-7.616004261615643,2.0771837543395018,2.598606411986477,-7.616004261615643
0.0680233258754015,0.4455421073362231,0.501119377091527,0.4387818528339267,0.04282958642393859,-6.108384521911386,2.331606266431618,1.7866468589505762,-6.108384521911386
0.0356617895886302,0.4241579733788967,0.27923502773046494,0.5153399780392647,0.04278809131533284,-7.780572945837507,2.3204086643993027,1.9843878172661469,-7.780572945837507
0.09385059960186481,0.40890682488679886,0.3001232175156474,0.2490217238664627,0.042783544462255046,-6.542686293416484,2.307114442340001,1.7769959796692603,-6.542686293416484
0.017726827412843704,0.42099701799452305,0.36090743355453014,0.24294546525925398,0.04278295523193563,-7.769110526973737,2.7926706194956483,2.0173234653906214,-7.769110526973737
0.2760090949013829,0.3578508524224162,0.44059535022825,0.3267485862597823,0.042736164251872974,-1.6751373626162223,1.319701171433076,0.7687272046164321,-1.6751373626162223
0.11840889696031809,0.41373157501220703,0.4688023691996932,0.513100172393024,0.04273014938905227,-5.443640340155827,1.7604418156416688,1.5342625560722678,-5.443640340155827
0.07089768443256617,0.40101315826177597,0.2701446656137705,0.4858028572052717,0.04272393142906712,-6.885158134410592,2.120472053280077,1.8392183755713238,-6.885158134410592
0.4283260637894273,0.3938892763108015,0.12508733291178942,0.2957458021119237,0.042715384374442715,-4.9789860190853545,1.8138130507288925,1.8176381571082594,-4.9789860190853545
0.08500434923917055,0.3772868476808071,0.5116215432062745,0.375870275311172,0.04271148628451581,-5.748967774562256,2.4547610663112023,1.652845397933915,-5.748967774562256
0.05689381528645754,0.35290384385734797,0.41295600961893797,0.39071593526750803,0.04267553067180627,-6.163693979403712,2.315696656527851,1.7412650565575374,-6.163693979403712
0.02845774684101343,0.4185924921184778,0.17045368254184723,0.23399634193629026,0.04267346091462319,-9.291651607585745,3.027717010325111,2.176513214174022,-9.291651607585745
0.1839637914672494,0.40936754271388054,0.35947631672024727,0.48767497949302197,0.04266000013891766,-3.71040921321921,1.1719151627433937,1.2157517734551753,-3.71040921321921
0.15404465049505234,0.3928221082314849,0.526316873729229,0.3871611971408129,0.042649289342971776,-4.353289504121072,2.0870072646266187,1.3765812820385557,-4.353289504121072
0.006296047009527683,0.42350019980221987,0.14235413447022438,0.2396856090053916,0.0426444472052012,-9.934048041529024,3.214765200265382,2.2721407117549712,-9.934048041529024
0.11781161744147539,0.42757595889270306,0.36311849392950535,0.2694165175780654,0.04263669229877227,-5.401792652584636,2.036841146571269,1.6241392053215575,-5.401792652584636
0.20168646145612001,0.4242724347859621,0.35047013126313686,0.29353275522589684,0.042627101985358885,-3.3181953983004018,1.4280279931245472,1.2052418913028107,-3.3181953983004018
0.20700697228312492,0.43556704092770815,0.3788169799372554,0.3170494567602873,0.04262501879593368,-2.8119531572885936,1.342112921223235,1.1391787438979748,-2.8119531572885936
0.013883295468986034,0.36027663573622704,0.36185659654438496,0.33578085526824,0.04261252257874652,-7.25796922305405,2.6618029088438555,1.941215269532158,-7.25796922305405
0.08468679059296846,0.4374688994139433,0.34294888842850924,0.5093249035999179,0.042596988713617924,-6.273117737740149,1.6028717403747477,1.7440009496990658,-6.273117737740149
0.4447514731436968,0.40683517791330814,0.2991084661334753,0.3417105274274945,0.04258936823812259,-0.7916233286415669,0.9631822390315941,0.48949703934072125,-0.7916233286415669
0.13839829806238413,0.4045231230556965,0.3796080434694886,0.5151271475479007,0.04258515354612081,-4.97895005906944,1.2470492768637642,1.4488882840339727,-4.97895005906944
0.1219952767714858,0.37799373734742403,0.438444915227592,0.3034342033788562,0.04258490984893782,-4.8715073575604295,2.111369235762483,1.509980002493767,-4.8715073575604295
0.05168541334569454,0.3625049628317356,0.4689921988174319,0.41190724074840546,0.04258142607854407,-6.32894074295711,2.4577174103930712,1.7572944304304907,-6.32894074295711
0.09398921579122543,0.39715789910405874,0.1836198940873146,0.3711353912949562,0.04258017737228945,-7.199623294654889,2.366458890243153,1.9385490581245794,-7.199623294654889
0.03160897735506296,0.39438772201538086,0.23518575448542833,0.4522903189063072,0.04257844154291506,-7.842177916067197,2.5453958188532173,2.0180583615415983,-7.842177916067197
0.3520027697086334,0.44216971658170223,0.021237784065306187,0.44619818311184645,0.04252622291691595,-7.802018093685692,2.275032672833288,2.7347489109589334,-7.802018093685692
0.46785873640328646,0.37269090861082077,0.012840159237384796,0.3333549480885267,0.04252612369503301,-7.742306427709614,2.4033912085228937,2.5403399017602237,-7.742306427709614
0.19575734995305538,0.4374090787023306,0.47717148810625076,0.3823850704357028,0.04250797224331145,-2.922560923785005,1.5611902684467274,1.1823941732658254,-2.922560923785005
0.10641133785247803,0.4173799464479089,0.14404931664466858,0.27963058184832335,0.04248806358272126,-8.03485681985443,2.583336899868515,2.0540660129226866,-8.03485681985443
0.08531032595783472,0.4194674491882324,0.450153611600399,0.27249041851609945,0.04246717742623475,-5.938746258275894,2.3797038682911658,1.7248069083050694,-5.938746258275894
0.1498779095709324,0.3982017748057842,0.30759680178016424,0.4756356878206134,0.042461892717536476,-4.745050214395317,1.503053243118987,1.4330335633439166,-4.745050214395317
0.4440966881811619,0.4309390177950263,0.16766808182001114,0.37444886937737465,0.04240806919477119,-3.6989142339307644,1.280435522370113,1.41394531868775,-3.6989142339307644
0.11717181373387575,0.43844391219317913,0.5148509386926889,0.36355166882276535,0.04240577272898258,-5.0294247984090665,2.223851833856672,1.5879368066126536,-5.0294247984090665
0.1061746347695589,0.4070278946310282,0.4000285593792796,0.5335480626672506,0.042399416276993264,-5.8607030148547095,1.4876967861794608,1.6024949553021561,-5.8607030148547095
0.40450566355139017,0.4433624418452382,0.0745619535446167,0.3170996233820915,0.042383461638778354,-6.309293106318949,1.7200268938578496,2.2273024855963643,-6.309293106318949
0.0414039958268404,0.40974083729088306,0.07927692960947752,0.25624292716383934,0.04237818204434623,-10.05305473745765,3.2902937796234073,2.3250517732086675,-10.05305473745765
0.016009901650249958,0.43426193855702877,0.1480753542855382,0.29462647531181574,0.042365758950345854,-9.446265418703746,2.9773891551594955,2.24825444854765,-9.446265418703746
0.42728821001946926,0.4236912913620472,0.2858365513384342,0.3770583486184478,0.04235215779038983,-0.8111252921526821,0.872663749629627,0.5639401997938224,-0.8111252921526821
0.11667692102491856,0.41653736121952534,0.24312817584723234,0.4662478845566511,0.04233782555070949,-6.141187073246958,1.9429670671587518,1.717455367014033,-6.141187073246958
0.4083557780832052,0.36301168240606785,0.39159038197249174,0.31662676203995943,0.0423354650140448,-0.4421190169016424,0.8635568349731877,0.5675707417066994,-0.4421190169016424
0.30084261763840914,0.39222203474491835,0.020799404941499233,0.2653161156922579,0.0423324851007866,-7.995224376719283,2.669404389342749,2.5965529555626574,-7.995224376719283
0.00548463873565197,0.4334011487662792,0.23247427586466074,0.252452339977026,0.04232351484903339,-8.924937087591521,2.9070585224629126,2.1618648252302703,-8.924937087591521
0.003620087169110775,0.4167069382965565,0.05106592923402786,0.35969925858080387,0.04232249816480591,-10.622557808900995,3.480093571563011,2.4326204705880605,-10.622557808900995
0.06212202552706003,0.41107823699712753,0.03955586161464453,0.29036244843155146,0.04230179699315254,-10.164595085064356,3.3117295857711206,2.4122273732600004,-10.164595085064356
0.10148188006132841,0.42361012659966946,0.5553360041230917,0.433320845477283,0.04229825939010324,-5.833600071109605,2.4511530688340577,1.6353012041046084,-5.833600071109605
0.3339717322960496,0.384861352853477,0.23867022898048162,0.33246482349932194,0.042277148856264685,-2.312357021575703,1.1082286666830992,1.0382273864535678,-2.312357021575703
0.36428211629390717,0.3925698669627309,0.39489527326077223,0.3201215285807848,0.042276811559177334,-0.10269636733006691,0.6541483145179601,0.4571855873078465,-0.10269636733006691
0.39405636116862297,0.41371440701186657,0.19820708595216274,0.30735742300748825,0.042255752767915246,-3.1004335238277276,1.3913992553059595,1.2851262391386804,-3.1004335238277276
0.27775771729648113,0.37630440294742584,0.47834580577909946,0.33896004129201174,0.042238872246023386,-1.655215132466455,1.325660223163304,0.7498519531351419,-1.655215132466455
0.01163425948470831,0.43482318986207247,0.24691077135503292,0.48299406841397285,0.0422355374403472,-8.341930333966591,2.590780631665206,2.102341807518963,-8.341930333966591
0.04056722391396761,0.41597201954573393,0.0457956250756979,0.23592547979205847,0.042199577713831,-10.638501081192501,3.4951267946494675,2.4059410297008226,-10.638501081192501
0.32660508435219526,0.38667480647563934,0.1553451158106327,0.39779198076575994,0.04219149661120968,-4.180925508057018,1.5550106383525661,1.6290316128819409,-4.180925508057018
0.047668544575572014,0.4188448367640376,0.2477844674140215,0.5019678808748722,0.04215687325879693,-7.7339130422517295,2.3750603909376675,1.9678240114111505,-7.7339130422517295
0.09222536254674196,0.43680594116449356,0.19693308230489492,0.3618561262264848,0.04213407069583641,-7.168363863123898,2.250172135036786,1.935404852785602,-7.168363863123898
0.04599200841039419,0.4399823909625411,0.3135066321119666,0.5033443253487349,0.042129770056251285,-7.234905997706642,2.0537669904835205,1.9231185770400694,-7.234905997706642
0.373596859164536,0.43007604219019413,0.1683285040780902,0.4180090641602874,0.04211980107413359,-3.698465821749261,1.3727142642064465,1.5128376146499312,-3.698465821749261
0.2548281354829669,0.4083977723494172,0.037113018333911896,0.3017094377428293,0.04211296001659144,-7.838541839335684,2.528825194867523,2.487466176098548,-7.838541839335684
0.15107264462858438,0.41570008732378483,0.1976586813107133,0.39261847734451294,0.04211259929238571,-5.89404923200771,1.9315311366152232,1.7364919545912456,-5.89404923200771
0.3596170973032713,0.40826027002185583,0.22923570405691862,0.400231434032321,0.042070234923484634,-2.090198725363047,1.059393326718888,1.022641702809619,-2.090198725363047
0.287807191722095,0.37749163061380386,0.3705084202811122,0.41506093088537455,0.042045333375943024,-0.9744661658334232,0.8823177517491151,0.5811924764288318,-0.9744661658334232
0.14413854200392962,0.4330430943518877,0.45237272046506405,0.4917269926518202,0.04203194997512412,-4.591850816113574,1.4748218377166977,1.417642791413338,-4.591850816113574
0.005151804536581039,0.4132439196109772,0.18184137903153896,0.46414629835635424,0.04202799802713573,-9.027414697119259,2.934938388862226,2.181058046053153,-9.027414697119259
0.16633399482816458,0.40062297880649567,0.24333020113408566,0.41537002474069595,0.04202620633541341,-4.8525890847629,1.6543812468566201,1.5143950347342177,-4.8525890847629
0.3982402887195349,0.39197560120373964,0.11897346284240484,0.28117941692471504,0.04200260582496265,-5.23268525322415,1.9158473427305456,1.9092815037283044,-5.23268525322415
0.2300967574119568,0.3813760746270418,0.29297466296702623,0.30566314700990915,0.04199766899170542,-3.229708068428681,1.3063692490532466,1.1412481170630677,-3.229708068428681
0.1933613931760192,0.4310603579506278,0.4944008206948638,0.35507513862103224,0.041994166475101444,-3.180623453850941,1.7033436442283572,1.2042659052366473,-3.180623453850941
0.06232824455946684,0.42126459162682295,0.2838207595050335,0.5208504311740398,0.04198458582203859,-7.266779357240475,2.115973145796138,1.875336361914307,-7.266779357240475
0.1577985417097807,0.4028148306533694,0.5060777058824897,0.45844356063753366,0.0419318179410783,-4.3311251370158,1.8583273669084388,1.3395509594631934,-4.3311251370158
0.34979961067438126,0.3688773401081562,0.4443811122328043,0.3725081207230687,0.0419227157086068,-0.34146908012085875,0.7889278632638436,0.5236334018988432,-0.34146908012085875
0.3749038362875581,0.4348765490576625,0.3453331235796213,0.33523460384458303,0.04192094410054938,-0.21160046500386265,0.688963645436658,0.5157383776058069,-0.21160046500386265
0.3869684152305126,0.39117214642465115,0.018200162798166275,0.4656145581975579,0.04191039498104629,-7.820780271952008,2.384888900539994,2.746001841379359,-7.820780271952008
0.09395133052021265,0.45308032166212797,0.4618523335084319,0.4014451904222369,0.04183602867938631,-5.260579152780772,2.043545003102491,1.6928901555985134,-5.260579152780772
0.39180099591612816,0.4430946232751012,0.3938108514994383,0.3319694548845291,0.0418285761790211,-0.03376027152349348,0.631076007503539,0.5735519976800802,-0.03376027152349348
0.31187876500189304,0.41100407391786575,0.3686077445745468,0.31019427441060543,0.04182692769793233,-0.8320485511597598,0.8294383868763973,0.6172705101348107,-0.8320485511597598
0.10095756966620684,0.37792076729238033,0.41748251765966415,0.4898075442761183,0.041815913426871784,-5.522399192267562,1.7468455278322395,1.55906167489698,-5.522399192267562
0.08993013016879559,0.3993684006854892,0.15703271236270666,0.28617543261498213,0.04180231002907704,-8.018161595696755,2.6390309493596296,2.034122510946621,-8.018161595696755
0.45144334994256496,0.4241772908717394,0.053790085949003696,0.30507109593600035,0.04178541783679135,-6.851035454862145,1.9438491541599907,2.3579822832539485,-6.851035454862145
0.24692890234291553,0.43237008806318045,0.3524847310036421,0.39992234017699957,0.041779812604732264,-1.7026530502310622,0.8736180394349341,0.8821437264770503,-1.7026530502310622
0.11087178532034159,0.413164472207427,0.11575542856007814,0.3656473094597459,0.0417759275349907,-8.040953369809264,2.584848741012912,2.117352252110838,-8.040953369809264
0.11501908581703901,0.3924031974747777,0.19303308054804802,0.3312784330919385,0.041756094870149044,-6.774904044712379,2.253910848701996,1.8538346403631238,-6.774904044712379
0.20006106607615948,0.3666521068662405,0.41700100619345903,0.4428779957816005,0.04174041399388161,-3.002383623607904,1.4338434891047334,1.0345255741442578,-3.002383623607904
0.40968945622444153,0.3539128443226218,0.008809124119579792,0.35033829882740974,0.041733500466936864,-7.731927275517563,2.4405626319624676,2.527146995907045,-7.731927275517563
0.15001684986054897,0.35314575489610434,0.4475314198061824,0.3753268560394645,0.04171447828975504,-4.129855517420943,1.9031565347077861,1.3186664762343885,-4.129855517420943
0.30979850981384516,0.37829699646681547,0.2656925097107887,0.35364849492907524,0.041713447101307845,-1.9638979939399561,0.9068826715515813,0.8859831436204245,-1.9638979939399561
0.09018218144774437,0.3938991129398346,0.4169218949973583,0.524437827989459,0.04170767991960829,-6.079635769766273,1.7276788893321662,1.6399354897833238,-6.079635769766273
0.06548721715807915,0.4250306924805045,0.04358646459877491,0.2760664923116565,0.041705672310070406,-10.190264216648753,3.2671794091278485,2.4001407803970656,-10.190264216648753
0.04018081072717905,0.42068131640553474,0.5494189141318202,0.30985824950039387,0.04169952934631877,-7.135563969832284,2.951923207070916,1.859010003940828,-7.135563969832284
0.23289522156119347,0.4155910722911358,0.00669572688639164,0.3117046542465687,0.04169474877113029,-8.652936052597113,2.7621659685869573,2.64487661559153,-8.652936052597113
0.005690824240446091,0.422255746088922,0.47282792069017887,0.5610954025760293,0.041673440849527114,-8.229881720230146,2.7301470705887967,1.963980598484954,-8.229881720230146
0.1012961259111762,0.40439322032034397,0.49973138328641653,0.29331941809505224,0.04166998921355077,-5.623665599227218,2.4026225651266024,1.626488945444421,-5.623665599227218
0.08492352720350027,0.4261229829862714,0.08305839262902737,0.3022513594478369,0.04164232771953546,-9.223641017439364,2.917005392079937,2.26771154071854,-9.223641017439364
0.054918739944696426,0.3987447116523981,0.2230654014274478,0.24603521637618542,0.04162122291277895,-8.082805996751194,2.732928120589932,1.9957460668423344,-8.082805996751194
0.30248141568154097,0.38325432501733303,0.38740592543035746,0.294104996137321,0.041620066534344566,-1.2411141692282919,1.050230251193647,0.6727881136084433,-1.2411141692282919
0.3566901898011565,0.42040935903787613,0.015342695638537407,0.4862556718289852,0.04160457605017998,-8.145996290890036,2.5002532858920192,2.8122949153178003,-8.145996290890036
0.08627860620617867,0.42011530697345734,0.01946949027478695,0.25035746302455664,0.04158118356448421,-10.382698000002433,3.3851477636185643,2.4578709710082633,-10.382698000002433
0.1350635550916195,0.37453118432313204,0.3532032575458288,0.46650025621056557,0.04158112683414987,-4.734857166576585,1.5506586022583122,1.4097521780029085,-4.734857166576585
0.4501747777685523,0.38379445392638445,0.010041696950793266,0.4279107451438904,0.041574919808082714,-7.912508035160375,2.321570007288034,2.6870789725206645,-7.912508035160375
0.4213288351893425,0.4267764072865248,0.12696893326938152,0.43207487650215626,0.04154293779883992,-4.856981310732202,1.53360178175601,1.8114879773805121,-4.856981310732202
0.015102935954928398,0.45131240598857403,0.37416404392570257,0.48934186436235905,0.04153705291770668,-7.470966322262567,2.227878213441027,2.012243789252145,-7.470966322262567
0.1483540302142501,0.35846237652003765,0.4615411274135113,0.3557226127013564,0.04151554954008085,-4.215812046804062,1.9765359652384933,1.3354634643155618,-4.215812046804062
0.4758810782805085,0.4136705920100212,0.006145407445728779,0.39806727692484856,0.04150042840305705,-8.03395990353686,2.1582495577942327,2.719596050919545,-8.03395990353686
0.35703827906399965,0.42441991344094276,0.08940461371093988,0.2892111362889409,0.041469808344789964,-6.075810115531802,1.9517142987444946,2.158838956855306,-6.075810115531802
0.3624855140224099,0.3755089985206723,0.32626511342823505,0.30185766890645027,0.04145677812750399,-0.965474871311975,0.9667173094308243,0.6057114004066815,-0.965474871311975
0.2961670430377126,0.3873717300593853,0.041024464182555676,0.27076577208936214,0.04144041415123925,-7.561870578237001,2.5471499794780694,2.4536069047485487,-7.561870578237001
0.33238022588193417,0.4478022400289774,0.009234188124537468,0.3924938961863518,0.041418494972886875,-7.983674336476195,2.2743028800641394,2.772521362733578,-7.983674336476195
0.10840066988021135,0.3668939471244812,0.4449236737564206,0.4587544100359082,0.041418145456447404,-5.2040587018560585,1.915184549137595,1.5017565682497063,-5.2040587018560585
0.0895645646378398,0.4104814315214753,0.10561841260641813,0.2418796680867672,0.04139609425756732,-9.116751567295099,2.9779842982583182,2.1903650816596993,-9.116751567295099
0.09244947787374258,0.40984687581658363,0.15387653559446335,0.41724250465631485,0.041375395442945086,-7.727666475573891,2.506857391849301,2.0174058690425527,-7.727666475573891
0.26897610258311033,0.37786728143692017,0.05350359156727791,0.324471858330071,0.04137149287292979,-7.241544991435984,2.3870626079436756,2.3300720120924177,-7.241544991435984
0.13743737246841192,0.36142458114773035,0.4763798341155052,0.36589843314141035,0.04136653582800549,-4.4904567113502765,2.063773329755372,1.387705323106901,-4.4904567113502765
0.17366111651062965,0.4400226613506675,0.4909276235848665,0.3881195466965437,0.04136605193235794,-3.5429406102114864,1.739641235861762,1.3001382342771364,-3.5429406102114864
0.07723826076835394,0.44854059163480997,0.30074515379965305,0.3185799662023783,0.041348910491954854,-6.441079526296914,2.1402614017328188,1.8412909199332155,-6.441079526296914
0.1317581832408905,0.38985631614923477,0.5368535332381725,0.3970924075692892,0.041309336003215374,-4.963786172387382,2.256688461386312,1.4689244728154762,-4.963786172387382
0.05903366021811962,0.42049494478851557,0.08524179644882679,0.2174310553818941,0.04129344505439378,-10.043590654774592,3.2664184935276426,2.289105224320151,-10.043590654774592
0.1876592542976141,0.41418208833783865,0.28126206062734127,0.2747156070545316,0.04128829352370526,-4.543655279899607,1.6564747442990324,1.4095851442840237,-4.543655279899607
0.1974438251927495,0.370055990293622,0.28660701494663954,0.3580241985619068,0.04125475819302979,-3.701588027742281,1.4024421771716664,1.2298895843564066,-3.701588027742281
0.25706093572080135,0.40269653405994177,0.4595846366137266,0.3144104341045022,0.04123813997591494,-1.86309896873836,1.3135436968157905,0.8523741497734786,-1.86309896873836
0.04118293523788452,0.41429650131613016,0.3389177992939949,0.5570435086265206,0.0412238152153223,-7.68403233267,2.168713607135388,1.90515940343787,-7.68403233267
0.1649733018130064,0.4076157948002219,0.19186180923134089,0.28819442074745893,0.04121761024722827,-6.164518677537883,2.058901299030197,1.7497368497341712,-6.164518677537883
0.05821690056473017,0.39999888092279434,0.3921014266088605,0.5469332933425903,0.04121047649160991,-7.023880735216422,1.9670715570517237,1.7914709929973085,-7.023880735216422
0.29046371206641197,0.40412746742367744,0.2346393633633852,0.3511514961719513,0.04120326775655184,-2.779160782535953,1.0434588402211857,1.170339827063024,-2.779160782535953
0.10314475931227207,0.42898969259113073,0.5414488548412919,0.33562980871647596,0.041196368003148756,-5.676917088092341,2.477525551425678,1.6372154362520601,-5.676917088092341
0.278420964255929,0.3792740786448121,0.03522569965571165,0.40657608676701784,0.04118609797601757,-7.5371960801430244,2.420291605900144,2.4898707788870076,-7.5371960801430244
0.049268112517893314,0.4255928797647357,0.5135078197345138,0.2887263800948858,0.041178144641594576,-6.838390977967757,2.777794387024753,1.8399947426605996,-6.838390977967757
0.2756566544994712,0.39079777151346207,0.3003708077594638,0.29083076398819685,0.04117485609398419,-2.4336097516133344,1.1438615755637924,0.9653603941259894,-2.4336097516133344
0.012279227375984192,0.40334933530539274,0.09767587203532457,0.22458806075155735,0.0411741156681715,-10.385586430890173,3.4671836777162777,2.305628858402948,-10.385586430890173
0.15239957720041275,0.4215062605217099,0.326392013579607,0.5049883220344782,0.04117189270848074,-4.848366679526751,1.3470590732609022,1.4260659393575545,-4.848366679526751
0.3070222772657871,0.3976342622190714,0.007415316998958588,0.4723821524530649,0.04115366963454101,-8.329358185133716,2.637441829750117,2.812200987031932,-8.329358185133716
0.007689937017858028,0.4145335555076599,0.2580456081777811,0.21090316586196423,0.041152909990895215,-8.933504778210361,3.0331715647035677,2.098397313326483,-8.933504778210361
0.05223272740840912,0.38316397927701473,0.21606910787522793,0.306513000279665,0.04115058213654587,-7.771530887968551,2.6326756400961613,1.9787100124978036,-7.771530887968551
0.1291275592520833,0.36820534989237785,0.37056560162454844,0.29848141595721245,0.041144729870045166,-4.883010461703314,1.9812061222417228,1.4766808586669515,-4.883010461703314
0.06385639123618603,0.45093514025211334,0.28239858616143465,0.4161946941167116,0.041139516874346034,-6.7126146523723325,2.067517946019972,1.8899606982664439,-6.7126146523723325
0.07647689431905746,0.409391718916595,0.021040319465100765,0.21154403779655695,0.04112799228029273,-10.656649158377014,3.567994615205123,2.4382661315545042,-10.656649158377014
0.09578825626522303,0.43225401546806097,0.46803133469074965,0.5229748776182532,0.0411198108086938,-6.046695280356034,1.8770281244288054,1.6401944656820593,-6.046695280356034
0.26924599055200815,0.4043399803340435,0.09662141930311918,0.39603303000330925,0.041096269442677295,-6.148209911405911,2.022280360952944,2.125059211008306,-6.148209911405911
0.0496675344184041,0.42674675956368446,0.017254548147320747,0.22996107768267393,0.04108169183174917,-10.98286694899755,3.589695605421911,2.465928157742507,-10.98286694899755
0.22445193026214838,0.34637996181845665,0.4007417419925332,0.35398750379681587,0.04107461590844401,-2.546097178011898,1.4650525229891311,0.9801210866769039,-2.546097178011898
0.022058939561247826,0.4230479318648577,0.0252649812027812,0.38152590952813625,0.041065575032503625,-10.75478717209914,3.5082084450383406,2.473912990141595,-10.75478717209914
0.05900346115231514,0.3673366839066148,0.37168473936617374,0.47143572475761175,0.04106552161685559,-6.407187681080224,2.0528031547538985,1.7381955157704865,-6.407187681080224
0.24403297528624535,0.38407931197434664,0.021554699167609215,0.31994070392102003,0.041056866812816846,-8.161223750357262,2.662758816975591,2.5254432126470054,-8.161223750357262
0.34874372836202383,0.43118562642484903,0.19449405372142792,0.3585738856345415,0.04104560863974955,-3.1219651179049412,1.2187971736950691,1.3328862920251692,-3.1219651179049412
0.15944071393460035,0.3537895968183875,0.336854362860322,0.3616037694737315,0.04103306603967794,-4.142285757093138,1.6643239351255688,1.3063206248084887,-4.142285757093138
0.026447439566254616,0.35489691235125065,0.3428925508633256,0.4073994904756546,0.04102718375715747,-7.032904297141236,2.4448735310371355,1.8728832383926137,-7.032904297141236
0.09808913059532642,0.40670105442404747,0.014786646701395512,0.3372667171061039,0.04102004744314029,-9.931814318040628,3.2317193922906977,2.4828884507357647,-9.931814318040628
0.10226761735975742,0.4039424154907465,0.031872921623289585,0.30762437637895346,0.04097902958328705,-9.678394066352034,3.156231738890715,2.41388324374022,-9.678394066352034
0.16976897418498993,0.39314710814505816,0.4322080994024873,0.493193699978292,0.04096225461495491,-4.028743954013579,1.4084933643505966,1.2418747975873041,-4.028743954013579
0.0070746103301644325,0.41103633120656013,0.5296724550426006,0.5382342468947172,0.04095052005134365,-8.19584536487822,2.980857237553666,1.9197213973683118,-8.19584536487822
0.20472540613263845,0.3701270530000329,0.32621554285287857,0.4196569034829736,0.0409476004261482,-3.0994091169126805,1.3088205765662062,1.0690893836298798,-3.0994091169126805
0.14112637471407652,0.4381139911711216,0.2651040852069855,0.4339207177981734,0.04094041405878951,-5.216479624111363,1.654603559787335,1.5717147160609,-5.216479624111363
0.023657863028347492,0.41732922848314047,0.09300847630947828,0.4252412309870124,0.04092489191189455,-9.803695164482914,3.195238277639398,2.3041505772819533,-9.803695164482914
0.0009312070906162262,0.41394505091011524,0.5859280675649643,0.32371116057038307,0.040914911249208145,-8.119604138543481,3.358599684827555,1.946043420509457,-8.119604138543481
0.23011255264282227,0.3478952245786786,0.38332979194819927,0.3812735341489315,0.04090455720840432,-2.3696753251434823,1.3597857303015664,0.9330116064181777,-2.3696753251434823
0.11195591650903225,0.35073406528681517,0.36588364746421576,0.3478508796542883,0.04088879582975522,-5.123833216983611,1.9957063734772051,1.5155817351808316,-5.123833216983611
0.05220814887434244,0.45419653691351414,0.43130569998174906,0.4675295865163207,0.0408786914144713,-6.434779630584165,2.04228832131369,1.8513414478124826,-6.434779630584165
0.422935358248651,0.4401654889807105,0.16333247441798449,0.39999536518007517,0.040868732651147426,-3.828449960893225,1.2759108800189047,1.4783345128829493,-3.828449960893225
0.2367771277204156,0.4070590902119875,0.29499549977481365,0.41831172071397305,0.04085687878853633,-2.607670685621041,1.0616569807928433,1.0365519945749389,-2.607670685621041
0.4432888878509402,0.3686306644231081,0.4175550062209368,0.35663122963160276,0.04085473317772309,-0.30952727641175665,0.7840184304326386,0.546003658857975,-0.30952727641175665
0.1484965980052948,0.393522878177464,0.2414394747465849,0.2775884671136737,0.04084129512872395,-5.799852937305194,2.022629771702708,1.6391043557801261,-5.799852937305194
0.01343110017478466,0.41819360572844744,0.037663242779672146,0.402596028521657,0.04083964457086059,-10.686820378613453,3.510001424864429,2.4441493056531964,-10.686820378613453
0.013976357877254486,0.43822870776057243,0.43043960351496935,0.5491569405421615,0.04083959379870231,-7.919315467160136,2.4277997353470457,1.965360573612667,-7.919315467160136
0.21496627759188414,0.40757734421640635,0.008588241413235664,0.3849845742806792,0.04083708180812033,-8.660114421487743,2.7644879790291736,2.6416860111381255,-8.660114421487743
0.1978525621816516,0.4174091862514615,0.5183746945112944,0.4044450558722019,0.04081361037610456,-3.3215065233193872,1.7480366156083957,1.174091858067225,-3.3215065233193872
0.040668195113539696,0.4421105459332466,0.1927237082272768,0.39501019194722176,0.04080764801714195,-8.201662283593027,2.5640727076238115,2.0893034865830984,-8.201662283593027
0.08740036562085152,0.37973289657384157,0.5246470775455236,0.3563957465812564,0.04080339191293812,-5.83698090438579,2.5243125314761277,1.6376174599644353,-5.83698090438579
0.021127301268279552,0.41375770326703787,0.0490072974935174,0.16464120522141457,0.04080117421228157,-11.277832344229951,3.827609132118277,2.3899644384580023,-11.277832344229951
0.1344969877973199,0.4094989337027073,0.060263234190642834,0.2716329637914896,0.040793960354102765,-8.987775984475283,2.9277938244189166,2.301490474377787,-8.987775984475283
0.11140429973602295,0.4283616803586483,0.5635020155459642,0.3950508888810873,0.0407890794534927,-5.6469105320628605,2.4728765617389,1.6017424595074818,-5.6469105320628605
0.05394890997558832,0.40226312913000584,0.3080506222322583,0.23111977241933346,0.040778197603521915,-7.457824076719263,2.6285592186535944,1.8961228724787769,-7.457824076719263
0.03592904005199671,0.43161097820848227,0.023252333514392376,0.3005079971626401,0.040746402804597785,-10.781007981845075,3.457658015752192,2.467759701784705,-10.781007981845075
0.00933525338768959,0.40135293267667294,0.14619375579059124,0.4307431410998106,0.0407407772852057,-9.271237081715825,3.0583424179667236,2.2073837599250083,-9.271237081715825
0.46062043961137533,0.39456513710319996,0.051782602444291115,0.41871124878525734,0.04074071060370499,-6.8549206558920535,1.9884425912154677,2.365866754189525,-6.8549206558920535
0.0033559175208210945,0.42804648727178574,0.09419149812310934,0.41564547549933195,0.04072801081646694,-10.110280241740382,3.2768047437020296,2.338127641312964,-10.110280241740382
0.15259053744375706,0.4103435855358839,0.06650175806134939,0.3057508235797286,0.04072538423950623,-8.45837512375352,2.731464963023045,2.274663724325804,-8.45837512375352
0.2778743617236614,0.37405704986304045,0.27482773922383785,0.3088415125384927,0.04070265260974768,-2.6599331538175206,1.1611226848422878,0.9980337209134833,-2.6599331538175206
0.20539862848818302,0.41389554738998413,0.025454682298004627,0.34978592302650213,0.04069241653079216,-8.452521857739342,2.6939821412258516,2.5206113039410787,-8.452521857739342
0.1277179103344679,0.36385538429021835,0.48930186685174704,0.4010971589013934,0.04068982746627389,-4.770519465511274,2.108009509769327,1.4234408591288916,-4.770519465511274
0.43630304280668497,0.379519565962255,0.07084049563854933,0.4219627855345607,0.04066896625003918,-6.2937638986905995,1.962605234787943,2.1990572668886,-6.2937638986905995
0.02430159505456686,0.4294307632371783,0.010759379714727402,0.35422362200915813,0.04062810249089451,-10.967449121104789,3.5565666325397434,2.50709296877967,-10.967449121104789
0.04766417294740677,0.3833789713680744,0.547394260764122,0.4159443648532033,0.04062729908079575,-6.83024770412065,2.802756139858561,1.7785008880491862,-6.83024770412065
0.13217492401599884,0.42440363205969334,0.36080771684646606,0.5312163960188627,0.040625772367664965,-5.420799555102085,1.2564460785504266,1.5111185328580456,-5.420799555102085
0.31930521223694086,0.37588454503566027,0.003629137761890888,0.45348285138607025,0.04062394891491159,-8.251163409848697,2.5988554427057466,2.754960627462215,-8.251163409848697
0.16329763177782297,0.4357631979510188,0.32747146487236023,0.47807898558676243,0.04060259030422595,-4.3294955187414885,1.2703566194307898,1.3604851986973754,-4.3294955187414885
0.03988827299326658,0.39920800644904375,0.10590019449591637,0.3829888319596648,0.04056862339861641,-9.282506101258704,3.0455876817807304,2.2334668606789405,-9.282506101258704
0.3790142647922039,0.38229413982480764,0.21313329972326756,0.3144948473200202,0.04056643082916671,-2.737722075621769,1.360367647322718,1.1600536838761741,-2.737722075621769
0.41910922806710005,0.3593864534050226,0.07803272176533937,0.33143521565943956,0.040562338450431355,-6.0598382437884935,2.0674881586417495,2.032369846378571,-6.0598382437884935
0.10982155334204435,0.39170254673808813,0.5394413713365793,0.44046589359641075,0.04055405005591295,-5.577041652035732,2.3470752036345326,1.5507751306632573,-5.577041652035732
0.4283744031563401,0.3612609440460801,0.035709185525774956,0.390887014567852,0.04055009967767285,-7.121375820567594,2.209725824092809,2.374341755783521,-7.121375820567594
0.015126562677323818,0.39782738871872425,0.027152299880981445,0.2676107967272401,0.040547173777439355,-10.957163674786743,3.680053660299772,2.435879851339516,-10.957163674786743
0.09462722577154636,0.3850876046344638,0.22680578287690878,0.4118694895878434,0.040534292624093346,-6.584323697495137,2.1862233625609298,1.794001109740333,-6.584323697495137
0.11158392205834389,0.39988675713539124,0.3809403358027339,0.25334026105701923,0.04049397922023294,-5.611980013913996,2.1743140884280496,1.6119146482146467,-5.611980013913996
0.009218286722898483,0.4238905357196927,0.3270247969776392,0.22086397465318441,0.0404860253214939,-8.342836336084353,2.9081162771290634,2.0439034111262915,-8.342836336084353
0.2213963307440281,0.3947968129068613,0.04039117880165577,0.34125544782727957,0.040480748581361754,-7.947193593747377,2.572432854230145,2.4264422000394146,-7.947193593747377
0.23344021290540695,0.41859879065304995,0.4483430637046695,0.4417826719582081,0.04045396505975189,-2.1136822401264856,1.183412469339106,0.9188711941789391,-2.1136822401264856
0.00048700161278247833,0.3953638840466738,0.44222663156688213,0.25519797299057245,0.04044631844882187,-7.820391234721411,3.0115173374063624,1.9853172829769865,-7.820391234721411
0.044699608348309994,0.40546469390392303,0.15408298280090094,0.20776716154068708,0.04042934248818856,-9.40671401400843,3.131661997963187,2.143601726810971,-9.40671401400843
0.06258189119398594,0.4462449038401246,0.23137031868100166,0.32948251254856586,0.0404081039396592,-7.451102186092106,2.3362300991889797,1.970791527851658,-7.451102186092106
0.46639716252684593,0.4104064702987671,0.14550423249602318,0.3491329848766327,0.040376629477282905,-4.356191068793869,1.49528808507476,1.5714942142136452,-4.356191068793869
0.05012999568134546,0.39955366961658,0.006859368644654751,0.32327780313789845,0.04036795225703203,-10.64184435623402,3.524534348447408,2.48689033579721,-10.64184435623402
0.3380713677033782,0.4492316721007228,0.027035684324800968,0.3730422407388687,0.04036514085400577,-7.529945878522537,2.1086076129886173,2.627256075759879,-7.529945878522537
0.15964009147137403,0.3837815448641777,0.49654506985098124,0.4500544276088476,0.040362183243242866,-4.224555481108534,1.859827642541331,1.2903872899967452,-4.224555481108534
0.17231721710413694,0.3769569303840399,0.2613711832091212,0.32125649973750114,0.04036079093049471,-4.722071712378781,1.6952162174127643,1.4398179287971669,-4.722071712378781
0.23214441630989313,0.3984366748481989,0.49050356075167656,0.32241868879646063,0.0403585998768496,-2.5780718078160394,1.5733132753311552,0.9882104021126422,-2.5780718078160394
0.1566491238772869,0.41646413691341877,0.0867423564195633,0.34383953735232353,0.040309776113403334,-7.910567400229699,2.5317839358613714,2.1843067442603012,-7.910567400229699
0.1912953658029437,0.39691217336803675,0.20372973382472992,0.35574559681117535,0.04029154697974272,-5.060966456045363,1.7064777057020584,1.5882808694077848,-5.060966456045363
0.009111141785979271,0.3809534851461649,0.18900603149086237,0.3446018388494849,0.04028636152400074,-8.7288736865346,2.944912801506133,2.120696517717,-8.7288736865346
0.024825225584208965,0.400776625610888,0.02896703127771616,0.19803673680871725,0.040265168825782766,-11.18621289915526,3.8157141202109317,2.4164692120147295,-11.18621289915526
0.0804548105224967,0.40476916916668415,0.17391489446163177,0.44639609288424253,0.04025625295124122,-7.7156315571870095,2.507441897324771,1.977402215243894,-7.7156315571870095
0.2007924048230052,0.4470030553638935,0.4127659350633621,0.35083449352532625,0.040232998078400375,-2.685834598160803,1.3611720256190958,1.149631746311361,-2.685834598160803
0.07226649112999439,0.3964277431368828,0.16275582276284695,0.24783934373408556,0.040230525266728295,-8.507354071884098,2.83514748918146,2.0516642602211235,-8.507354071884098
0.03175870608538389,0.389886986464262,0.16106254048645496,0.2723952317610383,0.040230459484329045,-9.002202451277313,3.01282245279236,2.130868351821294,-9.002202451277313
0.2510519539937377,0.38783552404493093,0.26255141105502844,0.2999384766444564,0.04022085425037407,-3.3314504632947415,1.2946594754796277,1.1816761693855657,-3.3314504632947415
0.019086318090558052,0.428499742411077,0.22696644067764282,0.2131363321095705,0.040210196783921515,-9.069316055633111,2.9731188477490265,2.107495037140623,-9.069316055633111
0.03634555917233229,0.3905900251120329,0.5714290626347065,0.38170284032821655,0.0402055095785593,-7.226651595211779,3.0190990681251897,1.8237335034590167,-7.226651595211779
0.1507932199165225,0.4270386751741171,0.15465577505528927,0.3239799002185464,0.04020366342967228,-6.882323205827764,2.1882981637352668,1.9046153420333227,-6.882323205827764
0.027154110372066498,0.3667562063783407,0.26088770292699337,0.36806729529052973,0.04019720700727133,-7.589337065248997,2.603390609371599,1.9522581969659656,-7.589337065248997
0.24150320794433355,0.39370426535606384,0.07904390059411526,0.36158127523958683,0.0401879629679616,-6.856613015820842,2.240240386352224,2.2057714630472214,-6.856613015820842
0.3653194746002555,0.4252557968720794,0.04783582128584385,0.4794982895255089,0.040186585837973104,-7.292413476840763,2.2506940918768423,2.555013500062886,-7.292413476840763
0.2735721357166767,0.4292727066203952,0.3388122646138072,0.37334751430898905,0.04018089661701609,-1.284244842954606,0.7229645363516332,0.769904038088075,-1.284244842954606
0.03822777234017849,0.42541387490928173,0.10159113071858883,0.19169103167951107,0.040180631208900294,-10.340931036450648,3.369054467928391,2.2737199982243714,-10.340931036450648
0.10563790984451771,0.4292042078450322,0.1950405677780509,0.4449331406503916,0.040152059776512344,-6.981426859421431,2.2209344406713645,1.8663182447796545,-6.981426859421431
0.24275638908147812,0.38718241080641747,0.4646725719794631,0.4344011126086116,0.04014780590813003,-2.109899873263504,1.3167844970146854,0.8462721722099339,-2.109899873263504
0.13489609211683273,0.4246953707188368,0.5099930502474308,0.4890249418094754,0.040126482036598465,-5.115259802560742,1.9452426393570363,1.4574131132993224,-5.115259802560742
0.12232187483459711,0.40112970769405365,0.08697473723441362,0.2697207871824503,0.04012061499086109,-8.706768025090062,2.8604057744051543,2.196729929630634,-8.706768025090062
0.35202444437891245,0.40385779179632664,0.3606808241456747,0.29683955013751984,0.04009286171576643,-0.6432180507947372,0.8341092942492785,0.5405209816970243,-0.6432180507947372
0.002234158106148243,0.403060314245522,0.6041313176974654,0.4425669154152274,0.040088871608115494,-8.258023185690504,3.3721613946755804,1.9154109615850514,-8.258023185690504
0.35812277533113956,0.3619742477312684,0.33953199815005064,0.3071052450686693,0.040074031563853536,-0.9459118678832134,0.9819355835420933,0.6084733127743895,-0.9459118678832134
0.10849242564290762,0.40723486989736557,0.23074863571673632,0.22817044705152512,0.0400634796361093,-7.2374251186657315,2.4536321830530325,1.8254162604712052,-7.2374251186657315
0.2958214236423373,0.3959745401516557,0.4257584037259221,0.30446345265954733,0.04006045765026165,-1.139194543599505,1.0460259812475505,0.6707404446188199,-1.139194543599505
0.17731293197721243,0.4190338924527168,0.03270842507481575,0.3272980013862252,0.04005575438610589,-8.711860345108937,2.77911974643433,2.4446664183326847,-8.711860345108937
0.05842264275997877,0.3927879808470607,0.1519916858524084,0.26172779221087694,0.04004893245421133,-8.762206334671745,2.9179645766560585,2.096098535508283,-8.762206334671745
0.12082661222666502,0.45126787573099136,0.42538804933428764,0.33613249473273754,0.04003491440408768,-4.695093284994188,1.9226442896798641,1.5753471630618958,-4.695093284994188
0.008656064048409462,0.4177290350198746,0.21011264994740486,0.18815972469747066,0.040016936917497616,-9.584908208047205,3.1986452038282636,2.1411969819491175,-9.584908208047205
0.4197288164868951,0.38903138134628534,0.18686207477003336,0.30100781563669443,0.04001138340306922,-3.422857105500704,1.5652899329124548,1.3211441655267988,-3.422857105500704
0.06344832573086023,0.35930473916232586,0.36789832171052694,0.4542460637167096,0.040007712200799836,-6.266592079393595,2.079780087521689,1.7027078498521833,-6.266592079393595
0.04804874397814274,0.43613651115447283,0.10780277755111456,0.2778628394007683,0.039985670575363105,-9.588211463189591,2.9933499367885634,2.2473665167979324,-9.588211463189591
0.2891606017947197,0.39931504148989916,0.3100738851353526,0.40317317843437195,0.03998013779326159,-1.3546720590869246,0.7519156411216974,0.7195701541676417,-1.3546720590869246
0.06623966805636883,0.4217523066326976,0.11777095217257738,0.44089835323393345,0.039962876013924745,-8.839709623483209,2.847538385986429,2.169297182761975,-8.839709623483209
0.0009889444336295128,0.4459652667865157,0.3574191629886627,0.2744185049086809,0.03995662255838315,-7.947521779890746,2.7930064001123167,2.084089001306074,-7.947521779890746
0.12080207653343678,0.39781922474503517,0.21039544325321913,0.4366970928385854,0.03995385760484751,-6.360259150981781,2.096522933533689,1.7534485149372845,-6.360259150981781
0.23731735814362764,0.41199309658259153,0.22248083259910345,0.33504015766084194,0.039926144264235915,-3.9808624075886865,1.3554360860695485,1.396561558943605,-3.9808624075886865
0.13031091634184122,0.40481032617390156,0.01777204405516386,0.36375194136053324,0.03992578392920014,-9.44691068529991,3.06061456450494,2.4834938442258263,-9.44691068529991
0.1411480326205492,0.4002845659852028,0.10509672667831182,0.3391539789736271,0.03992461731199561,-7.779340462693158,2.53221933459981,2.1022708332958797,-7.779340462693158
0.4481791537255049,0.3698731083422899,0.1138051263988018,0.3695476381108165,0.03992208683047898,-5.115423061997353,1.7949710103617074,1.7553883937493489,-5.115423061997353
0.06496560573577881,0.40516180265694857,0.0566898500546813,0.1823828238993883,0.03991386554681309,-10.528085893970731,3.5599542920135097,2.3326800293448167,-10.528085893970731
0.11682664602994919,0.42814704589545727,0.16876046732068062,0.2546229800209403,0.039905119211580055,-7.7450905506545755,2.4764802051814137,1.9506112884489417,-7.7450905506545755
0.027065101079642773,0.4451815690845251,0.4388790810480714,0.5287113133817911,0.0398924617183279,-7.468166596812211,2.2891298239397067,1.9165092764412894,-7.468166596812211
0.1475124703720212,0.39189905393868685,0.2891891896724701,0.2608419684693217,0.03987960785478489,-5.415574202304482,1.9824416656705417,1.5422299420217707,-5.415574202304482
0.25614972598850727,0.39981805346906185,0.02671846654266119,0.4323497274890542,0.03987092657887045,-7.993198816696845,2.5644840564774256,2.5965665845875927,-7.993198816696845
0.2561280680820346,0.43767216242849827,0.37471434473991394,0.34145920164883137,0.03986383742170192,-1.554160583270209,0.9619170466781383,0.8547001443426754,-1.554160583270209
0.2845020955428481,0.41953631304204464,0.07981963828206062,0.4207381047308445,0.03985129626993682,-6.499990542754471,2.0940543485737884,2.2663277835101354,-6.499990542754471
0.06335711013525724,0.43101771734654903,0.08145563211292028,0.23170407861471176,0.039849353809300055,-9.993017572249814,3.183194165329663,2.286859328426199,-9.993017572249814
0.016356087289750576,0.40653898753225803,0.19100970216095448,0.4887443631887436,0.03984622740728365,-8.846250181118508,2.8623230758350733,2.1128408607051066,-8.846250181118508
0.04898768290877342,0.44270997773855925,0.17009878996759653,0.33530762884765863,0.03984565430605892,-8.475328406115288,2.6232876376463294,2.109638850854413,-8.475328406115288
0.10462737362831831,0.386794850230217,0.5226342808455229,0.4627910479903221,0.03983444488359367,-5.674525388212215,2.275165622702375,1.5496741380255854,-5.674525388212215
0.28881853725761175,0.38254056964069605,0.17837429232895374,0.33035504166036844,0.03981738203101377,-4.178961832827964,1.544938893214105,1.5077856862718368,-4.178961832827964
0.08961029071360826,0.4370205793529749,0.5355299124494195,0.4714115113019943,0.039796686864853936,-6.115640188810304,2.3729589040369685,1.6620866842145365,-6.115640188810304
0.02087813150137663,0.35732198040932417,0.3259455021470785,0.3254183456301689,0.03979475221059553,-7.3583763995268,2.64421873587856,1.9073806082282128,-7.3583763995268
0.1386350942775607,0.39607624616473913,0.1392489168792963,0.3002335336059332,0.039782818984254974,-7.395431239049406,2.441368453238043,1.973116863716313,-7.395431239049406
0.06388049479573965,0.3950394354760647,0.06813078559935093,0.32537998352199793,0.0397802929512448,-9.562371311042677,3.1391525648051073,2.29551889864467,-9.562371311042677
0.1949963727965951,0.40694653429090977,0.09739837888628244,0.32140365429222584,0.03978024652332118,-7.208697387907865,2.346394496070109,2.1106699331383947,-7.208697387907865
0.23513799160718918,0.4019125821068883,0.2688586348667741,0.2832769574597478,0.03977914041475949,-3.6861250806867463,1.4083265658511193,1.2470904658516107,-3.6861250806867463
0.2707796189934015,0.394131176173687,0.23101319838315248,0.31111724209040403,0.03977569546381668,-3.4431459047638215,1.2967835855520422,1.269646139651635,-3.4431459047638215
0.16561944223940372,0.4104750957340002,0.25948385894298553,0.4651541141793132,0.03977430895932932,-4.896376718157673,1.6372962298280307,1.4621244440291765,-4.896376718157673
0.2564367800951004,0.3804209176450968,0.07753385603427887,0.3471148610115051,0.03976076518567792,-6.7657581798412165,2.23595635577563,2.175709841775597,-6.7657581798412165
0.0034792618826031685,0.4050209326669574,0.43273917119950056,0.23694001324474812,0.03972697195047886,-7.932412971988132,3.0052186299810404,1.9813132023874385,-7.932412971988132
0.15980507526546717,0.3946339972317219,0.4143651034682989,0.2705722814425826,0.039722885428429146,-4.295723195995895,1.878611348548898,1.35878832965177,-4.295723195995895
0.06126014236360788,0.3887776108458638,0.533521874807775,0.3183382051065564,0.03972019038070875,-6.5721156188096685,2.766011396381811,1.7424083572570714,-6.5721156188096685
0.0464159082621336,0.38722559437155724,0.3710605315864086,0.25166618917137384,0.039714293916793986,-7.041995399736843,2.621634255458026,1.8506951273945549,-7.041995399736843
0.051950158551335335,0.37885449547320604,0.4603329347446561,0.5056900614872575,0.03971209282068335,-6.770628436538783,2.2805407508993842,1.7432723104651102,-6.770628436538783
0.029361668974161148,0.43176606204360723,0.1303501296788454,0.4391086483374238,0.03970894826018933,-9.28021659621244,2.9704832922023154,2.2121168227311827,-9.28021659621244
0.299691891297698,0.40258390363305807,0.15155959967523813,0.41083975601941347,0.03970719277919888,-4.5357598971974475,1.6290194828417084,1.709141174128547,-4.5357598971974475
0.17068473901599646,0.42199211474508047,0.02948164939880371,0.3337847786024213,0.03970089488252875,-8.847390492615355,2.813978224485961,2.4560736460957964,-8.847390492615355
0.46192825213074684,0.3890524273738265,0.11317805387079716,0.3995301993563771,0.03968857740439779,-5.184107988995882,1.701954404241448,1.8160980323463023,-5.184107988995882
0.2144947163760662,0.4159630872309208,0.32368500251322985,0.4632888287305832,0.03967680673018426,-3.05088009411972,1.1638972505284337,1.0812784941147662,-3.05088009411972
0.3577275350689888,0.38765093870460987,0.4170581763610244,0.34094775281846523,0.039649093487102424,0.011072900996058763,0.5941487280719049,0.45640102544889394,0.011072900996058763
0.1370696695521474,0.3869799319654703,0.27288471534848213,0.2675426071509719,0.0396413119020038,-5.738743358907437,2.061276582306457,1.5995885581879934,-5.738743358907437
0.025932331569492817,0.4465579576790333,0.2563799573108554,0.46303661819547415,0.03963470975599499,-7.914175831391989,2.4191471231388992,2.036915389147623,-7.914175831391989
0.17369954008609056,0.4021665183827281,0.1429317118600011,0.35394927579909563,0.039632900197508564,-6.5179028032581945,2.141880860597428,1.8961116952461592,-6.5179028032581945
0.025895889848470688,0.3906354233622551,0.09607500210404396,0.30978723242878914,0.03962955204642427,-9.753559473847139,3.2378146701359793,2.2619184580096205,-9.753559473847139
0.04297977779060602,0.43093079421669245,0.3762601697817445,0.5710382526740432,0.039607123599712114,-7.713855600560971,2.1406963905060867,1.8848905476272306,-7.713855600560971
0.1350943949073553,0.4152383180335164,0.06493118219077587,0.2205354357138276,0.03960228698407198,-9.298528570696247,3.0643685639899525,2.275518781540133,-9.298528570696247
0.387306971475482,0.3871289286762476,0.0689470274373889,0.2548900693655014,0.0395972815477558,-6.665049307764004,2.334225240092305,2.2766042200641996,-6.665049307764004
0.03157198429107666,0.4478708319365978,0.39476590044796467,0.28929009567946196,0.03959625805138381,-7.070403708102662,2.580513311091189,1.964777600460764,-7.070403708102662
0.12235832959413528,0.4409388564527035,0.31045121140778065,0.4874848062172532,0.039595850196773974,-5.501062685241648,1.5234322907259306,1.5801000742429512,-5.501062685241648
0.2882369728758931,0.36903967894613743,0.0684539508074522,0.30181961972266436,0.0395930015279485,-6.872426865857519,2.336567733557926,2.192645202362389,-6.872426865857519
0.1552408430725336,0.4435395719483495,0.2789798369631171,0.32837898936122656,0.03959119102133119,-4.883081808350169,1.6417989045236225,1.5118836402993077,-4.883081808350169
0.37126772478222847,0.3781708972528577,0.14161181077361107,0.2834477983415127,0.0395849515315405,-4.758710689450398,1.8625520392300619,1.720452117348624,-4.758710689450398
0.41986739728599787,0.3563534077256918,0.027217203751206398,0.38540732488036156,0.03955934842391708,-7.328675642886537,2.2827610953319404,2.408340041061851,-7.328675642886537
0.0818446958437562,0.38248721417039633,0.29290361516177654,0.4800828341394663,0.03954986569253753,-6.4256162144964835,1.9988997458757902,1.7170014528138648,-6.4256162144964835
0.2996776457875967,0.37356236577033997,0.06221161223948002,0.2755145728588104,0.03954884186884935,-7.068984019351271,2.4368492048783934,2.2608797165108725,-7.068984019351271
0.1855772528797388,0.37945258524268866,0.27490023896098137,0.4110119976103306,0.03954704042556695,-4.035680983087667,1.4710753965012202,1.292949467839457,-4.035680983087667
0.2635285696014762,0.4227978000417352,0.2845352655276656,0.32958415523171425,0.039542368383016425,-2.4695352790713954,0.9286846378522086,1.025600830942429,-2.4695352790713954
0.436897000297904,0.44161017797887325,0.17734982259571552,0.36480426881462336,0.03953001945809654,-3.512550536647641,1.2371803817724958,1.3399610882984743,-3.512550536647641
0.10250384360551834,0.39653529319912195,0.2915190402418375,0.5068853590637445,0.03952959307022038,-6.229427583829598,1.8544486039240082,1.659921552022162,-6.229427583829598
0.24179026205092669,0.3903956227004528,0.004676797427237034,0.4175173593685031,0.03952353839094483,-8.53843351717285,2.7352646342043,2.683095366222879,-8.53843351717285
0.0063767507672309875,0.4375107381492853,0.04516610410064459,0.3215948985889554,0.039521632378565215,-10.835365813931494,3.455509638626455,2.432762625667191,-10.835365813931494
0.17550941370427608,0.43401913344860077,0.24533577729016542,0.310489303432405,0.03950174351707229,-5.019032563546416,1.6646718249128696,1.5202836208070576,-5.019032563546416
0.08754055760800838,0.3986677462235093,0.5752107137814164,0.42697511054575443,0.03950112321390987,-6.35466846888511,2.680088105593626,1.6544156069115072,-6.35466846888511
0.17119869869202375,0.40408017951995134,0.008413215167820454,0.2399599812924862,0.039500292991079766,-9.590427904720375,3.2037887098956372,2.511238117822179,-9.590427904720375
0.3255672715604305,0.41552709974348545,0.3083132626488805,0.30820724833756685,0.039489245595071505,-1.3370041853275012,0.886438950202663,0.724862098564946,-1.3370041853275012
0.42076667957007885,0.4187838239595294,0.27733026444911957,0.3993799267336726,0.039477513754215356,-0.955021632204973,0.8798811001866773,0.5878392069614738,-0.955021632204973
0.013605025596916676,0.438929570838809,0.20036840718239546,0.24381204787641764,0.03946983495952203,-9.22802451138992,2.93288834450022,2.1593207199641196,-9.22802451138992
0.4419990172609687,0.37139816116541624,0.09992511849850416,0.39696336816996336,0.039469724705211,-5.486803588901221,1.8360656177378036,1.8926922804757684,-5.486803588901221
0.1986257517710328,0.4037008099257946,0.07444414589554071,0.2922500679269433,0.03946334900443855,-7.75582509252112,2.544013125464533,2.2250667495570458,-7.75582509252112
0.3031878750771284,0.42784377932548523,0.12125226762145758,0.33611396700143814,0.0394539778098689,-5.383622965461621,1.739471583763067,1.935276842639026,-5.383622965461621
0.3620533561334014,0.3710243320092559,0.11269457545131445,0.41509874165058136,0.039452441690415584,-5.195485937966904,1.8110630364953662,1.885049780950012,-5.195485937966904
0.3742582006379962,0.40791582968086004,0.30239148903638124,0.3892070408910513,0.03942532583043644,-0.4482059612988332,0.6396142729999327,0.4884861475655199,-0.4482059612988332
0.04661361686885357,0.3576547456905246,0.4682058831676841,0.4366745240986347,0.039416273362893064,-6.553045556258647,2.4688958973239137,1.739242450194869,-6.553045556258647
0.3181268163025379,0.3968678042292595,0.03933220263570547,0.24843122251331806,0.03937279682867147,-7.638689667148418,2.592837744152421,2.486868015646272,-7.638689667148418
0.0003480985760688782,0.4070537509396672,0.0737393544986844,0.13247671071439981,0.039371342648537436,-11.4586684239581,3.9731696237690852,2.337313135086821,-11.4586684239581
0.01460305880755186,0.4323485270142555,0.013064761646091938,0.1742979884147644,0.03936705169908587,-11.767375611819189,3.9315669365199755,2.463661087223345,-11.767375611819189
0.03227267321199179,0.40908447466790676,0.17407461162656546,0.17833510041236877,0.03936526764099943,-9.655327242692206,3.2370079246176484,2.129660972375937,-9.655327242692206
0.12498577684164047,0.4078192552551627,0.09797296859323978,0.40086026582866907,0.039361187773634634,-8.112598411583882,2.6325489076739954,2.146608870749865,-8.112598411583882
0.21162630897015333,0.3862063717097044,0.23419437184929848,0.3658601436764002,0.039347241301467634,-4.1247397808885005,1.4390796671398816,1.3694310867182622,-4.1247397808885005
0.0018024267628788948,0.4573362870141864,0.30642066802829504,0.4382738647982478,0.03934549575888326,-7.904483852573288,2.457408173946974,2.094050286251725,-7.904483852573288
0.18713430035859346,0.4415074046701193,0.47307650465518236,0.3451846744865179,0.03933458228840078,-3.223247498527643,1.6608547381421999,1.2286920187360575,-3.223247498527643
0.10801549442112446,0.4586159270256758,0.404347843490541,0.4206873048096895,0.03933256520288252,-4.9581567853162145,1.6822255907552444,1.6135384739135596,-4.9581567853162145
0.06073494162410498,0.43469531554728746,0.42331324610859156,0.26154370605945587,0.039313196585429915,-6.603726433109903,2.500318138721879,1.8254499690700239,-6.603726433109903
0.2297562975436449,0.40077060274779797,0.36740327067673206,0.46992572396993637,0.03931139612104477,-2.493182133136571,1.0968678243929146,0.9280952761447481,-2.493182133136571
0.06834955420345068,0.4361855639144778,0.1590573601424694,0.4235116057097912,0.039302582796651116,-8.18237890348097,2.5799052809205767,2.060402088684852,-8.18237890348097
0.14539422281086445,0.4015291891992092,0.3358526648953557,0.24698187410831451,0.0392946481544965,-5.215889488927592,1.9781822347309943,1.4997793241294466,-5.215889488927592
0.06567776016891003,0.4302576072514057,0.2876026937738061,0.5378274079412222,0.03924985624768879,-7.385172087040032,2.10771691176831,1.8526775361469148,-7.385172087040032
0.10436296556144953,0.4317516917362809,0.0720470855012536,0.35595953185111284,0.039230356949506454,-8.979773076451943,2.8254274452662393,2.2708833320683905,-8.979773076451943
0.16929765604436398,0.4078915836289525,0.5407649790868163,0.4288927707821131,0.03922316601329689,-4.305567513692508,2.018795162776789,1.3124950051757724,-4.305567513692508
0.04100955557078123,0.4239654168486595,0.6002340875566006,0.47314662020653486,0.03922197109763966,-7.703799472328951,3.0932855310815692,1.8173048512588257,-7.703799472328951
0.29496889654546976,0.3546424973756075,0.31569302175194025,0.32872724812477827,0.03921681293675709,-1.8126653172059215,1.0573271382893852,0.7559256511109623,-1.8126653172059215
0.2720186924561858,0.41989284567534924,0.27741657476872206,0.3237995207309723,0.03921068709252118,-2.4793381419507314,0.9484241589516996,1.0277560007804476,-2.4793381419507314
0.35216719936579466,0.34748022351413965,0.3768667373806238,0.32097651436924934,0.03918977116053714,-0.8353676164972389,0.9934309444331559,0.6844858809096526,-0.8353676164972389
0.24025976192206144,0.36393543891608715,0.3063649423420429,0.3043065657839179,0.039174355442696644,-3.00883901804848,1.3289178736471439,1.0190399399111982,-3.00883901804848
0.3046988835558295,0.4224372887983918,0.10834544897079468,0.42600011825561523,0.039167153915646874,-5.658275851397978,1.8724228964278373,2.0554273567685897,-5.658275851397978
0.10770677868276834,0.3908663969486952,0.17076604720205069,0.3907386064529419,0.039162277343695956,-7.1404637166307205,2.357506104586931,1.8994303103256365,-7.1404637166307205
0.03357854392379522,0.4404266504570842,0.5569302393123507,0.4769037561491132,0.03915753940092347,-7.437967805343464,2.8810486696812587,1.8551207935256306,-7.437967805343464
0.28311615996062756,0.3972169840708375,0.10632652323693037,0.28185765352100134,0.03915139899314697,-6.181486228448498,2.126921506561044,2.0439530232566163,-6.181486228448498
0.41659845132380724,0.4407648853957653,0.19943090341985226,0.3386194370687008,0.03914989343969367,-2.993043677025387,1.2482076776024293,1.2009036309537988,-2.993043677025387
0.09470773860812187,0.42006566748023033,0.5361821549013257,0.5138533413410187,0.03913577159899388,-6.40747081005139,2.376559303195153,1.6222875763228475,-6.40747081005139
0.05969758331775665,0.4059269493445754,0.02135356515645981,0.413202116265893,0.03910929233620899,-10.311753178910383,3.3872671775636958,2.45153025489006,-10.311753178910383
0.3412887705489993,0.3760166745632887,0.10229645483195782,0.26902246940881014,0.03910541074327174,-5.952355524580733,2.166805469579285,2.0137783365708253,-5.952355524580733
0.2179567702114582,0.37872457783669233,0.41839566361159086,0.2880441667512059,0.03908871219775833,-2.9007661822992374,1.5573637361861383,1.0342322013766483,-2.9007661822992374
0.27181746531277895,0.4229604471474886,0.3204728923738003,0.39292116556316614,0.03908681734138688,-1.504375519250133,0.7400060479230942,0.7989399361976011,-1.504375519250133
0.4340650737285614,0.4374776929616928,0.11507618799805641,0.31090428680181503,0.039063031625236444,-5.3238467524360304,1.5745127449271832,1.8737418659157792,-5.3238467524360304
0.08198458794504404,0.3487069010734558,0.39004890341311693,0.3330441555008292,0.03906303155352789,-5.803371648256758,2.2440742398692692,1.6259900413686306,-5.803371648256758
0.13993805833160877,0.4207148998975754,0.17558154184371233,0.4347948106005788,0.03904195317375409,-6.59124297180743,2.1505412460524775,1.8221985922052815,-6.59124297180743
0.06272863689810038,0.4118361119180918,0.007141202688217163,0.05130056384950876,0.039031898867348806,-12.171631931285047,4.427094046961319,2.4338691366473566,-12.171631931285047
0.05403369013220072,0.4104477148503065,0.4355639489367604,0.5803941516205668,0.03902890461215503,-7.543987024987372,2.2552281914737304,1.7995850034604657,-7.543987024987372
0.07427180651575327,0.422368704341352,0.4880187623202801,0.2635922757908702,0.03899855788716072,-6.419523365217524,2.567297772966042,1.7338635395496287,-6.419523365217524
0.391212010756135,0.4652554616332054,0.010480716824531555,0.36075243446975946,0.03899737968731334,-7.9988780055636255,2.0140122775269087,2.660598501222636,-7.9988780055636255
0.08258352801203728,0.39443821273744106,0.05899333767592907,0.3457036726176739,0.038996925277012734,-9.394163313217389,3.0753794076632426,2.3036326616333977,-9.394163313217389
0.13192293234169483,0.4308798322454095,0.12044966500252485,0.28513393085449934,0.03899358569500054,-8.038296175497662,2.531429601020525,2.064744667404389,-8.038296175497662
0.3853143295273185,0.3746754424646497,0.05503473524004221,0.4465538440272212,0.038983152683461225,-6.797286169562517,2.1550014737251986,2.373579000391617,-6.797286169562517
0.38585919979959726,0.37964738067239523,0.2550249584019184,0.33331634756177664,0.038979432725889655,-1.6456554126055971,1.0908825278867675,0.8198580378684046,-1.6456554126055971
0.07702888920903206,0.4101717732846737,0.5097208712249994,0.2697831653058529,0.03897401930114399,-6.419013203114535,2.6211753801282107,1.7056258099809607,-6.419013203114535
0.12985785771161318,0.4251674935221672,0.004516078159213066,0.20706509053707123,0.03896650452231851,-10.411822017022239,3.444564451847993,2.484681856638371,-10.411822017022239
0.43216690700501204,0.42421895638108253,0.2457600925117731,0.3957580914720893,0.03895649043246471,-1.688381463871653,1.0515762321020967,0.7905103201173269,-1.688381463871653
0.45807394199073315,0.4212112994864583,0.008158189244568348,0.2837222656235099,0.038953093323539634,-8.050489522313603,2.390606269866171,2.671036921269844,-8.050489522313603
0.18898047506809235,0.42363804765045643,0.18162337690591812,0.3083871491253376,0.03894793521858674,-5.81707915263903,1.8977040204797098,1.7127153688962868,-5.81707915263903
0.0017778314650058746,0.3877379959449172,0.0910009890794754,0.2888956815004349,0.03891453113546022,-10.233388421143225,3.437421870946216,2.2926381240802933,-10.233388421143225
0.006959742866456509,0.3755774972960353,0.2063650768250227,0.38748335000127554,0.03889975511551019,-8.518871368737344,2.8750811440665216,2.0769262555243735,-8.518871368737344
0.24337971024215221,0.3961524749174714,0.06461887899786234,0.4046230036765337,0.03887559590386344,-7.177385377863035,2.337266727519767,2.3105091159948157,-7.177385377863035
0.09896627254784107,0.3853616053238511,0.5058245817199349,0.3026839345693588,0.03886334751202524,-5.695171605974767,2.452452518619923,1.5915201995979544,-5.695171605974767
0.027185427024960518,0.40747001580893993,0.032186178490519524,0.06689677760004997,0.03883408863981889,-12.096391316065048,4.362319610364862,2.3830921230168802,-12.096391316065048
0.07792967278510332,0.46061255503445864,0.35137780476361513,0.40619714092463255,0.038793260398610634,-5.865892458516713,1.8781571466093028,1.7729490677669675,-5.865892458516713
0.029580959118902683,0.44993491377681494,0.5375981293618679,0.42318993620574474,0.0387861421605033,-7.128644711000265,2.8265328596739505,1.8983270085234671,-7.128644711000265
0.18100036587566137,0.3913653176277876,0.014622237533330917,0.2944131661206484,0.03876524929066419,-9.050053940208938,2.983015217427501,2.4927673198299547,-9.050053940208938
0.06992952898144722,0.3995109274983406,0.19895200803875923,0.47477822564542294,0.03876224189664397,-7.69688454663529,2.4835928486174788,1.9318975938149856,-7.69688454663529
0.058446282520890236,0.4486838271841407,0.49930856470018625,0.4796019624918699,0.038757476890970574,-6.575166687602575,2.34798031526144,1.785766085664516,-6.575166687602575
0.1125473165884614,0.44242360163480043,0.2961330087855458,0.28048737440258265,0.03875208252835975,-6.003487553741017,2.0355749695133905,1.6870862173117194,-6.003487553741017
0.3630713699385524,0.37387205474078655,0.43618577532470226,0.3303319364786148,0.038744926512997005,-0.35277845368720745,0.7907947957999946,0.5246701340322999,-0.35277845368720745
0.013852515257894993,0.4124659635126591,0.08725651539862156,0.10516683850437403,0.03873990757149146,-11.437234108707303,3.9740093567752037,2.30241756918413,-11.437234108707303
0.38439856469631195,0.34094810392707586,0.40331918001174927,0.3491554344072938,0.03873425753398315,-0.5878225185270172,0.9132677311897465,0.7847726826285049,-0.5878225185270172
0.11181572452187538,0.3708581393584609,0.283764585852623,0.43551997002214193,0.038725247075653384,-5.653398966543189,1.8958010004346997,1.5768988479676387,-5.653398966543189
0.04946933966130018,0.42106041964143515,0.5878215208649635,0.4984591668471694,0.0387160461393024,-7.601712738459391,2.9812996854534526,1.7808677029820195,-7.601712738459391
0.1123397946357727,0.37399151735007763,0.23371267411857843,0.3190531497821212,0.03869813457946824,-6.341606936101804,2.1840178315692786,1.7124604552498164,-6.341606936101804
0.04874015599489212,0.4086855808272958,0.05698688328266144,0.44264180306345224,0.038688791232057054,-9.998911533540904,3.28097723495383,2.3472269425648262,-9.998911533540904
0.10353613179177046,0.413062890060246,0.029295606538653374,0.4270451180636883,0.03868680702087077,-9.680360637166276,3.1436401952614,2.4343707847792784,-9.680360637166276
0.11871327832341194,0.4438198870047927,0.5292301820591092,0.39874936640262604,0.03868326966780408,-5.140952403898286,2.234751224474816,1.559663842973437,-5.140952403898286
0.4246400026604533,0.41168605256825686,0.05000312998890877,0.2612357744947076,0.038657440832954644,-7.100734445746647,2.2947430373050532,2.4061698165074854,-7.100734445746647
0.46570517867803574,0.40766915027052164,0.3371515395119786,0.40508344769477844,0.0386517054760373,-0.4456438183564617,0.8098950185217622,0.39836871837628246,-0.4456438183564617
0.361714799888432,0.3506208313629031,0.03844892978668213,0.36012390349060297,0.03863656870093507,-7.089052331336598,2.2878756405526617,2.3048355670186633,-7.089052331336598
0.40899503603577614,0.3885666588321328,0.3440021788701415,0.28455129358917475,0.03863139340205269,-0.8798269547766593,1.009749287881191,0.5228809301352042,-0.8798269547766593
0.10119154024869204,0.4160831915214658,0.11027836427092552,0.17058771010488272,0.038625872940422246,-9.564405652128473,3.188001111453082,2.15908123726984,-9.564405652128473
0.11172444932162762,0.4193844487890601,0.009034685790538788,0.12658224441111088,0.03861615332064263,-11.140414476094579,3.8567488040992504,2.443798889026876,-11.140414476094579
0.12149003241211176,0.4220417933538556,0.5818986566737294,0.36779443733394146,0.038597385634487114,-5.723991363596099,2.542138730116279,1.5597245879730588,-5.723991363596099
0.06912838853895664,0.41420005075633526,0.13396464101970196,0.1558381449431181,0.03858666234001892,-9.83797597365197,3.2944293060993037,2.145578276089766,-9.83797597365197
0.02258233167231083,0.4032400920987129,0.015083691105246544,0.03795252647250891,0.038585232071670306,-12.478914444877361,4.613815556701751,2.4003480720420733,-12.478914444877361
0.025163955055177212,0.4036510717123747,0.5017942748963833,0.25594779290258884,0.03857865510067894,-7.515090375177682,2.9753523052537183,1.872597503017868,-7.515090375177682
0.16913019306957722,0.3562320675700903,0.3224326418712735,0.4046607119962573,0.03857727282965144,-4.011187521155515,1.5596544920642343,1.23781111472266,-4.011187521155515
0.2881900640204549,0.4017195673659444,0.22130913753062487,0.3862433508038521,0.03856419001068495,-3.0130254974003776,1.1622632474543215,1.2253543470053143,-3.0130254974003776
0.27042732760310173,0.38503424543887377,0.36471144389361143,0.27741765417158604,0.0385624669877193,-2.116537744268094,1.2339229460437666,0.8456603015099792,-2.116537744268094
0.02121859136968851,0.3603562256321311,0.2753818714991212,0.3954525077715516,0.0385476810227708,-7.587593214405171,2.5920765207198464,1.9278444411408941,-7.587593214405171
0.18640295416116714,0.3699418492615223,0.47827327251434326,0.4411351680755615,0.03853456229350115,-3.559697830942476,1.7099476888320293,1.117149069143988,-3.559697830942476
0.0983056128025055,0.43415386974811554,0.08897840790450573,0.37557800579816103,0.03853285995543128,-8.774649016722387,2.758653855508107,2.21136200613469,-8.774649016722387
0.30010902881622314,0.38079644925892353,0.25272422190755606,0.3810652233660221,0.03852843798137976,-2.2644971765556687,0.9837585478532173,0.9552434685086272,-2.2644971765556687
0.24979781825095415,0.3986384542658925,0.19954471942037344,0.3020375417545438,0.038528322068453795,-4.462326762325335,1.5887956575713473,1.496389640952555,-4.462326762325335
0.14160276763141155,0.4260165710002184,0.12226654030382633,0.24533299822360277,0.03852761780469844,-8.149187368210793,2.6202548074697227,2.0492756223493522,-8.149187368210793
0.4155375314876437,0.4302694294601679,0.012184679508209229,0.26702112425118685,0.03850265000415083,-8.008164763717646,2.43447436211535,2.6611339315081795,-8.008164763717646
0.18466149736195803,0.41212706733494997,0.18540859688073397,0.25798126868903637,0.03849635011908368,-6.241924219020855,2.1110018253681573,1.7304602539963319,-6.241924219020855
0.0005806386470794678,0.3540324503555894,0.3011780399829149,0.34574214089661837,0.03848737000692937,-7.8759300982058775,2.780878664517225,1.9697837678016843,-7.8759300982058775
0.22556483559310436,0.40870355162769556,0.150873894803226,0.3673268808051944,0.03847164180406509,-5.507003389993534,1.8359270182278413,1.7849005307828747,-5.507003389993534
0.17003147024661303,0.4189237905666232,0.07230158057063818,0.38672009482979774,0.03847114960678319,-7.955645485416125,2.5510815894868015,2.2472789903384247,-7.955645485416125
0.4052047086879611,0.46376092825084925,0.023807122372090816,0.403801747597754,0.03846284406410106,-7.7138793422225005,1.8937489260962055,2.591339067216222,-7.7138793422225005
0.1200009398162365,0.4124775845557451,0.1463849926367402,0.19393083918839693,0.038450686547401476,-8.561956857962784,2.8530158513885846,2.0193071672437117,-8.561956857962784
0.09417972899973392,0.40343765541911125,0.42788086365908384,0.5625304626300931,0.03844699255230918,-6.526690936813934,1.8500730785424135,1.6326680516743992,-6.526690936813934
0.4222021047025919,0.371529352851212,0.16692712903022766,0.3079548766836524,0.038446732291990623,-3.919066331041152,1.698443232694414,1.4055277218069893,-3.919066331041152
0.2097188699990511,0.38863525446504354,0.24711310397833586,0.4010740537196398,0.03843568045749439,-3.911384175163164,1.406636427937286,1.3038669572567094,-3.911384175163164
0.30024367570877075,0.3509153025224805,0.4124000854790211,0.3053231993690133,0.038421321660385074,-1.5374251250080095,1.2440291669761028,0.7282642487885824,-1.5374251250080095
0.03639164287596941,0.39465988893061876,0.0013522636145353317,0.14433244988322258,0.03841725063305498,-11.690924121307955,4.131553074344671,2.4353271680307413,-11.690924121307955
0.05895152408629656,0.44126145727932453,0.1845319475978613,0.4329137885943055,0.03841419113265529,-8.02909933850163,2.510459489302233,2.0249735455890217,-8.02909933850163
0.12188924010843039,0.3453716654330492,0.34808972477912903,0.3829504232853651,0.03840786274633846,-4.977609015863161,1.8793909308804464,1.4470831710758723,-4.977609015863161
0.091338612139225,0.34727723244577646,0.40400473959743977,0.43078095372766256,0.03840221046566305,-5.55740491831942,2.025694133175694,1.5501622470377499,-5.55740491831942
0.0028553828597068787,0.44023355655372143,0.2677907766774297,0.23335199151188135,0.03839951992974025,-8.849020326035241,2.912838937926838,2.108468714829515,-8.849020326035241
0.16708873491734266,0.37274412624537945,0.3910401500761509,0.4809903772547841,0.03839892464394028,-4.050689049938059,1.4308373102044585,1.2054965407384668,-4.050689049938059
0.18097821436822414,0.4468034375458956,0.35357728879898787,0.4476480046287179,0.03839121215709144,-3.506506302587237,1.1629688709350074,1.2312863337770061,-3.506506302587237
0.3916126685217023,0.3733197506517172,0.08122341521084309,0.26013956032693386,0.03838429091609627,-6.357964759440225,2.298330130646542,2.1285154219270765,-6.357964759440225
0.10272829793393612,0.4223426282405853,0.05278877541422844,0.15180347673594952,0.038382960814706144,-10.492476193464348,3.529207237263393,2.3216392674076713,-10.492476193464348
0.10262086614966393,0.3793425848707557,0.43101156409829855,0.27492990158498287,0.03837364640066962,-5.559350654464048,2.2774506091066566,1.5801625454674648,-5.559350654464048
0.0038868309929966927,0.407331301830709,0.310951660387218,0.5745547777041793,0.038349608569823494,-8.740532439384163,2.6461195580196644,2.0216784854889704,-8.740532439384163
0.12826921790838242,0.3906178865581751,0.19576182402670383,0.25651834812015295,0.03833424438580411,-7.02569112169081,2.394307789701379,1.8117463701788925,-7.02569112169081
0.014844019897282124,0.40313097182661295,0.2675072578713298,0.5449429489672184,0.03832173255705138,-8.535830828618435,2.6324900315465896,2.0126487698297555,-8.535830828618435
0.43114656023681164,0.3580965744331479,0.4215819975361228,0.34261068794876337,0.03831042523019895,-0.4965773990113492,0.8690088695501699,0.6279721583562421,-0.4965773990113492
0.16270007099956274,0.4139776285737753,0.2096442859619856,0.4482853813096881,0.038265015311646236,-5.6270853391550215,1.885383374724132,1.6267749186663472,-5.6270853391550215
0.18717313930392265,0.4036798868328333,0.12551547773182392,0.38125060964375734,0.03824069107079295,-6.605661423165292,2.1746354619864534,1.9553376241652585,-6.605661423165292
0.0838431790471077,0.36369263380765915,0.33319054171442986,0.28893416468054056,0.038209830279248715,-6.190027908142226,2.295685306074397,1.6723233147417889,-6.190027908142226
0.04894824791699648,0.3736908882856369,0.35767169762402773,0.26449265237897635,0.038202568408263055,-6.955090218874792,2.5816082417923987,1.8127710220416795,-6.955090218874792
0.028004822321236134,0.37644195556640625,0.17983389366418123,0.3280601520091295,0.03819291859942145,-8.566878886356658,2.8872361113178004,2.0616610718205,-8.566878886356658
0.07640041969716549,0.43054570257663727,0.5916036413982511,0.45072172302752733,0.03818934418831537,-6.857626948357034,2.8153570284040343,1.7105581854955203,-6.857626948357034
0.4376952713355422,0.4265909297391772,0.03692314587533474,0.45747250597923994,0.03818712873822831,-7.471529968031527,2.087207553566689,2.557526836060369,-7.471529968031527
0.02652677334845066,0.3845970453694463,0.4957015458494425,0.2809983240440488,0.03818535706163615,-7.272485927400754,2.923019138856552,1.849307319826244,-7.272485927400754
0.2703484706580639,0.35253805853426456,0.45502085238695145,0.40869159903377295,0.03817515038384519,-1.806843798531358,1.3330363768815476,0.7428291916899288,-1.806843798531358
0.1294456971809268,0.4145830823108554,0.5750468261539936,0.43859150633215904,0.03817452144048402,-5.595330702134691,2.42043075805448,1.507990947311816,-5.595330702134691
0.04349259193986654,0.38524864707142115,0.5179474567994475,0.5064322669059038,0.03816414860018311,-7.202100998251708,2.6446134881237287,1.7586982727420022,-7.202100998251708
0.0895343804731965,0.3621983388438821,0.3202684996649623,0.44901074562221766,0.038162830206501776,-5.922540190865034,1.9531831836683213,1.610802836402523,-5.922540190865034
0.1270264945924282,0.3519989438354969,0.40741945058107376,0.3158674482256174,0.03814576537975747,-4.848268737665292,2.0378292648178,1.4257903213671332,-4.848268737665292
0.33194463700056076,0.3689897917211056,0.135395017452538,0.39864025358110666,0.03813460487606058,-4.736430603709894,1.7212628052188461,1.6982845893777747,-4.736430603709894
0.20909039676189423,0.3916723532602191,0.16523044183850288,0.31589077692478895,0.038125984373919716,-5.677472860666102,1.928755791789239,1.7249564768160996,-5.677472860666102
0.23057130631059408,0.388850181363523,0.1091261375695467,0.3522291909903288,0.038119899618293256,-6.359539090748728,2.1169683129891266,1.9975442955186957,-6.359539090748728
0.21739830262959003,0.40039475820958614,0.052336608059704304,0.25434815511107445,0.03811500763258847,-8.206940032064978,2.747292838173443,2.3331719764088295,-8.206940032064978
0.10482568759471178,0.39821099024266005,0.0931844599545002,0.2001461274921894,0.038114856511964584,-9.390108998573623,3.1691225766849396,2.181820663638312,-9.390108998573623
0.31852987688034773,0.402355314232409,0.08550369180738926,0.2593621024861932,0.03810472460385316,-6.552993068442714,2.258387707324394,2.1915493178318264,-6.552993068442714
0.05923488363623619,0.42426614183932543,0.0033597471192479134,0.007254722528159618,0.0380918686732484,-12.651642030349933,4.666087923200425,2.4370417837983083,-12.651642030349933
0.014572800137102604,0.3555019348859787,0.28779443819075823,0.38878287095576525,0.038085984968467886,-7.63622791488843,2.6320176997107776,1.9282447507808083,-7.63622791488843
0.08342586271464825,0.41202334966510534,0.5962046543136239,0.46034775022417307,0.03808404333126303,-6.84688232600524,2.8103358323202987,1.6750270602219661,-6.84688232600524
0.14464407600462437,0.42556156124919653,0.13722808007150888,0.4139032596722245,0.03808354930714042,-7.156074291652402,2.3090444128451657,1.9600698914448298,-7.156074291652402
0.036623706109821796,0.3422410720959306,0.3735663378611207,0.36562396585941315,0.038069533638221235,-6.788871182616048,2.474131474066113,1.789006081999537,-6.788871182616048
0.018339941278100014,0.40968368761241436,0.6013749912381172,0.507899004034698,0.03804860024197476,-8.343684296760491,3.280746714297003,1.8498871642831756,-8.343684296760491
0.021325972862541676,0.43398841097950935,0.619538183324039,0.43506351858377457,0.038030284841773704,-8.099225861413833,3.3244038900931736,1.874579932365214,-8.099225861413833
0.0049897292628884315,0.4547813981771469,0.5252008214592934,0.4176794830709696,0.03802745675087117,-7.53923728584307,2.948031814291801,1.9827773330691914,-7.53923728584307
0.006264897994697094,0.3506895424798131,0.4317246191203594,0.446373226121068,0.038011804764089184,-7.396062391889514,2.6544475260167757,1.869607203780728,-7.396062391889514
0.027981657534837723,0.461176972836256,0.46563499607145786,0.41498410794883966,0.03800464050976532,-6.828312821026438,2.505639129180663,1.9395890819232744,-6.828312821026438
0.15933333989232779,0.41321415081620216,0.558005727827549,0.3390828389674425,0.03799871700308765,-4.754454643266766,2.238680421317858,1.3854492271833299,-4.754454643266766
0.07190541084855795,0.39474823512136936,0.45630357414484024,0.5529421446844935,0.03799570584401599,-6.875814785048303,2.1420791482557657,1.6867023902693725,-6.875814785048303
0.21288555022329092,0.3564067631959915,0.38143919967114925,0.30027183797210455,0.037987449649528326,-3.106633864929188,1.5608449668310183,1.0402998546587454,-3.106633864929188
0.3206506986171007,0.4009275510907173,0.06771025527268648,0.47412530425935984,0.03798225653545034,-6.849259387275186,2.253728779503188,2.3805693407545414,-6.849259387275186
0.03896464221179485,0.36893642880022526,0.2733681360259652,0.2831092569977045,0.03795579044634883,-7.595537636873095,2.670568571115515,1.896605375451996,-7.595537636873095
0.07801180891692638,0.4325213488191366,0.38716036174446344,0.24423925578594208,0.03794901256684904,-6.4919194448938695,2.3795644796264313,1.759158050484291,-6.4919194448938695
0.06739339884370565,0.39677218347787857,0.36884940415620804,0.22907862532883883,0.0379426171108204,-6.876668830669174,2.5346210393582043,1.776180123819009,-6.876668830669174
0.28920524567365646,0.36950630880892277,0.3994219899177551,0.28348632622510195,0.0379410834535813,-1.7405671004846093,1.238246486984927,0.7321484200684145,-1.7405671004846093
0.2023134706541896,0.4176217978820205,0.2491224929690361,0.263752025552094,0.03793718186167903,-4.8647679330783795,1.7224044085677719,1.4416435972250778,-4.8647679330783795
0.08876366633921862,0.3959058066830039,0.04560539219528437,0.38875970616936684,0.03793411623312434,-9.502090073630402,3.1090843012000273,2.343311008370509,-9.502090073630402
0.34963774774223566,0.43972748424857855,0.007220422849059105,0.2861292315647006,0.03792786277203438,-8.136294695029472,2.446977599538036,2.7047168146842844,-8.136294695029472
0.16858311370015144,0.39807406440377235,0.11653729528188705,0.25223888363689184,0.03792709138376683,-7.683793377064908,2.5803230863898956,2.0287163414550706,-7.683793377064908
0.020485330373048782,0.4529179008677602,0.26985130086541176,0.3029228439554572,0.03792588378671482,-8.048126740137484,2.581550404991621,2.0628491624580496,-8.048126740137484
0.05764921102672815,0.38948029186576605,0.20273842755705118,0.4587770961225033,0.03792541121135207,-7.785463338917055,2.5384772540050036,1.9413034476400453,-7.785463338917055
0.11595027893781662,0.3732909820973873,0.5025454675778747,0.45949561707675457,0.037917404454268,-5.3276873585788564,2.1409048686375867,1.4605022443077145,-5.3276873585788564
0.2841534921899438,0.42606962006539106,0.44557354785501957,0.38703589607030153,0.03791064724884903,-0.8442600826661927,0.8900456690662937,0.6817720444764086,-0.8442600826661927
0.027868769131600857,0.42719638254493475,0.30415050499141216,0.20029603876173496,0.037895869249328314,-8.398963057622643,2.8575935442599656,1.9815350085560315,-8.398963057622643
0.3678935281932354,0.4151511359959841,0.11533097364008427,0.46764105651527643,0.03789370451229483,-5.415760316934679,1.8523130425607388,1.99289440562138,-5.415760316934679
0.054303351789712906,0.4429840976372361,0.5663119545206428,0.4447373226284981,0.037890655968828735,-6.965983661497502,2.8041912502366766,1.7885545428633605,-6.965983661497502
0.27642641495913267,0.36682512424886227,0.08869645837694407,0.35553725622594357,0.03788302204201125,-6.34393307344284,2.131465957092313,2.035186489562236,-6.34393307344284
0.05722474213689566,0.3649722458794713,0.48720139637589455,0.3221287950873375,0.03788230413461217,-6.430477078004645,2.641666541081688,1.7137543123928722,-6.430477078004645
0.02836083061993122,0.43939095083624125,0.06759345903992653,0.38522057235240936,0.03785154118047683,-10.161201974366337,3.2233698366755243,2.3478711845859888,-10.161201974366337
0.001572122797369957,0.38149067386984825,0.3350215135142207,0.5271962257102132,0.037834154896668706,-8.143515356633683,2.539619130827019,1.9662393412198382,-8.143515356633683
0.1717602452263236,0.40132411010563374,0.5203959047794342,0.30604970548301935,0.037831390577305384,-4.264232895695988,2.0519452409337684,1.2956112176470314,-4.264232895695988
0.06728984322398901,0.3661679858341813,0.5122495135292411,0.3472323538735509,0.03782650100878845,-6.266767786937441,2.6299917217559208,1.6716502871008894,-6.266767786937441
0.0695833470672369,0.38085002079606056,0.1557733966037631,0.3124073212966323,0.03782598091284422,-8.231792934067297,2.7458727347216865,2.017962838731969,-8.231792934067297
0.12895460799336433,0.440398252569139,0.18271853495389223,0.3517183009535074,0.037824672264086714,-6.749434331159401,2.10890683647673,1.837647169648499,-6.749434331159401
0.2621756875887513,0.41516347602009773,0.18227156344801188,0.3632520632818341,0.03782448211306457,-4.297264197973122,1.4767053694898014,1.5458005492488973,-4.297264197973122
0.04427425842732191,0.3698442205786705,0.5363699281588197,0.4126536948606372,0.03781534979341142,-6.866283432701641,2.795459303950188,1.7472727474234357,-6.866283432701641
0.13575797528028488,0.39847304951399565,0.0008898414671421051,0.3988504568114877,0.03780670595233392,-9.682597293916738,3.152595181418219,2.5515233445039733,-9.682597293916738
0.19212795607745647,0.3771858662366867,0.4444306492805481,0.47443538159132004,0.037799820745718325,-3.478303651231708,1.4873912026945633,1.0785172517585835,-3.478303651231708
0.17475329525768757,0.3397361170500517,0.39305908139795065,0.36736522801220417,0.03777742338420745,-3.6997494482166093,1.6951671408782758,1.196557071484732,-3.6997494482166093
0.15594117064028978,0.4202520912513137,0.058418238535523415,0.20204268768429756,0.037773675671600594,-9.334804549715155,3.0947354811902015,2.283480428809824,-9.334804549715155
0.04885595943778753,0.41416148096323013,0.06794050056487322,0.04950376786291599,0.037772132864088113,-11.782199686051591,4.211512094378065,2.314985869582506,-11.782199686051591
0.0767078846693039,0.3529142802581191,0.3538886234164238,0.3097639651969075,0.03776786738390891,-6.144763961610287,2.2999840333163784,1.6618392279810752,-6.144763961610287
0.2666342109441757,0.4114443836733699,0.09343088790774345,0.2771114772185683,0.03776530703329178,-6.701736470660452,2.2373638576080785,2.126983019038157,-6.701736470660452
0.012599734589457512,0.3816565200686455,0.5432278430089355,0.4852775242179632,0.037756410534556334,-7.795645949581414,3.0008081751632814,1.8466294779239607,-7.795645949581414
0.29904625192284584,0.375832031480968,0.20219201408326626,0.37253132835030556,0.03775564790685588,-3.397522398357136,1.3350062985312277,1.2724183916761986,-3.397522398357136
0.018407132476568222,0.38277352694422007,0.1669843439012766,0.41012624837458134,0.03775417577602009,-8.8050148442105,2.934665034277213,2.1028250317573107,-8.8050148442105
0.1111080152913928,0.4186815591529012,0.3717352654784918,0.5726362653076649,0.03775413476245388,-6.442005984742297,1.6534042066342507,1.6187723735094153,-6.442005984742297
0.04059700574725866,0.37428927700966597,0.2550897728651762,0.4511118847876787,0.0377523570097086,-7.48680300055162,2.4519401308004514,1.8919746780590836,-7.48680300055162
0.32069570012390614,0.367390020750463,0.22053433023393154,0.3389369510114193,0.03774887079166214,-2.9233858844909806,1.2772749341675596,1.1137934968740129,-2.9233858844909806
0.11897846404463053,0.4227443551644683,0.18562356662005186,0.47722149547189474,0.03773623982269428,-7.050804244677697,2.2707771688993983,1.8387902271318974,-7.050804244677697
0.24844112526625395,0.3768533542752266,0.3336682403460145,0.2732527144253254,0.03771188426112768,-2.8611071777410944,1.3788514959566442,0.983612574257747,-2.8611071777410944
0.22325325477868319,0.38011607713997364,0.2374089090153575,0.29653090331703424,0.03770808493301017,-4.304026283087435,1.5800687501149633,1.3506710781763622,-4.304026283087435
0.17777304165065289,0.43423412926495075,0.5224014846608043,0.4196899365633726,0.03770003315971689,-3.857569494394607,1.8479947233917209,1.2711188496945482,-3.857569494394607
0.44573239143937826,0.4093139711767435,0.23176436871290207,0.32294970471411943,0.03768967853709457,-2.271694355110625,1.2965431147759372,0.9201775690290123,-2.271694355110625
0.1522246217355132,0.3989873342216015,0.13373989146202803,0.23017453402280807,0.0376798332505923,-7.848665054065254,2.6504336093394816,1.9852850843792584,-7.848665054065254
0.0653558000922203,0.40748605225235224,0.18698504474014044,0.5041308617219329,0.03767769937387098,-8.16445701080321,2.612933232676676,1.974358996184181,-8.16445701080321
0.08544727694243193,0.3999027004465461,0.06604115944355726,0.1464342763647437,0.03767738313568206,-10.467367489018535,3.6160953292083375,2.276450554103622,-10.467367489018535
0.026986654847860336,0.4325284631922841,0.6022478081285954,0.3296753168106079,0.03767119491879058,-7.8400743349250686,3.2498474434986173,1.8612256710542558,-7.8400743349250686
0.08575489278882742,0.40498189628124237,0.5936263855546713,0.3370965141803026,0.03765854135911688,-6.656678528105754,2.848305263952574,1.6675407625976173,-6.656678528105754
0.12417229451239109,0.4350574938580394,0.04727974999696016,0.31610456109046936,0.037654047818861315,-9.252128570233289,2.900043095083505,2.3425485170150484,-9.252128570233289
0.2007711622864008,0.3916012868285179,0.189716680906713,0.37536502443253994,0.03765256741166471,-5.117135611272389,1.743251772568498,1.5951651907185833,-5.117135611272389
0.04695750214159489,0.39496075361967087,0.5983315100893378,0.3595224432647228,0.03764832117527895,-7.362743818954872,3.098972871669484,1.7752463711538797,-7.362743818954872
0.12117002811282873,0.41795667074620724,0.02696207817643881,0.10697132535278797,0.03763772399652459,-11.014667738490827,3.8444660212670807,2.388889976961833,-11.014667738490827
0.033017649315297604,0.3522444237023592,0.450846865773201,0.33124056085944176,0.03763322969058491,-6.846935505756762,2.687315606550551,1.7887569039466962,-6.846935505756762
0.11358208861202002,0.4336381917819381,0.20608329121023417,0.23758357390761375,0.03762989839592617,-7.477262467335906,2.4032889713368957,1.8529178371649628,-7.477262467335906
0.1646759770810604,0.4167795963585377,0.45150685496628284,0.5264335703104734,0.03762471843002342,-4.635239376986835,1.4793576578533307,1.3077253815280212,-4.635239376986835
0.04250518046319485,0.423752348870039,0.19038807414472103,0.5243502557277679,0.03759552599126622,-8.724489627605678,2.752210140148143,2.047300891425456,-8.724489627605678
0.1913170237094164,0.452350196428597,0.42623729910701513,0.38607041258364916,0.03759165636183295,-2.8609740635056737,1.375628928761598,1.183664909719729,-2.8609740635056737
0.47336893156170845,0.3704220289364457,0.3303881138563156,0.3398828376084566,0.03758600518853963,-0.92635526591478,1.0649196057424164,0.497805340314879,-0.92635526591478
0.03905651345849037,0.4213689733296633,0.058832609094679356,0.028813607059419155,0.03756927057930032,-12.166777044238838,4.380044966092269,2.3388558876125742,-12.166777044238838
0.027744033373892307,0.4315767092630267,0.5323956832289696,0.5603426788002253,0.037560008037252686,-8.13491394735114,2.8880803492050835,1.8476190414423561,-8.13491394735114
0.03522427659481764,0.41124276351183653,0.0663696713745594,0.47895683720707893,0.03754675617559704,-10.205276018676008,3.358385420021197,2.3284119813706123,-10.205276018676008
0.15825783368200064,0.3884719917550683,0.04854965955018997,0.304284056648612,0.037513342941340476,-8.670282477960438,2.8562016461283495,2.3089468562875117,-8.670282477960438
0.04758829437196255,0.3938105618581176,0.11797643639147282,0.18455384764820337,0.0375111250007724,-9.959531119978305,3.387607127917186,2.175179986772522,-9.959531119978305
0.08047789894044399,0.44457641057670116,0.4599598189815879,0.2949317470192909,0.03751033207539922,-5.947386438803323,2.375379959828918,1.7353515993300512,-5.947386438803323
0.09203434642404318,0.4266520021483302,0.4409501440823078,0.5766887553036213,0.03750728988739311,-6.818008739482923,1.9591700984681153,1.6674101575784506,-6.818008739482923
0.08695756830275059,0.40533398650586605,0.07957402989268303,0.11904143448919058,0.03750000612449498,-10.578520311575957,3.6724047795530446,2.2504773148315125,-10.578520311575957
0.06042086333036423,0.428982961922884,0.4518507085740566,0.24621922057121992,0.03749995470531466,-6.787732111390604,2.594809030531545,1.7921660760965192,-6.787732111390604
0.10328774806112051,0.4392788400873542,0.1343195354565978,0.2884000279009342,0.037499839539540905,-8.301146917501692,2.567377938136067,2.0574006628447274,-8.301146917501692
0.22382030170410872,0.4032452618703246,0.35438158828765154,0.26282916963100433,0.037493109460026874,-3.241149792837172,1.459258332576663,1.1006866918171359,-3.241149792837172
0.1834931280463934,0.4175755986943841,0.050436983816325665,0.40936314407736063,0.03748738278965394,-8.236584542320589,2.648402779102575,2.369589023239458,-8.236584542320589
0.07079689484089613,0.3486254094168544,0.4727774765342474,0.39666333235800266,0.03745060414513826,-6.040193294197383,2.4104896536329985,1.6292001636210784,-6.040193294197383
0.008564293384552002,0.37249768525362015,0.49702658876776695,0.49686726462095976,0.03744510815479168,-7.707822049576465,2.813289772701699,1.8545666306032937,-7.707822049576465
0.04336591903120279,0.3817265974357724,0.2541494080796838,0.2405021358281374,0.03744394232628064,-8.015701880796476,2.7888354172489445,1.9281034176712637,-8.015701880796476
0.2425939291715622,0.41072685923427343,0.0007301298901438713,0.22649081982672215,0.03744362202756608,-9.166495070693866,3.080588369060007,2.6142387820778192,-9.166495070693866
0.09957967512309551,0.38836573623120785,0.024937424808740616,0.24334643501788378,0.037442068023764236,-10.083039820102536,3.3979447496701156,2.380503192018712,-10.083039820102536
0.04220491275191307,0.39324355497956276,0.01926393900066614,0.12486553564667702,0.037435519552966826,-11.583828892222378,4.116452116355927,2.3836654002098587,-11.583828892222378
0.40895811934024096,0.45764419157058,0.0045588091015815735,0.44189432449638844,0.03741336025211299,-8.307369754030521,2.199383983861951,2.773264261967381,-8.307369754030521
0.08813328947871923,0.38432592432945967,0.11966781131923199,0.3358037667348981,0.037408845991741935,-8.375161461779788,2.7642708486440934,2.0776238240390126,-8.375161461779788
0.006996257230639458,0.4627214362844825,0.42941412422806025,0.35531221702694893,0.037404596742450315,-7.283456327235566,2.6749707077264064,2.0372935201559543,-7.283456327235566
0.09542836621403694,0.4330179365351796,0.16667109448462725,0.21530661080032587,0.037398611568434444,-8.538937587385053,2.722814712948089,2.0015034925410227,-8.538937587385053
0.019695906899869442,0.38516849000006914,0.03565957024693489,0.2586823822930455,0.0373972575509663,-10.809627921696,3.667570399169688,2.366595656445996,-10.809627921696
0.12051692605018616,0.386447973549366,0.12820809707045555,0.35048846527934074,0.03737614004538537,-7.671000888474829,2.5284617924879687,1.9996084281675968,-7.671000888474829
0.40593605302274227,0.3478266028687358,0.02129635401070118,0.31225138809531927,0.03736696180090355,-7.5507727172973045,2.5036970885967933,2.3609763241272077,-7.5507727172973045
0.12371172569692135,0.391259022988379,0.03786878287792206,0.22242484334856272,0.03736648032405513,-9.750776679733711,3.3023681185325016,2.3397948765625074,-9.750776679733711
0.18430425506085157,0.4373391568660736,0.2852919651195407,0.29166756477206945,0.037362768747811796,-4.470566680740714,1.5774905132760275,1.3795180685178419,-4.470566680740714
0.18649429269134998,0.4183470122516155,0.18952638655900955,0.24987323302775621,0.03735718017218888,-6.259462323242071,2.1100076253476994,1.7086552050784927,-6.259462323242071
0.20905198995023966,0.44564164336770773,0.4510312182828784,0.4105464071035385,0.0373561129940619,-2.5389313945864376,1.3229924614120279,1.0815591106495175,-2.5389313945864376
0.3504267130047083,0.3827200820669532,0.3044008817523718,0.27555228117853403,0.03735305586415228,-1.713196318918708,1.1703807249612723,0.7660710357538226,-1.713196318918708
0.3069794215261936,0.36482515651732683,0.15924822818487883,0.34098611678928137,0.037349024311528284,-4.458438983920918,1.670174242628201,1.5299885510988147,-4.458438983920918
0.08643405698239803,0.4246458671987057,0.07015543524175882,0.4624872785061598,0.037338402148934545,-9.403078898538508,3.040379518238896,2.2840670218944497,-9.403078898538508
0.22871342860162258,0.40560159739106894,0.17771099787205458,0.27585258334875107,0.03733215625163942,-5.47075934614574,1.8998313494395,1.6657679258623006,-5.47075934614574
0.05171662196516991,0.41164257749915123,0.19914318900555372,0.15007483679801226,0.03732623973608628,-9.437529356105001,3.1807535366021478,2.0383844619285383,-9.437529356105001
0.08809635601937771,0.45388977136462927,0.2796753803268075,0.42261662147939205,0.03731008615475878,-6.253571566427527,1.9071787676838503,1.765334267647218,-6.253571566427527
0.0004882905632257462,0.43380108568817377,0.030987868085503578,0.09220907837152481,0.037304024370075746,-12.290073159481356,4.263659468390611,2.4016757548688896,-12.290073159481356
0.4589892039075494,0.3885253584012389,0.4189383424818516,0.388933171518147,0.03729685138963006,-0.24112104059093936,0.7228054191486093,0.433682824478732,-0.24112104059093936
0.05456229951232672,0.3979151975363493,0.544124367646873,0.527811860665679,0.03728568272937902,-7.38290644802785,2.734273404081591,1.7273656809706184,-7.38290644802785
0.30155692156404257,0.3879635324701667,0.06392449885606766,0.45936942379921675,0.037285538762101784,-6.946957504306609,2.290882259128504,2.3525779466928216,-6.946957504306609
0.13473330717533827,0.4150314023718238,0.30427969992160797,0.5411830758675933,0.03726069194826515,-5.90056850197947,1.6773336662887224,1.5436499017792245,-5.90056850197947
0.020448354072868824,0.397023961879313,0.11008807551115751,0.4542846642434597,0.03725718701762083,-9.656458635526144,3.195064819736572,2.219071678965456,-9.656458635526144
0.3548928704112768,0.4365518242120743,0.20893435087054968,0.37815422751009464,0.037249450739377445,-2.7170917754112685,1.1371710172849652,1.200032516507195,-2.7170917754112685
0.13342100474983454,0.3844974944368005,0.5541057465597987,0.3696604799479246,0.037244118460293164,-5.193359983222855,2.3773131848692897,1.4450495707011428,-5.193359983222855
0.13020639400929213,0.41655896324664354,0.4037153571844101,0.2407761225476861,0.03723465690247114,-5.358837125313163,2.0829161060217154,1.5156345689747548,-5.358837125313163
0.1143677243962884,0.38790434692054987,0.14216390531510115,0.38568616285920143,0.03721268472338646,-7.496264862792928,2.4728753004026798,1.9571208985874458,-7.496264862792928
0.4460041867569089,0.4372858311980963,0.1810712730512023,0.3940149061381817,0.037190475352300245,-3.4248935428863136,1.2496939007071577,1.2881805841807579,-3.4248935428863136
0.21369323879480362,0.4187303753569722,0.13155120238661766,0.28236888349056244,0.03718389601053294,-6.564790477648455,2.163301035936997,1.9158650852213555,-6.564790477648455
0.08078764099627733,0.377560256049037,0.2247911086305976,0.2664488796144724,0.0371588827435709,-7.422641340877181,2.5557122104969388,1.8437623028818526,-7.422641340877181
0.09153369814157486,0.37611941806972027,0.30586810503154993,0.25737749226391315,0.03715467842290017,-6.473194804293311,2.349132098402489,1.6921233157926145,-6.473194804293311
0.02149887941777706,0.4125742809846997,0.3200938841328025,0.5970777813345194,0.03714445181786217,-8.6858170787707,2.5695747330515837,1.9713703429851739,-8.6858170787707
0.3154818629845977,0.3684121174737811,0.002680385485291481,0.23039138317108154,0.03714310533048081,-8.554539243613352,2.9917485755358983,2.583559851800825,-8.554539243613352
0.1470952657982707,0.38340963423252106,0.17368086986243725,0.29063777811825275,0.03713183098880299,-6.751050312651063,2.287021512841975,1.7984480472119933,-6.751050312651063
0.008458111435174942,0.42195995431393385,0.6556436251848936,0.4587175790220499,0.03712994666767706,-8.838195865526735,3.6089070906725103,1.884431770204635,-8.838195865526735
0.07087358087301254,0.44131456688046455,0.10965642798691988,0.27188428957015276,0.037120472602599125,-9.295311086528416,2.8692710919343267,2.184717468753913,-9.295311086528416
0.2586794951930642,0.37794028501957655,0.09154738392680883,0.3900345340371132,0.03711448044330343,-6.4091337358854545,2.139034415239711,2.0665975314093,-6.4091337358854545
0.2725895503535867,0.4259379906579852,0.13078029174357653,0.3526182333007455,0.03709983220888674,-5.4086080790825415,1.7636079662209434,1.874260705374404,-5.4086080790825415
0.19997012987732887,0.40796863846480846,0.12579732108861208,0.24404901079833508,0.0370951852440702,-7.183633602201639,2.4259812471529734,1.9672021549676904,-7.183633602201639
0.09539723210036755,0.3572699474170804,0.3764367001131177,0.46886972710490227,0.0370804179962776,-5.664230982490685,1.8619379933041225,1.5312687370740712,-5.664230982490685
0.2271058252081275,0.4102054759860039,0.13344285264611244,0.39472835045307875,0.037074147569470244,-5.852380716142035,1.954826148733056,1.8805465348270163,-5.852380716142035
0.07070466224104166,0.4241301817819476,0.2029287200421095,0.16629358287900686,0.03707215805018925,-8.988069756798645,2.9603594512245177,1.99183407492773,-8.988069756798645
0.20049173384904861,0.38682182505726814,0.14695754647254944,0.3374797021970153,0.03703998649033001,-6.067332583064995,2.040468062915833,1.8039225593578496,-6.067332583064995
0.3088882612064481,0.38118678517639637,0.21661754790693521,0.39202870056033134,0.03703041994379896,-2.917758706699678,1.2241181529815457,1.1594498489662775,-2.917758706699678
0.1770430402830243,0.4237816371023655,0.11452981363981962,0.3973875343799591,0.037024323837265595,-7.040972253934277,2.274775352160868,2.023339922062106,-7.040972253934277
0.07726277969777584,0.39262007642537355,0.08508113492280245,0.4073764616623521,0.037021829737536247,-9.045475527338578,2.969477097630171,2.203950443996062,-9.045475527338578
0.009345220401883125,0.4360869685187936,0.5864295028150082,0.5185325955972075,0.03701976388528743,-8.450356943530196,3.2596751981072583,1.8842846150756798,-8.450356943530196
0.07514289114624262,0.3988550417125225,0.039884425699710846,0.08479956723749638,0.037014769389670535,-11.41559307829361,4.093121552531371,2.3406017406786686,-11.41559307829361
0.12077878788113594,0.42497340124100447,0.5256454655900598,0.5202752687036991,0.03699470734005553,-5.909206429482298,2.163771944472609,1.5104561152491442,-5.909206429482298
0.26740955002605915,0.4313555648550391,0.01131159346550703,0.439487149938941,0.03697373740174733,-8.373278532402328,2.616577789315432,2.7277586294932625,-8.373278532402328
0.07400282844901085,0.4253193223848939,0.4317808598279953,0.5954254055395722,0.03696335720753696,-7.43814898624094,2.16362947233663,1.7489721487978922,-7.43814898624094
0.19190187565982342,0.3442567205056548,0.3472853032872081,0.3391158701851964,0.03696296233970292,-3.5603817607665076,1.5708179818461128,1.1347361654531136,-3.5603817607665076
0.06778049375861883,0.4159461371600628,0.49685022234916687,0.5824428647756577,0.03695590869801056,-7.522384490497683,2.485906580975892,1.7266166448014153,-7.522384490497683
