x1,x2,x3,x4,x5,x6,ensemble_ei,ensemble_mu_mean_model,ensemble_sigma_mean_model,ensemble_mu_std_model,ensemble_mu_mean_original_approx
0.11676762625575066,0.3591703651472926,0.026645027101039886,0.023215018212795258,0.4524295963346958,0.7887055920436978,0.0006807344429462281,0.9315459158748217,0.1795832191060295,0.3750041749500822,0.9315459158748217
0.04065417870879173,0.3868449395522475,0.1995080430060625,0.05976282153278589,0.4283129060640931,0.7836985178291798,0.0006482832631837076,1.0674313398692994,0.13890382990999034,0.3683862126528593,1.0674313398692994
0.016847414895892143,0.4869708474725485,0.3098438074812293,0.27765738870948553,0.3247242271900177,0.7745445650070906,0.000647037697184416,1.1460174691249627,0.14253694629644478,0.21213517842419843,1.1460174691249627
0.009179350920021534,0.899608158506453,0.5574674652889371,0.2550487322732806,0.34860733803361654,0.7005269872024655,0.0006336982558196398,0.6180101393256691,0.21135613254605276,0.40975050960633574,0.6180101393256691
0.010526983998715878,0.3707553967833519,0.9683129684999585,0.04357815254479647,0.4462083913385868,0.8175442172214389,0.0006266308323904122,0.9242388805010627,0.1825092412268881,0.3801251783457455,0.9242388805010627
0.0045074718073010445,0.3062796192243695,0.9307717317715287,0.30707032326608896,0.42590442299842834,0.7690595155581832,0.0006254258498425944,1.0256366185994028,0.18095566929056678,0.2626797413164969,1.0256366185994028
0.08297450747340918,0.3987274579703808,0.7583558103069663,0.006256502121686935,0.42305288556963205,0.8125377092510462,0.0006058521291926114,0.9571193247638102,0.18148233470664984,0.39958335307486276,0.9571193247638102
0.04212239198386669,0.34399470314383507,0.25399838015437126,0.28946724347770214,0.37767442781478167,0.7547928979620337,0.000592627819469527,1.1570777535059333,0.13613717980710408,0.24041815811027262,1.1570777535059333
0.07411453314125538,0.42286235466599464,0.3993090707808733,0.06519521307200193,0.4714760612696409,0.8122448865324259,0.0005923223367894153,0.9601292303786383,0.1758393870414976,0.3332361035236963,0.9601292303786383
0.031953186728060246,0.24662213306874037,0.017986305989325047,0.26938299275934696,0.4722479647025466,0.7953593973070383,0.00057973408913064,0.9087190317393806,0.19504205501988242,0.24302287283978616,0.9087190317393806
0.01857509184628725,0.5060776537284255,0.5679926592856646,0.2428691079840064,0.33864707686007023,0.5820584092289209,0.0005711034605805725,0.7618242749143341,0.1882946244089004,0.4291030289728118,0.7618242749143341
0.07168459892272949,0.3412013938650489,0.07882515713572502,0.33555183187127113,0.45983939804136753,0.775225386954844,0.0005709247366663667,0.9983225982782018,0.18254577683004258,0.25551236116531817,0.9983225982782018
0.034220038913190365,0.3112321710214019,0.7158047296106815,0.29899356607347727,0.3621415914967656,0.740588647313416,0.0005681563273378964,1.044606027492977,0.16974910274333913,0.2587666913340973,1.044606027492977
0.025789521634578705,0.9150707609951496,0.42845832742750645,0.2520732330158353,0.3858609329909086,0.595307931303978,0.0005653193673545892,0.5060979997361358,0.2271805045893016,0.3976258199785935,0.5060979997361358
0.012409824877977371,0.35090204887092113,0.09570296201854944,0.2814403157681227,0.3166823536157608,0.7199130849912763,0.0005622532717500897,1.0286732928370648,0.17369858992905332,0.24505063589165033,1.0286732928370648
0.0029226792976260185,0.41612023022025824,0.2958290306851268,0.3896834198385477,0.4563018651679158,0.7961328746750951,0.000561498966070137,1.0222856614830718,0.18552853743480796,0.2782300423723834,1.0222856614830718
0.00047766510397195816,0.318826112896204,0.22533510345965624,0.15070064831525087,0.4759920621290803,0.7591124232858419,0.0005608711468986498,0.9979277067444494,0.1736107560300941,0.2750997653607265,0.9979277067444494
0.019349858164787292,0.5609351322054863,0.9675942175090313,0.251268801279366,0.3183458121493459,0.8584951125085354,0.000554244292580752,0.9534665333568981,0.19686765903777242,0.2670066863286158,0.9534665333568981
0.05973320361226797,0.8967524850741029,0.3203918719664216,0.2380168503150344,0.33087315037846565,0.6868845038115978,0.0005334726315823083,0.6311339207477349,0.21311845243654223,0.40694831263426967,0.6311339207477349
0.02726696152240038,0.31272431276738644,0.7948896521702409,0.018841243349015713,0.3835681118071079,0.7011688714846969,0.0005331533438437312,0.8716197403288691,0.19583529889819196,0.36642446158349795,0.8716197403288691
0.03696304652839899,0.4428717279806733,0.9577842624858022,0.2687904695048928,0.34921080246567726,0.5783239612355828,0.0005328926916625081,0.7503481272176573,0.20147272871046076,0.41739657422483384,0.7503481272176573
0.02186839748173952,0.8117201598361135,0.3781193997710943,0.24251652136445045,0.4655959689989686,0.7912655929103494,0.0005293603908802693,0.7094999113249422,0.18018952949795097,0.37924814450531946,0.7094999113249422
0.01467866636812687,0.16154473461210728,0.6713223420083523,0.25172280985862017,0.45804464258253574,0.8057805616408587,0.0005248153689975928,0.8448779643125606,0.21602012623680697,0.28593152149108053,0.8448779643125606
0.0008494453504681587,0.5140358405187726,0.0807648180052638,0.2563194213435054,0.41611485555768013,0.9412527466192842,0.0005225268946251998,0.9133492377464247,0.16919645841920844,0.31264492384771536,0.9133492377464247
0.0032462673261761665,0.724866789765656,0.02438865415751934,0.237006482668221,0.3498745374381542,0.409143989905715,0.0005199940206487589,0.5090209576531521,0.26148971591475384,0.33166461410170267,0.5090209576531521
0.015644194558262825,0.0033361297100782394,0.27199704851955175,0.2468209434300661,0.3566504307091236,0.7168350126594305,0.0005155018988864594,0.8058997209891756,0.22644848924364033,0.34979031493612756,0.8058997209891756
0.12327400874346495,0.43430053256452084,0.08258948381990194,0.006020736880600452,0.507628658786416,0.8030159343034029,0.0005071786987969431,0.8346864103776506,0.21436597962443849,0.34457684291438595,0.8346864103776506
0.03624534700065851,0.3618906084448099,0.8496430339291692,0.3311322582885623,0.3920269552618265,0.7378307757899165,0.0005061509019562335,1.0610384213956536,0.16661621248842645,0.2874047669042065,1.0610384213956536
0.010155180469155312,0.4027149975299835,0.35327712446451187,0.2511270400136709,0.3310961062088609,0.5696719223633409,0.0005052538468656988,0.7786654149571507,0.2058104642600721,0.4037979355517339,0.7786654149571507
0.06152260769158602,0.417270733974874,0.8752581868320704,0.26394859701395035,0.36923929769545794,0.7639696355909109,0.0004991834501216293,1.1771286178244167,0.12266583984218224,0.25856450537613224,1.1771286178244167
0.015976473689079285,0.7094491124153137,0.8951275506988168,0.23976828437298536,0.38441443908959627,0.2638862309977412,0.0004938199899855998,0.46585486325796593,0.2737005158260852,0.33266775398074105,0.46585486325796593
0.04584228154271841,0.9044193280860782,0.8430140540003777,0.2631245357915759,0.4082494769245386,0.789606018923223,0.0004930428159718833,0.6390375280128154,0.19529290704018806,0.43622963850234475,0.6390375280128154
0.06805298943072557,0.37138131726533175,0.21090032160282135,0.23239995446056128,0.36499864142388105,0.7360250670462847,0.0004912938504969005,1.1979673486190374,0.11673121477750359,0.23567451337995776,1.1979673486190374
0.0012778900563716888,0.9450736213475466,0.47092838305979967,0.2806786559522152,0.3950861906632781,0.8123865341767669,0.0004910269107265006,0.59041485173313,0.20815878572065663,0.4270997496362321,0.59041485173313
0.026114401407539845,0.8919246299192309,0.044872719794511795,0.245976603589952,0.3946728343144059,0.8384024854749441,0.0004875919494907321,0.6234769108186851,0.18809996519482858,0.43019397584964936,0.6234769108186851
0.002481590025126934,0.36475198715925217,0.5038414150476456,0.3391711665317416,0.33555208798497915,0.7717948192730546,0.00048668189959921254,1.071216536077492,0.16384426852118303,0.2701486178920474,1.071216536077492
0.02812610473483801,0.033455077558755875,0.392363297753036,0.3192063504830003,0.45126275438815355,0.803153489716351,0.0004859502165215885,0.7259153728895078,0.2539148604992574,0.2934519777977804,0.7259153728895078
0.037940820679068565,0.9383071810007095,0.13267849385738373,0.2726507745683193,0.33045979775488377,0.7131148846819997,0.0004854111157218027,0.6108277614689811,0.22672536937085422,0.40869155927359185,0.6108277614689811
0.005612839944660664,0.804038061760366,0.894631958566606,0.2564562037587166,0.29306601639837027,0.6851248014718294,0.00048459536141168117,0.6342300767974531,0.22149940454071743,0.3166844887406986,0.6342300767974531
0.044083540327847004,0.4093602569773793,0.3978593898937106,0.23487374559044838,0.38551929872483015,0.6500199185684323,0.000481985243737009,0.988505480237364,0.15548147418265298,0.3640407312110772,0.988505480237364
0.013202466070652008,0.07133022043853998,0.850818382576108,0.02012612111866474,0.46986047737300396,0.7807282591238618,0.0004768076399793275,0.6500888227748857,0.2537298278074699,0.33607398022988716,0.6500888227748857
0.01038447953760624,0.2924272296950221,0.46391602605581284,0.3135334365069866,0.4140123790130019,0.7235329551622272,0.0004724185139095374,0.9969533315893975,0.1720878480951311,0.2571996175038542,0.9969533315893975
3.657583147287369e-05,0.4002713290974498,0.9489629548043013,0.07626249268651009,0.34735217969864607,0.7970917392522097,0.0004720895512241999,1.0428233576269756,0.14816557515379689,0.346475411246291,1.0428233576269756
0.01534068863838911,0.845708585344255,0.799706693738699,0.2853925107046962,0.3630215059965849,0.6047287667170167,0.0004696026998559353,0.502351539364502,0.23103966049973135,0.34859354808533227,0.502351539364502
0.038683170452713966,0.5479180589318275,0.16807952523231506,0.24205525312572718,0.3631183337420225,0.7783852117136121,0.00046708092489444595,1.1700404767450339,0.11672508921408033,0.22062548651540248,1.1700404767450339
0.01065873820334673,0.8605306455865502,0.6099456176161766,0.2362144635990262,0.41469889786094427,0.1684249136596918,0.00046673387972218365,0.4002925459343685,0.28898700998239946,0.31955072839743043,0.4002925459343685
0.01387869380414486,0.3859402583912015,0.4156952789053321,0.05216045770794153,0.3597521223127842,0.6946767251938581,0.0004643619328265318,0.9527468221138435,0.16071101168623222,0.3644131196642413,0.9527468221138435
0.008751381188631058,0.5787846129387617,0.8851005984470248,0.27756449952721596,0.3383261002600193,0.5482309116050601,0.00046239489824870104,0.638202892219224,0.2155537770299208,0.38808121165037235,0.638202892219224
0.003349088132381439,0.41487243492156267,0.8909604046493769,0.0599980503320694,0.5004143808037043,0.832771074026823,0.0004614698040159648,0.8408297877886153,0.21097427727220402,0.3391555677041337,0.8408297877886153
0.04757251124829054,0.6971573596820235,0.20028587710112333,0.2664839709177613,0.3081093281507492,0.7584944544360042,0.0004600787198391322,0.8670079669028584,0.1773785407955496,0.2546681586841607,0.8670079669028584
0.03836688306182623,0.5090849613770843,0.30403066985309124,0.2638068674132228,0.3563822442665696,0.5371677009388804,0.0004556812218492554,0.7256349573554479,0.20607901492988995,0.4294515066414699,0.7256349573554479
0.07931228913366795,0.06885035149753094,0.6175999101251364,0.2921915836632252,0.41879170294851065,0.8088270304724574,0.00045422779840249285,0.7658473302711296,0.23640439918909606,0.3078339253740433,0.7658473302711296
0.042257772758603096,0.6557247620075941,0.25280636735260487,0.23868702538311481,0.30782091431319714,0.8572641927748919,0.00045383997094739675,0.8760836402321146,0.20010658516705007,0.25216366408501195,0.8760836402321146
0.010006748139858246,0.8217241447418928,0.9803287889808416,0.2579193478450179,0.42930958420038223,0.39786478504538536,0.00045370094607901604,0.4563262793719744,0.26755153391460756,0.31162079241659685,0.4563262793719744
0.015701389871537685,0.136860566213727,0.061542646028101444,0.3177835587412119,0.3818054171279073,0.8190096486359835,0.00045342510923976635,0.8319125352907926,0.2149086921125793,0.2909291748953467,0.8319125352907926
0.02216149866580963,0.7572610098868608,0.023923419415950775,0.2516191955655813,0.44140264205634594,0.5169670348986983,0.00045253936653049325,0.5104889547649882,0.23228178385408982,0.3755384232380851,0.5104889547649882
0.00485306978225708,0.3529819827526808,0.43517153337597847,0.08582133054733276,0.46408194582909346,0.6741172587499022,0.0004522545679113525,0.84197612878475,0.18889600372268503,0.3160936759247373,0.84197612878475
0.06098856218159199,0.8183847200125456,0.14950277842581272,0.248587797395885,0.37667020689696074,0.47400488425046206,0.00045197709414587485,0.500684949130128,0.2519463396468125,0.36625482147465793,0.500684949130128
0.04664059169590473,0.28086523432284594,0.5895772203803062,0.1331022996455431,0.4550444073975086,0.7795143108814955,0.0004497256406426408,0.9359170807278003,0.1834833125713365,0.28476285477302815,0.9359170807278003
0.05426789075136185,0.004365738481283188,0.11267744190990925,0.23915617354214191,0.4177272552624345,0.8084162436425686,0.0004474337894383012,0.7896459716363434,0.2279947404683375,0.35773160741833276,0.7896459716363434
0.0034478753805160522,0.7169171143323183,0.3786298632621765,0.2610469749197364,0.3686513854190707,0.15030260384082794,0.000446629335238455,0.4072712050548969,0.28158470444048606,0.31024891661935083,0.4072712050548969
0.05564054660499096,0.3517092000693083,0.7687529893592,0.20959539897739887,0.3616994945332408,0.6437709592282772,0.0004458338886260834,0.9004183821086457,0.18323606456577615,0.34793339203062396,0.9004183821086457
0.00947340577840805,0.90764663182199,0.9077991647645831,0.24690736178308725,0.3708627074956894,0.990511822514236,0.00044575245433872457,0.46089004110246,0.22248936524965857,0.3639922288828515,0.46089004110246
0.09215129539370537,0.29186516627669334,0.27367521170526743,0.2592208869755268,0.36470915097743273,0.6453433213755488,0.0004447157178006167,0.8833639855169835,0.19049218103298823,0.31455703507415,0.8833639855169835
0.051053935661911964,0.5561189595609903,0.682826385833323,0.25887825805693865,0.3779640942811966,0.6355051901191473,0.00044468755040788353,0.8336576782586654,0.16619409262911378,0.38047284833332584,0.8336576782586654
0.2805729852989316,0.45663332752883434,0.07703952863812447,0.042405505664646626,0.43209099117666483,0.829003594815731,0.00044461439099113695,0.9146958330156809,0.18000731238652817,0.37127840424112335,0.9146958330156809
0.00528891384601593,0.7646837085485458,0.5149716818705201,0.2493982706218958,0.29993918538093567,0.8814051486551762,0.00044454557792300694,0.6736805287925702,0.22106552089954656,0.2861515641831986,0.6736805287925702
0.10555281955748796,0.47536246199160814,0.7436601389199495,0.2881177980452776,0.3233944773674011,0.8707658350467682,0.00044404580035744526,0.9793396163025285,0.19100986446678994,0.2887322151702516,0.9793396163025285
0.0757107250392437,0.28390840999782085,0.764730654656887,0.24192439764738083,0.380531775765121,0.7529458552598953,0.00044216134490176806,1.081390706290654,0.14914306958646736,0.245946121218001,1.081390706290654
0.044422498904168606,0.8654634086415172,0.7709437357261777,0.24387285578995943,0.3577409852296114,0.3219570517539978,0.00044215540479933886,0.44381051495172236,0.28033037928973903,0.2970086606690434,0.44381051495172236
0.018146660178899765,0.9527862071990967,0.9893219731748104,0.22033710777759552,0.34795079473406076,0.664255578070879,0.0004414199248865304,0.5588803710402245,0.23730923637565066,0.4103311192480474,0.5588803710402245
0.024465316906571388,0.49663821421563625,0.2198710385710001,0.10498941037803888,0.45698808412998915,0.8226055465638638,0.0004409466038725731,1.0101991743440286,0.16203637831848675,0.3309321789609418,1.0101991743440286
0.06607704423367977,0.4366610385477543,0.06691772397607565,0.3018299238756299,0.3727825256064534,0.8562247976660728,0.0004393914319484522,1.0699745484571974,0.1581063619573586,0.31242451066917315,1.0699745484571974
0.016912410967051983,0.3729547653347254,0.02028220985084772,0.1616424834355712,0.4133557165041566,0.626471484079957,0.00043756657345882027,0.8287608094736276,0.17784817655631913,0.3915919618533039,0.8287608094736276
0.024813666008412838,0.4183196546509862,0.7242602920159698,0.2559335306286812,0.43449653685092926,0.7300664000213146,0.0004366208577723462,1.1269457869899313,0.1329279558777509,0.28298471697219335,1.1269457869899313
0.10033282451331615,0.3323664041236043,0.2277306206524372,0.039129072800278664,0.3900355435907841,0.6713525289669633,0.00043639597653783563,0.8555534738585454,0.18634888105680386,0.37185885154201864,0.8555534738585454
0.04506083019077778,0.9125858284533024,0.691840311512351,0.23882559780031443,0.43477672059088945,0.5191047722473741,0.00043630762178371066,0.45523565894686124,0.2523676875191912,0.38809338163741164,0.45523565894686124
0.02959455270320177,0.20130631234496832,0.08748006541281939,0.08156742714345455,0.4943749839439988,0.7656419109553099,0.0004356690654702823,0.770214202675945,0.21063707194040113,0.28605034805958296,0.770214202675945
0.04414823651313782,0.2933385828509927,0.18644378054887056,0.3216135911643505,0.3447557780891657,0.7512106010690331,0.0004338955829925339,1.043153424934541,0.1680132530922578,0.24609561412409664,1.043153424934541
0.29676375072449446,0.4093933394178748,0.09721938893198967,0.12291130889207125,0.4678536681458354,0.804926261305809,0.00043344517698572547,0.9290440646118754,0.1846083886384936,0.2988916012210027,0.9290440646118754
0.06957887392491102,0.6723894132301211,0.551151099614799,0.23524827975779772,0.37180626206099987,0.6323696970939636,0.00043282788947801603,0.7206335486365292,0.16917234762655753,0.37620018435719776,0.7206335486365292
0.08611423429101706,0.3028989378362894,0.6624023141339421,0.005733742378652096,0.4939762884750962,0.7976619573310018,0.0004327194544654316,0.7907475435030159,0.22697968764750492,0.3227889336226098,0.7907475435030159
0.003780307248234749,0.010791223496198654,0.75163927488029,0.25239786319434643,0.4042112026363611,0.8221173780038953,0.0004309977692020146,0.7625406583218313,0.24243822220101194,0.3398347914801781,0.7625406583218313
0.06967189814895391,0.32782249990850687,0.5494670690968633,0.29384103510528803,0.4425762565806508,0.7331129880622029,0.0004288406158211401,1.017560042051748,0.16709899617655033,0.2570675218899125,1.017560042051748
0.04908549040555954,0.3339667785912752,0.04101816285401583,0.09417212195694447,0.34168229810893536,0.7180413315072656,0.00042681587178020606,0.9774527615382267,0.16228985156829445,0.31272614634982476,0.9774527615382267
0.09134512953460217,0.7732620183378458,0.9535262677818537,0.23878111969679594,0.34155232086777687,0.7868815893307328,0.0004264388726017458,0.7776904550016609,0.17509099124322194,0.34262137085766414,0.7776904550016609
0.2230651769787073,0.4446230074390769,0.03181967604905367,0.25487585738301277,0.33418382331728935,0.8215890470892191,0.0004250954891623791,1.0781995517000886,0.15393471066243078,0.25585332209963724,1.0781995517000886
0.02528669685125351,0.8135542385280132,0.4970114594325423,0.24105153512209654,0.31958248279988766,0.0007057478651404381,0.0004241718917141796,0.360967381550115,0.3053514692176694,0.29381189628486737,0.360967381550115
0.006054152734577656,0.9680550610646605,0.967129522934556,0.2366533037275076,0.4690208276733756,0.2155160577967763,0.0004240777828557947,0.41882659326847665,0.30117877765682183,0.30639625953529276,0.41882659326847665
0.03099046740680933,0.33535938244313,0.9820363949984312,0.28810836374759674,0.4176562363281846,0.5761659145355225,0.00042176706156598194,0.6964288482251354,0.22046598593178557,0.38357469483480067,0.6964288482251354
0.0805891789495945,0.3796141538769007,0.1786993546411395,0.2605217909440398,0.31014439184218645,0.7227298058569431,0.00042061932614911873,1.0644669491987597,0.1619403686873158,0.2238688627378159,1.0644669491987597
0.033429267816245556,0.016524113714694977,0.46310783084481955,0.0063526080921292305,0.46068676095455885,0.7579155126586556,0.0004202164887057501,0.6382744053940722,0.2551460502614586,0.34582226672954836,0.6382744053940722
0.03591141011565924,0.7200375040993094,0.37218673806637526,0.24503388721495867,0.40692505333572626,0.06951208040118217,0.00041938197653068187,0.40195835021111903,0.2812476952777912,0.34722170802617763,0.40195835021111903
0.10260112676769495,0.7822023825719953,0.30656392127275467,0.2460210518911481,0.3639407455921173,0.606271093711257,0.0004190772365392956,0.6001985836602749,0.19589609973261407,0.39323063017147525,0.6001985836602749
0.002695765346288681,0.796743193641305,0.41451396048069,0.23011569865047932,0.33672703709453344,0.34254132956266403,0.00041879112121873314,0.4774643299414595,0.26943900573152396,0.30457754710854157,0.4774643299414595
0.0280595775693655,0.8303060624748468,0.18604767601937056,0.28421756345778704,0.402700818143785,0.695253636687994,0.0004187851057684629,0.6682841378173169,0.18158248533682086,0.4043932406019653,0.6682841378173169
0.05669562146067619,0.33971269614994526,0.49061113595962524,0.2731887064874172,0.44000953156501055,0.6369517473503947,0.0004181952410636787,0.8280651047314551,0.1926830108382632,0.33741040660853006,0.8280651047314551
0.0386910168454051,0.4052210161462426,0.6702695218846202,0.06865017488598824,0.4113969635218382,0.7088636383414268,0.0004177455471926306,0.9853405182554167,0.14765744641960377,0.3734491498177873,0.9853405182554167
0.03904416225850582,0.4513207171112299,0.1668491493910551,0.2928355308249593,0.44762123841792345,0.863463468849659,0.00041749304964547616,1.0226909850443142,0.17522542973860644,0.29025183681299516,1.0226909850443142
0.032816202379763126,0.7368092322722077,0.06194066163152456,0.29610423278063536,0.37078018486499786,0.6253957292065024,0.000417205332385627,0.6069893844966062,0.20165653311607515,0.33484000000903186,0.6069893844966062
0.021496140398085117,0.1875228276476264,0.38082196563482285,0.2854844108223915,0.34892753697931767,0.8159151189029217,0.0004171630419268332,0.9227121313544877,0.19338371686706515,0.24643689370693767,0.9227121313544877
0.013274867087602615,0.8531732596457005,0.0751711567863822,0.27818757202476263,0.46527606900781393,0.8272930383682251,0.0004170653281248438,0.5907106261195963,0.20885531973010796,0.3613064118474179,0.5907106261195963
0.0741224242374301,0.5301588894799352,0.9010098287835717,0.2376247476786375,0.30112807266414165,0.7415018891915679,0.00041552283688238526,1.0283598984961015,0.15845611891882233,0.22019717823929189,1.0283598984961015
0.05862604733556509,0.39911969285458326,0.3487036442384124,0.2024779375642538,0.4481558231636882,0.7668902212753892,0.00041532376926530586,1.1799327961904924,0.12255010797083427,0.2097221706020016,1.1799327961904924
0.05790352821350098,0.16613511182367802,0.46644236147403717,0.24152495060116053,0.4718040907755494,0.8233294291421771,0.00041502171893042513,0.8290170952143819,0.21114914011083108,0.2739778467688057,0.8290170952143819
0.12356768641620874,0.030646509490907192,0.1927795885130763,0.30584323685616255,0.4006763193756342,0.7923016054555774,0.0004148653183759647,0.7817583998421901,0.2349257417250193,0.3250828224012532,0.7817583998421901
0.06542122270911932,0.1891222447156906,0.319109627045691,0.35562844574451447,0.42948076128959656,0.8001039512455463,0.00041297025386736937,0.8681184503809263,0.21285450294054123,0.256501948963306,0.8681184503809263
0.007946805097162724,0.6024783561006188,0.5166972475126386,0.2243953999131918,0.3176577864214778,0.7602433087304235,0.00041294043890917093,1.0115629598600049,0.15042845457213924,0.22685940404934268,1.0115629598600049
0.06882795598357916,0.8137366501614451,0.5308880982920527,0.26565733551979065,0.34086419083178043,0.813110925257206,0.00041191467913692783,0.697370337558938,0.19425119296118254,0.3450284352328012,0.697370337558938
0.04982777312397957,0.16037590242922306,0.0017146961763501167,0.3754968484863639,0.37140157260000706,0.7738568866625428,0.00041183455933999536,0.8454837786981593,0.2093473729795928,0.28762602614097676,0.8454837786981593
0.07191306352615356,0.47894568368792534,0.22116943821310997,0.27314562909305096,0.2832952179014683,0.9320428101345897,0.0004114613691934821,0.8874340487278686,0.2163236495471491,0.2653824841910712,0.8874340487278686
0.010576399974524975,0.5889121266081929,0.23855654150247574,0.2859840765595436,0.48996193427592516,0.7709679175168276,0.0004103809804987606,0.9457548563003161,0.17898534936930627,0.23182142189263263,0.9457548563003161
0.030374471098184586,0.422540376894176,0.33968697767704725,0.010487842373549938,0.29717281833291054,0.8276831526309252,0.00041033236318706,0.9323091964234906,0.18554317605084722,0.3557196403987184,0.9323091964234906
0.011411265470087528,0.6259003514423966,0.5891885831952095,0.26665738970041275,0.3838790161535144,0.35484454222023487,0.00040949080111644194,0.5040443746707096,0.26431532427347226,0.32171797432955007,0.5040443746707096
0.09062542207539082,0.7246819753199816,0.9957614783197641,0.26995705626904964,0.37114958465099335,0.7216167906299233,0.0004092245044290666,0.7933549119955888,0.1642021057450631,0.32621181107415076,0.7933549119955888
0.1252200696617365,0.42801031563431025,0.20194153115153313,0.2755807898938656,0.47053438052535057,0.8297399077564478,0.0004091734202042159,1.0336894374278591,0.17425074094667858,0.2516254442547288,1.0336894374278591
0.024054456502199173,0.6726938970386982,0.4601489221677184,0.2717080172151327,0.35053214617073536,0.4448959147557616,0.0004086702886710965,0.5225308993876403,0.25398532745839153,0.32360085355198137,0.5225308993876403
0.044587092474102974,0.8265417478978634,0.6389030916616321,0.25027454551309347,0.36075440514832735,0.11200459860265255,0.0004076758776628739,0.36754866302540123,0.28823673409546374,0.29978800777237763,0.36754866302540123
0.027323968708515167,0.4525963608175516,0.5043520992621779,0.4166133841499686,0.3466956438496709,0.833361598663032,0.00040696996687983154,0.9861004920497901,0.18373860454854685,0.3160677100671702,0.9861004920497901
0.2691329540684819,0.3729879632592201,0.46887906454503536,0.03989916108548641,0.4869008446112275,0.7813795944675803,0.00040682957019619277,0.8542230116314161,0.20227963313203073,0.32037426592023455,0.8542230116314161
0.1323045464232564,0.12978293746709824,0.11569313239306211,0.2834087712690234,0.4454117324203253,0.7616963908076286,0.00040613516641743687,0.8364261990290646,0.2089528405786131,0.28662229885112145,0.8364261990290646
0.016147752292454243,0.7325636735185981,0.5154516091570258,0.26219140086323023,0.3970710802823305,0.051904563792049885,0.000405654056988287,0.3688601326655738,0.2905196385305197,0.30187008249575314,0.3688601326655738
0.006521356292068958,0.1153293838724494,0.7194427875801921,0.2657947316765785,0.5288691110908985,0.7899978952482343,0.0004049837954597139,0.6868689782701068,0.2555424792983417,0.25470987213149054,0.6868689782701068
0.00917193666100502,0.053534701466560364,0.05529368482530117,0.4264910351485014,0.424229240976274,0.7555223777890205,0.00040439647624787757,0.7166781071258028,0.24271255457031438,0.31557044651543475,0.7166781071258028
0.19642339926213026,0.41925778426229954,0.11792169231921434,0.21091644186526537,0.4534667572006583,0.8136262567713857,0.0004037357048004944,1.086685933951407,0.15082959319075262,0.23893674124858472,1.086685933951407
0.7729428121820092,0.399852461181581,0.0576421357691288,0.04135248437523842,0.4098802777007222,0.7902992302551866,0.0004036015943103787,0.7405369411196391,0.21332186924085303,0.38904658309051127,0.7405369411196391
0.011681768111884594,0.08398190792649984,0.21221335791051388,0.273642816580832,0.3569398168474436,0.6830351417884231,0.00040248461926238474,0.7838494580119696,0.22588158194751082,0.310882823944631,0.7838494580119696
0.0022532446309924126,0.4400132102891803,0.6729839742183685,0.2767570773139596,0.40955711249262094,0.9276604754850268,0.0004024762410156362,0.9280185173607436,0.17551585743045703,0.33150888810504153,0.9280185173607436
0.032522824592888355,0.349372117780149,0.9124972466379404,0.1009318046271801,0.423856801353395,0.6128260977566242,0.00040176473451930636,0.7266881148796915,0.20220038981376567,0.37984422617715385,0.7266881148796915
0.5168370585888624,0.42814627196639776,0.1452642474323511,0.10421107709407806,0.4474679147824645,0.8007639916613698,0.0004011413453806744,0.8516382944038625,0.19136660154352847,0.3417353046074563,0.8516382944038625
0.02090243250131607,0.2355387220159173,0.46690816804766655,0.3351512961089611,0.5064150122925639,0.7885985542088747,0.000399977298617397,0.795404083140487,0.2327774803823867,0.21099460479085827,0.795404083140487
0.008686073124408722,0.3593764854595065,0.15778557024896145,0.020016142167150974,0.35070953983813524,0.5949159134179354,0.00039882802257644066,0.694030318075854,0.21799989691392757,0.4042569584973137,0.694030318075854
0.05382540728896856,0.7277520271018147,0.8537191171199083,0.2540287533774972,0.328539757989347,0.4540975233539939,0.0003987808824144888,0.4963777265554502,0.25837576512535165,0.3316345877262826,0.4963777265554502
0.12039563432335854,0.43913832772523165,0.4272859636694193,0.019968624226748943,0.3824829049408436,0.8353494573384523,0.00039834289905293967,0.9839430779518789,0.1597470727361627,0.4007805051005139,0.9839430779518789
0.15543500240892172,0.40529824141412973,0.5924218306317925,0.34238928090780973,0.4240021063014865,0.7949969116598368,0.00039808372362881077,1.0408398238981258,0.1683142755969552,0.2832798907085179,1.0408398238981258
0.17244673892855644,0.44424426555633545,0.22231977060437202,0.3247145228087902,0.37958056293427944,0.8061506766825914,0.00039754073763256114,1.1146838464293203,0.1498575705358436,0.2725315306406601,1.1146838464293203
0.04877356253564358,0.14820202253758907,0.723206527531147,0.06407481525093317,0.4498298205435276,0.7572339382022619,0.0003964572651947738,0.7625350198785654,0.21610007057396355,0.32448199508131,0.7625350198785654
0.04878097679466009,0.8048149636015296,0.22542728018015623,0.23442736640572548,0.2755747474730015,0.7027323199436069,0.0003961522162461821,0.67091717063901,0.2093341597686495,0.3261703227412425,0.67091717063901
0.09800369385629892,0.4774310113862157,0.7869888162240386,0.07894977554678917,0.4573660073801875,0.7898603100329638,0.00039452525459332934,0.9884869597304587,0.16094471496927165,0.33318763338365825,0.9884869597304587
0.3258334370329976,0.4044027589261532,0.30384383723139763,0.0021230271086096764,0.3860177733004093,0.7861417215317488,0.000394366643104905,0.9735672607308223,0.17444078918809422,0.3669796002136743,0.9735672607308223
0.05110318027436733,0.2752521922811866,0.39155415818095207,0.0012879818677902222,0.4358951384201646,0.713451593182981,0.0003938989720194864,0.849285347017304,0.1987568594592682,0.3436759716186786,0.849285347017304
0.0004128478467464447,0.44649500399827957,0.45238237362354994,0.2846943410113454,0.26236075162887573,0.6425449270755053,0.0003938861377275521,0.7786467854431924,0.2120795299723135,0.2910262012051352,0.7786467854431924
0.14168541878461838,0.3885110458359122,0.05927705764770508,0.2870064955204725,0.4081995151937008,0.7123496439307928,0.0003935391410476761,1.060070626227087,0.14700321353280793,0.279875557137872,1.060070626227087
0.015182224102318287,0.5704511953517795,0.4279630295932293,0.23537769727408886,0.29555391892790794,0.4552652398124337,0.0003933530324430842,0.5815705450207267,0.24310155366485017,0.36357831808825813,0.5815705450207267
0.05024212971329689,0.12074072379618883,0.7937152441591024,0.3327817153185606,0.4927160292863846,0.7822338016703725,0.00039296757779830354,0.712062512291343,0.2518462676272718,0.26107830474134425,0.712062512291343
0.016803083941340446,0.29413837287575006,0.5158901028335094,0.44539147429168224,0.4456739220768213,0.7815480325371027,0.0003925041157387854,0.8961096441252464,0.20690315007565932,0.2678739013962753,0.8961096441252464
0.10043350886553526,0.25440450571477413,0.7321303719654679,0.31787245254963636,0.4692286914214492,0.7643759930506349,0.0003922336522275768,0.8864067953230387,0.20857935754453547,0.2427104354624701,0.8864067953230387
0.3457984533160925,0.44529237318784,0.8849135870113969,0.015831775963306427,0.4353842968121171,0.7992493864148855,0.000391922821291207,0.8881121497784565,0.18868395977522578,0.36355574393217327,0.8881121497784565
0.035220617428421974,0.7119655162096024,0.22491597849875689,0.25300645735114813,0.43705289624631405,0.3712783697992563,0.0003913638711108806,0.5189287706779957,0.2514939608617437,0.3458370533563753,0.5189287706779957
0.08290235977619886,0.6805440271273255,0.03446640260517597,0.2638505706563592,0.3871098756790161,0.7659728555008769,0.0003909458259392408,0.9217726183416468,0.14345469353629356,0.2880792272129938,0.9217726183416468
0.017381482757627964,0.78115791734308,0.5352301439270377,0.23104646429419518,0.4288655873388052,0.4863803805783391,0.0003901241244419797,0.5030444784125134,0.23747639912744822,0.38336853619469496,0.5030444784125134
0.06071045994758606,0.3936385363340378,0.5264185108244419,0.24190802313387394,0.34876967407763004,0.5520640462636948,0.00038909222913825563,0.7400420103270754,0.20527034801269164,0.42141953249225755,0.7400420103270754
0.04947986640036106,0.976934514939785,0.3045269176363945,0.24729452282190323,0.4466170175001025,0.3961415309458971,0.00038878091772797795,0.4688408108013229,0.27554167750734154,0.33468821556553113,0.4688408108013229
0.013990762643516064,0.46474711410701275,0.9191194642335176,0.3368860110640526,0.28074208553880453,0.8501845728605986,0.00038858872975217675,0.9139949887047867,0.2114650271782586,0.2706554320081712,0.9139949887047867
0.0015710527077317238,0.9996247114613652,0.11861357372254133,0.22517418675124645,0.38639551401138306,0.5048676738515496,0.0003875773569788455,0.47073622726443043,0.27014285937021876,0.38955077587284953,0.47073622726443043
0.06903075613081455,0.8682587407529354,0.8798217149451375,0.22847861237823963,0.31464287359267473,0.6208436470478773,0.0003867840101520234,0.5348927694761597,0.23316336411040706,0.36773185872837877,0.5348927694761597
0.020092315040528774,0.762482644058764,0.8499775631353259,0.3059412632137537,0.35567357297986746,0.8020177315920591,0.0003859713872260403,0.7395581214446877,0.19595418003140516,0.31262255774326997,0.7395581214446877
0.03076104912906885,0.469219833612442,0.8431063573807478,0.3507556263357401,0.34310180600732565,0.7326800990849733,0.00038510568748375824,1.0343454567134684,0.16614040490080395,0.2869508596733505,1.0343454567134684
0.028681974858045578,0.03178868256509304,0.7963773850351572,0.23891850095242262,0.5285481456667185,0.8257497884333134,0.0003837589246757609,0.6288683737511963,0.26806264728742446,0.2906906710803076,0.6288683737511963
0.13757562823593616,0.27361857052892447,0.3437934648245573,0.27492839004844427,0.4152371697127819,0.7825965853407979,0.00038319252797457007,1.0458615825100765,0.1625432869183809,0.19196206408765915,1.0458615825100765
0.057051741518080235,0.2607760960236192,0.9871955933049321,0.11932348180562258,0.4194712322205305,0.7948705134913325,0.00038319198517567434,0.926907094162612,0.18654357666949387,0.29038977917282655,0.926907094162612
0.1520282095298171,0.5311734322458506,0.2575925840064883,0.2839161856099963,0.33685238752514124,0.8417892213910818,0.0003831769234308177,1.031854466742293,0.17634272835237005,0.2426694163955337,1.031854466742293
0.6862264778465033,0.4376313276588917,0.29364411253482103,0.29349867906421423,0.37382437754422426,0.8174162777140737,0.00038289728944457496,0.8459163781341755,0.1913053035965371,0.3404743361926524,0.8459163781341755
0.022794261574745178,0.4360682172700763,0.1325246300548315,0.3724870206788182,0.421135894022882,0.7782860100269318,0.00038170338711415947,1.0982188930885028,0.15339257486567406,0.2983697017796639,1.0982188930885028
0.019300173968076706,0.280064788646996,0.23933507595211267,0.008828535676002502,0.36785219982266426,0.8118115263059735,0.0003812491900925183,0.9329233845443138,0.1794196671052921,0.3732332280873106,0.9329233845443138
0.023882166482508183,0.6333401901647449,0.07470556441694498,0.23414835706353188,0.3689417140558362,0.24662974569946527,0.00038109697047300994,0.4838759496802688,0.26820649472378433,0.3532573333876137,0.4838759496802688
0.057787638157606125,0.8331650570034981,0.4642509799450636,0.2923053475096822,0.3385350499302149,0.7833560910075903,0.0003810414529860186,0.6894418817541486,0.19536624905038355,0.3467099457962005,0.6894418817541486
0.013925885781645775,0.3326761145144701,0.6295730285346508,0.21990598738193512,0.48898650519549847,0.7482500169426203,0.00038093623981741746,1.0033879848135603,0.17767100230647898,0.2580553913880851,1.0033879848135603
0.01459532044827938,0.30871852301061153,0.27673987951129675,0.11450230609625578,0.37949698604643345,0.5985282175242901,0.00038088583192482387,0.7424660154306624,0.2049322290999287,0.3756040327858224,0.7424660154306624
0.10549556463956833,0.35306853149086237,0.9531303457915783,0.1551512274891138,0.4071267629042268,0.7217159606516361,0.0003784123991048929,1.0257978185020673,0.15723487335527056,0.29960982442588696,1.0257978185020673
0.033192348666489124,0.2629717094823718,0.05631574336439371,0.23750955518335104,0.4395971177145839,0.7278804052621126,0.00037802385704740636,1.006685607893652,0.1528821339353235,0.2799286767617129,1.006685607893652
0.1296694604679942,0.3192023001611233,0.680575018748641,0.25369102507829666,0.33726414665579796,0.7068645497784019,0.00037798554264990044,0.989927486252701,0.17164918574063798,0.24881694765283033,0.989927486252701
0.010449244640767574,0.4103915384039283,0.23687601648271084,0.2430163063108921,0.32440529577434063,0.8713621338829398,0.00037777982010579346,1.0848802331065104,0.15425521382237287,0.2890213089895551,1.0848802331065104
0.021318422630429268,0.33096925914287567,0.3280314430594444,0.10176590271294117,0.4014454213902354,0.8072460098192096,0.0003777333980635337,1.054172637654838,0.14272559068531696,0.3087662588025082,1.054172637654838
0.16381726134568453,0.3106271168217063,0.12761492934077978,0.16771529987454414,0.45009060949087143,0.7938092686235905,0.0003767663632185261,0.9947060269568914,0.16529452426744595,0.23222416070684662,0.9947060269568914
0.07174203265458345,0.4552469728514552,0.36836587078869343,0.23271672055125237,0.3097003875300288,0.6264310972765088,0.00037564442249908315,0.8627685456337106,0.18433789727865194,0.35996132546729304,0.8627685456337106
0.07523771654814482,0.9530916651710868,0.02173379808664322,0.25731756817549467,0.3730701105669141,0.47672930639237165,0.0003755243687533035,0.44073874195645985,0.2771102688010702,0.32999366785673745,0.44073874195645985
0.06369666010141373,0.6131960395723581,0.6631493754684925,0.28910940047353506,0.36402225494384766,0.776356989517808,0.00037516770950355376,0.984076240366446,0.15480415478139617,0.24822626142319348,0.984076240366446
0.02460449654608965,0.8684411523863673,0.10131181124597788,0.26480103377252817,0.33640521857887506,0.3082553232088685,0.00037464215500426697,0.435546995855969,0.2891325995463168,0.2620729182884757,0.435546995855969
0.04254420753568411,0.6632487783208489,0.1499689631164074,0.26326145231723785,0.285214819945395,0.5847507007420063,0.00037379922305933,0.6144016221493769,0.22169007745107186,0.32582402211761013,0.6144016221493769
0.05448597110807896,0.7045103926211596,0.735822718590498,0.2479178188368678,0.32747847586870193,0.23034944478422403,0.00037372863871270917,0.42773090439469064,0.28039808778485215,0.3007762470376271,0.42773090439469064
0.12113799434155226,0.23730846866965294,0.26292401272803545,0.04342113062739372,0.4202894251793623,0.7629114985466003,0.000372821506795991,0.8971327633197024,0.17654161760890982,0.35112575239665755,0.8971327633197024
0.11274462286382914,0.6874482734128833,0.3190192421898246,0.2563062021508813,0.3228301526978612,0.7397602880373597,0.00037273686539359406,0.8824591285127181,0.16316645805410876,0.2514868347047658,0.8824591285127181
0.0029748445376753807,0.050110417418181896,0.6512580364942551,0.24564605578780174,0.3777607651427388,0.6120888320729136,0.0003726483905828458,0.6375560910524921,0.24636221199692837,0.33226787652240597,0.6375560910524921
0.004793694242835045,0.8774781804531813,0.3988569360226393,0.2390628531575203,0.5115244966000319,0.5994267174974084,0.0003725359599608897,0.4571945541519539,0.23018986155981971,0.3833866156322157,0.4571945541519539
0.033357023261487484,0.7971466900780797,0.736319387331605,0.2644331231713295,0.4794160667806864,0.8362191244959831,0.00037244552297448365,0.6172013961774121,0.21462513014488688,0.3244482959975776,0.6172013961774121
0.1441303137689829,0.3454166539013386,0.48913885466754436,0.047597543336451054,0.39632297307252884,0.7491288157179952,0.0003721113486590076,0.9987834495422949,0.1492537352734455,0.3576556565605242,0.9987834495422949
0.06730204913765192,0.13822015840560198,0.24630576372146606,0.2627824265509844,0.3324716603383422,0.8033266756683588,0.0003717592085581759,0.8976631305904783,0.19913187686381387,0.2665849758891203,0.8976631305904783
0.021325807087123394,0.7471111947670579,0.8258106959983706,0.21254057344049215,0.3257025210186839,0.7367550190538168,0.0003711715054984863,0.7950995819044958,0.16616800232255752,0.32330688978917504,0.7950995819044958
0.07788931485265493,0.7091432651504874,0.11699632275849581,0.2689041718840599,0.3944428199902177,0.5762980915606022,0.00037102677750549574,0.5938195078018988,0.19509138121038724,0.3825765027180237,0.5938195078018988
0.03111377079039812,0.6644214550033212,0.9798487424850464,0.2451387606561184,0.2677245382219553,0.5358914108946919,0.00037100187448380956,0.5477413200084398,0.24095772079135322,0.3267875709867903,0.5477413200084398
0.6127630770206451,0.38601770624518394,0.43792549706995487,0.020777473226189613,0.4046943336725235,0.7956837890669703,0.0003709215164332967,0.8075585200465807,0.20651327070383707,0.3646297307505327,0.8075585200465807
0.08865697681903839,0.3853734228760004,0.35412062518298626,0.12215552572160959,0.4090817105025053,0.6791091915220022,0.00037089889567272055,0.963907838748283,0.16268214271400244,0.3337902999356079,0.963907838748283
0.08108207769691944,0.25900671258568764,0.7829808257520199,0.2513756649568677,0.5053412346169353,0.7571268687024713,0.00037082479493381594,0.8777957059082602,0.2090486931934727,0.23862877119662973,0.8777957059082602
0.06810999661684036,0.48732287529855967,0.4984938632696867,0.3322064345702529,0.40429709292948246,0.8526116367429495,0.0003706789566079675,1.0101231754755624,0.17647980228579724,0.3037950094656889,1.0101231754755624
0.02853741031140089,0.43265251070261,0.536899596452713,0.049185036681592464,0.4057795824483037,0.6050710780546069,0.00037034970668697377,0.7144852729932265,0.18219497132975854,0.4348245686171837,0.7144852729932265
0.0510460464283824,0.3970492361113429,0.18109511025249958,0.43019890040159225,0.33359314501285553,0.8146382225677371,0.00036984205912236586,1.0098557462846856,0.1766309421088904,0.30059641503229284,1.0098557462846856
0.1048180852085352,0.20743151381611824,0.5636731879785657,0.2803208129480481,0.346611687913537,0.7831706870347261,0.00036943621279292613,0.9397711781602492,0.1825655120147316,0.2470627773335516,0.9397711781602492
0.0734389703720808,0.5378304589539766,0.5018788715824485,0.26042867824435234,0.29236161056905985,0.9495317349210382,0.0003687888722959997,0.8229368835828599,0.2237107817237141,0.26653247819108156,0.8229368835828599
0.002042883075773716,0.7729551391676068,0.05002027563750744,0.2679339200258255,0.3202696666121483,0.09947751276195049,0.0003678381352611498,0.3563833085998457,0.2934230152711702,0.2712477904072612,0.3563833085998457
0.053416565991938114,0.4115591486915946,0.5899725100025535,0.11874731443822384,0.4740369450300932,0.8410229720175266,0.00036771148012696873,0.9250235479622184,0.18816250365580028,0.3279530954298302,0.9250235479622184
0.03549568075686693,0.12824064679443836,0.8259621830657125,0.17575364373624325,0.4227247964590788,0.8013997627422214,0.0003675319186120339,0.8252749431845959,0.20690485043927884,0.29704429636321317,0.8252749431845959
0.016698267310857773,0.7887998148798943,0.9368801722303033,0.27090942673385143,0.4141338923946023,0.19636529218405485,0.0003668996735549706,0.40127055402046474,0.29104446469175027,0.279905767625046,0.40127055402046474
0.015009991824626923,0.6098352111876011,0.044392259791493416,0.2587621174752712,0.298460285179317,0.22771937306970358,0.00036637558272791757,0.434205520886726,0.2780815623890614,0.3030632455133858,0.434205520886726
0.062235631980001926,0.08842449542135,0.9174899403005838,0.2330479072406888,0.339510359801352,0.6966772805899382,0.00036608410515178715,0.7942122570801676,0.2191088239954222,0.30573241422343345,0.7942122570801676
0.2499268902465701,0.3264329591766,0.6898175617679954,0.05097906105220318,0.45542169362306595,0.7707780888304114,0.00036603652383749663,0.8798021196825759,0.19325484731609033,0.32739179303045873,0.8798021196825759
0.005911271087825298,0.7396732373163104,0.33841914869844913,0.2885056836530566,0.43490877468138933,0.8493621991947293,0.000365985331536457,0.7341679336200079,0.2002285560103408,0.291928996585084,0.7341679336200079
0.07576779369264841,0.4198885578662157,0.5376849230378866,0.32658641040325165,0.3578191641718149,0.6520069427788258,0.00036482328046296314,0.868869425592881,0.19342122653137664,0.34215443868738543,0.868869425592881
0.05171941500157118,0.4981600409373641,0.7878399947658181,0.29385783057659864,0.2868472672998905,0.9617970259860158,0.00036479209216543356,0.7942690545237823,0.23850373908059053,0.2720762159589323,0.7942690545237823
0.0959192281588912,0.3704589968547225,0.4238951625302434,0.2242497643455863,0.4250154625624418,0.7699280753731728,0.00036476916878429056,1.192054996347139,0.11516969007578311,0.20592987521741596,1.192054996347139
0.022371919825673103,0.4555518887937069,0.6507771667093039,0.25837335642427206,0.2884873291477561,0.4388961810618639,0.0003635779878533999,0.565962211864372,0.2539828162057533,0.35500606359847847,0.565962211864372
0.008073982782661915,0.3982180980965495,0.5233101798221469,0.30642578937113285,0.49682770669460297,0.8469390720129013,0.0003628351149714575,0.8968101811624949,0.21260167283301043,0.26491639985268467,0.8968101811624949
0.036623227410018444,0.7661875104531646,0.3348362473770976,0.2754163593053818,0.3759830193594098,0.375022504478693,0.00036263662307312294,0.4820300666166723,0.2673228493534655,0.29079756665553513,0.4820300666166723
0.04537040647119284,0.06463691964745522,0.1509400913491845,0.6488647405058146,0.44463738799095154,0.7770899655297399,0.0003619514164311492,0.6262493913047097,0.25740554293545587,0.3140205269859598,0.6262493913047097
0.052578615956008434,0.9852646561339498,0.7614511391147971,0.2656469512730837,0.4350681183859706,0.6161665394902229,0.0003612983790025802,0.4608411633015416,0.24524353981825045,0.38850319726590554,0.4608411633015416
0.14964785519987345,0.4562009312212467,0.9729649499058723,0.3121500099077821,0.32967815920710564,0.7927498258650303,0.0003608976372899917,1.0472744889497667,0.1665275037841876,0.25728723806766296,1.0472744889497667
0.18857782240957022,0.3720009298995137,0.634402628056705,0.36369539983570576,0.4491711761802435,0.7921753926202655,0.000359439487366129,0.9609998730096478,0.19056280707995055,0.26188290287474264,0.9609998730096478
0.1782339084893465,0.38552544731646776,0.3372381301596761,0.29467388801276684,0.3506258884444833,0.8092447482049465,0.0003593466216749623,1.1022953186304743,0.15220614218429313,0.2333232877863951,1.1022953186304743
0.00504496693611145,0.09769561514258385,0.36739376187324524,0.7913384893909097,0.4087844677269459,0.7714913077652454,0.0003586834938370338,0.6244103881998864,0.24645990871069398,0.35087832785235407,0.6244103881998864
0.030309252440929413,0.6406360697001219,0.6094499062746763,0.252912787720561,0.2628035070374608,0.7811240954324603,0.0003584198047244687,0.8469890980777173,0.19429372133034786,0.19736128975281875,0.8469890980777173
0.016127745620906353,0.10996080189943314,0.20452626515179873,0.9611232932657003,0.4676764290779829,0.7869096929207444,0.0003583440109017545,0.5400505707491153,0.2602576213875389,0.3582102375305629,0.5400505707491153
0.0341701153665781,0.7579184640198946,0.8542001135647297,0.24143112637102604,0.4900749744847417,0.5970138739794493,0.00035816816664520167,0.5139887694796151,0.20569526149774783,0.3928379289184434,0.5139887694796151
0.04420284274965525,0.5899400701746345,0.3922728495672345,0.2934683635830879,0.30010175704956055,0.7349856719374657,0.00035784166724703943,0.940701471077532,0.17607005055024824,0.19126221591169248,0.940701471077532
0.029284673742949963,0.2618183447048068,0.6474788933992386,0.11177094746381044,0.354967731051147,0.6954727405682206,0.00035746988583699194,0.8655408867520602,0.19172693077180855,0.29871626267917334,0.8655408867520602
0.05355635657906532,0.48996931686997414,0.08654931373894215,0.269568650983274,0.3852003635838628,0.7470502443611622,0.0003570691711052734,1.1885561888060165,0.10013626157906026,0.2629526862562361,1.1885561888060165
0.061183503828942776,0.8733915546908975,0.25229494646191597,0.2572783613577485,0.40484584495425224,0.21728420536965132,0.0003569742402736933,0.4341790762250636,0.28785068028320315,0.3133898726811897,0.4341790762250636
0.02840189728885889,0.9233436146751046,0.8855666043236852,0.23352235462516546,0.4997888710349798,0.37772410549223423,0.0003568013652888615,0.44322856239250036,0.2651180667301294,0.31859546939836425,0.44322856239250036
0.005918668583035469,0.3384391386061907,0.8367181504145265,0.3974586557596922,0.3552581937983632,0.6692445054650307,0.0003567119798161494,0.8328217131404236,0.21664318872783414,0.2906070195152508,0.8328217131404236
0.17622870206832886,0.4308967450633645,0.9336158633232117,0.23107944428920746,0.46091832127422094,0.7848472921177745,0.00035649776903106013,1.0845160561455711,0.1507876790081787,0.2434975709467396,1.0845160561455711
0.06328517850488424,0.388736629858613,0.030689376406371593,0.31880579981952906,0.5296873040497303,0.7580530699342489,0.0003563737363915074,0.8635015740232395,0.20905171946894988,0.25916757007090213,0.8635015740232395
0.023611935786902905,0.09140412975102663,0.7015596693381667,0.22558555472642183,0.40367862954735756,0.7936908639967442,0.0003559834070916178,0.8599046208867653,0.20700559383729092,0.33658017516063876,0.8599046208867653
0.004442527890205383,0.4286460215225816,0.6412327950820327,0.1285668620839715,0.34363723639398813,0.6358942715451121,0.00035582161137953145,0.8288799119225654,0.18641390489655243,0.3868679357423971,0.8288799119225654
0.007724554277956486,0.3826677864417434,0.6986857829615474,0.23511088360100985,0.5588325560092926,0.7342491121962667,0.0003555905994755864,0.8237439229098067,0.21798931501046934,0.2535383273009589,0.8237439229098067
0.817961030639708,0.4580021249130368,0.3152129612863064,0.0030236076563596725,0.3931029736995697,0.8404549350962043,0.0003555797824158672,0.7019424966008888,0.23891792280810187,0.37762756224558175,0.7019424966008888
0.05902018677443266,0.6010923245921731,0.34749262873083353,0.26888332702219486,0.36267539858818054,0.8676354326307774,0.00035501201054250733,0.9557220636169371,0.18438753034020214,0.24425019005819276,0.9557220636169371
0.04730781260877848,0.9273756304755807,0.8612638674676418,0.24573940597474575,0.5340503100305796,0.7937241178005934,0.0003547747609526857,0.5063512394944667,0.2372711243129807,0.37755834899461016,0.5063512394944667
0.16547566931694746,0.37567003816366196,0.010095453821122646,0.7812931872904301,0.4768045535311103,0.7744889138266444,0.0003532496429134338,0.6570266621722909,0.20783296000332704,0.39815732622092864,0.6570266621722909
0.009610472247004509,0.39554318878799677,0.1654233504086733,0.13646942377090454,0.5467988913878798,0.7741679409518838,0.0003529625056021795,0.8458792260433122,0.2129073476392853,0.27188745282789245,0.8458792260433122
0.05176546238362789,0.946005942299962,0.6415672609582543,0.22850023210048676,0.4089060164988041,0.8260882776230574,0.00035257870241808196,0.5897693787706427,0.19415363806550073,0.4677212761191443,0.5897693787706427
0.09172888286411762,0.22744592279195786,0.9596509076654911,0.2895634090527892,0.4728683000430465,0.8251745440065861,0.0003524103512213126,0.8239094026231751,0.22045451898103738,0.24174919412018636,0.8239094026231751
0.08215521555393934,0.5155785325914621,0.14211508817970753,0.3261995716020465,0.3677923660725355,0.925685659982264,0.00035187048283034423,0.9016371110111934,0.19935198370935706,0.29462286229488427,0.9016371110111934
0.02008446864783764,0.1593453362584114,0.3478037789463997,0.38364322390407324,0.43227299209684134,0.7477625636383891,0.00035162674992221207,0.8374147738832992,0.21601415184472356,0.28081652532215323,0.8374147738832992
0.042869655415415764,0.46027941908687353,0.42854907736182213,0.35182004049420357,0.36549786012619734,0.9134127618744969,0.0003515573281375218,0.9285618154478867,0.19239197423093873,0.3069323279384913,0.9285618154478867
0.08093391451984644,0.45744639728218317,0.6743062194436789,0.10091808252036572,0.33062165789306164,0.8182252235710621,0.00035149438821775833,1.0188282185888575,0.15161297138774132,0.33680792875751203,1.0188282185888575
0.019991572946310043,0.5299741346389055,0.11909439135342836,0.27104822266846895,0.2949897516518831,0.4290366470813751,0.0003514099661506017,0.5593067685879666,0.25739383855853626,0.3432275388784848,0.5593067685879666
0.04010847769677639,0.046850671991705894,0.09149747155606747,0.25216203834861517,0.5420627975836396,0.8121073069050908,0.0003512836135406317,0.618604363019512,0.26078787335531073,0.2707487904474483,0.618604363019512
0.00565313920378685,0.0695039639249444,0.6829776978120208,0.3469681553542614,0.373364326544106,0.8242648346349597,0.00035103907037667913,0.7438899840066604,0.24697094118940374,0.2965211280369272,0.7438899840066604
0.013813624158501625,0.6676002442836761,0.6273546237498522,0.3097507916390896,0.32538060564547777,0.6475049173459411,0.0003504172991673697,0.6744453318604792,0.2095933721340496,0.2927729232232417,0.6744453318604792
0.04670529719442129,0.39143568370491266,0.8615467008203268,0.29844791628420353,0.3068430991843343,0.6314524356275797,0.0003500683445927889,0.7918345186995427,0.2150449574937886,0.32654525928917955,0.7918345186995427
0.08648632653057575,0.4550065416842699,0.015628322958946228,0.2894578389823437,0.34590497985482216,0.5495456447824836,0.0003499851277637714,0.6932427670090117,0.21662642455738473,0.403497683607157,0.6932427670090117
0.011624341830611229,0.21356577705591917,0.4851573780179024,0.15809056255966425,0.38111727219074965,0.7849658755585551,0.0003492867814501949,0.9478880265468131,0.16600933921567357,0.2766239613193991,0.9478880265468131
0.032852291129529476,0.9612852828577161,0.6832919185981154,0.2441969569772482,0.2877942640334368,0.3060634946450591,0.0003492275440667332,0.4073701918588401,0.3022875584918853,0.25632658424787724,0.4073701918588401
0.03794820513576269,0.10858424846082926,0.6304739592596889,0.4127223128452897,0.3798388484865427,0.7683546990156174,0.00034900309569550585,0.7808129378470389,0.22703912968209952,0.29859038575969543,0.7808129378470389
0.11433006636798382,0.378583587706089,0.4561582412570715,0.25255494471639395,0.4954949766397476,0.7517538201063871,0.0003488626405941421,1.01684971335428,0.17334281469278565,0.20885734211751647,1.01684971335428
4.3973326683044434e-05,0.5527480635792017,0.4472459824755788,0.24953721556812525,0.42688080947846174,0.7429563393816352,0.00034853658612067867,1.1208028707334192,0.10487807095197228,0.24330502075444418,1.1208028707334192
0.8942216765135527,0.4462929852306843,0.0955266673117876,0.21716199815273285,0.36193112563341856,0.8301206529140472,0.00034848050301034613,0.7460311679976869,0.21215617715717255,0.38313409943641363,0.7460311679976869
0.15214143227785826,0.4695950672030449,0.2509835259988904,0.24875894840806723,0.4701219666749239,0.8015259755775332,0.0003480401939370381,1.092800575501296,0.1507527055984585,0.22107104363064872,1.092800575501296
0.07685511838644743,0.14399289712309837,0.00627265777438879,0.9870889028534293,0.41330166440457106,0.7821351662278175,0.00034758065212950204,0.577059342372892,0.2514979011750695,0.3686095487921891,0.577059342372892
0.04939383640885353,0.6897151507437229,0.9248365238308907,0.289069895632565,0.39482020679861307,0.5436140540987253,0.00034745456621986486,0.5399790670319075,0.21588244498884962,0.3671956424814066,0.5399790670319075
0.5327832028269768,0.4441083651036024,0.18132852204144,0.05861806869506836,0.4212265135720372,0.8390035526826978,0.00034709139420434793,0.8221112719831565,0.20335684825159817,0.3660000974449848,0.8221112719831565
0.03715847712010145,0.9927345355972648,0.27790078334510326,0.2332151811569929,0.3255546214058995,0.9698658091947436,0.00034702150547290944,0.4714476473747857,0.22905108496322818,0.4019635183329724,0.4714476473747857
0.013612084090709686,0.1470343228429556,0.07250261399894953,0.18834479432553053,0.3495832420885563,0.7872130842879415,0.00034694988629667883,0.8960656562468563,0.18118275815585164,0.27399628596999465,0.8960656562468563
0.07722873520106077,0.3140505189076066,0.9831736162304878,0.08906850125640631,0.33814467303454876,0.6853562286123633,0.0003468888324688539,0.8583077088491131,0.19808039758235124,0.2961012429689345,0.8583077088491131
0.10026806127279997,0.4639606038108468,0.4381765518337488,0.3923601973801851,0.34829427022486925,0.8045215876773,0.00034685064512098295,1.0383945299475783,0.16742955295032086,0.2741161585446946,1.0383945299475783
0.06847159843891859,0.185982764698565,0.5248057218268514,0.19925017282366753,0.47315958980470896,0.7906451420858502,0.00034671192803451407,0.8562246678472938,0.2015960214746261,0.25565891438126304,0.8562246678472938
0.056499747559428215,0.8504139371216297,0.8107515005394816,0.22880931477993727,0.4788529761135578,0.8097447836771607,0.00034655376510979,0.6180753181725993,0.20039050337255893,0.399018123317775,0.6180753181725993
0.06298389751464128,0.04470996093004942,0.13924927171319723,0.11859780456870794,0.37879734113812447,0.7706595053896308,0.00034654338827227446,0.7758381174885527,0.21612180427461186,0.3403881167794016,0.7758381174885527
0.028785938397049904,0.3749122740700841,0.8290310595184565,0.8349380502477288,0.4616088503971696,0.8006910290569067,0.00034598721566545464,0.6538058635395401,0.20785174955344346,0.4124786738355895,0.6538058635395401
0.027316109277307987,0.5943232653662562,0.006053093820810318,0.2764200661331415,0.4273237409070134,0.6539836656302214,0.00034584310422750074,0.81372923802753,0.16596995404575804,0.34741709686434963,0.81372923802753
0.09599315281957388,0.4109019339084625,0.655347315594554,0.04873369447886944,0.30461687222123146,0.7939608655869961,0.0003456530527859381,0.960679731570882,0.1666103472738834,0.3425811927009535,0.960679731570882
0.027851872146129608,0.6173055972903967,0.5570028899237514,0.2404283732175827,0.4387354450300336,0.37402189150452614,0.0003456354351807319,0.5326802139641499,0.24950506104336362,0.36483920508300405,0.5326802139641499
0.0816926397383213,0.885059580206871,0.15232338476926088,0.30289806984364986,0.4118014667183161,0.8222895422950387,0.0003452188149083569,0.6071823380518115,0.20569389279266911,0.396967948890532,0.6071823380518115
0.09940084163099527,0.8892766265198588,0.14761833287775517,0.24253838323056698,0.3088867515325546,0.5274276295676827,0.00034485856221123256,0.47685898115798436,0.2607340136927596,0.3507914796296278,0.47685898115798436
0.8054272029548883,0.4380629789084196,0.6308692255988717,0.05494289379566908,0.3956717252731323,0.8106995830312371,0.00034462146492395326,0.7204559464815916,0.21499883548908044,0.3893295065459381,0.7204559464815916
0.0119168134406209,0.2701483741402626,0.41219622921198606,0.5046385321766138,0.4918030146509409,0.7763166073709726,0.00034410198596910896,0.7775415589377023,0.23371550573789868,0.24842341189581885,0.7775415589377023
0.05133941676467657,0.501143460161984,0.7817079713568091,0.2352651348337531,0.40253914054483175,0.9237044751644135,0.00034396736382925707,0.952074783782841,0.16963483876904573,0.3385727858227746,0.952074783782841
0.14796511735767126,0.4238514192402363,0.0641218600794673,0.5940708145499229,0.4859271654859185,0.7884721821174026,0.00034367236870523404,0.7674344418777704,0.21079443007570692,0.32009795903354676,0.7674344418777704
0.046586002223193645,0.6092641083523631,0.8642531409859657,0.23204067908227444,0.378652123734355,0.7340304916724563,0.0003436005959325023,1.0233798651205195,0.12533630407669075,0.28739629946178014,1.0233798651205195
0.009408649988472462,0.795050511136651,0.6328943865373731,0.317393840290606,0.3906300896778703,0.6083190953359008,0.0003434701715663796,0.5037995706305857,0.21890801762796092,0.3316215434710559,0.5037995706305857
0.017822795547544956,0.9921715250238776,0.607780622318387,0.27379696257412434,0.37057131342589855,0.8937256950885057,0.0003434537083045502,0.4771232314116092,0.21840062594312026,0.4057609730303175,0.4771232314116092
0.08855167496949434,0.4631731817498803,0.8575409976765513,0.2661418616771698,0.4511655392125249,0.7721251752227545,0.0003433347043672044,1.1115762270676084,0.13788464917683577,0.25495608920157314,1.1115762270676084
0.04038095008581877,0.9364789137616754,0.2423017928376794,0.27509196382015944,0.44714969862252474,0.4851162312552333,0.00034280665737315523,0.44961189461736883,0.2698537493072604,0.350177372068139,0.44961189461736883
0.20082933641970158,0.37731802463531494,0.2850487716495991,0.025675587356090546,0.4805132793262601,0.7443550042808056,0.00034260154941364343,0.897540231834011,0.18918724389695232,0.3470068725448074,0.897540231834011
0.1580658657476306,0.41961381305009127,0.5208608405664563,0.030044562183320522,0.4174959110096097,0.7660120259970427,0.00034250208052929206,1.019075575322637,0.14247969012621856,0.3953720847349669,1.019075575322637
0.1260812971740961,0.9304076982662082,0.22247167117893696,0.28795256931334734,0.36906037759035826,0.7497038235887885,0.00034224784460407776,0.6424342299070759,0.20406281725153463,0.4397392699253164,0.6424342299070759
0.012522093951702118,0.6488217078149319,0.10080146696418524,0.24628313072025776,0.4978030202910304,0.6328664198517799,0.0003417879395388393,0.6530430430788436,0.18318006110335142,0.36524452557246334,0.6530430430788436
0.006737306714057922,0.9756667092442513,0.5674816556274891,0.2613946236670017,0.4994993731379509,0.47625143360346556,0.00034141408960736716,0.4070941277113105,0.28088783340848394,0.3057458998842136,0.4070941277113105
0.026049457490444183,0.7794002061709762,0.25433517433702946,0.31466255988925695,0.37490521371364594,0.6895967442542315,0.0003412780247272621,0.6902823450740608,0.18721548992004744,0.3580093853170613,0.6902823450740608
0.06613441091030836,0.29728586226701736,0.35646619740873575,0.13747137505561113,0.39694418385624886,0.7386693023145199,0.00034126023398103384,1.0408802730955007,0.14753351238357998,0.2780798002394115,1.0408802730955007
0.0493162265047431,0.9533595209941268,0.16856094263494015,0.25465751625597477,0.45941075310111046,0.17062534764409065,0.00034114611901297354,0.4087863492415183,0.29964147947079534,0.3018074329952257,0.4087863492415183
0.08174186199903488,0.16687591839581728,0.9221188500523567,0.060959513299167156,0.399402710609138,0.7757133170962334,0.00034057732731134616,0.8145519178995398,0.20128821094123187,0.3266693810105572,0.8145519178995398
0.0610786871984601,0.36408955603837967,0.1691947216168046,0.46294424775987864,0.4987941002473235,0.8038410414010286,0.00034024685606079327,0.833970647611962,0.2196163419034577,0.2626084827503948,0.833970647611962
0.03543836623430252,0.011833710595965385,0.5979401199147105,0.25994658283889294,0.33897779043763876,0.6679751267656684,0.00033965599029621874,0.6874056611310053,0.24724228987153954,0.29977343047718125,0.6874056611310053
0.13526562973856926,0.3863115580752492,0.992166806012392,0.4189428798854351,0.45149014983326197,0.7791514014825225,0.00033885301273589075,0.9368438066943361,0.19674325321274644,0.2761809133009254,0.9368438066943361
0.011748281307518482,0.6564646987244487,0.4965463439002633,0.25567464530467987,0.47165748849511147,0.9248673301190138,0.0003378988742058371,0.7043556794372876,0.21109428538017483,0.2713624929011764,0.7043556794372876
0.04689141549170017,0.2641946617513895,0.32873126398772,0.30187744554132223,0.4035159982740879,0.5884486958384514,0.00033772808294344197,0.7060950390335466,0.22212829649220286,0.3436180536150978,0.7060950390335466
0.0074829477816820145,0.1332221096381545,0.17226366512477398,0.5615722816437483,0.3971666097640991,0.7972731878980994,0.0003375944606672593,0.734361009697118,0.23501510854519822,0.3127687022228811,0.734361009697118
0.1297344621270895,0.4468510299921036,0.8920126780867577,0.18170249462127686,0.42441557813435793,0.8236990673467517,0.00033709233624683207,1.0753560717041748,0.14512683462667963,0.2928022793652626,1.0753560717041748
0.5906050307676196,0.4557237820699811,0.8724807193502784,0.00718709547072649,0.4149987520650029,0.806318293325603,0.00033696365701576717,0.7887293128323694,0.21179144655090035,0.36270331307764087,0.7887293128323694
0.0032088886946439743,0.24188386462628841,0.9841609839349985,0.9054457563906908,0.44333226326853037,0.7917211633175611,0.0003369213862756852,0.6033311848265857,0.23562135973066345,0.3745311374212842,0.6033311848265857
0.011208761483430862,0.6803626175969839,0.9376014824956656,0.22748024202883244,0.3966585658490658,0.07837711647152901,0.00033671521510651584,0.4020781237959081,0.2786650390108644,0.3670329434367104,0.4020781237959081
0.1126720355823636,0.40563575737178326,0.6068487036973238,0.013869773596525192,0.36694983020424843,0.6619316637516022,0.0003362420565556842,0.8133419514543465,0.1970009815843494,0.3891744211214204,0.8133419514543465
0.1723820948973298,0.3219313435256481,0.4474054370075464,0.2395872212946415,0.3588371118530631,0.6580661591142416,0.00033592592375251295,0.9080991378992036,0.1797647590728967,0.29071644996575224,0.9080991378992036
0.0593066792935133,0.5935983788222075,0.2427816605195403,0.2291567400097847,0.3558161770924926,0.5658384133130312,0.0003357484869783379,0.7304077666680844,0.18365422009282323,0.43644851118919586,0.7304077666680844
0.16744864732027054,0.2805082695558667,0.005785810761153698,0.2674452355131507,0.3591560432687402,0.6921099340543151,0.0003354406958759856,0.9215026525120025,0.18232893300137543,0.2594796844065581,0.9215026525120025
0.2032768428325653,0.44555631186813116,0.8304189527407289,0.23675494641065598,0.34386235382407904,0.8078878996893764,0.0003350464249210641,1.1096193686783131,0.13980831104748168,0.24660944613565935,1.1096193686783131
0.049041129648685455,0.3851376073434949,0.7568450774997473,0.17593449633568525,0.46214214339852333,0.7247702972963452,0.00033461140397986184,1.0216810461290395,0.15561966167658084,0.2827902301085595,1.0216810461290395
0.041019050404429436,0.8581112679094076,0.29015530832111835,0.27004542853683233,0.27589465118944645,0.6669821832329035,0.0003345950301600528,0.5726060137406603,0.23878763972445097,0.3132982696991939,0.5726060137406603
0.08617132436484098,0.5220018913969398,0.38822005689144135,0.2632820922881365,0.44191987812519073,0.8443473763763905,0.0003343161167206101,1.0428947586227229,0.16390350428048778,0.24269159474023666,1.0428947586227229
0.07264867145568132,0.6439262060448527,0.013287028297781944,0.24315358325839043,0.5124081820249557,0.7696048188954592,0.000334186539203218,0.8179301648917375,0.18765354256528854,0.2651621237127694,0.8179301648917375
0.022340659983456135,0.2218156773597002,0.5689645251259208,0.8567246692255139,0.4311754731461406,0.7748509226366878,0.00033346501108526613,0.6294448911692495,0.2183880463909819,0.386930553681961,0.6294448911692495
0.3754169149324298,0.4584410972893238,0.4648297829553485,0.30847483314573765,0.3553919503465295,0.8269545286893845,0.0003331933010011028,0.9738596991467277,0.17163722547830532,0.27530775357403076,0.9738596991467277
0.07604300789535046,0.9918660670518875,0.3877552803605795,0.24853693787008524,0.3449560720473528,0.2062604920938611,0.0003330203054512983,0.4088302220060976,0.3029714114022889,0.2803805744389176,0.4088302220060976
0.13281269185245037,0.35151839815080166,0.5621696058660746,0.1813018647953868,0.4946053372696042,0.808290209621191,0.0003329100287988919,0.9264141834997747,0.1905195862270221,0.23332018646913583,0.9264141834997747
0.03383002430200577,0.46585310623049736,0.4772085342556238,0.24805749487131834,0.2668457590043545,0.42519504856318235,0.00033262720257734823,0.5527702005879725,0.2533032490354137,0.34012220699252915,0.5527702005879725
0.2134911473840475,0.4901237217709422,0.10489668045192957,0.067021943628788,0.3277506697922945,0.8664264213293791,0.0003324809309685516,0.9111910377286792,0.19010747170132816,0.3272826287576102,0.9111910377286792
0.5138485608622432,0.40541528817266226,0.5045554703101516,0.04503198619931936,0.4001898616552353,0.8245220901444554,0.0003323994657145633,0.83491553172558,0.19560256327222345,0.3720741708849244,0.83491553172558
0.02171898540109396,0.47864076774567366,0.751142717897892,0.2357680844143033,0.30500420182943344,0.24456896260380745,0.00033231478877073406,0.4705397630403435,0.2610194898864758,0.36091155721112134,0.4705397630403435
0.18388724699616432,0.3520540203899145,0.3255822267383337,0.3273582002148032,0.4495274033397436,0.8219918208196759,0.00033217516707046763,0.98191874909946,0.18529455445798718,0.23628426855855156,0.98191874909946
0.010238095186650753,0.7458742037415504,0.7593955099582672,0.2491273507475853,0.24036856275051832,0.6195930643007159,0.0003321230662802942,0.5503315841499401,0.23767645794078948,0.2720846506123405,0.5503315841499401
0.036180708557367325,0.49791272543370724,0.5776815293356776,0.22926320414990187,0.3698033271357417,0.8546538567170501,0.00033208734889923893,1.0937933280894847,0.14288912169345466,0.3204731463309618,1.0937933280894847
0.07820882834494114,0.5707556195557117,0.5834131762385368,0.27328713703900576,0.3016912639141083,0.6427313443273306,0.00033196759148092724,0.7626252193794055,0.19908978299527258,0.3083361601081452,0.7626252193794055
0.029587168246507645,0.8454592432826757,0.5896700602024794,0.22079097013920546,0.29362910334020853,0.7118728784844279,0.00033195397146653196,0.6418364037263466,0.20873421680429474,0.3539541635992221,0.6418364037263466
0.08946444932371378,0.23835000209510326,0.1024022102355957,0.035329531878232956,0.35213156323879957,0.7274175379425287,0.00033183077402361,0.861787840066001,0.18507367009715975,0.33779697416266086,0.861787840066001
0.1595424795523286,0.3142626266926527,0.9658793760463595,0.2613389268517494,0.40593983326107264,0.8027830766513944,0.00033165239937885707,1.0454067364709068,0.16178494098984544,0.23377887853428647,1.0454067364709068
0.06054534204304218,0.9200237896293402,0.20639831479638815,0.26002702582627535,0.32608920615166426,0.8791539613157511,0.00033159741597681884,0.5724812814417153,0.21995047192012726,0.39693428212881704,0.5724812814417153
0.007287823595106602,0.5454526683315635,0.9898334536701441,0.2682863576337695,0.43942155968397856,0.27696215081959963,0.0003315662996242197,0.480577624357954,0.27395301040889913,0.3427423186134217,0.480577624357954
0.13946800865232944,0.08553620893508196,0.05628492310643196,0.30063643865287304,0.5005969032645226,0.7754578134045005,0.00033126663221275685,0.6834595347382596,0.24448363515582913,0.2630267008085936,0.6834595347382596
0.05845971032977104,0.0846097320318222,0.30057259276509285,0.6035610558465123,0.4328077230602503,0.7895166575908661,0.00033111760135814917,0.6622929543624829,0.24796005024942558,0.31132377124313604,0.6622929543624829
0.0642778454348445,0.8452773625031114,0.4301901552826166,0.25467412918806076,0.30361262429505587,0.3993380554020405,0.0003308701576437279,0.4477965091618248,0.2797766497852629,0.2766234458191767,0.4477965091618248
0.0007060104981064796,0.48575215693563223,0.0824719937518239,0.21335172560065985,0.2691133236512542,0.9169045276939869,0.00033081312927832313,0.8880170561190386,0.207286310990357,0.2638213806800515,0.8880170561190386
0.021186119876801968,0.25218531023710966,0.8236345546320081,0.25551025103777647,0.4883289933204651,0.6516768885776401,0.00033079503596224533,0.7319629503074772,0.22434862619519003,0.2970588846327475,0.7319629503074772
0.052808258682489395,0.3151011085137725,0.22893460281193256,0.33215462137013674,0.37357308249920607,0.5930461343377829,0.00033053524526498163,0.7340732220512817,0.21896934758664546,0.3639245338438963,0.7340732220512817
0.01925584301352501,0.43879576958715916,0.9610235411673784,0.21611352358013391,0.4965363126248121,0.7560102948918939,0.0003301552949323481,1.034999431885713,0.1689578877826942,0.2698195181208196,1.034999431885713
0.0687629310414195,0.09561402164399624,0.30116422288119793,0.023737800307571888,0.3440925804898143,0.7665517935529351,0.00033013124334977203,0.7603187671303029,0.21970660313493195,0.34640707259161313,0.7603187671303029
0.09259381424635649,0.9448893638327718,0.5013837749138474,0.2438524579629302,0.38950480055063963,0.12498244643211365,0.00032987975718736293,0.38113318115659145,0.29424911644019547,0.30446599977562405,0.38113318115659145
0.05979819782078266,0.7744519459083676,0.095305017195642,0.32268185820430517,0.4307339759543538,0.7890517488121986,0.00032968849763353477,0.7126742341344823,0.18733436437210085,0.32552185140805573,0.7126742341344823
0.01451137475669384,0.7480172012001276,0.931932051666081,0.25325885228812695,0.5092230336740613,0.2601939458400011,0.00032964498242322955,0.42784140645518876,0.27941699404696546,0.2886491882394152,0.42784140645518876
0.032658303156495094,0.9687798712402582,0.7822198057547212,0.2538488246500492,0.30618940759450197,0.0024070153012871742,0.0003289074766907971,0.3520783990080524,0.3237819451168476,0.2597545524519005,0.3520783990080524
0.0476089958101511,0.4312527561560273,0.47102109622210264,0.3644667686894536,0.35331457294523716,0.7433454189449549,0.0003288390437626489,1.0801494326402061,0.15136001893792786,0.2816785521696698,1.0801494326402061
0.035477411933243275,0.8551979418843985,0.003989855758845806,0.23835420608520508,0.24824918527156115,0.6417813720181584,0.00032881697921117856,0.5211553096837777,0.24593567692813323,0.30027974637058824,0.5211553096837777
0.11779625620692968,0.08130303956568241,0.37461560405790806,0.3360059717670083,0.3690809281542897,0.7954260604456067,0.0003285971702495917,0.8013904534662519,0.22804357996211772,0.276982022270275,0.8013904534662519
0.005761927925050259,0.47097252402454615,0.27148562017828226,0.2652855599299073,0.44585910998284817,0.3570578908547759,0.0003285047037047496,0.5690036325247276,0.2497349979634183,0.382658086147346,0.5690036325247276
0.17391584627330303,0.29152979981154203,0.2929238621145487,0.08774411957710981,0.42246426828205585,0.7803578460589051,0.00032724338912902,0.9767631357054977,0.16689349006787624,0.2876951405306557,0.9767631357054977
0.07373430486768484,0.4705489119514823,0.9027322670444846,0.29621744342148304,0.3884986760094762,0.6547336969524622,0.00032699843070932433,0.8956802231156924,0.17244567529562707,0.3584955379177404,0.8956802231156924
0.21740218065679073,0.4151597758755088,0.24182363040745258,0.9195546293631196,0.43760945089161396,0.8045851439237595,0.0003268684961454518,0.6585599840343345,0.19489839645228585,0.4651899335210963,0.6585599840343345
0.02057020552456379,0.4745893804356456,0.4972336068749428,0.039172299206256866,0.35930070001631975,0.8995492989197373,0.0003267942824632809,0.8801879333840238,0.17070086387165873,0.3942885945220205,0.8801879333840238
0.022301670163869858,0.2425270676612854,0.030002286657691002,0.21646190620958805,0.36959647852927446,0.6175576690584421,0.00032657663993425963,0.7802956563509262,0.19697644253918287,0.3462116060935744,0.7802956563509262
0.2474967772141099,0.4083452317863703,0.7598131904378533,0.28263741824775934,0.47503921017050743,0.7999855466187,0.00032646641948006193,0.9639967619445338,0.1851254530683455,0.2288533904584611,0.9639967619445338
0.06821846682578325,0.409978898242116,0.9950735298916698,0.05638415925204754,0.4854432428255677,0.696154048666358,0.00032636098218091775,0.8173782841261393,0.1983525293956389,0.3416435722042215,0.8173782841261393
0.062178563326597214,0.2087567700073123,0.6269572712481022,0.33540226239711046,0.42228174209594727,0.8298580143600702,0.000326199439586948,0.8404378153350999,0.21240747096915055,0.27253085386272324,0.8404378153350999
0.06350385211408138,0.8376945909112692,0.03496215119957924,0.24728199280798435,0.290878402069211,0.16010418720543385,0.00032605129063027267,0.3699678726367406,0.2949632458459329,0.2740258347075377,0.3699678726367406
0.02074362337589264,0.9838389996439219,0.0802696393802762,0.23962873965501785,0.2652608808130026,0.10985816270112991,0.00032575129300437737,0.3519355094781788,0.3101823367392094,0.2664428860745708,0.3519355094781788
0.09563394356518984,0.8186906287446618,0.8694112729281187,0.2737560272216797,0.40233976300805807,0.6615931708365679,0.0003255740803009666,0.5933270241958093,0.19708002847455222,0.366111258256163,0.5933270241958093
0.16937907319515944,0.465160358697176,0.1470828391611576,0.19649336207658052,0.351311176083982,0.837702882476151,0.00032543099953278193,1.1110439131409031,0.14277421759147202,0.2639818000223685,1.1110439131409031
0.07136179506778717,0.3779030665755272,0.8727618148550391,0.37877038586884737,0.33029983937740326,0.7819546805694699,0.00032533010611951685,1.0203266726419975,0.1764626297468012,0.26991778424336865,1.0203266726419975
0.032180722802877426,0.8569613732397556,0.1794718187302351,0.2581723388284445,0.5013729138299823,0.46988654509186745,0.0003249354454566968,0.4436706320913894,0.26048820157984026,0.33274518997774083,0.4436706320913894
0.03129104524850845,0.8084720205515623,0.39051175955682993,0.30288437381386757,0.31753050070255995,0.621407494880259,0.000324828478405209,0.5417676828691371,0.23151561759797695,0.3058025892233925,0.5417676828691371
0.05312321800738573,0.5496218437328935,0.44253996200859547,0.2987966099753976,0.2937153810635209,0.9207542529329658,0.0003241574950721421,0.8348034869281586,0.22539799471148353,0.24708537504803266,0.8348034869281586
0.016001565381884575,0.996448066085577,0.26587650272995234,0.2819782476872206,0.4577549612149596,0.6789215905591846,0.00032384205853895886,0.5294963307929137,0.23355790296290013,0.42136009975840416,0.5294963307929137
0.0205202829092741,0.6927119549363852,0.7098981635645032,0.28159347642213106,0.3308059461414814,0.9467225223779678,0.00032359843346576814,0.6700953183575353,0.23418005090191996,0.2563759999022413,0.6700953183575353
0.42403659131377935,0.39662901405245066,0.7692999970167875,0.1682666279375553,0.43600595463067293,0.805726177059114,0.0003226496426066656,0.9253177117715498,0.17963415316832365,0.2846002063643197,0.9253177117715498
0.004140990786254406,0.9324545273557305,0.0030638128519058228,0.2628891859203577,0.5204741740599275,0.8425840055570006,0.00032261493004686877,0.4612110086549852,0.2373009811307048,0.35244476178969847,0.4612110086549852
0.10329221561551094,0.7740682158619165,0.1588334795087576,0.25202476140111685,0.355067721568048,0.8357395678758621,0.0003224916146721747,0.7592686654025471,0.1843759520795235,0.33944973419359986,0.7592686654025471
0.09569839481264353,0.10056442394852638,0.07960401754826307,0.01570610422641039,0.4127682875841856,0.7394198877736926,0.00032246478427875854,0.7239403598118598,0.221153312901354,0.3629082715490118,0.7239403598118598
0.11011347826570272,0.8728459915146232,0.8830416221171618,0.28860232420265675,0.4646691447123885,0.7946084719151258,0.00032223455067569256,0.5852178032559094,0.21165736967032472,0.3722588954604004,0.5852178032559094
0.04298749193549156,0.002170158550143242,0.9298401530832052,0.12304306030273438,0.4418213851749897,0.7494908245280385,0.00032215364521578276,0.6956498947022837,0.24423751680851935,0.34121432471289637,0.6956498947022837
0.031223557889461517,0.39407422207295895,0.6491640247404575,0.5660493206232786,0.480977070517838,0.7710033925250173,0.0003212898533614213,0.8091146859188015,0.21466660480421976,0.32522364951757005,0.8091146859188015
0.067010716535151,0.0801523569971323,0.9543051002547145,0.4622204629704356,0.4537708731368184,0.7655918877571821,0.0003208644083088913,0.679425198395903,0.2520329122569363,0.28780875292997443,0.679425198395903
0.10357696376740932,0.2867817096412182,0.6044401871040463,0.24988170713186264,0.31579369120299816,0.7254513148218393,0.00032076073982570104,0.9785497340171095,0.1703362042831242,0.2300348740825685,0.9785497340171095
0.026056827045977116,0.1737984847277403,0.756066688336432,0.4879437778145075,0.41549424827098846,0.760578109882772,0.0003204306219376098,0.7829753784468453,0.22509767880021278,0.2929118827796864,0.7829753784468453
0.03228496387600899,0.4073545876890421,0.706303283572197,0.7538953591138124,0.4894288657233119,0.792935230769217,0.0003202660877138487,0.6670291246102632,0.2191068255904249,0.3678810934041479,0.6670291246102632
0.15396601427346468,0.36270024068653584,0.8974004527553916,0.07398660853505135,0.38088665809482336,0.7582782963290811,0.0003194814276942335,1.0284145439769758,0.14795444497660537,0.33155495912280686,1.0284145439769758
0.04626881889998913,0.5856859944760799,0.7340702470391989,0.2699056304991245,0.4028601134195924,0.9577483097091317,0.0003188674706443239,0.7856725704998353,0.2070996545938351,0.2920499697469973,0.7856725704998353
0.08011617045849562,0.8534782333299518,0.9215396894142032,0.2441539652645588,0.44358238112181425,0.014880410395562649,0.000317505978808863,0.3814378403782957,0.30548689396885104,0.3226525827717473,0.3814378403782957
0.03850170411169529,0.29942215979099274,0.06708092428743839,0.928240449167788,0.3928693365305662,0.7727587847039104,0.00031736474746442184,0.6997649251649569,0.20678155829424516,0.44250004557116945,0.6997649251649569
0.10793316643685102,0.5410492597147822,0.025469751097261906,0.30672821402549744,0.31481599528342485,0.7632499951869249,0.0003173594545505745,1.0139894046278557,0.16885173019824676,0.23420631549991966,1.0139894046278557
0.07668801676481962,0.7889836048707366,0.08989035058766603,0.23800294566899538,0.42416988033801317,0.8838304989039898,0.0003169888270689311,0.6623196409239409,0.18067882857108875,0.3603258099362076,0.6623196409239409
0.049142745323479176,0.46358021907508373,0.25343238841742277,0.46261985041201115,0.42787093576043844,0.8202121602371335,0.0003169311188363824,0.9734220192292407,0.18288862518469862,0.3165515900450997,0.9734220192292407
0.017119858413934708,0.1395648568868637,0.6267058178782463,0.24127207696437836,0.5838454458862543,0.8099020002409816,0.0003168558380244374,0.593439705945898,0.2617777793206125,0.24900221237919232,0.593439705945898
0.1466796938329935,0.23405873496085405,0.625499764457345,0.10980269312858582,0.475764443166554,0.7840605862438679,0.0003167343012439,0.8105733312907455,0.20997918599465482,0.2676107999067802,0.8105733312907455
0.006329210475087166,0.37996355164796114,0.11504524387419224,0.31516222562640905,0.483470699749887,0.644662793725729,0.0003166729859037072,0.7738629378456513,0.20460940211703169,0.33164675588050074,0.7738629378456513
0.029651985503733158,0.9829701129347086,0.8616375029087067,0.33960216771811247,0.44475986063480377,0.8128308719024062,0.00031656003168528874,0.501572913059814,0.24287553655274963,0.39018112155013274,0.501572913059814
0.09117403160780668,0.796436314471066,0.573394451290369,0.2631730968132615,0.3149637160822749,0.5301284929737449,0.00031646427442555284,0.47797202429929975,0.24634803802399902,0.3241292898064581,0.47797202429929975
0.10379504039883614,0.9850817490369081,0.22744911443442106,0.24107190314680338,0.41385410632938147,0.3036403050646186,0.00031583126650904306,0.4649170739172756,0.282924377435474,0.33131609106425897,0.4649170739172756
0.09874152764678001,0.9284762106835842,0.26211393252015114,0.25160904601216316,0.2846334343776107,0.7881305878981948,0.0003155653717667055,0.621467087481543,0.23074499742170926,0.3680120689734432,0.621467087481543
0.043339827097952366,0.0809846268966794,0.4342409176751971,0.2660452211275697,0.4174378728494048,0.8424877049401402,0.0003149421432084512,0.7893924361045973,0.2252042305981953,0.2971785616658454,0.7893924361045973
0.07886057998985052,0.6095307869836688,0.9513114895671606,0.23256926890462637,0.2928035771474242,0.9152465313673019,0.00031494035685506356,0.803727482708051,0.2240081507257041,0.26471430006535435,0.803727482708051
0.08038643095642328,0.4344689445570111,0.29462498892098665,0.23751853872090578,0.28386021591722965,0.9678230453282595,0.00031471763797266976,0.8701607993537377,0.21082523645276127,0.276959062662239,0.8701607993537377
0.07648622803390026,0.7809741273522377,0.4445912493392825,0.26004501339048147,0.41932552494108677,0.6739066485315561,0.00031456972758251654,0.6691149750356716,0.16799326420813038,0.363790292816865,0.6691149750356716
0.03659128025174141,0.2834709445014596,0.34622740745544434,0.061056094244122505,0.49850281421095133,0.83034688513726,0.0003144831273982345,0.789963137825941,0.20971175919821397,0.28605516347194515,0.789963137825941
0.18120016250759363,0.17802594974637032,0.060085742734372616,0.09610991831868887,0.45478660613298416,0.8022956363856792,0.00031447746260774895,0.7633722658359998,0.21077408599113362,0.2750461192515951,0.7633722658359998
0.12566561065614223,0.3231999231502414,0.0318741574883461,0.8822340965270996,0.4314067056402564,0.7995854327455163,0.00031433691801193895,0.6517560315642613,0.2002120285252265,0.4281720926211746,0.6517560315642613
0.013707096688449383,0.693011392839253,0.5322370482608676,0.24478339776396751,0.5217742640525103,0.04827119782567024,0.0003143319117279186,0.3676493814020377,0.2955177413302225,0.3057726722767925,0.3676493814020377
0.050430516712367535,0.38347902055829763,0.4313670387491584,0.25616894010454416,0.5098557649180293,0.6541392095386982,0.00031429565897112764,0.7961544030955584,0.19946807598243918,0.31055264284421974,0.7961544030955584
0.06571529246866703,0.40235256496816874,0.8827458471059799,0.871146596968174,0.40766097977757454,0.8035124009475112,0.00031428381703887313,0.6948632525948766,0.18528181941220537,0.45563375758841423,0.6948632525948766
0.05237607657909393,0.32398142479360104,0.2917788401246071,0.21750451903790236,0.5023771347478032,0.7506106626242399,0.0003142356660533912,0.9959443054667729,0.17729024489180664,0.2251760384262858,0.9959443054667729
0.031062351539731026,0.9807149991393089,0.4501160467043519,0.2282471815124154,0.5197879439219832,0.8082665260881186,0.00031356927202441485,0.504062982299375,0.2320587589857756,0.4059941322706836,0.504062982299375
0.014578917995095253,0.4886654829606414,0.36862221732735634,0.3075455129146576,0.24134577810764313,0.8918276904150844,0.0003135007814078023,0.8308332861373308,0.22879344381023542,0.2261540861044573,0.8308332861373308
0.06301094591617584,0.9573211744427681,0.9267132459208369,0.24082129448652267,0.5167935900390148,0.3131612306460738,0.0003132497119133547,0.4357798490375866,0.2757357379811393,0.2930236798150007,0.4357798490375866
0.1195380063727498,0.09446256421506405,0.901161259971559,0.14947166945785284,0.4462922839447856,0.7983457837253809,0.0003132337264654989,0.7412997031274299,0.23016512866052577,0.2959929068874388,0.7412997031274299
0.0498203756287694,0.7615765361115336,0.5034459736198187,0.29792524315416813,0.41675099171698093,0.7037226296961308,0.00031309099726278133,0.7021378687683449,0.16466370451733714,0.3419507334846888,0.7021378687683449
0.022654746659100056,0.4827801585197449,0.6281325174495578,0.016586605459451675,0.4376458115875721,0.6847863048315048,0.00031305363914343814,0.8520678542444733,0.17400716461219504,0.40360553994893483,0.8520678542444733
0.03280835598707199,0.3414199650287628,0.5597361214458942,0.4049248229712248,0.419180765748024,0.8208881337195635,0.00031240144201581844,0.955711267222964,0.18987926482264927,0.30022864997416615,0.955711267222964
0.11584551632404327,0.06403465196490288,0.7788536502048373,0.2846059687435627,0.3536484185606241,0.7127902442589402,0.0003119967987873461,0.7677028820866636,0.22861154230735725,0.290893414780303,0.7677028820866636
0.8889562645927072,0.4567413330078125,0.02042614109814167,0.3397667342796922,0.3921539057046175,0.7995395502075553,0.0003118340340163144,0.7324850219020127,0.22153010683879654,0.3515533318063181,0.7324850219020127
0.031398081220686436,0.8338459683582187,0.29349397122859955,0.2359633781015873,0.5296549163758755,0.21310319192707539,0.00031168599140381665,0.4267068337982101,0.2842478432453539,0.30146289311525876,0.4267068337982101
0.08221985958516598,0.625718941912055,0.4297102056443691,0.24200794380158186,0.3939083432778716,0.5422572093084455,0.0003116305340675296,0.6532211741974574,0.19275894950722022,0.41809762627584374,0.6532211741974574
0.08941480983048677,0.9577581835910678,0.8155265720561147,0.2933795163407922,0.3337684217840433,0.6803701845929027,0.00031162245993976217,0.5322319659577353,0.2502392263016218,0.36153954845264497,0.5322319659577353
0.059069967828691006,0.3194893188774586,0.5703749395906925,0.02643162664026022,0.32636786345392466,0.7892141165211797,0.00031100606411169394,0.9333475538666266,0.17593446441977242,0.35344121701707254,0.9333475538666266
0.3359911348670721,0.3852844312787056,0.15476825181394815,0.23465202003717422,0.49141995422542095,0.7722478387877345,0.0003107724869654103,0.9564623346815363,0.1795868155513288,0.21336836033311657,0.9564623346815363
0.06400737259536982,0.42628187593072653,0.8072278685867786,0.26361935678869486,0.4555055983364582,0.5711588421836495,0.00031074177864974745,0.7077960918187755,0.19996573235959034,0.4300460822088977,0.7077960918187755
0.003343234769999981,0.9496090272441506,0.6524845641106367,0.28861577808856964,0.3079672735184431,0.5273196380585432,0.0003106065544162782,0.41659969610813397,0.284526257527843,0.2888441389984004,0.41659969610813397
0.02952065784484148,0.017310582101345062,0.8638556133955717,0.13257189746946096,0.3739293096587062,0.7904376331716776,0.0003105714397676122,0.7358685921414966,0.23740204298932752,0.32891812307985424,0.7358685921414966
0.8704902725294232,0.4749421561136842,0.2590043619275093,0.3157037068158388,0.38586428575217724,0.846522937528789,0.0003103553687010196,0.7259421076144676,0.22971446894059525,0.35154852629261313,0.7259421076144676
0.08460021764039993,0.32465285807847977,0.8394290050491691,0.22930243704468012,0.4005290064960718,0.591301373206079,0.00031007820972123065,0.7736860532364237,0.19400177365576143,0.4088840894290644,0.7736860532364237
0.11653820797801018,0.461765319108963,0.16554788500070572,0.08586202748119831,0.30829506553709507,0.8790271496400237,0.0003100780760222478,0.9292138187258213,0.18430787774791266,0.31851889246977627,0.9292138187258213
0.2666798969730735,0.3921575425192714,0.03949793428182602,0.31007095519453287,0.4440789194777608,0.7561351098120213,0.00031003491609982924,1.0136556716599996,0.16318421283070855,0.26360923471003583,1.0136556716599996
0.1429465226829052,0.30047076661139727,0.32700849510729313,0.2337238062173128,0.5409006737172604,0.7862874083220959,0.0003100311199088886,0.8446706142130667,0.21535276279929746,0.2038114457862107,0.8446706142130667
0.07940869592130184,0.9313616566359997,0.6237014308571815,0.24140935391187668,0.27087320759892464,0.8330226074904203,0.0003099297391875713,0.5578403699204373,0.24426980245003668,0.34402956206067375,0.5578403699204373
0.05929926689714193,0.48460168298333883,0.7449871487915516,0.08908651489764452,0.43241654988378286,0.8863315572962165,0.00030988655190559067,0.8913288473532027,0.1791977740786347,0.34959427826621237,0.8913288473532027
0.012344942428171635,0.4766749609261751,0.3207878014072776,0.1502926256507635,0.42142623011022806,0.8687264481559396,0.00030967350961934445,1.0315972503210094,0.15317548815705823,0.3283466272576684,1.0315972503210094
0.048416572622954845,0.19442373234778643,0.2188182221725583,0.29302210360765457,0.4098824029788375,0.6627494152635336,0.0003090392057488694,0.8034053262753499,0.21130275369542584,0.3008417484923691,0.8034053262753499
0.040248677134513855,0.35997643787413836,0.033331071957945824,0.6566612543538213,0.4829360041767359,0.8143312623724341,0.00030901048282324473,0.7189068040644924,0.22652535441111163,0.3208831911818282,0.7189068040644924
0.06475368607789278,0.34613716695457697,0.4602011712267995,0.08122792653739452,0.5413089394569397,0.7952523352578282,0.0003089480431337814,0.7842186980217606,0.2214115829345569,0.2510819621361095,0.7842186980217606
0.07110847998410463,0.0007664170116186142,0.6422028737142682,0.8200640939176083,0.43783588521182537,0.7776533383876085,0.0003082747944622966,0.5164187772681658,0.26494078491105033,0.3276315398064292,0.5164187772681658
0.06145772337913513,0.2851815549656749,0.6657743938267231,0.17931804060935974,0.39244042709469795,0.6473904568701982,0.00030805296849003086,0.8246528758893913,0.192425332864662,0.31535013925364097,0.8246528758893913
0.09181886725127697,0.99980896897614,0.9005294656381011,0.2502832906320691,0.3924575708806515,0.3172805216163397,0.0003079582841891039,0.43477634254040093,0.2895397445301537,0.29688494715927016,0.43477634254040093
0.0695714745670557,0.28066237457096577,0.052882611751556396,0.06392482668161392,0.416178522631526,0.827616554684937,0.000307705399887276,0.8989393630819146,0.16503490049404132,0.3321375465362033,0.8989393630819146
0.025003960356116295,0.2501908503472805,0.014951763674616814,0.741073158569634,0.38661862909793854,0.7902557170018554,0.0003075252202162093,0.7334688641472706,0.2188702662406907,0.35870016992011317,0.7334688641472706
0.1325998790562153,0.8159762071445584,0.48041180800646544,0.2576125906780362,0.3580638784915209,0.5877482471987605,0.00030730995092743263,0.5206525175036933,0.21131995499104758,0.3620301320000448,0.5206525175036933
0.07023056410253048,0.6336446739733219,0.9210746111348271,0.25889150705188513,0.34717170242220163,0.9341646041721106,0.00030730130646677985,0.7786509267161383,0.21419685212556894,0.28034221828552286,0.7786509267161383
0.14753684680908918,0.3268838953226805,0.17164405342191458,0.24712229147553444,0.4155561048537493,0.8164236657321453,0.0003072841575937002,1.1016897313128924,0.13973768002266118,0.231737399077007,1.1016897313128924
0.02848802413791418,0.6519996048882604,0.26371872145682573,0.30674477107822895,0.40902281180024147,0.5583689529448748,0.0003072625138677095,0.6042470564013567,0.20509478177731016,0.3894670386340189,0.6042470564013567
0.03245200589299202,0.5212097326293588,0.6339160595089197,0.002491958439350128,0.46904678363353014,0.877036583609879,0.00030721255019714106,0.7732956209930222,0.21968294229315571,0.35855367079822154,0.7732956209930222
0.04659336991608143,0.437506714835763,0.36593983601778746,0.08989519160240889,0.33317979983985424,0.7884098682552576,0.000307157913628472,1.0916626669967464,0.12514479720417637,0.3079760518988931,1.0916626669967464
0.10963924881070852,0.15806342661380768,0.07575621735304594,0.6744085131213069,0.43610040564090014,0.7799027822911739,0.00030710089727571633,0.6652117635472102,0.23900426002331987,0.3041219384972933,0.6652117635472102
0.09063328336924314,0.3222051365301013,0.49407502356916666,0.4121053395792842,0.4166215509176254,0.7911333106458187,0.0003070464925054619,0.9695728522870454,0.1862840632277888,0.2636842024168348,0.9695728522870454
0.04725628159940243,0.7360816225409508,0.33432542253285646,0.22765771578997374,0.2858705287799239,0.5504629062488675,0.0003066295376339832,0.5557355859890784,0.2314361694320805,0.34186185767499694,0.5557355859890784
0.7167970184236765,0.4521274073049426,0.653623953461647,0.14296340476721525,0.4007812552154064,0.8195252828299999,0.0003065756248319578,0.7750695562866464,0.20011617141943805,0.37285923713513913,0.7750695562866464
0.04934435337781906,0.4715889999642968,0.14921994972974062,0.031521596014499664,0.41513802111148834,0.6220549819990993,0.00030618771955698076,0.7530001915641268,0.1744591124114343,0.4432905311666304,0.7530001915641268
0.09440121054649353,0.2738916426897049,0.331791159696877,0.07146633416414261,0.3563223956152797,0.6666345363482833,0.0003060970261427824,0.8147513842879913,0.1991553114862574,0.2986803877159459,0.8147513842879913
0.012619053944945335,0.9240780174732208,0.722556128166616,0.29007941391319036,0.4070981154218316,0.29785601794719696,0.00030607365533788305,0.405853192123827,0.29569440001110076,0.22724106454045134,0.405853192123827
0.14203007239848375,0.4658224619925022,0.5548801841214299,0.07075571175664663,0.4520532479509711,0.8679111357778311,0.00030602357380956344,0.8789403313195306,0.18619083468425984,0.3492559459723207,0.8789403313195306
0.05503782723098993,0.0670827804133296,0.6672773873433471,0.07856448367238045,0.5040523204952478,0.7719875881448388,0.0003059428478049698,0.6318100633084361,0.25132428064246537,0.28609946358004085,0.6318100633084361
0.08622734434902668,0.3505798140540719,0.15898668766021729,0.35186088643968105,0.3972661141306162,0.6416085781529546,0.00030593301928731517,0.8253269030339205,0.20254565367781985,0.3327278749467404,0.8253269030339205
0.13435299415141344,0.3488589860498905,0.1260500131174922,0.2615898931398988,0.5403660703450441,0.8127934010699391,0.00030506695850022114,0.8308586263941049,0.21726187775793096,0.21019469708342944,0.8308586263941049
0.16628437116742134,0.048239121213555336,0.7531115561723709,0.036587643437087536,0.44792893435806036,0.8076158864423633,0.0003047198710291231,0.6242244806007906,0.2528943615735658,0.31318259296342005,0.6242244806007906
0.14407318737357855,0.48338034003973007,0.2162007838487625,0.3841963643208146,0.3731366703286767,0.8512881929054856,0.00030468798016163853,1.000446639127099,0.18447458667616523,0.2963238107043835,1.000446639127099
0.15977189783006907,0.49107871670275927,0.8591415388509631,0.3239362854510546,0.35482297744601965,0.8961830949410796,0.0003044764450038763,0.9154407532068655,0.20056477414747043,0.3008922481849091,0.9154407532068655
0.11000884603708982,0.12791914958506823,0.8896316699683666,0.24563254229724407,0.3460475243628025,0.8169672517105937,0.00030412795506997873,0.8584690848040627,0.20572867622172958,0.28483821246561275,0.8584690848040627
0.07496032118797302,0.20652039907872677,0.7859662845730782,0.27279498148709536,0.41026056464761496,0.6915892288088799,0.00030401339414907173,0.8538262813814598,0.202386517931653,0.27810866501499837,0.8538262813814598
0.14528890047222376,0.8629986420273781,0.6011508293449879,0.25097505282610655,0.3762750430032611,0.7393349464982748,0.00030398820286574145,0.6777737233693037,0.1727011420078842,0.42038076636782656,0.6777737233693037
0.6004081172868609,0.40611255913972855,0.10274812486022711,0.2257181378081441,0.4707899931818247,0.7783729713410139,0.0003039869575331476,0.8350368021858222,0.19320567224445528,0.29387386404194005,0.8350368021858222
0.013169570825994015,0.6209699278697371,0.831462130881846,0.2969673126935959,0.4046218115836382,0.4503961931914091,0.00030378671852648674,0.5203659718562352,0.2554653240223908,0.341422527947775,0.5203659718562352
0.011171529069542885,0.037156120873987675,0.27993495389819145,0.5593100758269429,0.46711333096027374,0.8131705597043037,0.00030256473798709235,0.6035637383827132,0.2716999032522287,0.2870931505557385,0.6035637383827132
0.01348409615457058,0.4342846814543009,0.7020401814952493,0.2713862042874098,0.3055701460689306,0.15535030234605074,0.0003022867976579441,0.380419803934432,0.25056075504293784,0.3465352524794373,0.380419803934432
0.8215885618701577,0.36972670536488295,0.23048987798392773,0.0006697895005345345,0.4632939547300339,0.7933640256524086,0.00030224891193811825,0.663309718355038,0.24409106583353452,0.35460419295687656,0.663309718355038
0.18375156912952662,0.3050141306594014,0.822161908261478,0.03384334407746792,0.4094579117372632,0.727018897421658,0.0003020012697453807,0.8863072019645525,0.1849815532272343,0.3459115424071209,0.8863072019645525
0.08363032899796963,0.2253468558192253,0.5105469832196832,0.09309054259210825,0.3703908212482929,0.7807679232209921,0.0003019733165912165,0.9148404442275929,0.17098247889683776,0.29205886194113234,0.9148404442275929
0.06754082813858986,0.2653521476313472,0.26574493385851383,0.9467328442260623,0.4434256637468934,0.7602037014439702,0.00030175001938265844,0.6511307944889902,0.21683791812525643,0.43196937744737063,0.6511307944889902
0.004085775464773178,0.7488242462277412,0.5357262128964067,0.28081829007714987,0.2681351490318775,0.5641054026782513,0.000301655972008546,0.4967850569682082,0.24632882793423394,0.28183226205763695,0.4967850569682082
0.03363604564219713,0.4739547846838832,0.11318779364228249,0.2578010344877839,0.2641382021829486,0.1332707079127431,0.00030148371642981555,0.3665216939831622,0.24880905711396753,0.3509871436836036,0.3665216939831622
0.005078764632344246,0.4629912506788969,0.13799490686506033,0.24057463835924864,0.46065317187458277,0.08471244666725397,0.0003014735056121683,0.4092798222940659,0.2553833710261852,0.4223713317342996,0.4092798222940659
0.10316016525030136,0.2261475995182991,0.16053277999162674,0.21686747204512358,0.4551951475441456,0.811473292298615,0.0003011816493639971,0.944780510666105,0.17515143159112423,0.26147289820923064,0.944780510666105
0.4996764715760946,0.513493419624865,0.2467626528814435,0.27894619572907686,0.3488169275224209,0.8383730463683605,0.0003009946859236223,0.8990106539753852,0.18733705824277688,0.2675692876068595,0.8990106539753852
0.01808177772909403,0.813387256115675,0.7154073137789965,0.3363938555121422,0.3901941180229187,0.7974284440279007,0.00030094588245210016,0.662746721792299,0.20236740198961797,0.3442584111333381,0.662746721792299
0.0532772745937109,0.7818979565054178,0.713601466268301,0.27851387672126293,0.35830598697066307,0.29374484810978174,0.00030038886105559007,0.42309804644628185,0.283626454103287,0.2494998399647423,0.42309804644628185
0.11882899980992079,0.372165878303349,0.6185002559795976,0.10618546325713396,0.4654355375096202,0.7038725102320313,0.0003003547127056091,0.8934320175411742,0.18000485938413108,0.3156528292775294,0.8934320175411742
0.03919387701898813,0.8487075315788388,0.5849670777097344,0.29335816483944654,0.4270576862618327,0.8895513443276286,0.00030029988845528587,0.52938835301478,0.20759659073602138,0.33881424285362727,0.52938835301478
0.25463009253144264,0.3798923259600997,0.37614206690341234,0.45303027145564556,0.432382277213037,0.8022546553984284,0.00030028981048760815,0.9263165490601536,0.19081039119243232,0.2580746758006679,0.9263165490601536
0.02905382588505745,0.8846283387392759,0.5172086087986827,0.27233239728957415,0.4696754524484277,0.1814740113914013,0.0003001807408344307,0.38524654736650377,0.2977375279401839,0.249237266116066,0.38524654736650377
0.13496243581175804,0.47179020289331675,0.1017681872472167,0.3052378064021468,0.4359791921451688,0.8818665901198983,0.0003000840717453114,0.9626866431062341,0.1824760666191222,0.28439476123650964,0.9626866431062341
0.06590499263256788,0.38229724299162626,0.4685394549742341,0.20012213941663504,0.3461935315281153,0.5857867132872343,0.00029994580687042066,0.7858352467625537,0.18924312705499943,0.3940329799062772,0.7858352467625537
0.019659055396914482,0.19886335358023643,0.746009181253612,0.2780412770807743,0.44778439681977034,0.6009699748829007,0.00029982287608776965,0.6376734569617606,0.23672188782846884,0.3230485954116847,0.6376734569617606
0.015549943782389164,0.4287803405895829,0.4228381235152483,0.2939705718308687,0.3976359060034156,0.4326774291694164,0.000299735990448794,0.5939316115612531,0.25342218487896695,0.36666672488007673,0.5939316115612531
0.44674606807529926,0.45156924333423376,0.3573832903057337,0.2404000861570239,0.3382627237588167,0.8420915668830276,0.0002995759287409966,0.9661317651340677,0.17487275555261073,0.25235153936212756,0.9661317651340677
0.04071855545043945,0.6685089785605669,0.9761298289522529,0.3022030256688595,0.3864971101284027,0.8621332617476583,0.0002994152154911242,0.7932988318026054,0.209299036161324,0.268068728305319,0.7932988318026054
0.6803177073597908,0.38672917429357767,0.14673689380288124,0.3258891375735402,0.4037529844790697,0.8133466569706798,0.00029938568034441855,0.8186781583073248,0.2042068297359241,0.32871548189327143,0.8186781583073248
0.12607343774288893,0.022826777771115303,0.7202518740668893,0.39775239676237106,0.42136577796190977,0.8039665389806032,0.0002993581495790222,0.6748330993090106,0.26055455153367935,0.28217149277106107,0.6748330993090106
0.08535783272236586,0.5790886143222451,0.1025638123974204,0.2450240096077323,0.31271757930517197,0.3608182482421398,0.0002981658599706889,0.5304393869831496,0.2603290723895125,0.33945606134348966,0.5304393869831496
0.03471495769917965,0.3254422852769494,0.7764391284435987,0.5221149297431111,0.4385010367259383,0.7633000332862139,0.0002981476124852245,0.8731544935231197,0.20768200072489695,0.31030078570543074,0.8731544935231197
0.0398323405534029,0.6166166719049215,0.32087317015975714,0.25062211975455284,0.4916187282651663,0.2626640321686864,0.0002981399798933677,0.47939174642097776,0.26940952442950766,0.3336790285458366,0.47939174642097776
0.03917273040860891,0.5773568684235215,0.20689444337040186,0.24351936392486095,0.476870940066874,0.05460175406187773,0.0002980293403556945,0.40656473513371444,0.2752310030742943,0.39195652637203565,0.40656473513371444
0.04409095272421837,0.5124987550079823,0.895684652030468,0.06355214212089777,0.34017142932862043,0.8295270279049873,0.00029798619408586595,0.9576013095837489,0.16646724044349412,0.3492768532958505,0.9576013095837489
0.09325475618243217,0.7853171583265066,0.30197166558355093,0.302360107190907,0.4817481879144907,0.8073803838342428,0.00029788136881523584,0.6509798019297746,0.2096387603346269,0.3063187380292269,0.6509798019297746
0.034881701692938805,0.7439925763756037,0.8139142133295536,0.27327415999025106,0.45742585603147745,0.9106304701417685,0.00029787174410225335,0.6062043343774005,0.216387120284145,0.28753007536810854,0.6062043343774005
0.056029362604022026,0.1823839945718646,0.24570747651159763,0.874342055991292,0.38975262455642223,0.7637891573831439,0.00029785307785777675,0.6568616283673641,0.21331959060354744,0.41096244577615576,0.6568616283673641
0.0017034970223903656,0.1916950736194849,0.26034108456224203,0.5919943861663342,0.3642898416146636,0.8024800727143884,0.00029779261442460257,0.7799402360440029,0.2202186648353029,0.31680630166690765,0.7799402360440029
0.011063780635595322,0.3685625735670328,0.3449375294148922,0.4051772793754935,0.5271251378580928,0.8113662544637918,0.00029777701163946505,0.8074181895021806,0.23408841781758752,0.230920387212816,0.8074181895021806
0.0001012282446026802,0.6809547003358603,0.21921426337212324,0.3186684185639024,0.34265906549990177,0.8441544128581882,0.0002977510290582419,0.8288987979249032,0.20768684267279247,0.26806762742438645,0.8288987979249032
0.033950451761484146,0.5334432553499937,0.48284459486603737,0.2832128768786788,0.4148271372541785,0.46322851441800594,0.000297684868850015,0.5932460567248117,0.2374651975159317,0.3830456763362653,0.5932460567248117
0.12705668527632952,0.4354838151484728,0.9226919403299689,0.2840004712343216,0.3262691395357251,0.6149777499958873,0.00029758736221657535,0.7765256799069087,0.2009217323369813,0.3614916607648386,0.7765256799069087
0.3829358806833625,0.46420030668377876,0.00743950717151165,0.07440466061234474,0.48887615092098713,0.7790146637707949,0.00029752526116232374,0.8264844622125548,0.19463543695163377,0.3290036390612668,0.8264844622125548
0.0074378568679094315,0.8095204643905163,0.22853665426373482,0.31102240458130836,0.3787375073879957,0.899943227879703,0.00029748331407287326,0.6093327511549393,0.20815292771841454,0.3407593198233026,0.6093327511549393
0.23750980477780104,0.4688847130164504,0.8560683550313115,0.05421758908778429,0.40110107511281967,0.8491265848278999,0.0002971928363675362,0.9160785895642576,0.17767760479691785,0.36909437635432196,0.9160785895642576
0.00676308386027813,0.3688110103830695,0.1519936304539442,0.9686292884871364,0.428724754601717,0.741469076834619,0.00029707142189849096,0.6939016321616356,0.1999810458820561,0.4822935752987969,0.6939016321616356
0.08028955478221178,0.5662346994504333,0.2924409909173846,0.2961131567135453,0.40150527004152536,0.9279318889603019,0.0002969908121429408,0.8725528310483084,0.19543971121344972,0.27944022467865354,0.8725528310483084
0.8536688257008791,0.38781730458140373,0.9997680271044374,0.016609721817076206,0.41023555118590593,0.8240205710753798,0.0002967577301378058,0.6722045613346177,0.24334420852002367,0.36714570940621644,0.6722045613346177
0.2977952491492033,0.38521896954625845,0.7381874928250909,0.056117596104741096,0.3876163996756077,0.8198639452457428,0.0002966938920686385,0.9349866101854822,0.17510370043635393,0.3613840550328048,0.9349866101854822
0.02319082710891962,0.35119752306491137,0.14655592944473028,0.24488673266023397,0.5007222350686789,0.2745943823829293,0.0002963135285265563,0.46390723987393157,0.2645825336813118,0.3441728967297134,0.46390723987393157
0.1046211663633585,0.011665540747344494,0.35565668903291225,0.4485280402004719,0.4748079776763916,0.7740303631871939,0.00029628640070131234,0.6388723981472467,0.26459740630316386,0.27637671954342974,0.6388723981472467
0.992173595353961,0.4296953920274973,0.1401869459077716,0.18805032223463058,0.4428466809913516,0.8231308907270432,0.00029619455143909475,0.670410623637723,0.23502057784228164,0.3742956120682511,0.670410623637723
0.04370625223964453,0.7046876410022378,0.5064342934638262,0.28825519420206547,0.5113666336983442,0.7695278199389577,0.0002961658079891188,0.7137721559867706,0.20453908028633586,0.25203156696259205,0.7137721559867706
0.037883440032601357,0.21923475433140993,0.918066424317658,0.030727402307093143,0.35860543232411146,0.6351627595722675,0.0002961094596705909,0.6539192578890569,0.2331505163312682,0.3184369813755293,0.6539192578890569
0.0070718564093112946,0.4370381757616997,0.8283484550192952,0.2590288883075118,0.5341974413022399,0.9577663941308856,0.0002960019048016114,0.7018286517693393,0.23643239794088533,0.29004822211911324,0.7018286517693393
0.06679852865636349,0.5945061109960079,0.9740123003721237,0.24787736032158136,0.4217509487643838,0.46650987211614847,0.00029594686475101537,0.5801383324091242,0.23401733888598145,0.4048812940200942,0.5801383324091242
0.5080309333279729,0.45607748068869114,0.9358865153044462,0.07728514540940523,0.36957505997270346,0.8218791959807277,0.0002957336762134176,0.8525904654154398,0.1897181507204536,0.35409849942947785,0.8525904654154398
0.7888870602473617,0.47838309966027737,0.02188306674361229,0.1219802089035511,0.44417048152536154,0.8140753069892526,0.0002955174919989089,0.6963742282327223,0.21603203302488536,0.3683829943686704,0.6963742282327223
0.09607525635510683,0.9202071065083146,0.796919452957809,0.23105923645198345,0.3355768611654639,0.19174875039607286,0.0002953438821895066,0.3960766448897821,0.29656181262537873,0.30012945116965584,0.3960766448897821
0.05731155816465616,0.4336995277553797,0.8126786025241017,0.05666527058929205,0.3373483717441559,0.8889743098989129,0.0002950773960435919,0.8980984461035533,0.18084411250590565,0.3731559009499293,0.8980984461035533
0.7360828379169106,0.3975639957934618,0.031538103707134724,0.12548164650797844,0.4189270893111825,0.8284820504486561,0.0002949641154055158,0.7419242425932636,0.2087978556353762,0.37997041896220873,0.7419242425932636
0.02854526974260807,0.5204255292192101,0.03863206785172224,0.12871124781668186,0.32136861700564623,0.909571086987853,0.000294926004666875,0.8802738709102682,0.19615324399193237,0.30645287750916955,0.8802738709102682
0.13119536358863115,0.6348316092044115,0.08934827614575624,0.2801255080848932,0.3282593199983239,0.6620452227070928,0.0002948342392770359,0.77084103180551,0.19218502801069504,0.28382471953603033,0.77084103180551
0.008002100512385368,0.7938785925507545,0.05340322479605675,0.24168370198458433,0.5656022857874632,0.5205982830375433,0.0002946339557541427,0.39761033933394935,0.2524976436670828,0.3220911849381328,0.39761033933394935
0.0189319783821702,0.49322250951081514,0.5657666437327862,0.28583877068012953,0.47197816614061594,0.5597909903153777,0.00029446444882486576,0.6471775180444204,0.20686275791878014,0.4161759329860442,0.6471775180444204
0.029463402926921844,0.1552371270954609,0.5909041911363602,0.3106355955824256,0.3956505302339792,0.673629580065608,0.00029445018166020037,0.7502364561376744,0.22824525328193965,0.28352987799328516,0.7502364561376744
0.24117178283631802,0.06146201957017183,0.5278296209871769,0.2762167351320386,0.3821764048188925,0.7751072207465768,0.00029430670195494397,0.786629278415239,0.21473859597896733,0.29179931617198407,0.786629278415239
0.017171273939311504,0.44819837156683207,0.16214530263096094,0.22428896743804216,0.3317823326215148,0.5334338620305061,0.0002940767353064787,0.7442068406647786,0.2054074161262476,0.4345444403952337,0.7442068406647786
0.1738505531102419,0.5099268537014723,0.5001888042315841,0.32970945350825787,0.388459081761539,0.8274114429950714,0.000293850192905159,1.014249857935724,0.16669838564267436,0.2757647736281694,1.014249857935724
0.007073653861880302,0.11410471517592669,0.09185693599283695,0.15852910466492176,0.4517963854596019,0.8310916610062122,0.00029367220821957947,0.7479183480996587,0.21623253445976623,0.2897855982292364,0.7479183480996587
0.02366906963288784,0.20589705649763346,0.9764662617817521,0.3429271401837468,0.36584408301860094,0.6758986115455627,0.0002934968883938299,0.7772940749745536,0.23010736436885126,0.26450515112300355,0.7772940749745536
0.049582318402826786,0.28714168444275856,0.4823364606127143,0.8172635640949011,0.48261502757668495,0.7856612633913755,0.00029335809867084885,0.6193883579817774,0.22703058524785863,0.3606795737530461,0.6193883579817774
0.05023629777133465,0.4227992072701454,0.03414388094097376,0.2496912581846118,0.5206818021833897,0.9128756839782,0.00029322468810666943,0.8023120576472335,0.21005089129909163,0.28302436755704985,0.8023120576472335
0.0763124143704772,0.1091857310384512,0.226585547439754,0.35900436621159315,0.49918322265148163,0.8159555522724986,0.00029309317604969817,0.6765444567761082,0.25452058026960017,0.2562623048318658,0.6765444567761082
0.007186884991824627,0.035166194662451744,0.5884327357634902,0.45289749931544065,0.407942533493042,0.7370840944349766,0.00029270414027536334,0.6905215228704935,0.24748077742121896,0.3140443932071884,0.6905215228704935
0.02813193667680025,0.47761246655136347,0.6561985351145267,0.23213836178183556,0.534853988327086,0.9234804157167673,0.0002925719532793353,0.7507963714380572,0.2280156710532343,0.3037433766494885,0.7507963714380572
0.09446609485894442,0.39767711982131004,0.11939385812729597,0.4853280186653137,0.3819503430277109,0.7988346545025706,0.0002923663901412513,0.9895439938741295,0.1756364625574628,0.3204758369822309,0.9895439938741295
0.10164560098201036,0.4318549642339349,0.5989098409190774,0.7013798682019114,0.44204142689704895,0.8080725353211164,0.00029230097541588674,0.7582205594650324,0.20637180085898205,0.37080991795755364,0.7582205594650324
0.0005884487181901932,0.9344905344769359,0.17279705870896578,0.23583851382136345,0.23012448754161596,0.045686809346079826,0.000292298179672461,0.34300177627736106,0.3163022017437394,0.26411724062178,0.34300177627736106
0.0017478279769420624,0.027165752835571766,0.5386508293449879,0.6352129401639104,0.486153987236321,0.7625170247629285,0.0002922069481660965,0.5555843317912668,0.2738677776618596,0.2821949781378192,0.5555843317912668
0.04254597797989845,0.1910121263936162,0.39637165516614914,0.022883132100105286,0.5304880114272237,0.7753324266523123,0.0002921993998926929,0.6665057306611749,0.24408524866661557,0.28180392480399435,0.6665057306611749
0.08383013866841793,0.05601388122886419,0.28887216933071613,0.1358247473835945,0.49962436966598034,0.7880161572247744,0.0002920824163151442,0.6706121352169784,0.24747863732068345,0.2884158091082603,0.6706121352169784
0.07550893072038889,0.2762608090415597,0.6448796894401312,0.26393582858145237,0.4009404517710209,0.5547884162515402,0.00029204832085848094,0.6652095494114844,0.2255059200866324,0.36479360178092796,0.6652095494114844
0.5442237108945847,0.35218606144189835,0.27287496626377106,0.0622002212330699,0.47628089506179094,0.7928622681647539,0.00029195228595693874,0.7577814237786391,0.21644221997088572,0.32263919720948064,0.7577814237786391
0.1648156251758337,0.21583809051662683,0.6987166088074446,0.29705556854605675,0.49856324028223753,0.7779163122177124,0.0002918890413685617,0.7880292492791945,0.22642146920065578,0.22191350005134922,0.7880292492791945
0.24371110368520021,0.46679031383246183,0.08367346692830324,0.1262601288035512,0.42698123026639223,0.7910155551508069,0.0002918512383092954,1.0446843515658875,0.14529759427756472,0.31305218309297217,1.0446843515658875
0.14969600085169077,0.2624386278912425,0.19660239946097136,0.48035723716020584,0.4583019372075796,0.7682286649942398,0.00029182528288145443,0.8333460934884335,0.21134030892931702,0.265720017398232,0.8333460934884335
0.00030291732400655746,0.8796078227460384,0.29272241424769163,0.2583067547529936,0.23889156430959702,0.2713272050023079,0.00029182028591432497,0.40133065337949814,0.29992380344851394,0.23226184867492033,0.40133065337949814
0.22556762769818306,0.511257098056376,0.6904445197433233,0.27527048252522945,0.3430661419406533,0.8119726404547691,0.00029177147489016096,1.0321822844459438,0.15502346181622303,0.24178970094105923,1.0321822844459438
0.020193123258650303,0.5380152137950063,0.4714249921962619,0.23090977128595114,0.29801926482468843,0.13700549863278866,0.00029174069923771235,0.3976855870453597,0.25174835181943844,0.37211848413535376,0.3976855870453597
0.07080578804016113,0.9731602873653173,0.20262292213737965,0.29235716070979834,0.43176676612347364,0.5200057532638311,0.00029173186084381717,0.43444467285807525,0.27166390652636385,0.35160316156474586,0.43444467285807525
0.02025996707379818,0.8466334529221058,0.9424266088753939,0.24883882142603397,0.5540117844939232,0.3936830284073949,0.0002913912965107709,0.4169138663692385,0.26362335758001837,0.2804770343207262,0.4169138663692385
0.2211766429245472,0.3861525971442461,0.40078137442469597,0.34936962090432644,0.42730316054075956,0.8248122371733189,0.0002913461403762866,0.9954604247380238,0.17966848857160037,0.25563737195870173,0.9954604247380238
0.13832799904048443,0.22844506707042456,0.3240154068917036,0.24356945045292377,0.3833109363913536,0.724896271713078,0.0002908696226122924,1.003011303987636,0.1579949036479094,0.2466126983969378,1.003011303987636
0.026967737823724747,0.5471306070685387,0.5026375437155366,0.11583310645073652,0.4634260665625334,0.8089694064110518,0.0002904928872635802,0.9455792147111484,0.17085090460584226,0.2895259603758093,0.9455792147111484
0.03496825601905584,0.38440317288041115,0.6076292581856251,0.36133867781609297,0.3810318885371089,0.5838665952906013,0.0002903672814945872,0.6858577244409274,0.2179906128124854,0.383232768744586,0.6858577244409274
0.4575942875817418,0.45787497889250517,0.27422636188566685,0.3629113454371691,0.4310887260362506,0.8115085437893867,0.00029032809185136247,0.9052118407242226,0.190433476420859,0.2688325186819895,0.9052118407242226
0.03037985321134329,0.9571397667750716,0.08559373673051596,0.26589809637516737,0.5112055391073227,0.5006883293390274,0.0002903159379031354,0.4030806004157395,0.273545310956233,0.3116949593578226,0.4030806004157395
0.10205110162496567,0.7279343772679567,0.1341740395873785,0.2216732744127512,0.32241666596382856,0.6415094062685966,0.00029022631463515087,0.679507335504012,0.19082696802508792,0.3450864376877151,0.679507335504012
0.04419545829296112,0.4882586505264044,0.8944466318935156,0.4033950390294194,0.4744780659675598,0.8049976723268628,0.0002900724640054658,0.9014639703731433,0.20343742910552534,0.28055069645197056,0.9014639703731433
0.45558373909443617,0.39940636418759823,0.15843944530934095,0.2681885212659836,0.33870672807097435,0.8077742960304022,0.00029001537820316873,0.9749816783404028,0.16765012529482184,0.25696576334053345,0.9749816783404028
0.015015875920653343,0.8382475599646568,0.665682153776288,0.21656741295009851,0.3559640282765031,0.8282482316717505,0.00028991589220912447,0.6778485828502936,0.18513419942113302,0.3917248662112256,0.6778485828502936
0.8831696351990104,0.40584121365100145,0.42001986037939787,0.3074522716924548,0.36149010527879,0.8041354576125741,0.0002896372691267647,0.7576027185074296,0.2091092056679369,0.35191845947358447,0.7576027185074296
0.3581616561859846,0.3531402377411723,0.5360276652500033,0.019047717563807964,0.48946113232523203,0.8151007751002908,0.00028959203559877987,0.7571432199643279,0.225926809780003,0.317963824225806,0.7571432199643279
0.9774768380448222,0.3918944466859102,0.5311555322259665,0.12913063075393438,0.3970022462308407,0.8020865619182587,0.000289395607367996,0.68967606558727,0.2242537280661315,0.3876022102310979,0.68967606558727
0.07129715848714113,0.26339202001690865,0.5822378406301141,0.05668566841632128,0.43161066714674234,0.6797912428155541,0.0002889848143218842,0.7684213944898994,0.20242503943071044,0.3184163556553435,0.7684213944898994
0.2015392817556858,0.15623638313263655,0.18793473578989506,0.23436849750578403,0.49371466506272554,0.7768336674198508,0.0002887461699350502,0.8064233239034683,0.2145318639526641,0.26654164536492386,0.8064233239034683
0.014237233437597752,0.1637144312262535,0.017415006645023823,0.17551644798368216,0.5060035707429051,0.8153154579922557,0.00028867676892076736,0.7219130892117671,0.2194822286321973,0.2514022779945181,0.7219130892117671
0.21537207812070847,0.43140472285449505,0.4546859487891197,0.036737168207764626,0.41811898816376925,0.8622333258390427,0.0002884619654464913,0.9046228634037442,0.1763986824340188,0.3766712443749906,0.9046228634037442
0.02089300937950611,0.3070073463022709,0.7032776130363345,0.24643821362406015,0.47970094438642263,0.9065528931096196,0.0002884425076813553,0.8250890012412385,0.18897428796581056,0.2745320006821815,0.8250890012412385
0.07709678262472153,0.4030902348458767,0.6225509215146303,0.3096133954823017,0.5133850453421474,0.7493842337280512,0.00028830845303995546,0.909728274591642,0.20048996715791237,0.25512689969693103,0.909728274591642
0.032031879760324955,0.03424220159649849,0.8119270745664835,0.4449449582025409,0.3508864166215062,0.7725778352469206,0.0002881714749754922,0.7167094065740774,0.24655051501573108,0.2910962765191461,0.7167094065740774
0.13649167958647013,0.9586967639625072,0.46727535780519247,0.24756867066025734,0.30610031355172396,0.767590718343854,0.00028810071578473184,0.6089241603304951,0.22442354034120782,0.3910027322778299,0.6089241603304951
0.6913008140400052,0.45733445789664984,0.7270076274871826,0.2732564080506563,0.3685636417940259,0.7885779468342662,0.0002877942985087031,0.8430758889568506,0.17754948451681637,0.32876817958857874,0.8430758889568506
0.19101556111127138,0.3911628481000662,0.8144041197374463,0.0949287386611104,0.499852092936635,0.7630375325679779,0.00028775597954016073,0.8892266918173948,0.1961952637733252,0.29489855006043625,0.8892266918173948
0.1308356812223792,0.10206938069313765,0.43571356404572725,0.0541287399828434,0.496279688552022,0.7945082662627101,0.00028773757115154976,0.6411726950457861,0.24460315161381754,0.2762658859285463,0.6411726950457861
0.09445824846625328,0.5555249350145459,0.6172038614749908,0.31387606728821993,0.32964148558676243,0.7450596820563078,0.00028769523336121585,0.9909603277205528,0.16215779427690558,0.24806796087818545,0.9909603277205528
0.005547776818275452,0.9297882048413157,0.6851541334763169,0.18681275844573975,0.4451723974198103,0.7863266970962286,0.00028768886261852726,0.5818379516953619,0.19303882233949413,0.43073082456946726,0.5818379516953619
0.08896760642528534,0.13269469887018204,0.42110087908804417,0.7506236061453819,0.4641360277310014,0.7686862396076322,0.00028765602729745576,0.5957391627268034,0.24676378981990435,0.3140737905207284,0.5957391627268034
0.6376105565577745,0.3783800983801484,0.973198838531971,0.18275521788746119,0.41732917819172144,0.799643138423562,0.00028764573765735973,0.8311756793615858,0.19623526047431045,0.3215447618292495,0.8311756793615858
0.0028654318302869797,0.28645630460232496,0.007257995195686817,0.05358325131237507,0.30518700554966927,0.6793174231424928,0.00028763937660882205,0.7818054703109958,0.208096543088765,0.30183426786725853,0.7818054703109958
0.004449912346899509,0.5244668573141098,0.14340776577591896,0.04903564229607582,0.3842240059748292,0.8162480127066374,0.0002875475205563945,1.0130297586735884,0.14057136326329192,0.38062309739418515,1.0130297586735884
0.777175479568541,0.47710867784917355,0.6804461972787976,0.2477178629487753,0.3589390283450484,0.8446638528257608,0.0002874560745221541,0.7577456440758596,0.2097011679876331,0.34123054467438246,0.7577456440758596
0.10244624689221382,0.271796390414238,0.14027168601751328,0.31151615642011166,0.48797574639320374,0.7439920948818326,0.0002871480104872134,0.8831602682032176,0.20211583551586293,0.22872143375378565,0.8831602682032176
0.30361245572566986,0.4436874631792307,0.8213666155934334,0.08621953427791595,0.3587109623476863,0.8148169200867414,0.0002871173073221261,0.9693933041137189,0.16471072247153754,0.337386484397401,0.9693933041137189
0.05182311870157719,0.22665885742753744,0.4328089915215969,0.47044834215193987,0.40616626758128405,0.7790251886472106,0.0002870678647919903,0.8653944209471084,0.20326158107627848,0.26510917208117457,0.8653944209471084
0.07379172928631306,0.3580024866387248,0.6776378909125924,0.14698810316622257,0.3496728278696537,0.7566568087786436,0.0002870251915422758,1.0785403931448998,0.14211314445140863,0.30032152505807685,1.0785403931448998
0.19598744809627533,0.42150431126356125,0.6938260234892368,0.3491342132911086,0.5033797845244408,0.8074788115918636,0.0002863409691896437,0.8569679358445407,0.21518462818736192,0.24434985606594928,0.8569679358445407
0.05529181845486164,0.6475224308669567,0.7714402852579951,0.2603775840252638,0.4491316080093384,0.7441652724519372,0.00028628816323939855,0.9093684556090272,0.14791881760433667,0.2842658021198604,0.9093684556090272
0.1153830224648118,0.049199456349015236,0.7132682511582971,0.5076967775821686,0.46283571422100067,0.7833555843681097,0.00028621833724534225,0.6183201822761196,0.2649024767514806,0.2683755578721231,0.6183201822761196
0.03914699796587229,0.20462836138904095,0.513069118373096,0.5440309131518006,0.406431314535439,0.788102543912828,0.0002861099010323946,0.7837222519304267,0.22171753894137083,0.2908646096812037,0.7837222519304267
0.10669894888997078,0.1487130457535386,0.9958522878587246,0.3732428615912795,0.3762991698458791,0.7852870337665081,0.00028597113778024196,0.8173282448924915,0.2228898811946909,0.2700586176730312,0.8173282448924915
0.6889204634353518,0.523936272598803,0.011604386381804943,0.2605520933866501,0.35943717509508133,0.8298171767964959,0.0002859588333146113,0.789034753349195,0.20546060398625893,0.31382164581443406,0.789034753349195
0.09128525666892529,0.019878985360264778,0.8054386079311371,0.9275930924341083,0.4337424077093601,0.7964911302551627,0.00028573836605732004,0.4996949233663387,0.27014384539124914,0.3202816051229275,0.4996949233663387
0.0713539207354188,0.5440451065078378,0.3749520443379879,0.29912203550338745,0.379556342959404,0.7268443182110786,0.00028567565746322686,1.0749823341924176,0.12728868848210328,0.2460175700767861,1.0749823341924176
0.11163937393575907,0.17287798319011927,0.3551431456580758,0.30722787976264954,0.45572962798178196,0.8394421003758907,0.00028564655072902794,0.7974347397933893,0.2219908380875803,0.2427451647249016,0.7974347397933893
0.008618460036814213,0.35496046487241983,0.7438536277040839,0.9107593204826117,0.4109536586329341,0.7501304103061557,0.0002855370966127369,0.6908402315000504,0.19904288552392285,0.4586510161485332,0.6908402315000504
0.11486966069787741,0.5671462910249829,0.07673056982457638,0.28846626821905375,0.3416186310350895,0.5819523083046079,0.00028552836345113774,0.6861560439164487,0.19969493057132343,0.3757914357248525,0.6861560439164487
0.06030056066811085,0.19248142279684544,0.9103726577013731,0.7182098608464003,0.46515446063131094,0.770317742601037,0.00028480063398826476,0.6337365945355609,0.2427238265286123,0.30899132148817865,0.6337365945355609
0.36043601017445326,0.49194370955228806,0.006118034943938255,0.022469377145171165,0.33027295768260956,0.9049109695479274,0.000284638738086483,0.7722340383322859,0.2262416567456675,0.3293825225145758,0.7722340383322859
0.08239949028939009,0.3485746290534735,0.9754798514768481,0.6515565365552902,0.47768271900713444,0.7845771620050073,0.00028458003296664964,0.7327423639716664,0.2273330279420886,0.31273962547965395,0.7327423639716664
0.1211873134598136,0.9567125970497727,0.538081020116806,0.28534060809761286,0.39374577160924673,0.8412265563383698,0.0002844818158921998,0.5332224642476081,0.21653389312206317,0.4051316198699644,0.5332224642476081
0.02524692378938198,0.604680672287941,0.8673598384484649,0.2850837763398886,0.27575263753533363,0.9313584631308913,0.00028436559383867346,0.7443531745521108,0.2447761304499944,0.2358092415224996,0.7443531745521108
0.33076734840869904,0.4290355332195759,0.9133634576573968,0.06887095421552658,0.46163329761475325,0.8385874163359404,0.000284312107556999,0.8378341362608558,0.20315865831836277,0.33387319512280345,0.8378341362608558
0.055227113887667656,0.42943031433969736,0.06073458306491375,0.002833026461303234,0.4909492516890168,0.6663385108113289,0.00028425366564475523,0.7333043096780212,0.20768582512067638,0.3696030027658413,0.7333043096780212
0.09783824626356363,0.3041736576706171,0.008677158504724503,0.12951162178069353,0.32866665069013834,0.7673232760280371,0.00028423498278988654,0.994899862340681,0.1596027864688919,0.28409857117698906,0.994899862340681
0.03843203466385603,0.290897773578763,0.5279181776568294,0.006247071549296379,0.3298233896493912,0.6155914161354303,0.0002841371627583844,0.6536384297134314,0.23466501389781783,0.3346230722657075,0.6536384297134314
0.04183125030249357,0.8348704511299729,0.1741357408463955,0.2319068880751729,0.25560804922133684,0.8924681209027767,0.00028411508872599583,0.5904907824018008,0.24205123918174742,0.29907869330842446,0.5904907824018008
0.1460035778582096,0.29451062623411417,0.07624781783670187,0.07959893625229597,0.3656580140814185,0.744928958825767,0.0002839972543060326,0.9741782938171173,0.1606775549527286,0.30536210999745567,0.9741782938171173
0.006937287747859955,0.2926785256713629,0.032835835590958595,0.7500323206186295,0.5109556019306183,0.794375216588378,0.00028383107269218096,0.6027325733788124,0.24045221498220834,0.3165580849953811,0.6027325733788124
0.008375884033739567,0.5004641907289624,0.3894898500293493,0.11099610943347216,0.3021628623828292,0.8912846548482776,0.00028379973560934687,0.9006401138278137,0.19372091835750235,0.29765985493786823,0.9006401138278137
0.016058580949902534,0.2157608801499009,0.5581232868134975,0.040009099058806896,0.4784544985741377,0.7259747106581926,0.00028377144590174775,0.7452461962158782,0.21086092040986912,0.3242102023240954,0.7452461962158782
0.6885524308308959,0.4762751189991832,0.012838599272072315,0.20977183803915977,0.44686983060091734,0.8051962815225124,0.00028361945962142863,0.7920859406733944,0.19973778063173558,0.330876977999058,0.7920859406733944
0.2873866893351078,0.35966154374182224,0.04330434184521437,0.10566554963588715,0.5230234088376164,0.7908521955832839,0.0002835716697020592,0.7751053429681746,0.2152644234021204,0.2694250680669217,0.7751053429681746
0.3998172804713249,0.42199547681957483,0.73573864903301,0.2797443112358451,0.4645356396213174,0.8014407437294722,0.0002835706124627846,0.9118568454841425,0.18300780158096558,0.24231592226960147,0.9118568454841425
0.02258994523435831,0.7020927416160703,0.41497967205941677,0.2741502309218049,0.49751460272818804,0.7318508261814713,0.00028355470153057,0.7500110194971854,0.18144815514257492,0.2750192646072827,0.7500110194971854
0.27475580107420683,0.40597333293408155,0.488343414850533,0.07258347328752279,0.33769492618739605,0.8332038875669241,0.0002834753579650261,0.9458724503475335,0.17221230794511855,0.34005585145410433,0.9458724503475335
0.11121872719377279,0.3625480430200696,0.9113552533090115,0.2767774788662791,0.3163263648748398,0.6286348504945636,0.000283472210231182,0.7952231934482455,0.20891841390060878,0.3222136661419635,0.7952231934482455
0.014346926473081112,0.4929236052557826,0.10768586862832308,0.7674850272014737,0.44110692851245403,0.80918522272259,0.0002833084708514677,0.7225743839331958,0.20073815582637675,0.41651817482053166,0.7225743839331958
0.9446412697434425,0.44597529899328947,0.15906958561390638,0.14660806208848953,0.40635153744369745,0.7834246978163719,0.00028322598014505714,0.728071999583196,0.2124160639909545,0.40187872999035223,0.728071999583196
0.72880919277668,0.43902143370360136,0.48390042409300804,0.34859158750623465,0.418271510861814,0.8019789205864072,0.0002831635398610613,0.7847917173992758,0.2095086497936309,0.3169541631459941,0.7847917173992758
0.13114565704017878,0.41673955973237753,0.8600896671414375,0.02209464367479086,0.3568781688809395,0.7399825491011143,0.00028283395645337523,0.9921989588909587,0.15785973701483186,0.38094896603760453,0.9921989588909587
0.0786138316616416,0.27653396781533957,0.18093192484229803,0.8076792173087597,0.4320662645623088,0.806368350982666,0.0002826846686287875,0.6861899582491802,0.21447062807654071,0.39234587976296387,0.6861899582491802
0.009236575104296207,0.1812683902680874,0.2667141780257225,0.013113921508193016,0.33756680600345135,0.6533360593020916,0.0002824303171916896,0.6824537624098369,0.23700671162804315,0.3179912116312715,0.6824537624098369
0.1893260395154357,0.44921336881816387,0.558034430257976,0.30104463547468185,0.3115673139691353,0.8833533460274339,0.0002824180723238437,0.929585888774327,0.19821859985174847,0.2877260587884485,0.929585888774327
0.029657836072146893,0.5369816711172462,0.12147604580968618,0.2350273411720991,0.5417792834341526,0.9449452683329582,0.0002824125634811087,0.7034976732044461,0.2304801517095526,0.2873748886800307,0.7034976732044461
0.17578859627246857,0.3502430822700262,0.14162831287831068,0.05556707177311182,0.33117968309670687,0.7761348402127624,0.0002823950395729825,0.996649285845751,0.16069122784185208,0.32361119362286966,0.996649285845751
0.14958297833800316,0.34024787694215775,0.7010021414607763,0.1313015827909112,0.4319652961567044,0.675190269947052,0.00028200294556471903,0.8530849385954957,0.19232644654388764,0.31007260707813533,0.8530849385954957
0.15325234830379486,0.794213923625648,0.43698063120245934,0.2761187218129635,0.36049684416502714,0.7574483640491962,0.0002819909142724112,0.7459156998974376,0.16246768515145046,0.33715934423437266,0.7459156998974376
0.10981373302638531,0.18225769884884357,0.5211992282420397,0.25241539999842644,0.3724382696673274,0.6245626406744123,0.0002819857616336763,0.7245662600262887,0.21467225833832795,0.31641500043756376,0.7245662600262887
0.11219410598278046,0.8656481616199017,0.24037154112011194,0.2806683015078306,0.363374812528491,0.5094842230901122,0.00028159068416807735,0.47039790233703854,0.257866381215562,0.34842031938115087,0.47039790233703854
0.35055663622915745,0.42981621995568275,0.2085144342854619,0.42196591570973396,0.4830297976732254,0.7897910540923476,0.00028156114376859625,0.8477860514250107,0.204547986131328,0.25149429905550874,0.8477860514250107
0.12096861749887466,0.3096381416544318,0.33972239308059216,0.6339535480365157,0.4684790289029479,0.8007966512814164,0.0002815133236603059,0.7541221243570676,0.22335040899753952,0.29319611372360155,0.7541221243570676
0.04529002774506807,0.5202964711934328,0.5373095870018005,0.2534544076770544,0.24661958776414394,0.4985941182821989,0.00028150121153206246,0.5639035037951546,0.2354579028327282,0.3377244246019033,0.5639035037951546
0.15397390350699425,0.7153496397659183,0.39522571489214897,0.24445454869419336,0.3287022551521659,0.6880312226712704,0.0002814502789333615,0.7622689249589363,0.17753475574144248,0.2961902665393928,0.7622689249589363
0.09953328594565392,0.17703485861420631,0.4734279941767454,0.5634620524942875,0.44036839064210653,0.7942681768909097,0.0002813104383116545,0.7125186448574315,0.23534919578811186,0.270447580780456,0.7125186448574315
0.02272962499409914,0.2986108725890517,0.42013508826494217,0.19211793411523104,0.3173676412552595,0.6292287446558475,0.00028119400746943866,0.8035303201340699,0.20102571924977838,0.2931243537216062,0.8035303201340699
0.003517438657581806,0.43136843480169773,0.9725648835301399,0.2396990368142724,0.21517290268093348,0.16091305203735828,0.0002809966427776741,0.3643352630674994,0.2600831541465002,0.3213504910047413,0.3643352630674994
0.5844619693234563,0.48384223226457834,0.06674487050622702,0.17341054696589708,0.38228514790534973,0.8650705125182867,0.0002806772963561625,0.8243847938533707,0.2024781893476379,0.32205986559312694,0.8243847938533707
0.08703445922583342,0.023876969702541828,0.40679861418902874,0.29829791467636824,0.3405745094642043,0.7016966948285699,0.0002804202774227441,0.7345539882629281,0.23822684523753643,0.2815448878383072,0.7345539882629281
0.45315392408519983,0.3638793649151921,0.3539352985098958,0.007783620618283749,0.35839585214853287,0.7785668345168233,0.0002802565682833836,0.8913432739309186,0.19241161187962189,0.3430152731819858,0.8913432739309186
0.09715981315821409,0.13535854127258062,0.40020858962088823,0.2551772017031908,0.39308940805494785,0.7063133120536804,0.000280247484171434,0.8638725377848242,0.19333381014697995,0.29242921792360516,0.8638725377848242
0.5771996211260557,0.3334988160058856,0.06617410480976105,0.06275018397718668,0.42570155300199986,0.803561519831419,0.0002801711235979875,0.7763759417079146,0.20661896312989264,0.3461309379321798,0.7763759417079146
0.0415848596021533,0.060467381961643696,0.9425737457349896,0.80498549900949,0.39455119613558054,0.7513958625495434,0.0002801238999575863,0.5806020544217607,0.25144589165540365,0.3421092771949704,0.5806020544217607
0.06498514674603939,0.9236471634358168,0.10302846971899271,0.2597588188946247,0.4741345439106226,0.690258932299912,0.00027982917162702,0.5446873414724613,0.20849436367896876,0.4086371860149591,0.5446873414724613
0.0648130951449275,0.8843247899785638,0.4871161198243499,0.23437502048909664,0.49484914261847734,0.9939478291198611,0.0002796918045461157,0.4125530954186297,0.2197827085575015,0.35682083604048725,0.4125530954186297
0.0846576513722539,0.4406677819788456,0.6113898018375039,0.33115360978990793,0.3612307934090495,0.9432280538603663,0.0002795136462416224,0.8641859418797067,0.2013847901385526,0.3199021985622059,0.8641859418797067
0.931665207259357,0.46557869017124176,0.8497566264122725,0.16941072512418032,0.4137952337041497,0.8131796475499868,0.00027941173285572123,0.7003998077696069,0.22450019887213435,0.36969094194063207,0.7003998077696069
0.06383532658219337,0.38757234066724777,0.6580473724752665,0.23832723032683134,0.45047834794968367,0.8630507653579116,0.00027936083683315185,1.017340858123542,0.16513865435125394,0.3040567008543466,1.017340858123542
0.49729611724615097,0.4385853400453925,0.5304943975061178,0.2507123714312911,0.3557460317388177,0.793232275173068,0.00027930567490187596,0.9693254937597883,0.15536894171100543,0.27502356029095487,0.9693254937597883
0.05571835767477751,0.8423389000818133,0.6616039099171758,0.2692367294803262,0.48963287752121687,0.506057589314878,0.0002790521907057388,0.4202838359900444,0.2553062769288809,0.32260081859972817,0.4202838359900444
0.08675748109817505,0.7548766694962978,0.6426808070391417,0.2825806559994817,0.38148068357259035,0.47124424017965794,0.0002789229083572079,0.4655651072374472,0.2550369708813171,0.3134337790542473,0.4655651072374472
0.012464907951653004,0.5226252228021622,0.32688549254089594,0.31826033629477024,0.27149262465536594,0.766287487000227,0.0002788746534527146,0.9714849323633981,0.18403669074440873,0.19254952477807155,0.9714849323633981
0.23615819588303566,0.34042035695165396,0.15655322186648846,0.07744441460818052,0.4389973720535636,0.7208532867953181,0.00027880357291483015,0.9239983080553854,0.17387803472680358,0.31083568605034884,0.9239983080553854
0.02453017793595791,0.7149741677567363,0.9481224184855819,0.34742967411875725,0.4830584768205881,0.7754355864599347,0.0002787903329541104,0.6981626225574111,0.21126395217133584,0.27663235069886,0.6981626225574111
0.10914401616901159,0.9646383328363299,0.04866568837314844,0.21384574193507433,0.347588905133307,0.6979775819927454,0.00027863607673734295,0.5915818694302292,0.2183288163919533,0.4329225929466458,0.5915818694302292
0.04523213300853968,0.27864111866801977,0.22363285813480616,0.30683497339487076,0.5027895299717784,0.849382339976728,0.00027843117527994013,0.8174578167343098,0.21851639343489182,0.22824070289425,0.8174578167343098
0.22878117859363556,0.33871341217309237,0.8545181695371866,0.19369431678205729,0.42006260342895985,0.7876460421830416,0.00027837516612716343,1.0516747847951098,0.15549761549166277,0.22251248204824514,1.0516747847951098
0.04850209970027208,0.4816368529573083,0.5984358387067914,0.24337307084351778,0.49868180323392153,0.28091719560325146,0.0002781356540960976,0.47435465479211847,0.2612822976384863,0.3618364824041198,0.47435465479211847
0.02139656711369753,0.9601421700790524,0.44676564168184996,0.26232544519007206,0.26621510181576014,0.32361176423728466,0.00027804740475005743,0.40489463507932555,0.3031125233665758,0.22518910834654574,0.40489463507932555
0.02513853646814823,0.3945579994469881,0.8739420110359788,0.24992857314646244,0.40999824460595846,0.9536468926817179,0.0002780261946588267,0.8963503674921922,0.16464507585614668,0.32802100408225743,0.8963503674921922
0.12466553598642349,0.4359988756477833,0.7286699544638395,0.42609891947358847,0.45789965707808733,0.8258868930861354,0.0002779914080928383,0.8943211999541684,0.20480228143747467,0.2891816184727773,0.8943211999541684
0.25609919987618923,0.3529179058969021,0.07174900453537703,0.21362024638801813,0.3895600764080882,0.7694532591849566,0.00027796887335184166,1.1193502206093817,0.13139620872826882,0.22178999452177736,1.1193502206093817
0.21219645161181688,0.10064170882105827,0.15769673977047205,0.2585532981902361,0.42359971534460783,0.7645017886534333,0.00027795307267673773,0.8444617194626418,0.2014868641127498,0.300074235445307,0.8444617194626418
0.04085395857691765,0.3317716717720032,0.970005408860743,0.2279851883649826,0.29912406485527754,0.7772742509841919,0.0002778425565524247,1.0441047773574907,0.16610403495784662,0.2121385077504927,1.0441047773574907
0.12450947239995003,0.5408084113150835,0.3624287573620677,0.24632307887077332,0.2786023113876581,0.9358915165066719,0.00027783955183730653,0.843208865823252,0.22204347828681517,0.2421367188161055,0.843208865823252
0.6146821063011885,0.4447362283244729,0.11973837297409773,0.11374562233686447,0.3728734916076064,0.7920629503205419,0.00027752844520774044,0.8635754613298231,0.18020192425134504,0.37219484624151783,0.8635754613298231
0.11843825969845057,0.938003241084516,0.8481957353651524,0.23626541253179312,0.32049245201051235,0.40052769519388676,0.00027751209240279846,0.4350682162397477,0.28744988472228744,0.3072571852540863,0.4350682162397477
0.01043296791613102,0.6910192584618926,0.6433720719069242,0.256733113899827,0.22763467207551003,0.8138764472678304,0.00027737895872615256,0.7148787562271589,0.2183234957837225,0.18836667384551417,0.7148787562271589
0.04318400751799345,0.6328086508437991,0.8112319009378552,0.2747396305203438,0.3280139025300741,0.13917861133813858,0.0002773415544113098,0.3765958175598159,0.27710664795468737,0.3068094576486692,0.3765958175598159
0.015452488325536251,0.15353018511086702,0.800910072401166,0.2424227287992835,0.4474624814465642,0.5019560344517231,0.00027698882693207456,0.5568399654620299,0.25978151557836904,0.34421524281699506,0.5568399654620299
0.029881284572184086,0.8375127101317048,0.938097670674324,0.2772567430511117,0.3003812860697508,0.972578008659184,0.00027693212222193274,0.5065449256745321,0.25670974479452013,0.2802119309723345,0.5065449256745321
0.12179786805063486,0.32895074505358934,0.403082468546927,0.268990071490407,0.5506799798458815,0.7657489711418748,0.00027687065841670714,0.8237599192105912,0.21982667311440174,0.19123911360878634,0.8237599192105912
0.07642162032425404,0.061626982875168324,0.7309862431138754,0.0020141545683145523,0.39081533532589674,0.7209712145850062,0.0002768016864483192,0.6750183613074318,0.24546562034931363,0.34708083836699255,0.6750183613074318
0.008146584965288639,0.6791189666837454,0.3087000008672476,0.04834527429193258,0.43903412763029337,0.7998702162876725,0.0002767598926842834,0.7769840888911267,0.15621897000418514,0.32029886966670307,0.7769840888911267
0.2216031178832054,0.3670317456126213,0.3633277788758278,0.9927697125822306,0.4820541664958,0.796853139065206,0.0002766544614796284,0.5853823840446936,0.23077200680048549,0.4053349648635231,0.5853823840446936
0.026650749146938324,0.41405038349330425,0.40208280459046364,0.3114764131605625,0.268699967302382,0.9526878939941525,0.0002766005056821098,0.8159381877301921,0.22851732953372292,0.2536438776277424,0.8159381877301921
0.7418542047962546,0.4640953978523612,0.4010953716933727,0.21997561864554882,0.32739836536347866,0.8335292134433985,0.00027654457542045227,0.7900030287427546,0.20101364805785843,0.327640042403256,0.7900030287427546
0.005975804291665554,0.458741856738925,0.6106559252366424,0.046054041013121605,0.37504183128476143,0.8026653341948986,0.0002764495163726415,1.0345319772478114,0.1306257897698912,0.4106341340859279,1.0345319772478114
0.15209328662604094,0.31179582979530096,0.5429806169122458,0.041977619752287865,0.34935610741376877,0.7633635541424155,0.00027631943792610073,0.9506177895676174,0.166315690897588,0.3459303559864827,0.9506177895676174
0.17055844515562057,0.07689904700964689,0.09038415923714638,0.38021413888782263,0.40029855631291866,0.7814301643520594,0.00027617841414358057,0.7531408550486544,0.23323309531755743,0.2843377112296916,0.7531408550486544
0.03955808747559786,0.04415376856923103,0.7217240622267127,0.1721793608739972,0.49242749623954296,0.8167936019599438,0.00027612470033865424,0.6538963163398988,0.25172818076648684,0.274800209172941,0.6538963163398988
0.09639225900173187,0.8965691681951284,0.6672572763636708,0.27089304849505424,0.32090485841035843,0.4992962135002017,0.00027597479946887853,0.4296924503575817,0.27432074106658594,0.3011190044216019,0.4296924503575817
0.39765830524265766,0.4864254854619503,0.6483924118801951,0.00840065162628889,0.41347377467900515,0.8457144517451525,0.0002759151258613466,0.8189644851655561,0.20735324344487563,0.3624025127314182,0.8189644851655561
0.2034432739019394,0.27309050410985947,0.12437283433973789,0.03726732078939676,0.47341655660420656,0.7521167164668441,0.00027574886321160666,0.8191820221193514,0.2019388239073857,0.32056244503064274,0.8191820221193514
0.41565055679529905,0.3910121573135257,0.2114670816808939,0.036454400047659874,0.45491115003824234,0.7477864380925894,0.0002756540682301969,0.8672045226197114,0.1897619747424601,0.34980833499904496,0.8672045226197114
0.04799857176840305,0.7504790723323822,0.3726528035476804,0.25971812568604946,0.25492276530712843,0.9887972893193364,0.000275373937388483,0.5749442577846463,0.2634656387768169,0.22743709676151164,0.5749442577846463
0.20577931217849255,0.5048306295648217,0.42364474572241306,0.23383068479597569,0.3529262561351061,0.8256743708625436,0.00027536512608216377,1.0990886504529704,0.14076028550873132,0.23076475146811873,1.0990886504529704
0.5529039176180959,0.4399799508973956,0.053523135371506214,0.8187394179403782,0.43659649789333344,0.794806145131588,0.0002753397133267228,0.5810650185538574,0.2072860307811487,0.40652044242810015,0.5810650185538574
0.0036364030092954636,0.9885051380842924,0.7572410553693771,0.21724252589046955,0.28552997950464487,0.7821345999836922,0.0002752339083059176,0.5826931592835899,0.24196670867895026,0.3850951117744853,0.5826931592835899
0.004860484041273594,0.6939362203702331,0.9373615300282836,0.22503999341279268,0.2633370188996196,0.8698523286730051,0.0002751325678067932,0.7290556612023681,0.22882763876475615,0.2404516340278196,0.7290556612023681
0.20094150211662054,0.4556081099435687,0.7884614700451493,0.3670486668124795,0.3780047055333853,0.8398120366036892,0.0002750999568908533,0.9776567306894378,0.18342754315196852,0.2987751328581892,0.9776567306894378
0.3481266424059868,0.33227753546088934,0.2791413990780711,0.16143697034567595,0.46358442679047585,0.764493178576231,0.00027507252038157215,0.9338935324912789,0.18023957929487255,0.24821402883078666,0.9338935324912789
0.22987855318933725,0.24584962986409664,0.31667602714151144,0.07340413052588701,0.469290335662663,0.8129004333168268,0.0002748489390695678,0.7969056488674434,0.2083194160646177,0.27389523193506493,0.7969056488674434
0.22183355409651995,0.24013816379010677,0.14857801981270313,0.3095478443428874,0.37499058805406094,0.768630363047123,0.00027480097750159834,0.9632675083236623,0.17484492379891375,0.2361390975684021,0.9632675083236623
0.051331525668501854,0.42068834230303764,0.2834401987493038,0.0639351848512888,0.32288855966180563,0.6183425905182958,0.00027475402989025915,0.7658453047084687,0.1943713989177865,0.38437295919886155,0.7658453047084687
0.04246155545115471,0.9270762521773577,0.8808672893792391,0.2825371315702796,0.349773894995451,0.20786147750914097,0.0002747520413053544,0.3806466114642243,0.3068020473305373,0.24008123325979686,0.3806466114642243
0.027649310417473316,0.5627519274130464,0.9072882803156972,0.2654301691800356,0.4672617930918932,0.06824423559010029,0.00027459088560121455,0.3813035296771581,0.27891349327670023,0.35590545612771385,0.3813035296771581
0.05287590343505144,0.33772086072713137,0.6741165621206164,0.7233938667923212,0.4350304426625371,0.8108708998188376,0.00027456647790725106,0.735928306110509,0.21626516414270838,0.3600455987015488,0.735928306110509
0.07064216956496239,0.11253336071968079,0.834429039619863,0.0968664363026619,0.36283624544739723,0.7261483790352941,0.00027431672050524827,0.7751832231910656,0.21269711142704356,0.30751419527149615,0.7751832231910656
0.0874988604336977,0.10498117189854383,0.10097839310765266,0.5214656507596374,0.48381335753947496,0.8020469676703215,0.000274263397089293,0.6194375900599363,0.25919405001659396,0.2528487786828951,0.6194375900599363
0.4617815697565675,0.3808849072083831,0.08632734045386314,0.9818791719153523,0.41564204543828964,0.7942900843918324,0.00027400150427323223,0.5938829849663783,0.22095216332242607,0.43268012929799676,0.5938829849663783
0.9492100924253464,0.43097112514078617,0.5323611814528704,0.06427721120417118,0.35559296142309904,0.8550478471443057,0.00027384010054818064,0.6517953645760888,0.2397569732748525,0.3755253412197851,0.6517953645760888
0.18267666082829237,0.08806370105594397,0.490070060826838,0.3664047345519066,0.47421708330512047,0.7694293921813369,0.0002736470460373499,0.691828571348063,0.2469476982541501,0.2568289870986988,0.691828571348063
0.0880121998488903,0.5284444056451321,0.737878474406898,0.3022196125239134,0.3547824854031205,0.5669229896739125,0.00027363220033835875,0.6677108505987516,0.20282647608352472,0.39600139445757476,0.6677108505987516
0.041085765697062016,0.5416647931560874,0.7643136037513614,0.2560837138444185,0.5282022273167968,0.9273373940959573,0.0002734769819550374,0.7132667792917762,0.2365175953391042,0.27708366841447546,0.7132667792917762
0.6637835251167417,0.4114243546500802,0.5060125077143312,0.2589090410619974,0.45171815622597933,0.8119242070242763,0.0002732596067451082,0.7960710623259218,0.20268189199096193,0.3059305413166042,0.7960710623259218
0.048338450491428375,0.45843043737113476,0.9995213700458407,0.25076670106500387,0.4703227896243334,0.03585255891084671,0.00027318971249203625,0.38107167394081826,0.2759813189034198,0.38784130872678213,0.38107167394081826
0.48049338068813086,0.3650461109355092,0.9421401508152485,0.13156814593821764,0.44497019797563553,0.8087917175143957,0.0002728520120733766,0.8348607457993508,0.2006083156510961,0.3104693190009624,0.8348607457993508
0.11808475758880377,0.1375579060986638,0.5806654179468751,0.38705240190029144,0.49723204132169485,0.7733468720689416,0.00027275021261369194,0.6842308916944482,0.24931466653045944,0.24688252435024383,0.6842308916944482
0.012198556214571,0.5553322220221162,0.9013011371716857,0.2890152055770159,0.2483965577557683,0.9755864897742867,0.0002727168855792932,0.7047119773186142,0.26095762532946926,0.23559586276940145,0.7047119773186142
0.1554997581988573,0.26590404380112886,0.8663357784971595,0.225879299454391,0.33782817609608173,0.6784062962979078,0.0002726633318342632,0.8864964249239132,0.19101564856437594,0.26749667411938255,0.8864964249239132
0.3135183798149228,0.4842758299782872,0.9266462298110127,0.20885097701102495,0.3197715263813734,0.8561169179156423,0.00027260290085613593,0.9522494641781324,0.18324972728442504,0.2520900097427456,0.9522494641781324
0.11007366888225079,0.013376624323427677,0.663547383621335,0.31476098857820034,0.38437060732394457,0.7150291269645095,0.00027244282222997575,0.717204292730932,0.2433336284831424,0.31509158998767484,0.717204292730932
0.0016069775447249413,0.7087122658267617,0.7477127490565181,0.30047311168164015,0.45967488177120686,0.43549730721861124,0.0002724191641150165,0.4504288354985048,0.2649854602658832,0.28592750109167475,0.4504288354985048
0.08092050813138485,0.8297531194984913,0.5516615407541394,0.2538958992809057,0.46191514655947685,0.3009129473939538,0.0002723855396522053,0.43942359016341703,0.2658609827548311,0.2846006289294903,0.43942359016341703
0.05308334808796644,0.774372641928494,0.814409451559186,0.22343653067946434,0.3611984057351947,0.02327433880418539,0.0002723327668885565,0.37979479743850564,0.29388938534646564,0.33336768041984727,0.37979479743850564
0.20771699771285057,0.35204336885362864,0.7822020184248686,0.38089189399033785,0.4292505346238613,0.7743928488343954,0.00027232660090597394,0.9696169901103232,0.1845018460827051,0.25691545473784005,0.9696169901103232
0.16008030157536268,0.22078902926295996,0.8251540502533317,0.051364338025450706,0.5021194675937295,0.7920688353478909,0.00027227984740218076,0.7111496542287479,0.2324939007776457,0.27969041467003053,0.7111496542287479
0.1359407240524888,0.20922203734517097,0.30353058595210314,0.9344305284321308,0.46183491218835115,0.7737897969782352,0.00027206141542188947,0.5848496333607546,0.23319252324608564,0.38224082145885185,0.5848496333607546
0.00020246021449565887,0.7774911429733038,0.8253456177189946,0.2917388938367367,0.4768008152022958,0.314233816228807,0.0002720550431184723,0.4206211524554809,0.2743407083094142,0.23999932912938224,0.4206211524554809
0.0052065979689359665,0.5363008193671703,0.13626485411077738,0.29135686811059713,0.35765464790165424,0.06201213225722313,0.0002719817402048299,0.3697207753814641,0.274168260514689,0.35316673772671675,0.3697207753814641
0.03372296039015055,0.4250000948086381,0.32398470025509596,0.3061751229688525,0.5724923489615321,0.7705223932862282,0.00027197901169275754,0.7915544911824526,0.22804881297257562,0.23015734041628805,0.7915544911824526
0.07104405574500561,0.7017863485962152,0.5738596487790346,0.2484306413680315,0.4758275458589196,0.41938559524714947,0.0002716080497664981,0.4828875233707051,0.24903712432791697,0.3352728165001989,0.4828875233707051
0.09276347700506449,0.45028943195939064,0.9203577823936939,0.035924932919442654,0.48299528658390045,0.897120431996882,0.0002715932013673948,0.7548405499190162,0.2132924017036177,0.35771571565415067,0.7548405499190162
0.14520331472158432,0.003708457574248314,0.8211095668375492,0.34878708329051733,0.45607170555740595,0.7544306507334113,0.00027157874904038665,0.6739494821652078,0.2580021563558164,0.30335657933083,0.6739494821652078
0.9874151665717363,0.4451640648767352,0.9533049752935767,0.3444276191294193,0.396681385114789,0.8283167043700814,0.0002714551428512985,0.6768460255664288,0.2425105560422997,0.3392959313123046,0.6768460255664288
0.047527750954031944,0.42018411960452795,0.6692208824679255,0.23326640482991934,0.15494140423834324,0.8023540386930108,0.00027135296021910224,0.7253349674762837,0.16945401735368437,0.21591256156464467,0.7253349674762837
0.08508369699120522,0.010377439670264721,0.940060212276876,0.32230875454843044,0.3275643289089203,0.8065493227913976,0.0002713190651730149,0.723239511609043,0.2536195964494619,0.28330200841106096,0.723239511609043
0.041775841265916824,0.5185196846723557,0.6463885800912976,0.24977482855319977,0.5037659108638763,0.6391969686374068,0.00027128700222755353,0.7439187743135456,0.18062713208484293,0.37402572055858696,0.7439187743135456
0.9729080451652408,0.4694252936169505,0.15249379631131887,0.08183049876242876,0.3386147078126669,0.8720610467717052,0.00027126702117446285,0.635482839743907,0.24915135839003985,0.36310223745130477,0.635482839743907
0.09660929627716541,0.3154502734541893,0.040402534417808056,0.277708244509995,0.4180202120915055,0.5463497620075941,0.0002712304251647794,0.6641260666773902,0.2260946829987833,0.36769810746613535,0.6641260666773902
0.05837657209485769,0.5696447296068072,0.6923522651195526,0.257412301376462,0.2739737769588828,0.4064687713980675,0.0002710580586297753,0.509489525948811,0.2657410167720537,0.3141369648803361,0.509489525948811
0.25904854107648134,0.13520404882729053,0.5006473530083895,0.3136505866423249,0.43412409722805023,0.7847967203706503,0.00027085308893322834,0.7796722412701417,0.21997357407609436,0.25320204675470526,0.7796722412701417
0.02193315327167511,0.9223488429561257,0.16669783741235733,0.31397218629717827,0.3037377893924713,0.674690474756062,0.00027078126219870686,0.5390589756828166,0.2515240901791178,0.3409353745316113,0.5390589756828166
0.050906261429190636,0.4436086043715477,0.6854910543188453,0.2080961326137185,0.3071344969794154,0.7226528031751513,0.000270722742626446,1.0527856756476617,0.1537348510982248,0.25278552501381524,1.0527856756476617
0.05638383515179157,0.15028577111661434,0.8056113542988896,0.30302709247916937,0.33184858318418264,0.832105565816164,0.0002706795282214682,0.8213020828098863,0.22112056779147934,0.26268120780428494,0.8213020828098863
0.2306144218891859,0.4467068752273917,0.49703681468963623,0.11248115636408329,0.4465499809011817,0.775594912469387,0.00027052785960572894,1.021236939736719,0.1497474037984764,0.3109507739639536,1.021236939736719
0.01991043146699667,0.014902465976774693,0.8894551107659936,0.6172536257654428,0.38835402484983206,0.8116272315382957,0.00027023534094530824,0.6067364833372523,0.26752309808190156,0.29563884852803207,0.6067364833372523
0.1304222485050559,0.17882538214325905,0.6437129583209753,0.22184375394135714,0.36808208376169205,0.7705060010775924,0.0002702286899549549,0.9503435473956148,0.1723995495119925,0.28443441465282304,0.9503435473956148
0.0037229424342513084,0.1291636824607849,0.5392411351203918,0.18323983810842037,0.3654010323807597,0.704569504596293,0.0002700422322803348,0.8177448770081601,0.19835097542449953,0.2983673957472941,0.8177448770081601
0.0699861403554678,0.4725085571408272,0.2112293280661106,0.7150124795734882,0.4865564974024892,0.7930732723325491,0.00027000276835677706,0.7180752453204103,0.20750704353600433,0.36974131987821873,0.7180752453204103
0.0913524990901351,0.17988138180226088,0.4552577817812562,0.06745302490890026,0.3859236277639866,0.7316477783024311,0.00026968917163414774,0.8343510755620437,0.1833550741936294,0.3122554160522025,0.8343510755620437
0.16620949283242226,0.2333964230492711,0.045094999484717846,0.2355413306504488,0.3266291217878461,0.7534932782873511,0.00026967472138872964,0.9743276830434521,0.16531139482584653,0.2269123977494445,0.9743276830434521
0.05513698700815439,0.8802865287289023,0.010158848948776722,0.28749625477939844,0.3845723019912839,0.11727605666965246,0.0002696411902096105,0.34892426854793,0.3028399876987338,0.24146305563707426,0.34892426854793
0.06734872236847878,0.9786938028410077,0.6527407839894295,0.2374671958386898,0.2356968792155385,0.7614357098937035,0.0002694694507998898,0.5458607975147174,0.25436416193776895,0.32605782044196535,0.5458607975147174
0.49176260363310575,0.36284713353961706,0.015174150466918945,0.015272497199475765,0.4141012178733945,0.7427676832303405,0.00026941185987722465,0.8250409708698192,0.19969844734241424,0.36018155323025425,0.8250409708698192
0.23999683652073145,0.3897928511723876,0.27053268533200026,0.5309024769812822,0.41191033087670803,0.806982078589499,0.0002692998456797395,0.9029307212579227,0.19222392378505415,0.3097958331743187,0.9029307212579227
0.03113884013146162,0.8774230005219579,0.3588896840810776,0.29516054783016443,0.32736263424158096,0.4041127907112241,0.00026928820401392654,0.4327578942666316,0.28969205288673794,0.2528037685408859,0.4327578942666316
0.2578752301633358,0.48925684951245785,0.7528497539460659,0.27352387830615044,0.3661822499707341,0.8712520990520716,0.00026928417995231277,0.9746133256492026,0.17293234740124966,0.27852030159522934,0.9746133256492026
0.025580326095223427,0.3711969945579767,0.8014219142496586,0.2608796991407871,0.3589213779196143,0.42349876929074526,0.0002690338402661262,0.5873909470777753,0.25608694804001436,0.3638563488016051,0.5873909470777753
0.08362248446792364,0.8214206555858254,0.008342685177922249,0.23316309973597527,0.4197685606777668,0.7103919191285968,0.0002690225970590302,0.6988923999698062,0.1537252980295913,0.431755467011567,0.6988923999698062
0.04218003340065479,0.5634028846397996,0.5467429617419839,0.031421112827956676,0.4374365098774433,0.8327436354011297,0.0002689565863712962,0.8577312489037457,0.1781817466548798,0.362540581211104,0.8577312489037457
0.039559884928166866,0.4750045398250222,0.4816839173436165,0.2765059918165207,0.5210951659828424,0.9410879192873836,0.00026881348445227047,0.7391281810202609,0.2266472976444466,0.27000821421753185,0.7391281810202609
0.0070166392251849174,0.24569885525852442,0.3667481429874897,0.27686632610857487,0.2865049336105585,0.6988915354013443,0.0002682548297081693,0.865156712875879,0.19922709899792898,0.20494358375398383,0.865156712875879
0.10174956452101469,0.2239838633686304,0.5262168357148767,0.3558789948001504,0.5011702505871654,0.8174376301467419,0.0002679768365995771,0.7382440045808109,0.23762274880117215,0.21722439011075653,0.7382440045808109
0.34427256137132645,0.5109520358964801,0.3532123062759638,0.012850174680352211,0.4264433719217777,0.8167306818068027,0.00026795752434351244,0.8825395141849903,0.1898950223839803,0.34428067100351367,0.8825395141849903
0.09722803719341755,0.03803477995097637,0.862532515078783,0.7397679900750518,0.41167997755110264,0.7675075782462955,0.0002679326015880529,0.5852134067908794,0.25765852208866,0.3178115941850375,0.5852134067908794
0.5248437914997339,0.42998218443244696,0.3209315678104758,0.278709901496768,0.33327165618538857,0.8442395916208625,0.00026781906136453615,0.896862835316048,0.18949674824710314,0.2810170468015791,0.896862835316048
0.06175398826599121,0.04050028417259455,0.6058780252933502,0.9474259773269296,0.47703478019684553,0.7994675049558282,0.00026770120876710627,0.4692534623061755,0.27624122164416604,0.30090127408123274,0.4692534623061755
0.0029152650386095047,0.5058299209922552,0.7936244904994965,0.311127751134336,0.2556791277602315,0.7263648211956024,0.00026765465257598835,0.8802275275051256,0.198655923024684,0.20929753821824212,0.8802275275051256
0.8113669641315937,0.3874025670811534,0.8095156773924828,0.08739459607750177,0.3657847261056304,0.808583258651197,0.0002676019084663605,0.7313183994310609,0.21262590516035154,0.37796500310815406,0.7313183994310609
0.06751894392073154,0.8916197158396244,0.951792448759079,0.27856073901057243,0.38909239042550325,0.025997296907007694,0.00026754150170251736,0.3531588155409021,0.3148779743512831,0.2595914463435708,0.3531588155409021
0.0411613741889596,0.4044938422739506,0.8327955016866326,0.5071207657456398,0.5092775905504823,0.777790923602879,0.00026751769089517185,0.7902775207589516,0.22714125393040452,0.284058055738983,0.7902775207589516
0.0760522186756134,0.716364037245512,0.759590258821845,0.2927065081894398,0.3087250739336014,0.8537406148388982,0.000267435502600442,0.7263206216271837,0.2229846990776757,0.24579864100226415,0.7263206216271837
0.1409321017563343,0.1211819862946868,0.022899463772773743,0.19241930823773146,0.3752986565232277,0.7796398084610701,0.000267064040570588,0.8636652631023773,0.1908068175526014,0.29138991014967663,0.8636652631023773
0.006628970615565777,0.564940445125103,0.47683423198759556,0.35085895750671625,0.32190224807709455,0.9433706616982818,0.0002669923662230155,0.7801034609286986,0.23397203398990588,0.2582899859328101,0.7801034609286986
0.014250698499381542,0.3564069839194417,0.7811281699687243,0.274235712364316,0.47999139968305826,0.9425469897687435,0.00026692268906840623,0.7819455380405135,0.1967391104022484,0.2785638808221162,0.7819455380405135
0.05621618311852217,0.2420621244236827,0.9019539542496204,0.23612803127616644,0.5084665045142174,0.4867820357903838,0.0002669153698005302,0.5236703173042473,0.258873319023174,0.3485128076609306,0.5236703173042473
0.6311775781214237,0.4361992673948407,0.21654291450977325,0.013590485788881779,0.37973397597670555,0.8736998653039336,0.0002668993591540642,0.7512098848467176,0.22731382181531007,0.36949702254728606,0.7512098848467176
0.26332344952970743,0.23990597110241652,0.3428180869668722,0.219774235971272,0.48413556162267923,0.8060963517054915,0.0002667244704362609,0.8638192634537591,0.20216166123205337,0.20652419261203675,0.8638192634537591
0.11304592527449131,0.17557464819401503,0.9580708667635918,0.13367069698870182,0.5014901580289006,0.7816551001742482,0.00026664742041829367,0.7285058158665686,0.23440642896906405,0.25944125448836974,0.7285058158665686
0.3813260989263654,0.3997240597382188,0.09478542394936085,0.33874452859163284,0.38312297128140926,0.8233341705054045,0.0002665383372734996,0.9653237148600923,0.17894488274634984,0.2901349816240256,0.9653237148600923
0.10736633650958538,0.3081691339612007,0.8537403121590614,0.06368953827768564,0.5281438203528523,0.8058876292780042,0.0002664699388789129,0.7438192072455984,0.23070449455114084,0.2714403181926961,0.7438192072455984
0.29431831929832697,0.32748866453766823,0.41784110851585865,0.3520664069801569,0.4797352170571685,0.7796293450519443,0.00026635643068725364,0.8753933954416989,0.20744114502085367,0.20462689925897692,0.8753933954416989
0.2496050102636218,0.3924505915492773,0.4837542735040188,0.21919773425906897,0.3344733137637377,0.7931320173665881,0.0002662383731913244,1.09856202485346,0.14053432656400197,0.2115785310063345,1.09856202485346
0.4136960096657276,0.37764805275946856,0.6822286797687411,0.09195710998028517,0.4394785901531577,0.760598162189126,0.0002660644201378287,0.8922956533329571,0.17866731458490187,0.32918308291939563,0.8922956533329571
0.09276931267231703,0.0061402032151818275,0.15652239602059126,0.39026706106960773,0.5031175650656223,0.7670277785509825,0.0002660597166963048,0.6152772379542855,0.2684732695772246,0.2758534157476489,0.6152772379542855
0.45309093594551086,0.3739786371588707,0.0560780530795455,0.5100622521713376,0.47049844823777676,0.8056398499757051,0.00026576690881441534,0.7304964519830739,0.22462130355900836,0.2761565447547729,0.7304964519830739
0.5535244354978204,0.4703837540000677,0.9898923579603434,0.2651238078251481,0.34750541392713785,0.8671128218993545,0.0002657374734520114,0.8312356669022075,0.20259808355201767,0.2856160604443527,0.8312356669022075
0.0019722189754247665,0.5816616080701351,0.5200758492574096,0.2508593173697591,0.5640332447364926,0.36984207201749086,0.0002657104041244643,0.4454768724931783,0.2590019060959381,0.29428841670004263,0.4454768724931783
0.042656430043280125,0.8877545269206166,0.5286132358014584,0.21160649973899126,0.36822935473173857,0.48416106030344963,0.00026555766850519275,0.46306697721076107,0.2570412702427563,0.35350989648053865,0.46306697721076107
0.05713814031332731,0.9282913981005549,0.7336050719022751,0.2260570814833045,0.30589991342276335,0.10065679252147675,0.00026544365659080844,0.3602589813596477,0.29950470301768495,0.29259715322093843,0.3602589813596477
0.308746999129653,0.2852247664704919,0.840964469127357,0.057380408979952335,0.4414500780403614,0.804007581435144,0.00026543189431630314,0.8212600924744275,0.20443811765255554,0.30761659861554125,0.8212600924744275
0.10913615487515926,0.11343780346214771,0.550366448238492,0.10490057617425919,0.42723912838846445,0.752242929302156,0.00026542922716178355,0.7729514959170146,0.21032131250818087,0.31938465063787036,0.7729514959170146
0.09672326035797596,0.995005146600306,0.17830134648829699,0.3443404193967581,0.4382793754339218,0.7840519482269883,0.00026531941626652984,0.5418564747649262,0.23416310773101862,0.42143552213028207,0.5418564747649262
0.2526047769933939,0.44642127491533756,0.058442506939172745,0.4207463525235653,0.3373750150203705,0.7972070192918181,0.0002653038799209535,0.9703213697597914,0.17878371503321275,0.27291210571556906,0.9703213697597914
0.14889602828770876,0.034075286239385605,0.9527024254202843,0.21805128827691078,0.35952141135931015,0.7313741259276867,0.00026530218172019936,0.7988306846026078,0.21980016754447276,0.32800610904152194,0.7988306846026078
0.08994202967733145,0.7171019287779927,0.5946283228695393,0.23200096562504768,0.34688041266053915,0.9628364210948348,0.0002652869552958042,0.6567103681501866,0.2146911787388954,0.306346599148106,0.6567103681501866
0.09237975999712944,0.4041058262810111,0.4169460469856858,0.3216272871941328,0.37651954870671034,0.5541119584813714,0.00026526490709304724,0.6916966331690493,0.21786778747798372,0.38968749811612013,0.6916966331690493
0.0549745773896575,0.6711917100474238,0.6393839688971639,0.23766466602683067,0.45783647056668997,0.9385690605267882,0.0002649534355639606,0.6846251287344574,0.20331468808354003,0.3085512299507858,0.6846251287344574
0.6058797957375646,0.4082295782864094,0.8281464045867324,0.08000234980136156,0.4507690882310271,0.8295412985607982,0.00026490427563471524,0.7413385947932903,0.216767362149926,0.34701502998742007,0.7413385947932903
0.16791310999542475,0.35625678580254316,0.43947420362383127,0.5520753366872668,0.4649269385263324,0.811989538371563,0.00026484455343376466,0.8006815784570709,0.21662566735407668,0.27912109973016463,0.8006815784570709
0.0594381857663393,0.4071585349738598,0.2483989531174302,0.30337652936577797,0.458814162760973,0.5413432558998466,0.0002646971617862478,0.6660369687312824,0.2232657633577826,0.4077879653537698,0.6660369687312824
0.01935724262148142,0.3921162346377969,0.4654204389080405,0.4227217063307762,0.39396676141768694,0.6639711419120431,0.00026466540418776553,0.8426247687017079,0.19952142700818862,0.3093776393171896,0.8426247687017079
0.014459953643381596,0.9315440086647868,0.4042745493352413,0.2674953816458583,0.26472819596529007,0.020609968341886997,0.00026432879097666436,0.3397054513089078,0.32089585065027165,0.23221858926342667,0.3397054513089078
0.04248886555433273,0.9718785956501961,0.6856964575126767,0.280427691526711,0.5336091704666615,0.8219086667522788,0.00026422464708275475,0.43833834908117714,0.2551368264147146,0.33425093055501465,0.43833834908117714
0.02675733808428049,0.447049911133945,0.30548250395804644,0.24360889568924904,0.570669075474143,0.3534275945276022,0.0002638519251992327,0.45818833239204204,0.2537373536432515,0.3244273567374356,0.45818833239204204
0.062162261456251144,0.809741317294538,0.44908897764980793,0.2662060810253024,0.24854058306664228,0.7385685108602047,0.00026374955072431405,0.6420418357836734,0.21493085829459016,0.2554860663576013,0.6420418357836734
0.01641044206917286,0.8403981411829591,0.7320222640410066,0.24559344165027142,0.21010611299425364,0.961155878379941,0.00026369609482709144,0.49116977980582527,0.27634134478591665,0.2383435722973583,0.49116977980582527
0.13685804791748524,0.4211280085146427,0.4558365922421217,0.3375827269628644,0.3415981698781252,0.8777971109375358,0.00026364385157210383,0.9759647074262285,0.1836105595770428,0.29615630330413484,0.9759647074262285
0.14941003546118736,0.07919208146631718,0.5082703847438097,0.9958754032850266,0.44136507995426655,0.7726404396817088,0.0002634903859345188,0.5216143753808141,0.26689339255040617,0.33544626162609265,0.5216143753808141
0.07241473253816366,0.05000008083879948,0.11406181007623672,0.6314698923379183,0.36001797020435333,0.7532522352412343,0.0002633880922897411,0.6599486554296249,0.24594370591060738,0.31668072155691224,0.6599486554296249
0.14338540099561214,0.14107538387179375,0.46789941005408764,0.45343780145049095,0.4261664114892483,0.8048718767240644,0.0002630432629390949,0.737987225363199,0.23220054453396582,0.24991589479081733,0.737987225363199
0.05746758263558149,0.16485751420259476,0.8467758232727647,0.31754821073263884,0.5469244699925184,0.7977689895778894,0.0002629526206659186,0.6437077053170913,0.26024171387972694,0.21989970680287305,0.6437077053170913
0.030352232046425343,0.49184331856667995,0.01591542921960354,0.2468561828136444,0.1642672186717391,0.7841204339638352,0.00026279080362362245,0.7390342099487094,0.1742586643260368,0.20694793616005253,0.7390342099487094
0.7905580522492528,0.4178288383409381,0.11032803356647491,0.35354240983724594,0.4317557839676738,0.7726552011445165,0.00026238083357997294,0.7585256966096244,0.21112770408431594,0.3353504465443368,0.7585256966096244
0.17140975687652826,0.48404381424188614,0.6130900019779801,0.2579780323430896,0.46026080939918756,0.8191353846341372,0.00026235384338525676,1.023619900888837,0.16175903251765636,0.26158927929666315,1.023619900888837
0.5782413510605693,0.3718810109421611,0.706700143404305,0.0048028212040662766,0.4688311191275716,0.8217016719281673,0.0002622956216871391,0.7022859686816199,0.23640610815813376,0.33217723521143383,0.7022859686816199
0.033507960848510265,0.20258073415607214,0.7414331324398518,0.20584023371338844,0.3314379686489701,0.7983058141544461,0.00026219229262193305,0.9402368833809384,0.18036287314767305,0.24275665456109835,0.9402368833809384
0.4696021741256118,0.46451384853571653,0.6035261955112219,0.12993918173015118,0.3899170383810997,0.8251506695523858,0.0002621901494295734,0.8932346487678058,0.17696417252559674,0.34886936049547246,0.8932346487678058
0.04226515721529722,0.29744487162679434,0.7505856165662408,0.0683410381898284,0.48207503370940685,0.6612851759418845,0.0002620844670712396,0.7023841696276978,0.21978763102404358,0.2988497346301558,0.7023841696276978
0.9052864518016577,0.43065175879746675,0.72077118139714,0.009453671053051949,0.43617253098636866,0.7769798366352916,0.00026204452469133125,0.6712008179590366,0.2355780525952158,0.3734715179616576,0.6712008179590366
0.0019452627748250961,0.5977551070973277,0.36304225865751505,0.03167171962559223,0.5088665997609496,0.7841589879244566,0.0002620251243758302,0.7784371002195439,0.20124863986296365,0.3023269608305565,0.7784371002195439
0.5779163669794798,0.4712674543261528,0.23540714383125305,0.00039695482701063156,0.3194088377058506,0.8958934228867292,0.0002619499413281679,0.717769136639654,0.24412494709092059,0.3238859583639792,0.717769136639654
0.11152733489871025,0.22053402103483677,0.8585625849664211,0.08499471191316843,0.43525242153555155,0.7444807402789593,0.0002619359341714353,0.8541310318274504,0.1916695719070449,0.3017298721608481,0.8541310318274504
0.10828290786594152,0.4582471111789346,0.028149439953267574,0.22469593212008476,0.49593898467719555,0.8483264436945319,0.00026188081688789384,0.9587764440735255,0.18335794610842115,0.2853350382331714,0.9587764440735255
0.1537375496700406,0.44185221288353205,0.7853911509737372,0.01163768582046032,0.36230136547237635,0.9177545635029674,0.0002618566980580179,0.8169240943463449,0.20392190700490148,0.3783000014951988,0.8169240943463449
0.056567419320344925,0.2745145205408335,0.10388530604541302,0.56283263489604,0.5181823652237654,0.768579201772809,0.00026174203075996703,0.684865276024999,0.23941303184636623,0.26726966399342744,0.684865276024999
0.018089622259140015,0.2334431754425168,0.2176116118207574,0.47841953951865435,0.33703410625457764,0.7425549002364278,0.00026165922724192994,0.8746411624482058,0.1945029554704745,0.27430249045102223,0.8746411624482058
0.06363936141133308,0.33131843712180853,0.3875346863642335,0.03153433836996555,0.3218385959044099,0.8229351220652461,0.0002616085593787123,0.9332375094226186,0.1734300646879449,0.347241188664677,0.9332375094226186
0.7207104004919529,0.452789600007236,0.050666713155806065,0.018697240389883518,0.300046693533659,0.8498643701896071,0.0002616046444255972,0.6888785239026918,0.23836379280858297,0.3338791515014226,0.6888785239026918
0.021284742280840874,0.40105281863361597,0.294917362742126,0.28866749349981546,0.2272224510088563,0.7023978419601917,0.00026158299248787444,0.824858241978943,0.1994023891492472,0.21263305226197343,0.824858241978943
0.07406679261475801,0.8015319863334298,0.2797848740592599,0.28750920575112104,0.35280105099081993,0.3264286061748862,0.00026155979701811743,0.44972430391708196,0.27848963419162037,0.2678183249113383,0.44972430391708196
0.32112197764217854,0.47174067702144384,0.20920924935489893,0.01606897357851267,0.5109192375093699,0.8165827374905348,0.0002615417480715216,0.7674156315171835,0.22547677787510675,0.3174334445976974,0.7674156315171835
0.3384287543594837,0.35049893241375685,0.3341384148225188,0.47369743045419455,0.4405382815748453,0.7974913641810417,0.0002614656118445704,0.8620310275836368,0.2019869748917969,0.2546062361997784,0.8620310275836368
0.2331566596403718,0.36508920695632696,0.5470177261158824,0.011623453348875046,0.3930315747857094,0.6538834599778056,0.0002608693260842817,0.7457747049558806,0.2104914858176715,0.356759025848389,0.7457747049558806
0.13802995439618826,0.06788819842040539,0.907353631220758,0.7594102090224624,0.4370565637946129,0.7860316168516874,0.0002608380554788207,0.5592246700214841,0.2573903401940891,0.30425318120814976,0.5592246700214841
0.017581292428076267,0.15329219680279493,0.2746454132720828,0.7005952978506684,0.4792944882065058,0.7535480130463839,0.00026075690713357123,0.630380666468619,0.24623656224295865,0.31828070169684375,0.630380666468619
0.15093821939080954,0.016721487045288086,0.29174814093858004,0.2796258423477411,0.4383196886628866,0.7381933210417628,0.0002606235840693232,0.7674097123411312,0.2266427433289984,0.33150355692782024,0.7674097123411312
0.45356446597725153,0.41701571084558964,0.5697509776800871,0.20678296498954296,0.4786584097892046,0.7853261614218354,0.0002605851658060228,0.8912224610244643,0.1875610636946455,0.25087387250559984,0.8912224610244643
0.04502476379275322,0.6370614096522331,0.06315789185464382,0.282918993383646,0.46890397276729345,0.4166230270639062,0.00026056835371090977,0.493208852174868,0.25607971430137233,0.3093723517286999,0.493208852174868
0.057686733081936836,0.6240694113075733,0.8434797059744596,0.24844790995121002,0.2575327381491661,0.15151621215045452,0.00026045988147430153,0.37434463655135936,0.27569446488496097,0.3082764193905206,0.37434463655135936
0.07289036270231009,0.9835321800783277,0.9232312301173806,0.2692849664017558,0.27140685357153416,0.7972700586542487,0.0002604410903147683,0.5542910188419357,0.25603725294958163,0.3445274842114585,0.5542910188419357
0.012150008231401443,0.4533749343827367,0.20624640677124262,0.34384335950016975,0.4225479196757078,0.5649915402755141,0.00026001488848329354,0.6991469541981108,0.20838864067734417,0.42456501386397916,0.6991469541981108
0.5555484844371676,0.37127959355711937,0.18575212825089693,0.20100970938801765,0.4021333670243621,0.773614420555532,0.0002600017955503137,0.945709318488906,0.16813680106596923,0.3013778855686014,0.945709318488906
0.12326841801404953,0.9609807971864939,0.33679704647511244,0.27813924569636583,0.3095423560589552,0.6185972988605499,0.00025984337937194396,0.48471500392921213,0.26006815851521325,0.3332788611444383,0.48471500392921213
0.17505852039903402,0.08207549061626196,0.04073529317975044,0.000864541158080101,0.370029523037374,0.8131041871383786,0.00025980538942107015,0.6831614958566543,0.2434707882187656,0.32322544696909844,0.6831614958566543
0.019936281256377697,0.8385586543008685,0.5920624993741512,0.25702542811632156,0.5395083567127585,0.16430636774748564,0.0002597465830559799,0.3726861066441783,0.29343568957281385,0.25549814542127697,0.3726861066441783
0.10584510583430529,0.30602852441370487,0.45752245280891657,0.4876055447384715,0.4531166646629572,0.8152089007198811,0.00025951533192297585,0.8347967315249476,0.2130574154684091,0.2586307894300391,0.8347967315249476
0.22630441281944513,0.08364534378051758,0.2290196167305112,0.07091322354972363,0.41448033321648836,0.7975437911227345,0.0002594636565274085,0.7256986182649118,0.22672560481323814,0.31754018663366956,0.7256986182649118
0.06553327944129705,0.6174870664253831,0.4619723027572036,0.2665275288745761,0.463901468552649,0.5614271042868495,0.0002593555871753241,0.6076758115595605,0.1949308965505123,0.393564914756286,0.6076758115595605
0.05067969113588333,0.13195719476789236,0.9401013273745775,0.9468880165368319,0.4068446634337306,0.8148201312869787,0.00025929140678843067,0.5603195935280961,0.25460208559079744,0.3363629506155077,0.5603195935280961
0.015023290179669857,0.23998542223125696,0.16790290270000696,0.10578428581357002,0.431707882322371,0.6492351163178682,0.0002592232529816386,0.7511543840118062,0.20635672383553916,0.3146327474699571,0.7511543840118062
0.015088284388184547,0.12006038147956133,0.37737204041332006,0.45851558074355125,0.3299087733030319,0.7504372503608465,0.00025914826793026256,0.7843314318111247,0.21668640324519559,0.2601195881127155,0.7843314318111247
0.13398657273501158,0.9749118536710739,0.80778625048697,0.30919001437723637,0.3842882765457034,0.7627216698601842,0.0002590180911163016,0.5757968135262467,0.22477877182436828,0.4208974042544147,0.5757968135262467
0.08345049060881138,0.8608341347426176,0.39430294558405876,0.2726916205137968,0.42473581712692976,0.9808910461142659,0.00025895796746965537,0.46965641353924137,0.20557052608682455,0.3297314212784957,0.46965641353924137
0.3817656869068742,0.3495406834408641,0.14003447256982327,0.9448485560715199,0.4533693389967084,0.789527122862637,0.0002586468904465016,0.5829849959330933,0.21820308724931808,0.41492557594255214,0.5829849959330933
0.4190876353532076,0.4369325051084161,0.3785761324688792,0.2274342207238078,0.4819564837962389,0.8189876889809966,0.0002586434520798226,0.9073015803961928,0.1911301137618365,0.22281224625513715,0.9073015803961928
0.0702791390940547,0.4838753752410412,0.4525820957496762,0.2413581172004342,0.19400424044579268,0.8766905702650547,0.00025859628181624226,0.7689270873552051,0.21615776047425633,0.21523569955955518,0.7689270873552051
0.23873380199074745,0.20562302879989147,0.957201698794961,0.015140080824494362,0.42524714954197407,0.8123627547174692,0.0002585733733561252,0.7480974288976858,0.22447262385358902,0.31980874194578734,0.7480974288976858
0.03392616845667362,0.0967737715691328,0.029120472259819508,0.7832616725936532,0.3480723137035966,0.7381338160485029,0.0002585004960518836,0.6137434633711593,0.2428734732783423,0.33052254573116535,0.6137434633711593
0.10590253863483667,0.5253410479053855,0.749288585036993,0.24514813534915447,0.4869980541989207,0.7681457670405507,0.0002583568100187555,1.0139331092177,0.15578446446202052,0.2448800368904801,1.0139331092177
0.09586203284561634,0.4883660776540637,0.1519279358908534,0.34029421862214804,0.3368739252910018,0.6374952606856823,0.00025834824320180693,0.816696330994791,0.19443151243734952,0.34551430354783047,0.816696330994791
0.0129500487819314,0.8300580931827426,0.46066069696098566,0.22376641351729631,0.44071735441684723,0.6135087218135595,0.00025832860362719234,0.5500105300043061,0.19115234206925233,0.4169240011693769,0.5500105300043061
0.08949132636189461,0.9321486782282591,0.9691871739923954,0.2303948113694787,0.5143892662599683,0.030118703842163086,0.00025827422696293186,0.3773818816834798,0.3123549600048094,0.30707748262181533,0.3773818816834798
0.03078226651996374,0.12236510124057531,0.35281106643378735,0.2365678520873189,0.4909070236608386,0.4892024025321007,0.00025808251703097703,0.5238962250550241,0.26573327868705904,0.33982312177442064,0.5238962250550241
0.03432656638324261,0.3286438602954149,0.6245730789378285,0.239915587939322,0.5407040435820818,0.07834376208484173,0.00025796284678870245,0.320332525455113,0.26118684257067615,0.3330178622616942,0.320332525455113
0.03275128919631243,0.45588142797350883,0.7701725158840418,0.03852534852921963,0.31933408323675394,0.7033288236707449,0.00025781998982830646,0.9028593914790466,0.17380267772219213,0.36128359772870944,0.9028593914790466
0.03580703213810921,0.04611395578831434,0.4132193513214588,0.8156140176579356,0.38265867345035076,0.7402817904949188,0.00025781042655036895,0.5868659304360411,0.24718509589447094,0.34508982643892316,0.5868659304360411
0.03862574603408575,0.6859084405004978,0.38048708252608776,0.3262137407436967,0.3985269134864211,0.6305639008060098,0.00025776227033551247,0.6478248665905746,0.1906408659092441,0.32276032722710235,0.6478248665905746
0.04346530605107546,0.1111297532916069,0.6247604750096798,0.837345439940691,0.3669415693730116,0.754611449316144,0.0002577477246761024,0.6069957195807888,0.23361790209674269,0.3524687048967287,0.6069957195807888
0.8159198826178908,0.39928562194108963,0.24238621164113283,0.09585412964224815,0.36054675932973623,0.8373603830114007,0.0002577048404101293,0.7319982270081375,0.2142581007857122,0.3956578158150908,0.7319982270081375
0.0953194759786129,0.052914067171514034,0.5830157678574324,0.37257543578743935,0.4469785215333104,0.8329081786796451,0.00025768638930978496,0.6577390604179169,0.2618510024341688,0.2707085846140441,0.6577390604179169
0.13194812927395105,0.8709248844534159,0.11010659206658602,0.24825165327638388,0.36091019678860903,0.8464542077854276,0.0002574227726700484,0.6381759518769023,0.19663948681264018,0.3961602255327289,0.6381759518769023
0.7451365208253264,0.4167712312191725,0.7748750420287251,0.05340873822569847,0.37840112671256065,0.7774775410071015,0.00025737858953457654,0.7715137841569092,0.19978190953769015,0.3816484784681887,0.7715137841569092
0.6020943531766534,0.46666682232171297,0.015287804417312145,0.4861364820972085,0.405137388035655,0.8238671440631151,0.0002573452317353659,0.7491416518495293,0.21852001254418751,0.3114305632357792,0.7491416518495293
0.010072129778563976,0.38194251246750355,0.7987335184589028,0.6736086839810014,0.3915851777419448,0.7873978465795517,0.0002573355190979302,0.8432608550562283,0.19929435139391727,0.3739331267578427,0.8432608550562283
0.05719347670674324,0.7368643525987864,0.1958023840561509,0.2400189507752657,0.5618628319352865,0.36764569114893675,0.00025731252089596394,0.43996089374996095,0.2508917113815907,0.289451400822882,0.43996089374996095
0.01802238170057535,0.06580450013279915,0.5510193482041359,0.5245909467339516,0.35750603675842285,0.8074264880269766,0.0002572579719116983,0.6808993056946545,0.25116578830914854,0.28513550320561043,0.6808993056946545
0.9654666865244508,0.4045121390372515,0.3566100988537073,0.3619809029623866,0.40691749658435583,0.8196963453665376,0.0002572293866499649,0.7021087052560414,0.23451957900898737,0.341906730126442,0.7021087052560414
0.027085041627287865,0.955208663828671,0.22311206348240376,0.23051028419286013,0.23844756744801998,0.360056453384459,0.0002572263629786976,0.4197995272565266,0.29874002477408473,0.2678651476366013,0.4197995272565266
0.15665861777961254,0.2343910150229931,0.20748377963900566,0.514526485465467,0.43479971680790186,0.7713659377768636,0.0002571517547412964,0.8180493901064009,0.21322497209691754,0.28200668065880424,0.8180493901064009
0.004790809005498886,0.4074100246652961,0.468277751468122,0.27373000513762236,0.16455767396837473,0.8199008777737617,0.0002569691038032614,0.7297269299045265,0.1863337245456932,0.19690571713588575,0.7297269299045265
0.02805220987647772,0.24789780657738447,0.6843466758728027,0.393159918487072,0.3230511909350753,0.7646552780643106,0.0002569033879908877,0.9062066396480373,0.19455231373021964,0.24889195213308377,0.9062066396480373
0.05762001592665911,0.8076881440356374,0.3672462170943618,0.23128187377005816,0.501783405430615,0.3792023556306958,0.000256732980835006,0.4744725392141313,0.24689582130437007,0.3225141284393343,0.4744725392141313
0.004083975218236446,0.1508553959429264,0.7899415018036962,0.005325562320649624,0.5406699180603027,0.7642689626663923,0.0002567003192569034,0.6060754858952616,0.26482057983707535,0.28343123280951216,0.6060754858952616
0.83084636926651,0.4878790797665715,0.5144628174602985,0.29725032206624746,0.3418269641697407,0.85980184096843,0.00025668403065546696,0.7051132656421464,0.2276574676822259,0.3293727363111355,0.7051132656421464
0.04293459188193083,0.3360475627705455,0.15560525842010975,0.2046668492257595,0.4038359019905329,0.5624623978510499,0.0002565676145780043,0.7637261702170752,0.19579420738829445,0.41469070624501336,0.7637261702170752
0.029227307066321373,0.3782567596063018,0.9360650908201933,0.4488667519763112,0.37572699226439,0.8286496670916677,0.00025654506961206227,0.9518259529486158,0.19105025133839412,0.3241835048149368,0.9518259529486158
0.22870343923568726,0.3801777381449938,0.06837464217096567,0.017644070088863373,0.2919877842068672,0.7811307068914175,0.0002565157865580292,0.9016798745895578,0.18731476401376276,0.31893391148175804,0.9016798745895578
0.14747202955186367,0.4394111651927233,0.3811038816347718,0.31723804399371147,0.31471897196024656,0.7154811695218086,0.0002565044983637089,1.0010795066215836,0.17134032357901924,0.2324462794044233,1.0010795066215836
0.23604910168796778,0.26197197660803795,0.6609453884884715,0.2840451914817095,0.4204731099307537,0.8163175610825419,0.0002561307627522512,0.9168827425176305,0.18509494457767237,0.24072141531109056,0.9168827425176305
0.08954280149191618,0.748640931211412,0.44508687872439623,0.24347151443362236,0.2586408331990242,0.2517013503238559,0.00025611416881865615,0.40997750552502454,0.2810946878664156,0.2623378929482645,0.40997750552502454
0.010932483710348606,0.2907607713714242,0.8493306497111917,0.23776200972497463,0.6141308397054672,0.655370095744729,0.00025608552016400293,0.5217518088813032,0.2469928451808622,0.27106065041084426,0.5217518088813032
0.09422894939780235,0.6404146905988455,0.6980361491441727,0.25122500862926245,0.41158125177025795,0.5872084759175777,0.0002560651241687104,0.648899281316661,0.1659801727335308,0.4106677907423148,0.648899281316661
0.6475622383877635,0.4588766545057297,0.54225988779217,0.34344238974153996,0.417893229983747,0.8356391442939639,0.00025604591928102743,0.7820515746510766,0.213376265829172,0.3102062803194159,0.7820515746510766
0.2290104776620865,0.4821964707225561,0.9626902434974909,0.13134132605046034,0.3387332521378994,0.880071371793747,0.00025588134972590103,0.9060943729082268,0.19232513522621703,0.31880417485904095,0.9060943729082268
0.08528350666165352,0.20823100581765175,0.23400085791945457,0.4045936232432723,0.44894115068018436,0.7505036229267716,0.0002558002567885128,0.8516693167266541,0.20802241692539572,0.2742589928355225,0.8516693167266541
0.05183051805943251,0.8202912639826536,0.9311082353815436,0.32829421013593674,0.321756255812943,0.7082886341959238,0.000255714193991602,0.6224476459747134,0.2213100564997078,0.3232134118578375,0.6224476459747134
0.12107831053435802,0.09615303948521614,0.2855840753763914,0.2924426095560193,0.5255611427128315,0.8227426214143634,0.00025570845806308166,0.6477353703452242,0.255938191547398,0.2417736746272244,0.6477353703452242
0.18051525205373764,0.44604966044425964,0.3122773924842477,0.05792845971882343,0.27710308600217104,0.8535337150096893,0.00025555552708465845,0.8741932408663875,0.19830784328999787,0.3007923118921718,0.8741932408663875
0.06951381824910641,0.5622920906171203,0.779188540764153,0.32148457039147615,0.39792247768491507,0.7804275192320347,0.00025545267891884533,1.0248069413163547,0.14854781211307963,0.2591804169220379,1.0248069413163547
0.04863438103348017,0.5175947574898601,0.5957483006641269,0.28634090069681406,0.3195114638656378,0.36580667179077864,0.00025543769202777386,0.5050357369123241,0.2666463316745972,0.3224936268259265,0.5050357369123241
0.07440193835645914,0.12409946974366903,0.45141467545181513,0.7261924743652344,0.3936240738257766,0.7563542453572154,0.00025542278281737656,0.6628543301318709,0.23479675314855586,0.32597033820153787,0.6628543301318709
0.09416394773870707,0.5005167815834284,0.9719641339033842,0.1802617972716689,0.32687265891581774,0.9393869265913963,0.0002554069854186932,0.8609769292256195,0.20364524287265176,0.2982586879383206,0.8609769292256195
0.17000511474907398,0.4818347189575434,0.2006530612707138,0.18195507023483515,0.5042837765067816,0.8097835956141353,0.000255215104796917,0.9500577256589162,0.18358380116945797,0.22968067427850275,0.9500577256589162
0.1129397414624691,0.6325018294155598,0.21668291185051203,0.24955398123711348,0.3336553815752268,0.9517743876203895,0.0002550195998027456,0.7955926870766838,0.21326144254953747,0.2764405630177056,0.7955926870766838
0.2759361118078232,0.013042833656072617,0.3105507465079427,0.25604258198291063,0.41365603264421225,0.7937720427289605,0.0002549501414887757,0.7630599435593802,0.22603073961894946,0.3069404404375742,0.7630599435593802
0.16264528036117554,0.9371879631653428,0.38101313915103674,0.2954366775229573,0.436643635854125,0.775798131711781,0.0002547411211723448,0.5873238392231659,0.20881317749428083,0.4076345444660674,0.5873238392231659
0.8363791462033987,0.45145996008068323,0.30467234179377556,0.3815189367160201,0.36086773220449686,0.8086602538824081,0.000254709930189415,0.7604248765847881,0.21244205745146455,0.32730832877626487,0.7604248765847881
0.04486498236656189,0.401808412745595,0.011866231448948383,0.2592641171067953,0.3964831717312336,0.9086937187239528,0.0002546773033677637,1.0060636332310686,0.13902569324824393,0.31405543645239314,1.0060636332310686
0.0314315976575017,0.0002069259062409401,0.24609894771128893,0.8891624715179205,0.4331267811357975,0.8252692380920053,0.00025467513426988996,0.506137193706824,0.26890529418339204,0.3464787056452605,0.506137193706824
0.23305204138159752,0.2861813195049763,0.051409853622317314,0.35006016958504915,0.49749315809458494,0.808945613913238,0.00025453672259661604,0.7846582244268454,0.22261486024111016,0.2156163728483232,0.7846582244268454
0.05736157763749361,0.6530425688251853,0.10539084672927856,0.2990749944001436,0.34779197815805674,0.9669098034501076,0.00025446507005366897,0.7083352915336293,0.23039423331210662,0.24476505692327621,0.7083352915336293
0.05779551435261965,0.2449114928022027,0.9620464416220784,0.4011363014578819,0.3869346771389246,0.7293444229289889,0.0002544565915105668,0.880735058228914,0.20360956060844262,0.27201835123925033,0.880735058228914
0.9081619922071695,0.38509167078882456,0.6659489935263991,0.32221011631190777,0.41313774790614843,0.7869501924142241,0.0002544507571874418,0.7190628648770823,0.22044304345514185,0.34617369279776355,0.7190628648770823
0.04394437465816736,0.99583659786731,0.12723936326801777,0.23641741927713156,0.5847090296447277,0.16693139541894197,0.00025441229948024055,0.38317688469271155,0.30083118486934873,0.26384789300953115,0.38317688469271155
0.025560363195836544,0.52708506770432,0.332979004830122,0.23935037292540073,0.19787936378270388,0.3872342174872756,0.00025439178041656267,0.4799178883812438,0.26461769907949134,0.28661076552305054,0.4799178883812438
0.09018403943628073,0.42705001030117273,0.2729666503146291,0.805325641296804,0.48687638621777296,0.8217736696824431,0.00025424047367402847,0.6414388792424404,0.21309080815305823,0.40153867962460793,0.6414388792424404
0.8069530911743641,0.5120780318975449,0.09919786639511585,0.03648518119007349,0.40265673119574785,0.8203865615651011,0.0002541933098913166,0.6919576722768483,0.22671813201944352,0.36818617386705865,0.6919576722768483
0.8557099513709545,0.4387175450101495,0.5675660371780396,0.1096083028241992,0.320001432672143,0.8262681299820542,0.0002541860531182404,0.6898819418712658,0.21640467599714622,0.3700333458148438,0.6898819418712658
0.10335708409547806,0.05472512450069189,0.8841571165248752,0.010086143389344215,0.33473422937095165,0.757441752590239,0.00025390753321615574,0.6951359557210162,0.244007050180279,0.32914046262192553,0.6951359557210162
0.1690294137224555,0.5345633830875158,0.14097369648516178,0.27071298006922007,0.46700453385710716,0.7977907508611679,0.0002538902689694512,1.0162196522665128,0.1611036167826459,0.20589305396834398,1.0162196522665128
0.08568241260945797,0.6021743547171354,0.48660525772720575,0.2530275108292699,0.3427856704220176,0.07264756597578526,0.0002537307483218344,0.3764985508155663,0.2646921698857647,0.3529375556797359,0.3764985508155663
0.10351982992142439,0.41689199209213257,0.8158615184947848,0.3185703903436661,0.41466262098401785,0.8735322635620832,0.0002537285524591246,0.973888148969615,0.1821637727365432,0.3123039754395122,0.973888148969615
0.08415773417800665,0.9074646914377809,0.06521478202193975,0.2754326481372118,0.345246534794569,0.17804569378495216,0.0002536095338133749,0.37271955645243254,0.3019174409009077,0.24557937014009942,0.37271955645243254
0.07717161532491446,0.5949516259133816,0.19238408375531435,0.33148966915905476,0.3506501680240035,0.7320436146110296,0.00025355308385332376,0.9737337980458972,0.16081516555504163,0.2584908209462665,0.9737337980458972
0.1335607897490263,0.4540068106725812,0.6380799505859613,0.2437082612887025,0.26416715513914824,0.8984896671026945,0.00025355046483171886,0.8814510190001648,0.20911323595968842,0.26685644890675797,0.8814510190001648
0.005710148252546787,0.1956927003338933,0.893424698151648,0.2134864665567875,0.39606114104390144,0.7077011605724692,0.0002535485287097012,0.9156159679923345,0.1831574146036688,0.30381043297106974,0.9156159679923345
0.06593943294137716,0.45422248635441065,0.22649353556334972,0.23689972329884768,0.537848936393857,0.44789015781134367,0.0002535251105465068,0.5354029707872654,0.24108741375083717,0.3814984288462711,0.5354029707872654
0.01377769187092781,0.8766873441636562,0.00654982216656208,0.22664059791713953,0.26580366399139166,0.29493926372379065,0.00025346081879538203,0.41296180229256296,0.2937759988877299,0.25774917559183474,0.41296180229256296
0.4361384576186538,0.47641056030988693,0.39063659217208624,0.12084806524217129,0.361580996774137,0.8600919879972935,0.0002534042819444577,0.8868894870592644,0.19117895090180728,0.3229208240843629,0.8868894870592644
0.4019700977951288,0.37880046386271715,0.019730674102902412,0.21818399522453547,0.35485736932605505,0.7926378855481744,0.00025330169777812965,1.022241374042272,0.15690825923904947,0.2547622999625271,1.022241374042272
0.20099862851202488,0.3415728872641921,0.5145306056365371,0.20121847931295633,0.35236193146556616,0.6907507106661797,0.0002532623304279138,0.967892650414732,0.16864300960110395,0.2593776146674918,0.967892650414732
0.6252612117677927,0.4868615195155144,0.3508847588673234,0.10628368239849806,0.35096083115786314,0.870598235167563,0.00025325897811755686,0.7670923605641693,0.21447287411941246,0.3418848110835964,0.7670923605641693
0.06546104233711958,0.33679982647299767,0.7370987180620432,0.024087270721793175,0.47495535016059875,0.6081101540476084,0.00025311326999545363,0.5988635373441317,0.22769805545782484,0.36604007590973786,0.5988635373441317
0.03459616284817457,0.6889870064333081,0.7131209466606379,0.2325862692669034,0.4485980998724699,0.6556476503610611,0.0002528782344850167,0.7120064248826218,0.16851994965933148,0.37095357960275155,0.7120064248826218
0.14577415958046913,0.4009071681648493,0.2469420349225402,0.01725757960230112,0.3775292942300439,0.5873543182387948,0.0002528724254069665,0.6801015949707301,0.2096656928143603,0.4250941093567546,0.6801015949707301
0.11708569154143333,0.42218296602368355,0.8030170602723956,0.190930032171309,0.3238049875944853,0.7800842085853219,0.0002528326295793467,1.1091873043717475,0.13910775955043386,0.2349429782207064,1.1091873043717475
0.100159402936697,0.8426452316343784,0.31852265540510416,0.23967182077467442,0.48355656769126654,0.31852272897958755,0.00025277943081128103,0.47112017671009837,0.25491918518991774,0.3158757701698623,0.47112017671009837
0.35224654246121645,0.3646546648815274,0.40096649434417486,0.280453160405159,0.3687437744811177,0.7252938440069556,0.0002526764197404652,0.9984193139761447,0.15340019605084435,0.216817396946683,0.9984193139761447
0.18542159255594015,0.3538203723728657,0.9881565561518073,0.24737534392625093,0.5307483980432153,0.7990903444588184,0.00025262464233752753,0.8506323746206355,0.21828510162958895,0.2189054688534313,0.8506323746206355
0.04975870996713638,0.31000844202935696,0.9275505896657705,0.23828778509050608,0.29469224251806736,0.5679623847827315,0.00025255796650696066,0.6912186526555506,0.22601241417284879,0.3425811981836527,0.6912186526555506
0.06173211149871349,0.679459860548377,0.17464668489992619,0.2796682473272085,0.4062674483284354,0.03348642308264971,0.0002524161906935947,0.3736046571691578,0.2934253082176231,0.3162808528902921,0.3736046571691578
0.05144029948860407,0.7920492524281144,0.41078834142535925,0.2869353462010622,0.4386501209810376,0.008608333766460419,0.00025237192061313205,0.3591607834743504,0.3101360454532676,0.25575629076238526,0.3591607834743504
0.36261405143886805,0.41864965856075287,0.3719388470053673,0.3148947088047862,0.39343895949423313,0.776811758056283,0.0002522835342678501,1.0454948902603873,0.14856848859511199,0.2458654195277456,1.0454948902603873
0.05710164178162813,0.5426193736493587,0.21205954253673553,0.36172934621572495,0.3914626156911254,0.8726820293813944,0.00025222017548261476,0.9482173750123666,0.19445929763082112,0.28895196391928235,0.9482173750123666
0.28293169382959604,0.4699633289128542,0.004990279674530029,0.35468701366335154,0.41003263648599386,0.8579733185470104,0.00025189908354062714,0.9274114036184221,0.19441180139164452,0.2893201333483247,0.9274114036184221
0.3019457710906863,0.08274223376065493,0.8779491856694221,0.26969426311552525,0.39163275994360447,0.8083445960655808,0.0002517748277220344,0.7649618243266666,0.21679765479856156,0.2761770016500701,0.7649618243266666
0.210996569134295,0.39726414158940315,0.13547736499458551,0.22674043383449316,0.3910726448521018,0.697213233448565,0.00025158927410269744,1.0716878033915502,0.13932204351212604,0.2774353570652293,1.0716878033915502
0.09930007625371218,0.11099580023437738,0.14251244440674782,0.28550621308386326,0.38063331227749586,0.614422719925642,0.00025143760696909323,0.6566842024946622,0.23609359628341572,0.3100102106416343,0.6566842024946622
0.16147242672741413,0.37756919767707586,0.8266570381820202,0.2065001893788576,0.39827810134738684,0.6674594273790717,0.00025134273342312913,0.9536875671169577,0.1693254735643956,0.3187103596226062,0.9536875671169577
0.06832322385162115,0.9153756750747561,0.583909822627902,0.22339321486651897,0.39192201383411884,0.28271961864084005,0.00025127124453339436,0.4363493370602934,0.27974868037159145,0.3159269151132025,0.4363493370602934
0.3343048356473446,0.4458544300869107,0.2430831091478467,0.47525015845894814,0.3867048416286707,0.8128899773582816,0.00025126776749981024,0.922285253107338,0.1833475270192161,0.2960689612351254,0.922285253107338
0.0097475191578269,0.4953113682568073,0.00982383918017149,0.3244383931159973,0.3638587072491646,0.43638225086033344,0.0002511329303304568,0.552731976910722,0.2600679363685002,0.3516833962710183,0.552731976910722
0.023719861172139645,0.9088721489533782,0.695930995978415,0.30761576537042856,0.2859711116179824,0.817884617485106,0.0002510998805768175,0.5605304547667168,0.2490335682731168,0.31740146039525974,0.5605304547667168
0.9833703609183431,0.4662325670942664,0.9112091800197959,0.22365514654666185,0.3644923670217395,0.7973751109093428,0.00025106165596600305,0.7250651292647503,0.21447227476660313,0.3725575752656298,0.7250651292647503
0.026222304441034794,0.10779897216707468,0.04219281114637852,0.28894443344324827,0.2946069184690714,0.8005100740119815,0.00025095812544560065,0.7950304456794806,0.22336658937883785,0.24058048367943582,0.7950304456794806
0.026550215668976307,0.4913695501163602,0.9054955625906587,0.08143050689250231,0.3713305536657572,0.607677330262959,0.0002508854908584309,0.7372225947275679,0.17582204470879134,0.41472096070567316,0.7372225947275679
0.011004844680428505,0.893149608746171,0.317165931686759,0.3103471165522933,0.44844029657542706,0.9778332524001598,0.0002507658701244823,0.41976159336691266,0.21414389155316427,0.32565879170934453,0.41976159336691266
0.017223821952939034,0.45464375149458647,0.7482266798615456,0.8333016950637102,0.39092946890741587,0.8156125554814935,0.00025075555663569226,0.7168789170880727,0.19035870504749164,0.4467096677142327,0.7168789170880727
0.03654170781373978,0.5028486140072346,0.5715797813609242,0.3034811010584235,0.4405738562345505,0.7520319018512964,0.0002507072308668472,1.081658765617411,0.13038483262584974,0.284340626095279,1.081658765617411
0.029829828068614006,0.5288180410861969,0.47574969474226236,0.2591141425073147,0.5526811657473445,0.7465894650667906,0.0002505833085720078,0.8313785028027043,0.20259956664620143,0.22325672031829252,0.8313785028027043
0.557017051614821,0.3909359937533736,0.3656244082376361,0.46147566568106413,0.42176205199211836,0.810820821672678,0.0002505595032688619,0.8035502792938779,0.20765710847829585,0.28583836634590665,0.8035502792938779
0.06297600641846657,0.8771185595542192,0.6375177539885044,0.1961702946573496,0.33344661071896553,0.7166389394551516,0.0002505395804815425,0.6326182469869585,0.19929462435007608,0.38633620089816784,0.6326182469869585
0.0079389289021492,0.4444092884659767,0.018917998299002647,0.08236131351441145,0.3943801103159785,0.6899886429309845,0.00025053658296150507,0.9811339575138347,0.13830194404543636,0.381812612229012,0.9811339575138347
0.3645250042900443,0.4693094762042165,0.19353748951107264,0.28447260055691004,0.3606990100815892,0.7799138613045216,0.00025039353188655196,1.0627441421684067,0.13914778970961664,0.2402302751554605,1.0627441421684067
0.21016229782253504,0.3695553634315729,0.18015335220843554,0.9340223632752895,0.5084029994904995,0.7871649926528335,0.00024991129426245746,0.5542536543425228,0.22199242989453066,0.3981628167338717,0.5542536543425228
0.007586970925331116,0.4784000087529421,0.6016834769397974,0.3039850043132901,0.35085283126682043,0.07200422696769238,0.0002498298572243326,0.34043695389315715,0.26374417881039924,0.34036957616719815,0.34043695389315715
0.0770202660933137,0.4872743869200349,0.7168808383867145,0.24467651918530464,0.33477645739912987,0.08713940624147654,0.0002497523859181093,0.38094855719474086,0.24475956229296217,0.39626540910619557,0.38094855719474086
0.005353857763111591,0.8752693198621273,0.7879326557740569,0.3190533835440874,0.46179760340601206,0.5294670164585114,0.0002497105863384664,0.3995676378911645,0.2643329730928745,0.3025530042995216,0.3995676378911645
0.04871627129614353,0.9291336415335536,0.45247276592999697,0.3221210055053234,0.48627660889178514,0.835184215568006,0.00024962454631325873,0.48092017901618583,0.23655590609500904,0.3402720759461439,0.48092017901618583
0.19905293080955744,0.40494621358811855,0.6538745313882828,0.27235627453774214,0.34439502749592066,0.8419288415461779,0.000249550700032552,1.041687689112023,0.16074103004860593,0.28461982415187637,1.041687689112023
0.2972676772624254,0.36600653547793627,0.5288589047268033,0.6603369396179914,0.4579858547076583,0.7860554857179523,0.00024954156418640933,0.7327470958718405,0.21178350087286002,0.3118887657473441,0.7327470958718405
0.04387390427291393,0.6871414519846439,0.6620990289375186,0.21940396167337894,0.3289522686973214,0.4273476582020521,0.000249471071314473,0.5134909193911139,0.2549157484722203,0.3428104478085576,0.5134909193911139
0.9635786926373839,0.4551724335178733,0.21078506391495466,0.26911956164985895,0.31550704687833786,0.8149845218285918,0.00024943975599760345,0.7022758918867165,0.21845643610564391,0.3515080495597016,0.7022758918867165
0.6613822197541595,0.3971852781251073,0.22214167192578316,0.19531859830021858,0.3735340489074588,0.7816645316779613,0.00024930227250734516,0.8947832338080555,0.17504111001493403,0.3435461827165646,0.8947832338080555
0.015719599090516567,0.8484408166259527,0.8660655682906508,0.2524525932967663,0.19542008452117443,0.7218302227556705,0.00024885856976681914,0.5529741516610968,0.24012912537751732,0.2412560174910543,0.5529741516610968
0.0372251532971859,0.68415049277246,0.8077555513009429,0.2465360639616847,0.5734676569700241,0.7483446449041367,0.0002485986526024379,0.6258094676015785,0.22091995355893565,0.2623574058205988,0.6258094676015785
0.03750958014279604,0.4501046910881996,0.5198998814448714,0.15004005189985037,0.5248463694006205,0.7654543006792665,0.00024854132837933774,0.9122860481422387,0.19082624624942424,0.2794661289794991,0.9122860481422387
0.023233147338032722,0.9653651174157858,0.6790887638926506,0.3012689109891653,0.4368288144469261,0.10886784549802542,0.0002484274493534106,0.3421040753836261,0.31543506125056686,0.21571194377825723,0.3421040753836261
0.10027590580284595,0.6142399534583092,0.9403970623388886,0.2815845226868987,0.4240387203171849,0.7491678446531296,0.0002483229983262004,0.9578619630514196,0.13794348869727366,0.2631281529654994,0.9578619630514196
0.029879244044423103,0.30974936950951815,0.7001329697668552,0.0010526934638619423,0.5084238592535257,0.6687741344794631,0.0002482628845006133,0.6499621872372855,0.24250739422812792,0.3045673485309239,0.6499621872372855
0.49528554640710354,0.3879254627972841,0.911906554363668,0.3452366190031171,0.3905717935413122,0.7905889004468918,0.00024817146208758764,0.9050007288367352,0.18264577709577431,0.2816783757878505,0.9050007288367352
0.8725237650796771,0.41647306457161903,0.1755801448598504,0.28366419672966003,0.35215277317911386,0.850600709207356,0.0002481425706922077,0.7344015437448178,0.21882705022505694,0.36572480316897016,0.7344015437448178
0.015652085654437542,0.918493858538568,0.7702648155391216,0.07537769433110952,0.43324925377964973,0.7724328888580203,0.00024813433422818024,0.5250157374730842,0.18023146106367766,0.4055078486937047,0.5250157374730842
0.043886239640414715,0.4609570913016796,0.19300379138439894,0.27987338975071907,0.24017780553549528,0.38349948450922966,0.00024806923724578596,0.4990725931846856,0.26570723899875215,0.29568982222310447,0.4990725931846856
0.12916593626141548,0.9175542565062642,0.4079447891563177,0.23731545638293028,0.40914841927587986,0.05564802512526512,0.00024804603999960755,0.3873195293560403,0.29621608567463714,0.3237637322533718,0.3873195293560403
0.034832367673516273,0.4623631676658988,0.10421752277761698,0.03083772398531437,0.47774218022823334,0.9884586771950126,0.00024803136144113474,0.6493339216694837,0.20669233595904704,0.34132108289953184,0.6493339216694837
0.40226241387426853,0.3403268549591303,0.8058720836415887,0.010914385318756104,0.483907793648541,0.7683308320119977,0.00024798309680605353,0.7694654980214318,0.22370059654922492,0.31990536602091557,0.7694654980214318
0.3917414955794811,0.4357655504718423,0.7939723525196314,0.10316903982311487,0.3172572571784258,0.8514091931283474,0.00024791138200031237,0.8625594846381478,0.19888564905148345,0.3164339505645999,0.8625594846381478
0.10188770014792681,0.7043280424550176,0.26773907989263535,0.27636872977018356,0.3331209011375904,0.9179444145411253,0.00024789629821780147,0.727427082489356,0.21709235452049172,0.26970836135036447,0.727427082489356
0.0009611397981643677,0.3022813964635134,0.2825586711987853,0.9363987455144525,0.33273747842758894,0.7369026625528932,0.0002478756390191296,0.7013745601942785,0.21007666284158702,0.40379292464423683,0.7013745601942785
0.05503200180828571,0.5312625160440803,0.9133063284680247,0.32279183343052864,0.3115890007466078,0.5876301405951381,0.0002478557841008534,0.6608745340364649,0.21327373587944062,0.3572320461530617,0.6608745340364649
0.3424438461661339,0.4200494149699807,0.6828911481425166,0.0049764374271035194,0.34832115191966295,0.884570132009685,0.0002476793757659628,0.8160743658922449,0.21406663873891532,0.3616381073245675,0.8160743658922449
0.3923635929822922,0.403438787907362,0.23284730035811663,0.5319599024951458,0.398514817468822,0.8104020683094859,0.0002476127502232362,0.8530979785714402,0.19705367963611164,0.3119018075936305,0.8530979785714402
0.12920690514147282,0.30194062925875187,0.8740295432507992,0.5383663438260555,0.47903659008443356,0.7891467213630676,0.0002475617716310364,0.7596779122867737,0.22923796505765345,0.2672611426796553,0.7596779122867737
0.12851898465305567,0.2453568959608674,0.7908717086538672,0.12702955957502127,0.40167331602424383,0.7667644256725907,0.00024750409420141035,0.938499972703721,0.17663341842017677,0.2885279969165912,0.938499972703721
0.07821619790047407,0.4761620434001088,0.08513038884848356,0.4123915880918503,0.4711875021457672,0.8387200934812427,0.00024749144737506285,0.8846278004111707,0.20715427250023946,0.2811988221561577,0.8846278004111707
0.8854146273806691,0.4183922866359353,0.8235189970582724,0.24588844645768404,0.44028841983526945,0.789470387622714,0.00024744669952718126,0.728574129340271,0.21557876452759006,0.35500548074844307,0.728574129340271
0.19531993847340345,0.9098108410835266,0.08376373630017042,0.2295786552131176,0.3206811472773552,0.7335898950695992,0.00024742573900017855,0.6310365134024444,0.2116166526170506,0.395325162318156,0.6310365134024444
0.029733845964074135,0.5741162989288568,0.2178336512297392,0.30387952737510204,0.36103577446192503,0.3456811560317874,0.00024735150322155745,0.5161238746260456,0.2702444323865145,0.3242119404647603,0.5161238746260456
0.2909766109660268,0.4834931958466768,0.4623957024887204,0.02821155544370413,0.30926402285695076,0.8104691635817289,0.0002473033744577487,0.8936499131129656,0.18669642714969206,0.3251099228917374,0.8936499131129656
0.09971688222140074,0.4253607438877225,0.5932546043768525,0.2555303806439042,0.27004044596105814,0.9189656628295779,0.00024726591851301184,0.8691398911810362,0.2110733671102585,0.2763118723502751,0.8691398911810362
0.06961488164961338,0.4384730653837323,0.7765048025175929,0.1457024598494172,0.295839536935091,0.8653207356110215,0.00024723278167458986,0.9351173467245663,0.1881826747448893,0.30492629380505576,0.9351173467245663
0.4708589809015393,0.47687657829374075,0.13996879290789366,0.31646794080734253,0.31222117505967617,0.8319775145500898,0.00024720827971352834,0.8769069815399783,0.20064571313824256,0.26308282771802144,0.8769069815399783
0.23494742065668106,0.16927267517894506,0.13628640584647655,0.4215126093477011,0.46897032391279936,0.7861808491870761,0.0002471886381556498,0.7249041025300823,0.23399049020612422,0.23474795916158225,0.7249041025300823
0.12450207490473986,0.38102153968065977,0.8607432544231415,0.07585692871361971,0.44907225109636784,0.6158867226913571,0.0002471541920646637,0.6906528949045971,0.20058459442955331,0.37925640634716445,0.6906528949045971
0.08924940042197704,0.6941195353865623,0.09037018101662397,0.2506663631647825,0.27332726027816534,0.057265144772827625,0.00024700337828839473,0.34837713898266265,0.2869178307919646,0.2978669554046774,0.34837713898266265
0.11851567961275578,0.454532478004694,0.1442408412694931,0.9027841165661812,0.4800502387806773,0.7679966855794191,0.0002468001754459261,0.6227565265392999,0.18314413569398577,0.467879054881572,0.6227565265392999
0.05128240026533604,0.6390548730269074,0.5097479829564691,0.32152932044118643,0.36713032238185406,0.5405125357210636,0.00024675950852410747,0.5581229017790467,0.22288679574430528,0.34798601176944344,0.5581229017790467
0.07961143832653761,0.8768696961924434,0.9745075162500143,0.26444324292242527,0.26015454810112715,0.6075350269675255,0.00024672448839940293,0.4756742241496731,0.2623032780682586,0.29081753993700205,0.4756742241496731
0.10409103240817785,0.33432390727102757,0.919049977324903,0.9642902724444866,0.484910000115633,0.7784382896497846,0.0002466872676330185,0.5815110084087055,0.2272411156853591,0.3964337743702693,0.5815110084087055
0.0978955589234829,0.42989698611199856,0.28259956277906895,0.3098492221906781,0.43292151391506195,0.6339062619954348,0.00024665183783061784,0.8475247579221618,0.17514782290948677,0.3780506166282506,0.8475247579221618
0.12259230576455593,0.5255832653492689,0.8969182055443525,0.3097036611288786,0.41965265944600105,0.9075927352532744,0.0002465605157860756,0.8682545618804949,0.20022932543892139,0.29447040298660854,0.8682545618804949
0.09747040458023548,0.8261183518916368,0.0042461128905415535,0.2819342128932476,0.3009807001799345,0.876355211250484,0.00024652248255324606,0.5956817394513295,0.23526718652657028,0.289071461898894,0.5956817394513295
0.4446769133210182,0.33198872674256563,0.5375003116205335,0.3012793119996786,0.4086347781121731,0.7983982106670737,0.00024635950996197074,0.9108164828087282,0.18096577643369344,0.2651317588237287,0.9108164828087282
0.18816212005913258,0.03249650076031685,0.07084268517792225,0.8479331526905298,0.4661089200526476,0.7956142649054527,0.000246349311771227,0.4726537977720675,0.25769699131609813,0.3089184449153532,0.4726537977720675
