function_id,x1,x2,x3,x4,x5,x6,x7,x8
1,0.376288,0.115639,,,,,,
2,0.697223,0.000381,,,,,,
3,0.924014,0.581039,0.38871,,,,,
4,0.214495,0.415963,0.323685,0.463289,,,,
5,0.032347,0.982714,0.999895,0.699803,,,,
6,0.494481,0.272115,0.716196,0.990713,0.131636,,,
7,0.029513,0.935894,0.366031,0.053045,0.414517,0.720311,,
8,0.034587,0.153034,0.018599,0.204433,0.861862,0.232588,0.011186,0.96058
