x1,x2,x3,x4,x5,ensemble_ei,ensemble_mu_mean_model,ensemble_sigma_mean_model,ensemble_mu_std_model,ensemble_mu_mean_original_approx
0.5222598351538181,0.3080346221104264,0.6607738584280014,0.89220205321908,0.15764367301017046,2.15594799899262e-06,-0.3631856520909974,0.10706070006460731,0.17402878855298307,-0.3631856520909974
0.5114281456917524,0.29010226018726826,0.6549463048577309,0.8858431270346045,0.1151232747361064,2.738200190673627e-06,-0.3636565451063109,0.1028224720739745,0.1525483959649048,-0.3636565451063109
0.5155899273231626,0.334543714299798,0.6758398981764913,0.8483193339779973,0.10884472727775574,2.8590638804684483e-06,-0.3654190312821056,0.1018152978386669,0.1515090038181125,-0.3654190312821056
0.45521295443177223,0.3162356410175562,0.577952996827662,0.869216475635767,0.12318252772092819,4.784630376440783e-07,-0.36942764348580104,0.09387788720429514,0.15539734752426676,-0.36942764348580104
0.47021025978028774,0.3855620361864567,0.634604137390852,0.8757465612143278,0.1042415825650096,6.998323214062373e-06,-0.3740115760002486,0.10101372237370754,0.14592051307298462,-0.3740115760002486
0.5267625311389565,0.35636415146291256,0.7180037368088961,0.9014772698283195,0.10388972517102957,1.836559379843159e-05,-0.3751180145029805,0.11359847987360683,0.1568877725801167,-0.3751180145029805
0.47905424144119024,0.3314188653603196,0.6532749403268099,0.9750818219035864,0.14970213267952204,2.7143781516806393e-05,-0.376506347754023,0.1071093338174187,0.18138384787080433,-0.376506347754023
0.47299600299447775,0.3275999706238508,0.7815634254366159,0.9239350976422429,0.11817324627190828,3.205832060662278e-05,-0.37720396340363704,0.10319590752261666,0.1837675473017531,-0.37720396340363704
0.46464032866060734,0.3553109737113118,0.530190235003829,0.9054182264953852,0.1716111758723855,1.3702378542777973e-06,-0.3779742498000793,0.10136844810786932,0.17658442484521486,-0.3779742498000793
0.49329200107604265,0.34086467791348696,0.7757337111979723,0.9146540965884924,0.16948651801794767,2.525800319468766e-05,-0.3780347583995146,0.1184425144904834,0.20192573639357175,-0.3780347583995146
0.45249846391379833,0.3297680923715234,0.6150863254442811,0.8443183591589332,0.1666725929826498,4.315344668467023e-07,-0.3783582937945678,0.10614354225260819,0.17611182186511987,-0.3783582937945678
0.5181211223825812,0.3173193344846368,0.6386891352012753,0.8732101526111364,0.18357577733695507,5.500679275140702e-06,-0.379589260074638,0.11252257638843144,0.1858814910438386,-0.379589260074638
0.45937454607337713,0.30890451557934284,0.599088791757822,0.8961344566196203,0.09834888111799955,5.9598785394099916e-06,-0.3831220001169837,0.10169497578972604,0.1459112978629581,-0.3831220001169837
0.5330343814566731,0.38859887327998877,0.5703268870711327,0.8798622451722622,0.171289567835629,6.763605972172354e-07,-0.3836423300577383,0.10845435918983873,0.17042045409305204,-0.3836423300577383
0.4440391808748245,0.36881779693067074,0.5360180418938398,0.8805042961612344,0.12032081093639135,9.439113398561341e-07,-0.3844570353003822,0.10032351116195622,0.15565730041415926,-0.3844570353003822
0.49017192609608173,0.4225191995501518,0.7215830413624644,0.8744611395522952,0.10904170945286751,2.8011839253388295e-05,-0.3848544060987406,0.11745438524712144,0.1605597266242893,-0.3848544060987406
0.4961179159581661,0.399098320864141,0.6756532676517963,0.9006525771692395,0.18573751766234636,1.9490658994453222e-05,-0.38582312497320737,0.12185709765813627,0.19003373334004295,-0.38582312497320737
0.44835994113236666,0.2950918013229966,0.5932476781308651,0.8897833051159978,0.1720968233421445,1.4250015294510119e-06,-0.3859322785215833,0.11558768818178267,0.17895565068818828,-0.3859322785215833
0.5022969990968704,0.2510584043338895,0.7027088394388556,0.8575911978259683,0.1606282088905573,3.5336823463155095e-06,-0.3865800390655349,0.1207905956839579,0.1835498788198317,-0.3865800390655349
0.4302846463397145,0.3382456414401531,0.727236270904541,0.8677530232816935,0.1394152045249939,5.5482748412124956e-06,-0.38683095896846054,0.1155117796172806,0.17920407471879263,-0.38683095896846054
0.5105631686747074,0.39375393092632294,0.778842399828136,0.8344208728522062,0.12185991369187832,2.1060550839090265e-05,-0.387205869075798,0.1259297089386812,0.17852210107890443,-0.387205869075798
0.5059785051271319,0.3736239345744252,0.7238446269184351,0.8765707639977336,0.18645344022661448,1.6377851105239145e-05,-0.3877439985578026,0.12368808348830042,0.198090939371583,-0.3877439985578026
0.5090440642088652,0.3479492086917162,0.6127535384148359,0.8422835394740105,0.1898732827976346,4.641965363749602e-06,-0.38802693287292384,0.10594034952810225,0.19007337016949002,-0.38802693287292384
0.43442378006875515,0.28698398545384407,0.6895361142233014,0.8975967243313789,0.14485457818955183,4.830510772638729e-06,-0.388048246286148,0.11728893943397929,0.1774427245331952,-0.388048246286148
0.5304059479385614,0.2689534556120634,0.7398423915728927,0.8639354202896357,0.1103060133755207,6.657562332469184e-06,-0.38842438176587124,0.12738033549542355,0.16466913325692237,-0.38842438176587124
0.50110983569175,0.3229810418561101,0.7584588127210736,0.7976455893367529,0.1398814059793949,7.929746870572771e-06,-0.38955459218716065,0.12003045432211806,0.18141031705067875,-0.38955459218716065
0.4180217469111085,0.34389127790927887,0.6284318109974265,0.8819778999313712,0.1365516697987914,9.914622548218496e-07,-0.39121653674559065,0.11386979748484143,0.17324987393696067,-0.39121653674559065
0.5052793081849813,0.30197804141789675,0.7832490801811218,0.9682527519762516,0.14616031106561422,4.789315615668149e-05,-0.3913580052524137,0.13398270207358115,0.19903341642126754,-0.3913580052524137
0.48405048064887524,0.3974377540871501,0.8021987713873386,0.9576583998277783,0.1357102757319808,7.321471040631688e-05,-0.39245869952773754,0.10968570754758353,0.19826855973673843,-0.39245869952773754
0.48513980489224195,0.3643122334033251,0.8236128287389874,0.8258553072810173,0.12117205746471882,2.372742278064571e-05,-0.3924693962600918,0.131833603782683,0.19028078957737823,-0.3924693962600918
0.4688570462167263,0.2978074010461569,0.760708942078054,0.841475217603147,0.09724602662026882,7.342156960532212e-06,-0.3941985579287527,0.1286364802936985,0.16424023187505762,-0.3941985579287527
0.48600290063768625,0.4523122012615204,0.6955711152404547,0.8913768911734223,0.1144971763715148,3.7142401686609584e-05,-0.3947954260519041,0.12066376079507349,0.1605229410677812,-0.3947954260519041
0.46832160744816065,0.2698538647964597,0.5510838208720088,0.8599331900477409,0.1769286561757326,9.603042985562807e-07,-0.3957917659271647,0.11337502730021864,0.17794564750006656,-0.3957917659271647
0.5592474108561873,0.4058270491659641,0.6113590598106384,0.9047756856307387,0.12100696098059416,8.241868677353312e-06,-0.3971550531930444,0.12102751000464439,0.14606375465343777,-0.3971550531930444
0.5392845747992396,0.41202249377965927,0.5246395608410239,0.845506863668561,0.12402273342013359,5.622744552379893e-07,-0.3973764665850815,0.10201187067470657,0.14487831878554364,-0.3973764665850815
0.4771393612027168,0.40901617985218763,0.7118433071300387,0.8495698273181915,0.18276629783213139,1.3649942808979668e-05,-0.39850281205428695,0.1270776181129615,0.19365460389284098,-0.39850281205428695
0.5211925888434052,0.36012105736881495,0.8472687844187021,0.9526177672669291,0.13493342977017164,7.330539579703056e-05,-0.3991698594838881,0.13611235179054465,0.2084203825629476,-0.3991698594838881
0.48713094368577003,0.3794100359082222,0.7651071809232235,0.9513071905821562,0.09225495997816324,6.590080803538165e-05,-0.40117386206630706,0.10983964789963706,0.17123280011324304,-0.40117386206630706
0.4944811314344406,0.272115227766335,0.7161959782242775,0.9907129863277078,0.13163550663739443,4.918912880049472e-05,-0.4016828970306959,0.13454954406627187,0.18292873025528972,-0.4016828970306959
0.5231077056378126,0.3762580109760165,0.7885857401415706,0.8251550691202283,0.1643350049853325,2.284909611608857e-05,-0.401982531270855,0.13196494512427367,0.19828853086771545,-0.401982531270855
0.5291279200464487,0.34199842624366283,0.5237070480361581,0.9080146970227361,0.1947967279702425,1.0139809232482338e-05,-0.40405361564899556,0.12023702663244355,0.1844016656398642,-0.40405361564899556
0.45044625643640757,0.40639088582247496,0.5485852956771851,0.9717808747664094,0.13354746717959642,2.4858986287495944e-05,-0.4047241835171223,0.10751332624257014,0.17099479807005102,-0.4047241835171223
0.48212010506540537,0.3510273778811097,0.8607595087960362,0.8351215748116374,0.16465450450778008,3.2965396733145895e-05,-0.4057973181323046,0.13840899925092967,0.2195991311662518,-0.4057973181323046
0.4423217074945569,0.36334702651947737,0.44724580086767673,0.9095310093834996,0.13799085468053818,8.22847906598454e-07,-0.4060424980661456,0.10833891801004614,0.16983014563894527,-0.4060424980661456
0.48127042036503553,0.4661524696275592,0.7366030644625425,0.8850174713879824,0.15790189150720835,3.371948716494835e-05,-0.4063454667223778,0.13320237144785924,0.18828230292813136,-0.4063454667223778
0.5163086112588644,0.2478320086374879,0.48180932458490133,0.891662735491991,0.11647641938179731,2.673342167755052e-06,-0.4066125819577811,0.1078866003838931,0.1435208956796408,-0.4066125819577811
0.49815506767481565,0.35268947947770357,0.7419704766944051,0.7751877335831523,0.15270011685788631,8.010906162498898e-06,-0.4069894596450122,0.12898734879943682,0.18335661482485002,-0.4069894596450122
0.4876545602455735,0.37740592658519745,0.5367292761802673,0.8179969321936369,0.19013397488743067,2.1314215315291905e-06,-0.40771412392772177,0.10794804823255999,0.18745662878931876,-0.40771412392772177
0.49244419392198324,0.47576539870351553,0.6498835394158959,0.8651849692687392,0.1607967596501112,1.9920703863053876e-05,-0.40835078790130636,0.1300635497292147,0.17946159447521004,-0.40835078790130636
0.4645157065242529,0.2180335819721222,0.6412772834300995,0.8348455913364887,0.14598130714148283,3.0134394068017165e-06,-0.4102907698744536,0.12472779495301359,0.16989437875863983,-0.4102907698744536
0.4143409002572298,0.2809113338589668,0.6651869062334299,0.8521216185763478,0.14185400679707527,2.6717416110124264e-06,-0.410812087437168,0.1327068762801237,0.1736373933346922,-0.410812087437168
0.5540491323918104,0.31847598496824503,0.6007449310272932,0.9929424813017249,0.13292297068983316,2.803224049941495e-05,-0.4112927670602175,0.1418335883540595,0.17015728762335103,-0.4112927670602175
0.5161909833550453,0.427143226377666,0.6973798088729382,0.9976986348628998,0.1499933497980237,8.783102559312292e-05,-0.41151112216504776,0.14187996313076043,0.1868518182029156,-0.41151112216504776
0.4888205900788307,0.2603014353662729,0.8454753160476685,0.9083047602325678,0.10010756645351648,3.464520509546491e-05,-0.4122665048552734,0.14549445997607344,0.19099338708403427,-0.4122665048552734
0.4232997475191951,0.3616674793884158,0.6811846708878875,0.9039389081299305,0.09312255028635263,1.5930382862255742e-05,-0.41253141146351413,0.12168939905324282,0.16117815921910708,-0.41253141146351413
0.46270999033004045,0.4007452642545104,0.5888189217075706,0.7779982052743435,0.13851269520819187,8.631288354270517e-07,-0.41261408208035133,0.1273362317885358,0.15818824343215507,-0.41261408208035133
0.5411386229097843,0.33241053111851215,0.5909517463296652,0.9709585644304752,0.09040550049394369,1.714192005085292e-05,-0.41264838701847106,0.12217766658571166,0.1471656396322887,-0.41264838701847106
0.47635976690799,0.4297434501349926,0.5768408318981528,0.9317091358825564,0.19496375881135464,2.671359590013881e-05,-0.412879667005029,0.13596614148409786,0.18803994031842222,-0.412879667005029
0.47847740538418293,0.27435888443142176,0.8396589979529381,0.930289194919169,0.17387841548770666,4.3212107350698994e-05,-0.41303345140212927,0.1502212739950601,0.2198133505737024,-0.41303345140212927
0.45237511582672596,0.22386234626173973,0.7457046350464225,0.9153472492471337,0.14103294536471367,2.0488745173606046e-05,-0.4134084238052393,0.135210622322825,0.184943449625219,-0.4134084238052393
0.5184897510334849,0.23485490307211876,0.5002604750916362,0.9296225681900978,0.12621118500828743,6.412824701158042e-06,-0.41341880874288717,0.12094337336144471,0.15221668869761082,-0.41341880874288717
0.4831855036318302,0.29381284210830927,0.6780451899394393,0.7595691420137882,0.12877503223717213,3.5040999785636926e-06,-0.413685910973576,0.13036226476846555,0.15862609592479232,-0.413685910973576
0.5031467471271753,0.4328074222430587,0.8248902224004269,0.9250659048557281,0.16925622429698706,6.204111817379058e-05,-0.4137593660714149,0.14642473176516407,0.21088194902392038,-0.4137593660714149
0.5085872886702418,0.346429580822587,0.8374698776751757,0.9589694663882256,0.09242360014468431,7.893026204553111e-05,-0.41439171943794695,0.1370474429491643,0.19070935492620503,-0.41439171943794695
0.4371389849111438,0.35785626992583275,0.7550594201311469,0.9470442971214652,0.18659366387873888,5.2393784162449856e-05,-0.4152406604353278,0.13203646031810878,0.20660947945426592,-0.4152406604353278
0.5295429080724716,0.415329497307539,0.8659510053694248,0.9157844437286258,0.11901174578815699,7.947863079873024e-05,-0.41546654825026286,0.14964717352900053,0.20120036041256573,-0.41546654825026286
0.49177941028028727,0.23992960061877966,0.5397912971675396,0.8019750295206904,0.11622231174260378,9.70836520774801e-07,-0.4157378565399194,0.11262036460904402,0.14354979395528303,-0.4157378565399194
0.497454022988677,0.283727896399796,0.7978384708985686,0.8195064403116703,0.17881681770086288,1.786836959808371e-05,-0.4157493375676725,0.1405846772942523,0.21009848218498353,-0.4157493375676725
0.462491556070745,0.3500242605805397,0.48822432942688465,0.9314995910972357,0.08765718899667263,6.100334941230568e-06,-0.4164885232479043,0.10106438039835497,0.14540576488096893,-0.4164885232479043
0.49852349516004324,0.21651457995176315,0.618682230822742,0.953181860037148,0.16270309314131737,2.103114555861307e-05,-0.41708891340041965,0.14477515129080623,0.1788036514432923,-0.41708891340041965
0.5414122547954321,0.4143804432824254,0.4884041650220752,0.8195285629481077,0.13333048950880766,4.613319927067002e-07,-0.4172815102203784,0.10420777322461872,0.14894468716414183,-0.4172815102203784
0.5520121837034822,0.4292784510180354,0.5343657350167632,0.8704054737463593,0.16644440777599812,1.6731784745131266e-06,-0.4176652470826186,0.12254799535967059,0.1634451448903683,-0.4176652470826186
0.5840627532452345,0.3809793908149004,0.7084134379401803,0.9032987589016557,0.13577431719750166,1.7226990982830925e-05,-0.4177811562283462,0.13875613026594302,0.16314263406117535,-0.4177811562283462
0.45392729714512825,0.26421778835356236,0.6582546001300216,0.9213486341759562,0.19695776514708996,2.9037348314123e-05,-0.4184726464879232,0.14570177780395266,0.19637882526449052,-0.4184726464879232
0.535723477602005,0.24692092090845108,0.8591481521725655,0.8748820135369897,0.13096771482378244,4.557385540856426e-05,-0.41851919251619885,0.15483642313929435,0.2076820078807744,-0.41851919251619885
0.4536078879609704,0.3265730133280158,0.40897293854504824,0.840748094022274,0.13316188659518957,3.6338193525437383e-07,-0.4189750605712407,0.10947735841492263,0.1622839015798431,-0.4189750605712407
0.45225534960627556,0.4195501785725355,0.4656810201704502,0.943254311569035,0.12375145591795444,1.353819549626932e-05,-0.42084424221361905,0.11530154566418421,0.16124965358391827,-0.42084424221361905
0.5649639163166285,0.43398833088576794,0.6858876626938581,0.8469669930636883,0.13878827169537544,1.474034775102742e-05,-0.4208559585868945,0.13600485426147185,0.162288779452945,-0.4208559585868945
0.4856023620814085,0.363269442692399,0.5952347004786134,0.9435368701815605,0.21960034407675266,3.755097638844826e-05,-0.4211824827740615,0.14274991222549133,0.20982702237997278,-0.4211824827740615
0.5134722851216793,0.2341091651469469,0.4602840831503272,0.8863185485824943,0.15995096880942583,1.2128076103392478e-06,-0.42176283329176883,0.11711198132713972,0.1675316114594101,-0.42176283329176883
0.5690955081954598,0.4413046594709158,0.6454933388158679,0.8876837473362684,0.14505239482969046,1.6886771913927804e-05,-0.42178780501715774,0.13781294861946558,0.15944436787845737,-0.42178780501715774
0.5386231699958444,0.25380220729857683,0.5378410257399082,0.9773074313998222,0.14805610198527575,1.8372883762729305e-05,-0.4221965959769141,0.1449884046714251,0.1684792694885215,-0.4221965959769141
0.4879788141697645,0.3111600074917078,0.6370645156130195,0.7688422491773963,0.08527442440390587,2.2061282213879586e-06,-0.4228388318348082,0.1325944265215733,0.13903556860227745,-0.4228388318348082
0.5063460981473327,0.19728785753250122,0.6049472205340862,0.820678529329598,0.12907192390412092,1.5577795332022e-06,-0.4229522745920379,0.12019926412737757,0.1646359770584452,-0.4229522745920379
0.4457019045948982,0.3491304675117135,0.8987116124480963,0.9548539016395807,0.15184230636805296,8.306242227585168e-05,-0.4229726658169266,0.13566185651044899,0.23090852084818908,-0.4229726658169266
0.5499180601909757,0.3062615403905511,0.5757324201986194,0.7728969873860478,0.14310806430876255,3.392113525141466e-07,-0.42342197639020307,0.10730688777013216,0.1557719060046162,-0.42342197639020307
0.5127249853685498,0.27715679444372654,0.5877105100080371,0.9236152861267328,0.2118844147771597,2.805160500507906e-05,-0.4248544773784064,0.14652541377163134,0.20114619939035025,-0.4248544773784064
0.5276888376101851,0.33669457398355007,0.7994488002732396,0.7913098158314824,0.08954867161810398,3.430456758442114e-05,-0.42492736232715467,0.14721646968872934,0.16949141991446748,-0.42492736232715467
0.5395429143682122,0.337742037139833,0.4220936316996813,0.9421234950423241,0.16691343486309052,5.269710525635472e-06,-0.42507145860800905,0.12863894569533132,0.16857172147148322,-0.42507145860800905
0.5631101103499532,0.32610027864575386,0.7443856811150908,0.9695021454244852,0.16840389277786016,5.2630501051482886e-05,-0.4253854890202999,0.16323549502482643,0.19171212107433439,-0.4253854890202999
0.5327912112697959,0.36119426786899567,0.46973242331296206,0.7827532794326544,0.120552116073668,4.77914036661538e-07,-0.42602421848771804,0.10204848914178406,0.13971300153951044,-0.42602421848771804
0.4152001217007637,0.4116347227245569,0.7910314137116075,0.9277135245501995,0.14883454237133265,5.397985204294333e-05,-0.4260476020678904,0.13404331630028615,0.19618199635687972,-0.4260476020678904
0.47386103589087725,0.489574309438467,0.6596099669113755,0.8588412366807461,0.10952877998352051,3.5000986233397565e-05,-0.4261629593905264,0.13833389654804396,0.15933973535861273,-0.4261629593905264
0.5699547929689288,0.3689039386808872,0.7733109965920448,0.8296696981415153,0.15394075401127338,2.240996252794684e-05,-0.4263833722896054,0.14136195243249994,0.1817942463422307,-0.4263833722896054
0.5039260946214199,0.38975932355970144,0.6574055878445506,0.752036084420979,0.15283662267029285,2.6122358043247503e-06,-0.42657939076415635,0.1324279210497087,0.17331873002340878,-0.42657939076415635
0.45477513782680035,0.4264362081885338,0.7824081815779209,0.8614429999142885,0.18800907861441374,3.2889079110029084e-05,-0.4270311352984861,0.14612347569570977,0.20638803723545085,-0.4270311352984861
0.5736544467508793,0.3949071550741792,0.7337705576792359,0.8813372571021318,0.0932916970923543,3.0472134182134017e-05,-0.42723198550779684,0.14278234770164117,0.1477004992887863,-0.42723198550779684
0.40558029245585203,0.41518607549369335,0.5678897369652987,0.8730063484981656,0.15555552765727043,2.156083577796851e-06,-0.42733517885433725,0.13764621288939197,0.17545572051240876,-0.42733517885433725
0.49950645957142115,0.4560690587386489,0.8641585391014814,0.9420272279530764,0.1459630010649562,8.186589430207565e-05,-0.42746091351257165,0.15140925099259137,0.21522986816657494,-0.42746091351257165
0.4576084455475211,0.3604017812758684,0.6334538329392672,0.8132386663928628,0.20627340395003557,9.891625660088704e-06,-0.4276447648887405,0.13326822224996204,0.20421739145789825,-0.4276447648887405
0.43528493866324425,0.40623300336301327,0.8136868979781866,0.822553657926619,0.15380469523370266,2.3163869366256137e-05,-0.4278301856190275,0.14926757361453175,0.19541560445136286,-0.4278301856190275
0.5403784001246095,0.28105765022337437,0.9004897885024548,0.9342215685173869,0.11702693346887827,7.802242306562559e-05,-0.4282938033710629,0.1677309247401095,0.21379675998233166,-0.4282938033710629
0.49214804638177156,0.31360833533108234,0.6630850229412317,0.9970580162480474,0.075943767093122,3.889944860170082e-05,-0.4295969865452728,0.12099758239608052,0.16310564837912492,-0.4295969865452728
0.4416627287864685,0.3017235156148672,0.6965274587273598,0.8288843240588903,0.1999269211664796,1.2739254701988317e-05,-0.4296196721468119,0.14375100827465748,0.20209770717844017,-0.4296196721468119
0.5002448027953506,0.4849820276722312,0.636274566873908,0.9820636576041579,0.1309477398172021,8.578478536914036e-05,-0.4299311014605645,0.13916415338983967,0.1726277250391689,-0.4299311014605645
0.4321537110954523,0.417813366279006,0.6686164224520326,0.9952173940837383,0.1686336798593402,7.74443662912214e-05,-0.429972126366606,0.14088156918495473,0.19320384023997256,-0.429972126366606
0.49534417130053043,0.41846451070159674,0.8420432908460498,0.7920739352703094,0.14050789177417755,5.2251408665409853e-05,-0.43006673247633104,0.15388793701810402,0.2030286559527732,-0.43006673247633104
0.5200100895017385,0.38476951979100704,0.46922392677515745,0.970245429314673,0.1903880899772048,2.7337477614754884e-05,-0.4301562721483774,0.1427288968550758,0.18433403764824938,-0.4301562721483774
0.46639147959649563,0.47448263969272375,0.6097039226442575,0.9874121081084013,0.1477064425125718,7.499683534462878e-05,-0.4301856370438862,0.13876827560170565,0.17770150986769692,-0.4301856370438862
0.4425125066190958,0.38947928324341774,0.8223747713491321,0.8883631890639663,0.192945908755064,4.663086653561234e-05,-0.4302967017765489,0.1470990526996503,0.2183345716237114,-0.4302967017765489
0.5478809047490358,0.44540006946772337,0.5093598980456591,0.8954933537170291,0.17275418434292078,5.568694854898168e-06,-0.4304222063878623,0.1327928019422449,0.16598401832259133,-0.4304222063878623
0.5175423193722963,0.2648988151922822,0.8215295812115073,0.782030806876719,0.14134936034679413,4.39408584807602e-05,-0.43048272330422116,0.1466982266357418,0.1972284239777577,-0.43048272330422116
0.5947723453864455,0.2974806912243366,0.5564287835732102,0.8843904742971063,0.1298969341441989,8.759092912976666e-07,-0.43090418652706114,0.12536532038380027,0.15233223160387152,-0.43090418652706114
0.43752341996878386,0.32368928007781506,0.7222714396193624,0.9369532205164433,0.20916644670069218,5.110650983204749e-05,-0.43149202556739696,0.14947290724682877,0.21359998330104857,-0.43149202556739696
0.4572583679109812,0.29874835070222616,0.38322705030441284,0.9251507315784693,0.14336217567324638,2.606359823155364e-06,-0.43187046004546725,0.12385319711258463,0.1755466350432297,-0.43187046004546725
0.4381519090384245,0.2613031817600131,0.47204466070979834,0.8251180639490485,0.14829790126532316,1.1850415379620601e-06,-0.4321963128686949,0.12402844249485576,0.16483478209823066,-0.4321963128686949
0.46440666168928146,0.398340554907918,0.42959780525416136,0.8069667220115662,0.12078232783824205,5.90211064924121e-07,-0.432642788459677,0.12373870984237473,0.14880543416425795,-0.432642788459677
0.5434538200497627,0.4632989168167114,0.5504092816263437,0.889141708612442,0.09805987682193518,2.406864455392652e-05,-0.43265687437184824,0.12671160806322912,0.1364016881838985,-0.43265687437184824
0.42134544625878334,0.29252611845731735,0.817108784802258,0.9626591876149178,0.15680923406034708,5.761409339472592e-05,-0.4326663132423951,0.1471452891657027,0.21088780131441529,-0.4326663132423951
0.4120028084143996,0.32043809350579977,0.7057932838797569,0.8457760820165277,0.08818596415221691,7.659722261944741e-06,-0.4327801634956905,0.14587496539253111,0.16093895420973256,-0.4327801634956905
0.44039599131792784,0.256017429754138,0.5139333112165332,0.8535968689247966,0.0953502468764782,4.871651050663653e-06,-0.43281624160017557,0.12532615492366508,0.14268901774972467,-0.43281624160017557
0.5663114339113235,0.25611790642142296,0.8100422592833638,0.9356814892962575,0.13203708920627832,3.778618211512361e-05,-0.4332601536130562,0.1659046840614611,0.1917460395065847,-0.4332601536130562
0.4934125551953912,0.22812343388795853,0.8946275450289249,0.8450894728302956,0.1477473834529519,5.947295147865286e-05,-0.43331666172105343,0.15993307516325653,0.22678311024518474,-0.43331666172105343
0.45546196959912777,0.43739109206944704,0.4754053018987179,0.9681526850908995,0.16622549667954445,2.6337996685289058e-05,-0.43370623578728035,0.13881283660055063,0.1792785222120722,-0.43370623578728035
0.43064934108406305,0.23321344051510096,0.6005265470594168,0.9231568612158298,0.17579681612551212,1.606161194803512e-05,-0.434070961790626,0.14796536292111803,0.18261942195096623,-0.434070961790626
0.5152221256867051,0.22070386167615652,0.5569441569969058,0.9193492708727717,0.08368764258921146,7.237193393394167e-06,-0.4346511341899583,0.12585098416247698,0.13348775639102403,-0.4346511341899583
0.5468974001705647,0.19397281482815742,0.7548505133017898,0.8753055818378925,0.12796988897025585,1.7996882988546567e-05,-0.4351939260111907,0.1516649734333496,0.18590056908353395,-0.4351939260111907
0.5135985482484102,0.4131811261177063,0.7344597466289997,0.975721980445087,0.07528848480433226,8.794438106996846e-05,-0.43551335205752467,0.1283266081684716,0.16476407202114113,-0.43551335205752467
0.5235573314130306,0.2883464079350233,0.7734673842787743,0.9433392575010657,0.06361668650060892,3.057058939110088e-05,-0.4355610942551438,0.142290459938853,0.17003008343192078,-0.4355610942551438
0.4887525849044323,0.2892303029075265,0.584342666901648,0.7393964966759086,0.11899602320045233,1.6049661322209562e-06,-0.4356184689117938,0.13025996175689716,0.14555320116964726,-0.4356184689117938
0.42388045601546764,0.3066026447340846,0.8737333388999104,0.9406902072951198,0.11339256819337606,7.000113261397512e-05,-0.43613493175738427,0.1455688477571406,0.209568696755148,-0.43613493175738427
0.5096974326297641,0.2858083313331008,0.36298028752207756,0.9198170630261302,0.12852086499333382,2.438302473413726e-06,-0.4362667831825577,0.12097725513019662,0.1627712159317933,-0.4362667831825577
0.5450550140812993,0.46075977850705385,0.4673055689781904,0.9145730994641781,0.1426461860537529,1.218173254681247e-05,-0.4365069253480188,0.1299901397347345,0.15713587919931568,-0.4365069253480188
0.5440594423562288,0.3440537769347429,0.9225945407524705,0.8311279276385903,0.10670457221567631,0.0001185739463212904,-0.4365738125193108,0.16608351292806817,0.21103309681093246,-0.4365738125193108
0.5617392184212804,0.35245453380048275,0.7782799201086164,0.8969134548678994,0.19268708676099777,4.2576815022326504e-05,-0.43663670840290486,0.15858820061658133,0.20239597378519297,-0.43663670840290486
0.4794220356270671,0.226371381431818,0.5182679481804371,0.7966305986046791,0.15971870254725218,8.0320368740717e-07,-0.4367322336998322,0.1214139386378295,0.16833486497959757,-0.4367322336998322
0.46161804255098104,0.2817091541364789,0.9627141170203686,0.9392226757481694,0.12986943032592535,9.00927411893768e-05,-0.43696411978808347,0.16142137976570597,0.24142749531680127,-0.43696411978808347
0.5349494609981775,0.371484880335629,0.5118205109611154,0.7572817895561457,0.13773385994136333,3.271084860904873e-07,-0.43701611364310416,0.11058116250502534,0.1516541700827117,-0.43701611364310416
0.47169650811702013,0.2029114244505763,0.5659639267250896,0.9477919396013021,0.11140471883118153,2.237565615198624e-05,-0.437388205313244,0.1287795944938369,0.1527902789660133,-0.437388205313244
0.5021764151751995,0.17727621644735336,0.5642782682552934,0.9139722129330039,0.15501952171325684,9.275208210955952e-06,-0.437406459223233,0.13839960890173106,0.1794488107310475,-0.437406459223233
0.471813234500587,0.3822427848353982,0.3484442010521889,0.912343131378293,0.1531003601849079,1.9685131373359256e-06,-0.4378624912538031,0.125876016106481,0.1797011020062406,-0.4378624912538031
0.46690221037715673,0.3875415436923504,0.6259311372414231,0.7448909990489483,0.15954016987234354,1.8070192432580455e-06,-0.4397040977184028,0.14159350664108022,0.173071558247933,-0.4397040977184028
0.42522985115647316,0.37873317394405603,0.747623709961772,0.7794659454375505,0.12228045053780079,1.218654441567966e-05,-0.43980677067374335,0.15793216463600876,0.16528692879449922,-0.43980677067374335
0.4140552431344986,0.4313153149560094,0.6471026102080941,0.9703268324956298,0.11731710005551577,6.801944881575687e-05,-0.44002909348479186,0.13178784465731502,0.17345614519411368,-0.44002909348479186
0.5110810035839677,0.3962653949856758,0.5541258072480559,0.9667431246489286,0.21876035444438457,4.8825830871177504e-05,-0.4404924815040247,0.15500268742838674,0.2047159939169472,-0.4404924815040247
0.48040751088410616,0.47801157366484404,0.7810934940353036,0.8076925342902541,0.14099783077836037,3.124549488084275e-05,-0.4407521843528903,0.1547342960051473,0.1939277285376015,-0.4407521843528903
0.5347215756773949,0.37533088959753513,0.4112277291715145,0.9082199335098267,0.08703066594898701,4.9184741327787665e-06,-0.4407531930346424,0.11361724637853772,0.13168189660222707,-0.4407531930346424
0.47571508027613163,0.25473265908658504,0.7259889096021652,0.9814239833503962,0.08034042548388243,4.056284974063711e-05,-0.4409490289943151,0.13617925424294172,0.1651812594092626,-0.4409490289943151
0.5426406497135758,0.3306343350559473,0.8669678214937449,0.853277001529932,0.18784017767757177,7.404186287676278e-05,-0.44134071718060097,0.16114903313776086,0.22657869264024835,-0.44134071718060097
0.507316485978663,0.4420926561579108,0.8496909821406007,0.8407740164548159,0.1794724278151989,5.837629573809292e-05,-0.44143431484843887,0.16015818472088994,0.22112815556931875,-0.44143431484843887
0.5324431005865335,0.2980759935453534,0.7204789286479354,0.9551430763676763,0.05715510994195938,2.7867348290720035e-05,-0.4421826743004894,0.13623372908534007,0.16356298309013,-0.4421826743004894
0.5553341340273619,0.2774778036400676,0.48601987212896347,0.957743345759809,0.17716852203011513,1.6990616916111903e-05,-0.4423022707322433,0.15063556836621989,0.172454162456923,-0.4423022707322433
0.38647887017577887,0.3939154166728258,0.5456233592703938,0.8772140890359879,0.15075346361845732,3.774370309581039e-06,-0.4425731362318362,0.14323983405798485,0.18476907557342392,-0.4425731362318362
0.4939857358112931,0.3746801894158125,0.5446789963170886,0.7496563671156764,0.1746418671682477,3.751688985663697e-07,-0.4427241631880229,0.12398479659897262,0.17964687303917828,-0.4427241631880229
0.5142366578802466,0.4811631813645363,0.8038854282349348,0.9314185939729214,0.099970911629498,8.326035488155952e-05,-0.44277798453469935,0.15386477214564975,0.18060568032029153,-0.44277798453469935
0.49070899933576584,0.3201299998909235,0.8868250753730536,0.8666963996365666,0.2041563605889678,6.064054058775531e-05,-0.44303754170824683,0.1627942807484337,0.24688989113803889,-0.44303754170824683
0.4809527453035116,0.4039962124079466,0.4868645928800106,0.8689920986071229,0.219016395509243,1.1792978133169544e-05,-0.4431689849414359,0.13331981496662146,0.2052407126669397,-0.4431689849414359
0.5319252079352736,0.30447564739733934,0.9483686638996005,0.8374729575589299,0.16240191459655762,0.00013564388068388328,-0.44320021713041835,0.16810183883853363,0.24277342703405147,-0.44320021713041835
0.4773597661405802,0.3426707796752453,0.36126421950757504,0.938007989898324,0.10859533213078976,1.1183749407493746e-05,-0.443221993978201,0.12138324960005117,0.1621667402110471,-0.443221993978201
0.5753899291157722,0.2757985545322299,0.6268215971067548,0.9787773247808218,0.10106407571583986,2.8523875366879048e-05,-0.4438973891158113,0.1561280317533348,0.15357765634055082,-0.4438973891158113
0.48654729407280684,0.30500067956745625,0.9128370014950633,0.899203865788877,0.1988230235874653,7.47505060169868e-05,-0.4439367772906465,0.16955888611316067,0.250502502856385,-0.4439367772906465
0.4090338507667184,0.3711400544270873,0.8116667633876204,0.9563098736107349,0.10509442072361708,8.58371538410807e-05,-0.4442996019346008,0.13655797650063525,0.19417620745210978,-0.4442996019346008
0.5412619635462761,0.2196731111034751,0.7064312994480133,0.7925062421709299,0.09993569273501635,1.3559777896656187e-05,-0.4443264507377917,0.13941170222036703,0.1562521573275117,-0.4443264507377917
0.5614874977618456,0.39274312648922205,0.40534675493836403,0.9301890088245273,0.1382490210235119,3.23111480308415e-06,-0.44449927625119723,0.12880487139425134,0.1540416829668051,-0.44449927625119723
0.42801154125481844,0.31880275439471006,0.8321173563599586,0.7938992390409112,0.10795283690094948,2.239435844241047e-05,-0.44452865367217265,0.16538963875806542,0.1807209371870645,-0.44452865367217265
0.520329493097961,0.44814767222851515,0.7194540435448289,0.7676508594304323,0.12793644331395626,1.9838991509145853e-05,-0.44471888601405646,0.1516339104589191,0.17343344887010717,-0.44471888601405646
0.5263941111043096,0.21139586996287107,0.5795767493546009,0.8309056218713522,0.07875385601073503,1.7253448368917504e-06,-0.4447472596574118,0.12654996468066895,0.13782624838743698,-0.4447472596574118
0.555596437305212,0.46882274374365807,0.5865993099287152,0.8611226575449109,0.09521152824163437,2.3782879435158828e-05,-0.44481950431942574,0.13536453074592736,0.13813367745903826,-0.44481950431942574
0.5634737322106957,0.2436510706320405,0.6132848719134927,0.7900432981550694,0.14717425871640444,1.17727138741612e-06,-0.44492788635255065,0.1251741742944995,0.1622249832414967,-0.44492788635255065
0.5509049473330379,0.2633683541789651,0.9063192494213581,0.9122449681162834,0.1595244323834777,8.55489512897099e-05,-0.44497949045595825,0.1781824563857406,0.22815157315829296,-0.44497949045595825
0.52616261318326,0.509794213809073,0.720373990945518,0.9307757709175348,0.15872744470834732,5.596295474910067e-05,-0.4451110014308708,0.16064663790445205,0.1901942334692487,-0.4451110014308708
0.48280681762844324,0.3556956388056278,0.42830576468259096,0.9944741120561957,0.1896105883643031,3.910652908628632e-05,-0.44512961630416753,0.15219796274261166,0.1939497886725864,-0.44512961630416753
0.5594963626936078,0.347294176928699,0.46390653867274523,0.8076669694855809,0.17186624463647604,1.691893610600904e-07,-0.4455512418374136,0.10348753302538327,0.16291742507533105,-0.4455512418374136
0.5338555723428726,0.44361165817826986,0.8898632396012545,0.9630011571571231,0.1290288371965289,0.00011591662109680656,-0.4456791263193245,0.16773132688768574,0.21403264138634273,-0.4456791263193245
0.5367083009332418,0.4867512797936797,0.596338820643723,0.8547868262976408,0.17767558060586452,1.4396440692651126e-05,-0.44570028825856034,0.14423566927284037,0.18177184316962391,-0.44570028825856034
0.44935243111103773,0.27539164666086435,0.924693020991981,0.8109841272234917,0.12687138468027115,5.774443707655202e-05,-0.446244956006386,0.17158801304447752,0.219261484071868,-0.446244956006386
0.5369304902851582,0.2640336826443672,0.4488712549209595,0.9514072574675083,0.09559675492346287,1.2971525290228522e-05,-0.4463949182860009,0.1313587897584986,0.1368499738560204,-0.4463949182860009
0.5075179170817137,0.5239048320800066,0.7144866241142154,0.9097684482112527,0.11526020430028439,5.9733192808917336e-05,-0.4467019607379173,0.15113605414052877,0.1781674850674509,-0.4467019607379173
0.5299933440983295,0.38664118107408285,0.563608062453568,0.7490143161267042,0.10012331511825323,1.9720361538473896e-06,-0.44681714878268863,0.13167092965852145,0.13810121580105117,-0.44681714878268863
0.5194571660831571,0.4988249270245433,0.7628417667001486,0.9094346230849624,0.17462709080427885,5.078873584081802e-05,-0.44694164321043045,0.16427828400756134,0.2010134084124437,-0.44694164321043045
0.5612233132123947,0.3575266133993864,0.5528009617701173,0.7792510846629739,0.08742399513721466,1.4226075679754418e-06,-0.44706863650618994,0.12340227863002035,0.12751827244581812,-0.44706863650618994
0.45533736795186996,0.24146210309118032,0.6890340959653258,0.9256280306726694,0.06728087551891804,1.4688409013408794e-05,-0.44719009933199994,0.13090611826433798,0.15412145341979927,-0.44719009933199994
0.5454640612006187,0.39767201244831085,0.7170483283698559,0.8389846747741103,0.20692841056734324,2.3470588403258345e-05,-0.44726935704012716,0.14864512285339346,0.206204108431758,-0.44726935704012716
0.5812505474314094,0.31613894551992416,0.8720010286197066,0.9200664702802896,0.14912525285035372,6.883770759800332e-05,-0.44784348417116493,0.17223089810103148,0.20937786010631806,-0.44784348417116493
0.40144895017147064,0.4596127327531576,0.6085262661799788,0.8928328668698668,0.13073702063411474,2.1909364140258616e-05,-0.4481165242102616,0.14824916969826574,0.16770424203779316,-0.4481165242102616
0.4775508549064398,0.3069687131792307,0.6057976046577096,0.7340212650597095,0.16927194688469172,1.0539703754188036e-06,-0.44851244599802825,0.13628264397082068,0.17761429825340067,-0.44851244599802825
0.44100155029445887,0.433646272867918,0.8880859985947609,0.9291890431195498,0.10208616498857737,9.434164015405473e-05,-0.44851714028588213,0.15084314035604332,0.20206144654222588,-0.44851714028588213
0.41936932783573866,0.46289687044918537,0.7506151609122753,0.8381850700825453,0.12792222388088703,3.135006413431851e-05,-0.448549863177946,0.1582954509007132,0.17289519639294765,-0.448549863177946
0.4806867726147175,0.34521906170994043,0.5894124070182443,0.9654907016083598,0.051091644912958145,1.9624827059486595e-05,-0.44866458859352837,0.0992940200961152,0.16114108403785088,-0.44866458859352837
0.46770263742655516,0.4203499620780349,0.9291294068098068,0.9199000978842378,0.1836202358826995,9.156502510393356e-05,-0.4487301487962583,0.16584995899207539,0.24342624950713146,-0.4487301487962583
0.5745307076722383,0.4065485829487443,0.7529274132102728,0.8038807427510619,0.10775540769100189,2.5011488010119987e-05,-0.4492393111090307,0.15137969703696952,0.15544900903522757,-0.4492393111090307
0.5248934384435415,0.40369006618857384,0.6515091611072421,0.7739968430250883,0.07036786898970604,6.7413657721389535e-06,-0.44935101508432596,0.14280208493019325,0.14466036666097076,-0.44935101508432596
0.5249888012185693,0.2829242404550314,0.5496970452368259,0.8266343763098121,0.21673138532787561,8.744570105998213e-06,-0.4494251532908362,0.12370823428792135,0.20884794798086434,-0.4494251532908362
0.4316341048106551,0.4692143630236387,0.8550501195713878,0.9120946926996112,0.13272434938699007,6.638354658321542e-05,-0.44971909921042275,0.15356618767732305,0.20286050197832603,-0.44971909921042275
0.4334879368543625,0.2675320841372013,0.7964293155819178,0.7875456484034657,0.16163812391459942,1.682969884290484e-05,-0.4499151360747613,0.16203614551509207,0.19207160850620653,-0.4499151360747613
0.5493144383653998,0.37863174360245466,0.9518363252282143,0.947366114705801,0.15198069717735052,0.0001441514832237149,-0.4501036528995532,0.17957991421180408,0.23773221738877853,-0.4501036528995532
0.4269423857331276,0.26352983992546797,0.6437267083674669,0.8614103551954031,0.06816712953150272,5.342106610530985e-06,-0.450375660588026,0.13969814540945072,0.15317453425925764,-0.450375660588026
0.5989117585122585,0.3272589258849621,0.5189708285033703,0.8497698185965419,0.15584441274404526,5.849838966653356e-07,-0.45054350242584684,0.11396994973269062,0.15953041228668657,-0.45054350242584684
0.45812435634434223,0.3671857360750437,0.9084930848330259,0.9484945395961404,0.07807629276067019,9.939187614739264e-05,-0.4508672360446514,0.14762537666324196,0.20824938722757919,-0.4508672360446514
0.4595233127474785,0.3755168691277504,0.699895734898746,0.9407342737540603,0.23567878268659115,5.6329330773159204e-05,-0.45089877390104083,0.15817110949101376,0.229140433626415,-0.45089877390104083
0.5917032724246383,0.3433257332071662,0.6877895137295127,0.9943931708112359,0.11815509293228388,6.495212980965633e-05,-0.45113039084674594,0.16275637430301926,0.17141558572161303,-0.45113039084674594
0.46542292833328247,0.22989268600940704,0.8722690036520362,0.9762574145570397,0.1608149316161871,8.450708484957398e-05,-0.45128160178925014,0.17284760788623724,0.22558627109501672,-0.45128160178925014
0.5028949128463864,0.31440460681915283,0.4524777652695775,0.904020169749856,0.22417982947081327,1.688590785323518e-05,-0.45136208743232187,0.13855107320310112,0.20612859826147995,-0.45136208743232187
0.6111772432923317,0.36464284360408783,0.6175464121624827,0.9000054355710745,0.1508913477882743,3.672508969001083e-06,-0.45157857904817,0.14099713469546496,0.16278472514935588,-0.45157857904817
0.5308169713243842,0.33159906696528196,0.48961468506604433,0.8820206085219979,0.04785469640046358,1.8053233458109493e-06,-0.4518552715253499,0.10480802952995433,0.143747120930792,-0.4518552715253499
0.45894451905041933,0.44840049743652344,0.7612723866477609,0.9039677679538727,0.2129647359251976,5.900460736144387e-05,-0.4526767877053994,0.15960509898115513,0.21751408672959166,-0.4526767877053994
0.41163917910307646,0.24677463807165623,0.5908039789646864,0.9178127041086555,0.09428267553448677,1.851675879183662e-05,-0.45286013305285183,0.1372349307667971,0.16063646475303583,-0.45286013305285183
0.46868560928851366,0.15700536221265793,0.6817002194002271,0.9309936221688986,0.14054109901189804,3.720325256749488e-05,-0.4529258866718125,0.147934961269983,0.187496871387585,-0.4529258866718125
0.5562001224607229,0.33810323290526867,0.9644150640815496,0.9185875989496708,0.10188713390380144,0.00014363406466212853,-0.45318710703431087,0.1812032661259492,0.2229573204465185,-0.45318710703431087
0.534825911745429,0.19624366611242294,0.6272979294881225,0.951846469193697,0.1794922687113285,3.643878061096319e-05,-0.4532986189941826,0.1693105662013262,0.18753092188076323,-0.4532986189941826
0.472228130325675,0.44487230852246284,0.5976953152567148,0.8336422825232148,0.21601310838013887,1.6035719611990718e-05,-0.45340299108741944,0.14523681248648657,0.20893206238118192,-0.45340299108741944
0.5122605040669441,0.27855059690773487,0.8625062322244048,0.8069293592125177,0.06659824959933758,6.296436664646723e-05,-0.4534151105015792,0.16424595211773302,0.18874050314232052,-0.4534151105015792
0.556760024279356,0.419247817248106,0.6771961776539683,0.9108267594128847,0.2099147718399763,4.4538326650957266e-05,-0.4534419645711981,0.16207969003798608,0.19623635567443756,-0.4534419645711981
0.5717396019026637,0.34952113311737776,0.6674533486366272,0.75581069663167,0.12296785973012447,3.162965482582674e-06,-0.4536326808611809,0.1359469336717071,0.14919975925228446,-0.4536326808611809
0.5444232057780027,0.20787507202476263,0.8115093996748328,0.9012108584865928,0.08546921610832214,3.336334188596362e-05,-0.45365224894970124,0.16496774542317216,0.17731186709204438,-0.45365224894970124
0.45997816789895296,0.38130898773670197,0.9749352103099227,0.8210920756682754,0.10705438069999218,0.00010785374436089683,-0.45373041542314163,0.1802033261341111,0.22751472920150623,-0.45373041542314163
0.525411139242351,0.45977048948407173,0.839961008168757,0.8188047790899873,0.0969549585133791,7.929542397063881e-05,-0.4539186903557207,0.16749446112001845,0.1873227095828019,-0.4539186903557207
0.5723221581429243,0.2951893908903003,0.8557259831577539,0.8389487145468593,0.08464770764112473,5.017764055888565e-05,-0.45416444841131065,0.16328218198120137,0.18099399118325182,-0.45416444841131065
0.5517784608528018,0.3238713853061199,0.38495841063559055,0.9670223323628306,0.12343187443912029,1.2889735144058561e-05,-0.4543537313798951,0.13853062125946444,0.1587618502365521,-0.4543537313798951
0.4293280579149723,0.2383576761931181,0.735054986551404,0.8581099500879645,0.1958297248929739,2.5525788290754274e-05,-0.4544645754257104,0.16405934529591026,0.20208265265457726,-0.4544645754257104
0.5613479427993298,0.21341665368527174,0.6799992760643363,0.9572440525516868,0.0969367865473032,2.6441090995203624e-05,-0.4545033828952598,0.16234097922603408,0.15466110833360716,-0.4545033828952598
0.5764610515907407,0.3298494992777705,0.8192369928583503,0.9264029273763299,0.07444759737700224,5.184511960554071e-05,-0.4545763728674776,0.16187556597943073,0.17183604220866472,-0.4545763728674776
0.5133476257324219,0.33902266528457403,0.3369921976700425,0.8147702375426888,0.1494632875546813,3.368143002721487e-07,-0.454589676695601,0.10029553031193011,0.17111251515596937,-0.454589676695601
0.4298717752099037,0.2761046374216676,0.47700528986752033,0.8858000347390771,0.20235444698482752,1.2836464959795424e-05,-0.4546780511029661,0.14868973654332301,0.1946771905163588,-0.4546780511029661
0.58541214838624,0.3088220953941345,0.8342617619782686,0.8140344694256783,0.12708408199250698,3.3663248167635604e-05,-0.45478983432462977,0.15517273679127366,0.18577853280571063,-0.45478983432462977
0.4987205844372511,0.2907765209674835,0.49122489895671606,0.9788275584578514,0.21646771486848593,4.9743693949442345e-05,-0.45481293258304767,0.16326624269387807,0.2030035989321833,-0.45481293258304767
0.4127077255398035,0.25347165670245886,0.7709997165948153,0.8095293398946524,0.11039640009403229,2.1962843223645172e-05,-0.455097552900078,0.16447225983250532,0.1683886958782188,-0.455097552900078
0.4748653322458267,0.43650831654667854,0.8479433236643672,0.7984102023765445,0.08929054252803326,6.0536340225908465e-05,-0.45606533772605273,0.17128171610961831,0.1843127647753669,-0.45606533772605273
0.45334364753216505,0.4241679012775421,0.5115185007452965,0.9937652517110109,0.09014554601162672,5.2685083055234946e-05,-0.45630506849219166,0.12046815502647372,0.15894641812694715,-0.45630506849219166
0.5247602537274361,0.20874896459281445,0.43398936092853546,0.8634266797453165,0.16295147873461246,1.2374216017996382e-06,-0.45635387369020575,0.12573546717733314,0.1731915412472974,-0.45635387369020575
0.5472619906067848,0.36152026895433664,0.8854647586122155,0.8218543026596308,0.1814432330429554,9.716741716896002e-05,-0.45651825397615586,0.16562494125394164,0.2254933267077425,-0.45651825397615586
0.4611611161381006,0.5004921769723296,0.45058040600270033,0.9022010006010532,0.14176055137068033,2.1826931958165765e-05,-0.4565666467811898,0.14185929949200818,0.16986756056139327,-0.4565666467811898
0.44513306953012943,0.44097884371876717,0.9138299794867635,0.8367116749286652,0.11144770123064518,6.666541681550853e-05,-0.4569675466999014,0.1739743053903076,0.20847420790759788,-0.4569675466999014
0.5216075209900737,0.382550778798759,0.5130885979160666,0.9447897570207715,0.05131913721561432,1.1926445142629765e-05,-0.45703639761694675,0.0966400917747366,0.1466389370543001,-0.45703639761694675
0.47206409368664026,0.3704626988619566,0.700976406224072,0.7532265111804008,0.0711168721318245,1.1393874419424956e-05,-0.45707692628483004,0.15762980708720414,0.15026887497358704,-0.45707692628483004
0.556131036952138,0.36773758102208376,0.7305535664781928,0.7457152018323541,0.11626278143376112,1.4964599862433625e-05,-0.45722567084063037,0.14858752546287937,0.1585933424511577,-0.45722567084063037
0.5565649811178446,0.233051928691566,0.8337986618280411,0.849022114649415,0.08064200635999441,4.5210890518237346e-05,-0.45723369942731373,0.16299913139542405,0.1797332536391566,-0.45723369942731373
0.4260964561253786,0.42968151066452265,0.7656859466806054,0.9213775312528014,0.0751023730263114,6.931058397733898e-05,-0.45744171059475625,0.1430143680020335,0.1678959833957857,-0.45744171059475625
0.5407031895592809,0.30997507367283106,0.6694349395111203,0.7300812359899282,0.10210189875215292,6.59414738879833e-06,-0.45764264853868347,0.14140641639181642,0.1471487525335514,-0.45764264853868347
0.4666232652962208,0.27532558143138885,0.4622362470254302,0.8343987502157688,0.0657532261684537,1.0795795294106322e-06,-0.4578518794762292,0.12474065426621869,0.13740634810559027,-0.4578518794762292
0.3895521443337202,0.33493059128522873,0.8820204837247729,0.9224694846197963,0.13465589005500078,6.316957258800807e-05,-0.45790633763691085,0.16122168966888406,0.21928407581267362,-0.45790633763691085
0.45021843444556,0.33992331102490425,0.3991778613999486,0.8187639443203807,0.09065295848995447,2.7782332099262377e-06,-0.45798694336862406,0.13357771700660417,0.14436077164775254,-0.45798694336862406
0.39540210366249084,0.38730260357260704,0.49380156490951777,0.9357815599068999,0.18033103831112385,1.3598239256339012e-05,-0.45806610789877056,0.15326522883164193,0.19591655757838045,-0.45806610789877056
0.5937404483556747,0.4200232522562146,0.6292211469262838,0.8689434444531798,0.08844454027712345,1.478322089180927e-05,-0.4582564196683335,0.14058656461758018,0.12756254921081076,-0.4582564196683335
0.5007763169705868,0.24302566796541214,0.6680211862549186,0.8618686571717262,0.040228670462965965,3.9489366136967855e-06,-0.45845192954347086,0.13266324482911518,0.1635336634265296,-0.45845192954347086
0.5524051021784544,0.26099700573831797,0.6357049122452736,0.7945558950304985,0.06207349803298712,1.607962732108009e-06,-0.4584724729830497,0.1342851232459093,0.14196368616095792,-0.4584724729830497
0.5539247114211321,0.2368621863424778,0.7279410883784294,0.7978586861863732,0.1746606407687068,1.6528130520580426e-05,-0.4584757447054305,0.1477453903762011,0.19104598834300854,-0.4584757447054305
0.5453076651319861,0.2928518746048212,0.6167262373492122,0.7636311259120703,0.06837982311844826,1.2998378079915178e-06,-0.4586247421962433,0.1341598205385851,0.13786583371522024,-0.4586247421962433
0.5737574426457286,0.2897511003538966,0.5689981486648321,0.9537004707381129,0.1976606398820877,3.584042431107498e-05,-0.4588791409339632,0.16487939121708667,0.18407418040647497,-0.4588791409339632
0.5012293169274926,0.24820367991924286,0.881750631146133,0.9932182803750038,0.17771856300532818,0.00011294485947110562,-0.45892877204671473,0.18933267329693307,0.234593751263324,-0.45892877204671473
0.4591121794655919,0.4378710212185979,0.4496679985895753,0.7976867817342281,0.1724895602092147,1.4738183432211841e-06,-0.45944996420592,0.13971737357794833,0.1737411195057435,-0.45944996420592
0.5538306348025799,0.43181855045259,0.4513392625376582,0.8415122227743268,0.0898761497810483,4.812292644211729e-06,-0.45951192845174993,0.12361533297653243,0.12682461338960233,-0.45951192845174993
0.5510282656177878,0.18079755827784538,0.7952381540089846,0.8592824395745993,0.15001141745597124,3.8433589252187445e-05,-0.45951784509354043,0.16314781185205782,0.20704416083678298,-0.45951784509354043
0.44204801972955465,0.38293856009840965,0.594697973690927,0.7560293739661574,0.08725718036293983,6.444042251133536e-06,-0.4595705794590449,0.155874623727429,0.13926137263278518,-0.4595705794590449
0.477036370895803,0.2793089533224702,0.6105176843702793,0.7999200681224465,0.045681959949433804,1.8010273548760626e-06,-0.4597534311823327,0.13778187956255544,0.15395757193423756,-0.4597534311823327
0.4659351082518697,0.23203418403863907,0.5857545165345073,0.8556652376428246,0.05507954768836498,2.980648487431113e-06,-0.45985247080124886,0.12922065987960807,0.1452829973512923,-0.45985247080124886
0.47442942298948765,0.3217963930219412,0.5104606803506613,0.8062727274373174,0.22439585346728563,7.287051011459105e-06,-0.46005071103650685,0.12740931174103284,0.21668029061671815,-0.46005071103650685
0.43938943184912205,0.24324419628828764,0.8195793097838759,0.997280502691865,0.1095089390873909,9.038740842143418e-05,-0.4602103777708908,0.15640015702765844,0.19669999296108454,-0.4602103777708908
0.49282947182655334,0.3398170890286565,0.5475995223969221,0.7842734064906836,0.04812504630535841,1.7364577604123347e-06,-0.46021732175940316,0.1318199198873613,0.1486369892222432,-0.46021732175940316
0.4743060823529959,0.2471559001132846,0.6298483908176422,0.9847248969599605,0.2178299194201827,8.544651623018346e-05,-0.46113421642650443,0.17737509152487652,0.21024839796638278,-0.46113421642650443
0.5924062225967646,0.2697686171159148,0.7572648273780942,0.9107831474393606,0.08176822867244482,1.680243775264251e-05,-0.4614530230982131,0.16161916692162057,0.1562089513526738,-0.4614530230982131
0.4075090838596225,0.38618785608559847,0.5799289811402559,0.9641689378768206,0.20823340117931366,5.035502732290907e-05,-0.4615370627063303,0.16254132062331947,0.20687820508942814,-0.4615370627063303
0.5820866012945771,0.3667798414826393,0.6420411691069603,0.7807164629921317,0.16542432457208633,1.4240547017563055e-06,-0.46165213249548814,0.13461772092612795,0.16515154813447877,-0.46165213249548814
0.4805797450244427,0.5015811827033758,0.8281215392053127,0.8644239762797952,0.09417848568409681,5.982961869998626e-05,-0.4616844682587621,0.16591633081600882,0.18820925668967742,-0.4616844682587621
0.47987508587539196,0.21996792778372765,0.8049956634640694,0.9103867188096046,0.06179479043930769,2.927919721152774e-05,-0.46189447892549507,0.1526538804517435,0.17550604986882698,-0.46189447892549507
0.43404127936810255,0.3488506833091378,0.44025210198014975,0.8483602581545711,0.20861862786114216,9.374645495423133e-06,-0.461947188671852,0.14206278138644865,0.19930352853554434,-0.461947188671852
0.49002378806471825,0.24222748912870884,0.44300902634859085,0.7693100413307548,0.1264453250914812,7.656672623133146e-07,-0.46197022578161007,0.12521328551879052,0.1457166083211695,-0.46197022578161007
0.5680854879319668,0.38310099951922894,0.8318166444078088,0.9551795357838273,0.18731009308248758,0.00010471424545236794,-0.46212176955258316,0.18130852830932775,0.21030684688046172,-0.46212176955258316
0.4657877944409847,0.34372873324900866,0.9877504641190171,0.7953651240095496,0.15470271930098534,0.0001243639594338648,-0.46238010947176944,0.18050452594409538,0.24851353043125288,-0.46238010947176944
0.5360875092446804,0.3205958502367139,0.9702311586588621,0.9278760841116309,0.1844279495999217,0.0001552331887451493,-0.46242683033259524,0.19008971460185914,0.2550858228391119,-0.46242683033259524
0.36393122654408216,0.37180979643017054,0.5571395391598344,0.9112546611577272,0.14330877177417278,1.1627189825566433e-05,-0.46242699189722297,0.15228976425089835,0.20130654935996234,-0.46242699189722297
0.4905713200569153,0.5388767244294286,0.6488424194976687,0.9677632739767432,0.13006329536437988,8.232485482724535e-05,-0.4625831878757279,0.15454989400821537,0.18077277420364546,-0.4625831878757279
0.42944877594709396,0.31301345210522413,0.6239721663296223,0.9135147342458367,0.23657749220728874,3.569518373243703e-05,-0.4629769429935336,0.16289997397932687,0.22444415955769031,-0.4629769429935336
0.40348368883132935,0.23070640210062265,0.640492525883019,0.8044402124360204,0.1327043892815709,1.7158613555474304e-05,-0.4631229231966509,0.15831880392485514,0.16346071448171723,-0.4631229231966509
0.5186907593160868,0.5332130771130323,0.6724295802414417,0.8400091864168644,0.11236634943634272,3.706628278884065e-05,-0.4633363931130535,0.15454744551388408,0.18007556728635726,-0.4633363931130535
0.5969917494803667,0.30971011612564325,0.45783740002661943,0.921277460642159,0.11277643963694572,6.961890215435263e-06,-0.46347631069193396,0.13604092895857656,0.14205932062806337,-0.46347631069193396
0.5417909352108836,0.4772544577717781,0.7391530806198716,0.9264275329187512,0.1967280600219965,6.949820620669837e-05,-0.46360509908850017,0.1750573520249097,0.1993535670254149,-0.46360509908850017
0.5480974614620209,0.30092908814549446,0.40682949032634497,0.7983884373679757,0.09858302492648363,2.108050403433281e-06,-0.4637727762959479,0.11579415529337114,0.1278835992196509,-0.4637727762959479
0.4208867186680436,0.2944081425666809,0.6077736550942063,0.8303253725171089,0.058933124877512455,6.036259036142525e-06,-0.4640143754349346,0.14567367557220406,0.15756596533413827,-0.4640143754349346
0.4862574590370059,0.2999071469530463,0.3449765397235751,0.8024504510685802,0.15738756489008665,3.552184966118613e-07,-0.46419092217639724,0.11571321255601756,0.1737968721587016,-0.46419092217639724
0.4635331481695175,0.4550248673185706,0.9040863858535886,0.8147503985092044,0.16266225650906563,6.673568394656429e-05,-0.4643486188418985,0.17405876147828336,0.22625741699166022,-0.4643486188418985
0.40784096345305443,0.3043322255834937,0.7423023106530309,0.8883229373022914,0.06333717424422503,1.8684293135204945e-05,-0.4644119180989955,0.1511888217518251,0.17471670633797368,-0.4644119180989955
0.5987918674945831,0.2456604102626443,0.6534952018409967,0.9218071820214391,0.1614509392529726,1.2496216854464162e-05,-0.4644601985926608,0.16537770298638088,0.17240009007769758,-0.4644601985926608
0.5834207711741328,0.45087254978716373,0.7678904486820102,0.939560828730464,0.1565505089238286,7.141251794707275e-05,-0.4646505148055081,0.173196421239275,0.18007809316464304,-0.4646505148055081
0.5784134436398745,0.25790052115917206,0.683434915728867,0.9851208599284291,0.175731192342937,6.270830087957573e-05,-0.46520069150653137,0.1851181076347841,0.18583374609592226,-0.46520069150653137
0.6024397099390626,0.2740292875096202,0.6024806331843138,0.8561239084228873,0.08262221701443195,2.436270751218767e-06,-0.46551104571020246,0.1377857706691052,0.1330768417948071,-0.46551104571020246
0.5285366447642446,0.4715685285627842,0.6733411382883787,0.9913521967828274,0.08066031243652105,0.00010801273262100197,-0.46581322624125654,0.14555315599933144,0.15832914058515463,-0.46581322624125654
0.42022768780589104,0.3570534037426114,0.3580036861822009,0.9080649195238948,0.12272706627845764,4.955330634123292e-06,-0.4658410770804135,0.14069609182578427,0.18274856783916704,-0.4658410770804135
0.3882982013747096,0.27865202724933624,0.5625454494729638,0.9829014129936695,0.15883471351116896,3.442144598959006e-05,-0.4662453089208563,0.16038518957059547,0.201050721693778,-0.4662453089208563
0.5866724606603384,0.40059799421578646,0.8533188039436936,0.945913465693593,0.10474205669015646,0.00010528596688384227,-0.4667741738800018,0.17372223775960016,0.1837602836339078,-0.4667741738800018
0.4896394694224,0.18058884050697088,0.6927513424307108,0.9691051132977009,0.1880426285788417,7.687480812070884e-05,-0.46685583893106863,0.17856791219834892,0.20309950221138695,-0.46685583893106863
0.4632847448810935,0.5129218716174364,0.5317376768216491,0.9347091838717461,0.10089762322604656,6.219066854368754e-05,-0.46693718043881915,0.14222469889813108,0.15115121850835417,-0.46693718043881915
0.5487544732168317,0.3640174428001046,0.656567987985909,0.9395433757454157,0.036156412214040756,3.409312394151048e-05,-0.46726761553880786,0.12103684082113395,0.1669875141452521,-0.46726761553880786
0.4234561510384083,0.4517173180356622,0.5159245505928993,0.9485233472660184,0.19798210635781288,3.974817102885199e-05,-0.4676274412727402,0.1629996425092062,0.19091495996107222,-0.4676274412727402
0.5246369428932667,0.3450349597260356,0.29897873662412167,0.9354330338537693,0.1524430513381958,4.475805636690927e-06,-0.4677710004851213,0.13764166335416667,0.18487185618022844,-0.4677710004851213
0.4036044143140316,0.33659692481160164,0.5015775514766574,0.9985164878889918,0.18471289332956076,4.4169010351158024e-05,-0.46807476280675225,0.163753731944627,0.20725789876855039,-0.46807476280675225
0.5380176110193133,0.4313967814669013,0.9117324119433761,0.8024115348234773,0.15499205142259598,0.00013315819949533917,-0.4680820301526746,0.1752826193779059,0.22374129509939472,-0.4680820301526746
0.4728765143081546,0.24598998110741377,0.9199939928948879,0.8709420738741755,0.06617976631969213,5.934417439140866e-05,-0.46813591170928026,0.17476609450382807,0.2057018398858894,-0.46813591170928026
0.4853762648999691,0.3904297696426511,0.44582927599549294,0.8470384944230318,0.051553284749388695,1.596787115232751e-06,-0.468172289072116,0.11985048131437841,0.14521033089280594,-0.468172289072116
0.5703920209780335,0.46855336520820856,0.7894059149548411,0.9615293191745877,0.11401917319744825,0.0001027649616503519,-0.46819951017532674,0.17174189161500097,0.1759616041943733,-0.46819951017532674
0.5435339352115989,0.35033037699759007,0.6507282601669431,0.961489544250071,0.23587644286453724,6.588787726848142e-05,-0.4682198928472595,0.1739411683373274,0.2187483499402708,-0.4682198928472595
0.6060826051980257,0.35068159829825163,0.5647804690524936,0.8780368836596608,0.07622130308300257,1.801497366653154e-06,-0.4684753505875633,0.13140417906268298,0.1283308029175364,-0.4684753505875633
0.47332757990807295,0.3572457628324628,0.5232374249026179,0.7237661555409431,0.09995613526552916,3.677631747871432e-06,-0.46859980089219555,0.1465777185350941,0.13928114870484692,-0.46859980089219555
0.5366129288449883,0.32687718886882067,0.6986097563058138,0.8102059653028846,0.03131390642374754,7.176522081382864e-06,-0.4690148624474868,0.14266777143526752,0.17520523383719744,-0.4690148624474868
0.5026288842782378,0.4353160550817847,0.5999301671981812,0.8054504096508026,0.04844639357179403,1.3241913624711076e-05,-0.4690177782723744,0.13981419576392143,0.15361513464577184,-0.4690177782723744
0.4171760370954871,0.332068532705307,0.8575336188077927,0.8031805101782084,0.18165790475904942,2.990102726024183e-05,-0.4690659412615549,0.17285633976006165,0.21424402246287197,-0.4690659412615549
0.42001315765082836,0.39227052964270115,0.6949263866990805,0.754559719003737,0.1657433770596981,1.0096604779625335e-05,-0.4691796802207663,0.16548242216523995,0.17591490864011539,-0.4691796802207663
0.5468020755797625,0.29402159340679646,0.841198100708425,0.8813126888126135,0.21368102356791496,7.03626869432588e-05,-0.46930040935939876,0.17540279191149444,0.23434217769813848,-0.46930040935939876
0.48223986197263,0.20691360905766487,0.9991845889016986,0.9052054258063436,0.14293659292161465,0.0001335764069377775,-0.4697004194775063,0.1904720057409233,0.2562839067468,-0.4697004194775063
0.42270090244710445,0.5202224589884281,0.6319489236921072,0.9371480103582144,0.14813577197492123,5.6346320662138395e-05,-0.47005305694065863,0.15880953948688023,0.17618580195108471,-0.47005305694065863
0.4969991100952029,0.28562622237950563,0.5254842741414905,0.9498871304094791,0.04279206693172455,9.726541334055532e-06,-0.47005984198314443,0.10763192072280155,0.15585744000396604,-0.47005984198314443
0.3971920656040311,0.376111694611609,0.5202492820098996,0.8991831345483661,0.07696786988526583,6.739035809914858e-06,-0.47021104888022025,0.14026888313321598,0.16833678946149994,-0.47021104888022025
0.45432757306843996,0.18450608756393194,0.7565066488459706,0.9816349716857076,0.10902377590537071,7.318450621840869e-05,-0.4704088628513746,0.1558294898425196,0.1811167013087862,-0.4704088628513746
0.544943037442863,0.15571518894284964,0.7439264552667737,0.941594697535038,0.12183983437716961,4.149170572396856e-05,-0.4704370804753243,0.17214642120806015,0.1902553546669101,-0.4704370804753243
0.47072611283510923,0.4389580599963665,0.8270802553743124,0.9669412160292268,0.06442601699382067,0.00010943471535579285,-0.47044307178978323,0.14346817049189747,0.1852925874033569,-0.47044307178978323
0.46399564761668444,0.459963477216661,0.6788818771019578,0.9470764650031924,0.05698588117957115,8.471186927807943e-05,-0.4704606577615863,0.12922850094246136,0.158359373845929,-0.4704606577615863
0.4950771974399686,0.33424144238233566,0.46645655669271946,0.7557616624981165,0.19457877054810524,1.3907314824837921e-06,-0.4705543873256373,0.12182340065959961,0.18954230740984374,-0.4705543873256373
0.614858346991241,0.2606463208794594,0.5810373928397894,0.86540462449193,0.12508149072527885,1.0464436518235188e-06,-0.4706802346906447,0.13921398922393502,0.15403680136373338,-0.4706802346906447
0.39515514858067036,0.3600205210968852,0.5787556581199169,0.7766611250117421,0.1061867605894804,1.3727478088706396e-05,-0.47094828123195065,0.16332898611631352,0.15560348638445282,-0.47094828123195065
0.4044902781024575,0.26856284961104393,0.9439926305785775,0.9068507142364979,0.1468650484457612,7.102668570093594e-05,-0.47104150750837964,0.18066347383485082,0.2352845012382095,-0.47104150750837964
0.44773909356445074,0.3945622695609927,0.9652050128206611,0.8303652368485928,0.18072554469108582,8.699599054642298e-05,-0.47118282871524747,0.1804977615701507,0.24803342643082832,-0.47118282871524747
0.5271430648863316,0.293016511015594,0.46872299909591675,0.852080556564033,0.04256743751466274,1.716324418913021e-06,-0.47119100523101065,0.11491678173477494,0.1470479644746442,-0.47119100523101065
0.5037156771868467,0.3999875597655773,0.6202759938314557,0.7231236146762967,0.1738626668229699,2.842446071980957e-06,-0.47141252440102316,0.14649756891898774,0.1875878809123753,-0.47141252440102316
0.3915045643225312,0.26481261383742094,0.6191413933411241,0.9892374714836478,0.11539517063647509,5.415642216288558e-05,-0.47160764236989194,0.1525415524798338,0.18951043510950533,-0.47160764236989194
0.535167507827282,0.3544228058308363,0.709098375402391,0.7198328319936991,0.15967608708888292,1.064199493680172e-05,-0.47166555867846716,0.14864247910030617,0.18242004108752372,-0.47166555867846716
0.509181609377265,0.5042253779247403,0.8506024358794093,0.9921780321747065,0.14678634889423847,0.00011045831751950469,-0.47174712504681937,0.17866662789307747,0.21674942633794408,-0.47174712504681937
0.5887246588245034,0.35520948376506567,0.794758066534996,0.8233182616531849,0.07146100327372551,2.639648985412676e-05,-0.4717887306863123,0.15715476832657616,0.15768079386176728,-0.4717887306863123
0.4485820746049285,0.4551877733319998,0.49071545992046595,0.7913353806361556,0.09783431235700846,8.080789050268673e-06,-0.47186043271742284,0.15238205254321988,0.14135888972522914,-0.47186043271742284
0.49995879270136356,0.2141394019126892,0.8314353292807937,0.8394065471366048,0.05695267394185066,3.8527269826694786e-05,-0.47186696199997685,0.16273800319524379,0.18475906790729654,-0.47186696199997685
0.45445088390260935,0.25829208083450794,0.8837028099223971,0.7860927609726787,0.08339365385472775,5.851989578864749e-05,-0.4721788878066772,0.17955310226020912,0.18937983976873224,-0.4721788878066772
0.5243698609992862,0.40192529931664467,0.9235884314402938,0.8936200868338346,0.20778246596455574,0.00012520870183096726,-0.4725372725243173,0.18300410562347846,0.25075890911413196,-0.4725372725243173
0.6006653541699052,0.3150886232033372,0.49849776178598404,0.813312484882772,0.10344584193080664,2.238612351568823e-06,-0.4726665496936772,0.12033029612912366,0.12895834054422767,-0.4726665496936772
0.5672414358705282,0.2992517165839672,0.7039999384433031,0.765085406601429,0.1786043606698513,8.758403201923307e-06,-0.47290882274651286,0.14329886739744876,0.18317895505695522,-0.47290882274651286
0.47583567164838314,0.17215804290026426,0.6026970949023962,0.7863707430660725,0.10205856058746576,7.031947250759502e-06,-0.4729811443389537,0.1445747148054171,0.15056790970446596,-0.4729811443389537
0.41391545347869396,0.23538251128047705,0.42370825447142124,0.8878551153466105,0.14741412084549665,9.218865600272648e-06,-0.4730089855801863,0.14739467026024353,0.17919777726540603,-0.4730089855801863
0.396799148991704,0.3105064211413264,0.6850386504083872,0.9513279739767313,0.21405405551195145,6.50826780902585e-05,-0.4733837472778675,0.17443213415108744,0.21408218049271915,-0.4733837472778675
0.4903441406786442,0.23755922075361013,0.7523005157709122,0.9362619696184993,0.23025735933333635,6.943835250932712e-05,-0.47359070054389596,0.1826704273264762,0.2328402666765969,-0.47359070054389596
0.5218794206157327,0.37064864858984947,0.41054278798401356,0.845727919600904,0.21933571621775627,7.88741300597331e-06,-0.47378195880035046,0.12470053170713116,0.20124900558046174,-0.47378195880035046
0.4899002015590668,0.3248020773753524,0.32411537878215313,0.9628990450873971,0.18333498388528824,2.2639384931833873e-05,-0.473991561643549,0.15574775398206514,0.1936635783676013,-0.473991561643549
0.510860781185329,0.3534800624474883,0.40471860207617283,0.8676810301840305,0.050866084173321724,1.7330408809841392e-06,-0.47405519064620644,0.11429307824817363,0.14456857738821957,-0.47405519064620644
0.5778886899352074,0.3351695938035846,0.6054766504094005,0.8116511711850762,0.20404653530567884,7.878571620469281e-06,-0.4742380887528617,0.13411908520561105,0.1907637082190173,-0.4742380887528617
0.4253099588677287,0.3115412099286914,0.5823666760697961,0.8210747120901942,0.2273836275562644,1.5497632398764585e-05,-0.47423958572786,0.15321786560243988,0.21815143428250086,-0.47423958572786
0.45670550409704447,0.31751211173832417,0.8488424541428685,0.9859024025499821,0.22159530222415924,0.00011854026349197738,-0.47428003409504405,0.18364798582706038,0.24607937307109998,-0.47428003409504405
0.4716073088347912,0.37271191738545895,0.9757418567314744,0.8835994526743889,0.2071254551410675,0.00011342358767398042,-0.4743971335652713,0.18258327203420774,0.2683913812743786,-0.4743971335652713
0.377377244643867,0.319745073094964,0.459524012170732,0.9394644387066364,0.15607760660350323,1.6977252927231375e-05,-0.47440288436400996,0.15636799347073788,0.20489685012403508,-0.47440288436400996
0.4487245613709092,0.1511158086359501,0.7043328229337931,0.8192421970888972,0.13573048915714025,2.8184216987226638e-05,-0.47451249234354065,0.1566564647903834,0.18557634235445872,-0.47451249234354065
0.527568276040256,0.2307926369830966,0.9344576997682452,0.9722029147669673,0.09517069160938263,0.00011628244889282506,-0.4745638285981103,0.19121839801565332,0.21730178745200854,-0.4745638285981103
0.41633204091340303,0.4825951475650072,0.7316881595179439,0.9796024961397052,0.1749830236658454,9.156422744594621e-05,-0.47475200328107675,0.16970028168826876,0.19384252296374882,-0.47475200328107675
0.41493315156549215,0.34302146453410387,0.41590289026498795,0.9014034923166037,0.20382285583764315,1.7196548738559328e-05,-0.4748025200871392,0.15728000535658368,0.20032932102646184,-0.4748025200871392
0.39745431300252676,0.3721441235393286,0.4352968707680702,0.8102569291368127,0.15113880578428507,6.627764648940748e-06,-0.47481848578433683,0.15160900501130112,0.17625811418575182,-0.47481848578433683
0.42507980205118656,0.1986695108935237,0.46369772125035524,0.8619114961475134,0.1444295234978199,1.0232546552932495e-05,-0.47482830371729823,0.14364828195226947,0.17302989499616897,-0.47482830371729823
0.4745671171694994,0.5406326362863183,0.7800590796396136,0.8907379200682044,0.1737405601888895,4.376870363276778e-05,-0.4751364013776497,0.17138427727039723,0.21068633556177088,-0.4751364013776497
0.5501499092206359,0.44304117374122143,0.473199849948287,0.9238387113437057,0.06896353326737881,2.2942904296079036e-05,-0.4751538652159208,0.12326126837571627,0.12903142769245718,-0.4751538652159208
0.49132788367569447,0.4980030432343483,0.5148667888715863,0.9161047302186489,0.21107633598148823,3.8119832180875166e-05,-0.4753161072903315,0.1632746580303466,0.19699850554625697,-0.4753161072903315
0.5431859437376261,0.2874574353918433,0.400986454449594,0.792036572471261,0.17235286813229322,2.1248136389523405e-07,-0.47540864400466826,0.11024953650587378,0.16441764518273366,-0.47540864400466826
0.5094369733706117,0.46152790635824203,0.7135747382417321,0.7583772921934724,0.08550433069467545,3.062122387692082e-05,-0.4754970079423238,0.16547311531151468,0.16197413366634525,-0.4754970079423238
0.4436996793374419,0.4428609423339367,0.6378444144502282,0.9563349187374115,0.23323521204292774,7.344765326698334e-05,-0.4760051715505165,0.1726670494211231,0.21676755178353882,-0.4760051715505165
0.4378912216052413,0.2499070493504405,0.6072838557884097,0.8659233693033457,0.23135927319526672,2.4790946796831316e-05,-0.4760501315120163,0.16440156450488386,0.21958305261522856,-0.4760501315120163
0.44003116246312857,0.17454527597874403,0.6250163139775395,0.9099788041785359,0.08925518952310085,3.118755875684308e-05,-0.47612028681670787,0.14015256704597676,0.15153189081493823,-0.47612028681670787
0.5875336192548275,0.28132233675569296,0.7294255141168833,0.7714446065947413,0.09611404128372669,1.1133916350896821e-05,-0.47615209008542364,0.14570677189237521,0.1485690184074963,-0.47615209008542364
0.446544885635376,0.284755390137434,0.42422278970479965,0.9158846298232675,0.06861208565533161,4.985217457703245e-06,-0.47623642584261733,0.12607039399729125,0.15099147307707714,-0.47623642584261733
0.5137925185263157,0.22358159627765417,0.766279405914247,0.7880034623667598,0.1967481393367052,3.4076380573116515e-05,-0.47625552014227773,0.16094134295071982,0.2173408413257709,-0.47625552014227773
0.4453381486237049,0.2041660062968731,0.7715113908052444,0.7734415419399738,0.15793711040169,3.051686337957615e-05,-0.4765380845892471,0.16908218561171057,0.1888600713170037,-0.4765380845892471
0.5603393586352468,0.2868253346532583,0.9855155674740672,0.815512141212821,0.11207210831344128,0.0001721471667215516,-0.4766191719009166,0.18680323013101624,0.2301063249020691,-0.4766191719009166
0.4455649107694626,0.5054819788783789,0.6369252456352115,0.8674590513110161,0.20250513777136803,3.577050183335254e-05,-0.4766233691837072,0.1655891210960535,0.1963043294434012,-0.4766233691837072
0.3813742222264409,0.3672458743676543,0.7469964623451233,0.9669733913615346,0.19207784160971642,7.945459397414671e-05,-0.47673647168620387,0.17200028762008318,0.2109189618154791,-0.47673647168620387
0.5164321903139353,0.32161422446370125,0.34680035803467035,0.8367471490055323,0.07569623831659555,1.2745391779548032e-06,-0.4773572867580682,0.12303188368652165,0.1426148759060001,-0.4773572867580682
0.4270660765469074,0.18094000034034252,0.5287393070757389,0.9334172233939171,0.12406662106513977,3.242426207860089e-05,-0.47770573977635644,0.1409234586239544,0.16973975508737943,-0.47770573977635644
0.43629311118274927,0.45735725574195385,0.6309076808393002,0.7701945882290602,0.1779491975903511,1.0951162061036336e-05,-0.4778495659169847,0.16415838625272489,0.18090942004222904,-0.4778495659169847
0.5803893255069852,0.49376403726637363,0.7498138584196568,0.8626022143289447,0.14220598340034485,4.345274474573706e-05,-0.4778816417881572,0.16637582868045878,0.17748067967434297,-0.4778816417881572
0.45197299402207136,0.3353122705593705,0.8430068092420697,0.9795817425474524,0.053124768659472466,0.00010075662049834564,-0.4779751910572631,0.14270637243197037,0.20069023463535382,-0.4779751910572631
0.4563049655407667,0.4941098168492317,0.9501344431191683,0.9135588901117444,0.11624800879508257,9.15368700561266e-05,-0.47817947315083564,0.17791076969136646,0.22538836227947795,-0.47817947315083564
0.5402540164068341,0.16735462006181479,0.7698714826256037,0.8646264644339681,0.0752682713791728,2.7962441623799573e-05,-0.478198783166662,0.16025572534032304,0.17518763452859828,-0.478198783166662
0.4810404786840081,0.28262006118893623,0.3391508786007762,0.7960912808775902,0.11488919425755739,1.1423759051968121e-06,-0.4784552787743468,0.130423039488553,0.15687786148294106,-0.4784552787743468
0.4463075269013643,0.4684100029990077,0.526753325946629,0.7623791946098208,0.1429088842123747,7.790693793303615e-06,-0.47853204562710966,0.15745229166078814,0.1640991775596037,-0.47853204562710966
0.47029799316078424,0.3027603607624769,0.5313237486407161,0.9591375878080726,0.24938238970935345,4.3697595062293594e-05,-0.4786346757512661,0.1723340254376541,0.22760757739704543,-0.4786346757512661
0.5264907507225871,0.39145869854837656,0.36547118332237005,0.8109601009637117,0.18599931430071592,1.0549879200981687e-06,-0.47888927557832717,0.12037049068769523,0.17780711333208843,-0.47888927557832717
0.39452727884054184,0.2344642709940672,0.8002756731584668,0.8475074674934149,0.1012354576960206,4.4454578423151e-05,-0.47903134831476857,0.17514183837238587,0.1779947407745775,-0.47903134831476857
0.42293478455394506,0.19413143955171108,0.554476604796946,0.8324208054691553,0.09923285525292158,1.899019561260515e-05,-0.4791930615319081,0.14867613160476745,0.14814637094742827,-0.4791930615319081
0.5818089796230197,0.34484251122921705,0.5736864041537046,0.7432674458250403,0.13273913692682981,5.487877861735693e-07,-0.47928250472394246,0.12862512698541587,0.14578672948343238,-0.47928250472394246
0.5572085594758391,0.1611779434606433,0.6435121838003397,0.808107134886086,0.11897843424230814,4.3883685434902865e-06,-0.47928826868297875,0.14460948283156427,0.17351850064310717,-0.47928826868297875
0.5157468793913722,0.18469835445284843,0.732039918191731,0.8462337991222739,0.05341060645878315,1.585733291388946e-05,-0.47942094620854364,0.14907581937984035,0.16827085102734238,-0.47942094620854364
0.3988557728007436,0.40335951559245586,0.9141618134453893,0.9498468190431595,0.17050656769424677,9.552753215752967e-05,-0.4794497724474807,0.17470396853494838,0.2306444310841236,-0.4794497724474807
0.5227147871628404,0.3101799199357629,0.8889388255774975,0.7755086161196232,0.0602082209661603,0.0001062425896730757,-0.47951481218608627,0.17645641399061604,0.19527286861219792,-0.47951481218608627
0.3751940783113241,0.32306340243667364,0.5581906167790294,0.9736176207661629,0.1031907731667161,3.720579806827711e-05,-0.4795657998721503,0.15092301287105545,0.1976621139171752,-0.4795657998721503
0.49310131557285786,0.41385351307690144,0.4001450715586543,0.8812564872205257,0.22395031061023474,1.3037820310711159e-05,-0.47973441196936834,0.14646817050403801,0.20472375491799352,-0.47973441196936834
0.5575725538656116,0.26718624494969845,0.5280307196080685,0.9865888385102153,0.0655048368498683,1.6039327447029608e-05,-0.47995745598377354,0.14348449724862264,0.14479367631184517,-0.47995745598377354
0.4219655776396394,0.4457869464531541,0.8072914369404316,0.8132712887600064,0.08441824838519096,4.789189005424831e-05,-0.47998305760863763,0.1781856897955745,0.16821639632644828,-0.47998305760863763
0.5221401080489159,0.14062494412064552,0.54187454842031,0.8362784031778574,0.15202187653630972,2.6612894210961106e-06,-0.48000104708239766,0.13519264886740726,0.19591608455591208,-0.48000104708239766
0.42495994828641415,0.374887777492404,0.3325933991000056,0.9329713955521584,0.16517492942512035,9.427783779718336e-06,-0.4800309163893672,0.15538916630621238,0.19669291124978605,-0.4800309163893672
0.5608914410695434,0.45586200430989265,0.6560956742614508,0.823335200548172,0.19960778672248125,1.8713894915891055e-05,-0.48008139196120714,0.15688839527437914,0.19143489399028507,-0.48008139196120714
0.4442975837737322,0.3804756784811616,0.3885637102648616,0.7820525718852878,0.1710278270766139,8.648758689043916e-07,-0.4800900870132914,0.14461805020019594,0.17415672890841896,-0.4800900870132914
0.5425329515710473,0.5493723573163152,0.5973799740895629,0.9377570953220129,0.144989512860775,5.462600803230166e-05,-0.4802031918650336,0.16446669238638478,0.18268185107241489,-0.4802031918650336
0.4997010361403227,0.5154215339571238,0.696605633944273,0.8083925703540444,0.08272565249353647,4.046619507929912e-05,-0.48027037709646037,0.16366814579774974,0.1693546218253178,-0.48027037709646037
0.5550762480124831,0.22689643036574125,0.6241886131465435,0.9832974914461374,0.20151424314826727,8.411399948923495e-05,-0.48055639504741576,0.18893815406414205,0.19410626081097257,-0.48055639504741576
0.4444571929052472,0.5305427396669984,0.5258333524689078,0.9137095240876079,0.17565159499645233,3.47279148731721e-05,-0.4809681543930003,0.16504791644163375,0.18148074537114836,-0.4809681543930003
0.4288727631792426,0.4964010799303651,0.7101609809324145,0.9859464913606644,0.10120022390037775,0.00011367234887325374,-0.48118084443471504,0.15438267698156188,0.17011876773924126,-0.48118084443471504
0.41838564444333315,0.2077316166833043,0.5134408259764314,0.8270301977172494,0.17292397934943438,1.0345097581793618e-05,-0.4812273995496129,0.1569837017057128,0.17767556331330575,-0.4812273995496129
0.34813716635107994,0.30591436196118593,0.6201959876343608,0.9268546001985669,0.13793745078146458,3.333420576942928e-05,-0.48123839082687303,0.16751963607920153,0.21090035039915905,-0.48123839082687303
0.4441627375781536,0.20041583012789488,0.6666303798556328,0.824611141346395,0.06440604198724031,1.7138067605162815e-05,-0.48146924314783357,0.1499536669735012,0.1488013665147821,-0.48146924314783357
0.39947280939668417,0.2882649414241314,0.5422093104571104,0.7673825630918145,0.1637706495821476,1.083952310242417e-05,-0.48149870698935454,0.1594343703675988,0.17296247218365216,-0.48149870698935454
0.4631478702649474,0.3565826462581754,0.8008353356271982,0.7701661679893732,0.05023469869047403,3.585184161791071e-05,-0.48153740878230894,0.17375805878847564,0.175983047018964,-0.48153740878230894
0.5197534747421741,0.3654220188036561,0.5717713888734579,0.8173543838784099,0.02234488260000944,4.073245115947893e-06,-0.48168977003458957,0.12857944659519402,0.17639704323267216,-0.48168977003458957
0.5407255422323942,0.4092849791049957,0.8006553826853633,0.9788171220570803,0.22090813890099525,0.0001303497613537524,-0.4817269034578184,0.1910743347327114,0.2265390320589869,-0.4817269034578184
0.4287605443969369,0.17670519184321165,0.48482874035835266,0.903500709682703,0.13422887679189444,2.159029497179492e-05,-0.4821581108295374,0.14281905468249834,0.17398356290646375,-0.4821581108295374
0.4320583464577794,0.27246591076254845,0.5053070690482855,0.9198679002001882,0.05596197210252285,9.378546805303804e-06,-0.48221108765802306,0.12421058810761354,0.15979434208678106,-0.48221108765802306
0.4857387747615576,0.5194225879386067,0.8651916719973087,0.8590567205101252,0.17675740737468004,5.7691527602054656e-05,-0.4823180995181632,0.17947679684587992,0.22866771264229724,-0.4823180995181632
0.47525062318891287,0.2521133553236723,0.9507360272109509,0.8510510418564081,0.20171612780541182,0.00010423578927836647,-0.48235264006302414,0.18894847298632036,0.2607524493873419,-0.48235264006302414
0.5003939652815461,0.17992217559367418,0.4187357099726796,0.8760629771277308,0.1023155665025115,6.746114402232665e-06,-0.4824577092669682,0.1326112342792487,0.1520375109084041,-0.4824577092669682
0.4468363905325532,0.2108241207897663,0.5594598166644573,0.8940526731312275,0.05999819282442331,1.123063969736029e-05,-0.4825235786910551,0.13062231742287417,0.14488735446072995,-0.4825235786910551
0.43559504859149456,0.5084079531952739,0.8083331119269133,0.9802414448931813,0.1171609628945589,0.00010737479647508262,-0.48256657311852336,0.16215346434110034,0.1920417111036615,-0.48256657311852336
0.47810874693095684,0.16834677383303642,0.9585547428578138,0.8606931706890464,0.13359031546860933,0.00012159400909713091,-0.48259642932768954,0.18844204461918154,0.24513752715498507,-0.48259642932768954
0.4275947054848075,0.4229004019871354,0.5575405331328511,0.7861254727467895,0.2032997077330947,9.122431990838228e-06,-0.48287555619863326,0.1578634479661989,0.19443902898831,-0.48287555619863326
0.38102032989263535,0.3055780101567507,0.4962466824799776,0.7946369703859091,0.1301453234627843,1.780908688734396e-05,-0.4829703119228234,0.15745676823858207,0.17479588120884726,-0.4829703119228234
0.44315719325095415,0.2988496106117964,0.9725127704441547,0.9641286339610815,0.0785667011514306,0.00011853532255044671,-0.48301348939319483,0.1755267293346909,0.2272487911392869,-0.48301348939319483
0.44904596731066704,0.21322688553482294,0.4550482705235481,0.9272326305508614,0.19827347807586193,3.045662472086103e-05,-0.4830194853268553,0.16401173911748365,0.19041962913605343,-0.4830194853268553
0.5040372777730227,0.19506724644452333,0.38127297908067703,0.8580360421910882,0.11164652183651924,2.9613177294236734e-06,-0.483106270850596,0.13147499154065773,0.15868698326862551,-0.483106270850596
0.5067910365760326,0.4397022193297744,0.575139899738133,0.9603895116597414,0.04204535856842995,6.793838434010705e-05,-0.4831528417861603,0.10673814445301963,0.15897089648784754,-0.4831528417861603
0.4408074216917157,0.404946512542665,0.6826164433732629,0.719008139334619,0.11701119598001242,1.8336202008804096e-05,-0.4832298598594058,0.17371621252859165,0.15704879463330182,-0.4832298598594058
0.5665967473760247,0.38937764428555965,0.6183000179007649,0.8374979728832841,0.03419627342373133,7.671257338348098e-06,-0.48323336824215196,0.13325067029658122,0.15781702775958037,-0.48323336824215196
0.4565988192334771,0.5363712506368756,0.6106226146221161,0.8360078539699316,0.17850083764642477,2.3012476364380273e-05,-0.48331793513648863,0.164019788007572,0.19175604292780102,-0.48331793513648863
0.3926681810989976,0.314908335916698,0.6483140727505088,0.7828342393040657,0.18911318015307188,1.5183208009780047e-05,-0.4836205348503815,0.16789394004874147,0.18813214857991228,-0.4836205348503815
0.4050459759309888,0.2984835421666503,0.735594354569912,0.7418347457423806,0.13401514943689108,2.2934015913595756e-05,-0.4839695282055527,0.17606983221255157,0.1653373753511463,-0.4839695282055527
0.5140197575092316,0.5473610060289502,0.6353558413684368,0.8190164854750037,0.16369482781738043,2.181421082723115e-05,-0.4840069486403781,0.15863805793093566,0.2012534150467194,-0.4840069486403781
0.506545988842845,0.3109797462821007,0.47456058114767075,0.8613312467932701,0.24912064522504807,1.0114589682288374e-05,-0.48404254494992555,0.138452601177542,0.22978039551823687,-0.48404254494992555
0.47723511420190334,0.22897158656269312,0.4996946007013321,0.7590374536812305,0.0839436911046505,3.319747154099588e-06,-0.48406479197678093,0.14355536235173172,0.12762878786822843,-0.48406479197678093
0.557325535453856,0.4820916736498475,0.4274534145370126,0.835162409581244,0.14748848881572485,6.109015742646032e-06,-0.48427934173839177,0.13398905428159125,0.16296241872991904,-0.48427934173839177
0.5121041079983115,0.4081205055117607,0.963814415037632,0.856079782359302,0.20490268152207136,0.0001564880257443987,-0.4843052132832937,0.18691976817261438,0.2615049119528881,-0.4843052132832937
0.5389880063012242,0.1791616678237915,0.6650352794677019,0.7822549398988485,0.16929168161004782,8.922674385122297e-06,-0.4843183213564087,0.14986811292839403,0.19342965799100978,-0.4843183213564087
0.483064703643322,0.14874207600951195,0.5547550329938531,0.9375316146761179,0.18076828867197037,4.3930966854991645e-05,-0.4845076406548816,0.16540597842949534,0.19641935484428913,-0.4845076406548816
0.3853907333686948,0.2905053198337555,0.9195137303322554,0.8429429540410638,0.14400157146155834,5.371678860723836e-05,-0.4846220362511211,0.1870726696171369,0.22165936769116504,-0.4846220362511211
0.5580961611121893,0.2728725504130125,0.8030396699905396,0.8689264683052897,0.21860453020781279,5.518764108500951e-05,-0.48481793619894575,0.17554411190314367,0.22799065949110092,-0.48481793619894575
0.43902540765702724,0.32571244798600674,0.9467735597863793,0.8017089106142521,0.07314235158264637,8.311614306047449e-05,-0.4850870565286026,0.19204702258318243,0.20823543209271897,-0.4850870565286026
0.40084714628756046,0.3559573031961918,0.9804816283285618,0.8273119684308767,0.13765651918947697,7.633149050218886e-05,-0.4852018878918885,0.19132269381068054,0.23464844979102567,-0.4852018878918885
0.5201054522767663,0.3035547249019146,0.32200150564312935,0.9290908798575401,0.08504221774637699,6.406618009548985e-06,-0.4853092003946273,0.13583634525077826,0.15247590200729705,-0.4853092003946273
0.38918465562164783,0.22110978234559298,0.7592189135029912,0.8685298087075353,0.17494945880025625,4.286496758056641e-05,-0.4853656580562907,0.1807714115351157,0.1948175064909948,-0.4853656580562907
0.49436162039637566,0.1584160029888153,0.5811870824545622,0.8122301241382957,0.18364617135375738,5.204679925555482e-06,-0.4854003116351201,0.15005243366302665,0.20210736031362936,-0.4854003116351201
0.5763373905792832,0.2239627968519926,0.9459486240521073,0.8724625101312995,0.11620028410106897,0.00011425351256353035,-0.48551445912916763,0.1905093662745098,0.22269981670194092,-0.48551445912916763
0.530525466427207,0.16403998713940382,0.6209485540166497,0.9349948652088642,0.07245933823287487,1.714010433092611e-05,-0.4856531293887455,0.14936319796494366,0.1487271765141619,-0.4856531293887455
0.5198780968785286,0.19007732346653938,0.6945752799510956,0.8879269929602742,0.04311888013035059,1.2808601302552751e-05,-0.4860598853889843,0.14491161710733907,0.1650160888832083,-0.4860598853889843
0.3989511374384165,0.2830669768154621,0.7518194783478975,0.9006928214803338,0.05807901546359062,2.9977526408112536e-05,-0.48611940554745603,0.15886307119766266,0.18056590506837292,-0.48611940554745603
0.5515995239838958,0.2959896270185709,0.6479931445792317,0.7354639442637563,0.18360450211912394,4.268649685420564e-06,-0.4862954958936618,0.14086173979980365,0.1860417955199633,-0.4862954958936618
0.4117578165605664,0.42584552615880966,0.37082370091229677,0.9447161061689258,0.1390147227793932,1.8339535413128145e-05,-0.4863235738872715,0.15599874342767264,0.18823705983002434,-0.4863235738872715
0.4491800982505083,0.3935337392613292,0.7409465042874217,0.9626799784600735,0.03696609288454056,9.304090422759376e-05,-0.4864545115819275,0.12492054823745655,0.1887330391334139,-0.4864545115819275
0.3941587246954441,0.31691728811711073,0.9347981391474605,0.9161254242062569,0.09123438876122236,8.787983678798536e-05,-0.4866408568415195,0.18184046886865926,0.21761510049787622,-0.4866408568415195
0.5515572614967823,0.42324219178408384,0.7596010072156787,0.9851382756605744,0.05344405211508274,0.00011387236883044632,-0.48678946801675965,0.15124557641611427,0.1729442624023217,-0.48678946801675965
0.4513893462717533,0.4800188569352031,0.9911950025707483,0.9355350267142057,0.15969085972756147,0.00010756942366866283,-0.48680479580916436,0.18643491474516238,0.24933605451164786,-0.48680479580916436
0.514991894364357,0.27192921843379736,0.42655916418880224,0.8976699020713568,0.04541067872196436,3.0363120950817823e-06,-0.4870098710759007,0.119455969600511,0.14416149963887445,-0.4870098710759007
0.4968620864674449,0.5667890179902315,0.764074182137847,0.848804971203208,0.12494138535112143,4.0301542464076045e-05,-0.4872340022856169,0.1708966147391912,0.2083891222567221,-0.4872340022856169
0.5459285126999021,0.3923567309975624,0.988914355635643,0.9537249868735671,0.07732921931892633,0.00017621563486690286,-0.4872853342108991,0.19038018035203827,0.22295991268137838,-0.4872853342108991
0.3799638217315078,0.3901051627472043,0.892646093852818,0.9591206712648273,0.11922815348953009,0.00011127841715112216,-0.48734929428782764,0.17144519855012774,0.21733883955961383,-0.48734929428782764
0.5259353667497635,0.21732537727802992,0.8706991150975227,0.9622627552598715,0.1996410982683301,0.00012454403153415198,-0.48738585633689135,0.20316108620362844,0.23699928428810813,-0.48738585633689135
0.45084680430591106,0.2782703498378396,0.6484628906473517,0.9276775643229485,0.02844613790512085,2.0152714875983113e-05,-0.4874997364113988,0.1257507386431341,0.18309835085083695,-0.4874997364113988
0.38450517132878304,0.2092526750639081,0.7235651779919863,0.9453664645552635,0.12788879312574863,6.683083487361381e-05,-0.4876443186100067,0.16856407631420914,0.18926423168687162,-0.4876443186100067
0.4621415976434946,0.28763960022479296,0.7375093549489975,0.822510045953095,0.023643783293664455,1.3221554031805408e-05,-0.48803666433815507,0.15758311922891508,0.19076837289524304,-0.48803666433815507
0.5588392317295074,0.28445115499198437,0.7146564116701484,0.945885082706809,0.23245777748525143,7.054395079071025e-05,-0.48814159730080253,0.18642275096729144,0.2195412338023343,-0.48814159730080253
0.405363910831511,0.33309453818947077,0.4809825411066413,0.9614483257755637,0.07359875738620758,1.5751037650237348e-05,-0.4883648354436784,0.13231676916373467,0.1790501974706396,-0.4883648354436784
0.5891852490603924,0.3567454135045409,0.507023137062788,0.9380510635674,0.2088908590376377,3.1125065789042214e-05,-0.4884110664602914,0.15919625273366778,0.18447036057529062,-0.4884110664602914
0.5398605950176716,0.27465510554611683,0.6728435009717941,0.8038599519059062,0.22961244080215693,1.626379703147724e-05,-0.48845208064267714,0.149076357238272,0.22673854563868492,-0.48845208064267714
0.4306970564648509,0.4403007375076413,0.5898891482502222,0.7370714079588652,0.14911047648638487,1.1319608584283201e-05,-0.48845771083299433,0.16808632331241874,0.16579232370048924,-0.48845771083299433
0.5436404859647155,0.5064788730815053,0.8888300731778145,0.86042261403054,0.16177590657025576,0.00010788013999334739,-0.48846054189331944,0.1855570967494078,0.2242846930928127,-0.48846054189331944
0.4970864597707987,0.14658738672733307,0.9362654546275735,0.8895588759332895,0.13853849656879902,0.00012170832224070964,-0.48847798992170416,0.1900209147412811,0.24701638459132844,-0.48847798992170416
0.38438730873167515,0.40517022367566824,0.44108878914266825,0.910868089646101,0.10561759397387505,1.679887868066441e-05,-0.48847979387233326,0.1564238546071759,0.17948129570222177,-0.48847979387233326
0.403372747823596,0.4107548100873828,0.4146720077842474,0.8389113480225205,0.1027294946834445,9.698039674942044e-06,-0.4886210700219565,0.15965300832510088,0.16090360464359746,-0.4886210700219565
0.374365309253335,0.41133124753832817,0.5465220278128982,0.9410690758377314,0.09500984475016594,3.037555763916552e-05,-0.4887886910730419,0.1557391124314695,0.1818129707938513,-0.4887886910730419
0.40699691139161587,0.3882082672789693,0.870349807664752,0.8289055544883013,0.07220955938100815,5.502093052306219e-05,-0.4891001364906887,0.1848472426127458,0.18609705084212066,-0.4891001364906887
0.5334474062547088,0.3697058530524373,0.7880809428170323,0.8876624796539545,0.017335718497633934,5.7006517778402696e-05,-0.48914214839394055,0.1476839357337532,0.20264702053181105,-0.48914214839394055
0.488248597830534,0.4400045769289136,0.2864720690995455,0.9279629187658429,0.12819918990135193,1.702127478675315e-05,-0.48934228251212786,0.1487176473756345,0.18703926832158857,-0.48934228251212786
0.471470732241869,0.5290196696296334,0.7376447506248951,0.7825178597122431,0.12522029038518667,3.681225472042257e-05,-0.489342302880082,0.17507302150097648,0.1901031040482679,-0.489342302880082
0.5140490783378482,0.45123866479843855,0.5006870245561004,0.7333801621571183,0.11818803381174803,3.8116599468199123e-06,-0.48942279052674303,0.14807509379770967,0.15499294204667413,-0.48942279052674303
0.4577157711610198,0.5166713939979672,0.9031749656423926,0.9777973322197795,0.1319288108497858,0.00010517962173013252,-0.48954323055414095,0.17571712814594645,0.22214432438233245,-0.48954323055414095
0.4685381082817912,0.4769464675337076,0.4036144893616438,0.9588731992989779,0.09494118206202984,5.348300563839619e-05,-0.4895555065647049,0.14409641904310141,0.15367431724354674,-0.4895555065647049
0.49482064601033926,0.41645560320466757,0.6139088487252593,0.9068256914615631,0.018719248473644257,4.489499029375846e-05,-0.4896111328365763,0.11498658176677085,0.18445964149424607,-0.4896111328365763
0.4927233085036278,0.5584960971027613,0.7859347937628627,0.8853550888597965,0.09902471676468849,5.736504965812868e-05,-0.4898586379298921,0.17323089005965805,0.19428655069555847,-0.4898586379298921
0.40936534106731415,0.20158411748707294,0.6518602641299367,0.8916219267994165,0.20075024757534266,4.983838145323989e-05,-0.4898591959372899,0.1784943094414371,0.19720391571326096,-0.4898591959372899
0.617376422509551,0.3411904936656356,0.5404312498867512,0.8717539384961128,0.07334176264703274,1.335596367739827e-06,-0.48987730996528184,0.13258333035486294,0.12874286263349433,-0.48987730996528184
0.5006529688835144,0.32449783850461245,0.53349853400141,0.9328976478427649,0.019498776644468307,1.4830616256466395e-05,-0.4899571821809881,0.10032238873496516,0.18208512852876385,-0.4899571821809881
0.5320498598739505,0.12827645242214203,0.8177563222125173,0.8909557638689876,0.15287197567522526,6.596782750256503e-05,-0.4900407210178445,0.18168640422715843,0.22982606581255483,-0.4900407210178445
0.5976449465379119,0.3728126622736454,0.7071223398670554,0.8407909628003836,0.04937541205435991,1.3172019104699053e-05,-0.4900770990829125,0.1474389999733675,0.14767651536160956,-0.4900770990829125
0.4825560776516795,0.3906681491062045,0.5308514460921288,0.8429255979135633,0.02172012533992529,6.694051505795256e-06,-0.4902137605430001,0.12528570268420525,0.1779078745898714,-0.4902137605430001
0.49066502321511507,0.3006418654695153,0.6127792131155729,0.9712665276601911,0.2616331623867154,6.0705099522340526e-05,-0.49041990826756027,0.1848350063345597,0.23772669402554217,-0.49041990826756027
0.3722046921029687,0.21892073284834623,0.7245898023247719,0.8846962470561266,0.11901892442256212,5.64359539696313e-05,-0.49057175154332,0.1747625597984242,0.18386586925656073,-0.49057175154332
0.5061988467350602,0.37759185023605824,0.3244239455088973,0.7860538447275758,0.10446615982800722,2.2232489789694167e-06,-0.4906067212724034,0.13304872276567373,0.15424496395254048,-0.4906067212724034
0.48364993277937174,0.29119833651930094,0.9030357552692294,0.8772582150995731,0.03036482073366642,6.171907600853674e-05,-0.4907246295520629,0.1718145159522542,0.21722418182464562,-0.4907246295520629
0.36818898282945156,0.29222252778708935,0.5635965121909976,0.9215021263808012,0.08758852258324623,3.3062335679552815e-05,-0.4908412256752902,0.15877229958472616,0.18941197564909976,-0.4908412256752902
0.594172534532845,0.3854767885059118,0.9325354937463999,0.8329684883356094,0.13687723688781261,9.501389895275904e-05,-0.4909816477083193,0.18130833002399577,0.21135141482409392,-0.4909816477083193
0.6174971405416727,0.22846835292875767,0.6632309127599001,0.9271589424461126,0.1111939363181591,1.6531184102524625e-05,-0.49099067639400945,0.16844964453102904,0.157746698504188,-0.49099067639400945
0.4922048645094037,0.276486374437809,0.29733799025416374,0.9536267044022679,0.11005944199860096,1.77337614668569e-05,-0.4914050121638563,0.1470545696864918,0.1766185784224269,-0.4914050121638563
0.458488954231143,0.1908458536490798,0.7930175736546516,0.7524645468220115,0.11446362640708685,4.806330822160082e-05,-0.49142626353019314,0.1730608317438094,0.17574331104584834,-0.49142626353019314
0.5886003794148564,0.21795119531452656,0.909750958904624,0.8777762446552515,0.11320439539849758,7.784609930477962e-05,-0.4915729691280113,0.18765625840996214,0.20965480387025504,-0.4915729691280113
0.4983963305130601,0.39559691585600376,0.342549666762352,0.9343046033754945,0.07059432007372379,1.1651750648538547e-05,-0.491849169889286,0.12934377891741985,0.15098381854669135,-0.491849169889286
0.5700782453641295,0.20051344577223063,0.9000171553343534,0.8987459102645516,0.16346903890371323,9.854025302593448e-05,-0.49192840331915483,0.1948621529120895,0.22819847438974492,-0.49192840331915483
0.5810444802045822,0.43113511707633734,0.4990674164146185,0.8758198469877243,0.20353196654468775,1.2581787833770051e-05,-0.4920815284760194,0.14897000592981108,0.1756271227741398,-0.4920815284760194
0.43570183776319027,0.3520640768110752,0.5466702906414866,0.8147220453247428,0.035003756172955036,7.278316866368386e-06,-0.49217484458497557,0.14675858342768303,0.17023630413720806,-0.49217484458497557
0.5310430051758885,0.42162515595555305,0.5902090296149254,0.7834506286308169,0.22371044103056192,9.520841572569184e-06,-0.4921768385459648,0.1434115966589631,0.21713465895358705,-0.4921768385459648
0.5824515717104077,0.19045906234532595,0.530471621081233,0.9596560755744576,0.14417347498238087,1.866172734319237e-05,-0.492295740278592,0.17018990753698038,0.16880603993778961,-0.492295740278592
0.48918842151761055,0.18566471990197897,0.9839039798825979,0.8553412444889545,0.09010436665266752,0.00015413375053812374,-0.4926583621535596,0.19587404131298083,0.2307888878178209,-0.4926583621535596
0.5782897602766752,0.1841030539944768,0.5523322029039264,0.8056934205815196,0.13398802373558283,7.860284576755846e-07,-0.4928889124292381,0.1376090902836116,0.16392567392819724,-0.4928889124292381
0.4700685515999794,0.1898894663900137,0.42049849685281515,0.9809228722006083,0.1293184356763959,3.5025520595430863e-05,-0.4930237876195619,0.15021176075462805,0.17294218267077419,-0.4930237876195619
0.46803226321935654,0.21887302119284868,0.4324156707152724,0.8230493338778615,0.20128960255533457,5.470195014030814e-06,-0.4930461750502243,0.14751171535461977,0.19358564141842366,-0.4930461750502243
0.5616328613832593,0.50875358376652,0.5083182379603386,0.8124482063576579,0.1420242628082633,1.0487496814493207e-05,-0.4931471676606496,0.1430243421037984,0.16918788464229692,-0.4931471676606496
0.5482449065893888,0.12159880064427853,0.632650051265955,0.8410339700058103,0.13489034306257963,5.575481851262669e-06,-0.49326840660760757,0.15164041436333553,0.201446647048663,-0.49326840660760757
0.47080961614847183,0.3428334267809987,0.7038020342588425,0.7186916740611196,0.19848723523318768,1.164367307129941e-05,-0.4933810368723998,0.16196402149475472,0.2089814944536132,-0.4933810368723998
0.4575054422020912,0.45103126019239426,0.5326495291665196,0.7716455161571503,0.0691872090101242,1.2053350273021108e-05,-0.4934931983616121,0.15941301200077906,0.14133360931642014,-0.4934931983616121
0.5186556586995721,0.4652576223015785,0.5573721071705222,0.7387549001723528,0.16947173047810793,4.106144607137403e-06,-0.4934952818989094,0.15094961731772968,0.1848119957993746,-0.4934952818989094
0.5895705325528979,0.4546838225796819,0.67086763959378,0.8969570444896817,0.06252733711153269,5.215010265639352e-05,-0.49366536514567116,0.15052824021896996,0.135417626789745,-0.49366536514567116
0.5280207097530365,0.4727191887795925,0.9017497766762972,0.871728952974081,0.20148830767720938,0.00012007049194140465,-0.49379745692802196,0.1897456973396696,0.2398317637890061,-0.49379745692802196
0.45901075284928083,0.13355980720371008,0.7297030407935381,0.8402116671204567,0.0922368923202157,4.6436376819726776e-05,-0.49387986830697356,0.15933107857129905,0.1762512178090897,-0.49387986830697356
0.3439752822741866,0.3191058160737157,0.579779764637351,0.8385580843314528,0.14810716453939676,3.244744265170179e-05,-0.4941494610562402,0.1680045400407606,0.20451042493600236,-0.4941494610562402
0.400478383526206,0.21100812498480082,0.8459613043814898,0.8817707523703575,0.1779293417930603,6.658151791994184e-05,-0.49443053586760644,0.19002635866176815,0.21318208415401377,-0.49443053586760644
0.4528227085247636,0.481905753724277,0.714965095743537,0.803220285102725,0.061815003864467144,4.534007970826426e-05,-0.4944560129344615,0.17129743461033783,0.16077420914525983,-0.4944560129344615
0.3901520110666752,0.48131039179861546,0.503976859152317,0.857375355437398,0.1257668063044548,2.204566080191847e-05,-0.4946860016589053,0.16688861094502133,0.16788680565610037,-0.4946860016589053
0.42912931460887194,0.25036867521703243,0.37325376830995083,0.8329295758157969,0.175497111864388,3.8132923503997974e-06,-0.49483619817837393,0.1548505719503564,0.18174232932896767,-0.49483619817837393
0.6062022279947996,0.20658687315881252,0.6992988856509328,0.8230902878567576,0.1140527380630374,9.413517361400172e-06,-0.49523031202392226,0.15118180602610842,0.16136984034888485,-0.49523031202392226
0.5773050477728248,0.4803494671359658,0.6931340359151363,0.8533129841089249,0.06745061092078686,4.7440890526678915e-05,-0.4952517871845316,0.1570146810330015,0.14514394521669655,-0.4952517871845316
0.6259991880506277,0.3091289158910513,0.581969927996397,0.8045018445700407,0.1201172424480319,6.010676467809867e-07,-0.4953072921040922,0.12944717378903084,0.14795377863850925,-0.4953072921040922
0.4401280516758561,0.49423734936863184,0.4133558925241232,0.9525366509333253,0.17745955288410187,4.333857247778784e-05,-0.4954144318415803,0.1718374109024854,0.1838345172136337,-0.4954144318415803
0.35503847524523735,0.3471533199772239,0.4820030378177762,0.8998035984113812,0.1721502309665084,2.4281779616807062e-05,-0.49544868518982654,0.16895672781191454,0.21040174532370892,-0.49544868518982654
0.42647240310907364,0.3741578012704849,0.569025969132781,0.8559378664940596,0.25378502905368805,1.7436694585144643e-05,-0.495496138424007,0.16302051855314012,0.23529778696724182,-0.495496138424007
0.46815758012235165,0.4145607342943549,0.6538455300033092,0.7875740313902497,0.03203058149665594,2.0150358820440976e-05,-0.4956521580326737,0.1608649553020944,0.17148940024082565,-0.4956521580326737
0.48501898255199194,0.1890748431906104,0.9425121424719691,0.8793075736612082,0.06916164606809616,0.0001004259133083471,-0.4959536158354814,0.1877054336113832,0.21343380351406205,-0.4959536158354814
0.5189484637230635,0.240781519562006,0.7916272571310401,0.8090114369988441,0.0292661152780056,3.5576633568536725e-05,-0.4961123981267735,0.1631453599689454,0.1916982669970634,-0.4961123981267735
0.413166425190866,0.25535847898572683,0.5619084667414427,0.9291640277951956,0.23218416422605515,4.99304133197465e-05,-0.4962258690552144,0.18028043282603895,0.21650496522995313,-0.4962258690552144
0.5455676820129156,0.218345420435071,0.49317706283181906,0.8043611524626613,0.059781222604215145,4.6199711582290373e-07,-0.4962271332318516,0.13366693121900405,0.13302880443510176,-0.4962271332318516
0.40989313554018736,0.44351400900632143,0.6836221255362034,0.76383585203439,0.0964046623557806,3.470895010024869e-05,-0.4963914377324831,0.18186847454274346,0.14890166073639824,-0.4963914377324831
0.4142163824290037,0.16719688940793276,0.5384752713143826,0.9075571028515697,0.16749915294349194,4.1253388873213544e-05,-0.4967325909082428,0.16417473566123633,0.1866108287651812,-0.4967325909082428
0.4185834489762783,0.281994660384953,0.37820082623511553,0.8640065677464008,0.19739124737679958,1.089688424659762e-05,-0.49675027565897656,0.16165106264416726,0.1942549856738335,-0.49675027565897656
0.5315933227539062,0.3858585273846984,0.8465875424444675,0.7651104889810085,0.050464254803955555,9.157410560178405e-05,-0.4970159661548527,0.17802891046726402,0.18610827823165765,-0.4970159661548527
0.5775710763409734,0.27325652353465557,0.35622646007686853,0.9499298576265574,0.1416218001395464,7.728739291202435e-06,-0.49704402229101174,0.15649000772482985,0.1630579056969913,-0.49704402229101174
0.558191523887217,0.41771673038601875,0.9058493366464972,0.7960672546178102,0.07248513959348202,0.00012963772625682393,-0.4972548457119575,0.18515819051512084,0.1918083212584454,-0.4972548457119575
0.5535331396386027,0.31340101454406977,0.8259799499064684,0.8625733545050025,0.02034990582615137,4.997631208055767e-05,-0.4975807213506328,0.16291548551551746,0.2039161320160072,-0.4975807213506328
0.46682144328951836,0.2682121070101857,0.7799503346905112,0.9951852485537529,0.04091894067823887,7.495812795677716e-05,-0.4975986337618362,0.14592995636863185,0.19217750766784597,-0.4975986337618362
0.3620098056271672,0.26417502388358116,0.49730128794908524,0.8557992838323116,0.12335800565779209,3.619750097116587e-05,-0.49772140515575863,0.16611668730852636,0.19121780062735044,-0.49772140515575863
0.44794896245002747,0.5710498746484518,0.5956181110814214,0.9190780213102698,0.11798580922186375,5.982176877076413e-05,-0.49780079024199897,0.1649071436720012,0.17501414472732577,-0.49780079024199897
0.38127885200083256,0.4422350646927953,0.5831693997606635,0.8835672251880169,0.07940809521824121,2.964459356643774e-05,-0.4978462431970143,0.16572425614401237,0.16221867841055343,-0.4978462431970143
0.4167249519377947,0.33103712648153305,0.5673574022948742,0.9355143252760172,0.037898676469922066,1.8856209067611473e-05,-0.49785973205049927,0.12473605213109136,0.18652679023791047,-0.49785973205049927
0.5084675392135978,0.20915601309388876,0.9607600308954716,0.7775578554719687,0.09803203400224447,0.00017873477489342064,-0.4979102614344943,0.19318369844426525,0.22218167297298602,-0.4979102614344943
0.44362201169133186,0.33891617972403765,0.769013605080545,0.7056735344231129,0.09807559940963984,3.366513451283362e-05,-0.4980203409332764,0.18303496212081627,0.16268563116684137,-0.4980203409332764
0.39067677967250347,0.4257698068395257,0.7068130429834127,0.9082688074558973,0.22245192527770996,6.008867393025854e-05,-0.4980280677536596,0.17940578028990875,0.21074806225641035,-0.4980280677536596
0.36617918871343136,0.360358539968729,0.46054812986403704,0.8787880372256041,0.09841754380613565,2.4921918784247232e-05,-0.4982013960499843,0.1635540189169142,0.18784859126199727,-0.4982013960499843
0.6301305564120412,0.31548493914306164,0.6184484595432878,0.961398895829916,0.09529920667409897,2.1545796082807634e-05,-0.49823809951131565,0.1629836896195092,0.15695577706826422,-0.49823809951131565
0.4388749562203884,0.38022910710424185,0.6561213489621878,0.9921426894143224,0.25574612338095903,8.747053971144253e-05,-0.49835803566955084,0.18822880801512298,0.23701918305581104,-0.49835803566955084
0.4628593800589442,0.2060482995584607,0.3727487660944462,0.8594939783215523,0.09669504687190056,7.91604988508859e-06,-0.49838278670477737,0.1414168312245697,0.15248724515392956,-0.49838278670477737
0.4567545596510172,0.4641738561913371,0.7455203486606479,0.7346382886171341,0.1018723426386714,4.231577103267764e-05,-0.49878688130336846,0.18369839695650275,0.1670314848571449,-0.49878688130336846
0.49634389393031597,0.34825538098812103,0.2762308055534959,0.8117223372682929,0.1036584684625268,2.6964183910820415e-06,-0.4988064640640388,0.13461788366738858,0.1747390496594559,-0.4988064640640388
0.5343124093487859,0.4381733229383826,0.6619732808321714,0.8297099722549319,0.024331274442374706,3.483145503998435e-05,-0.4988999884084119,0.14513159210683055,0.17878095174659284,-0.4988999884084119
0.4264080133289099,0.39585075713694096,0.5386595502495766,0.7424446512013674,0.08178395126014948,1.3598495354836594e-05,-0.49891885681115644,0.16921879687499453,0.1404307127001198,-0.49891885681115644
0.5210866490378976,0.5164679195731878,0.6171096479520202,0.8505596974864602,0.21683860197663307,3.128054922537944e-05,-0.49912236623529976,0.16639869150361009,0.2136688276218554,-0.49912236623529976
0.4815927306190133,0.23562100436538458,0.6959976274520159,0.6970857009291649,0.1377161517739296,1.8102265957401302e-05,-0.4991379892942398,0.1650011274674373,0.170340972393428,-0.4991379892942398
0.6166244177147746,0.32004743069410324,0.6866641044616699,0.9094592211768031,0.054296860471367836,1.0655655764182943e-05,-0.4993023364278028,0.1520239848192751,0.1489050084553862,-0.4993023364278028
0.5654975362122059,0.28602715488523245,0.5106280334293842,0.7276524230837822,0.1488502910360694,3.838373701382539e-07,-0.49931241560215617,0.1265299908576953,0.1527599709351333,-0.49931241560215617
0.5171744953840971,0.18342285230755806,0.9448233032599092,0.9775718590244651,0.16648548282682896,0.0001637875925136538,-0.4993862030174685,0.21156118747199526,0.24855132766945517,-0.4993862030174685
0.5809105914086103,0.23618268687278032,0.7112160595133901,0.9808438457548618,0.06125230249017477,3.2930669056908086e-05,-0.49945635383144116,0.17277386642400264,0.15973776921239974,-0.49945635383144116
0.4755332823842764,0.34416085481643677,0.4949366068467498,0.6912690289318562,0.14075851067900658,2.4273400315963697e-06,-0.49985888311459853,0.15013735459951724,0.16446011897780957,-0.49985888311459853
0.5269036795943975,0.4533565156161785,0.6161904456093907,0.9511385941877961,0.24952041544020176,6.794884255589373e-05,-0.500021761413295,0.18335876300035378,0.22284054701821554,-0.500021761413295
0.6009028954431415,0.4361214991658926,0.5854053245857358,0.9742601560428739,0.18552111368626356,6.669152235810053e-05,-0.5000505015979734,0.1795737356607858,0.17288257147523928,-0.5000505015979734
0.5713757118210196,0.2045681457966566,0.5363470669835806,0.9494287166744471,0.06950953230261803,9.8069226208288e-06,-0.5001598691818705,0.1539600802812882,0.13381551700277552,-0.5001598691818705
0.5687722899019718,0.3779425946995616,0.39474689308553934,0.8744197236374021,0.20848179422318935,1.0470974369379924e-05,-0.5002655178879389,0.13818585724513488,0.17903764235760222,-0.5002655178879389
0.4326754128560424,0.41908991150557995,0.8811562852934003,0.8599615208804607,0.04725694935768843,7.52195090049356e-05,-0.5003286556349401,0.17879234593448282,0.19685302924156736,-0.5003286556349401
0.4158814661204815,0.3819736549630761,0.5289212316274643,0.7214525723829865,0.13202136661857367,1.218292570801645e-05,-0.500394782470222,0.1692327188375852,0.15715355763878575,-0.500394782470222
0.4796173218637705,0.5524394568055868,0.6585769085213542,0.9418727494776249,0.07971536926925182,8.296052935937834e-05,-0.5005379040138619,0.1587928447589163,0.16283432144718038,-0.5005379040138619
0.5288064917549491,0.28010144364088774,0.27393380086869,0.8304045107215643,0.1313937632367015,4.376786252443056e-07,-0.500570459574272,0.12195601381789445,0.1837828127100103,-0.500570459574272
0.5623304937034845,0.4572748951613903,0.9269546065479517,0.9380947053432465,0.07879479695111513,0.00013806207428774658,-0.5006203122241136,0.18951796619408245,0.19814068188121564,-0.5006203122241136
0.5635611414909363,0.32336271926760674,0.953751097433269,0.8547618333250284,0.04757880326360464,0.000136928048817924,-0.5007135137346337,0.18702616007821093,0.21254741394739057,-0.5007135137346337
0.47420913726091385,0.427447491325438,0.4098681313917041,0.9032555585727096,0.04869289789348841,1.6686955060508796e-05,-0.5008456201578492,0.12569062149403176,0.15143330327116272,-0.5008456201578492
0.5045545781031251,0.45310659892857075,0.40812058839946985,0.9858957957476377,0.21627010684460402,6.813612002454546e-05,-0.501493714853927,0.1803544555345264,0.19888740568888677,-0.501493714853927
0.5009037721902132,0.4223370049148798,0.3860444463789463,0.779514517635107,0.19520555436611176,2.2714161386092092e-06,-0.5016835243027555,0.13775313606836997,0.18836919395022034,-0.5016835243027555
0.5250953072682023,0.564123154617846,0.7876670742407441,0.9765440644696355,0.1345819290727377,8.56937328421461e-05,-0.5016985912413495,0.1856001463121207,0.2074259490370686,-0.5016985912413495
0.43956057354807854,0.43261491134762764,0.6635836251080036,0.8095657993108034,0.2385374316945672,2.1523839770742244e-05,-0.5020307240437814,0.1665720837198065,0.2280320184267779,-0.5020307240437814
0.5130898142233491,0.17125100549310446,0.7105103554204106,0.8672333247959614,0.22094325348734856,4.545137607907994e-05,-0.5020493228095603,0.17927150759844962,0.23299194086219388,-0.5020493228095603
0.4494768222793937,0.17048199847340584,0.8092134641483426,0.9919077213853598,0.1827863771468401,0.00013402722352201448,-0.5021813303655004,0.19676761701342355,0.2199703743470399,-0.5021813303655004
0.4343003574758768,0.1418979251757264,0.5745432255789638,0.8426806833595037,0.17047897819429636,2.628866483002289e-05,-0.5022702653460249,0.16425879569950852,0.19245069411213592,-0.5022702653460249
0.5161108812317252,0.25947190914303064,0.5975153623148799,0.9172941902652383,0.012174807488918304,1.4110490774558764e-05,-0.5023793856487466,0.1258452489518685,0.18804981560422382,-0.5023793856487466
0.5502818459644914,0.13774945959448814,0.6912079276517034,0.9674929557368159,0.16435293853282928,6.646031081870057e-05,-0.5024649304046835,0.19190403129303285,0.2039618292783719,-0.5024649304046835
0.5792593732476234,0.4240254331380129,0.8056211303919554,0.794599961489439,0.18246783129870892,4.66723382698689e-05,-0.5025549619045894,0.17271836866692072,0.19467909479540885,-0.5025549619045894
0.609222917817533,0.29367037396878004,0.8803034583106637,0.9667758289724588,0.09891652967780828,9.31519302174111e-05,-0.5025878777631481,0.19524675772392944,0.19547596264386796,-0.5025878777631481
0.5079349763691425,0.4671951234340668,0.9847080083563924,0.8780194902792573,0.19850200414657593,0.00016934126415828408,-0.5025985563610218,0.199690198870445,0.2608187448321013,-0.5025985563610218
0.5093334084376693,0.14084007777273655,0.49799282290041447,0.8477809699252248,0.18101575784385204,6.38925889768261e-06,-0.5027607597487532,0.14909125620587627,0.20511036761090637,-0.5027607597487532
0.5115489382296801,0.15381623711436987,0.5165212284773588,0.8153009722009301,0.07728637102991343,3.3353100646016824e-06,-0.5029253432046439,0.13790509958069483,0.15012390586553082,-0.5029253432046439
0.5629460755735636,0.4855773877352476,0.581568755209446,0.9279125733301044,0.05622206814587116,6.818381422527116e-05,-0.5031116015432778,0.13943993090840048,0.14065797851459452,-0.5031116015432778
0.36962227057665586,0.3443093206733465,0.8810004452243447,0.9858098411932588,0.11226803995668888,0.0001284595209321619,-0.5031245237458052,0.1811499071559988,0.22074489549230597,-0.5031245237458052
0.5306605622172356,0.4837369481101632,0.3404367361217737,0.9549406170845032,0.16101271659135818,3.521181212521301e-05,-0.5034303530282429,0.16602389252559166,0.1798153260058245,-0.5034303530282429
0.5670059807598591,0.4515352128073573,0.3690455099567771,0.9160233158618212,0.09662061929702759,2.3610407415534685e-05,-0.5034678732730142,0.1446813667699075,0.13716476952824647,-0.5034678732730142
0.49081200268119574,0.49514056742191315,0.7869763458147645,0.7827944718301296,0.06731432117521763,6.35519126768824e-05,-0.5036388866230727,0.1807480560308438,0.1796730055399561,-0.5036388866230727
0.5098807467147708,0.5781148495152593,0.6564935678616166,0.9151454987004399,0.18460660800337791,4.9935376738819966e-05,-0.503703064327993,0.18158525046837393,0.20691486630331468,-0.503703064327993
0.5020671207457781,0.49721243418753147,0.3501612413674593,0.9485966516658664,0.10979919694364071,5.111553003258574e-05,-0.503806555293431,0.15575607565634159,0.16689498547894255,-0.503806555293431
0.5636675879359245,0.5419959528371692,0.6922220345586538,0.9402035549283028,0.09824159741401672,8.33659380880703e-05,-0.503807388482127,0.172581950225254,0.16530260987012513,-0.503807388482127
0.4892754750326276,0.2622025925666094,0.5733655355870724,0.7906231973320246,0.24441897217184305,8.590031849971847e-06,-0.5038371212825872,0.14874898691915545,0.2367600759567241,-0.5038371212825872
0.4228391479700804,0.36393103282898664,0.8939681751653552,0.7716128416359425,0.19098630640655756,5.186821563246426e-05,-0.5040381477375435,0.18792124222949894,0.22538338979588737,-0.5040381477375435
0.5712884794920683,0.3467807425186038,0.8765753768384457,0.8891018815338612,0.21985304169356823,0.00010646228335723852,-0.5041901184264541,0.18854087499486913,0.23658353609358174,-0.5041901184264541
0.39829742815345526,0.3076468510553241,0.8980668839067221,0.8180367890745401,0.07029178738594055,5.870936566495855e-05,-0.5042708217292798,0.19485203250266023,0.1950688683302479,-0.5042708217292798
0.4002853333950043,0.40231665037572384,0.6279223719611764,0.8194852024316788,0.0491453493013978,2.2001936471361477e-05,-0.5043610152316848,0.1690580540660937,0.165178831764662,-0.5043610152316848
0.37710918579250574,0.43296607304364443,0.6245698127895594,0.8510227184742689,0.07399852760136127,3.259578510241369e-05,-0.5043977345186191,0.1747091156383117,0.16157890159571864,-0.5043977345186191
0.6157418806105852,0.24009206611663103,0.7768562380224466,0.9697836162522435,0.14217088371515274,5.561192211722291e-05,-0.5045963114174404,0.19366752797270856,0.18941908643874775,-0.5045963114174404
0.4918916141614318,0.43464182037860155,0.2656156783923507,0.8374492889270186,0.1502102641388774,3.0120308763328762e-06,-0.5047330984097763,0.14185127725082425,0.19889636312254103,-0.5047330984097763
0.5083498368039727,0.40483990777283907,0.23493946995586157,0.8599114287644625,0.135439888574183,2.5818658357492752e-06,-0.5047370338593534,0.13745109563911362,0.20535093840129814,-0.5047370338593534
0.336507435888052,0.33428808860480785,0.6275300281122327,0.9441175954416394,0.11011284589767456,5.4874220924110044e-05,-0.5047638403441116,0.17656897929324128,0.21319895835751002,-0.5047638403441116
0.36590734496712685,0.38788559567183256,0.6236405521631241,0.7876645661890507,0.1726802932098508,2.2652956381475777e-05,-0.504767421485036,0.17812278018427716,0.18298988056530496,-0.504767421485036
0.5849592024460435,0.30740927904844284,0.6217524241656065,0.9473334029316902,0.030182762071490288,1.9176288098057483e-05,-0.5048799485832836,0.14021024333082513,0.16741441740136973,-0.5048799485832836
0.3314460860565305,0.39038151782006025,0.6481572790071368,0.90673325676471,0.12813052721321583,4.0473882319228045e-05,-0.5049316221103901,0.17937252223971953,0.20781194719366158,-0.5049316221103901
0.5153237795457244,0.416635830886662,0.2783701866865158,0.9393209582194686,0.18298515304923058,2.0669626388959434e-05,-0.5050704742253724,0.16229886780464967,0.1949533855587999,-0.5050704742253724
0.4106705756857991,0.48634443152695894,0.829687531106174,0.9369934946298599,0.08144884835928679,9.347943956929945e-05,-0.5051251296892904,0.17328718520277944,0.17956160293402026,-0.5051251296892904
0.4519650638103485,0.4464629963040352,0.6888521639630198,0.7292560739442706,0.18444274086505175,1.6369727190333156e-05,-0.5053344062778773,0.17470861543042773,0.1955078427382154,-0.5053344062778773
0.6064952528104186,0.5019105114042759,0.6218267772346735,0.9073392590507865,0.1317428182810545,4.322576867467938e-05,-0.5053402898934117,0.16405698886010142,0.1545199443882546,-0.5053402898934117
0.5829067658632994,0.44849841482937336,0.5553808575496078,0.8218984585255384,0.05909979809075594,1.1776544203685596e-05,-0.5053523559757808,0.14056554154745343,0.13019271651095277,-0.5053523559757808
0.40962304547429085,0.5262523368000984,0.7516496982425451,0.9856089111417532,0.1596326343715191,9.319067472145238e-05,-0.5053943214947454,0.182677650536228,0.19332185389751616,-0.5053943214947454
0.3720867773517966,0.4146057004109025,0.44015640299767256,0.9739739801734686,0.1476530386134982,3.495187275084301e-05,-0.5054026756021537,0.17173649515845352,0.20394117061756759,-0.5054026756021537
0.6232045814394951,0.2962392959743738,0.4832479106262326,0.9276285823434591,0.16401715762913227,7.762030073898778e-06,-0.5054479939105861,0.15525207106529193,0.1700160444320564,-0.5054479939105861
0.5893225558102131,0.5130073875188828,0.7688022861257195,0.8526091929525137,0.12673355918377638,4.903503844996731e-05,-0.5055331159065543,0.17539762594865238,0.1773132202136441,-0.5055331159065543
0.40168249793350697,0.291582309640944,0.44349596835672855,0.803902861662209,0.07987748365849257,1.734642827202933e-05,-0.5056804919231668,0.16188267995447309,0.15459826561160991,-0.5056804919231668
0.4636564664542675,0.09900129027664661,0.7690739063546062,0.8862680541351438,0.15267240814864635,8.970569509058585e-05,-0.5057894522185065,0.1763198762402704,0.22656569182780092,-0.5057894522185065
0.4709539646282792,0.309868055395782,0.22648782562464476,0.8704428402706981,0.1464097360149026,1.1569733899980064e-06,-0.5058031213041816,0.14175637684583034,0.21853811150334787,-0.5058031213041816
0.6215385468676686,0.28406995441764593,0.5036761472001672,0.8936566058546305,0.07963568437844515,2.9280740604512592e-06,-0.5058098010718272,0.14324905829473308,0.13096449675414484,-0.5058098010718272
0.3790902039036155,0.44666727632284164,0.42987632285803556,0.9201475828886032,0.16323951445519924,2.1066878449876687e-05,-0.505964869312559,0.17459763413770255,0.1908274290500274,-0.505964869312559
0.4571414478123188,0.118445192463696,0.671074609272182,0.9686814825981855,0.12121503986418247,0.00010182909061027585,-0.5059962390903091,0.15909132109787205,0.19016053394631435,-0.5059962390903091
0.4752372298389673,0.3653616653755307,0.5497208423912525,0.9868969786912203,0.269933239556849,6.156170249760752e-05,-0.5061089439169091,0.18719044556087056,0.23917169033927344,-0.5061089439169091
0.5037380279973149,0.2577203484252095,0.9740866748616099,0.9743038276210427,0.05536589212715626,0.00013339591079871983,-0.5061742803768137,0.19103802754782265,0.22465900775285227,-0.5061742803768137
0.40948496386408806,0.3701114794239402,0.5212461901828647,0.8366751857101917,0.241545463912189,1.774333891110107e-05,-0.5063144054931097,0.16396000534642075,0.22578233231332234,-0.5063144054931097
0.518347037024796,0.4305397551506758,0.2881118431687355,0.9642115496098995,0.10931304283440113,3.6989730661009304e-05,-0.5064063072610236,0.15408784508771664,0.17612521381201596,-0.5064063072610236
0.5913385702297091,0.22950110025703907,0.5762144709005952,0.800315915606916,0.06467984151095152,6.699076014238747e-07,-0.5065857278253288,0.13954628312391293,0.13245816048024642,-0.5065857278253288
0.5185835976153612,0.3145675593987107,0.9110130602493882,0.9899035897105932,0.03827344439923763,0.000125865113104431,-0.5066677021869888,0.1730436809078885,0.21882684577313158,-0.5066677021869888
0.38814179971814156,0.4077186081558466,0.7283214014023542,0.9302603052929044,0.053977129980921745,7.252078276304904e-05,-0.5066776144432298,0.1596584346345055,0.18204880456627012,-0.5066776144432298
0.5798430284485221,0.26454807072877884,0.8917932668700814,0.8703613551333547,0.04611417930573225,6.402869142677299e-05,-0.506684024850697,0.18018414747470365,0.19542423299813189,-0.506684024850697
0.567117178812623,0.13182680401951075,0.5924284793436527,0.9440564420074224,0.13685142062604427,2.6462117357400617e-05,-0.5068209553494049,0.17325499584600673,0.18793487300839581,-0.5068209553494049
0.4663037369027734,0.336947669275105,0.7124663339927793,0.9120777538046241,0.0025636740028858185,4.7744032934315826e-05,-0.5069067117207273,0.13798646765843015,0.2179049451195896,-0.5069067117207273
0.37046537082642317,0.28762055467814207,0.4179852893576026,0.8841579426079988,0.1716645834967494,2.462186404519746e-05,-0.5069161003446904,0.1725115421421546,0.20090909580821437,-0.5069161003446904
0.4247082406654954,0.38000492099672556,0.9604074377566576,0.896178575232625,0.22069347836077213,0.00010174713829314836,-0.5070424630220789,0.1933664003814522,0.2632329742665957,-0.5070424630220789
0.49038029555231333,0.28668827190995216,0.432887208648026,0.7068888125941157,0.14026663452386856,1.3531596098668604e-06,-0.507112666467052,0.14213955761530406,0.15544009514529122,-0.507112666467052
0.548616630025208,0.5203842129558325,0.9259133487939835,0.8550634309649467,0.11050085257738829,0.00014572598266542823,-0.5072185878024678,0.1950190560671716,0.21920804242716924,-0.5072185878024678
0.5371287874877453,0.25496712792664766,0.762069009244442,0.8469267413020134,0.011071835644543171,2.0165663862078388e-05,-0.5072221783499307,0.15922189893376149,0.20496238639832914,-0.5072221783499307
0.5835237689316273,0.3607463985681534,0.9331936873495579,0.8954759677872062,0.052423715591430664,0.00011594272249811472,-0.507287300518017,0.1854445777478494,0.1995781042665175,-0.507287300518017
0.5141565427184105,0.32849125750362873,0.9051943132653832,0.9835752071812749,0.23803163319826126,0.00015953749770864758,-0.5074744552646334,0.2080166386676671,0.2648538233700537,-0.5074744552646334
0.529003506526351,0.22914988081902266,0.6465088045224547,0.8516032276675105,0.24779515713453293,2.309692753917319e-05,-0.5075161786721049,0.16717136174498,0.23956354732251328,-0.5075161786721049
0.38462478667497635,0.3465147688984871,0.604181457310915,0.7517474051564932,0.1798841804265976,1.8134522228073193e-05,-0.5076151155406153,0.17477350353019677,0.1826808603202438,-0.5076151155406153
0.44998185709118843,0.4129268703982234,0.7765055559575558,0.8521461868658662,0.019572322256863117,5.7605814994680814e-05,-0.5076389526106946,0.16442414947519096,0.20011213575338657,-0.5076389526106946
0.4751440128311515,0.5959068024531007,0.7128763804212213,0.9521331116557121,0.15106059983372688,5.863664417149015e-05,-0.5076530395835166,0.17920753389894833,0.20693714926346438,-0.5076530395835166
0.4811498364433646,0.10329251550137997,0.6211275532841682,0.8159416131675243,0.15182400029152632,1.8230322435532677e-05,-0.5076562067982393,0.15707327233069152,0.21249045035020642,-0.5076562067982393
0.6393548883497715,0.4008857337757945,0.6058778231963515,0.9362816549837589,0.1429589930921793,1.7501130646638904e-05,-0.5077659485367871,0.1589946294491583,0.16728972895328972,-0.5077659485367871
0.46564969792962074,0.5623971316963434,0.7256055064499378,0.8827749313786626,0.19755337666720152,4.827467515717074e-05,-0.5078818876201217,0.18229395359833603,0.2127747036345864,-0.5078818876201217
0.360288567841053,0.2531491005793214,0.5157762877643108,0.8229077756404877,0.13297114986926317,4.1493282546784096e-05,-0.5078844158454363,0.17151083548312662,0.18696699536138514,-0.5078844158454363
0.5150167914107442,0.18813982233405113,0.7635124493390322,0.7444729115813971,0.07316100969910622,4.540725620173284e-05,-0.5079081390690957,0.16037877857425978,0.1677413882137255,-0.5079081390690957
0.44456468243151903,0.3743667136877775,0.7636945862323046,0.7637994149699807,0.2265589004382491,2.4345144291613785e-05,-0.5079461258235599,0.17077554807256487,0.23148502073095337,-0.5079461258235599
0.36907017324119806,0.3983551301062107,0.7273924089968204,0.9936136892065406,0.19952619913965464,0.00011525767426257826,-0.5080226081736459,0.19121839112245756,0.2129246537125644,-0.5080226081736459
0.43726327177137136,0.21375772450119257,0.8861637944355607,0.7500068703666329,0.13069391902536154,7.780882697944091e-05,-0.5080780087042932,0.19367664698854103,0.20050801875260338,-0.5080780087042932
0.3723281593993306,0.3327572401612997,0.6052019726485014,0.8126598559319973,0.06557775195688009,3.030129632051951e-05,-0.508095659034664,0.1754078228475917,0.17260344075562467,-0.508095659034664
0.4105752054601908,0.3269741525873542,0.9925513900816441,0.9780908236280084,0.1938744392246008,0.00014678699759301434,-0.5082708511923252,0.2027125040691483,0.262521155919447,-0.5082708511923252
0.6083875512704253,0.354139132425189,0.4211994996294379,0.9119984218850732,0.1801335271447897,9.080909687791317e-06,-0.5083054054238714,0.1488469264896404,0.16343730081078925,-0.5083054054238714
0.6020711855962873,0.16800576262176037,0.7252821996808052,0.9115582862868905,0.10777335613965988,2.4573845955487844e-05,-0.5083955491127073,0.1769448742049769,0.17205626340355076,-0.5083955491127073
0.4472039835527539,0.34711013082414865,0.674452880397439,0.8381604645401239,0.007533582858741283,2.0230265808140284e-05,-0.5084682540280674,0.15613068623407722,0.2068999708355429,-0.5084682540280674
0.6050920225679874,0.3312601549550891,0.9216733612120152,0.7991251423954964,0.124863650649786,5.65262935897234e-05,-0.5085021417891742,0.17905269676460672,0.20266037820872773,-0.5085021417891742
0.6016195546835661,0.41045063082128763,0.688683764077723,0.8068853002041578,0.1889447858557105,1.2120579371008874e-05,-0.5086525850264717,0.15973244517431542,0.17474782008167766,-0.5086525850264717
0.3932928554713726,0.25250781886279583,0.3975642891600728,0.9550947127863765,0.1253137532621622,3.898214580708376e-05,-0.5086844214008018,0.16112640430290356,0.19297502357392393,-0.5086844214008018
0.504814918152988,0.300579440779984,0.5086977742612362,0.8330006934702396,0.009160562418401241,7.750201241650938e-06,-0.5087658784858575,0.12921924375131422,0.19047989072114785,-0.5087658784858575
0.4384046159684658,0.4918336011469364,0.5726237315684557,0.9781311647966504,0.06622285302728415,9.554342580018617e-05,-0.5088276566087074,0.14322047768867738,0.1559167925376605,-0.5088276566087074
0.3793640108779073,0.302074677310884,0.5167968776077032,0.7610307279974222,0.11253657378256321,2.8487275555984206e-05,-0.5088405426795568,0.17357595130770612,0.16253349852832114,-0.5088405426795568
0.5095575647428632,0.10550052393227816,0.5829604929313064,0.9387825941666961,0.1067227441817522,5.301487366452665e-05,-0.5088523862039093,0.1546542965209173,0.18421808806490442,-0.5088523862039093
0.5089205075055361,0.2039732625707984,0.7472740337252617,0.8981767352670431,0.24283189978450537,5.8532275101580684e-05,-0.5088667409967492,0.19044509930690892,0.24556390745097023,-0.5088667409967492
0.5633245846256614,0.42369482945650816,0.3313081506639719,0.8180757015943527,0.11757889669388533,2.1926002394292967e-06,-0.5089680881772551,0.13399327160030391,0.14959944917638843,-0.5089680881772551
0.5010025547817349,0.5416447911411524,0.5281699821352959,0.8996890522539616,0.21397446375340223,4.062639218468758e-05,-0.5090502086179002,0.17424562488827522,0.20573159061493682,-0.5090502086179002
0.46073811687529087,0.5886104227975011,0.5897309677675366,0.9293435551226139,0.16833094134926796,4.7698833979600293e-05,-0.5091188687984096,0.17831807810432967,0.1960382354971301,-0.5091188687984096
0.5768933603540063,0.36268462985754013,0.610838582739234,0.722274873405695,0.08143406081944704,2.3786324160343356e-06,-0.5091247511183444,0.1482224697581103,0.1353035889262853,-0.5091247511183444
0.5813750354573131,0.24137682188302279,0.9869884261861444,0.8514473475515842,0.15863995160907507,0.00015182350020084324,-0.5091766854266788,0.19901703309339616,0.24428786537057787,-0.5091766854266788
0.4880985338240862,0.1349570071324706,0.5020539397373796,0.9634374091401696,0.10701330564916134,5.132016448057735e-05,-0.5092151708508015,0.14597231595823182,0.16808326819909547,-0.5092151708508015
0.4579768655821681,0.19299214985221624,0.5067475028336048,0.8838103553280234,0.22851415630429983,2.8421021183629017e-05,-0.5094358970542698,0.171840852739694,0.21551077889275116,-0.5094358970542698
0.41955603286623955,0.5066253980621696,0.6846553068608046,0.911272612400353,0.06567121297121048,7.746587309314488e-05,-0.5095163247508228,0.16338798454430406,0.15662413707009326,-0.5095163247508228
0.46409703604876995,0.3217207696288824,0.7904799720272422,0.6954156598076224,0.17273846175521612,3.0460794369905287e-05,-0.5098094814536502,0.17931569785719265,0.20373925269923596,-0.5098094814536502
0.6193067887797952,0.41886661667376757,0.6069322796538472,0.9991585593670607,0.10299123544245958,8.324325808198371e-05,-0.5102736558696612,0.16911530442546424,0.15703537216779434,-0.5102736558696612
0.45324033219367266,0.2451008278876543,0.29349141102284193,0.8956647869199514,0.17442843783646822,6.529380983311245e-06,-0.5103207290570486,0.16054605843764183,0.1986053302956872,-0.5103207290570486
0.42788704577833414,0.23720805905759335,0.9632200729101896,0.9738458981737494,0.08232869021594524,0.00013072292744170975,-0.5103301016659765,0.18926472723692378,0.22143834338137486,-0.5103301016659765
0.5735300872474909,0.21557686757296324,0.44544622488319874,0.9792860951274633,0.1731780869886279,3.981956120666154e-05,-0.510453154493311,0.1799232599556473,0.17273435699554693,-0.510453154493311
0.5644423430785537,0.4919798579066992,0.8685412295162678,0.8102310104295611,0.1614691261202097,0.00010005457157992432,-0.5105749948387434,0.18703678598473114,0.21201571926474133,-0.5105749948387434
0.3342333771288395,0.3226574594154954,0.8107339413836598,0.8931925427168608,0.1411457099020481,6.129614007623721e-05,-0.5105768082939853,0.18972877402287883,0.21557173579997532,-0.5105768082939853
0.4847344858571887,0.2219061441719532,0.7370310369879007,0.7063895789906383,0.08744337223470211,3.6144469556185775e-05,-0.5106301867623388,0.16872374876469481,0.15711242912584691,-0.5106301867623388
0.5493945404887199,0.3119431072846055,0.8509857868775725,0.9032661141827703,0.013917999342083931,7.017459333442514e-05,-0.5106944342436718,0.1669203506521394,0.21557839183486202,-0.5106944342436718
0.4030903885141015,0.34215734526515007,0.7924560075625777,0.8652062295004725,0.03313849773257971,4.658600195073552e-05,-0.5107954249923644,0.1718009552363544,0.19746751758617911,-0.5107954249923644
0.38873359002172947,0.3636456010863185,0.6725226063281298,0.7262159790843725,0.14720042329281569,2.5603430617868886e-05,-0.5108898208684021,0.18367332122620145,0.16776579705820016,-0.5108898208684021
0.48951492365449667,0.4846759410575032,0.47083319816738367,0.8876100778579712,0.04527467954903841,4.089270923596339e-05,-0.5109977871638988,0.13065830703483597,0.15262668353751835,-0.5109977871638988
0.38852614257484674,0.4701185366138816,0.4775758795440197,0.823292700573802,0.11590997781604528,2.3115905284937693e-05,-0.5111514922363525,0.17456780709067504,0.16219427064779748,-0.5111514922363525
0.6035956973209977,0.3337688324972987,0.630062960088253,0.9314512088894844,0.22176431491971016,4.9291797977423817e-05,-0.5112237278727599,0.17639224220685545,0.19762443742513885,-0.5112237278727599
0.5110063198953867,0.2614406580105424,0.9152359077706933,0.7149831596761942,0.10422680992633104,0.0001327842972831403,-0.5116301734221463,0.19071008039207346,0.20540812940310274,-0.5116301734221463
0.4767913790419698,0.47089814208447933,0.461096771992743,0.8969067288562655,0.24494856130331755,2.4198494179905226e-05,-0.5116399658583,0.16993854893013727,0.21898302377056472,-0.5116399658583
0.3795051518827677,0.38429680187255144,0.6806251490488648,0.8414315981790423,0.22545098420232534,3.642541875044541e-05,-0.5116563402005696,0.1790543286660813,0.21384957157853068,-0.5116563402005696
0.4942570347338915,0.4790855962783098,0.36364827025681734,0.8311080886051059,0.08093259576708078,1.3724802747390888e-05,-0.511677224906991,0.1493414173865166,0.1536541015064102,-0.511677224906991
0.3632473284378648,0.24611633643507957,0.8372685313224792,0.966346793808043,0.1500623906031251,9.686522121963068e-05,-0.5117416509809413,0.19516036849235996,0.21615947434907892,-0.5117416509809413
0.520209982059896,0.12349571101367474,0.6083689024671912,0.9646879248321056,0.1814233921468258,8.117521585663611e-05,-0.5117446198336818,0.18688130389249946,0.208744748435392,-0.5117446198336818
0.584687422029674,0.444310343824327,0.45867499988526106,0.8587695974856615,0.19822956807911396,8.91716538653979e-06,-0.5117689723218884,0.1484744713171012,0.1691322403899233,-0.5117689723218884
0.4608270516619086,0.3268148014321923,0.6728064715862274,0.8865173291414976,0.28378370497375727,2.1856459557429063e-05,-0.5119517407621227,0.17774373286655176,0.2583545637387659,-0.5119517407621227
0.4704053932800889,0.5840822989121079,0.8011577110737562,0.8746728720143437,0.16747697535902262,4.0739947023292154e-05,-0.5119841061867184,0.1849033279725549,0.2229645308087238,-0.5119841061867184
0.4692254364490509,0.12929912935942411,0.8796063447371125,0.8949569771066308,0.08722971007227898,0.00011047912280546612,-0.5119948483761615,0.18351222869594,0.20853547109681966,-0.5119948483761615
0.39624521881341934,0.44780567381531,0.9565723082050681,0.9435008279979229,0.09920502733439207,0.00012236014143276552,-0.5121318225502441,0.18958735578391298,0.21687209677441224,-0.5121318225502441
0.3608922827988863,0.43077538441866636,0.8935748776420951,0.8981945374980569,0.1259906068444252,8.298684854897037e-05,-0.5121868261705824,0.19237731487626783,0.20885129654519008,-0.5121868261705824
0.6124629303812981,0.3049037754535675,0.6460018353536725,0.8251910218968987,0.04400453809648752,1.91361672529413e-06,-0.5122329918654924,0.14236596762637116,0.14794598681455762,-0.5122329918654924
0.35893983114510775,0.4695364907383919,0.6076244385913014,0.9566696109250188,0.12382011860609055,7.36279072482e-05,-0.512331514849874,0.1779851163688161,0.18712849241847318,-0.512331514849874
0.5385521845892072,0.2824828829616308,0.7667480828240514,0.6874913247302175,0.13356223981827497,3.223893683405815e-05,-0.5123588896281737,0.16587534130773562,0.18160051280584819,-0.5123588896281737
0.6063506007194519,0.4015241600573063,0.4798260238021612,0.7875235294923186,0.1504840673878789,4.7105376722777095e-07,-0.512434489102289,0.12959418847634846,0.14459698792953204,-0.512434489102289
0.5228527197614312,0.5913111325353384,0.6505889901891351,0.9254034962505102,0.10305100865662098,6.571374000734074e-05,-0.5125589679020964,0.17258154344856996,0.18644479242202827,-0.5125589679020964
0.5760193606838584,0.41282996628433466,0.5391673240810633,0.9342614328488708,0.23692705482244492,4.148508429584374e-05,-0.5126048031391864,0.17171264810073533,0.20266776179086932,-0.5126048031391864
0.49559127539396286,0.32880306243896484,0.2414658721536398,0.8890605960041285,0.0898047499358654,6.4695943855904626e-06,-0.5128198647342037,0.14434980266500783,0.1875259228961021,-0.5128198647342037
0.4063883386552334,0.317730437964201,0.5445470595732331,0.8943326575681567,0.25680098589509726,2.8085956948248012e-05,-0.5129359701629499,0.1774919220945381,0.23588189784228428,-0.5129359701629499
0.5843021385371685,0.36932092625647783,0.37149086222052574,0.8061936078593135,0.0928837051615119,2.410336971465256e-06,-0.5130853047929712,0.1308654244226802,0.12157918361600266,-0.5130853047929712
0.5176700120791793,0.20591076370328665,0.8045575115829706,0.7195435287430882,0.15468239225447178,5.9376904913037686e-05,-0.5131626948757252,0.17256841067405404,0.20225206436763898,-0.5131626948757252
0.5350874233990908,0.5278088469058275,0.7738469801843166,0.9208639785647392,0.2120784455910325,8.31532289102771e-05,-0.5132160965915263,0.19520189862243165,0.21806845395925195,-0.5132160965915263
0.5284627955406904,0.3716559009626508,0.7967493161559105,0.74115139991045,0.21106060966849327,4.7387331479792005e-05,-0.5133017684304843,0.16807951602332294,0.22867044454627317,-0.5133017684304843
0.42010699212551117,0.211967371404171,0.4695750894024968,0.8516843738034368,0.0697436723858118,2.081865848497375e-05,-0.5134963923066956,0.148334807826881,0.14793178295974216,-0.5134963923066956
0.474106146954,0.2591657964512706,0.2602025158703327,0.947283199056983,0.16038840636610985,1.4911851688325673e-05,-0.5135681023838635,0.16427977303078062,0.20617355035934284,-0.5135681023838635
0.4360517291352153,0.2894487390294671,0.2959552565589547,0.9236962087452412,0.09587423875927925,1.7356630160515276e-05,-0.5136063158971514,0.15395655183200074,0.18321273443633593,-0.5136063158971514
0.41729969065636396,0.2193425865843892,0.9691067542880774,0.9996977485716343,0.12574122846126556,0.00016766051060972755,-0.5137427609044433,0.19906851752335292,0.23808129541787448,-0.5137427609044433
0.47597547620534897,0.49307475332170725,0.3265836210921407,0.8218188285827637,0.13116564508527517,9.224738417385665e-06,-0.5138392247449018,0.1560465784709556,0.1839754137953179,-0.5138392247449018
0.3868094813078642,0.27699408680200577,0.8544310303404927,0.8496024794876575,0.06097411643713713,5.71364686475764e-05,-0.5138739958222864,0.1900028888737788,0.19099493923624059,-0.5138739958222864
0.3591696536168456,0.2783130621537566,0.44454701244831085,0.8660344248637557,0.1668633259832859,3.337422441764774e-05,-0.5140143550629712,0.17511929188455563,0.2019360321797866,-0.5140143550629712
0.4521112097427249,0.5539683979004622,0.5735353156924248,0.8150231661275029,0.09597533289343119,4.1637882151548506e-05,-0.514143713375098,0.17226143448626519,0.16617211748117539,-0.514143713375098
0.40461013931781054,0.16363790724426508,0.8211929714307189,0.8528797421604395,0.16859820764511824,8.731204494265543e-05,-0.5141577739546083,0.19291010108001547,0.20860373618929207,-0.5141577739546083
0.361444316804409,0.32656040135771036,0.748017305508256,0.9060580795630813,0.06215409468859434,5.365332653446138e-05,-0.5141605054002885,0.17753657411436602,0.19328343149578045,-0.5141605054002885
0.33009472396224737,0.30262956116348505,0.7700973823666573,0.8721569739282131,0.1348824268206954,5.814026058552472e-05,-0.5141964823739068,0.1909968450174378,0.2102648104751215,-0.5141964823739068
0.612814855761826,0.36803648341447115,0.39577177818864584,0.9369123820215464,0.10642760246992111,1.2625936699498753e-05,-0.5143482831130437,0.1488089580536215,0.14129909558570133,-0.5143482831130437
0.6044921558350325,0.47760567907243967,0.543860531412065,0.9835425252094865,0.11617460194975138,8.13397627149927e-05,-0.5144774239283367,0.16768965546232045,0.15179228268699504,-0.5144774239283367
0.4861224191263318,0.12082099635154009,0.5683708935976028,0.8369185542687774,0.07809626776725054,1.647781194120664e-05,-0.5147155572188445,0.14399801980694502,0.16491004578340906,-0.5147155572188445
0.42555122170597315,0.44063039496541023,0.4973969869315624,0.9821444684639573,0.05934064369648695,6.237898887522786e-05,-0.5147345044694787,0.13231286384836533,0.1675192287081363,-0.5147345044694787
0.4446844318881631,0.19901819806545973,0.8752640821039677,0.9452108284458518,0.21604071278125048,0.0001295508592037163,-0.5147359167028096,0.20609126754189092,0.24467690491273766,-0.5147359167028096
0.5280684502795339,0.3907284950837493,0.5976712796837091,0.9778230227530003,0.270222638733685,6.843893766090116e-05,-0.5147806806493693,0.1898376108305989,0.23561020266829152,-0.5147806806493693
0.4612785279750824,0.40300877299159765,0.8594637690111995,0.897613700479269,0.016709016636013985,9.334648848227469e-05,-0.5148244027032312,0.16457629687650815,0.21836357653931307,-0.5148244027032312
0.44091381691396236,0.25083847902715206,0.7857688283547759,0.9703017501160502,0.24747109785676003,0.00010439166759923461,-0.5148688275150495,0.20304238419066714,0.2445750323051607,-0.5148688275150495
0.5823107613250613,0.3863719617947936,0.3051202492788434,0.9316584216430783,0.12249930575489998,9.69416987163443e-06,-0.5148754773341004,0.15043521109673244,0.1613896264094175,-0.5148754773341004
0.5101118078455329,0.15179686900228262,0.8066975641995668,0.9466467807069421,0.2069636294618249,0.00012747624339529053,-0.5149971275801233,0.20590971432047092,0.2365966758481618,-0.5149971275801233
0.5136152962222695,0.3060663500800729,0.8577019590884447,0.7255508145317435,0.1949489787220955,7.840845670060401e-05,-0.5150302151860947,0.1775372053668607,0.23113700255770808,-0.5150302151860947
0.5014749662950635,0.37337839882820845,0.49125060345977545,0.8347087996080518,0.26970676239579916,7.21038009464655e-06,-0.5150844613177139,0.14494456813961296,0.2442915666658732,-0.5150844613177139
0.4388613710179925,0.4856628440320492,0.8444595020264387,0.8457973496988416,0.21779446210712194,5.943302505283991e-05,-0.5151327962313745,0.18679727996220397,0.23239842985521134,-0.5151327962313745
0.5787376957014203,0.4265178833156824,0.5176415909081697,0.9122623316943645,0.03718075715005398,2.559393960190008e-05,-0.5151938922792213,0.12385007358806703,0.14436375283140188,-0.5151938922792213
0.5282415905967355,0.3811713922768831,0.41818756703287363,0.7109504956752062,0.14159632474184036,7.419550733744251e-07,-0.5152579451868647,0.13703379414731054,0.1571548955705072,-0.5152579451868647
0.353219379670918,0.2132142847403884,0.6394419437274337,0.8655885672196746,0.12203585542738438,7.438466895910229e-05,-0.5153254383779127,0.1820917567997476,0.18755491833486784,-0.5153254383779127
0.45953624974936247,0.28023909870535135,0.8309866907075047,0.6900433776900172,0.12102173734456301,5.730765030615003e-05,-0.5153461779649325,0.18955930428847048,0.1852516915458754,-0.5153461779649325
0.35558377113193274,0.27315848506987095,0.7507645562291145,0.9645263804122806,0.18791317474097013,9.295981458191587e-05,-0.5155242370191631,0.19954148589149434,0.21247685118165877,-0.5155242370191631
0.3753139618784189,0.24830508418381214,0.6775764869526029,0.7941597010940313,0.08146713953465223,5.3728997611905795e-05,-0.5156851357626491,0.18265754472735427,0.15963843053612253,-0.5156851357626491
0.4982619760558009,0.5090028364211321,0.9723773151636124,0.9221526244655252,0.19578704331070185,0.00014066693386949,-0.5156868737311082,0.20681211602768826,0.25540057833244734,-0.5156868737311082
0.5204703183844686,0.12721867952495813,0.4452898073941469,0.8736865278333426,0.10725221037864685,9.889748911791158e-06,-0.5158477886665856,0.14263846052763998,0.17685897542071477,-0.5158477886665856
0.6217025760561228,0.4044998036697507,0.6660359185189009,0.9433027906343341,0.191819466650486,5.744686051439061e-05,-0.5158791856485301,0.1812970483709557,0.17654778445785765,-0.5158791856485301
0.5494956569746137,0.22826061584055424,0.4672433231025934,0.7359012188389897,0.10367629583925009,1.4613256676289217e-06,-0.5159170384718709,0.1389351791381732,0.13063539402962063,-0.5159170384718709
0.5841822773218155,0.20189598202705383,0.4864839259535074,0.9846759857609868,0.09946512151509523,2.8454376165006867e-05,-0.5160989609919435,0.17165405521997848,0.14684445028565504,-0.5160989609919435
0.40207541454583406,0.39673811476677656,0.3592727379873395,0.8455574922263622,0.19157102517783642,1.1647395876695278e-05,-0.5161405291964235,0.17121531851043406,0.19289766288943833,-0.5161405291964235
0.558048258535564,0.34704864490777254,0.6965015456080437,0.9806334925815463,0.255119570530951,9.487571986034913e-05,-0.5162019072914232,0.19765887765007098,0.23080849266372977,-0.5162019072914232
0.5684195589274168,0.5304420543834567,0.7903259033337235,0.8628749521449208,0.08328924793750048,6.948243971157655e-05,-0.5163843926789913,0.1798097226771108,0.17583997859350467,-0.5163843926789913
0.3952756058424711,0.19163384847342968,0.7176727745682001,0.9556016055867076,0.08445334807038307,8.263594823539168e-05,-0.5164954579125288,0.16537209636593184,0.173253435839021,-0.5164954579125288
0.5534125855192542,0.23876434192061424,0.9409694410860538,0.9321378776803613,0.04498415719717741,0.00010958513356082724,-0.5167414417409028,0.1935401887856201,0.212168582723453,-0.5167414417409028
0.41353494953364134,0.1737599465996027,0.6729893758893013,0.8737294897437096,0.2099891770631075,6.752058392980836e-05,-0.5167649789413099,0.18843310629350862,0.207040846516548,-0.5167649789413099
0.5430889911949635,0.10837402660399675,0.6854198537766933,0.820064989849925,0.09246454108506441,1.5781905560919782e-05,-0.5168313671464613,0.1600702854728227,0.1911023456003972,-0.5168313671464613
0.37106134556233883,0.3499764930456877,0.668704611249268,0.8701005959883332,0.2326509077101946,4.3548849766992196e-05,-0.5169133360832504,0.1835315370143751,0.2223178261519157,-0.5169133360832504
0.49209696613252163,0.46809020917862654,0.8053001426160336,0.7472291821613908,0.19481247290968895,5.24034424793012e-05,-0.5170220195560083,0.1823683365668745,0.22345898466875305,-0.5170220195560083
0.5507458467036486,0.38016762863844633,0.7229393012821674,0.8140633665025234,0.0072431182488799095,2.988563767984993e-05,-0.5170485404983196,0.1598329561556321,0.20111299394832005,-0.5170485404983196
0.4834390487521887,0.4082815470173955,0.44806124083697796,0.9246349539607763,0.2674739696085453,2.1655859815581684e-05,-0.5171650142314212,0.1727903132762339,0.23175014268275876,-0.5171650142314212
0.45309076737612486,0.2668782211840153,0.36437040101736784,0.8936153687536716,0.2298312997445464,1.7305026140049704e-05,-0.5173284001900275,0.16833366824966337,0.21178101030392066,-0.5173284001900275
0.5686467383056879,0.19885930512100458,0.6752701569348574,0.7693609753623605,0.05828098952770233,1.077626954836224e-05,-0.5173309267905547,0.14685876956922023,0.1526790622520784,-0.5173309267905547
0.38226164504885674,0.19769095070660114,0.8362139407545328,0.902747961692512,0.09642284922301769,0.00010308430468617103,-0.517336174686176,0.188219164695876,0.19056020238227178,-0.517336174686176
0.4137949664145708,0.31797237880527973,0.3121351860463619,0.8173134895041585,0.1681726360693574,5.545065220294819e-06,-0.5173839918786423,0.16171661912085625,0.19276663881052947,-0.5173839918786423
0.5126291699707508,0.1657059183344245,0.9975132206454873,0.9878522045910358,0.12397998943924904,0.00021473132401319772,-0.517449087628148,0.21623655263465746,0.25043705086836987,-0.517449087628148
0.4746279437094927,0.31523222755640745,0.2004739921540022,0.8953970829024911,0.1401155162602663,2.5443353415926966e-06,-0.5175387442499502,0.1494509023556341,0.22897968601784213,-0.5175387442499502
0.3741392120718956,0.3369300542399287,0.38147432543337345,0.8504298329353333,0.1771193891763687,1.9402003517529043e-05,-0.5176254209041122,0.1730968582865499,0.1984398706102267,-0.5176254209041122
0.47864518500864506,0.26926153525710106,0.40252935886383057,0.771365356631577,0.21166743338108063,3.6487181051884617e-06,-0.5176378153582908,0.1425906904569063,0.19971921528321993,-0.5176378153582908
0.4264893727377057,0.2608963204547763,0.9314309041947126,0.9937364216893911,0.21194440312683582,0.0001599189664091843,-0.517775969535453,0.21219684826974672,0.25428744543154835,-0.517775969535453
0.49799668602645397,0.17650046478956938,0.6339339539408684,0.7127322545275092,0.1430875025689602,8.655335133853771e-06,-0.5177761224451062,0.16081773922112735,0.17612291329442073,-0.5177761224451062
0.43312428519129753,0.16150473896414042,0.908004354685545,0.984094294719398,0.15552804246544838,0.00016012943322151518,-0.5178509578984668,0.20143108091170034,0.2335891282389335,-0.5178509578984668
0.432377927005291,0.33584382478147745,0.25553709641098976,0.8422042783349752,0.11789997573941946,4.556801192337516e-06,-0.5178610161028327,0.15824359684836659,0.20148605903793135,-0.5178610161028327
0.5100944060832262,0.2338714264333248,0.692784646525979,0.8405197495594621,0.2588254688307643,2.3521732893758466e-05,-0.5180590586936782,0.17400139256601027,0.253369289896917,-0.5180590586936782
0.5711513664573431,0.5029491446912289,0.6464119413867593,0.7890116926282644,0.1767584467306733,1.5408333609310453e-05,-0.5180771599557581,0.1673588992179797,0.1833285847963604,-0.5180771599557581
0.4215018479153514,0.3978194911032915,0.9819291476160288,0.8898040289059281,0.052195776253938675,0.0001184511641682349,-0.518268625133945,0.19359705226018264,0.2219393133241998,-0.518268625133945
0.5441659186035395,0.5003081308677793,0.660939771682024,0.9946942953392863,0.056041655130684376,0.00012614664512183212,-0.5182777875507509,0.15406104935685885,0.16281926160027338,-0.5182777875507509
0.35525876097381115,0.4055637866258621,0.5669573619961739,0.8086799075827003,0.09800979029387236,3.657933975631981e-05,-0.5184520129791717,0.18520180027616068,0.17224087278362452,-0.5184520129791717
0.37186557054519653,0.33037167601287365,0.8138353396207094,0.9488921724259853,0.21867655124515295,9.832378976989586e-05,-0.5184631177262411,0.19722361968302093,0.22880470968167751,-0.5184631177262411
0.4466723632067442,0.10469172708690166,0.6456526396796107,0.9427836881950498,0.16461366787552834,0.00011027986728096054,-0.5185667686253695,0.17560370639799122,0.20841277906701136,-0.5185667686253695
0.4111902713775635,0.4892230900004506,0.6205960279330611,0.8017301112413406,0.20280929189175367,2.757598144195977e-05,-0.5187463292837687,0.1784029379771704,0.19129561802104947,-0.5187463292837687
0.5474183997139335,0.4520429251715541,0.7846135180443525,0.780760551802814,0.04313694778829813,6.804209168395528e-05,-0.5187939000340989,0.17544650892668376,0.178266585259641,-0.5187939000340989
0.38189394772052765,0.3740155538544059,0.9590176604688168,0.833670643158257,0.08640437200665474,9.434006036527302e-05,-0.5188870018353101,0.20770593556363465,0.21037679546741334,-0.5188870018353101
0.596312684006989,0.4452140387147665,0.8351631574332714,0.8765271818265319,0.058247797191143036,7.912307920491442e-05,-0.5190634766750758,0.1757277731146818,0.16362069464584106,-0.5190634766750758
0.3996911244466901,0.46398486476391554,0.37717685382813215,0.9264991981908679,0.11294540017843246,3.584216145187384e-05,-0.5190849974791831,0.1697269192847029,0.17800075261708465,-0.5190849974791831
0.39817777555435896,0.14021812938153744,0.775261253118515,0.8871434964239597,0.12230054475367069,0.00011718901690996637,-0.5192307428161562,0.18074313091418648,0.19380097990298986,-0.5192307428161562
0.5422477405518293,0.48269568383693695,0.966799114830792,0.8116872208192945,0.08371535129845142,0.00020873140282229728,-0.519278240134007,0.20279797384808806,0.2170884073269925,-0.519278240134007
0.4426346868276596,0.5185431502759457,0.49163500498980284,0.8763334145769477,0.06801644619554281,4.5348659671509583e-05,-0.5193707506828082,0.15660563720956452,0.1487531642333611,-0.5193707506828082
0.3570247460156679,0.2668627519160509,0.5411851592361927,0.8283053888007998,0.09047748427838087,5.268617913478124e-05,-0.5193790133442959,0.17827315474377076,0.1794176502405027,-0.5193790133442959
0.3935417514294386,0.4986624279990792,0.5606435984373093,0.8666565651074052,0.08230096660554409,4.867488495089041e-05,-0.519519636185257,0.1739471171293057,0.15259406202282866,-0.519519636185257
0.3640549024567008,0.1954694502055645,0.6765214195474982,0.8563071303069592,0.16452503576874733,7.141342662674562e-05,-0.5195205216950103,0.18876573162856655,0.18899578550127663,-0.5195205216950103
0.6012881807982922,0.25219982489943504,0.748727822676301,0.9251095242798328,0.039159445092082024,2.0048158926574366e-05,-0.5196453686061061,0.16673642490313959,0.16760407123711174,-0.5196453686061061
0.5836314968764782,0.5170627450570464,0.6717790747061372,0.8100192816928029,0.09527441021054983,3.617654701543402e-05,-0.5197509242288141,0.16773357345927678,0.1564314253121455,-0.5197509242288141
0.3912404431030154,0.4874085821211338,0.45606421306729317,0.8296285020187497,0.15844221506267786,2.1642375369377238e-05,-0.5197979312687889,0.1758103062740405,0.1753221896315121,-0.5197979312687889
0.5547076119109988,0.3405956085771322,0.7357616815716028,0.7882146574556828,0.23888956476002932,2.498524336360773e-05,-0.5198404016412591,0.1587057224540282,0.23572071470907685,-0.5198404016412591
0.3622644832357764,0.4870140580460429,0.5822706269100308,0.9464346971362829,0.16627890430390835,5.816419266555366e-05,-0.5198848274663337,0.18731407718789778,0.18870528999969594,-0.5198848274663337
0.5903538139536977,0.4743210943415761,0.8158303312957287,0.78824682533741,0.1111740805208683,5.291238147447271e-05,-0.5200069573209262,0.1806745921353688,0.1726448317208662,-0.5200069573209262
0.6029518730938435,0.27969935070723295,0.8145320881158113,0.9757394036278129,0.19561966694891453,0.00011550798662291832,-0.5200557971272292,0.20855469434598195,0.20733305685459988,-0.5200557971272292
0.6021812511608005,0.47330891713500023,0.4394030896946788,0.9471252905204892,0.1255431305617094,3.6992896916331185e-05,-0.5200952298409224,0.15879673447303333,0.14740718998726096,-0.5200952298409224
0.48547773249447346,0.19475731905549765,0.7341536721214652,0.7655437048524618,0.2129826694726944,3.450027884492546e-05,-0.5201723981348662,0.17450357000767044,0.2269554532541362,-0.5201723981348662
0.50514149479568,0.5831560958176851,0.5532148899510503,0.8662097658962011,0.18900300562381744,2.803720948442215e-05,-0.5202312409347257,0.17290110103777823,0.20989253406981406,-0.5202312409347257
0.5284418938681483,0.1662615593522787,0.3972275899723172,0.9019230678677559,0.18387935403734446,1.4195108176516612e-05,-0.5202655524373688,0.16181160071489786,0.1920393041328614,-0.5202655524373688
0.4942907029762864,0.5204908736050129,0.49834668450057507,0.7454625936225057,0.13698643166571856,1.1455346014799505e-05,-0.5202901636563507,0.16318950797384413,0.18141644368134935,-0.5202901636563507
0.45272701140493155,0.16196476761251688,0.4954731138423085,0.8386683408170938,0.20470496732741594,1.806210719266662e-05,-0.5203629174731276,0.16720137587716657,0.20543611502401388,-0.5203629174731276
0.5374974459409714,0.17335718125104904,0.8770565968006849,0.9165228065103292,0.04840330686420202,7.53479295486154e-05,-0.5204717018769142,0.18480509466952832,0.1990557130057933,-0.5204717018769142
0.4615110447630286,0.5628937650471926,0.700806618668139,0.8518123915418983,0.20396972447633743,4.181486174613497e-05,-0.5206138110892006,0.18265165251398766,0.2148292863492862,-0.5206138110892006
0.4489215761423111,0.3581951819360256,0.34347872249782085,0.8717968370765448,0.2361411340534687,1.1645113850260334e-05,-0.5206627057946832,0.1623920659647792,0.21907803028964484,-0.5206627057946832
0.4470669152215123,0.5033557843416929,0.9129113620147109,0.9880549237132072,0.081634271889925,0.00012191743808847059,-0.5207820419780876,0.18312681308234102,0.20549250332200428,-0.5207820419780876
0.43501439969986677,0.5656238598749042,0.7465826012194157,0.9268876854330301,0.09057476744055748,7.5069869918976e-05,-0.5208918157237951,0.1774621363117714,0.17406729455080447,-0.5208918157237951
0.575051941908896,0.16410395316779613,0.7865956863388419,0.9140745624899864,0.18891122099012136,7.422377350540094e-05,-0.5209050122326119,0.19967403889966742,0.21464366497641757,-0.5209050122326119
0.4478420838713646,0.2899099597707391,0.8648387789726257,0.7545199217274785,0.04388536233454943,7.307039577512417e-05,-0.5210734544063808,0.19456000583110647,0.1904904181871217,-0.5210734544063808
0.3440995765849948,0.23663802444934845,0.718692883849144,0.8939621383324265,0.16937135439366102,7.361087619308736e-05,-0.5211788259925788,0.1965878361499807,0.2019119478817078,-0.5211788259925788
0.5504817813634872,0.3686317838728428,0.3254718715324998,0.9735464360564947,0.20653615426272154,4.251427253275317e-05,-0.521239003921732,0.17387249190037848,0.18949097557580513,-0.521239003921732
0.4623885527253151,0.46360318548977375,0.3381039472296834,0.9835838442668319,0.19935072492808104,6.490274126648093e-05,-0.5214328307951852,0.18737948197744989,0.1990294762882608,-0.5214328307951852
0.4104382414370775,0.5457045361399651,0.7306465888395905,0.8125713346526027,0.14321148488670588,4.455526962964548e-05,-0.5215070180005766,0.18605001176423136,0.18392569410342174,-0.5215070180005766
0.48589260037988424,0.1323558408766985,0.48340335208922625,0.9965272815898061,0.15227121207863092,7.484950284417713e-05,-0.5216993763173223,0.1700729810625225,0.1950183903725676,-0.5216993763173223
0.3939540982246399,0.34974097460508347,0.6353840474039316,0.7472008289769292,0.06465153116732836,3.368147183515328e-05,-0.5218338675678871,0.18502171211802781,0.15505129804252127,-0.5218338675678871
0.5677002025768161,0.3013826794922352,0.9941454213112593,0.8798257187008858,0.04119255021214485,0.0001677046505189188,-0.521976174583127,0.19855218842965056,0.22450288885024397,-0.521976174583127
0.5921986233443022,0.30332067236304283,0.5477668456733227,0.7378946570679545,0.07508662436157465,8.204794486864449e-07,-0.5220502045586968,0.13843791267003092,0.12562721292179133,-0.5220502045586968
0.395669206045568,0.36558383237570524,0.8693897575139999,0.8914128812029958,0.23482642136514187,7.483064197158836e-05,-0.5220533685622888,0.19337932862003562,0.24582014033505828,-0.5220533685622888
0.486439879052341,0.5862330989912152,0.6746187936514616,0.7981374682858586,0.15598032157868147,2.9330765586017696e-05,-0.5220603766019173,0.17669217467389534,0.214163955628461,-0.5220603766019173
0.39984052907675505,0.1442737141624093,0.6615911200642586,0.9609701028093696,0.15376935712993145,0.00012001365601657195,-0.5220720061727511,0.17923589576898372,0.1950801484077642,-0.5220720061727511
0.5364757115021348,0.5455608461052179,0.9678407004103065,0.8946713032200933,0.11347123607993126,0.00016141377497064878,-0.5221985403345586,0.20493207165660188,0.23497232029741,-0.5221985403345586
0.41156890895217657,0.2168806353583932,0.854866317473352,0.7469860557466745,0.12482901848852634,7.417506875146806e-05,-0.5222790480955664,0.19773448041394937,0.18467443821952292,-0.5222790480955664
0.5967637449502945,0.43855505995452404,0.6228680461645126,0.7598412549123168,0.16350986063480377,4.636149502856011e-06,-0.5224725469309529,0.15564611634760392,0.16058450124977122,-0.5224725469309529
0.5116733126342297,0.45813233871012926,0.30435351002961397,0.7953300075605512,0.1581665864214301,2.6643788083281317e-06,-0.5225399581611374,0.14432418118914597,0.18690276018015742,-0.5225399581611374
0.5928592598065734,0.26835863199084997,0.544511609710753,0.7960503455251455,0.20258096512407064,5.0433302845164764e-06,-0.5225962949139468,0.1385557621100504,0.18473908466528155,-0.5225962949139468
0.5044502979144454,0.13217748701572418,0.631503576412797,0.9035418871790171,0.0504442797973752,2.953554446260535e-05,-0.5226656106894773,0.14479231969498538,0.1636982976528203,-0.5226656106894773
0.4311138354241848,0.2267957115545869,0.8242967668920755,0.8074476160109043,0.03985014744102955,5.77093281637449e-05,-0.522681486041401,0.18263040793314075,0.18554501528590064,-0.522681486041401
0.5362451346591115,0.24430258572101593,0.5675071068108082,0.9886573264375329,0.026207090355455875,3.4660347740352826e-05,-0.5226987068602675,0.1350025019689156,0.17244641138935887,-0.5226987068602675
0.5067514022812247,0.3400299157947302,0.9557423917576671,0.7096146699041128,0.1579176252707839,0.00015569570108066045,-0.5228993385517313,0.1966627828041694,0.23670582518630948,-0.5228993385517313
0.5333276493474841,0.2011975347995758,0.9147891802713275,0.8175786025822163,0.04201788827776909,0.00013256585569087432,-0.5229095123954571,0.1876291895569805,0.21141843619856637,-0.5229095123954571
0.44912794325500727,0.2622490394860506,0.8524397211149335,0.7110505774617195,0.17127479147166014,5.654252520329403e-05,-0.5230999015987453,0.1923914315674846,0.20942064781628936,-0.5230999015987453
0.4608746189624071,0.3072655890136957,0.8277114257216454,0.7794485297054052,0.24267576914280653,3.995758960551049e-05,-0.5231413833250584,0.17921555403825276,0.2570600546126413,-0.5231413833250584
0.43827165849506855,0.1865296121686697,0.35656503681093454,0.8800641307607293,0.16905854735523462,1.3284594557328052e-05,-0.5232104065863517,0.16416944787038723,0.19109720122328533,-0.5232104065863517
0.5196475796401501,0.5216611158102751,0.8408795995637774,0.9819130161777139,0.06518791243433952,0.00010999359865738675,-0.5233450859190263,0.17992818314236203,0.19063570337943103,-0.5233450859190263
0.5478027313947678,0.22268402483314276,0.5502249728888273,0.7103839674964547,0.1526566594839096,8.208780241245604e-07,-0.5233523879610956,0.14462446150626793,0.1658224776817249,-0.5233523879610956
0.61694579385221,0.257189747877419,0.43737916834652424,0.8289273157715797,0.11565121542662382,1.0568055988549076e-06,-0.523383506241961,0.13622229000321298,0.13722336042683211,-0.523383506241961
0.5986894499510527,0.424975442700088,0.4320653984323144,0.9407750302925706,0.07373485341668129,2.0780935879880013e-05,-0.5234154673624742,0.1431885740244396,0.12429425822514059,-0.5234154673624742
0.6030548689886928,0.4089337596669793,0.9802944185212255,0.9235979299992323,0.09149484988301992,0.00015475892085312505,-0.523449342099784,0.20353465212076524,0.20734726006023432,-0.523449342099784
0.5397400036454201,0.16960766818374395,0.5612685289233923,0.9989134045317769,0.20493052434176207,0.00011116485689223418,-0.5235324944506988,0.20086725885245915,0.20167725768908623,-0.5235324944506988
0.59782356582582,0.4894728194922209,0.8909300109371543,0.9328692872077227,0.14721521455794573,0.00011244878403782946,-0.5237427405217103,0.2003672721059843,0.20241890908623938,-0.5237427405217103
0.43582228757441044,0.21491213981062174,0.6577552603557706,0.886239186860621,0.024531587027013302,3.332177954811904e-05,-0.5238663918149249,0.14682848678459395,0.1819841038127445,-0.5238663918149249
0.6240704506635666,0.35283573623746634,0.9423528416082263,0.9511598022654653,0.1199137968942523,0.00012285690010314828,-0.5238829374844309,0.20049563427800277,0.2138644767308158,-0.5238829374844309
0.543901520781219,0.2052595680579543,0.5196239380165935,0.7669239183887839,0.19854474812746048,2.986606326299698e-06,-0.5239729766344601,0.14406957140334076,0.19475332266400522,-0.5239729766344601
0.48712003882974386,0.2763273948803544,0.6417507324367762,0.7030872646719217,0.20776673592627048,9.055087662957826e-06,-0.5240163832088408,0.16202026599951733,0.21401491916794574,-0.5240163832088408
0.38768304232507944,0.4135222304612398,0.9405862111598253,0.7998873637989163,0.16754021309316158,7.020346566178741e-05,-0.5241675103065815,0.20300925105917986,0.21941532932734092,-0.5241675103065815
0.4508939506486058,0.37745437026023865,0.7562026465311646,0.6759203784167767,0.1480413107201457,2.9324816560382332e-05,-0.5242171778429923,0.18715424478105736,0.18898442700972626,-0.5242171778429923
0.3940023211762309,0.4925079131498933,0.7704974226653576,0.997037255205214,0.1958498191088438,0.00012545665814418504,-0.5242426241876095,0.19941876329069053,0.20406840953885777,-0.5242426241876095
0.44171029049903154,0.3134626867249608,0.8030768185853958,0.9425506424158812,0.2718445314094424,7.056683761500309e-05,-0.5242591695876393,0.1983775440073244,0.26282733925106694,-0.5242591695876393
0.4959125639870763,0.2659606384113431,0.991723645478487,0.8730428675189614,0.02539485413581133,0.00015329272657770704,-0.5242963547996078,0.197292026179088,0.2387853400108113,-0.5242963547996078
0.5648761810734868,0.2506767250597477,0.5230700084939599,0.8023712309077382,0.02733930293470621,1.2018473859015926e-06,-0.5244268755281206,0.14083356329942884,0.1576788167842572,-0.5244268755281206
0.3955629086121917,0.5217475853860378,0.6076076896861196,0.8059563478454947,0.1604894855991006,3.455212543269201e-05,-0.5244272945877301,0.18308421391809573,0.17371400732668732,-0.5244272945877301
0.6142565989866853,0.4226167891174555,0.9549315767362714,0.917254333384335,0.13403088692575693,0.00012299793303733784,-0.524464773227095,0.20041117144674078,0.21289837567431247,-0.524464773227095
0.3903952445834875,0.26652747858315706,0.4190094219520688,0.945813275873661,0.08287632837891579,3.865576261972439e-05,-0.5245420615175095,0.15640418307462703,0.1815362387945297,-0.5245420615175095
0.6110567934811115,0.18941686768084764,0.7403520392253995,0.8284881338477135,0.15651527512818575,1.6745219475781455e-05,-0.5247139598974931,0.16598748682270908,0.1880161094100512,-0.5247139598974931
0.5961486492305994,0.37030115351080894,0.9989776192232966,0.9604331608861685,0.17018546629697084,0.00020205511999105708,-0.524791256799534,0.21646826831155036,0.24228142649708034,-0.524791256799534
0.5041616689413786,0.3624768927693367,0.25798277370631695,0.9134720554575324,0.0708837490528822,7.377359048959042e-06,-0.524871766693046,0.14449330067237098,0.17471574964292744,-0.524871766693046
0.5077756140381098,0.20016276091337204,0.8140385895967484,0.941270706243813,0.024295817129313946,5.473937211682301e-05,-0.5249115220546787,0.16557547296367184,0.19899690200747194,-0.5249115220546787
0.484923274256289,0.3840272696688771,0.22108229249715805,0.9774076212197542,0.16406269185245037,3.1100954320350124e-05,-0.5250254593867316,0.17313840161278965,0.22060224380500915,-0.5250254593867316
0.4792898716405034,0.4213228579610586,0.30269753839820623,0.8154728673398495,0.07555794436484575,4.606981489862922e-06,-0.5251313931122547,0.15460908960761008,0.1621639684502737,-0.5251313931122547
0.47333550453186035,0.4879162944853306,0.8843568312004209,0.9736007414758205,0.23133180290460587,0.00013297560106307184,-0.5252834466458584,0.20673040697925527,0.2497252896708057,-0.5252834466458584
0.49393668211996555,0.4705721279606223,0.9254114599898458,0.9984761541709304,0.05510534904897213,0.00014302822511774466,-0.5254341126666255,0.1806999540999321,0.21235463706642072,-0.5254341126666255
0.6116169709712267,0.3770602960139513,0.7721076514571905,0.892177477478981,0.03530023619532585,4.897733757492844e-05,-0.5255636844493697,0.1598616233491131,0.16572203790172058,-0.5255636844493697
0.5179647132754326,0.4924062145873904,0.5388278011232615,0.7897999351844192,0.04502533655613661,2.6111651827341317e-05,-0.5256843677709092,0.15296181210740903,0.1618391826609921,-0.5256843677709092
0.6109608057886362,0.3841127594932914,0.454453868791461,0.8094923309981823,0.07675089221447706,1.1146928074555692e-06,-0.5257057433283076,0.13355005722892585,0.11254563087254492,-0.5257057433283076
0.6119412230327725,0.31131770461797714,0.9369110548868775,0.9448142657056451,0.17360651586204767,0.0001226913600331343,-0.5258327999422913,0.2095218696350244,0.22626903780337562,-0.5258327999422913
0.47024584002792835,0.4145176252350211,0.9358370052650571,0.7109271688386798,0.11513806600123644,0.00013602464166420031,-0.5259469111408425,0.20712364205800024,0.21384294863781675,-0.5259469111408425
0.47612425591796637,0.3166451333090663,0.4762461204081774,0.7806453267112374,0.019226545467972755,9.45949704617194e-06,-0.5259536998702301,0.15134906070624912,0.17474148354111335,-0.5259536998702301
0.5646100332960486,0.49658709298819304,0.4361492209136486,0.8914194917306304,0.20304248202592134,2.4333139413783407e-05,-0.5260072706357887,0.16538246090778685,0.17880080763751782,-0.5260072706357887
0.5914333062246442,0.4097936451435089,0.35282004065811634,0.842966984026134,0.16885825712233782,1.3009748071318454e-06,-0.5260135570199957,0.13701602890156678,0.15438703210269383,-0.5260135570199957
0.3650231445208192,0.4439663765951991,0.9312750641256571,0.8676449088379741,0.15193821024149656,7.859486241070635e-05,-0.5260990936284451,0.20132810844969232,0.21705502889926787,-0.5260990936284451
0.42868618946522474,0.39930546190589666,0.44780532643198967,0.717520160600543,0.1618927326053381,7.1335181275033415e-06,-0.5262337889197126,0.1698296241013178,0.17026654352051093,-0.5262337889197126
0.449874697253108,0.5575909120962024,0.4124448858201504,0.8480667630210519,0.1447725724428892,2.620108851778497e-05,-0.5263449121802567,0.16846155530294243,0.18923973574216282,-0.5263449121802567
0.5721239503473043,0.286189591512084,0.4177106488496065,0.9906317135319114,0.05871421750634909,1.662748879137202e-05,-0.526367456211634,0.15194101712901,0.14608311060512819,-0.526367456211634
0.497618050314486,0.40466155763715506,0.8996369615197182,0.7673613922670484,0.03416286874562502,0.0001433409852191742,-0.5263792785370005,0.1979135087405961,0.20805681833083192,-0.5263792785370005
0.5069478275254369,0.1095027644187212,0.9768892964348197,0.8957211188971996,0.13770041428506374,0.00019632029852651443,-0.5263947375228806,0.2093833350520128,0.265449743943557,-0.5263947375228806
0.41556715965270996,0.39202475920319557,0.45864551048725843,0.9565942129120231,0.253398971632123,4.3937184523437e-05,-0.5264935939810899,0.18784153971503684,0.22835614949889535,-0.5264935939810899
0.496220575645566,0.20318458694964647,0.39512994792312384,0.9911502012982965,0.07899371813982725,2.7308891477264892e-05,-0.526571731458629,0.1505924216057072,0.1491728331412829,-0.526571731458629
0.5383329316973686,0.24176055658608675,0.4142902046442032,0.9556747348979115,0.2311327662318945,4.88536685238495e-05,-0.5265927020735678,0.18045693750941968,0.20108542930639503,-0.5265927020735678
0.4870054256170988,0.5240907818078995,0.42387377843260765,0.9402538444846869,0.21709279902279377,5.4246716051215726e-05,-0.5266302417744911,0.1848319575813165,0.19998235460853195,-0.5266302417744911
0.4529323633760214,0.1949296509847045,0.9492200966924429,0.7484672702848911,0.13984105177223682,0.00012959733420916933,-0.5267187225765135,0.20547733394978457,0.22632649749737963,-0.5267187225765135
0.482970854267478,0.45403080992400646,0.2805908713489771,0.9186895918101072,0.08572795800864697,2.7433460898077983e-05,-0.5267231769687927,0.15703177251279393,0.17214267435864106,-0.5267231769687927
0.436807107180357,0.4557183738797903,0.9188564419746399,0.9054504614323378,0.04193970561027527,0.00010629061414123316,-0.5267578360303107,0.18278698944923769,0.20792723536474889,-0.5267578360303107
0.39764510840177536,0.3826362947002053,0.8108831578865647,0.7688024444505572,0.20518023986369371,3.916191121404092e-05,-0.5268144549236498,0.18872769139842838,0.2099745371704273,-0.5268144549236498
0.5734093990176916,0.3518781568855047,0.3187398947775364,0.7842323556542397,0.13630414102226496,4.46853568570718e-07,-0.5268686862640337,0.12235562206484879,0.1513281200887176,-0.5268686862640337
0.5602157721295953,0.14175074826925993,0.8744285153225064,0.8855654373764992,0.07033466175198555,8.666746562396755e-05,-0.5269368594042904,0.19040557611576606,0.20259095838063135,-0.5269368594042904
0.48867182340472937,0.4280795454978943,0.9453228702768683,0.989201451651752,0.23768162354826927,0.0001760193815079283,-0.5270043473101387,0.21421776501864037,0.26986376299981285,-0.5270043473101387
0.5000302093103528,0.26238663494586945,0.28372865449637175,0.8211157443001866,0.08009198028594255,2.0022309005614735e-06,-0.5271093481955671,0.1447053926826134,0.1640673849977149,-0.5271093481955671
0.5208454560488462,0.4493011636659503,0.9476187573745847,0.899965601041913,0.031050382182002068,0.00014725628286448004,-0.5272769820484664,0.18560119329845182,0.22033989628439293,-0.5272769820484664
0.345829114317894,0.4289931124076247,0.5211510946974158,0.962038085795939,0.17751296050846577,5.37248348322066e-05,-0.5275784135598535,0.1916568905392145,0.2088657320472619,-0.5275784135598535
0.5057946546003222,0.521243623457849,0.3034411361441016,0.8802667381241918,0.12548393104225397,2.1506484190919564e-05,-0.5277970077677314,0.16127122820799353,0.19180387727715711,-0.5277970077677314
0.5056446921080351,0.2517885221168399,0.4664879534393549,0.9307031696662307,0.2643742002546787,3.187748280854784e-05,-0.5278074793789377,0.1799434397925981,0.23007278346674698,-0.5278074793789377
0.4305240949615836,0.412525731138885,0.31415910739451647,0.966692790389061,0.08870827779173851,3.722414696904351e-05,-0.5278306247273181,0.15828438913607243,0.1815178262346779,-0.5278306247273181
0.46650243550539017,0.16941980738192797,0.3350400188937783,0.905916566029191,0.11872137989848852,1.6058541021225176e-05,-0.5279570589869137,0.15211891738906397,0.1821361619543512,-0.5279570589869137
0.42063585948199034,0.45438149478286505,0.4446963556110859,0.9913953561335802,0.226854276843369,8.333667307933259e-05,-0.5279987332580365,0.1951948390039879,0.210637900602121,-0.5279987332580365
0.5119597893208265,0.4410853888839483,0.4821137962862849,0.6953345285728574,0.14013030752539635,3.2194183482773826e-06,-0.5280377609166044,0.15743083987306442,0.17192154166986032,-0.5280377609166044
0.3920262046158314,0.2596193877980113,0.8289954410865903,0.8744857152923942,0.22937119472771883,6.899019998813962e-05,-0.5280825450102211,0.2002998670400328,0.23443686129429742,-0.5280825450102211
0.46994416788220406,0.3660924984142184,0.28207358811050653,0.7868165411055088,0.18619832303375006,9.548185103262747e-07,-0.5282298718670918,0.14759402793351423,0.19899240732758275,-0.5282298718670918
0.35879105515778065,0.3399358559399843,0.6952663380652666,0.8801677189767361,0.22965582180768251,5.45843109895903e-05,-0.5282962156490194,0.19094052294383093,0.22215568296430568,-0.5282962156490194
0.37470482010394335,0.2752763833850622,0.6312466785311699,0.895797754637897,0.2389300474897027,5.663018013560845e-05,-0.5283905810707815,0.19358602663380955,0.22486768196038712,-0.5283905810707815
0.4168448429554701,0.2250135587528348,0.6979736182838678,0.8634767569601536,0.027374766767024994,4.2959173448188104e-05,-0.5284328339715904,0.1610377270708673,0.18496108461360858,-0.5284328339715904
0.4062994057312608,0.5794033110141754,0.6938934288918972,0.9215281615033746,0.13299593515694141,6.0905554502517776e-05,-0.528436263762234,0.1836357971134153,0.18399941636205097,-0.528436263762234
0.5239248871803284,0.14437422435730696,0.8967556338757277,0.7619573781266809,0.12098102550953627,0.00013823276801805653,-0.5285112159620892,0.19012185323936914,0.2254920246127614,-0.5285112159620892
0.3831285135820508,0.3478027433156967,0.8127845302224159,0.8850463386625051,0.03610946983098984,7.030766546365395e-05,-0.528614555638457,0.1806989375687847,0.20233667280289022,-0.528614555638457
0.47218052577227354,0.4253226211294532,0.9017849881201982,0.937784687615931,0.2576495325192809,0.00010695802210522515,-0.528676756582412,0.20292568741391467,0.2716384748909009,-0.528676756582412
0.38551121298223734,0.15420788247138262,0.7849953100085258,0.8973704567179084,0.16572542861104012,0.0001213726754027568,-0.5286776135775787,0.19670775222020842,0.2041120218322554,-0.5286776135775787
0.5177099797874689,0.25394201651215553,0.3894050931558013,0.888373744674027,0.24420006480067968,1.4361117174880511e-05,-0.5287536273961841,0.1600012060806687,0.2167960337250348,-0.5287536273961841
0.4956461749970913,0.36141313146799803,0.4383371016010642,0.7122615715488791,0.06706726737320423,5.083095452827101e-06,-0.5287570506085314,0.15682936193947206,0.1384982622273979,-0.5287570506085314
0.37809192296117544,0.177663067355752,0.862232550047338,0.863152758218348,0.1173504265025258,0.0001244908587607155,-0.5288366726143608,0.19911719202963,0.20109756712642105,-0.5288366726143608
0.5121213663369417,0.4588662562891841,0.5367033630609512,0.9934572903439403,0.2609474519267678,9.12630997211159e-05,-0.5289205746383736,0.1978397639421392,0.22616550274553004,-0.5289205746383736
0.4835252808406949,0.1550195850431919,0.7685152562335134,0.8237754944711924,0.036930978298187256,4.680062654557806e-05,-0.5289309100324529,0.16535806841161174,0.18634747621546172,-0.5289309100324529
0.5335854133591056,0.5259220544248819,0.5493747293949127,0.786580853164196,0.06824292335659266,2.7726943914488938e-05,-0.5290440270229739,0.15987583370689273,0.1624207018791638,-0.5290440270229739
0.3808526396751404,0.30042153503745794,0.80843804217875,0.8757635299116373,0.23433934338390827,6.0849172934687525e-05,-0.5291525917965962,0.19676869660632273,0.2340560693962623,-0.5291525917965962
0.632839604280889,0.4144273800775409,0.6670600511133671,0.87897823844105,0.061985223554074764,2.4975081580409305e-05,-0.5292360700072583,0.15181302818427134,0.13008112169944758,-0.5292360700072583
0.5370729211717844,0.06932253576815128,0.7313477201387286,0.9087259024381638,0.13985584303736687,6.773128391728529e-05,-0.5292549778022074,0.18548634060472502,0.2366808745903864,-0.5292549778022074
0.4753750069066882,0.17843844275921583,0.8162133786827326,0.9206461198627949,0.23855740670114756,0.0001079076953366457,-0.5292874379030548,0.20687388689494174,0.25324162262028527,-0.5292874379030548
0.5650731958448887,0.23903578147292137,0.3995202677324414,0.7656247541308403,0.09453106112778187,1.6154801573972196e-06,-0.529323384743248,0.13805100665858183,0.12399795890098622,-0.529323384743248
0.4538077786564827,0.1817533141002059,0.5432651052251458,0.8502891631796956,0.23770718649029732,2.563682598399811e-05,-0.5293284758271383,0.17662373209918422,0.2276941952516323,-0.5293284758271383
0.5755144543945789,0.17086980305612087,0.5152484653517604,0.7846705541014671,0.09153604414314032,1.9677885407966247e-06,-0.5293434725257118,0.1446130377979945,0.14221624766738375,-0.5293434725257118
0.6221555834636092,0.39919879753142595,0.8758594412356615,0.8266093535348773,0.08657163381576538,4.788506295660111e-05,-0.5293561059280337,0.18066865077628816,0.16841587272204842,-0.5293561059280337
0.5536703420802951,0.532178258523345,0.5876323422417045,0.9636401357129216,0.0634444709867239,9.827437899422873e-05,-0.52936630123404,0.155571044765364,0.15226199207531496,-0.52936630123404
0.5352749777957797,0.48887751903384924,0.8205670276656747,0.9695385824888945,0.04026402346789837,0.00012237264271907773,-0.529371888555024,0.16766193775641874,0.1897822801947797,-0.529371888555024
0.4820131519809365,0.5072512160986662,0.5987359583377838,0.9986879089847207,0.2468042029067874,0.00011889721593684837,-0.529435236276459,0.2041647308162603,0.22205268118082075,-0.529435236276459
0.5927698817104101,0.1569086406379938,0.8839745549485087,0.8568129763007164,0.10301882494240999,7.467761078477373e-05,-0.5294591713352141,0.1903869383655056,0.2086863434668242,-0.5294591713352141
0.5253525944426656,0.1456468952819705,0.6842156369239092,0.8825570652261376,0.22573896776884794,5.7186305097378816e-05,-0.5295656760240928,0.1895816478897772,0.2371195216592056,-0.5295656760240928
0.4160965299233794,0.26769008953124285,0.31664237193763256,0.8265853235498071,0.10080796759575605,1.5125602450178786e-05,-0.5296276511992735,0.16652791829539051,0.17390032701924074,-0.5296276511992735
0.6262289471924305,0.4382190639153123,0.4950470933690667,0.8933100141584873,0.17097676452249289,7.515274319621478e-06,-0.5296886458043325,0.1558543147015105,0.1565425795969241,-0.5296886458043325
0.5038751559332013,0.6015346590429544,0.7353782784193754,0.8243939904496074,0.10602133441716433,4.543060649424559e-05,-0.5297987641391875,0.18431021893948388,0.21155963163660327,-0.5297987641391875
0.37854449078440666,0.4352181972935796,0.8334165718406439,0.9813918452709913,0.21000736393034458,0.00013103018137252702,-0.5299216196926773,0.2023540414998439,0.2213057055673598,-0.5299216196926773
0.41981712728738785,0.20534222293645144,0.7882364289835095,0.9427586356177926,0.044771512039005756,7.44501059131487e-05,-0.5299742865094464,0.16128548359618292,0.18459124784505931,-0.5299742865094464
0.5709207821637392,0.2104832585901022,0.7654884997755289,0.8200247082859278,0.214751947671175,4.7197158291447504e-05,-0.530026740216477,0.17705282237011802,0.22230134449868516,-0.530026740216477
0.45562599692493677,0.2531336983665824,0.3272337047383189,0.8843115558847785,0.06234482768923044,8.680681673468156e-06,-0.5300342963918605,0.1475249284246336,0.15974743044328737,-0.5300342963918605
0.47951105423271656,0.3336709151044488,0.9277955126017332,0.8573927488178015,0.005378403700888157,0.00010880437410927124,-0.5300614261575655,0.18982524030502534,0.24189067631204578,-0.5300614261575655
0.4705278156325221,0.4474753448739648,0.3838542979210615,0.8626427846029401,0.042276667430996895,1.8419277516900313e-05,-0.5300834463273394,0.14287734228464902,0.15941651224419082,-0.5300834463273394
0.5054204473271966,0.3847034415230155,0.886516391299665,0.8843621509149671,0.00028745271265506744,0.00010767740301471742,-0.5302982090259445,0.17642314208310686,0.23759520723491617,-0.5302982090259445
0.4989904873073101,0.4589287033304572,0.591804089024663,0.8272754717618227,0.00951095949858427,4.242017058580266e-05,-0.5303222255585618,0.14830696141980496,0.19451610890778145,-0.5303222255585618
0.5598197132349014,0.5051758624613285,0.47424208745360374,0.7744622221216559,0.10067307204008102,1.2285710154480777e-05,-0.5304777960294373,0.1546276020212023,0.15146274078229052,-0.5304777960294373
0.39277511928230524,0.5336005799472332,0.8785948473960161,0.8829244915395975,0.1460263691842556,6.279530126910923e-05,-0.5305150371003095,0.196042378943884,0.2064743870928706,-0.5305150371003095
0.6274305088445544,0.3663433324545622,0.8953414913266897,0.8526962781324983,0.07839455176144838,5.01544394160587e-05,-0.530526759331466,0.18252618102420523,0.1761849342575125,-0.530526759331466
0.45151399821043015,0.09286692552268505,0.8679012767970562,0.8634980171918869,0.14966119173914194,0.00013657751237853628,-0.5305951986493948,0.1954949727426735,0.2435197882006403,-0.5305951986493948
0.43597162142395973,0.39521517883986235,0.3816227149218321,0.9757956014946103,0.241991245187819,4.912521728950029e-05,-0.5306632090781945,0.1906465505358646,0.2210965595166708,-0.5306632090781945
0.3406390016898513,0.2908236440271139,0.6642545759677887,0.790471619926393,0.1038492051884532,6.32040593329988e-05,-0.5307840850284493,0.19477384817602103,0.18067852857375466,-0.5307840850284493
0.3182906862348318,0.3165984349325299,0.6802859725430608,0.9650949966162443,0.16045707277953625,8.472428145042069e-05,-0.5308282986182864,0.19986314667051683,0.22652845337793542,-0.5308282986182864
0.6130465855821967,0.37981694377958775,0.5588664803653955,0.7754725962877274,0.180602315813303,9.80274204564497e-07,-0.5310366266666027,0.14014137598932722,0.16440339707824447,-0.5310366266666027
0.4967444324865937,0.4612237010151148,0.4249067362397909,0.8533925842493773,0.249775480479002,1.1400113021657636e-05,-0.531108454135064,0.16051180629010464,0.2250769221273843,-0.531108454135064
0.6270657991990447,0.1911016283556819,0.7759577035903931,0.9071541046723723,0.10400536563247442,2.685005366146977e-05,-0.5312093885533546,0.18268442819595201,0.17456308445762125,-0.5312093885533546
0.40796521306037903,0.12811392731964588,0.6155961556360126,0.8167750956490636,0.11925407405942678,7.06176477329137e-05,-0.5312754556003575,0.17197621572011457,0.17482143517024623,-0.5312754556003575
0.4945753114297986,0.5026298323646188,0.5531777711585164,0.9473403049632907,0.2578647881746292,6.309307424594884e-05,-0.5313837985682615,0.19215580979046873,0.2258388257415993,-0.5313837985682615
0.5659467093646526,0.17462664935737848,0.9250315679237247,0.8670940129086375,0.18549519311636686,0.00014673889472904854,-0.5314118302330826,0.20647206742637372,0.2455721721783197,-0.5314118302330826
0.4776572482660413,0.4103069407865405,0.98636410292238,0.9828725755214691,0.038991810753941536,0.0001685671881495527,-0.5314189914385777,0.18077109861806737,0.2332877731655053,-0.5314189914385777
0.646074341610074,0.25679140724241734,0.555530252866447,0.9457945479080081,0.1231343261897564,1.4912726074274849e-05,-0.5314406176764055,0.16882527443846634,0.1710785136776716,-0.5314406176764055
0.38866673316806555,0.16578824538737535,0.7014585202559829,0.7887936029583216,0.1488164896145463,7.320733794317763e-05,-0.5314735449356434,0.1874957691987383,0.1772271499679457,-0.5314735449356434
0.4568260656669736,0.23603613581508398,0.9799431962892413,0.805009150877595,0.21111741103231907,0.00013907643164842197,-0.5316348798471181,0.2072834017312316,0.2681957405546519,-0.5316348798471181
0.5726870913058519,0.15120198391377926,0.9707169644534588,0.8933769585564733,0.10587756521999836,0.00016267252275552373,-0.5316843112977938,0.2108233675201874,0.23478714516390511,-0.5316843112977938
0.3497462207451463,0.3017424941062927,0.39654368814080954,0.8944384539499879,0.12038947362452745,4.6694510872319577e-05,-0.5316945838924773,0.18009014445244584,0.20935495840184695,-0.5316945838924773
0.517083733342588,0.5466040773317218,0.3413477689027786,0.8699557408690453,0.13028030656278133,2.2377994911296522e-05,-0.5317291275691646,0.16063712440331948,0.19308247717233037,-0.5317291275691646
0.45326514542102814,0.29312352929264307,0.8960756491869688,0.7424658890813589,0.20992954075336456,7.515665947543666e-05,-0.5317907527102742,0.19282440566074877,0.24418716679543068,-0.5317907527102742
0.5637665847316384,0.29039830155670643,0.4765366166830063,0.7030153907835484,0.10749883204698563,1.2363991075519116e-06,-0.5318294875149963,0.14048097868976195,0.13202508195362508,-0.5318294875149963
0.45481916051357985,0.43811391573399305,0.7170721255242825,0.9765126500278711,0.27576730493456125,8.64679898283445e-05,-0.5319389992684432,0.2018063282670818,0.24714167159823164,-0.5319389992684432
0.5543962651863694,0.4949058322235942,0.7020848104730248,0.9200990926474333,0.029284048825502396,9.772497093912198e-05,-0.5319433368716687,0.15102967926073002,0.17486751872351827,-0.5319433368716687
0.33977384958416224,0.27918010018765926,0.8180415919050574,0.8985619712620974,0.0893851350992918,9.010474063854214e-05,-0.5319437517959361,0.2008277201303635,0.20214860310669894,-0.5319437517959361
0.4256776859983802,0.13631524704396725,0.7129788463935256,0.8759917141869664,0.20514500606805086,9.548860283286948e-05,-0.5321168602421952,0.1947463879716131,0.21678780183697316,-0.5321168602421952
0.432233520783484,0.30239399429410696,0.7997687449678779,0.7449308559298515,0.037195540964603424,5.4717540536183066e-05,-0.5322208713389425,0.19375558043377283,0.1808183111989196,-0.5322208713389425
0.49701204150915146,0.43168142810463905,0.8791803093627095,0.7006619721651077,0.15762888174504042,9.858493495690049e-05,-0.5323091514864504,0.19609840643699847,0.22113077196452632,-0.5323091514864504
0.376690442673862,0.3243542080745101,0.7670376291498542,0.8588848188519478,0.23962678108364344,4.948872598402199e-05,-0.5327747953972444,0.192484553699258,0.23172879989487152,-0.5327747953972444
0.4929538927972317,0.23380880057811737,0.6865125223994255,0.9793573394417763,0.011236094869673252,5.578894728687855e-05,-0.5328421011451316,0.14294445652512391,0.19871333856537682,-0.5328421011451316
0.5466646794229746,0.5752434032037854,0.5713613349944353,0.7968321181833744,0.13958072196692228,2.0365380701312467e-05,-0.5328431648048799,0.16606838269704766,0.20045302327433345,-0.5328431648048799
0.36757009848952293,0.39169615134596825,0.9396880194544792,0.8622678807005286,0.07871612999588251,0.00010267244724862774,-0.5329091524333183,0.20878770035635558,0.20633590263127394,-0.5329091524333183
0.4101438755169511,0.3067349884659052,0.2705277884379029,0.9173372527584434,0.17835778929293156,1.829234571970209e-05,-0.5329487129022938,0.17838062786037884,0.2142195310083096,-0.5329487129022938
0.4322582818567753,0.22212934866547585,0.38663974590599537,0.898128442466259,0.06492635328322649,2.0194027818822638e-05,-0.5330134360685629,0.14586697170202803,0.15505604502593182,-0.5330134360685629
0.5529571212828159,0.496315891854465,0.9726994009688497,0.7867963444441557,0.12618562206625938,0.00020942478047383296,-0.5333454960790283,0.2063466969961908,0.23125584004866248,-0.5333454960790283
0.5668572066351771,0.36185155156999826,0.45325444638729095,0.996984857134521,0.24127511400729418,7.238609819981253e-05,-0.5335594095845054,0.18828084164772727,0.20791125516374337,-0.5335594095845054
0.4007094372063875,0.512327047996223,0.7426246786490083,0.9752532429993153,0.21174946147948503,0.00011467738281333905,-0.5336665387267137,0.20142242879708955,0.2038149920822791,-0.5336665387267137
0.3921063123270869,0.42681747023016214,0.9932968858629465,0.790598688647151,0.12402389198541641,0.00010698111486948399,-0.5336686369319501,0.21604793733071026,0.22168394671979938,-0.5336686369319501
0.3506120899692178,0.36224132496863604,0.9337735557928681,0.9804658461362123,0.16257410123944283,0.00013127583944651667,-0.53371364453907,0.20685301497307357,0.2385221636450576,-0.53371364453907
0.3501552455127239,0.3633947419002652,0.64725970197469,0.8442257810384035,0.05732628330588341,4.769589949723114e-05,-0.5338213285409013,0.18761388554977748,0.1870900628841118,-0.5338213285409013
0.5869700694456697,0.3446837980300188,0.4786766543984413,0.9750309959053993,0.03478773217648268,2.2346697276994955e-05,-0.5338213388619597,0.13188129997668022,0.15969002619550668,-0.5338213388619597
0.5205833027139306,0.3165853312239051,0.4025626927614212,0.9150883853435516,0.26681871712207794,1.7574689214272467e-05,-0.5338320994365521,0.16569436341463584,0.22782979811661208,-0.5338320994365521
0.5471241027116776,0.5177506636828184,0.6550549976527691,0.9688348099589348,0.23235053103417158,0.00011055203783950212,-0.5338671228675405,0.2033187036859566,0.21002196496365888,-0.5338671228675405
0.5459978338330984,0.26533686462789774,0.604471867904067,0.7043768642470241,0.19296163506805897,3.6417797960391744e-06,-0.5339031191196745,0.15069750406234086,0.1952910733302527,-0.5339031191196745
0.492324466817081,0.08177796937525272,0.5226892894133925,0.933804445900023,0.15466760471463203,6.97905052824517e-05,-0.5339426287843647,0.16522213450967108,0.21891287380370314,-0.5339426287843647
0.5957809593528509,0.2027689227834344,0.8600585954263806,0.780029259622097,0.145034103654325,5.2432071637832e-05,-0.5339909765929409,0.1754231473965825,0.20473419153603897,-0.5339909765929409
0.5384820308536291,0.4367168014869094,0.6401107860729098,0.9357027197256684,0.0024273693561553955,9.500651658265677e-05,-0.534014783619995,0.1267684784726623,0.20187985829766483,-0.534014783619995
0.4024991150945425,0.4712237026542425,0.8776833042502403,0.7842521984130144,0.17583978362381458,5.835496607264942e-05,-0.5340314135639808,0.20029999363852435,0.2063942188038572,-0.5340314135639808
0.5780265629291534,0.553870540112257,0.8676296602934599,0.8971077678725123,0.12970206514000893,9.074162101979996e-05,-0.5340419850580576,0.19799645237735333,0.2093628291824725,-0.5340419850580576
0.6133165778592229,0.39296716544777155,0.7248542569577694,0.7465601861476898,0.14688078220933676,6.4579374248702584e-06,-0.5341363727349021,0.16040145793622668,0.15881682275733794,-0.5341363727349021
0.6363098667934537,0.34292342606931925,0.9432859281077981,0.8868374889716506,0.126830842345953,6.467317423808857e-05,-0.5341618475167039,0.19275150130531685,0.2118112026876749,-0.5341618475167039
0.6337131634354591,0.2700564721599221,0.502774084918201,0.9560289680957794,0.16660063154995441,2.1028016853507338e-05,-0.5341634891542841,0.17494981367529017,0.17720743538959371,-0.5341634891542841
0.6081347810104489,0.3970461944118142,0.506151782348752,0.7505584163591266,0.10583650507032871,1.6023537868861836e-06,-0.5341847080545375,0.1401876660604713,0.12265123786739159,-0.5341847080545375
0.4558423785492778,0.49904368817806244,0.7246860098093748,0.7939166920259595,0.2302392916753888,3.312619277657016e-05,-0.5342196632337319,0.1806544586321796,0.23060815669353432,-0.5342196632337319
0.514112506993115,0.2855658167973161,0.5952643388882279,0.8698831396177411,0.2903799656778574,1.6288037232057302e-05,-0.5342895887063712,0.17176475780488296,0.25666316709210135,-0.5342895887063712
0.3786498149856925,0.28500496968626976,0.6984423995018005,0.7315849158912897,0.09151058737188578,5.537032322114019e-05,-0.5343011190482655,0.19467431788132586,0.15360550758343378,-0.5343011190482655
0.44086609315127134,0.36407690960913897,0.7146270116791129,0.863747532479465,0.28863092325627804,2.2665738106771393e-05,-0.5343469384116402,0.18451289607995475,0.26088818459222446,-0.5343469384116402
0.5467162868008018,0.24585285875946283,0.4731400180608034,0.7295800652354956,0.18617882672697306,6.103853374615595e-07,-0.534356007290258,0.13773385387553833,0.1778178165631826,-0.534356007290258
0.6443313043564558,0.38377461582422256,0.584354012273252,0.910429029725492,0.06926107779145241,7.413752542183412e-06,-0.5344012518736689,0.14621973080852702,0.13606833378952998,-0.5344012518736689
0.4597568605095148,0.37179296370595694,0.34931652806699276,0.8498509051278234,0.036381909623742104,8.229388336271148e-06,-0.5344480813618866,0.1455716741786336,0.17065763828480454,-0.5344480813618866
0.3460950870066881,0.32370682805776596,0.43424578197300434,0.8713990999385715,0.0955257248133421,5.0792779017505124e-05,-0.5344736898273336,0.1808772098617036,0.20017970619667835,-0.5344736898273336
0.5467545678839087,0.3370080227032304,0.6582210576161742,0.7691427301615477,0.2501564007252455,1.0829542438182189e-05,-0.534489810285086,0.1509921887417175,0.24059186205957206,-0.534489810285086
0.6280513862147927,0.45021865889430046,0.5234013246372342,0.9260299131274223,0.08732821047306061,3.171342991667541e-05,-0.5345406465272717,0.15109508993402998,0.12520095997385558,-0.5345406465272717
0.4039362920448184,0.4731248151510954,0.6644113697111607,0.9146138150244951,0.03981480933725834,8.672153761278182e-05,-0.534623479286548,0.16195797584910981,0.17342670998938403,-0.534623479286548
0.6195536879822612,0.32896201498806477,0.4418865889310837,0.8382106311619282,0.1849441984668374,2.757815949463295e-06,-0.5346917882609773,0.13332982929984316,0.16449286794505003,-0.5346917882609773
0.6288639213889837,0.3611453678458929,0.6857318226248026,0.9713542843237519,0.19975578505545855,8.471248623797997e-05,-0.5347177192527309,0.1932832895992804,0.1897021352532864,-0.5347177192527309
0.39113711286336184,0.18332517705857754,0.7385291745886207,0.8098091641440988,0.07512257155030966,8.8749671928906e-05,-0.5347336595070097,0.1823864041205159,0.16040668469593916,-0.5347336595070097
0.4450086858123541,0.11632306221872568,0.7905417336151004,0.89165791682899,0.07114243507385254,0.00010999966054159199,-0.5348052230825987,0.1708826242160428,0.1854032959120248,-0.5348052230825987
0.3702259222045541,0.4635856933891773,0.5049060750752687,0.793030671775341,0.12095780577510595,3.4955948685880457e-05,-0.5349005825520718,0.18692058045626753,0.16547779039377153,-0.5349005825520718
0.6054595038294792,0.22622414492070675,0.7827602941542864,0.9956433083862066,0.06748404167592525,5.6494910546287585e-05,-0.5349011243533697,0.19642214390664856,0.17284452679140347,-0.5349011243533697
0.49462190084159374,0.09182733204215765,0.4942663935944438,0.9011603640392423,0.10165867488831282,4.253863921559345e-05,-0.5350157767376662,0.14602918360104736,0.18821708793309788,-0.5350157767376662
0.5076172715052962,0.2755291862413287,0.49273128528147936,0.6706454129889607,0.12162631563842297,2.5535923240735907e-06,-0.5350528240814103,0.15521863506890582,0.1561609038312019,-0.5350528240814103
0.42368212901055813,0.29955592565238476,0.43095699418336153,0.8576402207836509,0.029965780675411224,1.9770044575490013e-05,-0.5351424242453735,0.1465576561781224,0.18071764436349622,-0.5351424242453735
0.4272142294794321,0.48624780401587486,0.3068211814388633,0.9603463225066662,0.14242961071431637,4.7023923830049854e-05,-0.535191694747494,0.18019822843719546,0.19695988883159823,-0.535191694747494
0.4460691809654236,0.32952535059303045,0.3514588437974453,0.9293932700529695,0.2504257634282112,2.2255095250759265e-05,-0.5351998297827127,0.1806302254019797,0.22556389785126799,-0.5351998297827127
