x1,x2,x3,x4,x5,ensemble_ei,ensemble_mu_mean_model,ensemble_sigma_mean_model,ensemble_mu_std_model,ensemble_mu_mean_original_approx
0.45521295443177223,0.3162356410175562,0.577952996827662,0.869216475635767,0.12318252772092819,0.007034670050268294,-0.3731801167134934,0.09508285842518666,0.1506952581874869,-0.3731801167134934
0.47021025978028774,0.3855620361864567,0.634604137390852,0.8757465612143278,0.1042415825650096,0.010361520548497007,-0.3776865249952742,0.10397598703351876,0.15449652089267638,-0.3776865249952742
0.4180217469111085,0.34389127790927887,0.6284318109974265,0.8819778999313712,0.1365516697987914,0.008650089254497366,-0.3786370249707797,0.09912806349218896,0.15872996002494646,-0.3786370249707797
0.4440391808748245,0.36881779693067074,0.5360180418938398,0.8805042961612344,0.12032081093639135,0.0072883150739277,-0.3804933978831069,0.09441916923343545,0.15194190745406896,-0.3804933978831069
0.5155899273231626,0.334543714299798,0.6758398981764913,0.8483193339779973,0.10884472727775574,0.009528029253999051,-0.3821503774691458,0.10633813866675323,0.1594993061819482,-0.3821503774691458
0.45937454607337713,0.30890451557934284,0.599088791757822,0.8961344566196203,0.09834888111799955,0.008413538694103773,-0.3832931082774623,0.10573720052003552,0.14162422546794654,-0.3832931082774623
0.47905424144119024,0.3314188653603196,0.6532749403268099,0.9750818219035864,0.14970213267952204,0.006687340085137411,-0.3842203693746147,0.09305763851325474,0.12520184171733703,-0.3842203693746147
0.46464032866060734,0.3553109737113118,0.530190235003829,0.9054182264953852,0.1716111758723855,0.005696295760877265,-0.3852543709896375,0.08880959200233729,0.1443854642031272,-0.3852543709896375
0.45249846391379833,0.3297680923715234,0.6150863254442811,0.8443183591589332,0.1666725929826498,0.007444395291398204,-0.38641309800891804,0.10226386394732367,0.15491641280289514,-0.38641309800891804
0.5267625311389565,0.35636415146291256,0.7180037368088961,0.9014772698283195,0.10388972517102957,0.007279225112147395,-0.3954627940157098,0.1018416496798639,0.165908306368196,-0.3954627940157098
0.4232997475191951,0.3616674793884158,0.6811846708878875,0.9039389081299305,0.09312255028635263,0.009060400704368268,-0.3971513485720828,0.10921638077900997,0.16713750496130805,-0.3971513485720828
0.5114281456917524,0.29010226018726826,0.6549463048577309,0.8858431270346045,0.1151232747361064,0.00788150807049503,-0.3976712351357405,0.11037608566124782,0.1445563033857885,-0.3976712351357405
0.5330343814566731,0.38859887327998877,0.5703268870711327,0.8798622451722622,0.171289567835629,0.007217948897857592,-0.399202498444329,0.1062336154437099,0.1416993364049878,-0.399202498444329
0.5222598351538181,0.3080346221104264,0.6607738584280014,0.89220205321908,0.15764367301017046,0.006369068623794759,-0.3992753348010677,0.10375852781299766,0.14215440020520562,-0.3992753348010677
0.5411386229097843,0.33241053111851215,0.5909517463296652,0.9709585644304752,0.09040550049394369,0.007727664989437185,-0.3997696527100741,0.10538848517187416,0.10872746242402201,-0.3997696527100741
0.5090440642088652,0.3479492086917162,0.6127535384148359,0.8422835394740105,0.1898732827976346,0.006209557711313751,-0.40405985800394595,0.10497228814794161,0.15439713703014882,-0.40405985800394595
0.45044625643640757,0.40639088582247496,0.5485852956771851,0.9717808747664094,0.13354746717959642,0.007808243772090491,-0.4070090977349558,0.10190028314162762,0.11705834014647443,-0.4070090977349558
0.4302846463397145,0.3382456414401531,0.727236270904541,0.8677530232816935,0.1394152045249939,0.006873340312111481,-0.4073297348942929,0.10792830086839339,0.17555959696192433,-0.4073297348942929
0.5592474108561873,0.4058270491659641,0.6113590598106384,0.9047756856307387,0.12100696098059416,0.008410955114655954,-0.4085940798858047,0.113627356372246,0.13674327591817703,-0.4085940798858047
0.5540491323918104,0.31847598496824503,0.6007449310272932,0.9929424813017249,0.13292297068983316,0.008598732480781631,-0.40955311015263723,0.11391509322828551,0.10673855988374988,-0.40955311015263723
0.44835994113236666,0.2950918013229966,0.5932476781308651,0.8897833051159978,0.1720968233421445,0.0057909415527733436,-0.4096220273469372,0.10698536873096579,0.1442413209118186,-0.4096220273469372
0.5181211223825812,0.3173193344846368,0.6386891352012753,0.8732101526111364,0.18357577733695507,0.005647519229847999,-0.4106813342280012,0.10602010933150613,0.14489364409916558,-0.4106813342280012
0.462491556070745,0.3500242605805397,0.48822432942688465,0.9314995910972357,0.08765718899667263,0.006003876406279562,-0.4134585349605021,0.0973999779924949,0.13334996236523053,-0.4134585349605021
0.4961179159581661,0.399098320864141,0.6756532676517963,0.9006525771692395,0.18573751766234636,0.0075934747848973505,-0.4158329095979312,0.1165236068310158,0.1526598301511715,-0.4158329095979312
0.4876545602455735,0.37740592658519745,0.5367292761802673,0.8179969321936369,0.19013397488743067,0.005916822184396351,-0.4171133314876554,0.11118284571993309,0.16235498802154977,-0.4171133314876554
0.49214804638177156,0.31360833533108234,0.6630850229412317,0.9970580162480474,0.075943767093122,0.008636104407295299,-0.4176847043343541,0.11453138718741783,0.13124770399907468,-0.4176847043343541
0.46270999033004045,0.4007452642545104,0.5888189217075706,0.7779982052743435,0.13851269520819187,0.010841938752659286,-0.4177044978238097,0.13167781106885199,0.1628572063706664,-0.4177044978238097
0.5291279200464487,0.34199842624366283,0.5237070480361581,0.9080146970227361,0.1947967279702425,0.0044016908394802125,-0.4192713522984125,0.09940588799726864,0.13927183002242016,-0.4192713522984125
0.4423217074945569,0.36334702651947737,0.44724580086767673,0.9095310093834996,0.13799085468053818,0.005726955478768781,-0.4200484273148415,0.10454848229625899,0.1537218843486705,-0.4200484273148415
0.4806867726147175,0.34521906170994043,0.5894124070182443,0.9654907016083598,0.051091644912958145,0.006367057602331611,-0.4201738679180484,0.0957962721424258,0.13272086088348328,-0.4201738679180484
0.38647887017577887,0.3939154166728258,0.5456233592703938,0.8772140890359879,0.15075346361845732,0.007482945436296696,-0.42254518214632664,0.11778989064919117,0.15655416309426004,-0.42254518214632664
0.40558029245585203,0.41518607549369335,0.5678897369652987,0.8730063484981656,0.15555552765727043,0.009190794476246477,-0.42328521734523333,0.12645064592491076,0.15225275598208154,-0.42328521734523333
0.5392845747992396,0.41202249377965927,0.5246395608410239,0.845506863668561,0.12402273342013359,0.006776036982443703,-0.42364212188123873,0.11240545062830687,0.15140284283454228,-0.42364212188123873
0.43442378006875515,0.28698398545384407,0.6895361142233014,0.8975967243313789,0.14485457818955183,0.006045872327173985,-0.4248858298214756,0.11674406006657222,0.1508023619068057,-0.4248858298214756
0.36393122654408216,0.37180979643017054,0.5571395391598344,0.9112546611577272,0.14330877177417278,0.006145621480400034,-0.42520435895302344,0.10749417229700155,0.15873391860050776,-0.42520435895302344
0.4879788141697645,0.3111600074917078,0.6370645156130195,0.7688422491773963,0.08527442440390587,0.009183279885094845,-0.4254758731061218,0.1351583838148528,0.15966849187138246,-0.4254758731061218
0.49017192609608173,0.4225191995501518,0.7215830413624644,0.8744611395522952,0.10904170945286751,0.009384847061905054,-0.42650433048900255,0.12653704139276917,0.17150008694305954,-0.42650433048900255
0.48713094368577003,0.3794100359082222,0.7651071809232235,0.9513071905821562,0.09225495997816324,0.0035774638878848346,-0.4271370945226826,0.0994223174586935,0.17556037625752619,-0.4271370945226826
0.4120028084143996,0.32043809350579977,0.7057932838797569,0.8457760820165277,0.08818596415221691,0.01084304782570901,-0.42907167069127555,0.13617840288404373,0.17158306717369967,-0.42907167069127555
0.5840627532452345,0.3809793908149004,0.7084134379401803,0.9032987589016557,0.13577431719750166,0.006093010900412713,-0.4295366428704132,0.1140935428037014,0.1607059373174435,-0.4295366428704132
0.47299600299447775,0.3275999706238508,0.7815634254366159,0.9239350976422429,0.11817324627190828,0.004543260402064575,-0.4304672454693605,0.10144912823358668,0.18120598049139977,-0.4304672454693605
0.5059785051271319,0.3736239345744252,0.7238446269184351,0.8765707639977336,0.18645344022661448,0.005788484246542925,-0.43090479943891397,0.11493573537688208,0.16501073467449556,-0.43090479943891397
0.5499180601909757,0.3062615403905511,0.5757324201986194,0.7728969873860478,0.14310806430876255,0.004170234724180021,-0.432025000751694,0.11210860704711244,0.15632552758030333,-0.432025000751694
0.4856023620814085,0.363269442692399,0.5952347004786134,0.9435368701815605,0.21960034407675266,0.006546348205477947,-0.4333739560489241,0.10517070056585075,0.14296266963723617,-0.4333739560489241
0.6111772432923317,0.36464284360408783,0.6175464121624827,0.9000054355710745,0.1508913477882743,0.006763009815855207,-0.43371144983357096,0.11714490105227672,0.14973296589602345,-0.43371144983357096
0.4321537110954523,0.417813366279006,0.6686164224520326,0.9952173940837383,0.1686336798593402,0.006765675561070376,-0.4338987059835481,0.12046437177178969,0.1389311474797786,-0.4338987059835481
0.5947723453864455,0.2974806912243366,0.5564287835732102,0.8843904742971063,0.1298969341441989,0.005383729211967024,-0.434376628571035,0.1151880112498206,0.14766863632777255,-0.434376628571035
0.4143409002572298,0.2809113338589668,0.6651869062334299,0.8521216185763478,0.14185400679707527,0.0064780153093625305,-0.4355374518849643,0.1271179835783958,0.15333771961971168,-0.4355374518849643
0.4576084455475211,0.3604017812758684,0.6334538329392672,0.8132386663928628,0.20627340395003557,0.007619172970551552,-0.4356256189685558,0.12588706092672375,0.16792596028866663,-0.4356256189685558
0.4140552431344986,0.4313153149560094,0.6471026102080941,0.9703268324956298,0.11731710005551577,0.007314480132228872,-0.43643492927871286,0.12413045646196745,0.137841603039596,-0.43643492927871286
0.39515514858067036,0.3600205210968852,0.5787556581199169,0.7766611250117421,0.1061867605894804,0.010142761096907307,-0.43645215043541524,0.14206827722877202,0.16881229352195173,-0.43645215043541524
0.5612233132123947,0.3575266133993864,0.5528009617701173,0.7792510846629739,0.08742399513721466,0.006534110885474138,-0.43721960411018607,0.12333687306924983,0.15647023037674543,-0.43721960411018607
0.3751940783113241,0.32306340243667364,0.5581906167790294,0.9736176207661629,0.1031907731667161,0.007035607444011062,-0.4378064929208255,0.1138809057343098,0.1347819634949386,-0.4378064929208255
0.47635976690799,0.4297434501349926,0.5768408318981528,0.9317091358825564,0.19496375881135464,0.008420643766576532,-0.4379134150961586,0.1303225140035804,0.13578676047102198,-0.4379134150961586
0.5917032724246383,0.3433257332071662,0.6877895137295127,0.9943931708112359,0.11815509293228388,0.007284048913015537,-0.43805061134958534,0.12308639621870811,0.13943052881080123,-0.43805061134958534
0.5327912112697959,0.36119426786899567,0.46973242331296206,0.7827532794326544,0.120552116073668,0.003958466585771156,-0.43862221234912957,0.10842064750248433,0.16931137919042982,-0.43862221234912957
0.5039260946214199,0.38975932355970144,0.6574055878445506,0.752036084420979,0.15283662267029285,0.009690823654798593,-0.4389483953371803,0.1395155891383245,0.16610774408633575,-0.4389483953371803
0.5349494609981775,0.371484880335629,0.5118205109611154,0.7572817895561457,0.13773385994136333,0.0050256332774831465,-0.4392717103374944,0.11644494295733322,0.16765335800979078,-0.4392717103374944
0.4771393612027168,0.40901617985218763,0.7118433071300387,0.8495698273181915,0.18276629783213139,0.008548638793041853,-0.43956176088587995,0.1330930043272161,0.16736235211257447,-0.43956176088587995
0.46690221037715673,0.3875415436923504,0.6259311372414231,0.7448909990489483,0.15954016987234354,0.010214703715998823,-0.43970199631084406,0.14281497372204927,0.16737743498031646,-0.43970199631084406
0.5161909833550453,0.427143226377666,0.6973798088729382,0.9976986348628998,0.1499933497980237,0.007301757866671006,-0.43984663820515185,0.1263151392384914,0.13934040017153101,-0.43984663820515185
0.46832160744816065,0.2698538647964597,0.5510838208720088,0.8599331900477409,0.1769286561757326,0.004502211258583444,-0.4407359220560752,0.11547489431828507,0.1564572813763291,-0.4407359220560752
0.4939857358112931,0.3746801894158125,0.5446789963170886,0.7496563671156764,0.1746418671682477,0.006534191812670748,-0.4417444836327751,0.12770535828665372,0.16892424955752358,-0.4417444836327751
0.5989117585122585,0.3272589258849621,0.5189708285033703,0.8497698185965419,0.15584441274404526,0.002082852083409106,-0.44303235645823363,0.09994076066746439,0.15501095233190157,-0.44303235645823363
0.44204801972955465,0.38293856009840965,0.594697973690927,0.7560293739661574,0.08725718036293983,0.010976066832655878,-0.44342658042511546,0.14757619304969377,0.1655107043007713,-0.44342658042511546
0.3971920656040311,0.376111694611609,0.5202492820098996,0.8991831345483661,0.07696786988526583,0.005888418087689723,-0.44354335281323753,0.11804494674776514,0.14714030172508202,-0.44354335281323753
0.6060826051980257,0.35068159829825163,0.5647804690524936,0.8780368836596608,0.07622130308300257,0.005728740985366438,-0.4435531802597832,0.11931387295302902,0.14393968791852627,-0.4435531802597832
0.4831855036318302,0.29381284210830927,0.6780451899394393,0.7595691420137882,0.12877503223717213,0.006946323438687001,-0.4442479323537592,0.1354309008094616,0.15990191713806326,-0.4442479323537592
0.49329200107604265,0.34086467791348696,0.7757337111979723,0.9146540965884924,0.16948651801794767,0.0035309467496488106,-0.444344388884038,0.10196941438280589,0.1732067123210613,-0.444344388884038
0.48600290063768625,0.4523122012615204,0.6955711152404547,0.8913768911734223,0.1144971763715148,0.009367964797177546,-0.4459559826965168,0.13796831370367055,0.16286699220222625,-0.4459559826965168
0.39540210366249084,0.38730260357260704,0.49380156490951777,0.9357815599068999,0.18033103831112385,0.005408515034164546,-0.44615443084009143,0.11618394213605644,0.13712324990087804,-0.44615443084009143
0.5299933440983295,0.38664118107408285,0.563608062453568,0.7490143161267042,0.10012331511825323,0.008059589348112916,-0.44629560197161167,0.13445016956759132,0.16282747149646945,-0.44629560197161167
0.50110983569175,0.3229810418561101,0.7584588127210736,0.7976455893367529,0.1398814059793949,0.006350538621383716,-0.44633232281834895,0.12598162067151,0.17669347553999112,-0.44633232281834895
0.4075090838596225,0.38618785608559847,0.5799289811402559,0.9641689378768206,0.20823340117931366,0.005885813602309015,-0.4463996590866591,0.1072725632522141,0.13524238525442833,-0.4463996590866591
0.4208867186680436,0.2944081425666809,0.6077736550942063,0.8303253725171089,0.058933124877512455,0.008726143667680646,-0.44653001268898573,0.14211310326858467,0.15677970378796746,-0.44653001268898573
0.49815506767481565,0.35268947947770357,0.7419704766944051,0.7751877335831523,0.15270011685788631,0.007407184195288357,-0.44659347257644705,0.13260339723923317,0.17713137408692706,-0.44659347257644705
0.49282947182655334,0.3398170890286565,0.5475995223969221,0.7842734064906836,0.04812504630535841,0.007416865566950627,-0.44663888605810426,0.12967577919247583,0.16931957573320697,-0.44663888605810426
0.5105631686747074,0.39375393092632294,0.778842399828136,0.8344208728522062,0.12185991369187832,0.008149132356891737,-0.44675563414120345,0.12933538400990677,0.18781507495732838,-0.44675563414120345
0.5520121837034822,0.4292784510180354,0.5343657350167632,0.8704054737463593,0.16644440777599812,0.0070440800521216875,-0.4475476876733366,0.12953268360460007,0.14258874169688693,-0.4475476876733366
0.5487544732168317,0.3640174428001046,0.656567987985909,0.9395433757454157,0.036156412214040756,0.006594932758262163,-0.4476268305127155,0.11228918585710458,0.1601007220140423,-0.4476268305127155
0.5736544467508793,0.3949071550741792,0.7337705576792359,0.8813372571021318,0.0932916970923543,0.008149467746030044,-0.4478267568151661,0.12943799313292007,0.16904055939263832,-0.4478267568151661
0.4887525849044323,0.2892303029075265,0.584342666901648,0.7393964966759086,0.11899602320045233,0.0058185692294474,-0.4478937268048751,0.1331748209213252,0.16226818617654407,-0.4478937268048751
0.4688570462167263,0.2978074010461569,0.760708942078054,0.841475217603147,0.09724602662026882,0.008192831436202148,-0.44811876427529773,0.13348498513393825,0.1731034093329794,-0.44811876427529773
0.5414122547954321,0.4143804432824254,0.4884041650220752,0.8195285629481077,0.13333048950880766,0.005517574432558177,-0.44825615489191756,0.11815657190172141,0.15965279265870025,-0.44825615489191756
0.45225534960627556,0.4195501785725355,0.4656810201704502,0.943254311569035,0.12375145591795444,0.007091053296105585,-0.4485467858363464,0.11876050252757596,0.1315664388985125,-0.4485467858363464
0.4536078879609704,0.3265730133280158,0.40897293854504824,0.840748094022274,0.13316188659518957,0.004316205891941334,-0.4491677503468459,0.11277240968364173,0.1758976749513904,-0.4491677503468459
0.5200100895017385,0.38476951979100704,0.46922392677515745,0.970245429314673,0.1903880899772048,0.006329691398607182,-0.4491680084872611,0.11996489791522928,0.11756579857023662,-0.4491680084872611
0.5717396019026637,0.34952113311737776,0.6674533486366272,0.75581069663167,0.12296785973012447,0.008187166995053771,-0.4496658634863708,0.13656634468061404,0.16342981599129042,-0.4496658634863708
0.34813716635107994,0.30591436196118593,0.6201959876343608,0.9268546001985669,0.13793745078146458,0.006521038585450133,-0.4499851724925145,0.11915747160414691,0.1617540933713214,-0.4499851724925145
0.5308169713243842,0.33159906696528196,0.48961468506604433,0.8820206085219979,0.04785469640046358,0.004172667164135089,-0.4503211825236575,0.10500813851343996,0.1510547581865827,-0.4503211825236575
0.4371389849111438,0.35785626992583275,0.7550594201311469,0.9470442971214652,0.18659366387873888,0.001934138071137899,-0.4513203379894823,0.1025814503684237,0.16427765013745727,-0.4513203379894823
0.336507435888052,0.33428808860480785,0.6275300281122327,0.9441175954416394,0.11011284589767456,0.007589913646533813,-0.451354740602019,0.12123422289715625,0.17105304118168677,-0.451354740602019
0.5135985482484102,0.4131811261177063,0.7344597466289997,0.975721980445087,0.07528848480433226,0.005778035421541399,-0.45205858506243674,0.11848700216562773,0.1599185696421761,-0.45205858506243674
0.4036044143140316,0.33659692481160164,0.5015775514766574,0.9985164878889918,0.18471289332956076,0.00583477428043193,-0.4524702713053718,0.10767615683983349,0.12731522618469343,-0.4524702713053718
0.5216075209900737,0.382550778798759,0.5130885979160666,0.9447897570207715,0.05131913721561432,0.004467567963351464,-0.4529909101202676,0.08485263187079697,0.12403951692071152,-0.4529909101202676
0.5753899291157722,0.2757985545322299,0.6268215971067548,0.9787773247808218,0.10106407571583986,0.00795817052594618,-0.45299141390894837,0.1376577250633214,0.11377050217313989,-0.45299141390894837
0.5690955081954598,0.4413046594709158,0.6454933388158679,0.8876837473362684,0.14505239482969046,0.00856385860774238,-0.45303432131437327,0.1391227241717228,0.14437134943977606,-0.45303432131437327
0.3439752822741866,0.3191058160737157,0.579779764637351,0.8385580843314528,0.14810716453939676,0.00543910963974268,-0.4532998121865216,0.12348147241868905,0.17841919234621317,-0.4532998121865216
0.5110810035839677,0.3962653949856758,0.5541258072480559,0.9667431246489286,0.21876035444438457,0.007291431996540534,-0.45352330771341653,0.11998888912398727,0.1278838029262786,-0.45352330771341653
0.48405048064887524,0.3974377540871501,0.8021987713873386,0.9576583998277783,0.1357102757319808,0.0026252165406524634,-0.45386611515726716,0.10451301614699825,0.18173031859489414,-0.45386611515726716
0.5594963626936078,0.347294176928699,0.46390653867274523,0.8076669694855809,0.17186624463647604,0.0021904801372586,-0.4547566719099102,0.10519620141559771,0.15959404123746646,-0.4547566719099102
0.5395429143682122,0.337742037139833,0.4220936316996813,0.9421234950423241,0.16691343486309052,0.004502787992524431,-0.4547991553626265,0.11818037970800557,0.13199082349118207,-0.4547991553626265
0.5324431005865335,0.2980759935453534,0.7204789286479354,0.9551430763676763,0.05715510994195938,0.007972840431901758,-0.45488419422141624,0.1295355159906765,0.15104391965805133,-0.45488419422141624
0.5820866012945771,0.3667798414826393,0.6420411691069603,0.7807164629921317,0.16542432457208633,0.007250707312518718,-0.45539432703887384,0.1336682662264741,0.15567809889524464,-0.45539432703887384
0.4944811314344406,0.272115227766335,0.7161959782242775,0.9907129863277078,0.13163550663739443,0.006168699300036887,-0.45581381857641445,0.12444087151789346,0.13259230411577508,-0.45581381857641445
0.42522985115647316,0.37873317394405603,0.747623709961772,0.7794659454375505,0.12228045053780079,0.010056157558581653,-0.45625207231627135,0.14827970057187906,0.1843167871121246,-0.45625207231627135
0.5649639163166285,0.43398833088576794,0.6858876626938581,0.8469669930636883,0.13878827169537544,0.008963984545611694,-0.4564996892036466,0.1417642266887812,0.15720622884828295,-0.4564996892036466
0.4167249519377947,0.33103712648153305,0.5673574022948742,0.9355143252760172,0.037898676469922066,0.006206890343463691,-0.4565203401600709,0.11733124663529589,0.1545248820868138,-0.4565203401600709
0.47332757990807295,0.3572457628324628,0.5232374249026179,0.7237661555409431,0.09995613526552916,0.00790816656676721,-0.4566642430709995,0.14024281936343563,0.1770168321987076,-0.4566642430709995
0.3314460860565305,0.39038151782006025,0.6481572790071368,0.90673325676471,0.12813052721321583,0.007745784931476786,-0.4569965624767081,0.12732460519147112,0.18267015223130095,-0.4569965624767081
0.4775508549064398,0.3069687131792307,0.6057976046577096,0.7340212650597095,0.16927194688469172,0.005634451881803461,-0.45788499737838156,0.13559096760126915,0.16413431180557456,-0.45788499737838156
0.47206409368664026,0.3704626988619566,0.700976406224072,0.7532265111804008,0.0711168721318245,0.01152421153207657,-0.45793452729787965,0.15379072615611644,0.17856241263309713,-0.45793452729787965
0.5248934384435415,0.40369006618857384,0.6515091611072421,0.7739968430250883,0.07036786898970604,0.010126272986837392,-0.4582570898100738,0.1458991432658957,0.16321168611162631,-0.4582570898100738
0.44039599131792784,0.256017429754138,0.5139333112165332,0.8535968689247966,0.0953502468764782,0.005242854274579823,-0.45905602416258545,0.13181240190776536,0.1487999202363363,-0.45905602416258545
0.5818089796230197,0.34484251122921705,0.5736864041537046,0.7432674458250403,0.13273913692682981,0.0055045514310229195,-0.4592228819674971,0.12830641432816137,0.1635697756610475,-0.4592228819674971
0.36818898282945156,0.29222252778708935,0.5635965121909976,0.9215021263808012,0.08758852258324623,0.0065079237180987095,-0.4599211985485853,0.13209880829970072,0.14802919695675884,-0.4599211985485853
0.4269423857331276,0.26352983992546797,0.6437267083674669,0.8614103551954031,0.06816712953150272,0.0071499357296978495,-0.45999941860200994,0.142490295157032,0.1469772031959718,-0.45999941860200994
0.405363910831511,0.33309453818947077,0.4809825411066413,0.9614483257755637,0.07359875738620758,0.005561035325352868,-0.4610907369599478,0.11770701618208657,0.12721282401335313,-0.4610907369599478
0.5453076651319861,0.2928518746048212,0.6167262373492122,0.7636311259120703,0.06837982311844826,0.007018839291917278,-0.461112809797679,0.13966649018214852,0.15590172168023772,-0.461112809797679
0.617376422509551,0.3411904936656356,0.5404312498867512,0.8717539384961128,0.07334176264703274,0.004790184741313352,-0.46144151179550463,0.12179053351498124,0.1470417798201547,-0.46144151179550463
0.477036370895803,0.2793089533224702,0.6105176843702793,0.7999200681224465,0.045681959949433804,0.0075151541787702,-0.46159086787644127,0.14299691934991443,0.15922598505873453,-0.46159086787644127
0.5937404483556747,0.4200232522562146,0.6292211469262838,0.8689434444531798,0.08844454027712345,0.007773969505976878,-0.46159515339016677,0.13510440305259386,0.143274019480413,-0.46159515339016677
0.45334364753216505,0.4241679012775421,0.5115185007452965,0.9937652517110109,0.09014554601162672,0.006124695119248465,-0.462187119667577,0.11170009058877824,0.11137344092226222,-0.462187119667577
0.3723281593993306,0.3327572401612997,0.6052019726485014,0.8126598559319973,0.06557775195688009,0.00970709557151443,-0.46234836571963833,0.1508461985537044,0.172515861039338,-0.46234836571963833
0.374365309253335,0.41133124753832817,0.5465220278128982,0.9410690758377314,0.09500984475016594,0.005522645208889893,-0.4624244519878228,0.1257309423077657,0.1330122894786425,-0.4624244519878228
0.5304059479385614,0.2689534556120634,0.7398423915728927,0.8639354202896357,0.1103060133755207,0.00657685041393517,-0.46295462850260094,0.12983761802176222,0.16156679096805746,-0.46295462850260094
0.4969991100952029,0.28562622237950563,0.5254842741414905,0.9498871304094791,0.04279206693172455,0.005115471593552488,-0.46356355089521883,0.11452575223639525,0.12525222677164025,-0.46356355089521883
0.6006653541699052,0.3150886232033372,0.49849776178598404,0.813312484882772,0.10344584193080664,0.0033666012935013446,-0.46377113158653316,0.11697288802461855,0.15779047063066512,-0.46377113158653316
0.377377244643867,0.319745073094964,0.459524012170732,0.9394644387066364,0.15607760660350323,0.004501869718391954,-0.4637880389406542,0.11816359400886245,0.14375448488901688,-0.4637880389406542
0.3882982013747096,0.27865202724933624,0.5625454494729638,0.9829014129936695,0.15883471351116896,0.005795607506494961,-0.4639383533200321,0.12075250941710747,0.12246768142391855,-0.4639383533200321
0.6301305564120412,0.31548493914306164,0.6184484595432878,0.961398895829916,0.09529920667409897,0.007903505606293389,-0.4639428323801437,0.1380111339129358,0.13721176490454637,-0.4639428323801437
0.43570183776319027,0.3520640768110752,0.5466702906414866,0.8147220453247428,0.035003756172955036,0.008052221723897864,-0.464001256795752,0.13531987618087782,0.17434458494246402,-0.464001256795752
0.48280681762844324,0.3556956388056278,0.42830576468259096,0.9944741120561957,0.1896105883643031,0.006352113679792318,-0.4642249865954788,0.12565587132070802,0.13018723776039176,-0.4642249865954788
0.38102032989263535,0.3055780101567507,0.4962466824799776,0.7946369703859091,0.1301453234627843,0.004445561037347821,-0.4645524395508216,0.130790478341959,0.17040003741256438,-0.4645524395508216
0.4809527453035116,0.4039962124079466,0.4868645928800106,0.8689920986071229,0.219016395509243,0.006032910290306578,-0.464784349377033,0.13029737345459055,0.1651780710320072,-0.464784349377033
0.46440666168928146,0.398340554907918,0.42959780525416136,0.8069667220115662,0.12078232783824205,0.006794599920871641,-0.4649071087846632,0.12967759339650672,0.1739128918431654,-0.4649071087846632
0.5407031895592809,0.30997507367283106,0.6694349395111203,0.7300812359899282,0.10210189875215292,0.0074077323082361365,-0.465244774846011,0.1437983775556965,0.16407347056005542,-0.465244774846011
0.5163086112588644,0.2478320086374879,0.48180932458490133,0.891662735491991,0.11647641938179731,0.004768990330136885,-0.46532824353754193,0.1238260113106999,0.15457205730851897,-0.46532824353754193
0.45546196959912777,0.43739109206944704,0.4754053018987179,0.9681526850908995,0.16622549667954445,0.007886288822333354,-0.46533865192916274,0.135081695804701,0.125192041696255,-0.46533865192916274
0.5631101103499532,0.32610027864575386,0.7443856811150908,0.9695021454244852,0.16840389277786016,0.004166643641045537,-0.4654465537351103,0.11913680848593666,0.13728008735133743,-0.4654465537351103
0.40144895017147064,0.4596127327531576,0.6085262661799788,0.8928328668698668,0.13073702063411474,0.008999693211307468,-0.4656997423943875,0.14762125388473876,0.15124581583868124,-0.4656997423943875
0.35503847524523735,0.3471533199772239,0.4820030378177762,0.8998035984113812,0.1721502309665084,0.00394839138275393,-0.46622700854366994,0.11610087704136882,0.16157415093319058,-0.46622700854366994
0.5052793081849813,0.30197804141789675,0.7832490801811218,0.9682527519762516,0.14616031106561422,0.004575943990080458,-0.4670299410911134,0.11170762318707386,0.15582414052647625,-0.4670299410911134
0.5197534747421741,0.3654220188036561,0.5717713888734579,0.8173543838784099,0.02234488260000944,0.007243829144163485,-0.46729953293706006,0.1248041266143776,0.17898994694232584,-0.46729953293706006
0.5386231699958444,0.25380220729857683,0.5378410257399082,0.9773074313998222,0.14805610198527575,0.006726369120863549,-0.4673180584114362,0.13411387521176688,0.11816723814497507,-0.4673180584114362
0.6024397099390626,0.2740292875096202,0.6024806331843138,0.8561239084228873,0.08262221701443195,0.006149429835836206,-0.4678877574755008,0.1373905438691347,0.14994205148701656,-0.4678877574755008
0.5366129288449883,0.32687718886882067,0.6986097563058138,0.8102059653028846,0.03131390642374754,0.010033609126208385,-0.467978686970677,0.14591899877123257,0.182066898038424,-0.467978686970677
0.3915045643225312,0.26481261383742094,0.6191413933411241,0.9892374714836478,0.11539517063647509,0.006304582911265738,-0.46861566244127856,0.1326920799314389,0.12350004039098912,-0.46861566244127856
0.5006529688835144,0.32449783850461245,0.53349853400141,0.9328976478427649,0.019498776644468307,0.0052899945840969055,-0.46923671127794286,0.10206204339632424,0.16228502254968763,-0.46923671127794286
0.40784096345305443,0.3043322255834937,0.7423023106530309,0.8883229373022914,0.06333717424422503,0.009004519628016348,-0.46927993361041603,0.14385477595743407,0.1785941648538288,-0.46927993361041603
0.36590734496712685,0.38788559567183256,0.6236405521631241,0.7876645661890507,0.1726802932098508,0.009163005728499771,-0.469286186981948,0.15136137883908085,0.169142808719645,-0.469286186981948
0.41163917910307646,0.24677463807165623,0.5908039789646864,0.9178127041086555,0.09428267553448677,0.005469175026646674,-0.4693644673042419,0.13663488491844122,0.13240573210121112,-0.4693644673042419
0.49177941028028727,0.23992960061877966,0.5397912971675396,0.8019750295206904,0.11622231174260378,0.0043505862912719675,-0.4693834348487519,0.13016446847658478,0.16261330488100392,-0.4693834348487519
0.5969917494803667,0.30971011612564325,0.45783740002661943,0.921277460642159,0.11277643963694572,0.005117280837876689,-0.4699502876238059,0.12571023989682195,0.1362938103190113,-0.4699502876238059
0.6259991880506277,0.3091289158910513,0.581969927996397,0.8045018445700407,0.1201172424480319,0.00455610471109229,-0.4700087352887655,0.12561271062842394,0.16664459361973705,-0.4700087352887655
0.42001315765082836,0.39227052964270115,0.6949263866990805,0.754559719003737,0.1657433770596981,0.009731146453235709,-0.47043703733445313,0.15746855554302802,0.17096298527890919,-0.47043703733445313
0.48513980489224195,0.3643122334033251,0.8236128287389874,0.8258553072810173,0.12117205746471882,0.007445651469675058,-0.4704797668955239,0.1337052409089518,0.20515183382498917,-0.4704797668955239
0.4152001217007637,0.4116347227245569,0.7910314137116075,0.9277135245501995,0.14883454237133265,0.0043154043767786535,-0.4704939900799107,0.12651840836583358,0.18369913099082044,-0.4704939900799107
0.39745431300252676,0.3721441235393286,0.4352968707680702,0.8102569291368127,0.15113880578428507,0.005392242024497091,-0.4712311832666413,0.1330549147065226,0.17225693534882913,-0.4712311832666413
0.5231077056378126,0.3762580109760165,0.7885857401415706,0.8251550691202283,0.1643350049853325,0.006151837438162891,-0.47130248051661494,0.13194190041876167,0.18324343175405944,-0.47130248051661494
0.46639147959649563,0.47448263969272375,0.6097039226442575,0.9874121081084013,0.1477064425125718,0.008326933433363694,-0.47135468070855374,0.14614191686735897,0.12968720704971914,-0.47135468070855374
0.43404127936810255,0.3488506833091378,0.44025210198014975,0.8483602581545711,0.20861862786114216,0.00444946858671863,-0.4714438310903696,0.12337296679494918,0.17008391734946202,-0.4714438310903696
0.5478809047490358,0.44540006946772337,0.5093598980456591,0.8954933537170291,0.17275418434292078,0.006696420241650391,-0.47186462195293544,0.1392372601285869,0.13806098188021876,-0.47186462195293544
0.43752341996878386,0.32368928007781506,0.7222714396193624,0.9369532205164433,0.20916644670069218,0.0031380964609476697,-0.4724749859771517,0.1147400338821424,0.15659455249678247,-0.4724749859771517
0.49244419392198324,0.47576539870351553,0.6498835394158959,0.8651849692687392,0.1607967596501112,0.009308762915142037,-0.47293869412144346,0.15577746778582802,0.15899059537943566,-0.47293869412144346
0.47442942298948765,0.3217963930219412,0.5104606803506613,0.8062727274373174,0.22439585346728563,0.0032894815871401845,-0.47306602354409827,0.1173675344438954,0.18071405289681058,-0.47306602354409827
0.5665967473760247,0.38937764428555965,0.6183000179007649,0.8374979728832841,0.03419627342373133,0.007265638769671726,-0.47307380403568167,0.12950791456044924,0.16509992490450479,-0.47307380403568167
0.4090338507667184,0.3711400544270873,0.8116667633876204,0.9563098736107349,0.10509442072361708,0.003486876454172719,-0.4732621345952013,0.11769178412458668,0.19344665761814456,-0.4732621345952013
0.4381519090384245,0.2613031817600131,0.47204466070979834,0.8251180639490485,0.14829790126532316,0.0038459483313712482,-0.47326664514713807,0.12652627145620046,0.16575644807767181,-0.47326664514713807
0.4416627287864685,0.3017235156148672,0.6965274587273598,0.8288843240588903,0.1999269211664796,0.005322565681930735,-0.4733492362042819,0.13467143958735073,0.16046639200085694,-0.4733492362042819
0.5778886899352074,0.3351695938035846,0.6054766504094005,0.8116511711850762,0.20404653530567884,0.004594276520325402,-0.47400267928042683,0.12621221765666715,0.1537964104246508,-0.47400267928042683
0.5347215756773949,0.37533088959753513,0.4112277291715145,0.9082199335098267,0.08703066594898701,0.004503625714540736,-0.4740057950740375,0.11517484102878128,0.14844875307393632,-0.4740057950740375
0.5699547929689288,0.3689039386808872,0.7733109965920448,0.8296696981415153,0.15394075401127338,0.0059261905731169085,-0.4742136488709705,0.13249675639478187,0.17617450423099282,-0.4742136488709705
0.556131036952138,0.36773758102208376,0.7305535664781928,0.7457152018323541,0.11626278143376112,0.008541744202895928,-0.47432067483492757,0.14887501577237428,0.17495535209043292,-0.47432067483492757
0.38462478667497635,0.3465147688984871,0.604181457310915,0.7517474051564932,0.1798841804265976,0.007449169358642739,-0.4744300268014405,0.14957053457715414,0.17004494634746295,-0.4744300268014405
0.36617918871343136,0.360358539968729,0.46054812986403704,0.8787880372256041,0.09841754380613565,0.005592742050723675,-0.4744388295265856,0.1310326583994959,0.1622580612702715,-0.4744388295265856
0.5037156771868467,0.3999875597655773,0.6202759938314557,0.7231236146762967,0.1738626668229699,0.008610411172749428,-0.4755283349521732,0.1528780527218317,0.16837340307195595,-0.4755283349521732
0.5127249853685498,0.27715679444372654,0.5877105100080371,0.9236152861267328,0.2118844147771597,0.004713987841308236,-0.476025261662188,0.12344440037005887,0.14754444524875387,-0.476025261662188
0.4158814661204815,0.3819736549630761,0.5289212316274643,0.7214525723829865,0.13202136661857367,0.008660794442345543,-0.47618342540196984,0.15391443530830734,0.17511709410464152,-0.47618342540196984
0.39947280939668417,0.2882649414241314,0.5422093104571104,0.7673825630918145,0.1637706495821476,0.004878266157937417,-0.4766012393995118,0.14019323888791482,0.16305639693581733,-0.4766012393995118
0.45084680430591106,0.2782703498378396,0.6484628906473517,0.9276775643229485,0.02844613790512085,0.007427148920770114,-0.476748217094851,0.1358788070180571,0.16352516990466287,-0.476748217094851
0.6166244177147746,0.32004743069410324,0.6866641044616699,0.9094592211768031,0.054296860471367836,0.008165675011685665,-0.4771091159574054,0.1412112274591203,0.16267712440723067,-0.4771091159574054
0.6393548883497715,0.4008857337757945,0.6058778231963515,0.9362816549837589,0.1429589930921793,0.006585357869972893,-0.47722085157267474,0.1334179702870979,0.14725488120677913,-0.47722085157267474
0.3926681810989976,0.314908335916698,0.6483140727505088,0.7828342393040657,0.18911318015307188,0.0061916778924030165,-0.47739420825032225,0.14597872138543624,0.16084059573132165,-0.47739420825032225
0.4320583464577794,0.27246591076254845,0.5053070690482855,0.9198679002001882,0.05596197210252285,0.004939409542782273,-0.47804264845480576,0.13047424324345644,0.13374516815822257,-0.47804264845480576
0.4491800982505083,0.3935337392613292,0.7409465042874217,0.9626799784600735,0.03696609288454056,0.006543191628716465,-0.47823482986311766,0.12275233147095735,0.19018718317596273,-0.47823482986311766
0.5184897510334849,0.23485490307211876,0.5002604750916362,0.9296225681900978,0.12621118500828743,0.005403384409949775,-0.47829896924056614,0.1313081417132328,0.1451015600910814,-0.47829896924056614
0.5849592024460435,0.30740927904844284,0.6217524241656065,0.9473334029316902,0.030182762071490288,0.00682361038895363,-0.4783940051834239,0.13277609579400207,0.14886006111563457,-0.4783940051834239
0.5022969990968704,0.2510584043338895,0.7027088394388556,0.8575911978259683,0.1606282088905573,0.004851906379489051,-0.47849848676175133,0.13091302031364063,0.15815173110886516,-0.47849848676175133
0.4950771974399686,0.33424144238233566,0.46645655669271946,0.7557616624981165,0.19457877054810524,0.002705541484889999,-0.4785720758236494,0.12124489963436981,0.17551550181963427,-0.4785720758236494
0.4002853333950043,0.40231665037572384,0.6279223719611764,0.8194852024316788,0.0491453493013978,0.009994121247187637,-0.478836327002316,0.15340327668974027,0.16998475008545397,-0.478836327002316
0.4666232652962208,0.27532558143138885,0.4622362470254302,0.8343987502157688,0.0657532261684537,0.004520791920361072,-0.4792650360044767,0.13419782051509765,0.15611035748026647,-0.4792650360044767
0.5553341340273619,0.2774778036400676,0.48601987212896347,0.957743345759809,0.17716852203011513,0.005061034121102857,-0.4797499425875704,0.1316897968181118,0.11986378853365581,-0.4797499425875704
0.5524051021784544,0.26099700573831797,0.6357049122452736,0.7945558950304985,0.06207349803298712,0.0059043540563376564,-0.4806007679283383,0.14172743953217354,0.15389696858831514,-0.4806007679283383
0.5976449465379119,0.3728126622736454,0.7071223398670554,0.8407909628003836,0.04937541205435991,0.008520999631581571,-0.48079672941640417,0.1434594150112247,0.17231023059313322,-0.48079672941640417
0.4572583679109812,0.29874835070222616,0.38322705030441284,0.9251507315784693,0.14336217567324638,0.004796447928596953,-0.48110286602104635,0.12914709773487926,0.1575120367006313,-0.48110286602104635
0.5276888376101851,0.33669457398355007,0.7994488002732396,0.7913098158314824,0.08954867161810398,0.008903405438748157,-0.48130680276604615,0.1483157473812007,0.19077727191671945,-0.48130680276604615
0.45021843444556,0.33992331102490425,0.3991778613999486,0.8187639443203807,0.09065295848995447,0.0061345222411633505,-0.4813725488726709,0.13372640095104818,0.17711512077701735,-0.4813725488726709
0.4595233127474785,0.3755168691277504,0.699895734898746,0.9407342737540603,0.23567878268659115,0.004042683007706516,-0.4817049964804726,0.12299437261220714,0.1701402280885105,-0.4817049964804726
0.3501552455127239,0.3633947419002652,0.64725970197469,0.8442257810384035,0.05732628330588341,0.009838752473510797,-0.481756359051144,0.15321795535355856,0.18568350708438733,-0.481756359051144
0.5235573314130306,0.2883464079350233,0.7734673842787743,0.9433392575010657,0.06361668650060892,0.007016558332355079,-0.4817619379433522,0.13523277926535035,0.16528433911352547,-0.4817619379433522
0.5085872886702418,0.346429580822587,0.8374698776751757,0.9589694663882256,0.09242360014468431,0.00538740551892275,-0.4817744224336101,0.12044214966521384,0.19449940718658282,-0.4817744224336101
0.5575725538656116,0.26718624494969845,0.5280307196080685,0.9865888385102153,0.0655048368498683,0.005335795424170375,-0.48178484073710964,0.13527694740653426,0.10536301304213419,-0.48178484073710964
0.5737574426457286,0.2897511003538966,0.5689981486648321,0.9537004707381129,0.1976606398820877,0.004787478730061143,-0.4818177038387526,0.12914506253124944,0.11882072045449885,-0.4818177038387526
0.48127042036503553,0.4661524696275592,0.7366030644625425,0.8850174713879824,0.15790189150720835,0.008235267113828385,-0.4819511406858558,0.15480205583812143,0.16975963208420858,-0.4819511406858558
0.5614874977618456,0.39274312648922205,0.40534675493836403,0.9301890088245273,0.1382490210235119,0.005232211403603432,-0.48195679647177214,0.12677177165314338,0.14086437094987267,-0.48195679647177214
0.3939540982246399,0.34974097460508347,0.6353840474039316,0.7472008289769292,0.06465153116732836,0.010688325174363147,-0.4819899068681752,0.16591637284548258,0.17604001036071606,-0.4819899068681752
0.45392729714512825,0.26421778835356236,0.6582546001300216,0.9213486341759562,0.19695776514708996,0.0043666301930037725,-0.4820711760455201,0.12986227598561995,0.1469628989215163,-0.4820711760455201
0.35525876097381115,0.4055637866258621,0.5669573619961739,0.8086799075827003,0.09800979029387236,0.008782021944710706,-0.48212619923757016,0.15547823337881067,0.1661193229388229,-0.48212619923757016
0.4253099588677287,0.3115412099286914,0.5823666760697961,0.8210747120901942,0.2273836275562644,0.005027133840649456,-0.48225782962159114,0.13053139894719942,0.1773306537553306,-0.48225782962159114
0.3813742222264409,0.3672458743676543,0.7469964623451233,0.9669733913615346,0.19207784160971642,0.001952285093087352,-0.4825602248323227,0.1153278360988696,0.16096177122537392,-0.4825602248323227
0.3793640108779073,0.302074677310884,0.5167968776077032,0.7610307279974222,0.11253657378256321,0.005535507944259032,-0.4827698845471589,0.1488037779540764,0.16982153425004598,-0.4827698845471589
0.5271430648863316,0.293016511015594,0.46872299909591675,0.852080556564033,0.04256743751466274,0.004073648124914224,-0.48281154705674567,0.12429804735656676,0.1580164428922307,-0.48281154705674567
0.5434538200497627,0.4632989168167114,0.5504092816263437,0.889141708612442,0.09805987682193518,0.006777467397191403,-0.4828430286216181,0.13425086866897776,0.14040581476730857,-0.4828430286216181
0.4275947054848075,0.4229004019871354,0.5575405331328511,0.7861254727467895,0.2032997077330947,0.008719511491796096,-0.48304849382057763,0.1561118013315069,0.1666415931018046,-0.48304849382057763
0.4264080133289099,0.39585075713694096,0.5386595502495766,0.7424446512013674,0.08178395126014948,0.008996839008374969,-0.48311342703229904,0.15723448920869273,0.1660898615857409,-0.48311342703229904
0.556760024279356,0.419247817248106,0.6771961776539683,0.9108267594128847,0.2099147718399763,0.006643857040039591,-0.4831311549849319,0.14448333159199175,0.1470640307347706,-0.4831311549849319
0.4472039835527539,0.34711013082414865,0.674452880397439,0.8381604645401239,0.007533582858741283,0.011484214446042742,-0.4831605481762932,0.15031099344266066,0.21018759380775381,-0.4831605481762932
0.5745307076722383,0.4065485829487443,0.7529274132102728,0.8038807427510619,0.10775540769100189,0.008788080006600895,-0.48346605049020136,0.1511313743083886,0.1729979040217995,-0.48346605049020136
0.4408074216917157,0.404946512542665,0.6826164433732629,0.719008139334619,0.11701119598001242,0.011061465282977315,-0.4834760214183308,0.16813329919622738,0.1754570607612268,-0.4834760214183308
0.38873359002172947,0.3636456010863185,0.6725226063281298,0.7262159790843725,0.14720042329281569,0.009353275576409482,-0.48363929514526915,0.16267579517486927,0.17806636953617272,-0.48363929514526915
0.5891852490603924,0.3567454135045409,0.507023137062788,0.9380510635674,0.2088908590376377,0.00422844139751147,-0.4836826616257109,0.12302603400174394,0.1259602656635987,-0.4836826616257109
0.4260964561253786,0.42968151066452265,0.7656859466806054,0.9213775312528014,0.0751023730263114,0.00731522902481894,-0.4838928085952576,0.14385603562236618,0.1822002779688484,-0.4838928085952576
0.472228130325675,0.44487230852246284,0.5976953152567148,0.8336422825232148,0.21601310838013887,0.008894157115938236,-0.4840809447629188,0.15668674143830602,0.16790885970380856,-0.4840809447629188
0.47571508027613163,0.25473265908658504,0.7259889096021652,0.9814239833503962,0.08034042548388243,0.00613710905996291,-0.4846008650162589,0.13806568468443556,0.13530271785806636,-0.4846008650162589
0.5002448027953506,0.4849820276722312,0.636274566873908,0.9820636576041579,0.1309477398172021,0.00765242186817702,-0.4846458960513895,0.14977652076164982,0.13361619755862392,-0.4846458960513895
0.42944877594709396,0.31301345210522413,0.6239721663296223,0.9135147342458367,0.23657749220728874,0.004686542614038258,-0.4848389671832102,0.12201637582429128,0.1692269663259549,-0.4848389671832102
0.614858346991241,0.2606463208794594,0.5810373928397894,0.86540462449193,0.12508149072527885,0.005190431669668934,-0.4848689396489625,0.13602620887601355,0.1609044137653183,-0.4848689396489625
0.5369304902851582,0.2640336826443672,0.4488712549209595,0.9514072574675083,0.09559675492346287,0.0051033322536312995,-0.48504516447221896,0.13416230269366858,0.12432024708246127,-0.48504516447221896
0.5028949128463864,0.31440460681915283,0.4524777652695775,0.904020169749856,0.22417982947081327,0.0035652670286461046,-0.48521353558411556,0.12040862618161212,0.1603062158290177,-0.48521353558411556
0.4825560776516795,0.3906681491062045,0.5308514460921288,0.8429255979135633,0.02172012533992529,0.006546535387922817,-0.4852517935026823,0.11628245532490693,0.17728124885068325,-0.4852517935026823
0.5768933603540063,0.36268462985754013,0.610838582739234,0.722274873405695,0.08143406081944704,0.0074784710594721126,-0.48613652192965157,0.149750529370333,0.1651089227619562,-0.48613652192965157
0.41493315156549215,0.34302146453410387,0.41590289026498795,0.9014034923166037,0.20382285583764315,0.004139850118862902,-0.48663920142359113,0.12808719723419235,0.1582696209913784,-0.48663920142359113
0.4773597661405802,0.3426707796752453,0.36126421950757504,0.938007989898324,0.10859533213078976,0.005959403390917662,-0.48674101290119887,0.12879161984095877,0.16405304866084314,-0.48674101290119887
0.45533736795186996,0.24146210309118032,0.6890340959653258,0.9256280306726694,0.06728087551891804,0.005491662896150632,-0.48674989087988324,0.14064419948647186,0.13977174387455546,-0.48674989087988324
0.535167507827282,0.3544228058308363,0.709098375402391,0.7198328319936991,0.15967608708888292,0.006851863377509598,-0.48693306624041854,0.15007146857400627,0.1728804483936277,-0.48693306624041854
0.5454640612006187,0.39767201244831085,0.7170483283698559,0.8389846747741103,0.20692841056734324,0.006494725213942148,-0.4871441897845845,0.1433006094744751,0.16373674295693783,-0.4871441897845845
0.4755332823842764,0.34416085481643677,0.4949366068467498,0.6912690289318562,0.14075851067900658,0.00565441103888338,-0.48758852131396074,0.14235683832299492,0.18669493436589563,-0.48758852131396074
0.4234561510384083,0.4517173180356622,0.5159245505928993,0.9485233472660184,0.19798210635781288,0.006869181691184936,-0.4876399178676733,0.14827942658740714,0.13351903629759673,-0.4876399178676733
0.49482064601033926,0.41645560320466757,0.6139088487252593,0.9068256914615631,0.018719248473644257,0.006821032363761862,-0.48809159103280697,0.11423266196001318,0.1808025204856132,-0.48809159103280697
0.6193067887797952,0.41886661667376757,0.6069322796538472,0.9991585593670607,0.10299123544245958,0.005571897304372369,-0.48813422289942765,0.138293113505506,0.11937323579335435,-0.48813422289942765
0.5517784608528018,0.3238713853061199,0.38495841063559055,0.9670223323628306,0.12343187443912029,0.00561930917497444,-0.4883418371246215,0.13358648169697335,0.1344937374766066,-0.4883418371246215
0.5152221256867051,0.22070386167615652,0.5569441569969058,0.9193492708727717,0.08368764258921146,0.004279083596242839,-0.4885414897350265,0.1361824878078007,0.1350146437103499,-0.4885414897350265
0.5249888012185693,0.2829242404550314,0.5496970452368259,0.8266343763098121,0.21673138532787561,0.003043858167219282,-0.4888860953626263,0.12197964555580726,0.17011395294416662,-0.4888860953626263
0.37710918579250574,0.43296607304364443,0.6245698127895594,0.8510227184742689,0.07399852760136127,0.009187221269876984,-0.488886627787493,0.15700834436349556,0.15956979917983938,-0.488886627787493
0.38814179971814156,0.4077186081558466,0.7283214014023542,0.9302603052929044,0.053977129980921745,0.007278525557342516,-0.4889841420598246,0.14168236974543616,0.18501787822693394,-0.4889841420598246
0.5211925888434052,0.36012105736881495,0.8472687844187021,0.9526177672669291,0.13493342977017164,0.003801533396736501,-0.4893136545908569,0.11055877300273861,0.19590451267601666,-0.4893136545908569
0.4853762648999691,0.3904297696426511,0.44582927599549294,0.8470384944230318,0.051553284749388695,0.004914927747500451,-0.4893765905927715,0.11880252759690743,0.16357795986609383,-0.4893765905927715
0.5435339352115989,0.35033037699759007,0.6507282601669431,0.961489544250071,0.23587644286453724,0.0049084968494049995,-0.48946189082487174,0.12568656324861102,0.1427634219097003,-0.48946189082487174
0.5026288842782378,0.4353160550817847,0.5999301671981812,0.8054504096508026,0.04844639357179403,0.008629852735932914,-0.4894738585056287,0.14419586605879506,0.16490632083632242,-0.4894738585056287
0.4298717752099037,0.2761046374216676,0.47700528986752033,0.8858000347390771,0.20235444698482752,0.003979599956163237,-0.48970259808697797,0.12877652851498447,0.1609101029578371,-0.48970259808697797
0.4987205844372511,0.2907765209674835,0.49122489895671606,0.9788275584578514,0.21646771486848593,0.005357214090948462,-0.4898238313289988,0.12815966199263756,0.1309046512129936,-0.4898238313289988
0.6124629303812981,0.3049037754535675,0.6460018353536725,0.8251910218968987,0.04400453809648752,0.007192772827064441,-0.48990659821857974,0.14521686626238164,0.16311641134424731,-0.48990659821857974
0.4659351082518697,0.23203418403863907,0.5857545165345073,0.8556652376428246,0.05507954768836498,0.004596513550961576,-0.4900245766868969,0.14161085011027352,0.14470952814362326,-0.4900245766868969
0.4663037369027734,0.336947669275105,0.7124663339927793,0.9120777538046241,0.0025636740028858185,0.009810227290078986,-0.49011600144003736,0.13896028084107093,0.2240705691791593,-0.49011600144003736
0.38127885200083256,0.4422350646927953,0.5831693997606635,0.8835672251880169,0.07940809521824121,0.007576446724482514,-0.4903047748175773,0.1490348850068506,0.14778622241430112,-0.4903047748175773
0.3533438825979829,0.35817828215658665,0.5005228528752923,0.9371068263426423,0.06854341924190521,0.004264911305909767,-0.4908388874100891,0.12624702208804175,0.14743008648814973,-0.4908388874100891
0.38438730873167515,0.40517022367566824,0.44108878914266825,0.910868089646101,0.10561759397387505,0.0057485887526375614,-0.4909597472588046,0.13640316594986604,0.14479613838619848,-0.4909597472588046
0.396799148991704,0.3105064211413264,0.6850386504083872,0.9513279739767313,0.21405405551195145,0.0030309750900387377,-0.49108772150483126,0.11954183978801561,0.1462186335287112,-0.49108772150483126
0.6443313043564558,0.38377461582422256,0.584354012273252,0.910429029725492,0.06926107779145241,0.004302813374914347,-0.4923965339668397,0.12875137373672746,0.14474719795804913,-0.4923965339668397
0.32628637459129095,0.40404439717531204,0.6696675298735499,0.9325931277126074,0.08567455038428307,0.006668394078689457,-0.49260891135643947,0.14231001314684172,0.18068740536957364,-0.49260891135643947
0.5007763169705868,0.24302566796541214,0.6680211862549186,0.8618686571717262,0.040228670462965965,0.005792410537555637,-0.49291941134594985,0.1437291806959791,0.15882737546314096,-0.49291941134594985
0.42647240310907364,0.3741578012704849,0.569025969132781,0.8559378664940596,0.25378502905368805,0.005829928930234149,-0.4929931079134618,0.1350545041915267,0.19333196069195005,-0.4929931079134618
0.5067910365760326,0.4397022193297744,0.575139899738133,0.9603895116597414,0.04204535856842995,0.0051391021737956285,-0.49320479329293554,0.10523328657929318,0.1350564768268542,-0.49320479329293554
0.40948496386408806,0.3701114794239402,0.5212461901828647,0.8366751857101917,0.241545463912189,0.005141714572479328,-0.49367511600520503,0.13386261778005612,0.18675761867233898,-0.49367511600520503
0.361444316804409,0.32656040135771036,0.748017305508256,0.9060580795630813,0.06215409468859434,0.008643667607143362,-0.4937607281385808,0.14858611685861883,0.19419841558701742,-0.4937607281385808
0.555596437305212,0.46882274374365807,0.5865993099287152,0.8611226575449109,0.09521152824163437,0.007360751168304368,-0.4939595007583484,0.1446721254178235,0.14562504140538055,-0.4939595007583484
0.46399564761668444,0.459963477216661,0.6788818771019578,0.9470764650031924,0.05698588117957115,0.0069100284176849555,-0.4944560167002916,0.13954224069862242,0.1570423350037453,-0.4944560167002916
0.3182906862348318,0.3165984349325299,0.6802859725430608,0.9650949966162443,0.16045707277953625,0.004719785217822183,-0.49473406411640874,0.12436060311736634,0.16800008298173066,-0.49473406411640874
0.665527181699872,0.3534939745441079,0.6888408558443189,0.9332342399284244,0.12881841324269772,0.005272500277075764,-0.49482539919278173,0.13170781697316078,0.18726863490407095,-0.49482539919278173
0.446544885635376,0.284755390137434,0.42422278970479965,0.9158846298232675,0.06861208565533161,0.004722488466639646,-0.4949670063413027,0.1347184466830252,0.1415309312648062,-0.4949670063413027
0.4306970564648509,0.4403007375076413,0.5898891482502222,0.7370714079588652,0.14911047648638487,0.010045494217851452,-0.495580532216802,0.16956073156452892,0.16483772496093993,-0.495580532216802
0.471813234500587,0.3822427848353982,0.3484442010521889,0.912343131378293,0.1531003601849079,0.005682692121239205,-0.49563757826858834,0.13429594005705936,0.17472581974059054,-0.49563757826858834
0.2989910589531064,0.3278877064585686,0.5370691157877445,0.9416546626016498,0.1251230165362358,0.005729400950624534,-0.49577287108623014,0.12433135842657032,0.18570717711770815,-0.49577287108623014
0.47386103589087725,0.489574309438467,0.6596099669113755,0.8588412366807461,0.10952877998352051,0.009267115671799178,-0.495892667352467,0.16119550954687212,0.1647490235735327,-0.495892667352467
0.6215385468676686,0.28406995441764593,0.5036761472001672,0.8936566058546305,0.07963568437844515,0.004672470089127255,-0.4960733173774274,0.13837561136084747,0.1460246494158467,-0.4960733173774274
0.46815758012235165,0.4145607342943549,0.6538455300033092,0.7875740313902497,0.03203058149665594,0.010353107941734122,-0.49611466687866207,0.1574755378609975,0.18107935070912481,-0.49611466687866207
0.4023377811536193,0.35395314916968346,0.6942424401640892,0.9420522805303335,0.01586809940636158,0.008322098428401068,-0.4961561203596666,0.13646869807537348,0.2090283959582367,-0.4961561203596666
0.43528493866324425,0.40623300336301327,0.8136868979781866,0.822553657926619,0.15380469523370266,0.0075207063066816855,-0.4968835247946254,0.15177359498630907,0.1951326981270422,-0.4968835247946254
0.6568222306668758,0.3144520279020071,0.6410203892737627,0.8423761026933789,0.08051159884780645,0.0071251010828454605,-0.49691011238721544,0.14207138128160157,0.17605866032507594,-0.49691011238721544
0.3620098056271672,0.26417502388358116,0.49730128794908524,0.8557992838323116,0.12335800565779209,0.004577252168166342,-0.4971148808039518,0.1414124066766468,0.16309551287602583,-0.4971148808039518
0.43064934108406305,0.23321344051510096,0.6005265470594168,0.9231568612158298,0.17579681612551212,0.004403363669455389,-0.49712586236714423,0.13875039971293307,0.14705219339307943,-0.49712586236714423
0.5634737322106957,0.2436510706320405,0.6132848719134927,0.7900432981550694,0.14717425871640444,0.003790133582016129,-0.4974822929861207,0.13600602778479925,0.16150529293445917,-0.4974822929861207
0.4591121794655919,0.4378710212185979,0.4496679985895753,0.7976867817342281,0.1724895602092147,0.007365851510796931,-0.4976357694738321,0.1517731101210922,0.17004525533526288,-0.4976357694738321
0.45477513782680035,0.4264362081885338,0.7824081815779209,0.8614429999142885,0.18800907861441374,0.006904119264076012,-0.4977069872113848,0.15132670908473128,0.1816924519540397,-0.4977069872113848
0.4645157065242529,0.2180335819721222,0.6412772834300995,0.8348455913364887,0.14598130714148283,0.004470800697679065,-0.4977704282862303,0.1403328819087566,0.16219637457587088,-0.4977704282862303
0.30649298056960106,0.3967837439849973,0.547686630859971,0.9091547010466456,0.11312087811529636,0.0060028121079547005,-0.49800497892748297,0.1369165684155036,0.17973750420181586,-0.49800497892748297
0.5450550140812993,0.46075977850705385,0.4673055689781904,0.9145730994641781,0.1426461860537529,0.006189762269269193,-0.4980413763704547,0.13967397086470712,0.14255765760274658,-0.4980413763704547
0.520329493097961,0.44814767222851515,0.7194540435448289,0.7676508594304323,0.12793644331395626,0.009412870699239174,-0.4982513056129001,0.16660004840128464,0.17002057270290957,-0.4982513056129001
0.6373635111376643,0.3545365119352937,0.5394986402243376,0.8098712731152773,0.17193324957042933,0.0033968892877435895,-0.49867086517436426,0.1247924328027604,0.17128999865888722,-0.49867086517436426
0.4436996793374419,0.4428609423339367,0.6378444144502282,0.9563349187374115,0.23323521204292774,0.006847244984525626,-0.49870858680321156,0.1522380430968355,0.1552641175044037,-0.49870858680321156
0.5617392184212804,0.35245453380048275,0.7782799201086164,0.8969134548678994,0.19268708676099777,0.003565456408602187,-0.4992348294705543,0.12712467347670928,0.1646450872532453,-0.4992348294705543
0.5480974614620209,0.30092908814549446,0.40682949032634497,0.7983884373679757,0.09858302492648363,0.0032988923758744113,-0.4992867016934761,0.1284379970991319,0.16902846896310966,-0.4992867016934761
0.42022768780589104,0.3570534037426114,0.3580036861822009,0.9080649195238948,0.12272706627845764,0.006153878200184677,-0.4995804777169121,0.1370386794759509,0.1735547075219431,-0.4995804777169121
0.510860781185329,0.3534800624474883,0.40471860207617283,0.8676810301840305,0.050866084173321724,0.003962012005735927,-0.49968570444026056,0.12014258313251976,0.16750917984886052,-0.49968570444026056
0.504814918152988,0.300579440779984,0.5086977742612362,0.8330006934702396,0.009160562418401241,0.005261273812193243,-0.5001958184522605,0.13211946617424938,0.18498855566924235,-0.5001958184522605
0.36907017324119806,0.3983551301062107,0.7273924089968204,0.9936136892065406,0.19952619913965464,0.0032005971678349993,-0.500283563908003,0.129376000943196,0.15887449498402614,-0.500283563908003
0.3989511374384165,0.2830669768154621,0.7518194783478975,0.9006928214803338,0.05807901546359062,0.007450321659197138,-0.5004254724571598,0.15116709757936453,0.17442460255479822,-0.5004254724571598
0.6009028954431415,0.4361214991658926,0.5854053245857358,0.9742601560428739,0.18552111368626356,0.006431913935985678,-0.5009871026962487,0.15165265882178808,0.11046010744028655,-0.5009871026962487
0.3570247460156679,0.2668627519160509,0.5411851592361927,0.8283053888007998,0.09047748427838087,0.005260115394655741,-0.5012189148587206,0.1533772086192022,0.1603298441661526,-0.5012189148587206
0.6486526792868972,0.3295422689989209,0.5656788954511285,0.9404293959960341,0.17685571871697903,0.004709822338520787,-0.5012210369604213,0.13198331620597098,0.15235680990178457,-0.5012210369604213
0.6130465855821967,0.37981694377958775,0.5588664803653955,0.7754725962877274,0.180602315813303,0.005284996041407124,-0.5013258748219777,0.13822569978356658,0.16073303977669062,-0.5013258748219777
0.5285366447642446,0.4715685285627842,0.6733411382883787,0.9913521967828274,0.08066031243652105,0.006278799713374519,-0.501556520721456,0.144778494302766,0.13712015582081283,-0.501556520721456
0.345829114317894,0.4289931124076247,0.5211510946974158,0.962038085795939,0.17751296050846577,0.005740375457328036,-0.5019070076498935,0.13882986457366558,0.1342076474467246,-0.5019070076498935
0.3720867773517966,0.4146057004109025,0.44015640299767256,0.9739739801734686,0.1476530386134982,0.005539409684949769,-0.5021032957743964,0.1397214218998768,0.1297373404564431,-0.5021032957743964
0.5218794206157327,0.37064864858984947,0.41054278798401356,0.845727919600904,0.21933571621775627,0.002578029600490953,-0.5021867050336908,0.1267945227943633,0.16832664980815226,-0.5021867050336908
0.5921986233443022,0.30332067236304283,0.5477668456733227,0.7378946570679545,0.07508662436157465,0.004513318306982268,-0.5026787228340917,0.14347387825320473,0.1610039625461528,-0.5026787228340917
0.3406390016898513,0.2908236440271139,0.6642545759677887,0.790471619926393,0.1038492051884532,0.007219886895617811,-0.5027619263375286,0.16225866406299336,0.17508331906364305,-0.5027619263375286
0.43629311118274927,0.45735725574195385,0.6309076808393002,0.7701945882290602,0.1779491975903511,0.009812418733382663,-0.5030420016475733,0.17406419970216291,0.16222349752553417,-0.5030420016475733
0.6232045814394951,0.2962392959743738,0.4832479106262326,0.9276285823434591,0.16401715762913227,0.0039572448900884296,-0.5032625742187931,0.1342549508537657,0.14169280534688586,-0.5032625742187931
0.32423416525125504,0.3556805271655321,0.7281655613332987,0.8061210215091705,0.11507993098348379,0.008810113953050125,-0.503298194168615,0.15828433226678487,0.2018887698751087,-0.503298194168615
0.41936932783573866,0.46289687044918537,0.7506151609122753,0.8381850700825453,0.12792222388088703,0.009269859983982921,-0.5033119452821643,0.16854415340658316,0.1772075107573761,-0.5033119452821643
0.5134722851216793,0.2341091651469469,0.4602840831503272,0.8863185485824943,0.15995096880942583,0.003943903152091795,-0.5035226672691167,0.13327171982252836,0.16867673936174055,-0.5035226672691167
0.3795051518827677,0.38429680187255144,0.6806251490488648,0.8414315981790423,0.22545098420232534,0.00630220765963819,-0.5035841842444289,0.14728533560017854,0.178155972686378,-0.5035841842444289
0.5161108812317252,0.25947190914303064,0.5975153623148799,0.9172941902652383,0.012174807488918304,0.005650491193243227,-0.5037292347949062,0.13574788227450574,0.17402378903021254,-0.5037292347949062
0.5764610515907407,0.3298494992777705,0.8192369928583503,0.9264029273763299,0.07444759737700224,0.0071476284075704,-0.5037920796571891,0.14163537687043404,0.18668177234372763,-0.5037920796571891
0.5887246588245034,0.35520948376506567,0.794758066534996,0.8233182616531849,0.07146100327372551,0.008316354214583583,-0.5038841516044017,0.1534641149920291,0.18692409962755985,-0.5038841516044017
0.4442975837737322,0.3804756784811616,0.3885637102648616,0.7820525718852878,0.1710278270766139,0.005331931976589409,-0.5044343009779317,0.14306831012008334,0.17996725648854753,-0.5044343009779317
0.6217025760561228,0.4044998036697507,0.6660359185189009,0.9433027906343341,0.191819466650486,0.005454680464356094,-0.5044356265651408,0.1464236047472837,0.1401596766314582,-0.5044356265651408
0.4621415976434946,0.28763960022479296,0.7375093549489975,0.822510045953095,0.023643783293664455,0.009185093774930953,-0.5046487665038789,0.1603433533774245,0.18987392907818215,-0.5046487665038789
0.5515572614967823,0.42324219178408384,0.7596010072156787,0.9851382756605744,0.05344405211508274,0.005627340163594558,-0.5047895606878435,0.13827510574397528,0.17011945594549976,-0.5047895606878435
0.5096974326297641,0.2858083313331008,0.36298028752207756,0.9198170630261302,0.12852086499333382,0.0045217800750799566,-0.5050747185684259,0.13483560316699317,0.16407205315596826,-0.5050747185684259
0.4050459759309888,0.2984835421666503,0.735594354569912,0.7418347457423806,0.13401514943689108,0.006632023529663154,-0.5052138262996198,0.16252208094271553,0.17017778651840756,-0.5052138262996198
0.3900719014927745,0.3281656503677368,0.6697558974847198,0.8077099798247218,0.020665486343204975,0.010700391899063995,-0.5054913045345972,0.16759032030333298,0.19594770270803571,-0.5054913045345972
0.5538306348025799,0.43181855045259,0.4513392625376582,0.8415122227743268,0.0898761497810483,0.0049045984452514005,-0.5055539742244217,0.12982037618777756,0.15435248190048628,-0.5055539742244217
0.40168249793350697,0.291582309640944,0.44349596835672855,0.803902861662209,0.07987748365849257,0.00518560672703454,-0.5058734826824017,0.1520816086706639,0.1613931153882828,-0.5058734826824017
0.6063506007194519,0.4015241600573063,0.4798260238021612,0.7875235294923186,0.1504840673878789,0.004097314337809134,-0.5059103493879155,0.13213878043588279,0.15918274083767092,-0.5059103493879155
0.49852349516004324,0.21651457995176315,0.618682230822742,0.953181860037148,0.16270309314131737,0.005247812712332512,-0.5066027626330848,0.1440569025392061,0.14267333729567577,-0.5066027626330848
0.5263941111043096,0.21139586996287107,0.5795767493546009,0.8309056218713522,0.07875385601073503,0.00414040486506004,-0.5067855806048284,0.14238023203267866,0.15277542653785905,-0.5067855806048284
0.5654975362122059,0.28602715488523245,0.5106280334293842,0.7276524230837822,0.1488502910360694,0.0026273743574539037,-0.5068455981245213,0.13104801919545783,0.1661708468826061,-0.5068455981245213
0.34192445036023855,0.3482129778712988,0.5682899560779333,0.9961719810962677,0.21665844786912203,0.005455825050227204,-0.5069257485286722,0.07805611772915022,0.1478587845359406,-0.5069257485286722
0.5310430051758885,0.42162515595555305,0.5902090296149254,0.7834506286308169,0.22371044103056192,0.006839210856417361,-0.5070297136423334,0.15430363259140675,0.17031730750834034,-0.5070297136423334
0.40989313554018736,0.44351400900632143,0.6836221255362034,0.76383585203439,0.0964046623557806,0.010556285214465356,-0.5076798394705347,0.17783148410309527,0.16552693453379613,-0.5076798394705347
0.5515995239838958,0.2959896270185709,0.6479931445792317,0.7354639442637563,0.18360450211912394,0.003999641739383522,-0.5077777546896569,0.14352936875812156,0.15583590965081895,-0.5077777546896569
0.47029799316078424,0.3027603607624769,0.5313237486407161,0.9591375878080726,0.24938238970935345,0.005160046695455281,-0.5078054695459452,0.12875465585901977,0.1621703841149984,-0.5078054695459452
0.37106134556233883,0.3499764930456877,0.668704611249268,0.8701005959883332,0.2326509077101946,0.0048862949268208096,-0.5079135644026632,0.13524427548227058,0.17874222165924653,-0.5079135644026632
0.32957677729427814,0.3733309591189027,0.7067256290465593,0.7850983990356326,0.15756303910166025,0.0078004817947855895,-0.5085131031239952,0.16023771608595255,0.18922622300337028,-0.5085131031239952
0.4794220356270671,0.226371381431818,0.5182679481804371,0.7966305986046791,0.15971870254725218,0.003734932968418053,-0.508537874368571,0.13864673293094185,0.17543209528429432,-0.508537874368571
0.47169650811702013,0.2029114244505763,0.5659639267250896,0.9477919396013021,0.11140471883118153,0.004693791062295192,-0.5086736039205586,0.13987471603520152,0.13299794171122195,-0.5086736039205586
0.5875336192548275,0.28132233675569296,0.7294255141168833,0.7714446065947413,0.09611404128372669,0.005442807062432077,-0.5087845212337946,0.14806906567833608,0.16234739816457774,-0.5087845212337946
0.4388749562203884,0.38022910710424185,0.6561213489621878,0.9921426894143224,0.25574612338095903,0.004753222238432125,-0.5090344605549474,0.13325334566078317,0.16876868493795866,-0.5090344605549474
0.40348368883132935,0.23070640210062265,0.640492525883019,0.8044402124360204,0.1327043892815709,0.00469736286011383,-0.5092129165374987,0.15259270653269463,0.15272964440479722,-0.5092129165374987
0.5810444802045822,0.43113511707633734,0.4990674164146185,0.8758198469877243,0.20353196654468775,0.005109401813369751,-0.50922814383815,0.14692805363942127,0.14122395934836623,-0.50922814383815
0.5924062225967646,0.2697686171159148,0.7572648273780942,0.9107831474393606,0.08176822867244482,0.006446015232345843,-0.5092298371685401,0.14770415681365934,0.16206315631641022,-0.5092298371685401
0.5367083009332418,0.4867512797936797,0.596338820643723,0.8547868262976408,0.17767558060586452,0.00769989811388136,-0.5094605044153847,0.16563668988509528,0.15225148038205374,-0.5094605044153847
0.632839604280889,0.4144273800775409,0.6670600511133671,0.87897823844105,0.061985223554074764,0.006385969133148998,-0.5095032951424874,0.1442513285560148,0.15633708260817486,-0.5095032951424874
0.642401167191565,0.3686156589537859,0.5180418100208044,0.7888564253225923,0.09814815130084753,0.004153969072550945,-0.5096171967150972,0.13142456773078265,0.16629815084552055,-0.5096171967150972
0.6609616046771407,0.31102573685348034,0.6823836481198668,0.9229753082618117,0.0711965523660183,0.007564429315485613,-0.509724918570964,0.1496348716759434,0.1745329731247272,-0.509724918570964
0.5672414358705282,0.2992517165839672,0.7039999384433031,0.765085406601429,0.1786043606698513,0.004043829451871871,-0.5098591087541634,0.14361285167474747,0.15174211785163128,-0.5098591087541634
0.35893983114510775,0.4695364907383919,0.6076244385913014,0.9566696109250188,0.12382011860609055,0.006401304680601691,-0.509923223057597,0.15570085548454674,0.1388929019007173,-0.509923223057597
0.403372747823596,0.4107548100873828,0.4146720077842474,0.8389113480225205,0.1027294946834445,0.006653864194218326,-0.5100851501073096,0.14918113711635697,0.16328304017822104,-0.5100851501073096
0.6035956973209977,0.3337688324972987,0.630062960088253,0.9314512088894844,0.22176431491971016,0.004273723488700517,-0.5106376275299721,0.1327419859291714,0.1403459109498733,-0.5106376275299721
0.6083875512704253,0.354139132425189,0.4211994996294379,0.9119984218850732,0.1801335271447897,0.002917905411995819,-0.5111411161378969,0.13204157069110597,0.1377851653979367,-0.5111411161378969
0.39067677967250347,0.4257698068395257,0.7068130429834127,0.9082688074558973,0.22245192527770996,0.005688119559118745,-0.511252356086829,0.15133565250954242,0.17089305400945604,-0.511252356086829
0.2793796453624964,0.34883838053792715,0.6541767194867134,0.9136664383113384,0.09606497548520565,0.0081040091609859,-0.5112795392532654,0.1425073179707259,0.21908210723751886,-0.5112795392532654
0.2878259876742959,0.36496666446328163,0.5769288940355182,0.8085330706089735,0.1300919195637107,0.007599832890407983,-0.5113145444334886,0.149458256800178,0.2144281667508129,-0.5113145444334886
0.5869700694456697,0.3446837980300188,0.4786766543984413,0.9750309959053993,0.03478773217648268,0.003541904445824777,-0.511517943563177,0.1139438610828985,0.1189364863901754,-0.511517943563177
0.360288567841053,0.2531491005793214,0.5157762877643108,0.8229077756404877,0.13297114986926317,0.0040340582378810596,-0.5117267357344673,0.14741564479108507,0.16535994728677691,-0.5117267357344673
0.4425125066190958,0.38947928324341774,0.8223747713491321,0.8883631890639663,0.192945908755064,0.004320438302030129,-0.5118028345077568,0.13558610686546715,0.19321704181321106,-0.5118028345077568
0.47080961614847183,0.3428334267809987,0.7038020342588425,0.7186916740611196,0.19848723523318768,0.006092694278189952,-0.5122628769690255,0.1578296429962894,0.17820556627612796,-0.5122628769690255
0.3460950870066881,0.32370682805776596,0.43424578197300434,0.8713990999385715,0.0955257248133421,0.0050886301054202075,-0.5122672172564671,0.1446958583176067,0.16919884846831143,-0.5122672172564671
0.5334474062547088,0.3697058530524373,0.7880809428170323,0.8876624796539545,0.017335718497633934,0.008503993195197962,-0.5126692495386399,0.14677545086028868,0.21738226460260426,-0.5126692495386399
0.5031467471271753,0.4328074222430587,0.8248902224004269,0.9250659048557281,0.16925622429698706,0.005251330791939909,-0.5129569900547337,0.14553640975233723,0.1829900710730556,-0.5129569900547337
0.5956077575683594,0.386996490880847,0.6406804379075766,0.968224361538887,0.016494354233145714,0.00468962208487512,-0.512959309914077,0.12201605266211114,0.1699472059024338,-0.512959309914077
0.4485820746049285,0.4551877733319998,0.49071545992046595,0.7913353806361556,0.09783431235700846,0.008192296051240437,-0.5131806552213619,0.15569576516709305,0.16488058909119707,-0.5131806552213619
0.6911626560613513,0.3598175859078765,0.5998428799211979,0.93080944288522,0.11234156601130962,0.006255198848212342,-0.513686343933476,0.13576065860616407,0.19385680804103658,-0.513686343933476
0.4631478702649474,0.3565826462581754,0.8008353356271982,0.7701661679893732,0.05023469869047403,0.010410156412732897,-0.5138091500398292,0.17066060632869287,0.20346716471995283,-0.5138091500398292
0.5133476257324219,0.33902266528457403,0.3369921976700425,0.8147702375426888,0.1494632875546813,0.0021578208058663354,-0.5145461542638704,0.1218641185047474,0.19391770513211673,-0.5145461542638704
0.42801154125481844,0.31880275439471006,0.8321173563599586,0.7938992390409112,0.10795283690094948,0.0081561731713942,-0.5145714118731586,0.15988493207222695,0.1995847596497367,-0.5145714118731586
0.4337867209687829,0.3994490038603544,0.6052980218082666,0.9392395848408341,0.001665426418185234,0.006166917251322781,-0.5146097822541041,0.11913874958743353,0.20202340600552388,-0.5146097822541041
0.506545988842845,0.3109797462821007,0.47456058114767075,0.8613312467932701,0.24912064522504807,0.0028234970446699586,-0.5146416701394625,0.12514448724428223,0.18748149992680066,-0.5146416701394625
0.6016195546835661,0.41045063082128763,0.688683764077723,0.8068853002041578,0.1889447858557105,0.006974305591877308,-0.5150128451263156,0.15731984260228307,0.15548081738958314,-0.5150128451263156
0.4752372298389673,0.3653616653755307,0.5497208423912525,0.9868969786912203,0.269933239556849,0.006167399121314548,-0.5151754990093597,0.1338656597536332,0.17034612443880362,-0.5151754990093597
0.338437776081264,0.4138404317200184,0.6939023099839687,0.8176602153107524,0.08074186276644468,0.00985876141978345,-0.5152191707916688,0.17132372191915116,0.18322264480522185,-0.5152191707916688
0.5501499092206359,0.44304117374122143,0.473199849948287,0.9238387113437057,0.06896353326737881,0.00419858573587278,-0.5152590752527657,0.1184629554093284,0.12795918569828144,-0.5152590752527657
0.5895705325528979,0.4546838225796819,0.67086763959378,0.8969570444896817,0.06252733711153269,0.006407567441420504,-0.5156585497520243,0.14903643984152162,0.14750008385830876,-0.5156585497520243
0.36558309476822615,0.2987362155690789,0.710317119024694,0.8598407404497266,0.036328501999378204,0.009113061962998284,-0.5163306638144561,0.16403065178288048,0.1900710821575764,-0.5163306638144561
0.47612425591796637,0.3166451333090663,0.4762461204081774,0.7806453267112374,0.019226545467972755,0.0058002597500591765,-0.5163414160489128,0.14706448454413917,0.18464890496857053,-0.5163414160489128
0.514991894364357,0.27192921843379736,0.42655916418880224,0.8976699020713568,0.04541067872196436,0.003646132672767684,-0.516372182654654,0.1335400149896594,0.15060556634929975,-0.516372182654654
0.44362201169133186,0.33891617972403765,0.769013605080545,0.7056735344231129,0.09807559940963984,0.009633835552693312,-0.5164191065867572,0.17293308879146507,0.1955320956052924,-0.5164191065867572
0.5987918674945831,0.2456604102626443,0.6534952018409967,0.9218071820214391,0.1614509392529726,0.004856416576893233,-0.5166019894251492,0.14794697144987176,0.14727864914176714,-0.5166019894251492
0.38590284436941147,0.29641952365636826,0.6322674173861742,0.9577024588361382,0.015378167852759361,0.007008221583218331,-0.517157086457059,0.14517867014460584,0.18535944075764463,-0.517157086457059
0.5507458467036486,0.38016762863844633,0.7229393012821674,0.8140633665025234,0.0072431182488799095,0.009588028728638736,-0.5172953142844143,0.15798515793015183,0.20599638989977487,-0.5172953142844143
0.4463075269013643,0.4684100029990077,0.526753325946629,0.7623791946098208,0.1429088842123747,0.008582721186424731,-0.5173164402152468,0.1673410568192489,0.16909912378909042,-0.5173164402152468
0.4030903885141015,0.34215734526515007,0.7924560075625777,0.8652062295004725,0.03313849773257971,0.009982246590526005,-0.5173344566071674,0.1618312503000342,0.21338813667370335,-0.5173344566071674
0.6081347810104489,0.3970461944118142,0.506151782348752,0.7505584163591266,0.10583650507032871,0.004661900227293264,-0.517789037546692,0.1415443616320503,0.15879061966515534,-0.517789037546692
0.4063883386552334,0.317730437964201,0.5445470595732331,0.8943326575681567,0.25680098589509726,0.0042778225329725686,-0.5178103377622867,0.12934718806735251,0.1896061240850651,-0.5178103377622867
0.5343124093487859,0.4381733229383826,0.6619732808321714,0.8297099722549319,0.024331274442374706,0.00837071410959078,-0.5184720090608355,0.14997099809866732,0.18222593702057793,-0.5184720090608355
0.5608914410695434,0.45586200430989265,0.6560956742614508,0.823335200548172,0.19960778672248125,0.007707570570947739,-0.5185384021650343,0.16821957791548722,0.15189664249943505,-0.5185384021650343
0.6288639213889837,0.3611453678458929,0.6857318226248026,0.9713542843237519,0.19975578505545855,0.003779465380547226,-0.5185422366619835,0.1404652824002152,0.14167339031475057,-0.5185422366619835
0.5760193606838584,0.41282996628433466,0.5391673240810633,0.9342614328488708,0.23692705482244492,0.005272790120704342,-0.518662807824851,0.14681995517651347,0.14089251728127333,-0.518662807824851
0.42134544625878334,0.29252611845731735,0.817108784802258,0.9626591876149178,0.15680923406034708,0.0031817753546331583,-0.5189140228862315,0.12382143046725566,0.16664984600586605,-0.5189140228862315
0.45197299402207136,0.3353122705593705,0.8430068092420697,0.9795817425474524,0.053124768659472466,0.006336752826894906,-0.5190224790191469,0.13898469030190694,0.20442268184951046,-0.5190224790191469
0.42555122170597315,0.44063039496541023,0.4973969869315624,0.9821444684639573,0.05934064369648695,0.004730602031568284,-0.5190472664586957,0.12180545698588449,0.11832160369459083,-0.5190472664586957
0.5063460981473327,0.19728785753250122,0.6049472205340862,0.820678529329598,0.12907192390412092,0.0041087676100459635,-0.5197276971157647,0.14261379747016745,0.17061314749969117,-0.5197276971157647
0.3591696536168456,0.2783130621537566,0.44454701244831085,0.8660344248637557,0.1668633259832859,0.00351679024108491,-0.5199924564364015,0.14130840638564313,0.16245322970082834,-0.5199924564364015
0.3834389904513955,0.3188550425693393,0.6170165846124291,0.7162758139893413,0.05823301337659359,0.008735081213062698,-0.5201964499381291,0.17748938804446582,0.1786003126806611,-0.5201964499381291
0.5207726778462529,0.3304600063711405,0.5820456920191646,0.6487043853849173,0.14594822842627764,0.005073623475060959,-0.520270828145843,0.15781934030301598,0.1790020990562931,-0.520270828145843
0.37046537082642317,0.28762055467814207,0.4179852893576026,0.8841579426079988,0.1716645834967494,0.003514204979817654,-0.5203196596481662,0.14102936841892746,0.15794580381847187,-0.5203196596481662
0.5685271229594946,0.37421929463744164,0.5597945936024189,0.9629799565300345,0.0013763252645730972,0.004246563327600689,-0.5203268473034504,0.10018719284506526,0.1783266163508272,-0.5203268473034504
0.6529177380725741,0.3927297508344054,0.6876327199861407,0.8707421757280827,0.05706743150949478,0.006594692898917371,-0.5205442391854099,0.1462627431610152,0.17250062633518745,-0.5205442391854099
0.4468363905325532,0.2108241207897663,0.5594598166644573,0.8940526731312275,0.05999819282442331,0.0034592377975490364,-0.5205517267184953,0.1428856787752449,0.13436017987572035,-0.5205517267184953
0.5784134436398745,0.25790052115917206,0.683434915728867,0.9851208599284291,0.175731192342937,0.0049753534742702525,-0.5207243885719306,0.14861171293276018,0.12490084527389943,-0.5207243885719306
0.5807898659259081,0.317670077085495,0.5840217424556613,0.7867675367742777,0.0043874504044651985,0.0063779278828205435,-0.5208236758792567,0.1519496496775964,0.18597691597558122,-0.5208236758792567
0.308362047187984,0.35133431758731604,0.614065813831985,0.7826806353405118,0.07980881724506617,0.008818590340770979,-0.5208307692069728,0.1687189523410688,0.1991717859488317,-0.5208307692069728
0.5834207711741328,0.45087254978716373,0.7678904486820102,0.939560828730464,0.1565505089238286,0.006030410169461733,-0.5212342376205732,0.15930036813194895,0.154107056485644,-0.5212342376205732
0.2857735510915518,0.3791028093546629,0.5106166917830706,0.9301697686314583,0.16343024745583534,0.005076986489255178,-0.5213879931427309,0.13063172076062493,0.18654368305157598,-0.5213879931427309
0.48212010506540537,0.3510273778811097,0.8607595087960362,0.8351215748116374,0.16465450450778008,0.005614218191664487,-0.5216963341879484,0.1369568481182402,0.21189942525254488,-0.5216963341879484
0.49310131557285786,0.41385351307690144,0.4001450715586543,0.8812564872205257,0.22395031061023474,0.004653150911116347,-0.5218595201771667,0.14796874332263707,0.16731020292249574,-0.5218595201771667
0.3499912125989795,0.44608989264816046,0.5615758989006281,0.8033109335228801,0.17121856007725,0.00799655107060915,-0.5220597521053056,0.1706735271340715,0.1623494785277393,-0.5220597521053056
0.4575054422020912,0.45103126019239426,0.5326495291665196,0.7716455161571503,0.0691872090101242,0.008271530275238002,-0.5220908132928952,0.15893843358790632,0.16363397728411858,-0.5220908132928952
0.34150212723761797,0.3944436050951481,0.7920559672638774,0.9883784856647253,0.09715763293206692,0.004435464818646244,-0.5221335679490998,0.14321803095447566,0.19516207845618994,-0.5221335679490998
0.296211957000196,0.3415382979437709,0.5312449298799038,0.9675521999597549,0.08270085416734219,0.00493090140873646,-0.522307114717551,0.1343522509329831,0.17542400736487912,-0.522307114717551
0.6109608057886362,0.3841127594932914,0.454453868791461,0.8094923309981823,0.07675089221447706,0.0031642477849214844,-0.5224438877957581,0.13083187267579377,0.15078514691809725,-0.5224438877957581
0.45894451905041933,0.44840049743652344,0.7612723866477609,0.9039677679538727,0.2129647359251976,0.006217147003912222,-0.522575933428893,0.1602836028162892,0.1761192624102437,-0.522575933428893
0.5362451346591115,0.24430258572101593,0.5675071068108082,0.9886573264375329,0.026207090355455875,0.004581104538037455,-0.5226050614859082,0.13754764454687515,0.1355323555362112,-0.5226050614859082
0.5431859437376261,0.2874574353918433,0.400986454449594,0.792036572471261,0.17235286813229322,0.0019238822692067815,-0.5226252422576817,0.12471378217528628,0.16682428872445793,-0.5226252422576817
0.3741392120718956,0.3369300542399287,0.38147432543337345,0.8504298329353333,0.1771193891763687,0.0037068235670518423,-0.5230058290445829,0.14311188460969604,0.16871943506306078,-0.5230058290445829
0.42868618946522474,0.39930546190589666,0.44780532643198967,0.717520160600543,0.1618927326053381,0.006627585747283497,-0.523377781051724,0.16146995409772946,0.17865839235338363,-0.523377781051724
0.5295429080724716,0.415329497307539,0.8659510053694248,0.9157844437286258,0.11901174578815699,0.00578456700124151,-0.5236205758415873,0.1445405335891864,0.20460794339881788,-0.5236205758415873
0.41633204091340303,0.4825951475650072,0.7316881595179439,0.9796024961397052,0.1749830236658454,0.006349761411329015,-0.5236336475404518,0.16920301997240186,0.15259912801003314,-0.5236336475404518
0.49002378806471825,0.24222748912870884,0.44300902634859085,0.7693100413307548,0.1264453250914812,0.0033334742477171835,-0.5237637570383306,0.14232618994508717,0.17703398876151907,-0.5237637570383306
0.42495994828641415,0.374887777492404,0.3325933991000056,0.9329713955521584,0.16517492942512035,0.005325270161861505,-0.5241843802004553,0.14708607282472141,0.1683145816409329,-0.5241843802004553
0.33009472396224737,0.30262956116348505,0.7700973823666573,0.8721569739282131,0.1348824268206954,0.004773347848062384,-0.5243366561798993,0.14715915210510377,0.18996696620886466,-0.5243366561798993
0.3234629612416029,0.33604161627590656,0.7541306065395474,0.8829576866701245,0.06643378175795078,0.008632668111121958,-0.5243850596629097,0.1591032030957299,0.2086896338961742,-0.5243850596629097
0.6195536879822612,0.32896201498806477,0.4418865889310837,0.8382106311619282,0.1849441984668374,0.0017588889604345603,-0.5246166568250845,0.12428319728168023,0.15670750381902832,-0.5246166568250845
0.35879105515778065,0.3399358559399843,0.6952663380652666,0.8801677189767361,0.22965582180768251,0.003909917038039876,-0.5246677926987959,0.1370264957226388,0.17661919727376615,-0.5246677926987959
0.612814855761826,0.36803648341447115,0.39577177818864584,0.9369123820215464,0.10642760246992111,0.004558277948602075,-0.524669752285855,0.13727710074415517,0.1358853553169551,-0.524669752285855
0.45889427326619625,0.33334352169185877,0.6463228231295943,0.6528200097382069,0.07878002058714628,0.009471707019950459,-0.5247240319861652,0.17845882077703035,0.18717492359965307,-0.5247240319861652
0.5787376957014203,0.4265178833156824,0.5176415909081697,0.9122623316943645,0.03718075715005398,0.00337382055673365,-0.5248068934553467,0.11040370291186419,0.1346899921879973,-0.5248068934553467
0.5613479427993298,0.21341665368527174,0.6799992760643363,0.9572440525516868,0.0969367865473032,0.005176066899847421,-0.5250285128984923,0.1528493974533951,0.13400570074423945,-0.5250285128984923
0.5264907507225871,0.39145869854837656,0.36547118332237005,0.8109601009637117,0.18599931430071592,0.003023005760166394,-0.5250408329686116,0.1362409666371672,0.174534720999967,-0.5250408329686116
0.43956057354807854,0.43261491134762764,0.6635836251080036,0.8095657993108034,0.2385374316945672,0.007694050220942736,-0.5252003513591447,0.16797600097440443,0.18495109275761798,-0.5252003513591447
0.29422054439783096,0.4181762272492051,0.589751292951405,0.8410967942327261,0.11597864050418139,0.00840847292555141,-0.5252443022627596,0.16147241514581437,0.1940658717275666,-0.5252443022627596
0.5687722899019718,0.3779425946995616,0.39474689308553934,0.8744197236374021,0.20848179422318935,0.0024042457390288227,-0.5252832578851583,0.13472845033550673,0.15032869075368488,-0.5252832578851583
0.646074341610074,0.25679140724241734,0.555530252866447,0.9457945479080081,0.1231343261897564,0.005870355530979981,-0.5253130385776937,0.15374861745228532,0.15451837057138418,-0.5253130385776937
0.4368579527363181,0.32503639813512564,0.5495297815650702,0.6552544329315424,0.15653571765869856,0.005967454763679711,-0.5256161422657928,0.16613913479056705,0.1813920545722023,-0.5256161422657928
0.5967637449502945,0.43855505995452404,0.6228680461645126,0.7598412549123168,0.16350986063480377,0.007277613106510405,-0.5256226521981404,0.16447475361305344,0.15204766762314811,-0.5256226521981404
0.6378203462809324,0.357396082021296,0.752526419237256,0.9285178352147341,0.04372089449316263,0.006378473455582344,-0.5257466051684644,0.14920784194055148,0.18467213072296582,-0.5257466051684644
0.41748467925935984,0.3853701837360859,0.48488860204815865,0.6916294889524579,0.1106281653046608,0.007468421518485639,-0.5261685084604605,0.16869736995784046,0.18123527666267472,-0.5261685084604605
0.3786498149856925,0.28500496968626976,0.6984423995018005,0.7315849158912897,0.09151058737188578,0.006810774708019457,-0.5266866453700295,0.17413715579313166,0.16774302137014538,-0.5266866453700295
0.5014749662950635,0.37337839882820845,0.49125060345977545,0.8347087996080518,0.26970676239579916,0.003377172425278673,-0.5267240517601726,0.1374074949339837,0.20221425109912058,-0.5267240517601726
0.3753139618784189,0.24830508418381214,0.6775764869526029,0.7941597010940313,0.08146713953465223,0.005257935205503755,-0.5268137307584282,0.16538866523122597,0.15098098732872034,-0.5268137307584282
0.45237511582672596,0.22386234626173973,0.7457046350464225,0.9153472492471337,0.14103294536471367,0.004076684698546766,-0.5268275484175773,0.14111998953245572,0.15936709147428582,-0.5268275484175773
0.3205607710406184,0.26924785412847996,0.6904348572716117,0.9597184229642153,0.10864873602986336,0.005756909966573107,-0.5272306470912046,0.14898564978777107,0.16426123082395733,-0.5272306470912046
0.6116169709712267,0.3770602960139513,0.7721076514571905,0.892177477478981,0.03530023619532585,0.006980262565416701,-0.5273388771737608,0.15194405769965552,0.1921594087593667,-0.5273388771737608
0.41556715965270996,0.39202475920319557,0.45864551048725843,0.9565942129120231,0.253398971632123,0.004747974019411753,-0.5275230021099818,0.14443772452502646,0.1606083197531069,-0.5275230021099818
0.4127077255398035,0.25347165670245886,0.7709997165948153,0.8095293398946524,0.11039640009403229,0.005497036518857016,-0.5276344219411279,0.15836112771886673,0.16285905113308777,-0.5276344219411279
0.3790902039036155,0.44666727632284164,0.42987632285803556,0.9201475828886032,0.16323951445519924,0.005691495029525224,-0.5276464295063213,0.15758939656104945,0.1439956713779706,-0.5276464295063213
0.5140490783378482,0.45123866479843855,0.5006870245561004,0.7333801621571183,0.11818803381174803,0.006941048033005365,-0.5277276575585745,0.1595635345987622,0.17255911859778916,-0.5277276575585745
0.6321829650551081,0.4243323691189289,0.5598903447389603,0.8398076388984919,0.0663854954764247,0.0044927070828098365,-0.5280317249824968,0.13773979350323756,0.13951811515118706,-0.5280317249824968
0.6587373120710254,0.42232469841837883,0.707514981739223,0.9659182457253337,0.10948638990521431,0.0054593305297302675,-0.5281769794041277,0.15115031151650493,0.1641585429140135,-0.5281769794041277
0.5829067658632994,0.44849841482937336,0.5553808575496078,0.8218984585255384,0.05909979809075594,0.005407062306707069,-0.5282922359829061,0.14099831982532846,0.14514045054267313,-0.5282922359829061
0.5094369733706117,0.46152790635824203,0.7135747382417321,0.7583772921934724,0.08550433069467545,0.009359522650729639,-0.5286067276378852,0.17750419825789485,0.1702629048937735,-0.5286067276378852
0.47723511420190334,0.22897158656269312,0.4996946007013321,0.7590374536812305,0.0839436911046505,0.004073611444237714,-0.5286200507130607,0.1540107312879285,0.16310801357877405,-0.5286200507130607
0.30812271777540445,0.40229837596416473,0.4666134100407362,0.8789348741993308,0.13054628390818834,0.0050994340799717965,-0.5287684104021673,0.14709841416401723,0.1791954051220195,-0.5287684104021673
0.5282415905967355,0.3811713922768831,0.41818756703287363,0.7109504956752062,0.14159632474184036,0.003951191430621603,-0.5287999264259077,0.1430873618092386,0.1852156169729647,-0.5287999264259077
0.4862574590370059,0.2999071469530463,0.3449765397235751,0.8024504510685802,0.15738756489008665,0.0024091266196860834,-0.5292395834941522,0.13165537001294084,0.18711271903515406,-0.5292395834941522
0.4288727631792426,0.4964010799303651,0.7101609809324145,0.9859464913606644,0.10120022390037775,0.006797451868934362,-0.5293863972097663,0.16617608825212496,0.1535102284134697,-0.5293863972097663
0.5280684502795339,0.3907284950837493,0.5976712796837091,0.9778230227530003,0.270222638733685,0.00556257011959777,-0.5295376375191967,0.14735210021213846,0.1638321538320795,-0.5295376375191967
0.4117578165605664,0.42584552615880966,0.37082370091229677,0.9447161061689258,0.1390147227793932,0.006160479493650505,-0.5296849665393585,0.15275449389979723,0.151601164166801,-0.5296849665393585
0.49534417130053043,0.41846451070159674,0.8420432908460498,0.7920739352703094,0.14050789177417755,0.007549919851692993,-0.5299255910751,0.16503201802216794,0.20229146228161457,-0.5299255910751
0.47842441592365503,0.38134777545928955,0.6929351519793272,0.6809419440105557,0.05538163706660271,0.009994467133494285,-0.5302992100165723,0.17900964273297004,0.19066194268071737,-0.5302992100165723
0.5412619635462761,0.2196731111034751,0.7064312994480133,0.7925062421709299,0.09993569273501635,0.004613482013125242,-0.5303035275333442,0.1460758369777064,0.16004277258915456,-0.5303035275333442
0.497454022988677,0.283727896399796,0.7978384708985686,0.8195064403116703,0.17881681770086288,0.004410113159956509,-0.5303564557594209,0.13943761226041015,0.17321134925564127,-0.5303564557594209
0.5186556586995721,0.4652576223015785,0.5573721071705222,0.7387549001723528,0.16947173047810793,0.007445840191713346,-0.5303809701448187,0.17054212519169087,0.1661347428878934,-0.5303809701448187
0.45131275709718466,0.36521746404469013,0.602190162986517,0.6837521735578775,0.04027879238128662,0.009119044681650234,-0.5303979433441378,0.1772385367192182,0.189761864270839,-0.5303979433441378
0.31611216999590397,0.44748694356530905,0.7091099480167031,0.9223327729851007,0.1530316974967718,0.006814884738299947,-0.5304319011841845,0.16186543034038334,0.17831621427897587,-0.5304319011841845
0.44998185709118843,0.4129268703982234,0.7765055559575558,0.8521461868658662,0.019572322256863117,0.009805898530283085,-0.5305096113416419,0.16460195107723463,0.21476195241594667,-0.5305096113416419
0.47072611283510923,0.4389580599963665,0.8270802553743124,0.9669412160292268,0.06442601699382067,0.005468763359660518,-0.5305172273587595,0.1522843253777469,0.18997532639340498,-0.5305172273587595
0.6133165778592229,0.39296716544777155,0.7248542569577694,0.7465601861476898,0.14688078220933676,0.006678185600019247,-0.530711141637171,0.16063760043977696,0.17124286513225517,-0.530711141637171
0.6854804810136557,0.33155171293765306,0.6664295140653849,0.8164702784270048,0.1318286368623376,0.00590022862170479,-0.5308306696995952,0.13926065082031472,0.20980543563969492,-0.5308306696995952
0.5164321903139353,0.32161422446370125,0.34680035803467035,0.8367471490055323,0.07569623831659555,0.0038712422418893284,-0.5309142877835271,0.13811352668136212,0.18533757720097346,-0.5309142877835271
0.46682144328951836,0.2682121070101857,0.7799503346905112,0.9951852485537529,0.04091894067823887,0.006490397650916802,-0.531019131592548,0.14773730783805625,0.1713327216573287,-0.531019131592548
0.650521770119667,0.40720301773399115,0.5071725323796272,0.8139098742976785,0.14790810365229845,0.004341344379276139,-0.5310985259908741,0.1355231043023403,0.16918336159404562,-0.5310985259908741
0.3622644832357764,0.4870140580460429,0.5822706269100308,0.9464346971362829,0.16627890430390835,0.006328225000619014,-0.5311861986875858,0.1673176040003518,0.13713414707525934,-0.5311861986875858
0.5913385702297091,0.22950110025703907,0.5762144709005952,0.800315915606916,0.06467984151095152,0.0036204109397646126,-0.5314378618329989,0.1492605284329956,0.15596286497051623,-0.5314378618329989
0.4743060823529959,0.2471559001132846,0.6298483908176422,0.9847248969599605,0.2178299194201827,0.00446569451149989,-0.5315809271027014,0.14284695015151624,0.14633834341626076,-0.5315809271027014
0.3901520110666752,0.48131039179861546,0.503976859152317,0.857375355437398,0.1257668063044548,0.0071340782971920525,-0.5318827026739825,0.1630373786800881,0.15781407596262123,-0.5318827026739825
0.49066502321511507,0.3006418654695153,0.6127792131155729,0.9712665276601911,0.2616331623867154,0.004657485647966667,-0.5319048746685793,0.13759160887512795,0.16818117887292802,-0.5319048746685793
0.6262289471924305,0.4382190639153123,0.4950470933690667,0.8933100141584873,0.17097676452249289,0.004896335967950914,-0.5319205393805615,0.14863247851163797,0.13685533206007924,-0.5319205393805615
0.29400589503347874,0.32814917527139187,0.48720382899045944,0.9924047403037548,0.15902544651180506,0.005261385428073108,-0.5319359019491238,0.12892648583917485,0.16909141781283102,-0.5319359019491238
0.36363433953374624,0.34190460480749607,0.762799933552742,0.7364542400464416,0.13857659697532654,0.007101172732371569,-0.5319395200704718,0.17245512524489567,0.18957584902335722,-0.5319395200704718
0.49038029555231333,0.28668827190995216,0.432887208648026,0.7068888125941157,0.14026663452386856,0.002973483344129771,-0.5322859249989473,0.14431128975441856,0.181527722731983,-0.5322859249989473
0.42368212901055813,0.29955592565238476,0.43095699418336153,0.8576402207836509,0.029965780675411224,0.005086009938288918,-0.5323698511448822,0.14723483800120557,0.16651582868550802,-0.5323698511448822
0.32028184924274683,0.4274605205282569,0.7466031648218632,0.8435655757784843,0.13099016714841127,0.008153369392245686,-0.5325926629027716,0.16850273486809672,0.19506882290063057,-0.5325926629027716
0.6174971405416727,0.22846835292875767,0.6632309127599001,0.9271589424461126,0.1111939363181591,0.005191304042110219,-0.5326809506714357,0.15614941560470436,0.15268017730095287,-0.5326809506714357
0.4956461749970913,0.36141313146799803,0.4383371016010642,0.7122615715488791,0.06706726737320423,0.005532584512568789,-0.5329921935002294,0.15434300659970007,0.18712752813318373,-0.5329921935002294
0.3497462207451463,0.3017424941062927,0.39654368814080954,0.8944384539499879,0.12038947362452745,0.00448897361946541,-0.5330652442297421,0.14857684058294973,0.1662773249394618,-0.5330652442297421
0.35276023857295513,0.4551401138305664,0.6653439980000257,0.9779794737696648,0.20684972126036882,0.0054764873169729856,-0.5333646939710074,0.1590971509492755,0.14806961209137615,-0.5333646939710074
0.3141207965090871,0.308289778418839,0.6427975222468376,0.8007449470460415,0.18637379724532366,0.004909875330473119,-0.533375242585125,0.15566315523017316,0.1793900468122784,-0.533375242585125
0.6354439975693822,0.2746116854250431,0.4841769030317664,0.9883106015622616,0.09070304501801729,0.005350999212823416,-0.5334779431618097,0.1582421431712637,0.12440122628160306,-0.5334779431618097
0.5637665847316384,0.29039830155670643,0.4765366166830063,0.7030153907835484,0.10749883204698563,0.0030073047298609717,-0.5335114800259797,0.14492779077987905,0.17170265215941455,-0.5335114800259797
0.3120359927415848,0.2737049972638488,0.5921966191381216,0.951906911097467,0.07342328317463398,0.005734826691019732,-0.5335589258446739,0.15171659895297285,0.16501145543776854,-0.5335589258446739
0.4899002015590668,0.3248020773753524,0.32411537878215313,0.9628990450873971,0.18333498388528824,0.004380390891436215,-0.5336438538227424,0.1474700762393227,0.15798755271119425,-0.5336438538227424
0.4519650638103485,0.4464629963040352,0.6888521639630198,0.7292560739442706,0.18444274086505175,0.00878247251942994,-0.533695724105591,0.18300975538732542,0.16950171048227214,-0.533695724105591
0.5194758232682943,0.34446130879223347,0.6440172046422958,0.6587818739935756,0.05509056895971298,0.008422129533853375,-0.5338558136470524,0.17463683807675018,0.18733030254799166,-0.5338558136470524
0.6758095696568489,0.37063478864729404,0.7454401077702641,0.9073748290538788,0.08535502105951309,0.005660167870442616,-0.5339990524641163,0.14634185924390214,0.1983545118309452,-0.5339990524641163
0.5648761810734868,0.2506767250597477,0.5230700084939599,0.8023712309077382,0.02733930293470621,0.004208948538877037,-0.5343126610458397,0.14950016265175908,0.16690721562526237,-0.5343126610458397
0.41391545347869396,0.23538251128047705,0.42370825447142124,0.8878551153466105,0.14741412084549665,0.004015083545114033,-0.5343263858081571,0.14715663050835076,0.1634934365560513,-0.5343263858081571
0.5809105914086103,0.23618268687278032,0.7112160595133901,0.9808438457548618,0.06125230249017477,0.00553317560356155,-0.5343306857140036,0.15798825461609872,0.1380693023989034,-0.5343306857140036
0.35692175198346376,0.41950394958257675,0.6288244528695941,0.7566102240234613,0.19655787758529186,0.007944907782881561,-0.5346147293418881,0.17659846718181652,0.16892670361604817,-0.5346147293418881
0.6029733931645751,0.37509156204760075,0.7151333130896091,0.7255758298560977,0.0653395289555192,0.007443581270850762,-0.5346743764644978,0.16537182102102504,0.17413886856119698,-0.5346743764644978
0.5269036795943975,0.4533565156161785,0.6161904456093907,0.9511385941877961,0.24952041544020176,0.006568916041494972,-0.5347033704214411,0.16820284332126587,0.1557716429489382,-0.5347033704214411
0.5721239503473043,0.286189591512084,0.4177106488496065,0.9906317135319114,0.05871421750634909,0.004251214470259733,-0.5350549132673303,0.14601549488749632,0.1138883112775606,-0.5350549132673303
0.6673812316730618,0.3988648606464267,0.6301501952111721,0.8048695744946599,0.1577317090705037,0.007119224314857418,-0.5354413217844523,0.14957572211651232,0.18580075252332195,-0.5354413217844523
0.3903952445834875,0.26652747858315706,0.4190094219520688,0.945813275873661,0.08287632837891579,0.004313262574124458,-0.535506148289438,0.15007649792084707,0.12954298970877315,-0.535506148289438
0.6337131634354591,0.2700564721599221,0.502774084918201,0.9560289680957794,0.16660063154995441,0.0046805751193846725,-0.5358707019840696,0.15113091827173436,0.140169040124507,-0.5358707019840696
0.3342333771288395,0.3226574594154954,0.8107339413836598,0.8931925427168608,0.1411457099020481,0.0038994383622048983,-0.5358943407447889,0.14275719084533764,0.19829645682416133,-0.5358943407447889
0.34822490345686674,0.3804610511288047,0.705880519002676,0.9726057387888432,0.024288884364068508,0.006625475327422122,-0.5361686279187968,0.145578064934077,0.20668150067010926,-0.5361686279187968
0.4432032685726881,0.4184117456898093,0.6225785035640001,0.7134472448378801,0.2136652786284685,0.007644688916820606,-0.5364351626892939,0.17526241580792326,0.17852647827847032,-0.5364351626892939
0.508808609098196,0.39891424495726824,0.4633479891344905,0.9951748121529818,0.021952384151518345,0.004810240830530516,-0.5366212183697779,0.07840192591484846,0.14438706333247925,-0.5366212183697779
0.6813183994963765,0.2929705874994397,0.6257672151550651,0.9176309071481228,0.1527405995875597,0.0054073610074168,-0.5366497707597218,0.1464894098723306,0.19241584149358118,-0.5366497707597218
0.3012299621477723,0.4392459187656641,0.5735225006937981,0.9145231684669852,0.18052177131175995,0.006506144902830007,-0.5366666792974545,0.1564133343510677,0.1681512095935844,-0.5366666792974545
0.42270090244710445,0.5202224589884281,0.6319489236921072,0.9371480103582144,0.14813577197492123,0.006980334951634233,-0.536839088247262,0.1748008109932463,0.15215860611985876,-0.536839088247262
0.5866724606603384,0.40059799421578646,0.8533188039436936,0.945913465693593,0.10474205669015646,0.005197196427073992,-0.5368784783116023,0.1485026064253041,0.19087886860050501,-0.5368784783116023
0.3031603377312422,0.29713431000709534,0.5149538973346353,0.7929333681240678,0.15108540188521147,0.0033126378462875646,-0.5369656270378254,0.1484704904693003,0.19624676611743422,-0.5369656270378254
0.6440899781882763,0.3640594994649291,0.49939979799091816,0.751186509616673,0.14352767914533615,0.003258519670106006,-0.5370282819264749,0.13357957096838097,0.17925185051687523,-0.5370282819264749
0.48040751088410616,0.47801157366484404,0.7810934940353036,0.8076925342902541,0.14099783077836037,0.00802523726984963,-0.5373413234076381,0.17882794150507503,0.1825597770511414,-0.5373413234076381
0.3831285135820508,0.3478027433156967,0.8127845302224159,0.8850463386625051,0.03610946983098984,0.00885191288016919,-0.5376514494674192,0.16437108853505958,0.2175451328163008,-0.5376514494674192
0.5703920209780335,0.46855336520820856,0.7894059149548411,0.9615293191745877,0.11401917319744825,0.006199059256191014,-0.5383314171617684,0.16520740161369765,0.15977711388284999,-0.5383314171617684
0.42388045601546764,0.3066026447340846,0.8737333388999104,0.9406902072951198,0.11339256819337606,0.00507076238667082,-0.538353437290091,0.13447098877078179,0.2036508633444555,-0.538353437290091
0.5384820308536291,0.4367168014869094,0.6401107860729098,0.9357027197256684,0.0024273693561553955,0.005673373682448136,-0.5385778957839965,0.12531949433296638,0.19839478010783423,-0.5385778957839965
0.5668572066351771,0.36185155156999826,0.45325444638729095,0.996984857134521,0.24127511400729418,0.004576017097391913,-0.5388151951853232,0.14519299906908154,0.13076331686629658,-0.5388151951853232
0.31327108200639486,0.3765448769554496,0.766706014983356,0.9830260695889592,0.1796378716826439,0.0020683001118376888,-0.5388901404230244,0.13361470267503994,0.18124400005908112,-0.5388901404230244
0.5417909352108836,0.4772544577717781,0.7391530806198716,0.9264275329187512,0.1967280600219965,0.006378266893686436,-0.5393635416981308,0.17375755751611963,0.15028494722256674,-0.5393635416981308
0.584687422029674,0.444310343824327,0.45867499988526106,0.8587695974856615,0.19822956807911396,0.004446511331534474,-0.5394846401997779,0.15423948248541483,0.1441248106549624,-0.5394846401997779
0.6421751333400607,0.3801511498168111,0.4330892814323306,0.8776605455204844,0.17244138102978468,0.0030032052707558215,-0.5396233034986115,0.13626236580914433,0.15736538955438456,-0.5396233034986115
0.4378912216052413,0.2499070493504405,0.6072838557884097,0.8659233693033457,0.23135927319526672,0.003970492870681769,-0.5397008115582782,0.1475464358054839,0.18244336043810847,-0.5397008115582782
0.52616261318326,0.509794213809073,0.720373990945518,0.9307757709175348,0.15872744470834732,0.006884813276696542,-0.5397254640183735,0.17681864051875373,0.15497290107747086,-0.5397254640183735
0.6829626383259892,0.34507808554917574,0.6065312856808305,0.8737889779731631,0.04286498203873634,0.00518351011485635,-0.5398445109331433,0.14188965228752246,0.18170358413612556,-0.5398445109331433
0.5768289854750037,0.39951047487556934,0.5158969685435295,0.8668426051735878,0.25316009297966957,0.004031760865425862,-0.5400127002634064,0.14617562254603134,0.1732707556007692,-0.5400127002634064
0.5142366578802466,0.4811631813645363,0.8038854282349348,0.9314185939729214,0.099970911629498,0.006573471125723918,-0.5401532038459359,0.16756860659429904,0.17608864563487325,-0.5401532038459359
0.4508939506486058,0.37745437026023865,0.7562026465311646,0.6759203784167767,0.1480413107201457,0.008090512842112332,-0.5402296925824117,0.1783118877373029,0.1943349815429819,-0.5402296925824117
0.4219655776396394,0.4457869464531541,0.8072914369404316,0.8132712887600064,0.08441824838519096,0.009214079232319615,-0.5402490058453969,0.18238799604335285,0.18869188991785454,-0.5402490058453969
0.6528223715722561,0.2958439411595464,0.6034096069633961,0.7942210929468274,0.17144662607461214,0.003286277685849772,-0.5402680298525937,0.14018341061385914,0.1787913653675862,-0.5402680298525937
0.5246369428932667,0.3450349597260356,0.29897873662412167,0.9354330338537693,0.1524430513381958,0.004457051769105597,-0.5403528806878751,0.1438921306546054,0.1821950111762626,-0.5403528806878751
0.3271065279841423,0.2826379705220461,0.5043780319392681,0.9805380767211318,0.1898013213649392,0.004099574076234707,-0.540360378645299,0.13114006915528692,0.14226678922717736,-0.540360378645299
0.40727914217859507,0.36647369898855686,0.493021666072309,0.8732893839478493,0.0011583678424358368,0.005603099221517439,-0.540430091618316,0.13441366866800686,0.19528703383880308,-0.540430091618316
0.413166425190866,0.25535847898572683,0.5619084667414427,0.9291640277951956,0.23218416422605515,0.003491231442266491,-0.5405951078563214,0.14065546618607808,0.16783506549300325,-0.5405951078563214
0.58541214838624,0.3088220953941345,0.8342617619782686,0.8140344694256783,0.12708408199250698,0.005335701168845144,-0.5410247321717233,0.14869926814312728,0.1894209382580917,-0.5410247321717233
0.4455649107694626,0.5054819788783789,0.6369252456352115,0.8674590513110161,0.20250513777136803,0.007743473537128046,-0.5411399541930241,0.18343301203799975,0.16334192947351064,-0.5411399541930241
0.4724426604807377,0.30833695363253355,0.4502275204285979,0.9851945964619517,0.008934044279158115,0.004793338626930449,-0.5411868663237118,0.12168879844287478,0.16372603864699162,-0.5411868663237118
0.3554832153022289,0.38454953860491514,0.6548737268894911,0.713354810141027,0.07307659834623337,0.00913242360975887,-0.5412383505645405,0.18629799515461937,0.18296428588226574,-0.5412383505645405
0.6280513862147927,0.45021865889430046,0.5234013246372342,0.9260299131274223,0.08732821047306061,0.0039044689172105743,-0.5413443975886006,0.13783638816345495,0.11271817603809933,-0.5413443975886006
0.42293478455394506,0.19413143955171108,0.554476604796946,0.8324208054691553,0.09923285525292158,0.004141103577247227,-0.541389206078368,0.15410193316709753,0.14973412389793725,-0.541389206078368
0.5225548818707466,0.343622132204473,0.43075915332883596,0.6862603072077036,0.09672323800623417,0.0043529267729143315,-0.5413898318031588,0.15199324298180975,0.19028241391852624,-0.5413898318031588
0.5871941102668643,0.4030952425673604,0.5655840979889035,0.8155443388968706,0.24174474086612463,0.00495449189091789,-0.5416319051045747,0.15067904850335292,0.17286640045553642,-0.5416319051045747
0.4834390487521887,0.4082815470173955,0.44806124083697796,0.9246349539607763,0.2674739696085453,0.004891962059676829,-0.5416483213400852,0.15565880635389112,0.1774827090020215,-0.5416483213400852
0.49132788367569447,0.4980030432343483,0.5148667888715863,0.9161047302186489,0.21107633598148823,0.006882165195120835,-0.5418025214038897,0.17382408345253286,0.1532826885725105,-0.5418025214038897
0.40207541454583406,0.39673811476677656,0.3592727379873395,0.8455574922263622,0.19157102517783642,0.004727047609140024,-0.5418359148314074,0.1572325642423088,0.17032985826358282,-0.5418359148314074
0.6044921558350325,0.47760567907243967,0.543860531412065,0.9835425252094865,0.11617460194975138,0.0051741879025534445,-0.5418667050685024,0.1534271443715719,0.10562073261361316,-0.5418667050685024
0.5834414511919022,0.33178725372999907,0.6367741348221898,0.6911977622658014,0.04195450060069561,0.006563085537745883,-0.5421631843903294,0.1665739096658865,0.17790801750676286,-0.5421631843903294
0.4384046159684658,0.4918336011469364,0.5726237315684557,0.9781311647966504,0.06622285302728415,0.0054793240938743075,-0.5426569608471411,0.14561719183948718,0.13222625224331203,-0.5426569608471411
0.5680854879319668,0.38310099951922894,0.8318166444078088,0.9551795357838273,0.18731009308248758,0.0032786187226554213,-0.5426947098889804,0.1360243437463422,0.16910107817033362,-0.5426947098889804
0.5928592598065734,0.26835863199084997,0.544511609710753,0.7960503455251455,0.20258096512407064,0.002597159285124238,-0.5428985077232348,0.1388113028145998,0.16501167500121838,-0.5428985077232348
0.4888205900788307,0.2603014353662729,0.8454753160476685,0.9083047602325678,0.10010756645351648,0.005754723487830929,-0.5430379692045164,0.14132512384494128,0.18876867659994956,-0.5430379692045164
0.6548328213393688,0.34734314400702715,0.6291337329894304,0.9923617411404848,0.02345061581581831,0.004794431378735148,-0.5430934593873346,0.14454058091027025,0.16800374772388357,-0.5430934593873346
0.2970609534531832,0.43583534844219685,0.595627230592072,0.8201270969584584,0.15849562268704176,0.00813850947876521,-0.54321618295621,0.17048083896473318,0.18688540591338598,-0.54321618295621
0.38852614257484674,0.4701185366138816,0.4775758795440197,0.823292700573802,0.11590997781604528,0.007099160503394707,-0.5435814070472845,0.166716012855787,0.16006727954130134,-0.5435814070472845
0.5843021385371685,0.36932092625647783,0.37149086222052574,0.8061936078593135,0.0928837051615119,0.003383275387444159,-0.5438604870390878,0.13735966902712016,0.17079274907788702,-0.5438604870390878
0.5321471001952887,0.33353331964462996,0.4965674877166748,0.7472816882655025,0.24304538872092962,0.0021730123751143643,-0.5438944638237037,0.13346799184711622,0.19064307295311606,-0.5438944638237037
0.4346103463321924,0.3138893563300371,0.468432592228055,0.6797102596610785,0.08417891338467598,0.006013331025214417,-0.5441263040297094,0.1708458312356446,0.1836037494918524,-0.5441263040297094
0.5713757118210196,0.2045681457966566,0.5363470669835806,0.9494287166744471,0.06950953230261803,0.0034973347164258127,-0.5441862389899557,0.15282780262936924,0.1259764316052197,-0.5441862389899557
0.4185834489762783,0.281994660384953,0.37820082623511553,0.8640065677464008,0.19739124737679958,0.0033894480470353606,-0.5443078323266015,0.1471733581647325,0.16508433876558948,-0.5443078323266015
0.5455676820129156,0.218345420435071,0.49317706283181906,0.8043611524626613,0.059781222604215145,0.003387308672645759,-0.5443214389280823,0.15047906860109792,0.16019034209232144,-0.5443214389280823
0.4441627375781536,0.20041583012789488,0.6666303798556328,0.824611141346395,0.06440604198724031,0.004063321379216612,-0.5445293742893755,0.15358073200258374,0.14183584771390392,-0.5445293742893755
0.4994028080254793,0.3256312217563391,0.7292275801301003,0.6928393002599478,0.03106515109539032,0.009386231367550155,-0.5445544546906065,0.18091255295930517,0.19894689055111692,-0.5445544546906065
0.35310837160795927,0.39351839292794466,0.4155706875026226,0.7762771574780345,0.1427181474864483,0.0049529616582451195,-0.5446739086546192,0.16260706791919982,0.17608196700397385,-0.5446739086546192
0.5076172715052962,0.2755291862413287,0.49273128528147936,0.6706454129889607,0.12162631563842297,0.0034507240606363137,-0.5450165890208997,0.15545941350783,0.17566324787156443,-0.5450165890208997
0.31373550929129124,0.382226369343698,0.5585917895659804,0.8487468780949712,0.042208001017570496,0.005402976108422356,-0.5450362479119724,0.1567852482115707,0.1866534272052389,-0.5450362479119724
0.4457019045948982,0.3491304675117135,0.8987116124480963,0.9548539016395807,0.15184230636805296,0.0033030474666987603,-0.5451737824748601,0.11975939283543525,0.2180412338423079,-0.5451737824748601
0.4611611161381006,0.5004921769723296,0.45058040600270033,0.9022010006010532,0.14176055137068033,0.006758034224563165,-0.545207901543542,0.15969466731673185,0.16898333102844004,-0.545207901543542
0.4632847448810935,0.5129218716174364,0.5317376768216491,0.9347091838717461,0.10089762322604656,0.006542370903674688,-0.5452347995546034,0.1544026602708532,0.14939986825163323,-0.5452347995546034
0.5009037721902132,0.4223370049148798,0.3860444463789463,0.779514517635107,0.19520555436611176,0.004318434663926872,-0.5453297707270623,0.1540182421773601,0.1779150502659729,-0.5453297707270623
0.2713863728567958,0.4343045148998499,0.6335494723170996,0.9385996051132679,0.14225413277745247,0.006806456818674586,-0.5453387592317025,0.15643811020660778,0.19546452498191927,-0.5453387592317025
0.47420913726091385,0.427447491325438,0.4098681313917041,0.9032555585727096,0.04869289789348841,0.004514194451378248,-0.5455076717776928,0.12637897016986194,0.1562116005701079,-0.5455076717776928
0.6675376314669847,0.28578969929367304,0.5434604911133647,0.85817014798522,0.051163628697395325,0.004012367228271169,-0.5458605830097707,0.1476712406431044,0.17125337760722567,-0.5458605830097707
0.3702259222045541,0.4635856933891773,0.5049060750752687,0.793030671775341,0.12095780577510595,0.007143885982972364,-0.545889580518974,0.17327310972707238,0.15991347885502455,-0.545889580518974
0.46771473437547684,0.29688157700002193,0.5402332600206137,0.6681486638262868,0.053459782153367996,0.006468819149208528,-0.5459138323149887,0.17494578531053878,0.17977734127819395,-0.5459138323149887
0.4365275530144572,0.3384885359555483,0.494679500348866,0.9215778820216656,0.28516186587512493,0.004536914612243391,-0.5459931460149091,0.1417513870052293,0.19895725371754788,-0.5459931460149091
0.5773050477728248,0.4803494671359658,0.6931340359151363,0.8533129841089249,0.06745061092078686,0.007052946803599671,-0.5463425750042132,0.1658520735190194,0.15645906403893683,-0.5463425750042132
0.6778465202078223,0.3848189562559128,0.6868202425539494,0.7838464584201574,0.11430305521935225,0.007324743560255058,-0.5464296359179482,0.15276509632519197,0.1960932585218949,-0.5464296359179482
0.274054110981524,0.3358595361933112,0.5884798569604754,0.9036042327061296,0.20240785460919142,0.004568835573696988,-0.5464447456768384,0.13054875185272968,0.1995434366605828,-0.5464447456768384
0.3932928554713726,0.25250781886279583,0.3975642891600728,0.9550947127863765,0.1253137532621622,0.004512747543252377,-0.5467733998496457,0.153247259903469,0.138357515555328,-0.5467733998496457
0.416985347867012,0.4206974571570754,0.4824031898751855,0.7739562839269638,0.2371612023562193,0.005632670304926369,-0.5468028883464657,0.165528342054601,0.1843304087338536,-0.5468028883464657
0.5535331396386027,0.31340101454406977,0.8259799499064684,0.8625733545050025,0.02034990582615137,0.008540119214201353,-0.5470180159673633,0.16416875359176453,0.21318819091015978,-0.5470180159673633
0.5986894499510527,0.424975442700088,0.4320653984323144,0.9407750302925706,0.07373485341668129,0.0032032839474809365,-0.5470472749305898,0.13018660867022544,0.11403919262200257,-0.5470472749305898
0.5053486274555326,0.41726771369576454,0.6839116718620062,0.7174406796693802,0.03034907951951027,0.009305348534999066,-0.5473445630415678,0.1791640584531156,0.18727286345834135,-0.5473445630415678
0.5339008150622249,0.3361344840377569,0.5169947780668736,0.7146362503990531,0.014255441725254059,0.005820804600305539,-0.5473574884775025,0.16174625135967388,0.19214584659423034,-0.5473574884775025
0.4039362920448184,0.4731248151510954,0.6644113697111607,0.9146138150244951,0.03981480933725834,0.007083361701992511,-0.5476673362510533,0.16096156332189693,0.16977738093105588,-0.5476673362510533
0.6974251316860318,0.33637189865112305,0.5537335751578212,0.8399049444124103,0.15875605400651693,0.0029402718503357596,-0.5477338581611552,0.1280508459090063,0.2207727989110699,-0.5477338581611552
0.44586552307009697,0.3194808606058359,0.671747206710279,0.6318198284134269,0.12904361356049776,0.007302968805770036,-0.5480237225778868,0.18266433459741444,0.18492238836601715,-0.5480237225778868
0.5629460755735636,0.4855773877352476,0.581568755209446,0.9279125733301044,0.05622206814587116,0.004555902635544934,-0.5480835184704688,0.1382812264984185,0.13504147617106257,-0.5480835184704688
0.3895521443337202,0.33493059128522873,0.8820204837247729,0.9224694846197963,0.13465589005500078,0.00422625373548271,-0.5482256651052955,0.1368942559028748,0.21415090793807717,-0.5482256651052955
0.40927031449973583,0.38164789974689484,0.4343405272811651,0.9977489989250898,0.03443614300340414,0.004002146379397736,-0.5483627156929383,0.1180867481132421,0.1373495120635172,-0.5483627156929383
0.5663114339113235,0.25611790642142296,0.8100422592833638,0.9356814892962575,0.13203708920627832,0.005151245925723258,-0.5484452041892945,0.13910313008544126,0.1686806816592795,-0.5484452041892945
0.61694579385221,0.257189747877419,0.43737916834652424,0.8289273157715797,0.11565121542662382,0.0032199343003755272,-0.5486004553991513,0.14457870331289877,0.16697298279844008,-0.5486004553991513
0.25334613025188446,0.3664860688149929,0.6639837175607681,0.9346893345937133,0.17853326350450516,0.004876230859777323,-0.5487956604945213,0.13761964926173798,0.21783833168782188,-0.5487956604945213
0.4983963305130601,0.39559691585600376,0.342549666762352,0.9343046033754945,0.07059432007372379,0.004255158443145069,-0.5488708082840605,0.13472968027766313,0.16381183613072725,-0.5488708082840605
0.5201054522767663,0.3035547249019146,0.32200150564312935,0.9290908798575401,0.08504221774637699,0.004363959580311848,-0.5490490864835627,0.1471888957205094,0.171366439042101,-0.5490490864835627
0.6489245789125562,0.4192035589367151,0.4787715785205364,0.8511329414322972,0.09477665461599827,0.0037569994507459454,-0.5491129109679403,0.13535838786624743,0.14560836739687247,-0.5491129109679403
0.42840254213660955,0.3893181923776865,0.5026544174179435,0.9843311682343483,0.28276317846029997,0.005197130616476547,-0.5491679325191027,0.15113152284263798,0.17608735279249293,-0.5491679325191027
0.558048258535564,0.34704864490777254,0.6965015456080437,0.9806334925815463,0.255119570530951,0.003430731999013973,-0.5492139167865094,0.1427410443446954,0.15638089668748487,-0.5492139167865094
0.29733073711395264,0.3149248780682683,0.4462216794490814,0.9714352702721953,0.11557064857333899,0.005001737611839902,-0.5494576831935629,0.14515663630134482,0.16707824408065233,-0.5494576831935629
0.4929538927972317,0.23380880057811737,0.6865125223994255,0.9793573394417763,0.011236094869673252,0.005677763626284666,-0.5497175974457771,0.15021915119720994,0.17557437033094025,-0.5497175974457771
0.4810404786840081,0.28262006118893623,0.3391508786007762,0.7960912808775902,0.11488919425755739,0.0034740264838246933,-0.5497362017219862,0.14715817710034457,0.19157287800869255,-0.5497362017219862
0.4334879368543625,0.2675320841372013,0.7964293155819178,0.7875456484034657,0.16163812391459942,0.00470809813320214,-0.5498901241730333,0.15821914043593918,0.17031595609876832,-0.5498901241730333
0.6955102849751711,0.4159992430359125,0.6124135199934244,0.9683778556063771,0.125962745398283,0.005704417201351539,-0.5500156217514315,0.15026461154343068,0.17778470180641212,-0.5500156217514315
0.4528227085247636,0.481905753724277,0.714965095743537,0.803220285102725,0.061815003864467144,0.009044269659468172,-0.5501300889503666,0.1819310585190899,0.1742790710343971,-0.5501300889503666
0.671676211990416,0.3390054637566209,0.5060025658458471,0.8764171730726957,0.04584555607289076,0.0028080641619042087,-0.5501954127249978,0.13393705230897437,0.16251347318158488,-0.5501954127249978
0.42063585948199034,0.45438149478286505,0.4446963556110859,0.9913953561335802,0.226854276843369,0.005749529611712364,-0.5503072158427912,0.16838406391832814,0.14116517794943484,-0.5503072158427912
0.5796831529587507,0.3560944255441427,0.4125340972095728,0.7186504928395152,0.11091944202780724,0.003208149235832764,-0.5503793813341558,0.1433671220821241,0.17755276500895117,-0.5503793813341558
0.45812435634434223,0.3671857360750437,0.9084930848330259,0.9484945395961404,0.07807629276067019,0.005087602557956464,-0.5504683808838213,0.1447000913390106,0.22664442877051688,-0.5504683808838213
0.5194571660831571,0.4988249270245433,0.7628417667001486,0.9094346230849624,0.17462709080427885,0.006619539615691098,-0.5504794074759648,0.17998122302733732,0.16309282510083115,-0.5504794074759648
0.5045545781031251,0.45310659892857075,0.40812058839946985,0.9858957957476377,0.21627010684460402,0.006152080119281498,-0.5506771230448502,0.1693722445201481,0.13870813974007146,-0.5506771230448502
0.4748653322458267,0.43650831654667854,0.8479433236643672,0.7984102023765445,0.08929054252803326,0.00870895596160657,-0.550740977314933,0.18215372800329152,0.20104605016737537,-0.550740977314933
0.3670016201213002,0.41542354971170425,0.5975574301555753,0.7443120488896966,0.05005637090653181,0.007935906298702954,-0.5510801345748326,0.18222312616813718,0.1689732454318713,-0.5510801345748326
0.6012881807982922,0.25219982489943504,0.748727822676301,0.9251095242798328,0.039159445092082024,0.005625461253167816,-0.5515818314907204,0.15921867397805303,0.1692980389266808,-0.5515818314907204
0.5119597893208265,0.4410853888839483,0.4821137962862849,0.6953345285728574,0.14013030752539635,0.006150003835900268,-0.5516444367012713,0.1671085634572147,0.1790632267915018,-0.5516444367012713
0.24260446522384882,0.36550198029726744,0.5351756643503904,0.8670428460463881,0.1485702907666564,0.005171031934546062,-0.5516712871719388,0.14094064260881406,0.242276571264045,-0.5516712871719388
0.4865340571850538,0.32455932442098856,0.5877419365569949,0.7628329759463668,0.26708815060555935,0.0034442788219989783,-0.5517023975013152,0.14736254435753676,0.20791370390041625,-0.5517023975013152
0.43582228757441044,0.21491213981062174,0.6577552603557706,0.886239186860621,0.024531587027013302,0.004143659941035168,-0.5517374074035795,0.15482903574553966,0.1583117626325223,-0.5517374074035795
0.5075179170817137,0.5239048320800066,0.7144866241142154,0.9097684482112527,0.11526020430028439,0.0068455597915166614,-0.551764144751088,0.17570548754750726,0.168711309181838,-0.551764144751088
0.3608220126479864,0.40207919478416443,0.6607548948377371,0.6884715743362904,0.15464449487626553,0.00831193626265534,-0.5518370937591454,0.18774289583204382,0.18025295038665146,-0.5518370937591454
0.49950645957142115,0.4560690587386489,0.8641585391014814,0.9420272279530764,0.1459630010649562,0.005389745343810786,-0.5518385041378421,0.16152722737492684,0.193029770705179,-0.5518385041378421
0.4111902713775635,0.4892230900004506,0.6205960279330611,0.8017301112413406,0.20280929189175367,0.007921067462171251,-0.5521418434492606,0.1879405649939726,0.16346452475630327,-0.5521418434492606
0.353219379670918,0.2132142847403884,0.6394419437274337,0.8655885672196746,0.12203585542738438,0.0038302767187475594,-0.5521691810676268,0.15856446753508643,0.1537521986802787,-0.5521691810676268
0.6319475099444389,0.32685891818255186,0.39484277088195086,0.9985580444335938,0.14836890902370214,0.004898485287370243,-0.552548001179929,0.157527912116593,0.1318074222921466,-0.552548001179929
0.43597162142395973,0.39521517883986235,0.3816227149218321,0.9757956014946103,0.241991245187819,0.004515645703930731,-0.5526426451955211,0.15820247151256822,0.15299118127726447,-0.5526426451955211
0.4567545596510172,0.4641738561913371,0.7455203486606479,0.7346382886171341,0.1018723426386714,0.009257582229235964,-0.5526497404542164,0.1913492143249696,0.17600016473389374,-0.5526497404542164
0.5723221581429243,0.2951893908903003,0.8557259831577539,0.8389487145468593,0.08464770764112473,0.007030164308321345,-0.552741048833709,0.15823501554497135,0.19641153684349555,-0.552741048833709
0.4284601816907525,0.3484638035297394,0.5972259948030114,0.6208994723856449,0.11115930415689945,0.00850003683137304,-0.5529001358780934,0.1881259667630607,0.19309100284765088,-0.5529001358780934
0.41838564444333315,0.2077316166833043,0.5134408259764314,0.8270301977172494,0.17292397934943438,0.004090062499844324,-0.5530271506572896,0.1569723631912905,0.1732557016730467,-0.5530271506572896
0.3329253839328885,0.3491034274920821,0.47334112226963043,0.7220501517876983,0.11880528647452593,0.005057115031161111,-0.5530547601105024,0.170222180083777,0.18991155065462123,-0.5530547601105024
0.5371287874877453,0.25496712792664766,0.762069009244442,0.8469267413020134,0.011071835644543171,0.006788053682062847,-0.5532492749753765,0.16291436285049765,0.19787437747927103,-0.5532492749753765
0.588123987428844,0.4095511417835951,0.6205608164891601,0.8828911753371358,0.25602163653820753,0.005220038694940126,-0.5532520644721308,0.15903537513726326,0.17344655486709273,-0.5532520644721308
0.5398605950176716,0.27465510554611683,0.6728435009717941,0.8038599519059062,0.22961244080215693,0.003232994977307751,-0.553333425091885,0.1459253760967452,0.17252968289899098,-0.553333425091885
0.44456468243151903,0.3743667136877775,0.7636945862323046,0.7637994149699807,0.2265589004382491,0.00533000622901873,-0.553431833776723,0.16352739332252564,0.1909238777246459,-0.553431833776723
0.4105844432488084,0.45374987833201885,0.5996103156358004,0.7268286840990186,0.07446237374097109,0.008632572947162435,-0.5534552883137949,0.18561825861466502,0.1619842704191732,-0.5534552883137949
0.324032599106431,0.36986070219427347,0.5504282228648663,0.7178685814142227,0.08923234418034554,0.006863441624310963,-0.5534651700974595,0.180710008289883,0.18939888871508725,-0.5534651700974595
0.7061322666704655,0.3023001728579402,0.5387395601719618,0.9151637870818377,0.10599272884428501,0.005371006437743964,-0.5534865135080422,0.146177078619531,0.20783010934962728,-0.5534865135080422
0.33381099812686443,0.4346857173368335,0.5789050534367561,0.9010503217577934,0.04509920533746481,0.004833255327573761,-0.5535386338006079,0.15489448827688398,0.16192551078144213,-0.5535386338006079
0.32967977691441774,0.44004990439862013,0.6195416124537587,0.8643618915230036,0.051484618335962296,0.006789552710870667,-0.5535569853392435,0.16856917745024955,0.17119646528356963,-0.5535569853392435
0.37470482010394335,0.2752763833850622,0.6312466785311699,0.895797754637897,0.2389300474897027,0.0030597871850269413,-0.5535872452487297,0.14326633449336407,0.17369536002962874,-0.5535872452487297
0.40668831765651703,0.33112255576997995,0.4742701444774866,0.6587025048211217,0.12767518498003483,0.005680010333552485,-0.5538390386406089,0.1737100785420413,0.18593856340465265,-0.5538390386406089
0.4114106763154268,0.2585709113627672,0.4555656109005213,0.892121160402894,0.027075632475316525,0.004153284975267662,-0.5538748391243312,0.1510336558077587,0.1536897890609895,-0.5538748391243312
0.568015574477613,0.27170613314956427,0.7007785653695464,0.7068480076268315,0.052211517468094826,0.0053391980864306195,-0.5540188919345002,0.16143305891220866,0.1722287344430476,-0.5540188919345002
0.5467545678839087,0.3370080227032304,0.6582210576161742,0.7691427301615477,0.2501564007252455,0.0036549476582038586,-0.5540399502725856,0.14929624539289513,0.18524444898129538,-0.5540399502725856
0.5021764151751995,0.17727621644735336,0.5642782682552934,0.9139722129330039,0.15501952171325684,0.004465576775639916,-0.5540454986258052,0.15162904934843927,0.17439586943451996,-0.5540454986258052
0.40699691139161587,0.3882082672789693,0.870349807664752,0.8289055544883013,0.07220955938100815,0.00855370266272084,-0.5545188985375555,0.1777840144827607,0.21583733735773294,-0.5545188985375555
0.48483786452561617,0.41757955215871334,0.45896436367183924,0.6873911237344146,0.1790485680103302,0.005627837199385217,-0.5546827381711484,0.16745797399048373,0.18314931847041324,-0.5546827381711484
0.5003576315939426,0.358332185074687,0.7713196873664856,0.7309245346114039,0.012389929965138435,0.010123775921635401,-0.5547409249698796,0.18680746835236114,0.21350364487624332,-0.5547409249698796
0.5061988467350602,0.37759185023605824,0.3244239455088973,0.7860538447275758,0.10446615982800722,0.004535899042489237,-0.5547438953779802,0.1460066629947431,0.20317728838529156,-0.5547438953779802
0.4959008228033781,0.3888186998665333,0.6033677477389574,0.6212599324062467,0.14133363775908947,0.007471667515040466,-0.5547949976873369,0.1819186304787516,0.1907884681126376,-0.5547949976873369
0.5407255422323942,0.4092849791049957,0.8006553826853633,0.9788171220570803,0.22090813890099525,0.003590487345291696,-0.5552252992171828,0.14687283598077844,0.16363189898190597,-0.5552252992171828
0.3862566174939275,0.3588205249980092,0.38252900540828705,0.7882876638323069,0.07646021898835897,0.005417546847522676,-0.5554650465838448,0.16433049635165325,0.17530163774178822,-0.5554650465838448
0.44100155029445887,0.433646272867918,0.8880859985947609,0.9291890431195498,0.10208616498857737,0.005651495073139742,-0.555482336858281,0.16239650184105098,0.21012295782164214,-0.555482336858281
0.6282658604905009,0.2980581996962428,0.43648064881563187,0.7667909730225801,0.13815347477793694,0.001627142444663578,-0.5555060215565274,0.13255339354033258,0.17144556144495265,-0.5555060215565274
0.6064952528104186,0.5019105114042759,0.6218267772346735,0.9073392590507865,0.1317428182810545,0.005911889629274275,-0.5556964057345234,0.1675944363614802,0.13876456775649454,-0.5556964057345234
0.42010699212551117,0.211967371404171,0.4695750894024968,0.8516843738034368,0.0697436723858118,0.003460046458508067,-0.5558389433620139,0.15599364413693054,0.14454310690436373,-0.5558389433620139
0.5234471252188087,0.4308692058548331,0.6311971973627806,0.691588799469173,0.19883876480162144,0.00679817227200159,-0.5560054516730899,0.1786006514561943,0.1725705097876394,-0.5560054516730899
0.6571909785270691,0.239674205891788,0.5294472016394138,0.8977809054777026,0.1022621588781476,0.004408002888704197,-0.5560893888469516,0.15731695023666048,0.1706112606236553,-0.5560893888469516
0.34647380467504263,0.26135232765227556,0.684014767408371,0.8904232680797577,0.03139358665794134,0.006248790059939622,-0.5561823607023322,0.16687748209384157,0.18076906997637462,-0.5561823607023322
0.5881839180365205,0.2475931877270341,0.6445785453543067,0.7088974853977561,0.10615283995866776,0.0031586422126994155,-0.5562038730368873,0.15324900887154672,0.16512864252996448,-0.5562038730368873
0.34007060527801514,0.39561327919363976,0.5019098212942481,0.874614616855979,0.2497220765799284,0.004379320586259686,-0.556255724243738,0.15010785795475493,0.1845746446232946,-0.556255724243738
0.3722046921029687,0.21892073284834623,0.7245898023247719,0.8846962470561266,0.11901892442256212,0.003740880397277626,-0.5562732869236493,0.15677077401109607,0.15192966567195762,-0.5562732869236493
0.4168448429554701,0.2250135587528348,0.6979736182838678,0.8634767569601536,0.027374766767024994,0.004754933036413878,-0.5563996514031933,0.1617480557645109,0.1630870987778085,-0.5563996514031933
0.5601337365806103,0.3202676549553871,0.44381680339574814,0.7262590900063515,0.04339343402534723,0.0037894662269576072,-0.5565274523578343,0.15435872501333275,0.176336961894294,-0.5565274523578343
0.5175423193722963,0.2648988151922822,0.8215295812115073,0.782030806876719,0.14134936034679413,0.004568447206875092,-0.5565402699795711,0.15021332555371475,0.1838313330170145,-0.5565402699795711
0.3218497922644019,0.36623625084757805,0.4674999788403511,0.744041483849287,0.16909647267311811,0.0043584227667482186,-0.5569452780332944,0.16493314312265375,0.18769282711995042,-0.5569452780332944
0.5775710763409734,0.27325652353465557,0.35622646007686853,0.9499298576265574,0.1416218001395464,0.00457114058603452,-0.5572253341820322,0.15514144374803587,0.14517285377160588,-0.5572253341820322
0.4892754750326276,0.2622025925666094,0.5733655355870724,0.7906231973320246,0.24441897217184305,0.0032120090345751713,-0.5572898750129205,0.14799548391139153,0.1986662883173834,-0.5572898750129205
0.34256912767887115,0.46121205016970634,0.7306335354223847,0.916988835670054,0.0705409124493599,0.007196861832026552,-0.5574558622401669,0.17545776149433373,0.17658370651879104,-0.5574558622401669
0.3382737450301647,0.27644254080951214,0.6086756614968181,0.7691770363599062,0.19463217817246914,0.003925110337280882,-0.5575645864231945,0.1651775974183627,0.16676206012813552,-0.5575645864231945
0.4989904873073101,0.4589287033304572,0.591804089024663,0.8272754717618227,0.00951095949858427,0.007578098379467204,-0.5576885019890765,0.14845929678721645,0.19260466235727877,-0.5576885019890765
0.47847740538418293,0.27435888443142176,0.8396589979529381,0.930289194919169,0.17387841548770666,0.004296802862762034,-0.557814903579403,0.12499776143015129,0.17861476983487573,-0.557814903579403
0.5550762480124831,0.22689643036574125,0.6241886131465435,0.9832974914461374,0.20151424314826727,0.004064356097377032,-0.5579076656166598,0.15859645749848006,0.14038798719682746,-0.5579076656166598
0.4608270516619086,0.3268148014321923,0.6728064715862274,0.8865173291414976,0.28378370497375727,0.0043375797134907025,-0.557955555132443,0.1479725101715342,0.20995619188779563,-0.557955555132443
0.3298962777480483,0.3112040273845196,0.4564640671014786,0.9535360336303711,0.21940960735082626,0.003349226409846043,-0.5579889543687743,0.13239476329833652,0.14951713005821912,-0.5579889543687743
0.5121213663369417,0.4588662562891841,0.5367033630609512,0.9934572903439403,0.2609474519267678,0.006655734956416569,-0.5580371711220837,0.17620467602912693,0.15510329631248987,-0.5580371711220837
0.42507980205118656,0.1986695108935237,0.46369772125035524,0.8619114961475134,0.1444295234978199,0.003739209370032278,-0.5580995253999855,0.15125079768561928,0.17351364834904032,-0.5580995253999855
0.6316484101116657,0.29104253370314837,0.6346765104681253,0.7047135811299086,0.08352746814489365,0.003916045045754525,-0.5582837583948992,0.1552791296761775,0.1731271333860987,-0.5582837583948992
0.35558377113193274,0.27315848506987095,0.7507645562291145,0.9645263804122806,0.18791317474097013,0.001980842781757371,-0.558340586131123,0.14066887496904382,0.1413985335257021,-0.558340586131123
0.32293743174523115,0.34268916584551334,0.5457718009129167,0.7535611884668469,0.21172084100544453,0.004375557961577939,-0.5583443953880888,0.15960368984425202,0.18797440965227377,-0.5583443953880888
0.33468499779701233,0.352299677208066,0.5094325132668018,0.6929929060861468,0.14044211246073246,0.005398208030395749,-0.5584607164133741,0.17430905494161245,0.19296444197194085,-0.5584607164133741
0.4270660765469074,0.18094000034034252,0.5287393070757389,0.9334172233939171,0.12406662106513977,0.004291166348578017,-0.5587036035690781,0.14739164699625124,0.14915513135852174,-0.5587036035690781
0.3248626859858632,0.2937687700614333,0.47790730744600296,0.948169226758182,0.050916170701384544,0.004178989591752876,-0.5587084357980624,0.15084496208326603,0.15239505905763295,-0.5587084357980624
0.4489215761423111,0.3581951819360256,0.34347872249782085,0.8717968370765448,0.2361411340534687,0.0034469338644666624,-0.5588163409268162,0.1468324248899035,0.18233720852611157,-0.5588163409268162
0.4905713200569153,0.5388767244294286,0.6488424194976687,0.9677632739767432,0.13006329536437988,0.006218612737522909,-0.5590111848726483,0.17663951165670258,0.1554193562479187,-0.5590111848726483
0.6299103340134025,0.43676111195236444,0.4534025378525257,0.8721026685088873,0.17725596204400063,0.004105974820212995,-0.5590131746482536,0.15197539153649806,0.14290026162496114,-0.5590131746482536
0.48712003882974386,0.2763273948803544,0.6417507324367762,0.7030872646719217,0.20776673592627048,0.003694103279675723,-0.5590832274233732,0.1608212039247788,0.17441279060896467,-0.5590832274233732
0.4293280579149723,0.2383576761931181,0.735054986551404,0.8581099500879645,0.1958297248929739,0.003605293840448913,-0.5591416217907027,0.15438676651556085,0.1627960365893774,-0.5591416217907027
0.44003116246312857,0.17454527597874403,0.6250163139775395,0.9099788041785359,0.08925518952310085,0.0034148460501325145,-0.559188990922252,0.1490271947622236,0.1371416002714221,-0.559188990922252
0.5247602537274361,0.20874896459281445,0.43398936092853546,0.8634266797453165,0.16295147873461246,0.0034289535888995045,-0.5593916564981778,0.1482886236323517,0.18349660936814785,-0.5593916564981778
0.2900895057246089,0.45674255583435297,0.6106057465076447,0.9248041696846485,0.10579307191073895,0.006166940948667172,-0.5594441565672561,0.1672166595949417,0.17278358697516086,-0.5594441565672561
0.3013863693922758,0.37219105660915375,0.72125060018152,0.9986090641468763,0.04416998941451311,0.006282734661741646,-0.5595775786498496,0.1530584215200252,0.2134698525151456,-0.5595775786498496
0.4316341048106551,0.4692143630236387,0.8550501195713878,0.9120946926996112,0.13272434938699007,0.006062654898156166,-0.5597646537487772,0.1734056869637427,0.19600176019545582,-0.5597646537487772
0.36966203060001135,0.31465565878897905,0.6735739633440971,0.6623796932399273,0.10711256042122841,0.0073098414422699395,-0.559801662296216,0.1890321989185082,0.18350589820556829,-0.559801662296216
0.4105276530608535,0.3074686713516712,0.5070528946816921,0.8715680772438645,0.27771294489502907,0.0035945867281932885,-0.559821150508741,0.14444100958724923,0.20727679132523472,-0.559821150508741
0.23143057990819216,0.324456206522882,0.5773547599092126,0.8832211066037416,0.1535191535949707,0.005366595546830456,-0.5598275895419682,0.14124608134254518,0.25073199415674147,-0.5598275895419682
0.5803893255069852,0.49376403726637363,0.7498138584196568,0.8626022143289447,0.14220598340034485,0.0065311303603890584,-0.5600185212781946,0.17877520431638527,0.16258568319836927,-0.5600185212781946
0.508048883639276,0.312598810531199,0.6074526412412524,0.6276966603472829,0.06444078963249922,0.006810358760633666,-0.5601187303448628,0.1808843353597157,0.184467285043165,-0.5601187303448628
0.4767913790419698,0.47089814208447933,0.461096771992743,0.8969067288562655,0.24494856130331755,0.006040019721654109,-0.5602728210342909,0.17504585195646388,0.17282974485681263,-0.5602728210342909
0.5539247114211321,0.2368621863424778,0.7279410883784294,0.7978586861863732,0.1746606407687068,0.0034191408503110336,-0.5602735125849186,0.1515305910599096,0.16253317734916606,-0.5602735125849186
0.3935417514294386,0.4986624279990792,0.5606435984373093,0.8666565651074052,0.08230096660554409,0.006938694349286638,-0.5602777672369877,0.1686416368980033,0.1516152712439911,-0.5602777672369877
0.6893088482320309,0.3769467147067189,0.5333418669179082,0.8072830317541957,0.07948768604546785,0.003895263563361114,-0.5604904353898178,0.13665008896479447,0.182865244477973,-0.5604904353898178
0.6804552739486098,0.39662482496351004,0.7538299076259136,0.8660257877781987,0.14576030429452658,0.005144987638540678,-0.5605314130431394,0.15194497650915006,0.2051431164388989,-0.5605314130431394
0.29295420926064253,0.4051821092143655,0.6529434528201818,0.8511742828413844,0.21469784528017044,0.006604895965204566,-0.5605585985317824,0.16190130079663895,0.19238773686308092,-0.5605585985317824
0.3827237281948328,0.4278592150658369,0.625648464076221,0.8971354849636555,0.2729414803907275,0.005293551196772025,-0.5605766890310762,0.16650014413382053,0.19354357827941226,-0.5605766890310762
0.36643090192228556,0.3864870397374034,0.8325185291469097,0.9190141893923283,0.04306585807353258,0.006854113742049745,-0.5606298716989474,0.16602094521750232,0.21608785466000477,-0.5606298716989474
0.6234686467796564,0.456456889398396,0.5701704993844032,0.7661926262080669,0.11316142790019512,0.005557466686844936,-0.5606550743045428,0.16165021742579921,0.1488352642932492,-0.5606550743045428
0.3839724799618125,0.46680756099522114,0.6908281547948718,0.8350889598950744,0.04475345928221941,0.00860728234404704,-0.5606767299721291,0.18130661691470656,0.1748124113419964,-0.5606767299721291
0.33865609113126993,0.3398055536672473,0.3589329579845071,0.9689643466845155,0.13156684394925833,0.004701904454646174,-0.5608318349125282,0.15283748788297763,0.1554694228826811,-0.5608318349125282
0.3315948564559221,0.2998891705647111,0.5609758682549,0.9908035360276699,0.022296681068837643,0.004786868575591805,-0.5608379901036856,0.1471748303644741,0.17695268460554756,-0.5608379901036856
0.432233520783484,0.30239399429410696,0.7997687449678779,0.7449308559298515,0.037195540964603424,0.008745260321690844,-0.5609062678332604,0.1865030191133789,0.1971358344289081,-0.5609062678332604
0.28807109873741865,0.3843151284381747,0.47633454762399197,0.9047875292599201,0.07923262100666761,0.0037626127568709104,-0.5609088036976742,0.14887988555080361,0.17900537063364483,-0.5609088036976742
0.34422602225095034,0.4325698781758547,0.492872322909534,0.9998719813302159,0.06615418661385775,0.0031299527552192496,-0.5610275662761675,0.14230803391244165,0.12249429675522704,-0.5610275662761675
0.5099739711731672,0.33975762221962214,0.573400866240263,0.8959541684016585,0.30059533659368753,0.003866456606630086,-0.5611595429921326,0.14709700055731498,0.21052911666112792,-0.5611595429921326
0.26190485525876284,0.3570083109661937,0.5484980084002018,0.8466621153056622,0.19758198037743568,0.004828041684528767,-0.5612278317882045,0.1454327399984701,0.21708885831220667,-0.5612278317882045
0.4059884659945965,0.2714252509176731,0.7307209493592381,0.7921104021370411,0.01041275355964899,0.007755221234259935,-0.5612387147170398,0.1822104055861508,0.19297162311537977,-0.5612387147170398
0.3799638217315078,0.3901051627472043,0.892646093852818,0.9591206712648273,0.11922815348953009,0.0037737704432209414,-0.5612793637398446,0.14934830456509776,0.21312046927381667,-0.5612793637398446
0.41955603286623955,0.5066253980621696,0.6846553068608046,0.911272612400353,0.06567121297121048,0.007066559252290474,-0.5613356694994329,0.17352296475492668,0.16303517692947936,-0.5613356694994329
0.36962227057665586,0.3443093206733465,0.8810004452243447,0.9858098411932588,0.11226803995668888,0.004200439028480612,-0.5613616361569942,0.14372589774565397,0.20919501272536042,-0.5613616361569942
0.33897115755826235,0.3117939801886678,0.6115306224673986,0.7022643005475402,0.06725800037384033,0.007100949109121674,-0.5614709553685246,0.18748389482661332,0.18705103061557993,-0.5614709553685246
0.5588392317295074,0.28445115499198437,0.7146564116701484,0.945885082706809,0.23245777748525143,0.003065306977033634,-0.5615882471018172,0.14001051510147752,0.1487629533092105,-0.5615882471018172
0.5315933227539062,0.3858585273846984,0.8465875424444675,0.7651104889810085,0.050464254803955555,0.008658171018207591,-0.5615901525697578,0.18196647564691695,0.20709571947985275,-0.5615901525697578
0.534825911745429,0.19624366611242294,0.6272979294881225,0.951846469193697,0.1794922687113285,0.0042399433822459835,-0.5617446203627362,0.16025257785819402,0.15524367618394347,-0.5617446203627362
0.2841749880462885,0.2599940858781338,0.5980342011898756,0.9573047272861004,0.15588686987757683,0.0049331780389461725,-0.5617464389039967,0.14763269925928735,0.17450033927732403,-0.5617464389039967
0.6187960132956505,0.44324554316699505,0.6541654150933027,0.7411955557763577,0.09121961612254381,0.0063038282587747005,-0.5617643667540626,0.17139737583375822,0.15265446253140003,-0.5617643667540626
0.3355074329301715,0.42250111512839794,0.43539179489016533,0.933906976133585,0.21126706898212433,0.004013573204717747,-0.5618029685009178,0.15730497852812778,0.14590466167459346,-0.5618029685009178
0.28544166777282953,0.30556320026516914,0.6592784794047475,0.982993864454329,0.0495379650965333,0.007268892538941612,-0.561994651194859,0.15700845599137345,0.2024382243381756,-0.561994651194859
0.3276243256404996,0.288671413436532,0.7955310493707657,0.8511415785178542,0.09235062543302774,0.006253327571342272,-0.5620615985262032,0.16862731281541699,0.19168314143321963,-0.5620615985262032
0.5030709886923432,0.28637837432324886,0.7059912476688623,0.6743816323578358,0.03897608444094658,0.007390858768202109,-0.562107623613259,0.17863600153957207,0.18462284430856188,-0.562107623613259
0.43938943184912205,0.24324419628828764,0.8195793097838759,0.997280502691865,0.1095089390873909,0.0041133612170752175,-0.5621282204976774,0.14674494077370967,0.1616407667546526,-0.5621282204976774
0.3356024073436856,0.24221238121390343,0.6509622698649764,0.9540048092603683,0.053238486871123314,0.004549096889720268,-0.5621435307494087,0.15986058967409783,0.1513324052462757,-0.5621435307494087
0.5784547487273812,0.3968756506219506,0.7866555405780673,0.7354389214888215,0.0559471920132637,0.007737709634302783,-0.5621583342110104,0.17905979178379053,0.18535444115117522,-0.5621583342110104
0.635704337619245,0.47364800702780485,0.5691465903073549,0.8295563664287329,0.13375010434538126,0.00537943631569748,-0.5622526781417599,0.15833581143177416,0.14881735364142143,-0.5622526781417599
0.525411139242351,0.45977048948407173,0.839961008168757,0.8188047790899873,0.0969549585133791,0.007977729299313428,-0.5623346908076307,0.18301175106812867,0.19278078318777936,-0.5623346908076307
0.5459978338330984,0.26533686462789774,0.604471867904067,0.7043768642470241,0.19296163506805897,0.0029278743846091427,-0.5623757625891098,0.154309825424939,0.16882421937665476,-0.5623757625891098
0.3897082796320319,0.22323694545775652,0.5347469309344888,0.9871688606217504,0.04681250359863043,0.003110039667732945,-0.5623903687233347,0.14747725023442493,0.1153133829961957,-0.5623903687233347
0.507316485978663,0.4420926561579108,0.8496909821406007,0.8407740164548159,0.1794724278151989,0.006315217052384326,-0.5624208728483929,0.17153218252378294,0.19444727080990495,-0.5624208728483929
0.42478697933256626,0.2766781374812126,0.5714505799114704,0.6449993457645178,0.10475779417902231,0.005375804496709105,-0.5625028506186918,0.18255750310546695,0.16797884521166045,-0.5625028506186918
0.4648497924208641,0.37242848239839077,0.6923122256994247,0.6184494439512491,0.12617083080112934,0.008426182903922153,-0.5625304354726886,0.19005377056552614,0.19926174705759075,-0.5625304354726886
0.292080644518137,0.28343973588198423,0.5521079683676362,0.798285098746419,0.07639155257493258,0.005220165511438363,-0.5627081661129183,0.1722447396111388,0.1960454074750558,-0.5627081661129183
0.6385122928768396,0.3275097254663706,0.5518185747787356,0.7206559097394347,0.05040606018155813,0.0038921385686277376,-0.5627343458127995,0.1545329760665849,0.1711124192606614,-0.5627343458127995
0.48741317819803953,0.37331591453403234,0.3873217226937413,0.9695451892912388,0.022121203131973743,0.004198022717785499,-0.5628006995570586,0.11276570087562159,0.15672598586984268,-0.5628006995570586
0.375446904450655,0.4285929799079895,0.39314316026866436,0.8140127081423998,0.18529648054391146,0.005144917504196972,-0.5628171752704066,0.1714004976793474,0.16481306524229858,-0.5628171752704066
0.7175015965476632,0.3457411788403988,0.59005331620574,0.9097939115017653,0.16359753906726837,0.005082105794265989,-0.5628986394650736,0.14045308577600796,0.23194176945275347,-0.5628986394650736
0.47338342387229204,0.38248841371387243,0.6161629827693105,0.8604560531675816,0.302757078781724,0.004778202498881865,-0.5629716134340516,0.15924989687467006,0.2156336085110293,-0.5629716134340516
0.6176386065781116,0.40753649920225143,0.37538343016058207,0.9627593774348497,0.1553290132433176,0.004558816620471462,-0.5629793875264875,0.15554661839210618,0.12919286274106687,-0.5629793875264875
0.6866438593715429,0.2801440926268697,0.5700222365558147,0.8920485759153962,0.04828957375138998,0.004535897302082723,-0.5629995979066785,0.1544044115348761,0.1804902341360043,-0.5629995979066785
0.418849540874362,0.4657707307487726,0.5412802547216415,0.9548899512737989,0.029496753588318825,0.0048825720163790335,-0.5633922296256131,0.1323707835967164,0.14798463355559666,-0.5633922296256131
0.24459563754498959,0.3826158354058862,0.593858695589006,0.9886033395305276,0.18193956837058067,0.005896045138045469,-0.5636445321585765,0.13602275430506602,0.20849839603509332,-0.5636445321585765
0.5441659186035395,0.5003081308677793,0.660939771682024,0.9946942953392863,0.056041655130684376,0.004809343700452478,-0.5637010890903594,0.15491233884767627,0.1446215563138076,-0.5637010890903594
0.6396056916564703,0.35028838738799095,0.4427850339561701,0.7770389150828123,0.06881470046937466,0.0024743960764668964,-0.5637276387665809,0.14088627149583588,0.16100557442133506,-0.5637276387665809
0.557325535453856,0.4820916736498475,0.4274534145370126,0.835162409581244,0.14748848881572485,0.004374784164013389,-0.5637321744920859,0.1547660186262885,0.1711432595813201,-0.5637321744920859
0.5079825604334474,0.41639412473887205,0.5148351239040494,0.7724436679854989,0.26722647435963154,0.004167842549120646,-0.5638763376811498,0.160879326069281,0.2009985897959138,-0.5638763376811498
0.5198780968785286,0.19007732346653938,0.6945752799510956,0.8879269929602742,0.04311888013035059,0.0034356338402662893,-0.5640149196998244,0.15051071577802821,0.1537325276506064,-0.5640149196998244
0.35150228906422853,0.328403165563941,0.6364384591579437,0.6843328988179564,0.1807913426309824,0.005392551386071463,-0.5640699640072352,0.17969747166149974,0.180851373922336,-0.5640699640072352
0.5911090541630983,0.28072732128202915,0.4380468102172017,0.7596173528581858,0.05570022761821747,0.002926344816738252,-0.5641579863724119,0.15337697408424775,0.1632986557435333,-0.5641579863724119
0.56231112126261,0.32256459910422564,0.5424072407186031,0.6887760944664478,0.21297951601445675,0.002545314551050491,-0.56425590123349,0.14812788082947764,0.17625132581352557,-0.56425590123349
0.5492042265832424,0.2790891397744417,0.5790460985153913,0.699032612144947,0.016693290323019028,0.005668663679833558,-0.5643555032012715,0.17175082296102942,0.18480234594654069,-0.5643555032012715
0.5693452684208751,0.3253654036670923,0.4770426470786333,0.8045770041644573,0.2565372744575143,0.001709875189414197,-0.5646313315214493,0.1309845235760766,0.18736185413868817,-0.5646313315214493
0.5812505474314094,0.31613894551992416,0.8720010286197066,0.9200664702802896,0.14912525285035372,0.00483887855111728,-0.56483791598772,0.13352954799000297,0.19458247504197126,-0.56483791598772
0.37826452404260635,0.4053282495588064,0.5966282477602363,0.6834069145843387,0.19563539698719978,0.006967228430060031,-0.5648740183059443,0.1858516818322673,0.17785323964441124,-0.5648740183059443
0.4815927306190133,0.23562100436538458,0.6959976274520159,0.6970857009291649,0.1377161517739296,0.0044057721857901425,-0.5648968017942858,0.16452108216152506,0.16808921179020994,-0.5648968017942858
0.46409703604876995,0.3217207696288824,0.7904799720272422,0.6954156598076224,0.17273846175521612,0.005359274604730046,-0.5650359429601974,0.17268494680087035,0.18976581199404782,-0.5650359429601974
0.4685381082817912,0.4769464675337076,0.4036144893616438,0.9588731992989779,0.09494118206202984,0.005671304377739719,-0.5650894012018506,0.15068050815310163,0.14765903970006788,-0.5650894012018506
0.3912404431030154,0.4874085821211338,0.45606421306729317,0.8296285020187497,0.15844221506267786,0.006167201026571939,-0.5651819021965173,0.17544826015724563,0.1655677824819576,-0.5651819021965173
0.27342328801751137,0.32537850737571716,0.7000440647825599,0.8151177484542131,0.1755657782778144,0.004970472843158692,-0.5652262174237423,0.16144410993977293,0.20757729608584727,-0.5652262174237423
0.38450517132878304,0.2092526750639081,0.7235651779919863,0.9453664645552635,0.12788879312574863,0.003262759082241779,-0.5653784659829971,0.15318720084693085,0.14200215958516454,-0.5653784659829971
0.6188670052215457,0.33943048026412725,0.7534287348389626,0.991388626396656,0.21075613610446453,0.00238488922520548,-0.5654181090302431,0.14488743697401474,0.14346999754900058,-0.5654181090302431
0.5504817813634872,0.3686317838728428,0.3254718715324998,0.9735464360564947,0.20653615426272154,0.0031256077923448073,-0.5654359311130704,0.15609616798679965,0.14106309952602802,-0.5654359311130704
0.5718883760273457,0.4621537858620286,0.5026783337816596,0.8311486290767789,0.2266049338504672,0.004977267526210786,-0.565568538386685,0.16793817160741056,0.15808618902752256,-0.565568538386685
0.6482288455590606,0.26104049291461706,0.45876992400735617,0.9829127555713058,0.13323577772825956,0.005390322644087615,-0.565582858225189,0.16557018405326168,0.1430273528008199,-0.565582858225189
0.4444571929052472,0.5305427396669984,0.5258333524689078,0.9137095240876079,0.17565159499645233,0.006560508986145574,-0.5656004502812696,0.1810329234076478,0.16076691820985572,-0.5656004502812696
0.31524722278118134,0.35949203837662935,0.8330155778676271,0.8565067304298282,0.146112191490829,0.004293997752297961,-0.5656365367637295,0.15746372174423262,0.21288114484547926,-0.5656365367637295
0.5122605040669441,0.27855059690773487,0.8625062322244048,0.8069293592125177,0.06659824959933758,0.007095384705175623,-0.5656656548164783,0.16718423035731406,0.20055521720969868,-0.5656656548164783
0.3350964467972517,0.4846272123977542,0.6846463065594435,0.82791533973068,0.1500347862020135,0.007460749805731977,-0.5656933654625194,0.18795122464356745,0.16853264943816654,-0.5656933654625194
0.31874026264995337,0.2941707279533148,0.5705520641058683,0.7085924260318279,0.14093398861587048,0.0044641673981967,-0.5657781448708874,0.17546322499765513,0.1892228481002677,-0.5657781448708874
0.6352452971041203,0.23171764239668846,0.5950028402730823,0.9515097672119737,0.038892148062586784,0.0038994972366917474,-0.5658048202336966,0.16302828014854526,0.144197813629917,-0.5658048202336966
0.5494956569746137,0.22826061584055424,0.4672433231025934,0.7359012188389897,0.10367629583925009,0.003044621485170843,-0.5659478692704235,0.15507166336196634,0.1736538155666063,-0.5659478692704235
0.4012524653226137,0.2448312509804964,0.5838395757600665,0.7048953743651509,0.16544942371547222,0.004198079516995144,-0.5660050236391767,0.17357402552895487,0.16519130944584137,-0.5660050236391767
0.4146880405023694,0.4096114803105593,0.5008554207161069,0.8110086433589458,0.004526072181761265,0.006651950232755185,-0.566079625085013,0.15185479266276924,0.18921977778291843,-0.566079625085013
0.42912931460887194,0.25036867521703243,0.37325376830995083,0.8329295758157969,0.175497111864388,0.003586389422097517,-0.5662160908940459,0.1553884886474935,0.1741506608494708,-0.5662160908940459
0.32513062562793493,0.45398541539907455,0.5628767656162381,0.8589948276057839,0.2189629916101694,0.006361061299576067,-0.566318862668009,0.17318040480486982,0.16915536630113012,-0.566318862668009
0.2602725010365248,0.3430709047242999,0.7410411899909377,0.836094462312758,0.10086137149482965,0.00820793974678394,-0.5663713734354897,0.16651850950416744,0.2395174591121231,-0.5663713734354897
0.3430757075548172,0.41674050595611334,0.5563071491196752,0.9263321245089173,0.2637567985802889,0.004680396818952518,-0.5664630621684164,0.153543385787287,0.1799560305176817,-0.5664630621684164
0.6348765417933464,0.3377302000299096,0.7334313811734319,0.7574334805831313,0.028402794152498245,0.006660441863562506,-0.5664643820612083,0.16893539556912107,0.18611460938185467,-0.5664643820612083
0.5900444788858294,0.30775380972772837,0.466747023165226,0.7083906522020698,0.18223421834409237,0.0017073032193170423,-0.5664832181992786,0.14016711094334774,0.16697382431894864,-0.5664832181992786
0.2756983796134591,0.2760918578132987,0.6789775164797902,0.8204938750714064,0.11795337963849306,0.005680098388677504,-0.566538116164276,0.16776632648014697,0.20733856191707314,-0.566538116164276
0.6624977635219693,0.38971684966236353,0.4981655590236187,0.9386791978031397,0.042480235919356346,0.001976892319256547,-0.5666257790796082,0.12228813960398574,0.12635760680323999,-0.5666257790796082
0.6546916766092181,0.4682460194453597,0.5449118288233876,0.9206779031082988,0.13856182806193829,0.005027051243900924,-0.5667357788043144,0.15584707795605293,0.1360122730384224,-0.5667357788043144
0.5985000152140856,0.46057063806802034,0.6639034803956747,0.7309452360495925,0.13467066269367933,0.006604999055635648,-0.5667663388153537,0.17933118336840953,0.1552076292535349,-0.5667663388153537
0.3209613151848316,0.4212788939476013,0.6042772084474564,0.8751676110550761,0.24475782457739115,0.005850304770557459,-0.5668224502602901,0.16178318827514723,0.1865011814539208,-0.5668224502602901
0.6507783848792315,0.3406139314174652,0.42026687134057283,0.972660536877811,0.0658023813739419,0.0033190503568254607,-0.5669811748698464,0.14750222715749955,0.12233539379088243,-0.5669811748698464
0.32932788133621216,0.3774196710437536,0.3698031743988395,0.8813490429893136,0.1145505802705884,0.004772102620840484,-0.567128750763208,0.1584179539019819,0.17408975698489243,-0.567128750763208
0.5547076119109988,0.3405956085771322,0.7357616815716028,0.7882146574556828,0.23888956476002932,0.00351628252895147,-0.5672693622070839,0.15219285397514992,0.1777949049755867,-0.5672693622070839
0.7227053316310048,0.3779892371967435,0.6982782687991858,0.9338656011968851,0.09620100446045399,0.005530356153663664,-0.567313743888599,0.14820982744295302,0.22597127018650986,-0.567313743888599
0.4260837594047189,0.2905881255865097,0.6389794563874602,0.670566382817924,0.19372360035777092,0.004500003079597634,-0.5673659823225546,0.17580901612897176,0.17047056637655894,-0.5673659823225546
0.4137949664145708,0.31797237880527973,0.3121351860463619,0.8173134895041585,0.1681726360693574,0.00389135469732041,-0.5674191349887178,0.1530291942585575,0.18838417999946439,-0.5674191349887178
0.5914333062246442,0.4097936451435089,0.35282004065811634,0.842966984026134,0.16885825712233782,0.003079019741222288,-0.5674301179288131,0.1464694383307658,0.1625153743657746,-0.5674301179288131
0.35204706713557243,0.5079786526039243,0.5606573671102524,0.9039058340713382,0.13950867857784033,0.005814278771879892,-0.5674346436919173,0.1763828978040434,0.15230882483584784,-0.5674346436919173
0.4171760370954871,0.332068532705307,0.8575336188077927,0.8031805101782084,0.18165790475904942,0.005249826529667938,-0.5674604339015124,0.15975401747843937,0.20025355100427433,-0.5674604339015124
0.4401280516758561,0.49423734936863184,0.4133558925241232,0.9525366509333253,0.17745955288410187,0.006436183088669848,-0.5676239551731034,0.17690365377440337,0.15065900651291883,-0.5676239551731034
0.5841822773218155,0.20189598202705383,0.4864839259535074,0.9846759857609868,0.09946512151509523,0.004544518075082768,-0.5676595462905099,0.16507213639478274,0.12626193260775798,-0.5676595462905099
0.5169328097254038,0.30827618297189474,0.42832953203469515,0.8190738130360842,0.2614095686003566,0.0017003109813766596,-0.5677029339660723,0.1341375794689899,0.19602059162167482,-0.5677029339660723
0.5942602697759867,0.3031478635966778,0.7687241183593869,0.7520682225003839,0.02518411260098219,0.0068193204817814344,-0.5678138757867832,0.17410961112292295,0.18896337503891902,-0.5678138757867832
0.639007749967277,0.28744416777044535,0.6930456683039665,0.9767265813425183,0.007337591610848904,0.007184476928768313,-0.5678523783434676,0.16738745471847477,0.19280630091245973,-0.5678523783434676
0.5385521845892072,0.2824828829616308,0.7667480828240514,0.6874913247302175,0.13356223981827497,0.004431709519170408,-0.5682656540074642,0.16504524423852193,0.17634414507279253,-0.5682656540074642
0.36841319873929024,0.46000796649605036,0.4766740407794714,0.7606765069067478,0.13832195848226547,0.006347936833707434,-0.5683516570613446,0.18023934776472167,0.16428812418180308,-0.5683516570613446
0.6948441714048386,0.26558764185756445,0.5747998813167214,0.8345402991399169,0.10314829368144274,0.004082495056122636,-0.5684149299675755,0.14904569301981416,0.20543957205993507,-0.5684149299675755
0.3155448427423835,0.3856056947261095,0.4598554400727153,0.8162959376350045,0.21606651600450277,0.003912558781750119,-0.5684791052693293,0.1587597072542999,0.181680840516387,-0.5684791052693293
0.6603703200817108,0.3776075579226017,0.51857078820467,0.9763638582080603,0.21585048828274012,0.004268807180748232,-0.568698031870009,0.1479451757995838,0.1493218319547012,-0.568698031870009
0.30097352992743254,0.31052248645573854,0.4709900515154004,0.7627269374206662,0.1062554232776165,0.004004096993973199,-0.5687639999944873,0.16886230602408034,0.19686256312112377,-0.5687639999944873
0.6017212569713593,0.23138260375708342,0.47505503334105015,0.8349174950271845,0.04654309991747141,0.0029019877401387944,-0.5688426803919783,0.1557028355159853,0.15697884521530264,-0.5688426803919783
0.5017853314056993,0.35166934691369534,0.5617095492780209,0.6015205262228847,0.1410126183182001,0.005768116986606295,-0.5688639906771701,0.17873945275587202,0.19671128636260873,-0.5688639906771701
0.375747861340642,0.3520151562988758,0.7617796454578638,0.6755484761670232,0.11615886446088552,0.008007995094267082,-0.5689399580750787,0.19089853891767208,0.1979621606789719,-0.5689399580750787
0.26636342890560627,0.36827386915683746,0.7824962437152863,0.9882812416180968,0.12704168446362019,0.0025248632258383173,-0.569071921627479,0.1409425446118393,0.2257298005239037,-0.569071921627479
0.4346737451851368,0.4170795902609825,0.43611210212111473,0.7931991759687662,0.25627866853028536,0.004279678806192138,-0.5691725779113392,0.16540304575232434,0.19417534645431966,-0.5691725779113392
0.47583567164838314,0.17215804290026426,0.6026970949023962,0.7863707430660725,0.10205856058746576,0.004123832164626459,-0.5691880121993778,0.15602642176371434,0.16399915244513566,-0.5691880121993778
0.3857191391289234,0.32346938364207745,0.40115389693528414,0.7456421246752143,0.20102486107498407,0.0033791710680930497,-0.569188999786984,0.15982384752853146,0.1744937847356634,-0.569188999786984
0.29598201531916857,0.4077606610953808,0.42869912181049585,0.870813513174653,0.1257134024053812,0.004768840836741255,-0.5693212480100379,0.1595727449774006,0.1815216541830215,-0.5693212480100379
0.5444780979305506,0.2407025583088398,0.5091780032962561,0.7010878715664148,0.07115818373858929,0.0034505370408339535,-0.5693814453136409,0.1617562109641334,0.17127093774021368,-0.5693814453136409
0.5908678472042084,0.47194979060441256,0.6030773371458054,0.9186159521341324,0.23155952617526054,0.005721025012440497,-0.5694394799624934,0.17814009560470512,0.14039535466112393,-0.5694394799624934
0.6874563852325082,0.40823409613221884,0.7328685401007533,0.944941334426403,0.16071517206728458,0.004298929992545899,-0.5695827837501399,0.15678648313683533,0.19429650769646795,-0.5695827837501399
0.4083830313757062,0.3424517475068569,0.508530480787158,0.6293796757236123,0.1140339644625783,0.006707193159300982,-0.5698739812169031,0.18611492135731258,0.18985102972416254,-0.5698739812169031
0.5493945404887199,0.3119431072846055,0.8509857868775725,0.9032661141827703,0.013917999342083931,0.007958977321800476,-0.570105685551816,0.16482450808060084,0.22470508914682263,-0.570105685551816
0.5338555723428726,0.44361165817826986,0.8898632396012545,0.9630011571571231,0.1290288371965289,0.005354751920940869,-0.5701082476244976,0.16251446148478887,0.19753933262622334,-0.5701082476244976
0.21839033719152212,0.3801183635368943,0.633977260440588,0.862042598426342,0.13443710934370756,0.008517182757150877,-0.5701190817652254,0.1547834153286239,0.26721828798651487,-0.5701190817652254
0.6021812511608005,0.47330891713500023,0.4394030896946788,0.9471252905204892,0.1255431305617094,0.004811833486220634,-0.5702469310894102,0.15412456116768777,0.12421961478386719,-0.5702469310894102
0.5792593732476234,0.4240254331380129,0.8056211303919554,0.794599961489439,0.18246783129870892,0.005754350360977021,-0.5704028134526815,0.17405130648352027,0.171811600139298,-0.5704028134526815
0.7102710297331214,0.32231182884424925,0.5127495331689715,0.8189357072114944,0.11535366717725992,0.002687800173401157,-0.5707963154916033,0.12991505051593152,0.2263316034061507,-0.5707963154916033
0.5824515717104077,0.19045906234532595,0.530471621081233,0.9596560755744576,0.14417347498238087,0.005072516936375433,-0.5708105881544527,0.16453548718441932,0.15070935519406817,-0.5708105881544527
0.36439372412860394,0.36941943410784006,0.7660172628238797,0.7955187130719423,0.014121627435088158,0.00997393783074443,-0.5708719759877082,0.1897736373786077,0.216924038845344,-0.5708719759877082
0.44904596731066704,0.21322688553482294,0.4550482705235481,0.9272326305508614,0.19827347807586193,0.0038648827763700057,-0.570877937511888,0.15659173648593316,0.16989885262166687,-0.570877937511888
0.23585788812488317,0.34205537661910057,0.6144936019554734,0.8934784317389131,0.07200467400252819,0.007599665107677086,-0.5711525996206642,0.1586683286630485,0.24781148836884237,-0.5711525996206642
0.3859555972740054,0.42380178812891245,0.7745906002819538,0.7084754602983594,0.12991171050816774,0.00825271567657183,-0.5712582000872437,0.1955633823094063,0.18501834570294662,-0.5712582000872437
0.47864518500864506,0.26926153525710106,0.40252935886383057,0.771365356631577,0.21166743338108063,0.002424354691268832,-0.5712594902716455,0.1463065205376361,0.18080274231634882,-0.5712594902716455
0.6062022279947996,0.20658687315881252,0.6992988856509328,0.8230902878567576,0.1140527380630374,0.003506267570723391,-0.5713082782934563,0.15204885562923626,0.16683972528956462,-0.5713082782934563
0.39452727884054184,0.2344642709940672,0.8002756731584668,0.8475074674934149,0.1012354576960206,0.004540306588361173,-0.5713411922404817,0.16340334775252954,0.16385397277918543,-0.5713411922404817
0.2692617466673255,0.2995079681277275,0.7250870559364557,0.9190430194139481,0.16535040363669395,0.003442579828185951,-0.5713632444103025,0.14910413634584985,0.20111080112921154,-0.5713632444103025
0.5166032519191504,0.29482332058250904,0.6236826237291098,0.6171353049576283,0.1405236404389143,0.00427129709922434,-0.5713890843387558,0.1750307769289366,0.174144720328336,-0.5713890843387558
0.47987508587539196,0.21996792778372765,0.8049956634640694,0.9103867188096046,0.06179479043930769,0.004252765099352745,-0.5716138971605372,0.15459294067537568,0.1683643904225367,-0.5716138971605372
0.41074847988784313,0.355918038636446,0.7029066206887364,0.6862119771540165,0.21276681870222092,0.005471456249139294,-0.5718968503231471,0.17852908952230592,0.18603635020669712,-0.5718968503231471
0.308626108802855,0.3606544919312,0.6706958459690213,0.6944282548502088,0.1242117453366518,0.0077888732909876515,-0.5719592157961171,0.18773109348461905,0.20519927338350827,-0.5719592157961171
0.31577266473323107,0.3661348493769765,0.6249011289328337,0.9751724852249026,0.009109522216022015,0.004485690919075391,-0.5719716310831808,0.14592177283423882,0.21481182212212685,-0.5719716310831808
0.2644109772518277,0.28204267006367445,0.7152972389012575,0.9293156070634723,0.12291780300438404,0.005208766964968043,-0.5720031646003503,0.1549211769687971,0.21139166427284828,-0.5720031646003503
0.5189484637230635,0.240781519562006,0.7916272571310401,0.8090114369988441,0.0292661152780056,0.005768933149335204,-0.5721350378554159,0.16653528998506154,0.18579330650442802,-0.5721350378554159
0.5186907593160868,0.5332130771130323,0.6724295802414417,0.8400091864168644,0.11236634943634272,0.007072289150518663,-0.5721604445674096,0.18160783715367582,0.17614352690954013,-0.5721604445674096
0.4997010361403227,0.5154215339571238,0.696605633944273,0.8083925703540444,0.08272565249353647,0.007792768979907747,-0.5722307946750046,0.1840259323745631,0.17399134913705264,-0.5722307946750046
0.33977384958416224,0.27918010018765926,0.8180415919050574,0.8985619712620974,0.0893851350992918,0.005461502172708457,-0.5724125072372143,0.16402235902848122,0.18740608000676515,-0.5724125072372143
0.3119406318292022,0.41070590633898973,0.7418754929676652,0.898602282628417,0.2175872316583991,0.004329744606285672,-0.5724358789004117,0.16069258902946068,0.18410861711568566,-0.5724358789004117
0.6162597229704261,0.23745754826813936,0.5482337232679129,0.8540551783517003,0.013058900833129883,0.003730458394889497,-0.5724896624631995,0.15804510286842663,0.1728070860761782,-0.5724896624631995
0.42129806336015463,0.4277132535353303,0.713773506693542,0.7110222540795803,0.041176820173859596,0.00938529752367435,-0.572514605545774,0.19607725700726322,0.18474841575698256,-0.572514605545774
0.5426406497135758,0.3306343350559473,0.8669678214937449,0.853277001529932,0.18784017767757177,0.004276421153870146,-0.5726631915967816,0.1388186285385376,0.19714659688839575,-0.5726631915967816
0.48868914134800434,0.43976263236254454,0.5540964072570205,0.844840201549232,0.29054646007716656,0.00526940347111078,-0.5729080521159418,0.1750180123808561,0.20581606459474733,-0.5729080521159418
0.4612785279750824,0.40300877299159765,0.8594637690111995,0.897613700479269,0.016709016636013985,0.007717167881692186,-0.5729415052333783,0.16834560299103749,0.23427706785290908,-0.5729415052333783
0.6957554519176483,0.33378412295132875,0.4630080973729491,0.870052239857614,0.08291976153850555,0.0032113720973346587,-0.5729972767721079,0.13807441068136014,0.18734572621842677,-0.5729972767721079
0.2688688263297081,0.38905427046120167,0.5778647558763623,0.9960403451696038,0.05927197728306055,0.0030978410289607917,-0.5730648480183764,0.1425470470978413,0.19196574500177493,-0.5730648480183764
0.6618113191798329,0.37924643978476524,0.8065191097557545,0.8557449784129858,0.06426059547811747,0.006055520752012087,-0.57307197037242,0.16514937268334948,0.19769665316779628,-0.57307197037242
0.48646771907806396,0.41224515717476606,0.5555492239072919,0.6495266957208514,0.06360094901174307,0.007290166354712234,-0.5730964148130246,0.18384781960191507,0.18457389232673552,-0.5730964148130246
0.5205833027139306,0.3165853312239051,0.4025626927614212,0.9150883853435516,0.26681871712207794,0.0025575701335935576,-0.5731172731802624,0.14517157251779655,0.1785971519532427,-0.5731172731802624
0.3440995765849948,0.23663802444934845,0.718692883849144,0.8939621383324265,0.16937135439366102,0.002811859152139844,-0.5731787393198088,0.1580550696634006,0.15288794100853795,-0.5731787393198088
0.3963494701310992,0.3329928368330002,0.5760227972641587,0.6952532455325127,0.23357713967561722,0.004458777063133409,-0.5734055198497516,0.1678014901763743,0.19287511395557433,-0.5734055198497516
0.4957114476710558,0.39885173831135035,0.40809464547783136,0.8255711821839213,0.27045579534024,0.0026185304856723075,-0.5736288866549534,0.1530101569070259,0.1975637019543975,-0.5736288866549534
0.32813925575464964,0.3380101267248392,0.7019743239507079,0.7493197899311781,0.033976866863667965,0.008862932363087675,-0.5736577397618458,0.19221014066428277,0.20269162600246396,-0.5736577397618458
0.4597568605095148,0.37179296370595694,0.34931652806699276,0.8498509051278234,0.036381909623742104,0.00443366984403046,-0.5737261877884939,0.14543775660813096,0.18665939595523298,-0.5737261877884939
0.5616328613832593,0.50875358376652,0.5083182379603386,0.8124482063576579,0.1420242628082633,0.005018312490257355,-0.5737808832792786,0.16355909736591281,0.1703807691924426,-0.5737808832792786
0.4936590390279889,0.35341935884207487,0.4745901897549629,0.9520757691934705,0.3033401891589165,0.004270516568808961,-0.5738235678700173,0.15529579383761793,0.19141047007527093,-0.5738235678700173
0.5734093990176916,0.3518781568855047,0.3187398947775364,0.7842323556542397,0.13630414102226496,0.0022980680332600457,-0.5738565652518309,0.136319938161674,0.1913806948063805,-0.5738565652518309
0.3676901515573263,0.33766789454966784,0.6451295604929328,0.9237717296928167,0.2808739822357893,0.0031688075758460068,-0.5739129531440943,0.1436333274650637,0.1949307130612617,-0.5739129531440943
0.35149328969419,0.4513908987864852,0.7713999357074499,0.9346489934250712,0.05039032641798258,0.006671955621963872,-0.5739352646757309,0.1764406324094345,0.1894346751103456,-0.5739352646757309
0.5478027313947678,0.22268402483314276,0.5502249728888273,0.7103839674964547,0.1526566594839096,0.002907009628587975,-0.5747613056631014,0.15657780592470563,0.17704153908450998,-0.5747613056631014
0.4565988192334771,0.5363712506368756,0.6106226146221161,0.8360078539699316,0.17850083764642477,0.006894910637025431,-0.5748338279575609,0.19134443699215456,0.17218457145597985,-0.5748338279575609
0.4460691809654236,0.32952535059303045,0.3514588437974453,0.9293932700529695,0.2504257634282112,0.0034978452017878914,-0.5750783897892875,0.15200516762133345,0.17311097175278137,-0.5750783897892875
0.3484605336561799,0.3688035160303116,0.3709110477939248,0.8188564013689756,0.199995587579906,0.003124875564729386,-0.5751690787391042,0.1607563255321664,0.17032401835860098,-0.5751690787391042
0.5121799819171429,0.31211791280657053,0.5670678894966841,0.6068928083404899,0.08927479386329651,0.005456491413840225,-0.5752149691210947,0.18118304909752778,0.18744767421290567,-0.5752149691210947
0.530525466427207,0.16403998713940382,0.6209485540166497,0.9349948652088642,0.07245933823287487,0.0030365077849633594,-0.5752332386866976,0.15141804618859445,0.1387901421961072,-0.5752332386866976
0.251431024633348,0.38160054944455624,0.7226035827770829,0.8111010799184442,0.1452560154721141,0.0072819540074219756,-0.5754417764918728,0.1671582885796059,0.2381899408669359,-0.5754417764918728
0.39764510840177536,0.3826362947002053,0.8108831578865647,0.7688024444505572,0.20518023986369371,0.005335253017169778,-0.57556347315745,0.1747751094031873,0.1889992308906881,-0.57556347315745
0.39401948265731335,0.38705682940781116,0.7300834245979786,0.8526445338502526,0.26798665151000023,0.004396002209904095,-0.5756382767184112,0.16346072687823082,0.2036985481580462,-0.5756382767184112
0.2272691261023283,0.30052207317203283,0.5991953499615192,0.8514279425144196,0.132454845122993,0.006041251544201656,-0.5756489034310049,0.15548630666705152,0.2559220205383692,-0.5756489034310049
0.5823107613250613,0.3863719617947936,0.3051202492788434,0.9316584216430783,0.12249930575489998,0.004739639712893027,-0.5759050915830204,0.15205117366618548,0.17109968529094008,-0.5759050915830204
0.5749141052365303,0.35212353616952896,0.5823903540149331,0.9884488265961409,0.2825353881344199,0.004313847225654414,-0.5762260190302668,0.15346206946130933,0.1650521736652156,-0.5762260190302668
0.5299375150352716,0.3452814491465688,0.5313514498993754,0.8542634714394808,0.303564740344882,0.002788134659780087,-0.5762508878600092,0.14573338239729008,0.2140864827979034,-0.5762508878600092
0.4922048645094037,0.276486374437809,0.29733799025416374,0.9536267044022679,0.11005944199860096,0.004754275966771301,-0.5762590242682638,0.15970521894159762,0.17658660247210037,-0.5762590242682638
0.5440594423562288,0.3440537769347429,0.9225945407524705,0.8311279276385903,0.10670457221567631,0.007587605788821849,-0.57628494411901,0.1629568097017376,0.23553528176327945,-0.57628494411901
0.4019728107377887,0.21765184495598078,0.5709522347897291,0.7631127461791039,0.04196719080209732,0.003939271217339326,-0.5763323422475707,0.17375933441958305,0.15030741527078534,-0.5763323422475707
0.4287605443969369,0.17670519184321165,0.48482874035835266,0.903500709682703,0.13422887679189444,0.004232063644233669,-0.5763665409123147,0.15148226443788881,0.16819006321341126,-0.5763665409123147
0.5474183997139335,0.4520429251715541,0.7846135180443525,0.780760551802814,0.04313694778829813,0.008005612570971344,-0.5765900411820928,0.18587742348372532,0.1853292045887355,-0.5765900411820928
0.45481916051357985,0.43811391573399305,0.7170721255242825,0.9765126500278711,0.27576730493456125,0.004521024090443009,-0.5766076518418477,0.17409692970818147,0.18652391982805158,-0.5766076518418477
0.6721284864470363,0.2539276797324419,0.7050238773226738,0.8267268110066652,0.07611585687845945,0.0036694702002638517,-0.5767598472897926,0.15449919189201913,0.18247517716462047,-0.5767598472897926
0.5210866490378976,0.5164679195731878,0.6171096479520202,0.8505596974864602,0.21683860197663307,0.006525081737133176,-0.5768918875567917,0.1899456742023235,0.16486163100450463,-0.5768918875567917
0.5054363626986742,0.2730644326657057,0.5210787141695619,0.6330693969503045,0.13569454196840525,0.003264120256571561,-0.5769040896321976,0.16846208837680532,0.1717227876482485,-0.5769040896321976
0.3785920897498727,0.44690907560288906,0.6660637389868498,0.8682748135179281,0.26359520107507706,0.005804617824408227,-0.5769326390003698,0.17886491536444546,0.1928389380220614,-0.5769326390003698
0.6042184047400951,0.27063470147550106,0.38078133203089237,0.8225910244509578,0.15906885731965303,0.0019352828644218013,-0.5769526646383021,0.14132881150707247,0.16474015805721853,-0.5769526646383021
0.5468974001705647,0.19397281482815742,0.7548505133017898,0.8753055818378925,0.12796988897025585,0.004406783789358185,-0.5769748813648627,0.1515104799670276,0.1748272829522914,-0.5769748813648627
0.48455790523439646,0.4353754995390773,0.5290543604642153,0.889321998693049,0.2998775960877538,0.004964186702093001,-0.577008402203659,0.1751280522310873,0.20195251541659373,-0.577008402203659
0.5510158687829971,0.39429447054862976,0.5608424562960863,0.6640278212726116,0.04090319946408272,0.005651121314915694,-0.5771149262443891,0.17447206930327291,0.1809089045805062,-0.5771149262443891
0.37132537737488747,0.3602732913568616,0.6159960282966495,0.6529106730595231,0.18818736169487238,0.005972643056363819,-0.5771640772669964,0.18754984713527453,0.18369232487124887,-0.5771640772669964
0.3967872867360711,0.40968662686645985,0.7843231968581676,0.7031155955046415,0.0796209080144763,0.008903003731617771,-0.577252898948209,0.19887011841642052,0.19147323579430336,-0.577252898948209
0.5782897602766752,0.1841030539944768,0.5523322029039264,0.8056934205815196,0.13398802373558283,0.00320359248076065,-0.5774922744433537,0.15447097940345514,0.18126200654486602,-0.5774922744433537
0.43559504859149456,0.5084079531952739,0.8083331119269133,0.9802414448931813,0.1171609628945589,0.0057410364899080505,-0.5775275742177599,0.18332306992567168,0.1727767219073003,-0.5775275742177599
0.5141978524625301,0.3620893293991685,0.6654773727059364,0.6797510460019112,0.231346582993865,0.004188137749199906,-0.5777196556305433,0.16825756394977825,0.19008728228551058,-0.5777196556305433
0.6105478247627616,0.4469715151935816,0.7046848796308041,0.9525779997929931,0.015026392415165901,0.004843866290152443,-0.5777509196837435,0.15279137333334206,0.18062247758682787,-0.5777509196837435
0.3073594141751528,0.3159829042851925,0.6032107230275869,0.7478425800800323,0.20524417515844107,0.004216404774919099,-0.5779605625223243,0.16855218091057964,0.18696590425104403,-0.5779605625223243
0.5670059807598591,0.4515352128073573,0.3690455099567771,0.9160233158618212,0.09662061929702759,0.004377741559884348,-0.5779824258525824,0.1491603585856577,0.15418378133324998,-0.5779824258525824
0.3996911244466901,0.46398486476391554,0.37717685382813215,0.9264991981908679,0.11294540017843246,0.005707130543535994,-0.5782506259732013,0.16615623348654662,0.15379129180372367,-0.5782506259732013
0.37186557054519653,0.33037167601287365,0.8138353396207094,0.9488921724259853,0.21867655124515295,0.0016606113765419881,-0.5783341102377519,0.13299789679767457,0.17171895666846748,-0.5783341102377519
0.44086609315127134,0.36407690960913897,0.7146270116791129,0.863747532479465,0.28863092325627804,0.0043205193915337335,-0.5785851729726409,0.1584793947035142,0.21551771122738464,-0.5785851729726409
0.5560723803937435,0.3934742948040366,0.6378740528598428,0.8590291263535619,0.2884006816893816,0.00441140704108482,-0.5786104169152086,0.1626332735912664,0.19864459850956293,-0.5786104169152086
0.6341775851324201,0.2680475199595094,0.7892576521262527,0.8373824059963226,0.053051793947815895,0.00487493501450537,-0.5786224411555166,0.16367058227133394,0.18140910277273817,-0.5786224411555166
0.5284627955406904,0.3716559009626508,0.7967493161559105,0.74115139991045,0.21106060966849327,0.004483325154774534,-0.5786624293129421,0.1667619184987922,0.1854914343621655,-0.5786624293129421
0.2256464771926403,0.3961851391941309,0.5879808655008674,0.9832284543663263,0.10816160030663013,0.0054274579150989455,-0.5786942668137158,0.14872690867760888,0.2302986788488548,-0.5786942668137158
0.5983919510617852,0.3221982307732105,0.8061868399381638,0.9820920703932643,0.0032949894666671753,0.007519293285806623,-0.578714907996404,0.16737475679796457,0.21963143689038886,-0.578714907996404
0.5711513664573431,0.5029491446912289,0.6464119413867593,0.7890116926282644,0.1767584467306733,0.006412828005247961,-0.5787432118169515,0.18767716513981292,0.15264218203181174,-0.5787432118169515
0.3955629086121917,0.5217475853860378,0.6076076896861196,0.8059563478454947,0.1604894855991006,0.006909654169342192,-0.5788499029551354,0.19300584752640332,0.16484150755676993,-0.5788499029551354
0.668635449372232,0.3896303176879883,0.5930227134376764,0.7170429499819875,0.13969543389976025,0.005690995938270723,-0.5788674120133713,0.15750945473532632,0.19082226199440708,-0.5788674120133713
0.376690442673862,0.3243542080745101,0.7670376291498542,0.8588848188519478,0.23962678108364344,0.0031650901437509813,-0.5788915266822209,0.15185871217006094,0.18525747225935627,-0.5788915266822209
0.5467162868008018,0.24585285875946283,0.4731400180608034,0.7295800652354956,0.18617882672697306,0.002210801108485182,-0.5791973442564957,0.14962071273199765,0.1769322024575927,-0.5791973442564957
0.3832661034539342,0.5041237389668822,0.5822579311206937,0.7849559970200062,0.11020250525325537,0.0074012295727074505,-0.5792327674584911,0.18887030938330632,0.1604178348061981,-0.5792327674584911
0.4797963323071599,0.46639536786824465,0.46919992100447416,0.8412023521959782,0.2611796325072646,0.005288898448053558,-0.5793035992201809,0.17826035380513233,0.19170348582945365,-0.5793035992201809
0.5493529988452792,0.40734676271677017,0.7433759281411767,0.6534601682797074,0.1298536816611886,0.006991320158625971,-0.5793231132259621,0.18731236583133914,0.18549809282231075,-0.5793231132259621
0.30324044171720743,0.387290770187974,0.6626851093024015,0.8721814826130867,0.014978280290961266,0.007531554633626521,-0.5793677161080124,0.16933836720518028,0.22127953969633263,-0.5793677161080124
0.5147621352225542,0.47877754271030426,0.5290894526988268,0.799096342176199,0.24470771569758654,0.005688962243984861,-0.5793849046802004,0.18044524184209795,0.18337753251842048,-0.5793849046802004
0.48951492365449667,0.4846759410575032,0.47083319816738367,0.8876100778579712,0.04527467954903841,0.004846861101098006,-0.5793929712621044,0.13071878948992474,0.16519313816410544,-0.5793929712621044
0.6374880215153098,0.21835731342434883,0.6623024120926857,0.9888108186423779,0.13553449045866728,0.004968082476966884,-0.5794101480740106,0.17251388393665132,0.15059991342719972,-0.5794101480740106
0.5686467383056879,0.19885930512100458,0.6752701569348574,0.7693609753623605,0.05828098952770233,0.0035909313694923867,-0.5794407298529957,0.14978816170796388,0.15929775357239007,-0.5794407298529957
0.3226131834089756,0.470946803689003,0.6319282408803701,0.8333056904375553,0.07536721136420965,0.007237190979827789,-0.5794809066736193,0.18539956323146345,0.1641776875809046,-0.5794809066736193
0.6361169228330255,0.3725618291646242,0.736774854362011,0.7139963824301958,0.15481375344097614,0.005201343366846073,-0.5795452725039032,0.16773261172092233,0.18199871924330235,-0.5795452725039032
0.34341696836054325,0.3460820149630308,0.8584358785301447,0.8667870461940765,0.06354464311152697,0.007721399988084607,-0.5796659253390474,0.17719853101779948,0.21908238646541017,-0.5796659253390474
0.3940023211762309,0.4925079131498933,0.7704974226653576,0.997037255205214,0.1958498191088438,0.005048446873254116,-0.5797298792651615,0.18694136082017063,0.15865056608761186,-0.5797298792651615
0.4152520401403308,0.30854063760489225,0.6761301895603538,0.6759640499949455,0.018374638631939888,0.008639201715372658,-0.5797761663719876,0.1987901360591332,0.19679612904782265,-0.5797761663719876
0.6376295397058129,0.39768855832517147,0.3764041690155864,0.8986756429076195,0.09776232857257128,0.003522683789393864,-0.5797928210169269,0.1447742951355463,0.14712684232928047,-0.5797928210169269
0.6886641634628177,0.3097242182120681,0.6366067100316286,0.8557280618697405,0.19191525131464005,0.0036148557424747706,-0.5799225732772559,0.14927863779078096,0.20232713449767772,-0.5799225732772559
0.26340118795633316,0.3548630131408572,0.7766625210642815,0.9780001752078533,0.08456612750887871,0.005257859175338636,-0.5800036689163217,0.15486936781158267,0.23152438079867746,-0.5800036689163217
0.4967444324865937,0.4612237010151148,0.4249067362397909,0.8533925842493773,0.249775480479002,0.004726666458224069,-0.5801663097584356,0.17413498886742257,0.18285694101127992,-0.5801663097584356
0.4326754128560424,0.41908991150557995,0.8811562852934003,0.8599615208804607,0.04725694935768843,0.007857321809443204,-0.5804195199265372,0.18358723321157355,0.21928943620582902,-0.5804195199265372
0.5826502703130245,0.30415008682757616,0.39230177737772465,0.9813812859356403,0.22711234632879496,0.0027329488187183503,-0.5808878760024181,0.15589037413986967,0.12122270514138318,-0.5808878760024181
0.33357733115553856,0.31365378573536873,0.49395061004906893,0.8123642075806856,0.24436556827276945,0.0030241222853690315,-0.5810596173060918,0.15110311370679486,0.1917035191783532,-0.5810596173060918
0.52432831376791,0.2557518379762769,0.5465028444305062,0.643326872959733,0.0922706937417388,0.0036934161889441595,-0.5811648133734986,0.17122239807331796,0.16804648990391938,-0.5811648133734986
0.49634389393031597,0.34825538098812103,0.2762308055534959,0.8117223372682929,0.1036584684625268,0.004610425951800123,-0.581195782499206,0.14954375351206667,0.2224972578018887,-0.581195782499206
0.3403196204453707,0.3527052430436015,0.41500438936054707,0.963784959167242,0.04261659272015095,0.003150960970067656,-0.5812402133667913,0.1450295257837784,0.14193122897275748,-0.5812402133667913
0.6994056953117251,0.2912967326119542,0.48509088344872,0.8958487259224057,0.07665618043392897,0.0037895725986327746,-0.5813854173902887,0.15174454631203907,0.1881557550816654,-0.5813854173902887
0.47985400538891554,0.30461265053600073,0.3762705521658063,0.696646548807621,0.08904161117970943,0.004104005741438419,-0.5815533779810965,0.16589028889007132,0.19521371555322806,-0.5815533779810965
0.6167274154722691,0.4955312330275774,0.5223469724878669,0.9898790437728167,0.15866777952760458,0.00519194809953861,-0.5815629211239048,0.17394714076513026,0.11055861846272731,-0.5815629211239048
0.49440263491123915,0.38362453505396843,0.8156628888100386,0.7418521093204618,0.012160023674368858,0.00960055417384475,-0.5815744897143004,0.19481017524080557,0.2190470234025815,-0.5815744897143004
0.48145222570747137,0.43153390008956194,0.48431814555078745,0.6615158729255199,0.0975006502121687,0.006547950173669811,-0.581644816353337,0.18070132275304118,0.1840587926329033,-0.581644816353337
0.5157468793913722,0.18469835445284843,0.732039918191731,0.8462337991222739,0.05341060645878315,0.0038322799950477843,-0.581663445379763,0.15209197179029701,0.15805421926740915,-0.581663445379763
0.42735537607222795,0.325427895411849,0.3944460600614548,0.8765205712988973,0.004124755971133709,0.005019254300996846,-0.581698977056399,0.15143040458588436,0.19032991167655747,-0.581698977056399
0.6520626377314329,0.3051564898341894,0.6756724435836077,0.698392634280026,0.12600538693368435,0.003643683490768001,-0.5817552667599495,0.15660282794922917,0.18598723093362118,-0.5817552667599495
0.35267673153430223,0.3245916524901986,0.8037746623158455,0.7271959893405437,0.08731344155967236,0.007624571282597369,-0.581764281685531,0.19155486910205913,0.1982405832612697,-0.581764281685531
0.7080556098371744,0.320032088086009,0.46883039083331823,0.8441539816558361,0.12539429776370525,0.002318402960021919,-0.5817698310747891,0.1306737745179181,0.22245521256996215,-0.5817698310747891
0.27305953949689865,0.243784305639565,0.5650352174416184,0.8861467503011227,0.13379399944096804,0.004355029529210296,-0.5818504129566995,0.15943280628553125,0.19898560197125534,-0.5818504129566995
0.6691700601950288,0.27194360736757517,0.7304463088512421,0.8321167016401887,0.1498981611803174,0.0029967987547699993,-0.5819754074462482,0.15156611778901088,0.18773317940604828,-0.5819754074462482
0.2765595717355609,0.4068125607445836,0.801174221560359,0.8957808455452323,0.1112174540758133,0.0059523179498064994,-0.5820590538000254,0.16756880822368514,0.22536236267587234,-0.5820590538000254
0.48409655410796404,0.2583329249173403,0.6671629417687654,0.708438933826983,0.0003031827509403229,0.0068587723665003595,-0.5822405064908459,0.18634088304903734,0.19600861781122886,-0.5822405064908459
0.4820131519809365,0.5072512160986662,0.5987359583377838,0.9986879089847207,0.2468042029067874,0.00663118494231525,-0.582322516560133,0.19423007256395877,0.15565478615742007,-0.582322516560133
0.4360517291352153,0.2894487390294671,0.2959552565589547,0.9236962087452412,0.09587423875927925,0.004840893451844006,-0.5823415162798501,0.16237896195329554,0.1820917977575887,-0.5823415162798501
0.6695181988179684,0.33458850905299187,0.47973127849400043,0.9136255253106356,0.2114647962152958,0.002452908362373201,-0.5823853942202696,0.14255469941901738,0.17305630476229664,-0.5823853942202696
0.5739777842536569,0.4575375132262707,0.48402881156653166,0.865136438049376,0.029735665768384933,0.003513514378101674,-0.5824031244359087,0.12364141136461111,0.15570286565993058,-0.5824031244359087
0.5633245846256614,0.42369482945650816,0.3313081506639719,0.8180757015943527,0.11757889669388533,0.0038747616344369314,-0.5824408361120045,0.15064891613508283,0.18676834253263824,-0.5824408361120045
0.35939212050288916,0.43743725400418043,0.6815236685797572,0.7776023605838418,0.029089927673339844,0.008495578206127423,-0.5825510451914226,0.19227283074823426,0.18331224522806683,-0.5825510451914226
0.3635306842625141,0.4379186136648059,0.6438148971647024,0.9882370857521892,0.007201644591987133,0.004918629228079158,-0.5826333747031015,0.15226972866642824,0.20213925915337988,-0.5826333747031015
0.32409024611115456,0.3913807300850749,0.5806716103106737,0.8233695290982723,0.2607447551563382,0.00498285553930031,-0.582708382416083,0.16297733222020253,0.20091316499923897,-0.582708382416083
0.46065400820225477,0.33680105581879616,0.3679752675816417,0.682137168943882,0.1629168502986431,0.0037194272628255608,-0.5827812626202151,0.16022265897715943,0.198785183964283,-0.5827812626202151
0.2782162968069315,0.2894658809527755,0.6096156816929579,0.8622962636873126,0.20880936086177826,0.003711808360888029,-0.5830989627276214,0.15264380331028973,0.19245186757763713,-0.5830989627276214
0.575076762586832,0.37387837190181017,0.40272735245525837,0.6927603110671043,0.16123739071190357,0.002560949454294567,-0.5831346468979475,0.14967289053001384,0.17877573670026967,-0.5831346468979475
0.5735300872474909,0.21557686757296324,0.44544622488319874,0.9792860951274633,0.1731780869886279,0.004559153425431612,-0.5831906006166172,0.16897583835093677,0.1421208969191704,-0.5831906006166172
0.4660396156832576,0.4113501701503992,0.3599340096116066,0.7505158977583051,0.20967302471399307,0.004011132348721916,-0.5831990908175041,0.16437416470934185,0.18606057818971963,-0.5831990908175041
0.46803226321935654,0.21887302119284868,0.4324156707152724,0.8230493338778615,0.20128960255533457,0.0034356287349232946,-0.5832560946559738,0.15734406068387544,0.18875012215108256,-0.5832560946559738
0.6235563876107335,0.35912857856601477,0.7325295424088836,0.8188450606539845,0.22461223881691694,0.0034064633898611015,-0.5833837223073733,0.1569312244496838,0.16914595782270592,-0.5833837223073733
0.3058559251949191,0.2915971865877509,0.6494836257770658,0.9883534628897905,0.22481398936361074,0.0029753522017951567,-0.5833927330828498,0.13473647623698298,0.15682905061739397,-0.5833927330828498
0.3618119992315769,0.24508393183350563,0.6130101941525936,0.834020727314055,0.005262763239443302,0.005296838283039685,-0.583638251160603,0.17808703642827634,0.18555793184212885,-0.583638251160603
0.40962304547429085,0.5262523368000984,0.7516496982425451,0.9856089111417532,0.1596326343715191,0.0057882087647934425,-0.583646270903516,0.19301981870976553,0.15869981793924032,-0.583646270903516
0.3122619707137346,0.4731070175766945,0.49161730241030455,0.85516416747123,0.15550212375819683,0.005299211183431059,-0.583844762597426,0.17632369142225468,0.16504123094138812,-0.583844762597426
0.647848280146718,0.32388327457010746,0.7080210940912366,0.778426107019186,0.19687713123857975,0.003092716976522012,-0.5838593643702061,0.15655224938302303,0.1706023633972073,-0.5838593643702061
0.29660486429929733,0.47013185266405344,0.677949252538383,0.8829864868894219,0.18878124188631773,0.006731000828682874,-0.5839783096194524,0.18387150977104283,0.1746968895992142,-0.5839783096194524
0.5227147871628404,0.3101799199357629,0.8889388255774975,0.7755086161196232,0.0602082209661603,0.007965847070913414,-0.5840142179688914,0.18079094350557892,0.21651213580366374,-0.5840142179688914
0.6588569032028317,0.243008716031909,0.48753470182418823,0.9235117947682738,0.15508818812668324,0.0040620865897705635,-0.5842351484585036,0.16076603023264935,0.17239820769223915,-0.5842351484585036
0.4305240949615836,0.412525731138885,0.31415910739451647,0.966692790389061,0.08870827779173851,0.005052145979996377,-0.5842920711327311,0.15790170479046778,0.16348114503288605,-0.5842920711327311
0.5543962651863694,0.4949058322235942,0.7020848104730248,0.9200990926474333,0.029284048825502396,0.005459362083229794,-0.5843198960072802,0.1603686883692329,0.1756085251382115,-0.5843198960072802
0.4106705756857991,0.48634443152695894,0.829687531106174,0.9369934946298599,0.08144884835928679,0.006386872496541562,-0.5843396362187341,0.18556747053025963,0.18273709085379938,-0.5843396362187341
0.3077707700431347,0.4639364378526807,0.715863537043333,0.8668082542717457,0.19174649938941002,0.00661992039359469,-0.5843663239746845,0.1852669028961951,0.17516234989983245,-0.5843663239746845
0.535723477602005,0.24692092090845108,0.8591481521725655,0.8748820135369897,0.13096771482378244,0.005255238861953872,-0.5844127031768164,0.1434025878176699,0.19743961178470082,-0.5844127031768164
0.596312684006989,0.4452140387147665,0.8351631574332714,0.8765271818265319,0.058247797191143036,0.006301529116736435,-0.5846252742207801,0.17890783688571676,0.18642125072338622,-0.5846252742207801
0.3907889127731323,0.2454820303246379,0.4887859644368291,0.9518033359199762,0.012787630781531334,0.0036761546603741326,-0.5848079471298417,0.15217512491570534,0.15407666654428712,-0.5848079471298417
0.6750287096947432,0.32780219055712223,0.7722560930997133,0.7660793559625745,0.10031119454652071,0.005357163983180129,-0.5848950869642082,0.16026009407148545,0.2002163410862094,-0.5848950869642082
0.33641969691962004,0.4791014827787876,0.5423041079193354,0.8907980658113956,0.22375957388430834,0.005469259641179593,-0.5848974491169429,0.1798845692239099,0.1596128800210174,-0.5848974491169429
0.4700685515999794,0.1898894663900137,0.42049849685281515,0.9809228722006083,0.1293184356763959,0.004810246563852571,-0.5849501172223064,0.15858356533065515,0.1492514650992637,-0.5849501172223064
0.7016899520531297,0.40151155181229115,0.6761720413342118,0.9739234521985054,0.04482547286897898,0.0038829659892969924,-0.5850871375890933,0.15175769390783228,0.18134318182605155,-0.5850871375890933
0.5472619906067848,0.36152026895433664,0.8854647586122155,0.8218543026596308,0.1814432330429554,0.004641337625495955,-0.5851512127757789,0.1547038062892546,0.20778938128726085,-0.5851512127757789
0.3519104905426502,0.351764352992177,0.7914316328242421,0.8008858347311616,0.21384551376104355,0.0038759051409089874,-0.5852033235348626,0.1674706948530398,0.1821780286981132,-0.5852033235348626
0.3133232332766056,0.281148849055171,0.6399087132886052,0.7336845630779862,0.05985316168516874,0.005748642585570102,-0.5852474498856292,0.18837462670950764,0.18646501481239466,-0.5852474498856292
0.2584184193983674,0.4206835934892297,0.6746021639555693,0.9645056566223502,0.06752262450754642,0.005161491799496209,-0.5853667291987419,0.1631897928853566,0.21018522674980528,-0.5853667291987419
0.5565649811178446,0.233051928691566,0.8337986618280411,0.849022114649415,0.08064200635999441,0.005187615050539769,-0.5854164230216558,0.1589754384657669,0.1833677393503127,-0.5854164230216558
0.5403784001246095,0.28105765022337437,0.9004897885024548,0.9342215685173869,0.11702693346887827,0.0062892836360294605,-0.5854361284562606,0.13765538754238926,0.20842516473901124,-0.5854361284562606
0.6465860260650516,0.35936411563307047,0.6957960426807404,0.6891126865521073,0.07229913398623466,0.0058333930583769535,-0.5855323252770658,0.16847989732824048,0.18452032706774477,-0.5855323252770658
