x1,x2,x3,x4,x5,x6,ensemble_ei,ensemble_mu_mean_model,ensemble_sigma_mean_model,ensemble_mu_std_model,ensemble_mu_mean_original_approx
0.016847414895892143,0.4869708474725485,0.3098438074812293,0.27765738870948553,0.3247242271900177,0.7745445650070906,0.00022369017449573575,1.4698996378009446,0.04673821521931462,0.23412648170621833,1.4698996378009446
0.038683170452713966,0.5479180589318275,0.16807952523231506,0.24205525312572718,0.3631183337420225,0.7783852117136121,0.0018121929804283204,1.3656310400321998,0.10347065856777395,0.15501991761145792,1.3656310400321998
0.08628448005765676,0.4782171817496419,0.38603982143104076,0.20468742959201336,0.37212692480534315,0.7594084525480866,0.0004125387743992565,1.3523496278615608,0.07675170847628199,0.1448649284601878,1.3523496278615608
0.06805298943072557,0.37138131726533175,0.21090032160282135,0.23239995446056128,0.36499864142388105,0.7360250670462847,0.0035154036001788565,1.3409491815680545,0.11880321134787433,0.1700003530169094,1.3409491815680545
0.05355635657906532,0.48996931686997414,0.08654931373894215,0.269568650983274,0.3852003635838628,0.7470502443611622,0.0020281357078312076,1.3247191097522901,0.0935897079573162,0.24018553771730924,1.3247191097522901
0.010449244640767574,0.4103915384039283,0.23687601648271084,0.2430163063108921,0.32440529577434063,0.8713621338829398,0.002786313645188534,1.3235188688325288,0.10825522035392933,0.1734783062808942,1.3235188688325288
0.002481590025126934,0.36475198715925217,0.5038414150476456,0.3391711665317416,0.33555208798497915,0.7717948192730546,0.014272331060037646,1.3152915963495229,0.16084330570826133,0.3038339495064127,1.3152915963495229
0.0805891789495945,0.3796141538769007,0.1786993546411395,0.2605217909440398,0.31014439184218645,0.7227298058569431,0.009297475747914914,1.3148695835881694,0.14722735167857845,0.23597278528113172,1.3148695835881694
0.1782339084893465,0.38552544731646776,0.3372381301596761,0.29467388801276684,0.3506258884444833,0.8092447482049465,0.004500599165170811,1.3142627999592082,0.13997604874066163,0.21274647446876455,1.3142627999592082
0.04212239198386669,0.34399470314383507,0.25399838015437126,0.28946724347770214,0.37767442781478167,0.7547928979620337,0.006617683615966203,1.312795319543425,0.13819900212564074,0.193855405246711,1.312795319543425
0.06152260769158602,0.417270733974874,0.8752581868320704,0.26394859701395035,0.36923929769545794,0.7639696355909109,0.0042872940435467,1.3087890433861065,0.12657982566138112,0.29472130539837077,1.3087890433861065
0.11899921577423811,0.40870638377964497,0.33237812854349613,0.1806541346013546,0.3361859107390046,0.7282099993899465,0.004459960471134512,1.3032464998693496,0.1329074459169964,0.2024357967440071,1.3032464998693496
0.1520282095298171,0.5311734322458506,0.2575925840064883,0.2839161856099963,0.33685238752514124,0.8417892213910818,0.0038097354175062837,1.3000539996936806,0.12814455971795233,0.20466404039230696,1.3000539996936806
0.0476089958101511,0.4312527561560273,0.47102109622210264,0.3644667686894536,0.35331457294523716,0.7433454189449549,0.008822817233895835,1.2932447269175122,0.15353210944549503,0.2885478501940413,1.2932447269175122
0.012409824877977371,0.35090204887092113,0.09570296201854944,0.2814403157681227,0.3166823536157608,0.7199130849912763,0.013493145057822778,1.2889134136495115,0.16225647119716766,0.2883345551000583,1.2889134136495115
0.10793316643685102,0.5410492597147822,0.025469751097261906,0.30672821402549744,0.31481599528342485,0.7632499951869249,0.004806153299792986,1.288501932735615,0.13170644324508526,0.3144504729383646,1.288501932735615
0.14747202955186367,0.4394111651927233,0.3811038816347718,0.31723804399371147,0.31471897196024656,0.7154811695218086,0.006534886770500164,1.2876955023977834,0.1481557744954385,0.2614080553184533,1.2876955023977834
0.17244673892855644,0.44424426555633545,0.22231977060437202,0.3247145228087902,0.37958056293427944,0.8061506766825914,0.0030224345179990764,1.2823065092328023,0.13866167557300352,0.1916684267293879,1.2823065092328023
0.05676037911325693,0.4575882535427809,0.21863427571952343,0.17032401636242867,0.2903590388596058,0.770136303268373,0.00438506875938844,1.280064095646678,0.13604604157803496,0.21574976402266602,1.280064095646678
0.03076104912906885,0.469219833612442,0.8431063573807478,0.3507556263357401,0.34310180600732565,0.7326800990849733,0.00995139387591499,1.2726631904697199,0.15856544088385066,0.3420795249627365,1.2726631904697199
0.06607704423367977,0.4366610385477543,0.06691772397607565,0.3018299238756299,0.3727825256064534,0.8562247976660728,0.002059837033785546,1.272385307621594,0.1312338071217038,0.22429746874675024,1.272385307621594
0.16937907319515944,0.465160358697176,0.1470828391611576,0.19649336207658052,0.351311176083982,0.837702882476151,0.0021565036823867462,1.271458622593378,0.12677577555995184,0.19035019394409058,1.271458622593378
0.14964785519987345,0.4562009312212467,0.9729649499058723,0.3121500099077821,0.32967815920710564,0.7927498258650303,0.006686091396653054,1.2702254876083934,0.14772500145138084,0.3195212565059075,1.2702254876083934
0.11708569154143333,0.42218296602368355,0.8030170602723956,0.190930032171309,0.3238049875944853,0.7800842085853219,0.005198758690142375,1.2690210355665104,0.14323654399599464,0.29706498246582635,1.2690210355665104
0.0713539207354188,0.5440451065078378,0.3749520443379879,0.29912203550338745,0.379556342959404,0.7268443182110786,0.002667973779202183,1.2677666908141862,0.12097507023917352,0.2199204416044252,1.2677666908141862
0.050906261429190636,0.4436086043715477,0.6854910543188453,0.2080961326137185,0.3071344969794154,0.7226528031751513,0.005663046129527217,1.267023958337625,0.15129405274849797,0.32099963041277424,1.267023958337625
0.20577931217849255,0.5048306295648217,0.42364474572241306,0.23383068479597569,0.3529262561351061,0.8256743708625436,0.002130216275829381,1.266504859931581,0.12498434839711664,0.20700335580274884,1.266504859931581
0.012464907951653004,0.5226252228021622,0.32688549254089594,0.31826033629477024,0.27149262465536594,0.766287487000227,0.005749247675805118,1.2662941034375488,0.1432776975704806,0.26523014068895706,1.2662941034375488
0.2230651769787073,0.4446230074390769,0.03181967604905367,0.25487585738301277,0.33418382331728935,0.8215890470892191,0.0047854565678649595,1.2621777124546147,0.13922176673267742,0.2793063737203824,1.2621777124546147
0.10026806127279997,0.4639606038108468,0.4381765518337488,0.3923601973801851,0.34829427022486925,0.8045215876773,0.005653965548983512,1.256877798232966,0.16153246648431246,0.27257260561329366,1.256877798232966
0.036180708557367325,0.49791272543370724,0.5776815293356776,0.22926320414990187,0.3698033271357417,0.8546538567170501,0.0008364085060739673,1.2562333396825653,0.12368174799308615,0.2609873374164834,1.2562333396825653
0.09445824846625328,0.5555249350145459,0.6172038614749908,0.31387606728821993,0.32964148558676243,0.7450596820563078,0.004354075675754638,1.2524794403387252,0.1381548507580324,0.33739065219918557,1.2524794403387252
0.12773918360471725,0.3805676670745015,0.5425757924094796,0.2140472400933504,0.3292360622435808,0.8267934815958142,0.004078045559358704,1.2501572846532978,0.14322026973521595,0.2750851323559099,1.2501572846532978
0.04414823651313782,0.2933385828509927,0.18644378054887056,0.3216135911643505,0.3447557780891657,0.7512106010690331,0.010468358228685184,1.2486368675365491,0.17666440448841442,0.2505454289971674,1.2486368675365491
0.1253587957471609,0.5717706112191081,0.19536698050796986,0.19354866445064545,0.3362872889265418,0.8052733158692718,0.002471122811356908,1.2482010663238279,0.13933698588632445,0.18465251926487616,1.2482010663238279
0.2032768428325653,0.44555631186813116,0.8304189527407289,0.23675494641065598,0.34386235382407904,0.8078878996893764,0.003920451398813441,1.2449750187395459,0.13810108655541292,0.29609331594050287,1.2449750187395459
0.024821540340781212,0.5036346949636936,0.22644932940602303,0.42920730728656054,0.35399194061756134,0.7845758805051446,0.0049829983477176374,1.242757427962764,0.1732468128002923,0.2589575022343959,1.242757427962764
0.0741224242374301,0.5301588894799352,0.9010098287835717,0.2376247476786375,0.30112807266414165,0.7415018891915679,0.003946809228056397,1.2407122525262062,0.1498664771897128,0.30280884946166803,1.2407122525262062
0.05349141452461481,0.3700757399201393,0.3604853115975857,0.16979362722486258,0.3454124368727207,0.8479965478181839,0.0022231445175683543,1.2404542822607398,0.12697620434030513,0.1983538674711073,1.2404542822607398
0.07856093905866146,0.4289637114852667,0.5817176308482885,0.19906931463629007,0.3880881695076823,0.745204652659595,0.00023849683794570058,1.2375997940382168,0.10385901644706491,0.26728502774962215,1.2375997940382168
0.04420284274965525,0.5899400701746345,0.3922728495672345,0.2934683635830879,0.30010175704956055,0.7349856719374657,0.004338738319662397,1.2360417724944164,0.15057602007705634,0.2625876068824232,1.2360417724944164
0.171759438700974,0.5162325594574213,0.6142972623929381,0.2071957951411605,0.35818073339760303,0.7968355854973197,0.0010344042307939766,1.233560574112924,0.12176296113093332,0.2757128312445475,1.233560574112924
0.13571053370833397,0.33209087885916233,0.21383804734796286,0.36789644975215197,0.32278948556631804,0.7858496932312846,0.006994135384527486,1.231214864698155,0.18103261722484842,0.23599502109590087,1.231214864698155
0.03312734514474869,0.3769829636439681,0.2657841509208083,0.3231281181797385,0.2909222487360239,0.8613088633865118,0.003229745278337952,1.230109337590063,0.15201163404045587,0.20644825704417075,1.230109337590063
0.007946805097162724,0.6024783561006188,0.5166972475126386,0.2243953999131918,0.3176577864214778,0.7602433087304235,0.0026069131065102735,1.2293675579745706,0.1493486043273348,0.2730779670797861,1.2293675579745706
0.2496050102636218,0.3924505915492773,0.4837542735040188,0.21919773425906897,0.3344733137637377,0.7931320173665881,0.004765719542970721,1.2291528024901692,0.14816985258208337,0.25170980352427863,1.2291528024901692
0.1578699005767703,0.3615336138755083,0.3050471004098654,0.19776350818574429,0.2962577482685447,0.7900748495012522,0.003689067256033683,1.226077376630633,0.16188347187251653,0.1864735834739981,1.226077376630633
0.10555281955748796,0.47536246199160814,0.7436601389199495,0.2881177980452776,0.3233944773674011,0.8707658350467682,0.0030743102461351017,1.2241578522174725,0.13925042441231852,0.2946893936032135,1.2241578522174725
0.07717161532491446,0.5949516259133816,0.19238408375531435,0.33148966915905476,0.3506501680240035,0.7320436146110296,0.0038527256561522176,1.2234424947939002,0.15641945113890132,0.2365491017606569,1.2234424947939002
0.19655051734298468,0.5804729983210564,0.12307733576744795,0.26169675681740046,0.3533397428691387,0.7891615927219391,0.0015311012921167633,1.2231043284088063,0.14091596111680824,0.1950838652198514,1.2231043284088063
0.07136179506778717,0.3779030665755272,0.8727618148550391,0.37877038586884737,0.33029983937740326,0.7819546805694699,0.009185301901329128,1.2219870747028034,0.18614275564761706,0.3206282732302599,1.2219870747028034
0.22556762769818306,0.511257098056376,0.6904445197433233,0.27527048252522945,0.3430661419406533,0.8119726404547691,0.0033019162765096145,1.2195730360876018,0.13559759569422458,0.3105515931756966,1.2195730360876018
0.19905293080955744,0.40494621358811855,0.6538745313882828,0.27235627453774214,0.34439502749592066,0.8419288415461779,0.002980988628162663,1.2178157352819627,0.15133606892055926,0.2953715033657573,1.2178157352819627
0.20779184624552727,0.4295842479914427,0.01365422923117876,0.33037570491433144,0.30013774894177914,0.7828002739697695,0.004687776386400608,1.2170463680159196,0.16152662620538405,0.30374213016694024,1.2170463680159196
0.0510460464283824,0.3970492361113429,0.18109511025249958,0.43019890040159225,0.33359314501285553,0.8146382225677371,0.007418330613335771,1.2151544882860408,0.18693399410997677,0.2813093390152465,1.2151544882860408
0.13685804791748524,0.4211280085146427,0.4558365922421217,0.3375827269628644,0.3415981698781252,0.8777971109375358,0.0031982234047403233,1.2121893160794146,0.15754752107876976,0.23162693481996532,1.2121893160794146
0.09055462013930082,0.39689166471362114,0.7079315576702356,0.36105521209537983,0.2951847855001688,0.7689926102757454,0.006481283582526657,1.2101052696220453,0.18001454807068076,0.3198523887255305,1.2101052696220453
0.084370918571949,0.49549325834959745,0.9779012491926551,0.16690004896372557,0.3582620806992054,0.74879399407655,0.0008674310526879234,1.2068645826554827,0.13335020242880527,0.29068430739334594,1.2068645826554827
0.04659336991608143,0.437506714835763,0.36593983601778746,0.08989519160240889,0.33317979983985424,0.7884098682552576,0.005769856849227522,1.2067189621184138,0.12363885623382695,0.3106578349202253,1.2067189621184138
0.18889681156724691,0.40963434614241123,0.4107745960354805,0.40641053300350904,0.32730763778090477,0.7679293742403388,0.005715336000873357,1.2050591478612047,0.17618623507218395,0.2690384723405542,1.2050591478612047
0.027323968708515167,0.4525963608175516,0.5043520992621779,0.4166133841499686,0.3466956438496709,0.833361598663032,0.005406417969945165,1.2041265636151157,0.1844669165116135,0.30144909952796495,1.2041265636151157
0.3089468088001013,0.4956477638334036,0.10952384769916534,0.23293843865394592,0.31329825334250927,0.7638009516522288,0.002554055258874043,1.2031222817912708,0.15153135180623237,0.24236166085677208,1.2031222817912708
0.3645250042900443,0.4693094762042165,0.19353748951107264,0.28447260055691004,0.3606990100815892,0.7799138613045216,0.002335131088743933,1.2027232283658724,0.14580472712582634,0.22807917359186167,1.2027232283658724
0.27714356407523155,0.49668094888329506,0.27124343533068895,0.22545075416564941,0.3809974966570735,0.730443456210196,0.000421699094542897,1.2023635185432657,0.11218869580583071,0.1806657257130919,1.2023635185432657
0.04085395857691765,0.3317716717720032,0.970005408860743,0.2279851883649826,0.29912406485527754,0.7772742509841919,0.005946216738258749,1.2019785178466114,0.18680196469389865,0.2833258515283335,1.2019785178466114
0.034220038913190365,0.3112321710214019,0.7158047296106815,0.29899356607347727,0.3621415914967656,0.740588647313416,0.008312293450398613,1.2002662126351258,0.1816163843298665,0.3214364832595762,1.2002662126351258
0.11232714354991913,0.4526814864948392,0.10342451836913824,0.3473006533458829,0.27426797803491354,0.7540243715047836,0.004596201063352064,1.1962757240007815,0.16537136530696173,0.2798394445050023,1.1962757240007815
0.269421455450356,0.4086091360077262,0.7003292189911008,0.24669586773961782,0.36552474182099104,0.7747113360092044,0.0014975622297937346,1.1921648965366176,0.14241019408664457,0.28000810764604883,1.1921648965366176
0.31602084171026945,0.5343465087935328,0.3354036044329405,0.19605892803519964,0.3262133030220866,0.7759496560320258,0.002028776715389173,1.1885728778071163,0.14917024734781736,0.23040852041478413,1.1885728778071163
0.14407318737357855,0.48338034003973007,0.2162007838487625,0.3841963643208146,0.3731366703286767,0.8512881929054856,0.001872924408265453,1.1882745482665407,0.1745815119014433,0.19400481301613742,1.1882745482665407
0.08442823309451342,0.36345367785543203,0.6883453736081719,0.2687395242974162,0.37999909836798906,0.8499768087640405,0.0005623905979213753,1.1859002925956872,0.14069638966207434,0.2639715081203598,1.1859002925956872
0.019349858164787292,0.5609351322054863,0.9675942175090313,0.251268801279366,0.3183458121493459,0.8584951125085354,0.002607611526766307,1.185158611942281,0.1650027893983455,0.2807642274168819,1.185158611942281
0.20234735030680895,0.47015856858342886,0.4396488405764103,0.17848756816238165,0.3006712719798088,0.8173295585438609,0.002875531631388839,1.1845416950509087,0.15380371439848678,0.24025652748349652,1.1845416950509087
0.044083540327847004,0.4093602569773793,0.3978593898937106,0.23487374559044838,0.38551929872483015,0.6500199185684323,0.0016523756584362007,1.1842077287982964,0.15299008404971773,0.2877282395648267,1.1842077287982964
0.1248662993311882,0.34562917333096266,0.44449895340949297,0.3438330050557852,0.3283447241410613,0.8641104465350509,0.003059911142476912,1.1833953821962895,0.17472426514530506,0.2314404476693095,1.1833953821962895
0.05557578336447477,0.4759896118193865,0.5573142496868968,0.3588543180376291,0.40003729797899723,0.7613343223929405,0.002870166321822591,1.1826291296569036,0.15357877285868857,0.27722211956570286,1.1826291296569036
0.18395230267196894,0.47637748159468174,0.09853363782167435,0.24109388049691916,0.28864604141563177,0.7042071977630258,0.0030953299206753276,1.1815019132763944,0.1675629021810054,0.26225713847853227,1.1815019132763944
0.07855354156345129,0.5240533342584968,0.08000137377530336,0.11942192539572716,0.33980763237923384,0.8006886150687933,0.003041581445010292,1.1810878313538482,0.1373431192940393,0.2846880806067831,1.1810878313538482
0.282874446362257,0.35785567574203014,0.293576268479228,0.2059507081285119,0.3204255532473326,0.7404290214180946,0.0034502126961680566,1.1804513983362321,0.17233343420395963,0.21305473170882763,1.1804513983362321
0.1673837723210454,0.39106049481779337,0.2933954419568181,0.16410263534635305,0.3789239004254341,0.839950549416244,0.0008490536472896192,1.1782701112982281,0.12433791490033622,0.1866379337782803,1.1782701112982281
0.021121473982930183,0.38813584204763174,0.5965794129297137,0.18403563182801008,0.28106210473924875,0.7538553467020392,0.0042380708616455475,1.1781357082777002,0.1756904893136528,0.2935187527742711,1.1781357082777002
0.05902018677443266,0.6010923245921731,0.34749262873083353,0.26888332702219486,0.36267539858818054,0.8676354326307774,0.0009528614851963316,1.1780738557895618,0.15929644759826617,0.17244034169351163,1.1780738557895618
0.13325759582221508,0.43010926339775324,0.2682330096140504,0.10730633325874805,0.37367223110049963,0.7527941539883614,0.0009570048506641698,1.1727307452000038,0.11213767581264518,0.24246227004074297,1.1727307452000038
0.06369666010141373,0.6131960395723581,0.6631493754684925,0.28910940047353506,0.36402225494384766,0.776356989517808,0.0023174201664193147,1.1715505114783993,0.15260338909892074,0.297636363294739,1.1715505114783993
0.04767382051795721,0.3035505460575223,0.19903646875172853,0.20007864106446505,0.37698914390057325,0.8452606629580259,0.00028027263388241116,1.171308815505604,0.11130512134325145,0.16092136828000636,1.171308815505604
0.07174203265458345,0.4552469728514552,0.36836587078869343,0.23271672055125237,0.3097003875300288,0.6264310972765088,0.004002823427929673,1.1710634148355659,0.18194174086436388,0.3010245385259686,1.1710634148355659
0.07379172928631306,0.3580024866387248,0.6776378909125924,0.14698810316622257,0.3496728278696537,0.7566568087786436,0.003097695372635157,1.1669514362717854,0.15789811081263655,0.30426552187761624,1.1669514362717854
0.013990762643516064,0.46474711410701275,0.9191194642335176,0.3368860110640526,0.28074208553880453,0.8501845728605986,0.0038247956838554815,1.1666503466177356,0.17145459744708827,0.29310256774446036,1.1666503466177356
0.09209404233843088,0.4116862565279007,0.04857345577329397,0.17251062020659447,0.40498510375618935,0.7621742701157928,0.0002948525885562049,1.1652780932244406,0.1045614128564447,0.20025035536394228,1.1652780932244406
0.1655925801023841,0.4097060011699796,0.9465289860963821,0.3526170188561082,0.30171253345906734,0.8155454806983471,0.0037305411873052165,1.164899365636445,0.1845762694128563,0.29800613142537385,1.164899365636445
0.28875654097646475,0.41906273271888494,0.4374354565516114,0.25981178414076567,0.3128858357667923,0.8547581601887941,0.0016401312952395919,1.1647468875300948,0.157595370385564,0.22469353285770202,1.1647468875300948
0.1296694604679942,0.3192023001611233,0.680575018748641,0.25369102507829666,0.33726414665579796,0.7068645497784019,0.006288435128983695,1.1639117950870093,0.1854591208866652,0.32247073522924974,1.1639117950870093
0.09788766968995333,0.5232764324173331,0.7843320304527879,0.3875444382429123,0.3572986572980881,0.814391671679914,0.002846590178587076,1.163610742662672,0.1806568618248312,0.30698383502128135,1.163610742662672
0.07757812552154064,0.2668579090386629,0.4787776814773679,0.3033673372119665,0.30210350174456835,0.7773498436436057,0.006228737540755439,1.1635251978876626,0.1880378906720507,0.2832922099474639,1.1635251978876626
0.1738505531102419,0.5099268537014723,0.5001888042315841,0.32970945350825787,0.388459081761539,0.8274114429950714,0.0012646820832123407,1.161431142678278,0.15360478003146974,0.23535901107887708,1.161431142678278
0.12229256238788366,0.4661594955250621,0.5116917174309492,0.2742787003517151,0.26078465580940247,0.7377908788621426,0.0032742856220112056,1.1610367871717893,0.16241237908815287,0.2985669285898196,1.1610367871717893
0.15807374007999897,0.5022433213889599,0.022562554106116295,0.1712243277579546,0.37214839924126863,0.7115027634426951,0.00015557602891746786,1.1600259819679237,0.13036110206604457,0.25688348938980243,1.1600259819679237
0.042869655415415764,0.46027941908687353,0.42854907736182213,0.35182004049420357,0.36549786012619734,0.9134127618744969,0.002155911366562962,1.1593631933691317,0.16774441368471382,0.20648205288177354,1.1593631933691317
0.19139185547828674,0.43784226197749376,0.31781967729330063,0.2623513825237751,0.39136213157325983,0.6685415953397751,0.0008033309626745756,1.1588266216331136,0.14983297429960127,0.2552295157812887,1.1588266216331136
0.07576779369264841,0.4198885578662157,0.5376849230378866,0.32658641040325165,0.3578191641718149,0.6520069427788258,0.005554339122778974,1.1588144801084879,0.1883034731719173,0.3399321390988218,1.1588144801084879
0.1893260395154357,0.44921336881816387,0.558034430257976,0.30104463547468185,0.3115673139691353,0.8833533460274339,0.0018403243750607636,1.1584096511952802,0.14724343474161586,0.265901856877033,1.1584096511952802
0.16375243663787842,0.4231974808499217,0.4171679178252816,0.26798301562666893,0.2882336238399148,0.6762690246105194,0.0036379759431545665,1.158143349303835,0.1786452123646716,0.26734832761397903,1.158143349303835
0.040661548264324665,0.5349205862730742,0.7012252518907189,0.13734092190861702,0.3437799895182252,0.7289448911324143,0.0017563198732644524,1.158070644981804,0.14424999970286748,0.31517038560588745,1.158070644981804
0.03624534700065851,0.3618906084448099,0.8496430339291692,0.3311322582885623,0.3920269552618265,0.7378307757899165,0.005025771787198644,1.1578358717070685,0.18175753885936682,0.29426883362806466,1.1578358717070685
0.26025557704269886,0.5548783019185066,0.4702062448486686,0.2549134623259306,0.37451376020908356,0.7598376348614693,0.000521763211321889,1.15668863598457,0.11401973441471297,0.20507582672282917,1.15668863598457
0.15563576575368643,0.31309653632342815,0.362919257953763,0.385611766949296,0.3036790946498513,0.7729482483118773,0.004535979071140055,1.154767300669468,0.19514144654897816,0.23721718207972745,1.154767300669468
0.2724746922031045,0.466497091576457,0.3930706540122628,0.3405617279931903,0.2861562166363001,0.7535304967314005,0.0021022792824814365,1.1536611933095082,0.16704085637176078,0.2387494824799761,1.1536611933095082
0.09586203284561634,0.4883660776540637,0.1519279358908534,0.34029421862214804,0.3368739252910018,0.6374952606856823,0.005434240011761302,1.1529398595828981,0.18640333327332836,0.3171241132155541,1.1529398595828981
0.06810999661684036,0.48732287529855967,0.4984938632696867,0.3322064345702529,0.40429709292948246,0.8526116367429495,0.001523027113147758,1.1514556943061067,0.16334014751173542,0.23842882567015405,1.1514556943061067
0.33884311094880104,0.4311058707535267,0.6202800013124943,0.2981813605874777,0.3200923651456833,0.759573083370924,0.003551459138490293,1.1514440062719926,0.16500117204936285,0.31516568987356397,1.1514440062719926
0.33278682362288237,0.4176045525819063,0.02463666070252657,0.3224190501496196,0.33211084362119436,0.7487030327320099,0.004734666798121675,1.1512537035154262,0.17655516824375772,0.3047227130357522,1.1512537035154262
0.22731236647814512,0.5247408961877227,0.15729939099401236,0.3463089046999812,0.3248221483081579,0.6953898258507252,0.0028704849392271773,1.1510629576875888,0.17422072226122412,0.270103814659405,1.1510629576875888
0.210996569134295,0.39726414158940315,0.13547736499458551,0.22674043383449316,0.3910726448521018,0.697213233448565,0.0004042251772507819,1.1504528675430108,0.14612252847824025,0.21140412481510798,1.1504528675430108
0.1039647338911891,0.36474365647882223,0.10786432772874832,0.3930123606696725,0.293241229839623,0.8194090221077204,0.003676438657862058,1.1498593271908428,0.19077714645508587,0.25695073597860746,1.1498593271908428
0.022794261574745178,0.4360682172700763,0.1325246300548315,0.3724870206788182,0.421135894022882,0.7782860100269318,0.002769699324921108,1.1490867971910341,0.17134268594967822,0.2263780143789278,1.1490867971910341
0.2024673530831933,0.5295689897611737,0.44233996607363224,0.3542679427191615,0.38517513405531645,0.7947265785187483,0.0011716528228613169,1.1481870656171433,0.1542718045780442,0.20205973707508879,1.1481870656171433
0.07374216429889202,0.5763730760663748,0.4044339768588543,0.4050400024279952,0.33912248630076647,0.8344873255118728,0.0030656676281431688,1.1472229764352486,0.19135354582118466,0.24387650732098812,1.1472229764352486
0.10357696376740932,0.2867817096412182,0.6044401871040463,0.24988170713186264,0.31579369120299816,0.7254513148218393,0.006204431296657723,1.1468001249324058,0.18964869941641183,0.3172811894925063,1.1468001249324058
0.1416927883401513,0.5334128495305777,0.5614815978333354,0.3949753297492862,0.3666361831128597,0.7671030415222049,0.001714679234460766,1.1465134794207172,0.17047479486635533,0.2774394115682693,1.1465134794207172
0.0959192281588912,0.3704589968547225,0.4238951625302434,0.2242497643455863,0.4250154625624418,0.7699280753731728,0.00035686453167284234,1.1457306959301083,0.12033196588108859,0.20359933485363155,1.1457306959301083
0.227242024615407,0.3527083629742265,0.3890073364600539,0.2571149980649352,0.280107107013464,0.806186837144196,0.0020666716147548104,1.143864142630989,0.1735139627514889,0.2085693319992476,1.143864142630989
0.2546744532883167,0.33847281336784363,0.6681277435272932,0.276983960531652,0.31063973624259233,0.7626273008063436,0.0036727689749300883,1.1436438352010336,0.18328344165389,0.2968838452317189,1.1436438352010336
0.1742033939808607,0.48936524614691734,0.5068014347925782,0.13830226846039295,0.301026426255703,0.787575569935143,0.002699856462384437,1.1430780159920853,0.15888867164686232,0.28842541036043223,1.1430780159920853
0.017520783469080925,0.40051944740116596,0.6587249301373959,0.38304581120610237,0.3092297501862049,0.8788600191473961,0.0028133418055535705,1.1425231356967642,0.1898007210927103,0.2897630473915144,1.1425231356967642
0.17585353180766106,0.5683997450396419,0.9323817323893309,0.2974865697324276,0.3578588180243969,0.8228217046707869,0.0015486800467591842,1.1414986021557572,0.15873790188107528,0.28167983132363744,1.1414986021557572
0.2746438216418028,0.45252322405576706,0.9849316030740738,0.28882781974971294,0.30354578513652086,0.7392462994903326,0.002657850021098551,1.1412326714450693,0.17555914570617,0.28880742666155595,1.1412326714450693
0.2503642598167062,0.5832303455099463,0.21563454903662205,0.21713121887296438,0.31161552481353283,0.7262114034965634,0.0012136517675501257,1.1409128165821902,0.16605280153707963,0.20040866050440462,1.1409128165821902
0.16699636075645685,0.6086588455364108,0.29165768902748823,0.36332231294363737,0.31010750960558653,0.801899803802371,0.0022495107538788067,1.140398505668705,0.179158539030573,0.2419554955723679,1.140398505668705
0.1905863331630826,0.49220763333141804,0.21702717803418636,0.23960830830037594,0.3906059470027685,0.8979812022298574,0.00041402966280224994,1.139284541260394,0.13816476772937014,0.16788420894774603,1.139284541260394
0.18199115432798862,0.28576683532446623,0.24178442265838385,0.294959899969399,0.2967923292890191,0.8246347708627582,0.002749706798453839,1.1388201668367968,0.18227226723627232,0.22476025122852877,1.1388201668367968
0.12480923254042864,0.48304456379264593,0.23306975048035383,0.21265576593577862,0.4335771184414625,0.7309373347088695,9.88835971084931e-05,1.1380641854891338,0.08109168697958652,0.256432114563524,1.1380641854891338
0.05710164178162813,0.5426193736493587,0.21205954253673553,0.36172934621572495,0.3914626156911254,0.8726820293813944,0.00157830460595181,1.13638457807643,0.18214021920712686,0.1742101155145815,1.13638457807643
0.1638606684282422,0.47027552872896194,0.921568688005209,0.12498109508305788,0.3205516505986452,0.77118019759655,0.0030478385092751266,1.1359852890614957,0.16102942671376966,0.3291951445352423,1.1359852890614957
0.12760783452540636,0.4583997931331396,0.045995231717824936,0.4284595800563693,0.31077295634895563,0.7338158832862973,0.004592066799494797,1.1356969288574372,0.18817964555709046,0.3170598189208885,1.1356969288574372
0.13525777030736208,0.5356080122292042,0.48997776862233877,0.2787406826391816,0.2741817692294717,0.7081624213606119,0.0027537721663470154,1.135640082786239,0.1682336475087257,0.2932056274925547,1.135640082786239
0.06821105256676674,0.5119120879098773,0.49286898970603943,0.1329867048189044,0.2886065924540162,0.7501745475456119,0.0022551489823195154,1.1348236083788468,0.16383049705907074,0.2813807808092598,1.1348236083788468
0.10834015347063541,0.3383221300318837,0.3020643154159188,0.34351009503006935,0.26570641156286,0.7461401177570224,0.0039597345118558645,1.1347672597757648,0.19158248761955574,0.23591076340308273,1.1347672597757648
0.17218692228198051,0.36128475051373243,0.07950777187943459,0.2623612340539694,0.3596525713801384,0.901131883263588,0.0004834966170682575,1.134555118879286,0.13708011367087322,0.1856095299387504,1.134555118879286
0.06951381824910641,0.5622920906171203,0.779188540764153,0.32148457039147615,0.39792247768491507,0.7804275192320347,0.001875763388574353,1.1341695196982853,0.15190307875452633,0.28090333330614664,1.1341695196982853
0.1804097117856145,0.3985155923292041,0.8078767023980618,0.33471944462507963,0.3641087915748358,0.6990170925855637,0.003101949015146662,1.1339344731376424,0.18785127010215397,0.3071478579579553,1.1339344731376424
0.14168541878461838,0.3885110458359122,0.05927705764770508,0.2870064955204725,0.4081995151937008,0.7123496439307928,0.0013124930539204303,1.133798349726061,0.1544812470873072,0.25841838266906114,1.133798349726061
0.24748936295509338,0.5134522346779704,0.2580959815531969,0.3915819264948368,0.29773273691534996,0.7459648186340928,0.0019677642909035824,1.133166183047448,0.1753056805582713,0.24675352720596347,1.133166183047448
0.05340868979692459,0.5103032346814871,0.09219325706362724,0.1953489063307643,0.30075652711093426,0.6462573194876313,0.0031452428584995257,1.1330557039422595,0.18765970483865174,0.28949556900928114,1.1330557039422595
0.03465323708951473,0.5769440168514848,0.9880334921181202,0.33592493552714586,0.28185830172151327,0.757574338465929,0.004036164934701364,1.132815126524755,0.18982368744585357,0.3044782185060068,1.132815126524755
0.19133455026894808,0.32723280880600214,0.10639155469834805,0.177194532006979,0.37012872844934464,0.800985861569643,0.00036909602247688224,1.1321919053240759,0.14608389028761257,0.19146370574214513,1.1321919053240759
0.026975628919899464,0.4058844605460763,0.0009355936199426651,0.19438782893121243,0.2618261706084013,0.7388425348326564,0.0036222624213979164,1.1316107652311747,0.18475998610526742,0.28924188942795426,1.1316107652311747
0.0029152650386095047,0.5058299209922552,0.7936244904994965,0.311127751134336,0.2556791277602315,0.7263648211956024,0.005681906047317458,1.1314107348454465,0.18615880712673924,0.32973796516994636,1.1314107348454465
0.16355732548981905,0.38381316885352135,0.04724424984306097,0.23005708865821362,0.3047963734716177,0.8900207187980413,0.001034326288432884,1.1300213466469222,0.15065830647516493,0.20753747720133991,1.1300213466469222
0.21689009573310614,0.4637937480583787,0.29715604335069656,0.13385653216391802,0.36309774965047836,0.6993692507967353,0.0005495206330915952,1.1295866860834274,0.14811948011369888,0.2428561754166351,1.1295866860834274
4.3973326683044434e-05,0.5527480635792017,0.4472459824755788,0.24953721556812525,0.42688080947846174,0.7429563393816352,0.00039329743742761244,1.1291951863232152,0.11974479979599875,0.28187110450870734,1.1291951863232152
0.005968404933810234,0.6192750995978713,0.11234237626194954,0.15500504057854414,0.33457379415631294,0.7471799263730645,0.001749331640977699,1.1282726516892587,0.1593800317792815,0.22164066693438347,1.1282726516892587
0.08215521555393934,0.5155785325914621,0.14211508817970753,0.3261995716020465,0.3677923660725355,0.925685659982264,0.0020236979774648743,1.1278083656111455,0.1646394362222306,0.19466962425347853,1.1278083656111455
0.08866483811289072,0.5366076258942485,0.8523891093209386,0.19973457977175713,0.3637319337576628,0.8746079904958606,0.0005912918167590249,1.127649698258985,0.15645634885587237,0.24780316950814504,1.127649698258985
0.3754169149324298,0.4584410972893238,0.4648297829553485,0.30847483314573765,0.3553919503465295,0.8269545286893845,0.002271940202980327,1.1257043873678054,0.1673001773880401,0.2681095686051933,1.1257043873678054
0.25609919987618923,0.3529179058969021,0.07174900453537703,0.21362024638801813,0.3895600764080882,0.7694532591849566,0.000419143332835797,1.1250272302071462,0.14503377989835,0.18470185459197624,1.1250272302071462
0.3283808548003435,0.37957296520471573,0.31455230340361595,0.38241936825215816,0.351832983084023,0.818065837956965,0.003041804555895185,1.124875624028121,0.19477293367002876,0.2546379440115056,1.124875624028121
0.0757107250392437,0.28390840999782085,0.764730654656887,0.24192439764738083,0.380531775765121,0.7529458552598953,0.0020211216916065787,1.1247398271781721,0.17307319301276997,0.2845644222879674,1.1247398271781721
0.2526047769933939,0.44642127491533756,0.058442506939172745,0.4207463525235653,0.3373750150203705,0.7972070192918181,0.004850321293453638,1.1242120083305984,0.18949644871828253,0.30662215020856465,1.1242120083305984
0.010584289208054543,0.48916976526379585,0.7402878208085895,0.3957840921357274,0.2843356253579259,0.7163459053263068,0.0055700113757242735,1.123959304203444,0.19777754459903776,0.32830936397568505,1.123959304203444
0.08093391451984644,0.45744639728218317,0.6743062194436789,0.10091808252036572,0.33062165789306164,0.8182252235710621,0.004341997355375776,1.1239303017858553,0.15239991726751687,0.3635891446091491,1.1239303017858553
0.13764069136232138,0.39783027302473783,0.07180799543857574,0.15656088944524527,0.3153756307438016,0.6814097100868821,0.002706652981269983,1.122357197044682,0.18634781707728057,0.2691100745436009,1.122357197044682
0.14637889061123133,0.37232004292309284,0.5728236827999353,0.30866734124720097,0.2748681865632534,0.8388717947527766,0.002143819189078206,1.1222519055740228,0.17687695677266277,0.2750146383709106,1.1222519055740228
0.17279955744743347,0.5564635116606951,0.22400000132620335,0.14111971855163574,0.30978665221482515,0.8283742656931281,0.0017266287276446967,1.1213391396081749,0.16763102816222478,0.2371747079916237,1.1213391396081749
0.2791617829352617,0.42258156184107065,0.1710965372622013,0.13270418532192707,0.3492375649511814,0.7325912928208709,0.0018123258909251807,1.1212078087802926,0.16281481752540278,0.24768944210341584,1.1212078087802926
0.19327989034354687,0.38718196749687195,0.24951835069805384,0.35703605972230434,0.36277582310140133,0.6652950774878263,0.0028947375587230913,1.121087870781358,0.19997678459776488,0.25369624291081994,1.121087870781358
0.3724848246201873,0.5170975616201758,0.2778752688318491,0.38341093342751265,0.3355838628485799,0.7860272629186511,0.00328303597340991,1.119643080797073,0.18085831401026595,0.2733654999314885,1.119643080797073
0.04486498236656189,0.401808412745595,0.011866231448948383,0.2592641171067953,0.3964831717312336,0.9086937187239528,0.0003057477766696676,1.1167960485736304,0.12366488369902058,0.21308634219130154,1.1167960485736304
0.15977189783006907,0.49107871670275927,0.8591415388509631,0.3239362854510546,0.35482297744601965,0.8961830949410796,0.001756973152953142,1.1165519514610251,0.1724570439189811,0.2655610043637282,1.1165519514610251
0.04218744765967131,0.48345761001110077,0.04453771002590656,0.14232524298131466,0.3530242331326008,0.6526332749053836,0.0012872569463413478,1.1157047748379951,0.16486919460586244,0.3070484583057088,1.1157047748379951
0.055234513245522976,0.523802638053894,0.5590481283143163,0.1752616073936224,0.28141430858522654,0.8463363396003842,0.0019205325698941117,1.1151247738280794,0.1652217626658681,0.2635304960064308,1.1151247738280794
0.21383957844227552,0.41134537011384964,0.6092974506318569,0.2902233311906457,0.28176058921962976,0.709929971024394,0.0028141573656183623,1.1139883551358467,0.1844120366745324,0.30634747313181454,1.1139883551358467
0.029235168360173702,0.5436651986092329,0.4343335749581456,0.3693345710635185,0.3341633025556803,0.6488984078168869,0.005057996280223504,1.1139539695938294,0.19509932356767606,0.3223182547817756,1.1139539695938294
0.004795943386852741,0.47483726032078266,0.14464936591684818,0.48262835294008255,0.29783044196665287,0.7919016359373927,0.005015803930579476,1.1136542058574037,0.20008292730161525,0.313326920296952,1.1136542058574037
0.183808583766222,0.4288109699264169,0.5941453324630857,0.4017962347716093,0.32084211334586143,0.8601843724027276,0.002360733411884332,1.1131006419515201,0.19201546364409944,0.2944654140977713,1.1131006419515201
0.14606823772192,0.5129117332398891,0.849451744928956,0.33766414038836956,0.32347588799893856,0.6666125450283289,0.0035876735128842372,1.1130489577352563,0.19092238099663525,0.3280798076330662,1.1130489577352563
0.16166754718869925,0.43260765075683594,0.7081983704119921,0.2915458530187607,0.38371293991804123,0.8910072231665254,0.0005376379564932233,1.1128485847872174,0.1594250176436086,0.24823598391650561,1.1128485847872174
0.08253440167754889,0.3201556606218219,0.03666931018233299,0.20525596756488085,0.30266943853348494,0.868553040549159,0.0011188520888796613,1.112150906954121,0.16758472156344495,0.21390359048000213,1.112150906954121
0.05354851204901934,0.5882326485589147,0.5887691089883447,0.41171508468687534,0.3407040061429143,0.8008266622200608,0.0033536204693542194,1.1104890912259076,0.19640657777185694,0.3084999077678293,1.1104890912259076
0.08296712301671505,0.5543791996315122,0.2605295889079571,0.17966253403574228,0.3512142086401582,0.6337612932547927,0.0014659897915935177,1.1104616698472656,0.17001841517619293,0.28931703457219343,1.1104616698472656
0.2578752301633358,0.48925684951245785,0.7528497539460659,0.27352387830615044,0.3661822499707341,0.8712520990520716,0.0007563427462764659,1.110276198930479,0.15709889122469967,0.2621140882711973,1.110276198930479
0.14753684680908918,0.3268838953226805,0.17164405342191458,0.24712229147553444,0.4155561048537493,0.8164236657321453,0.0002525049599782116,1.1102088400625179,0.136494215193281,0.17636260692250938,1.1102088400625179
0.12243624962866306,0.38823575526475906,0.015111136250197887,0.11455411557108164,0.3477292684838176,0.830753069370985,0.002274297554385896,1.1099214766095862,0.14954288302880156,0.2990178818499841,1.1099214766095862
0.046586002223193645,0.6092641083523631,0.8642531409859657,0.23204067908227444,0.378652123734355,0.7340304916724563,0.0005928469069459381,1.1098196314148658,0.14045803883338293,0.2773376236131199,1.1098196314148658
0.022597312927246094,0.3447963409125805,0.9167109476402402,0.41520584747195244,0.29286199528723955,0.7867244370281696,0.005386257617920721,1.1094423776593223,0.21441581719182953,0.289998934506165,1.1094423776593223
0.07850374560803175,0.30474051274359226,0.8693185523152351,0.36138723883777857,0.35023794509470463,0.8473716666921973,0.0032364877979475758,1.1093168165175455,0.20461966669287285,0.2886071831123875,1.1093168165175455
0.36261405143886805,0.41864965856075287,0.3719388470053673,0.3148947088047862,0.39343895949423313,0.776811758056283,0.0012612900963108976,1.1082779343200677,0.16261939491425445,0.20137172527014813,1.1082779343200677
0.19102294370532036,0.5619500121101737,0.3161203768104315,0.20375659316778183,0.2903186995536089,0.6930272104218602,0.0013887212814992411,1.1078779483698593,0.18287361572931604,0.21272524345263055,1.1078779483698593
0.20094150211662054,0.4556081099435687,0.7884614700451493,0.3670486668124795,0.3780047055333853,0.8398120366036892,0.0011909390633820344,1.1075601444857717,0.18353398584119415,0.27052522460863826,1.1075601444857717
0.09287098050117493,0.21397501602768898,0.30077942553907633,0.22814043704420328,0.33279072586447,0.832028086297214,0.003210795146201611,1.1074522992199385,0.18684101370494322,0.26623641158452754,1.1074522992199385
0.18619634490460157,0.4572322126477957,0.6266755955293775,0.3046864653006196,0.3978360006585717,0.7012866269797087,0.0009526532440315983,1.1070793350881651,0.1513062073874444,0.3045870337528364,1.1070793350881651
0.20099862851202488,0.3415728872641921,0.5145306056365371,0.20121847931295633,0.35236193146556616,0.6907507106661797,0.002431578275177045,1.1070748907608725,0.18015065538415465,0.2750965514598886,1.1070748907608725
0.07191306352615356,0.47894568368792534,0.22116943821310997,0.27314562909305096,0.2832952179014683,0.9320428101345897,0.0025554984693616505,1.1070667586105005,0.05423696347040575,0.2009892507734694,1.1070667586105005
0.18450704962015152,0.5318829184398055,0.4935886934399605,0.20617342833429575,0.37610096763819456,0.8781557027250528,0.0003245514986331343,1.1059367928664516,0.14708911651756143,0.20113451505145583,1.1059367928664516
0.09215129539370537,0.29186516627669334,0.27367521170526743,0.2592208869755268,0.36470915097743273,0.6453433213755488,0.0036442464817809956,1.105415158755596,0.19904806197604377,0.27843885184898526,1.105415158755596
0.241828097961843,0.3128765681758523,0.7795330081135035,0.31629832088947296,0.3253564490005374,0.8185957642272115,0.0036054042123368,1.1053661062327407,0.19843991657380156,0.299760308839032,1.1053661062327407
0.04670529719442129,0.39143568370491266,0.8615467008203268,0.29844791628420353,0.3068430991843343,0.6314524356275797,0.0057053494964981015,1.1046364647642644,0.2151598174431987,0.33259072955676405,1.1046364647642644
0.09666637238115072,0.44950394704937935,0.25083979684859514,0.16165209282189608,0.32012663781642914,0.9295264426618814,0.0012607515921216476,1.1045203568809663,0.13748906448293854,0.22366818952435294,1.1045203568809663
0.2437683492898941,0.33075668569654226,0.37126568984240294,0.30529012251645327,0.34274547919631004,0.6732042292132974,0.0038195027000939314,1.1043358947845028,0.2006417600989555,0.2601418913769481,1.1043358947845028
0.2008214769884944,0.5446644509211183,0.7828597342595458,0.16783091146498919,0.3072351263836026,0.7995964298024774,0.00189361914276302,1.1043335767766917,0.1702593353447517,0.28468913854728933,1.1043335767766917
0.35224654246121645,0.3646546648815274,0.40096649434417486,0.280453160405159,0.3687437744811177,0.7252938440069556,0.001353404110485727,1.1038975775250424,0.17266519992505652,0.2148193061680258,1.1038975775250424
0.07373430486768484,0.4705489119514823,0.9027322670444846,0.29621744342148304,0.3884986760094762,0.6547336969524622,0.0023515066309482036,1.1034359997310517,0.17058659505086,0.34609992060604544,1.1034359997310517
0.2607069117948413,0.3206015881150961,0.2013906529173255,0.34460405446588993,0.2947187665849924,0.7456652978435159,0.002836105056966231,1.1029484377446757,0.1946707671858964,0.22413260050184347,1.1029484377446757
0.07356326468288898,0.462445929646492,0.5070000002160668,0.2096465528011322,0.39346560277044773,0.9115478359162807,0.00017648017287227443,1.1024518568817256,0.13153020123906767,0.22097601121833102,1.1024518568817256
0.15947754308581352,0.45166649110615253,0.7388156400993466,0.17411711812019348,0.36369531601667404,0.6705905804410577,0.0005839620393710402,1.1023260604671292,0.167835889547917,0.3013119344382697,1.1023260604671292
0.21581599861383438,0.34994805697351694,0.7466888232156634,0.2361790193244815,0.29002903308719397,0.8237356878817081,0.0018712144662185364,1.1016780125282708,0.1886978190134629,0.2640740464564006,1.1016780125282708
0.12972197495400906,0.5326989777386189,0.21163619868457317,0.24803107045590878,0.24652939103543758,0.7333784969523549,0.0018964101194922462,1.1015682807685447,0.17549415773657093,0.23663208364720106,1.1015682807685447
0.19261937867850065,0.42592456843703985,0.34844744112342596,0.14491621032357216,0.35571950767189264,0.8929341658949852,0.0006527360459359926,1.10070463866391,0.15230547475055703,0.22582553868111271,1.10070463866391
0.1147052962332964,0.6216926667839289,0.458849661052227,0.21739777456969023,0.31535141449421644,0.8524972079321742,0.0009961210971507995,1.1003427738798293,0.17237510686877683,0.20867839605854213,1.1003427738798293
0.0365338483825326,0.4189818473532796,0.07328077964484692,0.3821518663316965,0.27120111882686615,0.698142952285707,0.005237813327650537,1.099951075484549,0.20444442959080636,0.305379113370058,1.099951075484549
0.3214847156777978,0.31089077331125736,0.3178791804239154,0.3655239958316088,0.34066865500062704,0.7565873069688678,0.003947257522708871,1.0998056011658093,0.20057303628698558,0.24577509672793732,1.0998056011658093
0.02890542708337307,0.3406347781419754,0.14406239707022905,0.28114792332053185,0.2542903274297714,0.8534149611368775,0.002034412774680546,1.099426961356797,0.17874197682763765,0.22596039798216294,1.099426961356797
0.45558373909443617,0.39940636418759823,0.15843944530934095,0.2681885212659836,0.33870672807097435,0.8077742960304022,0.0038702209482664816,1.0992067992561205,0.17973573775683968,0.28057285405575555,1.0992067992561205
0.44674606807529926,0.45156924333423376,0.3573832903057337,0.2404000861570239,0.3382627237588167,0.8420915668830276,0.0030158717373838136,1.099036974187822,0.1743049562022523,0.2729787580350245,1.099036974187822
0.3581134807318449,0.42776286974549294,0.25966883450746536,0.19509784318506718,0.3612649468705058,0.8708718167617917,0.0006379437621931632,1.0986629315994645,0.16428996687141947,0.2275503658580031,1.0986629315994645
0.2992064440622926,0.4778757095336914,0.5177915254607797,0.14645824301987886,0.3310693437233567,0.7434094389900565,0.0021039522030772088,1.098029023894062,0.1617765781082604,0.30338581110911866,1.098029023894062
0.024813666008412838,0.4183196546509862,0.7242602920159698,0.2559335306286812,0.43449653685092926,0.7300664000213146,0.0004946927666995985,1.0976051071664146,0.14530777471679696,0.3282798806643213,1.0976051071664146
0.27720087114721537,0.3631221130490303,0.05885212402790785,0.3428163006901741,0.3573229257017374,0.8626512112095952,0.001071698959968637,1.096928009805233,0.1854343845493203,0.2373074215624375,1.096928009805233
0.042257772758603096,0.6557247620075941,0.25280636735260487,0.23868702538311481,0.30782091431319714,0.8572641927748919,0.0010755215689276442,1.0964745172548274,0.17667983446059332,0.20470929763384405,1.0964745172548274
0.21965863090008497,0.4768257336691022,0.37081509456038475,0.4465900072827935,0.3539064284414053,0.7366396887227893,0.0018233475723165222,1.0964164123398832,0.1905502137227021,0.2594753148002359,1.0964164123398832
0.11822420917451382,0.40124158281832933,0.20222551003098488,0.313489256426692,0.3198056798428297,0.9557558400556445,0.0021104093401656987,1.0960884583424744,0.14679080215246537,0.20875870841519298,1.0960884583424744
0.021496140398085117,0.1875228276476264,0.38082196563482285,0.2854844108223915,0.34892753697931767,0.8159151189029217,0.00434890530956499,1.0952769103016002,0.20288909669412886,0.2980334995868458,1.0952769103016002
0.05485915672034025,0.32859246525913477,0.6332898316904902,0.296257421374321,0.35679398849606514,0.9142111632972956,0.0012055546348284784,1.0950871097396728,0.1633479714258267,0.25408303400627613,1.0950871097396728
0.05862604733556509,0.39911969285458326,0.3487036442384124,0.2024779375642538,0.4481558231636882,0.7668902212753892,0.00044368314428130934,1.0943204197323284,0.11964020600981541,0.24859142916979313,1.0943204197323284
0.05564054660499096,0.3517092000693083,0.7687529893592,0.20959539897739887,0.3616994945332408,0.6437709592282772,0.002574007325296134,1.0941591278992129,0.1967713371271699,0.3110628834773048,1.0941591278992129
0.08406025264412165,0.635846515186131,0.6934588989242911,0.2023323019966483,0.30916610173881054,0.7650092504918575,0.0013468984573574338,1.0939104611236614,0.17856210625038338,0.27804295320176436,1.0939104611236614
0.13728334195911884,0.4450286477804184,0.5752322049811482,0.4509290438145399,0.2948372717946768,0.77348677162081,0.0033487619566406335,1.0937763036398171,0.1959784807852124,0.3233123452456756,1.0937763036398171
0.010155180469155312,0.4027149975299835,0.35327712446451187,0.2511270400136709,0.3310961062088609,0.5696719223633409,0.00390857861619228,1.0932895861004146,0.21279494491727077,0.33682548209001834,1.0932895861004146
0.22555975336581469,0.4105447456240654,0.18874280620366335,0.4144971249625087,0.3846313813701272,0.7417167918756604,0.0013477992981840265,1.0927387488996119,0.19068323165965365,0.20050388668379998,1.0927387488996119
0.05312321800738573,0.5496218437328935,0.44253996200859547,0.2987966099753976,0.2937153810635209,0.9207542529329658,0.002519255087542421,1.0919370956965535,0.13642137327714962,0.21905750765747836,1.0919370956965535
0.1723820948973298,0.3219313435256481,0.4474054370075464,0.2395872212946415,0.3588371118530631,0.6580661591142416,0.0024176313799040565,1.0910772488775162,0.19186879090060674,0.2684633173916745,1.0910772488775162
0.24345116782933474,0.35442016273736954,0.22596657741814852,0.18885730858892202,0.31421885918825865,0.8850182658061385,0.0008181508019636458,1.0909464678494278,0.16819473188515488,0.18699005034417346,1.0909464678494278
0.07788143865764141,0.36893669329583645,0.6147910710424185,0.4089773269370198,0.31784304324537516,0.8816539729014039,0.0021449082821186917,1.0903502789000104,0.20394620062232058,0.2786179071497866,1.0903502789000104
0.2374450471252203,0.3588141007348895,0.5674982545897365,0.3889903472736478,0.36080943141132593,0.7472037188708782,0.0024086208323675137,1.0896921021487234,0.19941781615741505,0.28289233144098336,1.0896921021487234
0.0070166392251849174,0.24569885525852442,0.3667481429874897,0.27686632610857487,0.2865049336105585,0.6988915354013443,0.0065613079670764855,1.0896307626179365,0.21070559368434952,0.27969090620847153,1.0896307626179365
0.06961488164961338,0.4384730653837323,0.7765048025175929,0.1457024598494172,0.295839536935091,0.8653207356110215,0.001443197517356082,1.088910518152683,0.17320899443278268,0.2790050669918769,1.088910518152683
0.2863761568441987,0.5955333122983575,0.8403077367693186,0.2725323075428605,0.3214028896763921,0.7788042277097702,0.0016065680946927977,1.088842124352863,0.16610698822513545,0.28403750030325253,1.088842124352863
0.35231735929846764,0.5049505932256579,0.17755918111652136,0.3700903542339802,0.29283808823674917,0.7726369258016348,0.001851311221722252,1.0885005801162033,0.1834912488093977,0.2535963024887383,1.0885005801162033
0.12029743939638138,0.561138398014009,0.4251021333038807,0.4457507347688079,0.3106762683019042,0.8108944734558463,0.002392102595391958,1.0878806843483602,0.19446069136353716,0.27961260349117006,1.0878806843483602
0.09783824626356363,0.3041736576706171,0.008677158504724503,0.12951162178069353,0.32866665069013834,0.7673232760280371,0.004230321964224858,1.087565464372961,0.17995713849832295,0.29388643739617454,1.087565464372961
0.09195840824395418,0.5885295737534761,0.054179065860807896,0.3561052232980728,0.2883151834830642,0.8489138875156641,0.002086313480655027,1.08685194417624,0.18549636216107793,0.2554703290364893,1.08685194417624
0.0004128478467464447,0.44649500399827957,0.45238237362354994,0.2846943410113454,0.26236075162887573,0.6425449270755053,0.005080013897837209,1.0868392767077428,0.20142056054364432,0.3254578545373035,1.0868392767077428
0.19648065231740475,0.2833187486976385,0.32935755234211683,0.3575967298820615,0.30821103416383266,0.7124203080311418,0.0037931140774763753,1.0867196405397173,0.20697243827125644,0.24580918517953582,1.0867196405397173
0.17147452011704445,0.3446294106543064,0.8381908005103469,0.173815849237144,0.3091302886605263,0.7171970214694738,0.002819623859492256,1.0865128392547638,0.2002179850126131,0.27568196549254437,1.0865128392547638
0.13564583007246256,0.4641114380210638,0.48777463380247355,0.1888979123905301,0.4075142312794924,0.6836786335334182,2.0297837587953984e-05,1.0862292187578566,0.12388566322483545,0.28123051509346625,1.0862292187578566
0.19438780192285776,0.29765738546848297,0.8001248706132174,0.2708267271518707,0.28934183809906244,0.7957961754873395,0.002624795130525108,1.0861055394981556,0.19727270733411045,0.2718782026465343,1.0861055394981556
0.21543672401458025,0.3032743651419878,0.24228805862367153,0.4026251006871462,0.3202108256518841,0.7288160808384418,0.003893599280844547,1.086060623286754,0.2079153848100128,0.24280881173171912,1.086060623286754
0.22883825469762087,0.45858798269182444,0.5649628974497318,0.3745131650939584,0.3182635111734271,0.6857267525047064,0.0027048336479165813,1.0858653989076739,0.19434735619349286,0.3180551961645228,1.0858653989076739
0.13904451671987772,0.5895287143066525,0.6661328701302409,0.18487482238560915,0.3237653896212578,0.7030948055908084,0.0012673724798261663,1.0856300380989343,0.17529338462747046,0.2923519977734004,1.0856300380989343
0.18888944201171398,0.5122833726927638,0.9129798514768481,0.26731674931943417,0.40012287721037865,0.7135516572743654,0.000381136986235543,1.085262289055204,0.1184203129656929,0.2891683673723099,1.085262289055204
0.21105364337563515,0.2749168798327446,0.4094008496031165,0.3300515478476882,0.3708167430013418,0.829413597472012,0.0011038940411235126,1.0849289110156881,0.1908171863100577,0.22101460258158767,1.0849289110156881
0.11274462286382914,0.6874482734128833,0.3190192421898246,0.2563062021508813,0.3228301526978612,0.7397602880373597,0.0015962546160807802,1.0846928845239376,0.1740097344481348,0.2702691123137058,1.0846928845239376
0.11355025228112936,0.24721616134047508,0.20444341748952866,0.33950413949787617,0.29791433829814196,0.8420543987303972,0.0025810218730474717,1.0840383071335764,0.20277143142455117,0.23001618697485596,1.0840383071335764
0.13103728368878365,0.4945392720401287,0.3635062323883176,0.3701737355440855,0.25235555600374937,0.8324675746262074,0.0018113522952762251,1.0828108344245917,0.17693645246448933,0.23663483449405043,1.0828108344245917
0.04757251124829054,0.6971573596820235,0.20028587710112333,0.2664839709177613,0.3081093281507492,0.7584944544360042,0.0021224806586849893,1.0827404252537016,0.18006432248945228,0.2732780850953513,1.0827404252537016
0.004248608835041523,0.3893509563058615,0.7615415835753083,0.36948105972260237,0.31332513503730297,0.9220946924760938,0.002381071122715986,1.0823406999994083,0.19470890920146577,0.2669062025395235,1.0823406999994083
0.06785017997026443,0.31649633683264256,0.3249229770153761,0.26954827923327684,0.35446180775761604,0.9479323513805866,0.0011828909024218593,1.0823141817547781,0.1422606746048425,0.19240442725326085,1.0823141817547781
0.0979958325624466,0.5693378485739231,0.288720328360796,0.22000639978796244,0.2527149496600032,0.718873961828649,0.0017207180433502448,1.0817024224036793,0.18956151598220441,0.22025983733748683,1.0817024224036793
3.657583147287369e-05,0.4002713290974498,0.9489629548043013,0.07626249268651009,0.34735217969864607,0.7970917392522097,0.003953246962661824,1.0816238746679196,0.1662550140089175,0.35671787831795326,1.0816238746679196
0.419200686737895,0.5628560511395335,0.38030619639903307,0.3016539057716727,0.3320863554254174,0.7964876089245081,0.00210045059375673,1.0814819232970745,0.17284379142407733,0.2590640116317092,1.0814819232970745
0.19480574131011963,0.5631898324936628,0.5274316091090441,0.3598802126944065,0.3691537780687213,0.7182330898940563,0.0011786264741054573,1.081233295297038,0.16817403934921724,0.26727588496873633,1.081233295297038
0.16620949283242226,0.2333964230492711,0.045094999484717846,0.2355413306504488,0.3266291217878461,0.7534932782873511,0.004536352157143387,1.0812087972488476,0.19704156232085765,0.289011481265122,1.0812087972488476
0.0001012282446026802,0.6809547003358603,0.21921426337212324,0.3186684185639024,0.34265906549990177,0.8441544128581882,0.0022209683896314476,1.0808616766998873,0.19737347094495916,0.24979078570959057,1.0808616766998873
0.25021654088050127,0.4160623522475362,0.21292411163449287,0.2522883964702487,0.38140991050750017,0.6392715200781822,0.0006941439543604251,1.0807600009139058,0.17465991390884864,0.2700236654394532,1.0807600009139058
0.06370405945926905,0.46488388162106276,0.16146292444318533,0.40001352317631245,0.40851670503616333,0.7051240419968963,0.0019771871878931594,1.0801732021677306,0.18455779426307295,0.23880759490370357,1.0801732021677306
0.027298138476908207,0.3832960342988372,0.8280568886548281,0.34072208032011986,0.2456039022654295,0.804812990128994,0.0032933228888192517,1.0798954649990937,0.20193951115748074,0.2892039099157322,1.0798954649990937
0.14441783167421818,0.43572245817631483,0.7127766581252217,0.22361727058887482,0.26666087098419666,0.6938153887167573,0.002333608271675599,1.0797817257684035,0.19780861828588261,0.2957357312219415,1.0797817257684035
0.1048180852085352,0.20743151381611824,0.5636731879785657,0.2803208129480481,0.346611687913537,0.7831706870347261,0.004899245242021736,1.0795768699439912,0.20230607344193158,0.32843954825719335,1.0795768699439912
0.11127609200775623,0.4965226287022233,0.6374249774962664,0.1589208049699664,0.41421970073133707,0.7764714201912284,0.00016993219922324952,1.079461757291507,0.11697311264877067,0.2673944198709154,1.079461757291507
0.24710257817059755,0.5908934250473976,0.7624967535957694,0.24748210329562426,0.34372281935065985,0.8379580760374665,0.0014148949647125554,1.0794290227069516,0.16759040275036952,0.26966349030938586,1.0794290227069516
0.2151995338499546,0.5454024598002434,0.5708685414865613,0.35736545640975237,0.3491713274270296,0.8759855134412646,0.0016772701678110418,1.0785508574324485,0.187585688421198,0.2620950649193342,1.0785508574324485
0.4019700977951288,0.37880046386271715,0.019730674102902412,0.21818399522453547,0.35485736932605505,0.7926378855481744,0.0019233299115956478,1.0784559800706324,0.17417393369115053,0.278225813022801,1.0784559800706324
0.37791936565190554,0.5251319203525782,0.8050952479243279,0.28808020800352097,0.3462645672261715,0.805627005174756,0.002357725713934115,1.0781156055290786,0.15857651599758305,0.30150188576499454,1.0781156055290786
0.07545174285769463,0.3961629243567586,0.9353951588273048,0.17927022464573383,0.3606647374108434,0.9069594759494066,0.0004282927640738686,1.0778453252578004,0.1582927716702937,0.25255502411473396,1.0778453252578004
0.12046027276664972,0.32703728321939707,0.15237853303551674,0.419574904255569,0.35587936360388994,0.7029049601405859,0.003983469004520957,1.0773414425643688,0.216728378942769,0.25032250237086,1.0773414425643688
0.12705668527632952,0.4354838151484728,0.9226919403299689,0.2840004712343216,0.3262691395357251,0.6149777499958873,0.0037524146453902047,1.0771040723125194,0.2095098945661576,0.33907400642158625,1.0771040723125194
0.1167025649920106,0.4692611386999488,0.299605255946517,0.41999055445194244,0.28568862099200487,0.6865309486165643,0.002903131226345226,1.0770538552495321,0.19954975619976925,0.259085029428101,1.0770538552495321
0.23953046649694443,0.49691295716911554,0.20599252823740244,0.3077810313552618,0.27157793566584587,0.6890710946172476,0.001726140264679308,1.0770278680968846,0.18452359056974837,0.2494537847441384,1.0770278680968846
0.006264275871217251,0.26011104229837656,0.3401375748217106,0.2455379730090499,0.2547027450054884,0.7622144743800163,0.003720122242500487,1.0769015365449974,0.20693692317275114,0.2378065624503246,1.0769015365449974
0.07820882834494114,0.5707556195557117,0.5834131762385368,0.27328713703900576,0.3016912639141083,0.6427313443273306,0.0031636660171022496,1.0767712317703513,0.19436533778156773,0.3385711685379791,1.0767712317703513
0.038979518227279186,0.31387571059167385,0.37827272713184357,0.14261912275105715,0.28283313289284706,0.7310039512813091,0.00267126470067778,1.0761476242942594,0.19938658327098208,0.22051206648361416,1.0761476242942594
0.16744864732027054,0.2805082695558667,0.005785810761153698,0.2674452355131507,0.3591560432687402,0.6921099340543151,0.0036497572265679567,1.0757323718568141,0.19866113264193971,0.30449006829493047,1.0757323718568141
0.0846576513722539,0.4406677819788456,0.6113898018375039,0.33115360978990793,0.3612307934090495,0.9432280538603663,0.0016830872439459008,1.075658995040974,0.17433449005168625,0.2684434989172701,1.075658995040974
0.03654170781373978,0.5028486140072346,0.5715797813609242,0.3034811010584235,0.4405738562345505,0.7520319018512964,0.0012021272080329683,1.0756297588817403,0.14776808563827554,0.3320841713037898,1.0756297588817403
0.11267992481589317,0.5475991731509566,0.10857997927814722,0.18714354280382395,0.4075385071337223,0.8565681101754308,0.00015641646332225278,1.0752845040999028,0.14411051426869054,0.1693237965278384,1.0752845040999028
0.10022902674973011,0.40241944417357445,0.13590860273689032,0.35130432341247797,0.24693669192492962,0.8385347481817007,0.0018988693937790652,1.07515754516763,0.18616539576699498,0.24601885792841685,1.07515754516763
0.13757562823593616,0.27361857052892447,0.3437934648245573,0.27492839004844427,0.4152371697127819,0.7825965853407979,0.0008003468893568074,1.0750063822401323,0.16943417833141822,0.20781029756653582,1.0750063822401323
0.18618894554674625,0.6209392985329032,0.12884937785565853,0.38128216192126274,0.3144002864137292,0.7567722527310252,0.0016939264139278745,1.0732339108636777,0.19396740726885423,0.25173408546274684,1.0732339108636777
0.25463798362761736,0.5418751668184996,0.8783466052263975,0.37349803280085325,0.3557820236310363,0.7475104965269566,0.0014014988220915515,1.0732307305369957,0.17352498714403938,0.2864801447275571,1.0732307305369957
0.024878719821572304,0.2842573234811425,0.9493677699938416,0.18727439641952515,0.3351386124268174,0.8625070825219154,0.002321819850018044,1.073138502801427,0.1892707367330195,0.2675576277693502,1.073138502801427
0.3135183798149228,0.4842758299782872,0.9266462298110127,0.20885097701102495,0.3197715263813734,0.8561169179156423,0.0016501158685785335,1.0726988125975003,0.17691874086791257,0.2744064757573222,1.0726988125975003
0.21683266200125217,0.3336299853399396,0.02518751285970211,0.2976303594186902,0.3984904149547219,0.8325385404750705,0.0005070150177256418,1.0726395033175558,0.16486555425980925,0.21823183856466472,1.0726395033175558
0.02805220987647772,0.24789780657738447,0.6843466758728027,0.393159918487072,0.3230511909350753,0.7646552780643106,0.006814511288172962,1.072597431390494,0.2282298000184693,0.31732462235584113,1.072597431390494
0.18381596822291613,0.5243876799941063,0.09583107195794582,0.2918742699548602,0.40439846739172935,0.6798304133117199,0.0006085340543494946,1.0724290251373736,0.14779570063914205,0.28257899382500107,1.0724290251373736
0.29647241812199354,0.37171509116888046,0.8267200877889991,0.16563013568520546,0.3396576130762696,0.7512913085520267,0.003154581575900745,1.071666255844601,0.18579420040787428,0.29176319658553784,1.071666255844601
0.11121872719377279,0.3625480430200696,0.9113552533090115,0.2767774788662791,0.3163263648748398,0.6286348504945636,0.0039802624656489986,1.0708475927914636,0.21830841049714025,0.31704640800496436,1.0708475927914636
0.05274319741874933,0.4510745359584689,0.4413403384387493,0.2323912950232625,0.39579694904386997,0.945209326222539,0.00033166769278876907,1.0707675657586597,0.13566580364569175,0.22054980944560923,1.0707675657586597
0.01857509184628725,0.5060776537284255,0.5679926592856646,0.2428691079840064,0.33864707686007023,0.5820584092289209,0.0035902998226268867,1.0705768092833652,0.20272349746642934,0.38080444141202524,1.0705768092833652
0.012344942428171635,0.4766749609261751,0.3207878014072776,0.1502926256507635,0.42142623011022806,0.8687264481559396,0.00028590440668962666,1.0705646238253144,0.13637101198988996,0.2235369395625984,1.0705646238253144
0.05528442095965147,0.30561522115021944,0.2731412798166275,0.4328041924163699,0.27878326177597046,0.7997710220515728,0.0035025105222497876,1.0697039640750412,0.21193175181243692,0.2360030230797432,1.0697039640750412
0.13832799904048443,0.22844506707042456,0.3240154068917036,0.24356945045292377,0.3833109363913536,0.724896271713078,0.0016477818452946425,1.069615162612631,0.18638170970966328,0.2528323399410893,1.069615162612631
0.24188528396189213,0.4523203643038869,0.554437804967165,0.24433936923742294,0.4129944909363985,0.7174014979973435,7.791192805094986e-05,1.0692005012601422,0.12540209943750857,0.27357351192495,1.0692005012601422
0.0945400195196271,0.3209316087886691,0.8352076560258865,0.28588605020195246,0.2536916881799698,0.7611604249104857,0.0032341961741465543,1.069025147329913,0.20468997182863855,0.27726371691915724,1.069025147329913
0.010079512372612953,0.540011833421886,0.300419257953763,0.5003322325646877,0.3187704151496291,0.7331343563273549,0.0031624169772179163,1.0687234555282372,0.2071203067397431,0.3187375861827567,1.0687234555282372
0.3705813139677048,0.4865798903629184,0.6603937894105911,0.33613022044301033,0.34622768498957157,0.7282723411917686,0.00228760237169628,1.0682289921621675,0.17403286129817583,0.3094124179894041,1.0682289921621675
0.0025390302762389183,0.5831795008853078,0.2892237426713109,0.0810906495898962,0.3542813342064619,0.8183734863996506,0.0016344571507485792,1.0680602812269664,0.15722590783015505,0.28630784368511275,1.0680602812269664
0.16957329772412777,0.47270966600626707,0.26349724270403385,0.29765213187783957,0.3676915243268013,0.5964985145255923,0.001884130151387647,1.0679471868547357,0.1921910252923768,0.3356209423594978,1.0679471868547357
0.03904416225850582,0.4513207171112299,0.1668491493910551,0.2928355308249593,0.44762123841792345,0.863463468849659,0.0005627470962471712,1.0679124236209814,0.16591981300146488,0.2571744086459425,1.0679124236209814
0.008375884033739567,0.5004641907289624,0.3894898500293493,0.11099610943347216,0.3021628623828292,0.8912846548482776,0.0011825284634829339,1.067880736746042,0.16317652309605454,0.2520584868729506,1.067880736746042
0.18564161099493504,0.5189141584560275,0.7775819199159741,0.2675849562510848,0.2986454563215375,0.9025825606659055,0.0014572880078256006,1.0678448078264025,0.15339833892640056,0.24704736751075412,1.0678448078264025
0.25015946477651596,0.2863906780257821,0.4878374729305506,0.18310664873570204,0.3567597158253193,0.7717236541211605,0.0017626230008171253,1.0677252274974476,0.18012019132501997,0.24933627626430568,1.0677252274974476
0.22183355409651995,0.24013816379010677,0.14857801981270313,0.3095478443428874,0.37499058805406094,0.768630363047123,0.0019585047977286416,1.0675037659214468,0.19672785180380115,0.23946061707323402,1.0675037659214468
0.024522333405911922,0.3630413506180048,0.44594839587807655,0.4554060185328126,0.3048957232385874,0.7060339972376823,0.005090009205616558,1.0673747626590073,0.21930918167624722,0.29198183837277314,1.0673747626590073
0.08617132436484098,0.5220018913969398,0.38822005689144135,0.2632820922881365,0.44191987812519073,0.8443473763763905,0.0003192981915468519,1.0671063966491139,0.15636932918115615,0.25409935491116187,1.0671063966491139
0.051053935661911964,0.5561189595609903,0.682826385833323,0.25887825805693865,0.3779640942811966,0.6355051901191473,0.0014625913523243395,1.0669122424087785,0.1685960824346472,0.3580034369001166,1.0669122424087785
0.1296334657818079,0.5533646810799837,0.8981182482093573,0.3496722988784313,0.2608091440051794,0.7834816481918097,0.0019948223356737117,1.066893387532363,0.19080670312513562,0.2731043797918531,1.066893387532363
0.3746072016656399,0.38828648068010807,0.4957132674753666,0.24226147681474686,0.29859826248139143,0.7373682791367173,0.002023401336993503,1.0667314586683099,0.18434596903075742,0.2541332623513017,1.0667314586683099
0.08988518547266722,0.4989146813750267,0.3233775282278657,0.4744545752182603,0.3421890866011381,0.8844112288206816,0.002557360016005342,1.066619011895106,0.2123495851366015,0.2601545917418037,1.066619011895106
0.032759133726358414,0.6222599791362882,0.2723930263891816,0.1473479000851512,0.3910521203652024,0.7741859657689929,0.0007171791826066404,1.0664914690583824,0.13103079121302286,0.17933067305031553,1.0664914690583824
0.10211604554206133,0.5997620802372694,0.40713319927453995,0.3390273619443178,0.4081025514751673,0.7580733262002468,0.0011983379765599757,1.0662282107885162,0.16384357924852835,0.20977744675813398,1.0662282107885162
0.14162048418074846,0.2525422601029277,0.27069207839667797,0.15253703854978085,0.32249914575368166,0.8142763245850801,0.003066875135340747,1.0654526477029567,0.19260888872022888,0.26153306531060244,1.0654526477029567
0.0007060104981064796,0.48575215693563223,0.0824719937518239,0.21335172560065985,0.2691133236512542,0.9169045276939869,0.0019908037362803984,1.064750519687214,0.13602364785766696,0.21403693547973138,1.064750519687214
0.2211196282878518,0.25404430739581585,0.17567829973995686,0.21492974273860455,0.3420898783951998,0.7072452902793884,0.003352045426740333,1.0641000358692028,0.1980485841447215,0.25044636813679627,1.0641000358692028
0.01038447953760624,0.2924272296950221,0.46391602605581284,0.3135334365069866,0.4140123790130019,0.7235329551622272,0.0036541549174843434,1.0632506061777416,0.19142925181533577,0.2593324130791466,1.0632506061777416
0.25022438541054726,0.5057948119938374,0.7112386142835021,0.4255621116608381,0.32812556345015764,0.8187729613855481,0.003001834941664698,1.0628656912042296,0.19895172638707354,0.3272896963616456,1.0628656912042296
0.11889364384114742,0.48665874544531107,0.8289615577086806,0.4584209518507123,0.304050812497735,0.8206805707886815,0.002807252363698779,1.0622816620150004,0.205282478600266,0.32343615659366426,1.0622816620150004
0.04897631425410509,0.2550588482990861,0.5454140976071358,0.2636699778959155,0.2997815730050206,0.8735719779506326,0.0015153404966271522,1.0617900965095712,0.1936684440112653,0.25281037998140327,1.0617900965095712
0.18181352596729994,0.5828619496896863,0.4617412528023124,0.32408949080854654,0.37268109153956175,0.6854868102818727,0.001178461607319245,1.0615994321275932,0.1660041906358052,0.2720520207071757,1.0615994321275932
0.28667949978262186,0.5091353254392743,0.191127204336226,0.3784090746194124,0.3059079283848405,0.8825037386268377,0.001161398876274825,1.0615933516518834,0.18232325179757414,0.2157123949515175,1.0615933516518834
0.18633270170539618,0.5420027412474155,0.6322658909484744,0.2304686950519681,0.2958149928599596,0.6632111547514796,0.0016180154815548865,1.0613809884686318,0.19456833736835796,0.3012258362355782,1.0613809884686318
0.014578917995095253,0.4886654829606414,0.36862221732735634,0.3075455129146576,0.24134577810764313,0.8918276904150844,0.0022386693080497146,1.0611552744559842,0.15687799786229722,0.2290875089149186,1.0611552744559842
0.5024561984464526,0.4832494016736746,0.13224162720143795,0.2440693872049451,0.3339283261448145,0.7557534109801054,0.002963103094845071,1.0609732251881239,0.17642668088940705,0.2961534345860658,1.0609732251881239
0.07854298688471317,0.3740475093945861,0.5485396655276418,0.3793561775237322,0.24889943841844797,0.7644395567476749,0.0028526013192109105,1.060063780730875,0.20483381690597693,0.2827520730289261,1.060063780730875
0.00885390117764473,0.22782584186643362,0.7711034910753369,0.3447135230526328,0.3034176053479314,0.8093709610402584,0.00530103800388955,1.0600563024088254,0.22826219130912542,0.3105134783649822,1.0600563024088254
0.06950642075389624,0.3907864671200514,0.2809055130928755,0.49280616641044617,0.3143636202439666,0.7107896590605378,0.004196417180866426,1.059804539952148,0.2191012399989489,0.30195406231497984,1.059804539952148
0.021284742280840874,0.40105281863361597,0.294917362742126,0.28866749349981546,0.2272224510088563,0.7023978419601917,0.0035425677085372843,1.058857683596064,0.2000107493059226,0.28365813424171626,1.058857683596064
0.2919937875121832,0.6123053198680282,0.3109486950561404,0.35588445886969566,0.3386812303215265,0.7286353074014187,0.0016161128299041305,1.0586185354687492,0.1872233224196697,0.24131550569873544,1.0586185354687492
0.10250337515026331,0.3995301388204098,0.4122316297143698,0.13199513964354992,0.2738564098253846,0.8451942214742303,0.0014334224522780362,1.0582277159502975,0.18068296408334664,0.22869514887087658,1.0582277159502975
0.15801661368459463,0.6377094388008118,0.31113360077142715,0.2719831857830286,0.39730171486735344,0.8127122884616256,0.0006233316733687431,1.0578826400896422,0.16041058074529713,0.20790862339212138,1.0578826400896422
0.15543500240892172,0.40529824141412973,0.5924218306317925,0.34238928090780973,0.4240021063014865,0.7949969116598368,0.0011005896749226231,1.057274349671499,0.17551435076604624,0.25829349133478297,1.057274349671499
0.16385279223322868,0.5765867838636041,0.4198364606127143,0.20157773792743683,0.4049635697156191,0.7160686524584889,2.523741920861074e-05,1.0571693713263415,0.11868043781446685,0.2067570931662476,1.0571693713263415
0.16148028802126646,0.5441983249038458,0.3244362911209464,0.09657918568700552,0.31374458875507116,0.8472104240208864,0.001237479399775101,1.0569968311893285,0.17563630273542782,0.2844229624977359,1.0569968311893285
0.2560417680069804,0.47478069365024567,0.3447113009169698,0.34707988146692514,0.34879655577242374,0.6360169406980276,0.002219066427551906,1.0569842212794798,0.1946005391658498,0.29539552966109606,1.0569842212794798
0.12535142805427313,0.475208530202508,0.6975417146459222,0.11682488489896059,0.3894492080435157,0.7347747627645731,4.037463128695817e-05,1.0568633161089014,0.12684836072576636,0.281100180137784,1.0568633161089014
0.1561832195147872,0.28914585150778294,0.7308898428454995,0.27997900638729334,0.31917423475533724,0.8883606567978859,0.0013952772152254936,1.0562545003281338,0.1920885196900256,0.2604581831282473,1.0562545003281338
0.323914828710258,0.4553035357967019,0.13849613536149263,0.09675411600619555,0.35248761158436537,0.7820716202259064,0.00201931844442384,1.0560577254644226,0.1690869771682807,0.3035213091910093,1.0560577254644226
0.008081827312707901,0.5548298452049494,0.02109038084745407,0.3831434389576316,0.2913210839033127,0.6676736744120717,0.0044377683737342214,1.0559540104075524,0.2139122830208901,0.3280867985110038,1.0559540104075524
0.004442527890205383,0.4286460215225816,0.6412327950820327,0.1285668620839715,0.34363723639398813,0.6358942715451121,0.002477544200060394,1.0558220370163791,0.19293918198202445,0.3416752339315616,1.0558220370163791
0.10351982992142439,0.41689199209213257,0.8158615184947848,0.3185703903436661,0.41466262098401785,0.8735322635620832,0.000676476438014557,1.055277515666427,0.17939269108091044,0.2525381628765522,1.055277515666427
0.04908549040555954,0.3339667785912752,0.04101816285401583,0.09417212195694447,0.34168229810893536,0.7180413315072656,0.0035571318736452944,1.0552198037553973,0.17841497025577574,0.2956180929184621,1.0552198037553973
0.3505640057846904,0.523203176446259,0.7107044290751219,0.2514905193820596,0.3047453314065933,0.7190538439899683,0.0013633586691938905,1.0550521833119466,0.17769960295934722,0.28595043548698246,1.0550521833119466
0.06377795431762934,0.2534805126488209,0.8831339813768864,0.3260331330820918,0.2876283023506403,0.7298588184639812,0.005311922336818925,1.0548426238099189,0.22243823990360512,0.2957853823159947,1.0548426238099189
0.007996243424713612,0.32066578045487404,0.3074810579419136,0.4819380445405841,0.36728804744780064,0.838073406368494,0.0022075050027356526,1.0546086902921499,0.22521811509571468,0.2638121190315503,1.0546086902921499
0.11092333309352398,0.5031968308612704,0.6352487914264202,0.3737655347213149,0.26721679605543613,0.8614714909344912,0.0016922464980521107,1.0543105289339139,0.1814235988945947,0.2740000553090229,1.0543105289339139
0.005918668583035469,0.3384391386061907,0.8367181504145265,0.3974586557596922,0.3552581937983632,0.6692445054650307,0.005663112999999501,1.0538792196440838,0.23503781006400845,0.3148617496197579,1.0538792196440838
0.27107088174670935,0.5170777142047882,0.8604418057948351,0.3140968466177583,0.2934525227174163,0.864891491830349,0.0011886946453175601,1.0537749611758997,0.17775711502086367,0.2553412473264688,1.0537749611758997
0.20917078666388988,0.37902544625103474,0.7272124290466309,0.14386332966387272,0.3785698190331459,0.8111105086281896,0.00030272296514650623,1.053665852837113,0.16021115275230613,0.27408193343328113,1.053665852837113
0.36877099331468344,0.3271085126325488,0.3524631140753627,0.2822103966027498,0.3063782723620534,0.8578112749382854,0.0010034155313520849,1.053651854265905,0.19210151612845391,0.21645653947528298,1.053651854265905
0.024795695208013058,0.5670909071341157,0.4184286603704095,0.31442481093108654,0.23635633569210768,0.8262768927961588,0.0020527872640123458,1.0534786314598994,0.18609733463297387,0.2581904216521971,1.0534786314598994
0.40384339168667793,0.4528982937335968,0.4206829024478793,0.18586986046284437,0.3836861774325371,0.7953966250643134,0.0008807631259791515,1.0533334692477672,0.15206393600497248,0.22914168584878233,1.0533334692477672
0.1541667776182294,0.4189350800588727,0.1835438571870327,0.1557831959798932,0.25279656518250704,0.7979356991127133,0.0019112267690512214,1.0527726803793398,0.18599733132685586,0.2206595329066644,1.0527726803793398
0.23599179461598396,0.3779822438955307,0.8879917236045003,0.1514094267040491,0.3176983939483762,0.7141543691977859,0.0023130584799703744,1.0523794268415902,0.19901788621290223,0.2877527337075004,1.0523794268415902
0.38746229745447636,0.5111674182116985,0.3383563691750169,0.34130936581641436,0.3606023145839572,0.7027275245636702,0.0011192386633066694,1.0523586933084008,0.17846047748035743,0.24557879695188736,1.0523586933084008
0.034960364922881126,0.5373680712655187,0.1058977460488677,0.4409929867833853,0.3288471279665828,0.9033823776990175,0.00254100000592392,1.0516848271601895,0.20788056786457487,0.24368851399366578,1.0516848271601895
0.3813260989263654,0.3997240597382188,0.09478542394936085,0.33874452859163284,0.38312297128140926,0.8233341705054045,0.0008678054542385116,1.051191948831467,0.18766019609957826,0.22865452011574863,1.051191948831467
0.029227307066321373,0.3782567596063018,0.9360650908201933,0.4488667519763112,0.37572699226439,0.8286496670916677,0.0019678556876078367,1.0509471245814956,0.2205029501258209,0.2931834651084465,1.0509471245814956
0.22338141407817602,0.4991140216588974,0.43345470260828733,0.24707072041928768,0.32134422194212675,0.6116367988288403,0.0017433420539304247,1.0506925141597443,0.19473507567984824,0.30608864738222064,1.0506925141597443
0.16140761133283377,0.26360644679516554,0.6015482414513826,0.3541389349848032,0.3711702283471823,0.800636108033359,0.0020352470017867825,1.0506822915769156,0.20734086015708122,0.2825579064300931,1.0506822915769156
0.28063786029815674,0.3406678605824709,0.35095260478556156,0.39329513628035784,0.3297889977693558,0.6955789588391781,0.0032080695669635577,1.050608244983275,0.21100010947612446,0.25586683603640187,1.050608244983275
0.13287738990038633,0.4772790465503931,0.7716448046267033,0.25042961072176695,0.26731837913393974,0.6592555865645409,0.0023340489633664817,1.0505463461246933,0.20644833748249763,0.30093119695269166,1.0505463461246933
0.26263757050037384,0.3858822649344802,0.09109897166490555,0.17989833652973175,0.2868128754198551,0.850559483282268,0.0009943312961787694,1.0503734886064122,0.18531381328933616,0.21084398466376833,1.0503734886064122
0.4284123172983527,0.5222493354231119,0.07290240004658699,0.20355107262730598,0.33274112548679113,0.8232350004836917,0.0026349899911871444,1.0499220923067831,0.1842150208969548,0.28708469188793617,1.0499220923067831
0.004514854401350021,0.646737840026617,0.4329607728868723,0.3866035155951977,0.346375435590744,0.7143136952072382,0.0031635655528419325,1.0493377641132096,0.2046120372566918,0.2689675473400336,1.0493377641132096
0.24516477342694998,0.29845985770225525,0.40428757201880217,0.39460079558193684,0.3760382542386651,0.7652217727154493,0.0013292364690943562,1.0490142289969775,0.20757764024381548,0.20800979562930266,1.0490142289969775
0.4996764715760946,0.513493419624865,0.2467626528814435,0.27894619572907686,0.3488169275224209,0.8383730463683605,0.002356328367407028,1.048962640778135,0.18560160046342944,0.28866768607511,1.048962640778135
0.12072666734457016,0.5840555606409907,0.5434665894135833,0.33995818719267845,0.3261864213272929,0.9106856966391206,0.0019324455580594722,1.048910886261271,0.1864033449687305,0.24945532614847005,1.048910886261271
0.20515568740665913,0.3250403553247452,0.25563741102814674,0.3626425825059414,0.28524002339690924,0.8828070741146803,0.0010502476609632958,1.0488279957606828,0.193395296426062,0.1798483844892377,1.0488279957606828
0.4259098479524255,0.46291059628129005,0.6652234857901931,0.2006268110126257,0.3415637779980898,0.8093471461907029,0.0029939934214442366,1.0487180746074691,0.1756098120427353,0.32773099555735413,1.0487180746074691
0.31132716685533524,0.5539805516600609,0.6442325143143535,0.23789128847420216,0.32193640153855085,0.8672893652692437,0.0013005464457794935,1.0484287712583573,0.17503621162772603,0.272478326191589,1.0484287712583573
0.1593465143814683,0.404620879329741,0.23442728072404861,0.4686085367575288,0.27681180369108915,0.7650177637115121,0.0022850706530626987,1.0477507395493704,0.2041668827339122,0.26135675628081917,1.0477507395493704
0.32800480630248785,0.4427858777344227,0.07591463811695576,0.3353175763040781,0.3238316308706999,0.9070668881759048,0.0017996537913499032,1.047525643140438,0.18449557190449206,0.2403935074628684,1.047525643140438
0.02272962499409914,0.2986108725890517,0.42013508826494217,0.19211793411523104,0.3173676412552595,0.6292287446558475,0.003285073672908558,1.047442956666727,0.2186680739545491,0.2697366659497695,1.047442956666727
0.08610638789832592,0.6501772282645106,0.1601977776736021,0.17608068324625492,0.2961602145805955,0.7424280792474747,0.0011623727373846736,1.047386410653641,0.18844276204899224,0.20174646781236666,1.047386410653641
0.13326544221490622,0.5230016186833382,0.7665310595184565,0.2152742212638259,0.41425935830920935,0.6974377976730466,1.2250957984862043e-05,1.0472322991554437,0.12160643548613365,0.308991222937739,1.0472322991554437
0.006628970615565777,0.564940445125103,0.47683423198759556,0.35085895750671625,0.32190224807709455,0.9433706616982818,0.002787639657288706,1.047193756882593,0.18622791878660083,0.24542553762404462,1.047193756882593
0.02854526974260807,0.5204255292192101,0.03863206785172224,0.12871124781668186,0.32136861700564623,0.909571086987853,0.0013774595282889915,1.0471770505893638,0.1655440307300142,0.26463307078587794,1.0471770505893638
0.35014701820909977,0.3513006893917918,0.992698697373271,0.3479664521291852,0.3537802938371897,0.7674061236903071,0.002659046926186304,1.046515492082788,0.2071681098378584,0.2880847805762676,1.046515492082788
0.03075317293405533,0.5777283692732453,0.3408867986872792,0.4597056796774268,0.3845458095893264,0.7877919068560004,0.001520987245357793,1.0463914734303932,0.20786409565045233,0.2130626515442628,1.0463914734303932
0.1595424795523286,0.3142626266926527,0.9658793760463595,0.2613389268517494,0.40593983326107264,0.8027830766513944,0.00047442086060901453,1.046205723501898,0.17244378550472078,0.2527978899683947,1.046205723501898
0.39184954110533,0.4833224657922983,0.29055292066186666,0.2541048154234886,0.29275155160576105,0.6934521608054638,0.0012748246236491938,1.0461953700391755,0.18802326766360944,0.23076787997272966,1.0461953700391755
0.10792579688131809,0.38078304566442966,0.5237525422126055,0.3862594412639737,0.3953224988654256,0.6927497824653983,0.002294545907216711,1.046191605679314,0.20271843709886636,0.2726652863453764,1.046191605679314
0.0022532446309924126,0.4400132102891803,0.6729839742183685,0.2767570773139596,0.40955711249262094,0.9276604754850268,0.0006869937142403617,1.0459763428215547,0.16692372418532184,0.26488493338340946,1.0459763428215547
2.785027027130127e-05,0.467693580314517,0.6251457436010242,0.18010444100946188,0.2458951771259308,0.8410817766562104,0.0017191934435183188,1.0458269481203895,0.18909521086388964,0.2781307457208347,1.0458269481203895
0.4708589809015393,0.47687657829374075,0.13996879290789366,0.31646794080734253,0.31222117505967617,0.8319775145500898,0.0020910285631875643,1.0457033995017722,0.19079800612818967,0.28358170111023545,1.0457033995017722
0.17616370785981417,0.3031744034960866,0.646021394059062,0.3334645554423332,0.30881026946008205,0.6826650267466903,0.0038730683453688476,1.0456895540306792,0.21923490267083312,0.31214948475473725,1.0456895540306792
0.2455781763419509,0.4824431901797652,0.6728487089276314,0.31282328348606825,0.2556536300107837,0.8036894593387842,0.0012939014803463867,1.0454646274467967,0.18355322847099453,0.28604556693907834,1.0454646274467967
0.1693143155425787,0.33116664737463,0.43664383329451084,0.3602376403287053,0.3871923591941595,0.6888933265581727,0.0020673320052140773,1.0453156230372964,0.20549084735156012,0.24049367553043643,1.0453156230372964
0.13119536358863115,0.6348316092044115,0.08934827614575624,0.2801255080848932,0.3282593199983239,0.6620452227070928,0.0024471335132720535,1.0453119230473527,0.1934531207299549,0.30745799588017314,1.0453119230473527
0.23322130367159843,0.49471412878483534,0.7750474186614156,0.42401373758912086,0.36885410640388727,0.7550665205344558,0.0009453681775866429,1.04498659547786,0.18824170083695255,0.28410878436801096,1.04498659547786
0.37249268405139446,0.43591751717031,0.7800807589665055,0.3057157751172781,0.37617206294089556,0.7305490728467703,0.001040087368946004,1.0447706968627386,0.16728407460807962,0.272990460303748,1.0447706968627386
0.15182641334831715,0.5387842999771237,0.15286450553685427,0.21412984374910593,0.32015193067491055,0.6004780381917953,0.0016972076233472896,1.044694441647727,0.20359288728185274,0.30155526867827864,1.044694441647727
0.11055934615433216,0.3236206267029047,0.5609916020184755,0.22127425763756037,0.34064177330583334,0.9303229423239827,0.001448156554465887,1.0446837297339757,0.1551792398340518,0.23389756271034048,1.0446837297339757
0.06590499263256788,0.38229724299162626,0.4685394549742341,0.20012213941663504,0.3461935315281153,0.5857867132872343,0.00243897384523345,1.0446009520477266,0.21042566987103303,0.31426683842140585,1.0446009520477266
0.06613441091030836,0.29728586226701736,0.35646619740873575,0.13747137505561113,0.39694418385624886,0.7386693023145199,0.00019838315168991836,1.04458429189851,0.15782462898684557,0.18408275195469342,1.04458429189851
0.08829281199723482,0.3567859400063753,0.9656469402834773,0.3287921641021967,0.3056881604716182,0.9268578626215458,0.0015276520149194333,1.0441373117765325,0.19444142264053654,0.24129294677278842,1.0441373117765325
0.1885205078870058,0.4879242340102792,0.9063862906768918,0.20090957917273045,0.2814397504553199,0.675367577932775,0.0015060079891042208,1.0440493116099716,0.20618335525241782,0.26594380750857055,1.0440493116099716
0.13113828748464584,0.5052448939532042,0.36229492258280516,0.1631415504962206,0.43347568064928055,0.8098627114668489,0.0005798790648305596,1.0437535840927428,0.131518448928361,0.23058737463292944,1.0437535840927428
0.03696304652839899,0.4428717279806733,0.9577842624858022,0.2687904695048928,0.34921080246567726,0.5783239612355828,0.003555546977960739,1.0429434886572428,0.21960057152729243,0.36992529445394245,1.0429434886572428
0.09446609485894442,0.39767711982131004,0.11939385812729597,0.4853280186653137,0.3819503430277109,0.7988346545025706,0.0015547720350243153,1.0428697580982083,0.21132851451552778,0.25533499970576673,1.0428697580982083
0.030309252440929413,0.6406360697001219,0.6094499062746763,0.252912787720561,0.2628035070374608,0.7811240954324603,0.0021997071157954682,1.04283514939286,0.1985243993699787,0.2903681055143247,1.04283514939286
0.24405231419950724,0.5339667433872819,0.08145889174193144,0.3411028841510415,0.2624011542648077,0.8132371380925179,0.0014499188758077205,1.0428026926509033,0.18618136353767928,0.25899259115957807,1.0428026926509033
0.23310946766287088,0.41627147048711777,0.27847154438495636,0.2183895232155919,0.27214387245476246,0.6611317014321685,0.0013677395050240904,1.0423520144006277,0.2048474607209858,0.2205145317818646,1.0423520144006277
0.5248437914997339,0.42998218443244696,0.3209315678104758,0.278709901496768,0.33327165618538857,0.8442395916208625,0.0029756770888749113,1.0422869321592476,0.19148684907951893,0.3017616098032862,1.0422869321592476
0.27702419459819794,0.5035992320626974,0.26858276408165693,0.3074830584228039,0.31218062341213226,0.6277145333588123,0.001687766678112336,1.0415895904821206,0.1979707443161017,0.2899221145981203,1.0415895904821206
0.06621571816504002,0.56257045827806,0.06470344308763742,0.22761013451963663,0.4415998738259077,0.7558325277641416,2.6754364732074202e-05,1.0415553661453258,0.12337423781342376,0.28476006475820864,1.0415553661453258
0.11653820797801018,0.461765319108963,0.16554788500070572,0.08586202748119831,0.30829506553709507,0.8790271496400237,0.0008322633972066403,1.0414394631408503,0.1682375417547809,0.27808582136184895,1.0414394631408503
0.17390798684209585,0.6302715111523867,0.7907183701172471,0.22684082947671413,0.3496477175503969,0.7108439542353153,0.0008244368925872664,1.0414057486523642,0.16819492062980018,0.2803482309254166,1.0414057486523642
0.23944772873073816,0.6373865148052573,0.49772387091070414,0.3427623677998781,0.31672213040292263,0.7969001224264503,0.0013559950827084159,1.0412160649371787,0.19263512756725581,0.2669109077145276,1.0412160649371787
0.06730204913765192,0.13822015840560198,0.24630576372146606,0.2627824265509844,0.3324716603383422,0.8033266756683588,0.004323610871025429,1.041001914459221,0.21671469792136766,0.32490736557441774,1.041001914459221
0.022647377103567123,0.5642042243853211,0.12641530483961105,0.15764418337494135,0.272179801017046,0.8650275142863393,0.0013780834935950143,1.0406910579877482,0.1819428436179759,0.19955095749197743,1.0406910579877482
0.09971688222140074,0.4253607438877225,0.5932546043768525,0.2555303806439042,0.27004044596105814,0.9189656628295779,0.001598504945900455,1.040644586560578,0.14264545939004777,0.2420663756802888,1.040644586560578
0.033507960848510265,0.20258073415607214,0.7414331324398518,0.20584023371338844,0.3314379686489701,0.7983058141544461,0.004198647176183055,1.0405859564609974,0.2129915800921895,0.31734629472855447,1.0405859564609974
0.20581626053899527,0.3638138612732291,0.15482727624475956,0.13540133647620678,0.30779946595430374,0.6844514980912209,0.0018297514879681456,1.0405422357268501,0.20344776810232904,0.24012287515419198,1.0405422357268501
0.15401675645262003,0.43275352101773024,0.9891721643507481,0.25432594027370214,0.23998505342751741,0.7477027308195829,0.001712734179403882,1.0404635522275476,0.20259403820357416,0.2662837854637565,1.0404635522275476
0.06815340369939804,0.2935720216482878,0.7065120311453938,0.3754097279161215,0.27622297406196594,0.8286097515374422,0.002676726919352035,1.0403943648237532,0.22027558259255528,0.27526315506367877,1.0403943648237532
0.2116619423031807,0.5797385657206178,0.27265840861946344,0.20099192950874567,0.30349385272711515,0.9021712932735682,0.0008070675016824695,1.0402618187033563,0.1705949732071099,0.1760855250680118,1.0402618187033563
0.08028955478221178,0.5662346994504333,0.2924409909173846,0.2961131567135453,0.40150527004152536,0.9279318889603019,0.0009618263996469217,1.0400542881820416,0.18070002453726342,0.20106031003153663,1.0400542881820416
0.19505735579878092,0.3361992873251438,0.16856609378010035,0.3762074215337634,0.33634569216519594,0.9259830294176936,0.0018159225951307012,1.0396146476272965,0.19554481487814873,0.19449058928682617,1.0396146476272965
0.1335607897490263,0.4540068106725812,0.6380799505859613,0.2437082612887025,0.26416715513914824,0.8984896671026945,0.0014207440267437676,1.0394360689051272,0.15278613651595796,0.2449796831320439,1.0394360689051272
0.3193852286785841,0.29349304363131523,0.7886463794857264,0.26289988216012716,0.3271890878677368,0.7362035280093551,0.0034330676356034433,1.0391543300167312,0.20296695326633135,0.2890924219881153,1.0391543300167312
0.08038643095642328,0.4344689445570111,0.29462498892098665,0.23751853872090578,0.28386021591722965,0.9678230453282595,0.0015635044104919708,1.039134128660865,0.12829437230384838,0.20052836598642915,1.039134128660865
0.2791045969352126,0.31246421206742525,0.38153272308409214,0.3107460681349039,0.3890254916623235,0.8657832322642207,0.00033283644199811555,1.0389531320845637,0.17946011525084937,0.17392885583932863,1.0389531320845637
0.0923223877325654,0.2680751709267497,0.12835899647325277,0.2349205818027258,0.3538071755319834,0.9216715143993497,0.0007315732996502161,1.0379483355031731,0.14522679943889183,0.18279472054877688,1.0379483355031731
0.13320806808769703,0.6491779424250126,0.5560871548950672,0.3492716094478965,0.3163514193147421,0.8306223461404443,0.0015849007203822723,1.0377515946580613,0.20235745053625462,0.2832285189053313,1.0377515946580613
0.12481660023331642,0.5637210514396429,0.7313842475414276,0.1018791301175952,0.3568567018955946,0.7856885921210051,0.0006005567439061366,1.0376168447439476,0.15707224197586986,0.3035263509627496,1.0376168447439476
0.4491264335811138,0.5025847116485238,0.8890508348122239,0.22969765309244394,0.3311518570408225,0.7895131455734372,0.0027271874913884953,1.0373657646387255,0.1694442013430809,0.31019071687990973,1.0373657646387255
0.022786864079535007,0.517011733725667,0.6308083729818463,0.450181283056736,0.3688289439305663,0.7070554615929723,0.0024296372911687563,1.0367721119452329,0.20700373787767273,0.3122694022565118,1.0367721119452329
0.38740673940628767,0.3702037949115038,0.11449790839105844,0.3050226205959916,0.28422527108341455,0.8105869656428695,0.0013838758496287661,1.0367447998803845,0.19437773149770662,0.24109466269854754,1.0367447998803845
0.05133941676467657,0.501143460161984,0.7817079713568091,0.2352651348337531,0.40253914054483175,0.9237044751644135,0.0003120558141810704,1.0355659291060892,0.16202794963046954,0.2609784228998963,1.0355659291060892
0.40361492708325386,0.36801068764179945,0.27738488744944334,0.2485244506970048,0.3712043818086386,0.8884342135861516,0.0003321631859556112,1.0355344920263125,0.17189356319504487,0.21789438653569926,1.0355344920263125
0.13876007497310638,0.292803387157619,0.8802274940535426,0.21151818428188562,0.27515958435833454,0.8109335023909807,0.0018499451149602787,1.035060405559984,0.20876825107938146,0.24642430427293893,1.035060405559984
0.49729611724615097,0.4385853400453925,0.5304943975061178,0.2507123714312911,0.3557460317388177,0.793232275173068,0.002142234658431427,1.034821652778613,0.17295945415391134,0.31397650756251133,1.034821652778613
0.04071118775755167,0.2533519668504596,0.47439854964613914,0.37978308741003275,0.3411467373371124,0.6817715913057327,0.006232375220901436,1.034343394941717,0.2325624979633684,0.29701302346932046,1.034343394941717
0.012085006572306156,0.3428273508325219,0.49481654074043036,0.21270688995718956,0.3393034404143691,0.9630686668679118,0.0015738517390104787,1.0341256739915656,0.15009669137979897,0.22466488231493845,1.0341256739915656
0.4217031002044678,0.3872716100886464,0.8505565207451582,0.29099438805133104,0.34127238020300865,0.8375284746289253,0.0026619236434430034,1.0337719470975144,0.19432104194523464,0.3003432776657341,1.0337719470975144
0.057109054177999496,0.3791781263425946,0.7142335651442409,0.44137674290686846,0.3186489259824157,0.6770668243989348,0.00464007688850684,1.0336174283186914,0.2321692779596031,0.3257974432233447,1.0336174283186914
0.34770964179188013,0.5353746870532632,0.049392121843993664,0.18808105494827032,0.383787764236331,0.7493057744577527,0.00013279549272658163,1.0333104220566793,0.14839612202027494,0.2141033864296302,1.0333104220566793
0.002530289813876152,0.5177256315946579,0.0973530039191246,0.16157484520226717,0.23701098281890154,0.7924801213666797,0.00173057684358247,1.033274801177057,0.19488801049302873,0.24406279502666545,1.033274801177057
0.30540516413748264,0.3792116856202483,0.7964058257639408,0.3268071971833706,0.26914783474057913,0.770451607182622,0.0014026822640840543,1.0332138734102256,0.20140657774763682,0.26228394906161157,1.0332138734102256
0.20931773073971272,0.6202748566865921,0.7328411769121885,0.3274562116712332,0.30682272743433714,0.8356209844350815,0.0012688043016134637,1.0330289063723508,0.19650781474231696,0.281818260222361,1.0330289063723508
0.01681045349687338,0.6277530267834663,0.017590864561498165,0.3686747206375003,0.28008572198450565,0.727292931638658,0.003092847964639051,1.032954659395426,0.2103844391859644,0.30534895993117295,1.032954659395426
0.10590992122888565,0.427796071395278,0.24708428885787725,0.07285098265856504,0.28540006559342146,0.7132781594991684,0.0017294263893255681,1.0329014717425744,0.18962667380185905,0.2746640111131699,1.0329014717425744
0.12639528792351484,0.19606410432606936,0.4497508127242327,0.3154712254181504,0.2926053712144494,0.7638514693826437,0.003777772118889559,1.03274356530422,0.21337403310722583,0.2783471112533533,1.03274356530422
0.03069635108113289,0.35859889909625053,0.6160436868667603,0.2177575696259737,0.42634652368724346,0.8660897221416235,9.903728937010488e-05,1.0325701827995482,0.13720655626471803,0.23939792431354417,1.0325701827995482
0.0045074718073010445,0.3062796192243695,0.9307717317715287,0.30707032326608896,0.42590442299842834,0.7690595155581832,0.0025817706550352996,1.0324713856892358,0.19477072207865587,0.2890715100752476,1.0324713856892358
0.021318422630429268,0.33096925914287567,0.3280314430594444,0.10176590271294117,0.4014454213902354,0.8072460098192096,0.0005206830087298445,1.0323329778667176,0.13238727762168082,0.21777933722992587,1.0323329778667176
0.040424760431051254,0.3078090734779835,0.1235594917088747,0.12217685114592314,0.3148791706189513,0.8762058671563864,0.0009991416411856235,1.0320466907459398,0.17968168700155754,0.23089256784811052,1.0320466907459398
0.11487754993140697,0.47962504252791405,0.5750288562849164,0.397410836070776,0.3859908916056156,0.9014666751027107,0.0009197189510967922,1.0319505870961283,0.20211816300416452,0.2273405873377336,1.0319505870961283
0.3258260227739811,0.5488011436536908,0.8021430810913444,0.17552911676466465,0.34164539352059364,0.7323725102469325,0.0012195919938635218,1.0319358971031896,0.16785237682279866,0.27617167014860944,1.0319358971031896
0.08855167496949434,0.4631731817498803,0.8575409976765513,0.2661418616771698,0.4511655392125249,0.7721251752227545,0.00038909254675149137,1.0312836377443992,0.1479851748386546,0.332314616898874,1.0312836377443992
0.1386871449649334,0.5112006198614836,0.17052887193858624,0.4539756141602993,0.28570988308638334,0.8576337201520801,0.0013436494877279142,1.031283461578551,0.19634925315200136,0.23996431350270808,1.031283461578551
0.29402698669582605,0.3913719682022929,0.6316996375098825,0.4343361360952258,0.35927405674010515,0.7883117636665702,0.0017811866733910672,1.0310814191410131,0.2110164163786365,0.3019877170393714,1.0310814191410131
0.03460402227938175,0.35781436786055565,0.21140397433191538,0.09348472952842712,0.279103172942996,0.8355227084830403,0.0016445595906253176,1.0309230628081243,0.18888665065508303,0.2549825116891048,1.0309230628081243
0.23755413573235273,0.31223177909851074,0.06408646516501904,0.22242100164294243,0.27966310270130634,0.8407493494451046,0.00109763958311974,1.0304803256585038,0.19506488284908435,0.2131787461988721,1.0304803256585038
0.08622734434902668,0.3505798140540719,0.15898668766021729,0.35186088643968105,0.3972661141306162,0.6416085781529546,0.0024107836344232775,1.0302178980410992,0.21322157382705334,0.2652440580528385,1.0302178980410992
0.41153076849877834,0.42314902041107416,0.09354818426072598,0.4054753156378865,0.36226721201092005,0.7713608043268323,0.0015218936685656367,1.0298551379481409,0.20192547317303883,0.2732279431020475,1.0298551379481409
0.026650749146938324,0.41405038349330425,0.40208280459046364,0.3114764131605625,0.268699967302382,0.9526878939941525,0.0023261582517471995,1.029848134617069,0.14916312736256906,0.21510407860709876,1.029848134617069
0.3011672664433718,0.29122614953666925,0.6262498553842306,0.32526209857314825,0.3393375938758254,0.8478657798841596,0.0022862159534950176,1.029501356949952,0.20735667775776803,0.2886890915119467,1.029501356949952
0.17578859627246857,0.3502430822700262,0.14162831287831068,0.05556707177311182,0.33117968309670687,0.7761348402127624,0.004229179560997711,1.029490210356091,0.1787587805953131,0.33025116235584445,1.029490210356091
0.1554997581988573,0.26590404380112886,0.8663357784971595,0.225879299454391,0.33782817609608173,0.6784062962979078,0.0037303436573093212,1.0292641206150313,0.21873385396085077,0.30355648580085937,1.0292641206150313
0.16147242672741413,0.37756919767707586,0.8266570381820202,0.2065001893788576,0.39827810134738684,0.6674594273790717,0.0003490018604326997,1.028803991815913,0.1792605717884115,0.2818682649339871,1.028803991815913
0.11709353793412447,0.5309585304930806,0.3008277788758278,0.11139785870909691,0.40333552472293377,0.7092256508767605,0.00021035732988503202,1.0287793245205354,0.12773686779938803,0.2286216473751774,1.0287793245205354
0.034285033121705055,0.4238129211589694,0.9897175971418619,0.13670709822326899,0.39950186386704445,0.8583959126845002,0.00010587333938886183,1.0280931605258585,0.15995764534282914,0.2624748713041091,1.0280931605258585
0.0734389703720808,0.5378304589539766,0.5018788715824485,0.26042867824435234,0.29236161056905985,0.9495317349210382,0.0019839819412790817,1.0280518992028758,0.13382394534889794,0.23961963944862416,1.0280518992028758
0.12450947239995003,0.5408084113150835,0.3624287573620677,0.24632307887077332,0.2786023113876581,0.9358915165066719,0.0015650768468589086,1.0277951108098975,0.13112138855444055,0.18832465238169588,1.0277951108098975
0.1297344621270895,0.4468510299921036,0.8920126780867577,0.18170249462127686,0.42441557813435793,0.8236990673467517,0.00013293869185611106,1.0277264370762513,0.14505195080378955,0.2632376907943873,1.0277264370762513
0.3855892540886998,0.4772205725312233,0.7214928744360805,0.38787207938730717,0.31681613251566887,0.7526383521035314,0.0018718140363301367,1.0273719059669117,0.19444609787986405,0.31401076820535256,1.0273719059669117
0.36702744755893946,0.5433314172551036,0.5368347782641649,0.31086118798702955,0.36732445657253265,0.8521532919257879,0.0007373131436074254,1.0270128905804146,0.17919381258512423,0.2523033128130359,1.0270128905804146
0.2509075626730919,0.39288616366684437,0.3137440327554941,0.24576505366712809,0.40006417967379093,0.9272593390196562,0.00022895247912898406,1.0261812308395661,0.15296886964006817,0.17670612725519028,1.0261812308395661
0.03836688306182623,0.5090849613770843,0.30403066985309124,0.2638068674132228,0.3563822442665696,0.5371677009388804,0.002499494837160092,1.0260170492675962,0.2129573869162319,0.3823257775621856,1.0260170492675962
0.04409095272421837,0.5124987550079823,0.895684652030468,0.06355214212089777,0.34017142932862043,0.8295270279049873,0.002831734672819723,1.025743103852816,0.17507774077325045,0.3666030321462586,1.025743103852816
0.14578157383948565,0.5521402982994914,0.7486284859478474,0.15647349879145622,0.3320598313584924,0.892098244279623,0.0015179350708999935,1.0254045935569145,0.18143327953213167,0.26945527991844803,1.0254045935569145
0.283078764565289,0.5293292254209518,0.0037675928324460983,0.17890674341470003,0.27572599425911903,0.7575007835403085,0.0012966797944845316,1.0251389371461868,0.1955778185152454,0.25595636991408555,1.0251389371461868
0.08872192073613405,0.25567988120019436,0.06554396450519562,0.44214621279388666,0.32142797764390707,0.7966763693839312,0.004600193785556227,1.0248942167456554,0.22782248820892448,0.28445985382015576,1.0248942167456554
0.3308107256889343,0.352355825714767,0.1350481379777193,0.143312924541533,0.3402570867910981,0.8475141171365976,0.0019759056976602317,1.0248119863863503,0.18706311154921854,0.26237383445211615,1.0248119863863503
0.43175542168319225,0.44613042660057545,0.1983668264001608,0.1777928052470088,0.32623462844640017,0.698871542699635,0.0018550060196855333,1.024542783319715,0.19240430900101038,0.2664410232467478,1.024542783319715
0.24203289113938808,0.5469798436388373,0.5483131650835276,0.2873091585934162,0.28064139280468225,0.67932403460145,0.001390224646980781,1.0244263254411259,0.19472843246324653,0.2913440777345615,1.0244263254411259
0.13496243581175804,0.47179020289331675,0.1017681872472167,0.3052378064021468,0.4359791921451688,0.8818665901198983,0.0003793385414438487,1.0243446491210635,0.17279452399164338,0.22446050833710587,1.0243446491210635
0.12529399432241917,0.353342866525054,0.972454278729856,0.4516272218897939,0.3486709501594305,0.8523378949612379,0.0026145621883544275,1.0242737189024997,0.23063776172348147,0.2969970073978573,1.0242737189024997
0.40423061698675156,0.5478018540889025,0.41406615544110537,0.34602710511535406,0.2982691181823611,0.8195903915911913,0.0012813412330154909,1.0241532856758953,0.19152696713776726,0.25080680943624395,1.0241532856758953
0.20240241661667824,0.6416357094421983,0.23190178349614143,0.20612567197531462,0.34537272341549397,0.6771822813898325,0.0008450949135682288,1.02371011007795,0.17983273097073396,0.24566094824863138,1.02371011007795
0.11086650379002094,0.2850744407624006,0.4079434433951974,0.11619053222239017,0.29389585833996534,0.7836581422016025,0.0021815459301427215,1.023316409877182,0.20202874241122168,0.24727113439226284,1.023316409877182
0.038326581940054893,0.3683638209477067,0.02352607063949108,0.3554250216111541,0.31117724161595106,0.960517967119813,0.0017941669269226019,1.0232417434559564,0.18656676709893094,0.2380534262758341,1.0232417434559564
0.40813186671584845,0.40455525647848845,0.25479409005492926,0.3305821791291237,0.3267978383228183,0.670656505972147,0.0022437864728901335,1.0232091903759595,0.2064904108483981,0.2644764338762679,1.0232091903759595
0.2543712295591831,0.2988935597240925,0.3006852539256215,0.39043689146637917,0.32639474514871836,0.8967285109683871,0.0015856033983051659,1.023047096196658,0.2116994176333744,0.214925572534505,1.023047096196658
0.05704432725906372,0.661055788397789,0.4850056003779173,0.19896890223026276,0.37021508626639843,0.7236474137753248,0.0002823637110766701,1.0226833989988657,0.14732334634888233,0.2335355324252271,1.0226833989988657
0.20300696045160294,0.46208859235048294,0.08739311434328556,0.3273745747283101,0.2937968811020255,0.6249247090891004,0.002327609704433187,1.0226032609277342,0.21196990251051268,0.29924096247039683,1.0226032609277342
0.017171273939311504,0.44819837156683207,0.16214530263096094,0.22428896743804216,0.3317823326215148,0.5334338620305061,0.002499207680434639,1.0225586739436567,0.22315878841949766,0.3530958325856104,1.0225586739436567
0.2211766429245472,0.3861525971442461,0.40078137442469597,0.34936962090432644,0.42730316054075956,0.8248122371733189,0.0007133960096683982,1.0219941249924012,0.18706033878420147,0.19563026205923048,1.0219941249924012
0.13996275886893272,0.21297575812786818,0.9205152718350291,0.3051326237618923,0.30512297712266445,0.7434637639671564,0.004182240360228176,1.0218612052229836,0.2250308497631034,0.30752926747103104,1.0218612052229836
0.021260998211801052,0.46645447239279747,0.09999114833772182,0.45496747829020023,0.36019409634172916,0.658436699770391,0.0030820854734155082,1.0215830526942256,0.22118942080496912,0.3012967630314101,1.0215830526942256
0.10193410236388445,0.349253898486495,0.3205959815531969,0.5258179027587175,0.3129758629947901,0.7520572040230036,0.003790103942917096,1.020428907050435,0.2268521240137632,0.3154219355064384,1.020428907050435
0.19891797378659248,0.45165823120623827,0.14947861153632402,0.12056625820696354,0.26532389409840107,0.7499275971204042,0.001366812791385382,1.0202930138625874,0.19440255201105316,0.23958947571530848,1.0202930138625874
0.09564132615923882,0.22823325544595718,0.36719076056033373,0.41578266490250826,0.3256168430671096,0.8569715758785605,0.0026519351407371682,1.0202918152560339,0.22896652799642173,0.2427191212064473,1.0202918152560339
0.2227120092138648,0.3980637528002262,0.5352361872792244,0.10296258050948381,0.30583308544009924,0.7270555291324854,0.001909187348936245,1.0201785307685922,0.19088641345085244,0.3066927292128544,1.0201785307685922
0.0008494453504681587,0.5140358405187726,0.0807648180052638,0.2563194213435054,0.41611485555768013,0.9412527466192842,0.000731885513569481,1.020089635914947,0.16112402859894343,0.24097445014402435,1.020089635914947
0.16137209348380566,0.6226466568186879,0.8210168499499559,0.26509308628737926,0.2952814809978008,0.6897153276950121,0.0014799093690633005,1.0200511184925893,0.20077808657364357,0.2914091150456083,1.0200511184925893
0.09416394773870707,0.5005167815834284,0.9719641339033842,0.1802617972716689,0.32687265891581774,0.9393869265913963,0.0018054615262327362,1.0199665404287728,0.17581271631918693,0.2711757963394141,1.0199665404287728
0.09855487290769815,0.3754046792164445,0.1818203516304493,0.19210498686879873,0.4106063013896346,0.9238317050039768,1.8290045430829376e-05,1.0196522924893454,0.11331926420723909,0.1637188583313068,1.0196522924893454
0.25259688775986433,0.6003475813195109,0.5562684899196029,0.2805530959740281,0.3905358612537384,0.7428219858556986,0.0004523787087536858,1.0191979659180748,0.1386247287551575,0.24472018388998903,1.0191979659180748
0.2714391378685832,0.48270690627396107,0.8670049123466015,0.15394157636910677,0.39644866064190865,0.7779268370941281,0.00014880208748506668,1.0191909978391356,0.13679800110539872,0.2558370553696708,1.0191909978391356
0.09423679579049349,0.2814176520332694,0.1958611784502864,0.42266962863504887,0.3631819821894169,0.8923204997554421,0.0008590257647442069,1.0191785006700822,0.21127662999649544,0.19843936878363416,1.0191785006700822
0.04592384584248066,0.4145831447094679,0.727995254099369,0.19568780809640884,0.28619072772562504,0.935078602284193,0.001264005447032833,1.0187725897407522,0.1622725791615308,0.24036774779188375,1.0187725897407522
0.01387869380414486,0.3859402583912015,0.4156952789053321,0.05216045770794153,0.3597521223127842,0.6946767251938581,0.001090009391006454,1.018420717893764,0.16878255603866787,0.3022067372739197,1.018420717893764
0.2254904368892312,0.35559790674597025,0.15953212790191174,0.22642824798822403,0.24452706705778837,0.7523013446480036,0.0011766515908504852,1.0181024937406769,0.20016022540434794,0.2091968294912699,1.0181024937406769
0.006321842782199383,0.5419541411101818,0.6167307430878282,0.4874593708664179,0.30616196151822805,0.8406491437926888,0.002272551261003944,1.0175976454842057,0.22444399501054377,0.3263425715417524,1.0175976454842057
0.25681678019464016,0.4672244628891349,0.24580820184201002,0.1509661478921771,0.369204786606133,0.9222042411565781,0.0002564457720035256,1.0175542991702413,0.16623335618000226,0.2338346790230868,1.0175542991702413
0.2640413772314787,0.5702248150482774,0.6864003194496036,0.16129268892109394,0.2937420243397355,0.7663667583838105,0.0010926764514849283,1.0172017836786438,0.19219942903177326,0.27166996075722816,1.0172017836786438
0.005975804291665554,0.458741856738925,0.6106559252366424,0.046054041013121605,0.37504183128476143,0.8026653341948986,0.0007255006502155127,1.0156906442088158,0.14143882392325424,0.3527610628251455,1.0156906442088158
0.48334425408393145,0.3185632834210992,0.28278107289224863,0.31997356098145247,0.3665419425815344,0.7843866432085633,0.0016336627508831613,1.014822815046139,0.20052110912296986,0.26561718487303404,1.014822815046139
0.12238011043518782,0.4477768884971738,0.31727430783212185,0.12813999690115452,0.24649280309677124,0.8123043393716216,0.0021468637161343586,1.0147982083216793,0.19159433302320544,0.24303308016101846,1.0147982083216793
0.3538432139903307,0.447130193002522,0.5842462740838528,0.35146467946469784,0.2838336918503046,0.8448076285421848,0.0011131923674340845,1.0143235334365657,0.19466258637051795,0.27085435065657465,1.0143235334365657
0.16597996931523085,0.5905745392665267,0.9530999641865492,0.17683472204953432,0.38816957641392946,0.79114003572613,8.012080426837041e-05,1.01420775327894,0.1469652901643606,0.22030304079891025,1.01420775327894
0.23078368417918682,0.27242813259363174,0.7050398467108607,0.1634856266900897,0.3257993655279279,0.784521471709013,0.0030183886356255868,1.0141764769265755,0.207852099148499,0.2949933081419534,1.0141764769265755
0.385160175152123,0.37514203414320946,0.3720722049474716,0.27466309163719416,0.3010608181357384,0.8988130791112781,0.0006073384972595461,1.0138103486266814,0.18652532064754193,0.1965412598574522,1.0138103486266814
0.07876368146389723,0.38976568821817636,0.9461787268519402,0.29897650610655546,0.3929319567978382,0.9375329734757543,0.0005403826162667587,1.0128689449131876,0.17680735636693767,0.24101528233184635,1.0128689449131876
0.23938285186886787,0.5037867156788707,0.20718476828187704,0.22574886120855808,0.4214514037594199,0.6646923674270511,3.598390563123239e-05,1.0126876580910102,0.13647990121583545,0.2903241920520949,1.0126876580910102
0.4729937082156539,0.5891300663352013,0.3001986853778362,0.24334481172263622,0.3491369355469942,0.8116230042651296,0.0013550143198483209,1.0123884711682063,0.18531843651741134,0.2682362268950789,1.0123884711682063
0.30323601234704256,0.3969851592555642,0.3257673727348447,0.30258476082235575,0.2502819746732712,0.7222318779677153,0.0009417457069648317,1.0120505715482262,0.19791222948252482,0.21765924210712606,1.0120505715482262
0.296431353315711,0.5263891369104385,0.2957161283120513,0.33559700287878513,0.24892714899033308,0.8090669419616461,0.0012787183035279134,1.0118929596728197,0.18899928762854457,0.23212605089360158,1.0118929596728197
0.08654334302991629,0.34241716377437115,0.3061664532870054,0.142273161560297,0.38473058957606554,0.9161362601444125,0.00032052416545954145,1.0111899798818411,0.12408797420955658,0.19236606251652266,1.0111899798818411
0.13910937774926424,0.37012434005737305,0.3768157046288252,0.4267924055457115,0.3660713592544198,0.655924903228879,0.002064039335038373,1.011088871347827,0.22392795963422762,0.258679926918448,1.011088871347827
0.016746009700000286,0.40868083853274584,0.8064196575433016,0.11109589599072933,0.2847767500206828,0.6805940996855497,0.002197722192320406,1.011034145245404,0.21596680734351392,0.29913968412383135,1.011034145245404
0.11051840241998434,0.5437167305499315,0.09196122922003269,0.2779921283945441,0.24411304015666246,0.8804020127281547,0.0014439537052030036,1.01100400679928,0.1673367702859788,0.22707775211758607,1.01100400679928
0.23071886785328388,0.5530850412324071,0.49432639591395855,0.421073978766799,0.36015355214476585,0.8623477565124631,0.0008909687600506519,1.0106973846798666,0.20977605459887197,0.23627426707758578,1.0106973846798666
0.02302272617816925,0.2593839690089226,0.05222032032907009,0.3098321920260787,0.3396233404055238,0.9368086326867342,0.0020097777657473465,1.0102144103969573,0.18378714306886207,0.22668910288227584,1.0102144103969573
0.18626140616834164,0.33933652378618717,0.9142620963975787,0.13882479164749384,0.37170565873384476,0.8347076866775751,0.0002456996038672558,1.0101852315363913,0.17565183826816788,0.27240684470889265,1.0101852315363913
0.14224027190357447,0.5729952324181795,0.40744948387145996,0.25010477006435394,0.2571306601166725,0.8860574038699269,0.0012167966301122332,1.010097261699056,0.17076473462247058,0.18370076722093445,1.010097261699056
0.29702006466686726,0.529087127186358,0.3544297032058239,0.36044973600655794,0.3176311431452632,0.9261683477088809,0.0012575456622783876,1.0098210674844494,0.18764571738896055,0.21584795106978016,1.0098210674844494
0.019190841354429722,0.3262788560241461,0.73592334613204,0.34824922028928995,0.2731560682877898,0.654800777323544,0.004270453175434467,1.009819883906885,0.2379533851517059,0.30437208478019473,1.009819883906885
0.1825884785503149,0.6059770081192255,0.06602633092552423,0.17395084630697966,0.34629109129309654,0.8817673958837986,0.0009381765825168445,1.0096247234385882,0.1833482550813496,0.19803176791578775,1.0096247234385882
0.032444131560623646,0.4319884404540062,0.13613657001405954,0.1749121965840459,0.30358017701655626,0.5731381475925446,0.00194880378697406,1.00930874467956,0.22594429294127177,0.2990240056295698,1.00930874467956
0.12525859754532576,0.2957500917837024,0.6643744800239801,0.3047402035444975,0.2475062506273389,0.7555812643840909,0.0024173007088006074,1.0092840596412618,0.2127831236688701,0.2868337925307565,1.0092840596412618
0.20245950669050217,0.42347898706793785,0.9440419161692262,0.4641889538615942,0.3408019198104739,0.7238677619025111,0.0032065754052160544,1.009093758691046,0.21916035372545958,0.31778198641867195,1.009093758691046
0.004449912346899509,0.5244668573141098,0.14340776577591896,0.04903564229607582,0.3842240059748292,0.8162480127066374,0.0004350870847451065,1.0090702504495086,0.1452845929328749,0.28470990685008046,1.0090702504495086
0.07203738018870354,0.5207780431956053,0.22337995655834675,0.19892588444054127,0.4019177919253707,0.9563890974968672,0.00033389566291129125,1.0089853368779393,0.15216563230595592,0.23440179201112046,1.0089853368779393
0.11507732979953289,0.3014839245006442,0.3455450888723135,0.3151411088183522,0.26523993723094463,0.9086532853543758,0.0012255405242984048,1.0089712266459423,0.19162073501807245,0.17338655732746072,1.0089712266459423
0.14240216463804245,0.30739807710051537,0.13915477693080902,0.34941335394978523,0.33303466625511646,0.6199338175356388,0.0036614805176325748,1.0087494065912868,0.2336772008077104,0.28181809299024985,1.0087494065912868
0.08094129711389542,0.620666392147541,0.17210191953927279,0.2097415877506137,0.3790209274739027,0.637869113124907,0.0003285224048324367,1.0086937190723526,0.16598437371924704,0.29164824709885073,1.0086937190723526
0.04695612099021673,0.37673445604741573,0.11827660072594881,0.13748527970165014,0.36615548748522997,0.9396429620683193,4.680076762447651e-05,1.0084629966412364,0.13558403732514218,0.21374313134063858,1.0084629966412364
0.34189266711473465,0.44400343764573336,0.28567756712436676,0.142057741060853,0.27006708923727274,0.7686656238511205,0.001891295467375208,1.008430457243575,0.19819118736162886,0.24652088911787584,1.008430457243575
0.013870819471776485,0.5359525792300701,0.9178855083882809,0.1298556812107563,0.4130350388586521,0.7652895329520106,6.773088916780104e-05,1.008293125072229,0.13953945564017886,0.2687974555524226,1.008293125072229
0.1146481316536665,0.340032740496099,0.7481457339599729,0.4598208572715521,0.37472995556890965,0.8053277377039194,0.0014957025012960832,1.0082501753868736,0.22636878617116488,0.29046372786261143,1.0082501753868736
0.060849388130009174,0.44116493593901396,0.030810692347586155,0.4005416063591838,0.25999412778764963,0.8951410353183746,0.0017352686596974042,1.0081277686743162,0.1891929603135872,0.24593414330684235,1.0081277686743162
0.052808258682489395,0.3151011085137725,0.22893460281193256,0.33215462137013674,0.37357308249920607,0.5930461343377829,0.0028111660348025154,1.0076218669682793,0.23381793576468,0.29902378517885364,1.0076218669682793
0.0677930535748601,0.4485787656158209,0.09886154532432556,0.1697534667328,0.3761985870078206,0.5801288932561874,0.0005728689916865386,1.0074699544595027,0.19498081214734925,0.32509300483545356,1.0074699544595027
0.09599315281957388,0.4109019339084625,0.655347315594554,0.04873369447886944,0.30461687222123146,0.7939608655869961,0.003383634152689706,1.0074513340967044,0.1853772764998462,0.37183991967041574,1.0074513340967044
0.4057564791291952,0.49633508548140526,0.8238153513520956,0.3743067057803273,0.30476961098611355,0.7983163297176361,0.0017101714560251117,1.0071736778456464,0.19636784182832817,0.29795553224119475,1.0071736778456464
0.0029226792976260185,0.41612023022025824,0.2958290306851268,0.3896834198385477,0.4563018651679158,0.7961328746750951,0.002164702260075705,1.0068854434781873,0.20030804340271458,0.27346368179830544,1.0068854434781873
0.10037620179355145,0.3865250889211893,0.9415930574759841,0.24642931949347258,0.261471850797534,0.6465878011658788,0.002397450212944128,1.0067412851006168,0.22681436867157637,0.2835762593602559,1.0067412851006168
0.08865697681903839,0.3853734228760004,0.35412062518298626,0.12215552572160959,0.4090817105025053,0.6791091915220022,9.789052462995321e-05,1.0067198820635441,0.15766763923178642,0.22995468296770516,1.0067198820635441
0.37498725298792124,0.4661245057359338,0.9991374099627137,0.39600485656410456,0.34263503551483154,0.830929615534842,0.0027586292668113407,1.006180885366519,0.21176957157610776,0.30482618719282073,1.006180885366519
0.12411820143461227,0.45996004343032837,0.36513919848948717,0.28148020431399345,0.4108948493376374,0.9603447811678052,0.0004552655845317535,1.0058541259838065,0.170618188926977,0.21572347563628264,1.0058541259838065
0.31827680114656687,0.3908578120172024,0.22973907832056284,0.36522254440933466,0.2697451626881957,0.8656977973878384,0.0008538331106269247,1.0058351729595107,0.1933905346004666,0.20030769793619183,1.0058351729595107
0.08855956420302391,0.6149034276604652,0.3558085262775421,0.4073107289150357,0.2767873229458928,0.7171273482963443,0.0017488460015360491,1.0054585941291159,0.2072030856117325,0.23913596143256555,1.0054585941291159
0.2290104776620865,0.4821964707225561,0.9626902434974909,0.13134132605046034,0.3387332521378994,0.880071371793747,0.001750349579274214,1.0053259067639058,0.18967176753803858,0.2985227554397354,1.0053259067639058
0.08290235977619886,0.6805440271273255,0.03446640260517597,0.2638505706563592,0.3871098756790161,0.7659728555008769,0.0007662060257370423,1.0049740767311972,0.16143687713056998,0.27060859386552577,1.0049740767311972
0.08800434041768312,0.4245745437219739,0.2361460030078888,0.37979270052164793,0.4354111785069108,0.8871695846319199,0.000699312559350311,1.0045385530212494,0.1995907234404536,0.2041269655546327,1.0045385530212494
0.14407802186906338,0.4159580962732434,0.39743602741509676,0.3740855548530817,0.22502210922539234,0.7605144400149584,0.001475902659856976,1.0042045167098035,0.1985326052554181,0.2383902915280445,1.0042045167098035
0.05304611939936876,0.3811402190476656,0.4055531546473503,0.5473932130262256,0.3062844639644027,0.7570529831573367,0.0037284454871094803,1.0038437818158128,0.2274147533754189,0.3277459176996594,1.0038437818158128
0.05171941500157118,0.4981600409373641,0.7878399947658181,0.29385783057659864,0.2868472672998905,0.9617970259860158,0.002494549282124239,1.0037418191949363,0.15147978668156012,0.2649596811037305,1.0037418191949363
0.08290974237024784,0.27247482538223267,0.5322761693969369,0.43725476041436195,0.3388327956199646,0.7115875910967588,0.0051259918743336175,1.003493232241203,0.23301914419649183,0.3000037534635222,1.003493232241203
0.10390718188136816,0.5838159043341875,0.8180798487737775,0.15060078725218773,0.2666821964085102,0.7727126209065318,0.001449646466263077,1.003484469803516,0.20299192134827532,0.25359810958840867,1.003484469803516
0.0978955589234829,0.42989698611199856,0.28259956277906895,0.3098492221906781,0.43292151391506195,0.6339062619954348,0.0009456671637887784,1.0033723987245942,0.18300010629199492,0.33795493863992015,1.0033723987245942
0.3363406900316477,0.614984193816781,0.14915507193654776,0.29324663057923317,0.3268994214013219,0.874965263530612,0.0011629831659129457,1.0033722731553205,0.19762685525107598,0.2194178907038827,1.0033722731553205
0.08028217032551765,0.4806525092571974,0.790235735476017,0.4049421511590481,0.32588300947099924,0.6237892527133226,0.003340102712927645,1.0031483222630984,0.22665174626802925,0.33544192821821217,1.0031483222630984
0.2637000400573015,0.43053975235670805,0.6797798173502088,0.3683230858296156,0.39576255716383457,0.8691280670464039,0.0005473148973643483,1.0031245067070413,0.1988916116052407,0.23754413164776633,1.0031245067070413
0.3461164887994528,0.2738050390034914,0.1632233653217554,0.1918361270800233,0.3057226715609431,0.7607516516000032,0.0019424360672017284,1.0030570123063056,0.2063681661106447,0.22786514153424334,1.0030570123063056
0.11432220693677664,0.5432444522157311,0.9544565277174115,0.4248530436307192,0.2948741465806961,0.6965126125141978,0.0020486508968081563,1.0028116741684252,0.21677677755442526,0.2932194767423835,1.0028116741684252
0.11272656545042992,0.46126294415444136,0.7880381708964705,0.24246761109679937,0.2341081267222762,0.6959731830283999,0.0018102225840308775,1.0027913766106682,0.2095657474388866,0.2924966845766697,1.0027913766106682
0.3443446643650532,0.2925855051726103,0.5649003004655242,0.2553037768229842,0.3847651006653905,0.7695612730458379,0.0006427797059792726,1.0025742980798007,0.18198137032754022,0.25399104214248747,1.0025742980798007
0.152206314727664,0.35895587876439095,0.0395612521097064,0.3197518428787589,0.2603973997756839,0.6683376124128699,0.0025373924729951507,1.0025430993142965,0.2194549242394553,0.29259369849786643,1.0025430993142965
0.01935724262148142,0.3921162346377969,0.4654204389080405,0.4227217063307762,0.39396676141768694,0.6639711419120431,0.0025744598732708756,1.0024375100589342,0.22071422639562577,0.27244745365490436,1.0024375100589342
0.1837589517235756,0.6481578834354877,0.3238636180758476,0.14376345556229353,0.3650841014459729,0.7817649617791176,0.0003725471354419197,1.0024106999786384,0.15743640935493527,0.19886102908299916,1.0024106999786384
0.15214143227785826,0.4695950672030449,0.2509835259988904,0.24875894840806723,0.4701219666749239,0.8015259755775332,0.001356901689589956,1.0022324319082652,0.14812673567352744,0.3097475830567301,1.0022324319082652
0.26704106014221907,0.6080621043220162,0.045614948496222496,0.2202281253412366,0.3742253463715315,0.8588507110252976,0.0002281980056270913,1.0021654458965554,0.17738304779399605,0.19528779861499967,1.0021654458965554
0.11894178949296474,0.2947246413677931,0.12290005758404732,0.2511397786438465,0.42530494928359985,0.860398911871016,9.367338339512284e-05,1.0017252633481288,0.14041791780386123,0.1773902335610007,1.0017252633481288
0.17182414326816797,0.2970726331695914,0.3425867948681116,0.4652628991752863,0.33162165712565184,0.8746622856706381,0.002179955999840745,1.0014482428207003,0.22936069294925449,0.2502121298969471,1.0014482428207003
0.06071045994758606,0.3936385363340378,0.5264185108244419,0.24190802313387394,0.34876967407763004,0.5520640462636948,0.002264737745078848,1.0013467824577373,0.22380338270724331,0.3510442417506501,1.0013467824577373
0.4940018244087696,0.436307979747653,0.3130947817116976,0.1568427039310336,0.311533160507679,0.8033047756180167,0.002930710111534337,1.0012931143593689,0.1970107087134836,0.31837451634316044,1.0012931143593689
0.07327180914580822,0.39271750394254923,0.5894047217443585,0.5115879382938147,0.3105537360534072,0.8493074523285031,0.002041395921040087,1.0011830491451392,0.23248950611810484,0.3271185337116426,1.0011830491451392
0.2964073559269309,0.58989876229316,0.09891867823898792,0.408066519536078,0.3502101004123688,0.829102766700089,0.0013468551642834116,1.0010929530407637,0.21409550136747335,0.2455612714450078,1.0010929530407637
0.10549556463956833,0.35306853149086237,0.9531303457915783,0.1551512274891138,0.4071267629042268,0.7217159606516361,0.00014363613333743624,1.0007880223758523,0.17175987072023363,0.24626599907743743,1.0007880223758523
0.18034500628709793,0.27281138952821493,0.5183388311415911,0.23348661046475172,0.40537580754607916,0.8314539678394794,9.208566298284641e-05,1.0005469331582555,0.16312227545129065,0.22061807942614542,1.0005469331582555
0.25205359794199467,0.4078791420906782,0.910244501195848,0.3073396598920226,0.2903859205543995,0.9165300885215402,0.0009774676945252855,1.0002358890814584,0.1853838286482528,0.2242955789279612,1.0002358890814584
0.012363151647150517,0.5009383764117956,0.5015886658802629,0.21684902906417847,0.22009884752333164,0.7149598067626357,0.002175823226198684,1.0001321982161127,0.2029952620450548,0.29182324757023465,1.0001321982161127
0.05863342992961407,0.5540236476808786,0.8509091325104237,0.12380621116608381,0.2778059272095561,0.7126271910965443,0.0014729639960342283,0.9999102100598737,0.20629076468101018,0.27635557540328526,0.9999102100598737
0.1520406622439623,0.3674804735928774,0.8511728225275874,0.21535735297948122,0.24782615434378386,0.8445566780865192,0.0010612812818577627,0.9998281198149691,0.20445669076852643,0.22491236241684742,0.9998281198149691
0.04231478925794363,0.5158459115773439,0.04234602674841881,0.325919920578599,0.4540686225518584,0.7397046443074942,0.001036388749240124,0.9998048912881772,0.1641306980324369,0.3307870874929345,0.9998048912881772
0.306808952242136,0.5709139490500093,0.44929396267980337,0.3317571859806776,0.27625868655741215,0.8464742600917816,0.0009845245084367108,0.9997992317343,0.19088844595564577,0.22057346844297154,0.9997992317343
0.11486966069787741,0.5671462910249829,0.07673056982457638,0.28846626821905375,0.3416186310350895,0.5819523083046079,0.0026296741641983028,0.9996995315797526,0.21196244380936988,0.3511086699446029,0.9996995315797526
0.20571425091475248,0.6364668132737279,0.1487293280661106,0.3346209991723299,0.37759296130388975,0.7088551120832562,0.0009498074575063642,0.9996561492412332,0.18201171522695037,0.23463971309666015,0.9996561492412332
0.5511440923437476,0.5443191006779671,0.271670856513083,0.26795270573347807,0.3541279770433903,0.751796935684979,0.001297096797881086,0.9992834197748641,0.18164350901877846,0.2945765768936693,0.9992834197748641
0.2827033484354615,0.33415711019188166,0.17951051890850067,0.29209339898079634,0.33511208835989237,0.9503681641072035,0.0014063041160650427,0.9992773708073749,0.18145593047395903,0.20272614698657032,0.9992773708073749
0.019339432008564472,0.33765755593776703,0.43609053269028664,0.24945384543389082,0.21956454869359732,0.8302912544459105,0.0014883664378397441,0.9989665786472188,0.20509387404860632,0.23660295857740846,0.9989665786472188
0.19333707820624113,0.2531386725604534,0.4589951178058982,0.20732666365802288,0.3991460194811225,0.7987082693725824,0.00013652012035571324,0.9983385782567276,0.16736465850104654,0.2056260626607801,0.9983385782567276
0.0079389289021492,0.4444092884659767,0.018917998299002647,0.08236131351441145,0.3943801103159785,0.6899886429309845,6.538123845184012e-05,0.998086206691618,0.1429999247986646,0.27959993719513,0.998086206691618
0.013821500353515148,0.254380383528769,0.1251808414235711,0.3874440426006913,0.40198097843676805,0.8437304142862558,0.0013402724093803527,0.9979100703257476,0.20969077037691972,0.19270526903718072,0.9979100703257476
0.08648632653057575,0.4550065416842699,0.015628322958946228,0.2894578389823437,0.34590497985482216,0.5495456447824836,0.0030175131149133977,0.997828735300564,0.22513181221173714,0.37678243930266375,0.997828735300564
0.05503200180828571,0.5312625160440803,0.9133063284680247,0.32279183343052864,0.3115890007466078,0.5876301405951381,0.0032239523234404133,0.997500936440073,0.22936732032566504,0.34836642792805694,0.997500936440073
0.03280835598707199,0.3414199650287628,0.5597361214458942,0.4049248229712248,0.419180765748024,0.8208881337195635,0.0014152437614940254,0.9974924072271185,0.21204618949582651,0.2346025434341263,0.9974924072271185
0.15403121057897806,0.5818299567326903,0.18477393873035908,0.3159404927864671,0.43294299207627773,0.8360930904746056,0.0005267496410475877,0.9974331787576668,0.18498953877283342,0.22733519321897128,0.9974331787576668
0.169021999463439,0.38723650481551886,0.6426897132769227,0.4107843451201916,0.2584461532533169,0.7421925934031606,0.0016644854512866975,0.997133458491749,0.21149065347532725,0.2773148362287079,0.997133458491749
0.31065260246396065,0.4072017502039671,0.26047234050929546,0.43355796206742525,0.37501518800854683,0.8866792861372232,0.00065516601523114,0.996798252390443,0.21400608630301704,0.2138172018480236,0.996798252390443
0.20545538794249296,0.5592600982636213,0.041508544236421585,0.2720316872000694,0.3655995922163129,0.6156153148040175,0.0010231322383203061,0.9963458485790693,0.18888129224983685,0.3310239020351735,0.9963458485790693
0.030374471098184586,0.422540376894176,0.33968697767704725,0.010487842373549938,0.29717281833291054,0.8276831526309252,0.0027567960191091883,0.9962805038116485,0.1938220745415517,0.35607037264585195,0.9962805038116485
0.04339708015322685,0.2164383614435792,0.14567105937749147,0.1657467493787408,0.3131978493183851,0.6934454524889588,0.003186194049957069,0.9961780653370979,0.22502802265351662,0.2643367277652895,0.9961780653370979
0.2381706079468131,0.6168079832568765,0.23982948064804077,0.37492192722857,0.3311174651607871,0.8969054697081447,0.0013331667938756991,0.9960099929802756,0.20934931501622203,0.21109138827634993,0.9960099929802756
0.21133713144809008,0.6034927871078253,0.13719604816287756,0.3009600965306163,0.29100481793284416,0.6570301614701748,0.0015287413810054825,0.9957758823922211,0.20709610326575895,0.2713457363620801,0.9957758823922211
0.25274462904781103,0.4003598401322961,0.5618666494265199,0.19070829916745424,0.30310368817299604,0.6421836083754897,0.0013117467898292657,0.9955163398173823,0.21309676739402833,0.27809394987174185,0.9955163398173823
0.13914650306105614,0.30863301176577806,0.19751448463648558,0.31587071251124144,0.23303534276783466,0.7371468031778932,0.0018710480945721476,0.9953211971242394,0.20801155353755538,0.24174578849869552,0.9953211971242394
0.5408819727599621,0.4461767952889204,0.3494119858369231,0.3240587692707777,0.2970206420868635,0.7581503605470061,0.0016916913426817638,0.9951253437587283,0.1920147925922821,0.27887845812434336,0.9951253437587283
0.23322870302945375,0.5834559742361307,0.27722239308059216,0.2535468051210046,0.421037913300097,0.7009332571178675,0.0002054260307597198,0.9946792820475379,0.13646171879197197,0.26575520967617755,0.9946792820475379
0.12467293534427881,0.5171711714938283,0.22698349971324205,0.25562346167862415,0.25239494163542986,0.6301424782723188,0.0016706683045959786,0.9942710456067091,0.20700670464247295,0.28000637078037227,0.9942710456067091
0.3308754311874509,0.4760754397138953,0.4099479131400585,0.29208068642765284,0.42937612533569336,0.7455795686691999,0.00020608197913765623,0.9942355347727968,0.14645154440444236,0.22661118388309254,0.9942355347727968
0.544175535440445,0.4289306243881583,0.55706128757447,0.23043796606361866,0.3470919346436858,0.768096974119544,0.002733645776503549,0.9941660648379462,0.18469675043645364,0.3424531575831579,0.9941660648379462
0.38126884400844574,0.271602232940495,0.320846613496542,0.2217119336128235,0.34724178817123175,0.7067702505737543,0.0024496549379977224,0.9939666481028313,0.20340623755966955,0.2592550818182578,0.9939666481028313
0.38201209530234337,0.22642545122653246,0.3469766192138195,0.2538028182461858,0.3145832819864154,0.7700819689780474,0.0022810745090122582,0.9938395122461868,0.2066095148902177,0.26343285952621115,0.9938395122461868
0.018089622259140015,0.2334431754425168,0.2176116118207574,0.47841953951865435,0.33703410625457764,0.7425549002364278,0.005189892567677136,0.9936363477545781,0.24477291994176312,0.28294317109214445,0.9936363477545781
0.1572694694623351,0.5567051945254207,0.38704099506139755,0.33463799953460693,0.3458796311169863,0.9722076551988721,0.00201773925068769,0.9936121879889138,0.19623888607722947,0.22214954942319332,0.9936121879889138
0.14203746989369392,0.6121968748047948,0.0570856761187315,0.24403859861195087,0.2738933553919196,0.6721683843061328,0.0015749396650883113,0.9934723300620951,0.2098832086841863,0.28022328492977655,0.9934723300620951
0.2327922247350216,0.39269993361085653,0.1312618236988783,0.2874744972214103,0.25936459470540285,0.906135500408709,0.0009838980291626011,0.9933913705652645,0.1712533652997368,0.18750901198829456,0.9933913705652645
0.08398812729865313,0.4176934212446213,0.4822972286492586,0.4447896499186754,0.2517253076657653,0.8428202765062451,0.0013941168858193859,0.993368861043495,0.21063863779535535,0.2498617336912089,0.993368861043495
0.12236384116113186,0.6690717758610845,0.7858736347407103,0.3721139170229435,0.3371636066585779,0.7528161453083158,0.0019238722961030948,0.9932581891815252,0.20894126812504368,0.2963291062253022,0.9932581891815252
0.1735900091007352,0.1800943799316883,0.47060185112059116,0.27122039441019297,0.32691850792616606,0.8505547475069761,0.001990169436361769,0.9931787444993929,0.21481335297364385,0.28018539736128006,0.9931787444993929
0.1900951648131013,0.18635907117277384,0.06951995752751827,0.33361406717449427,0.33857062086462975,0.737420704215765,0.004492836635016782,0.9930202226153305,0.226593694588938,0.3008246650201656,0.9930202226153305
0.06400000303983688,0.5267336498945951,0.30554141756147146,0.43397268280386925,0.25476257875561714,0.8751698695123196,0.0012326499222298354,0.9929950668531232,0.19835601377201217,0.21331709442242983,0.9929950668531232
0.30698610562831163,0.3055587774142623,0.2220127647742629,0.30316087044775486,0.320960134267807,0.6438881391659379,0.002066109305258672,0.9928655493771411,0.21971663407834005,0.259142467399324,0.9928655493771411
0.2637574141845107,0.30426334496587515,0.8921942515298724,0.18846898339688778,0.37353892903774977,0.7200898677110672,0.0006859214558241906,0.9925169808203748,0.19512975655419162,0.25505977238812466,0.9925169808203748
0.0593066792935133,0.5935983788222075,0.2427816605195403,0.2291567400097847,0.3558161770924926,0.5658384133130312,0.001316703915172022,0.9923808833118989,0.20767886448205952,0.3521196214073713,0.9923808833118989
0.38918973598629236,0.49999327678233385,0.5338228978216648,0.18103280384093523,0.35059912595897913,0.8776355776935816,0.0011277213254128633,0.9920586113923505,0.18556389513499755,0.2740220059331287,0.9920586113923505
0.06967189814895391,0.32782249990850687,0.5494670690968633,0.29384103510528803,0.4425762565806508,0.7331129880622029,0.0011489918481201438,0.9920321853873915,0.18244777673652263,0.2894326003985274,0.9920321853873915
0.32735192216932774,0.4972737831994891,0.4599086605012417,0.170544795691967,0.33264436665922403,0.6521317521110177,0.0013794069402970194,0.991363636128849,0.1939075135343866,0.27636027279082387,0.991363636128849
0.12259972002357244,0.42755632754415274,0.39474323112517595,0.38740388583391905,0.37027396634221077,0.6032053176313639,0.001763138110372827,0.9912183092518622,0.22176362453922407,0.30444418224772635,0.9912183092518622
0.2641134727746248,0.3508512042462826,0.39561075530946255,0.41936939861625433,0.26718513667583466,0.813051700592041,0.0010468550508310943,0.9910555844540108,0.20514799109831652,0.22252141372361947,0.9910555844540108
0.20764487981796265,0.5711155645549297,0.010974246077239513,0.13897044211626053,0.3856172161176801,0.820955797098577,0.00015998227541677774,0.9910495475258463,0.1648313154181249,0.21727633118062356,0.9910495475258463
0.15542715601623058,0.5477511286735535,0.09072107262909412,0.48343714885413647,0.3483807994052768,0.725475094281137,0.0017776392460720667,0.990746767852187,0.21133664315326045,0.2901150997452171,0.990746767852187
0.28293169382959604,0.4699633289128542,0.004990279674530029,0.35468701366335154,0.41003263648599386,0.8579733185470104,0.0006431211142147778,0.9907206836416553,0.19528986264932893,0.22673968646420387,0.9907206836416553
0.3274573227390647,0.4198000431060791,0.9555202880874276,0.440621898509562,0.30832194723188877,0.8066709050908685,0.0021240279844493087,0.9904594238595424,0.2173336650535665,0.30434990670251566,0.9904594238595424
0.20587326772511005,0.4958657054230571,0.42874299362301826,0.3002358879894018,0.4540326902642846,0.7854130677878857,0.0003204100459640816,0.9904292576330236,0.15788267461523714,0.2707381280991253,0.9904292576330236
0.011624341830611229,0.21356577705591917,0.4851573780179024,0.15809056255966425,0.38111727219074965,0.7849658755585551,0.0005549195373724438,0.9903577986087129,0.18743355529479985,0.24850282639652038,0.9903577986087129
0.10621314495801926,0.46738274581730366,0.8464844487607479,0.21773689985275269,0.33214499708265066,0.5631876494735479,0.0020828458071147113,0.9902168634455383,0.2241678018294817,0.3504602197368909,0.9902168634455383
0.1841157115995884,0.46833611000329256,0.4996675606817007,0.264768217690289,0.30533192306756973,0.9785384004935622,0.0014480531920867924,0.99017246417447,0.1555023483304477,0.24216165252056895,0.99017246417447
0.2471748972311616,0.37280131597071886,0.03814207203686237,0.48943018913269043,0.3463537897914648,0.7600230574607849,0.0032658412244913736,0.9901476204390413,0.22370060872974185,0.3184021901642243,0.9901476204390413
0.14995498303323984,0.4332883208990097,0.12072593998163939,0.41776797361671925,0.28291746228933334,0.9229403752833605,0.0013087580490680553,0.9900790234093897,0.18136878707256762,0.19805133875448386,0.9900790234093897
0.03275128919631243,0.45588142797350883,0.7701725158840418,0.03852534852921963,0.31933408323675394,0.7033288236707449,0.00253087510026009,0.9898941348417847,0.19413835992184797,0.36692302649993896,0.9898941348417847
0.15360321942716837,0.328376485966146,0.08359038084745407,0.5027927244082093,0.33867055736482143,0.8305353950709105,0.0033373477628012536,0.9897704484692472,0.234134222634241,0.30805334077703095,0.9897704484692472
0.15142373275011778,0.3357500834390521,0.42558438051491976,0.18610836286097765,0.2711167447268963,0.897945293225348,0.0007820268683600478,0.989645307240229,0.1884268442200751,0.15789776205071637,0.989645307240229
0.3012320827692747,0.5103596784174442,0.4165148986503482,0.06771569140255451,0.3497662376612425,0.8011636696755886,0.001842186829795449,0.9896270620927335,0.17596021564447167,0.3290090052425,0.9896270620927335
0.29457825515419245,0.4924713587388396,0.27448745258152485,0.2897243797779083,0.28103522304445505,0.935466387309134,0.0011746748135838725,0.9893816911491489,0.14559713540197688,0.19396579000152378,0.9893816911491489
0.14790476765483618,0.6733886711299419,0.1650581294670701,0.2822795882821083,0.265685916878283,0.7941678622737527,0.0014221713903979196,0.9893675983402486,0.20071050974324633,0.2369412216708673,0.9893675983402486
0.010147321037948132,0.5503024840727448,0.8550084037706256,0.4225696949288249,0.38047289196401834,0.8902942128479481,0.0012167557115579577,0.9893005850568148,0.2259380001529802,0.24395601183870227,0.9893005850568148
0.3458058377727866,0.6016600988805294,0.38318207301199436,0.1578649701550603,0.35475572291761637,0.7447479469701648,0.00033378861745874815,0.9892190846807494,0.17221839426538954,0.2086996682544264,0.9892190846807494
0.10773900710046291,0.5178992561995983,0.37632138933986425,0.19131756015121937,0.34120611287653446,0.5532803721725941,0.0016058008952548714,0.9891517038836406,0.21481292758772902,0.33887850533581704,0.9891517038836406
0.2153641888871789,0.5216103261336684,0.9569057477638125,0.14458852913230658,0.3698390470817685,0.6817477019503713,0.00011369848025462766,0.9891305024279632,0.1721458211485884,0.27890334226087066,0.9891305024279632
0.21098872274160385,0.5558443935588002,0.6337766069918871,0.08764568902552128,0.3192336102947593,0.7509884648025036,0.0010561713150288882,0.9889777353044964,0.18176195052183508,0.33305207168006484,0.9889777353044964
0.2749583488330245,0.5078455554321408,0.6065396219491959,0.25218215584754944,0.3910178476944566,0.9129503639414907,0.00028346911520881304,0.9887211726996434,0.1667018667230437,0.23501933611290998,0.9887211726996434
0.04940172750502825,0.3570847036316991,0.4231507880613208,0.39996573328971863,0.3152915770187974,0.9729936635121703,0.0014324739784172765,0.988631122948068,0.21050197250562466,0.20204753778884096,0.988631122948068
0.3477170243859291,0.38657545298337936,0.5476911216974258,0.11038684286177158,0.34222359769046307,0.8044256195425987,0.0032064718919750535,0.9886102135770827,0.1907254750106129,0.3356955546341597,0.9886102135770827
0.29058996587991714,0.4373076194897294,0.9667964056134224,0.36078771762549877,0.3317554509267211,0.6524820011109114,0.0023018222279263516,0.9885588744916568,0.21963643878518538,0.2993961545468747,0.9885588744916568
0.2804952757433057,0.2617695266380906,0.8475408023223281,0.2491869516670704,0.3112037656828761,0.8530665151774883,0.001204185410495142,0.9885389650022788,0.21363321260812687,0.2605521418463799,0.9885389650022788
0.09063328336924314,0.3222051365301013,0.49407502356916666,0.4121053395792842,0.4166215509176254,0.7911333106458187,0.00130079768499429,0.9881337873609914,0.21081775485218357,0.20207548363816866,0.9881337873609914
0.25826213601976633,0.410320189781487,0.2562662521377206,0.11477488745003939,0.2752704154700041,0.7166981641203165,0.001039833847389913,0.9879158269620387,0.20415496621648593,0.23230645941789382,0.9879158269620387
0.3215560093522072,0.5763088800013065,0.10427465569227934,0.2691498752683401,0.2642305912449956,0.7413467932492495,0.0009159497645897837,0.9877887560002102,0.19876790348432505,0.22815628222769369,0.9877887560002102
0.3483864590525627,0.47199950739741325,0.42099966388195753,0.22402240429073572,0.29521905817091465,0.9193517845124006,0.0008385513735273747,0.9876256140240526,0.17029804419778213,0.1986078594491274,0.9876256140240526
0.2099188845604658,0.29985198471695185,0.588286742568016,0.20651796460151672,0.3665763344615698,0.9034958174452186,0.00010846469353206822,0.9873071806424895,0.16506297157236427,0.22453617997815267,0.9873071806424895
0.20917815621942282,0.5429537845775485,0.22941696923226118,0.03394137229770422,0.333220399916172,0.7406105101108551,0.0014515770481055388,0.987118546537465,0.1799803331377402,0.33694105910816646,0.987118546537465
0.14528102427721024,0.2151747653260827,0.0994348144158721,0.4232748281210661,0.3358089132234454,0.8104453487321734,0.003771558552028281,0.98695993396569,0.23345528279288022,0.27355762183046994,0.98695993396569
0.28434289805591106,0.37701616156846285,0.2234370857477188,0.44505621306598186,0.37130402959883213,0.7034710375592113,0.0009186499563359717,0.9868868969516701,0.21843821560148557,0.23632985951025143,0.9868868969516701
0.2134911473840475,0.4901237217709422,0.10489668045192957,0.067021943628788,0.3277506697922945,0.8664264213293791,0.001538676246453897,0.9868118875001306,0.18567999603734406,0.31651352416016065,0.9868118875001306
0.3404312524944544,0.29178583435714245,0.23130550794303417,0.3790892856195569,0.2818862618878484,0.8022027667611837,0.0014824830135758927,0.9867970364417272,0.20752102943281345,0.2210230559875579,0.9867970364417272
0.08210815768688917,0.43302296195179224,0.19912337511777878,0.5776029685512185,0.35742026567459106,0.7754064695909619,0.0021252431409100143,0.9867774241237585,0.22477806268590605,0.3596703660785788,0.9867774241237585
0.06363936141133308,0.33131843712180853,0.3875346863642335,0.03153433836996555,0.3218385959044099,0.8229351220652461,0.003225337296562085,0.9867641913432883,0.19248134853352933,0.3451025417730988,0.9867641913432883
0.09201537910848856,0.3691862439736724,0.7780759669840336,0.0985111566260457,0.27581153623759747,0.8018626598641276,0.0017457461927189615,0.9865603380108725,0.20483443146532654,0.2936620112431841,0.9865603380108725
0.10000824462622404,0.35551124997437,0.3618046883493662,0.45501431077718735,0.39098845701664686,0.8949327608570457,0.0006493025898163004,0.9862702565870555,0.21499123318722507,0.17695678978488982,0.9862702565870555
0.09606588911265135,0.6293332623317838,0.4265979556366801,0.3062819866463542,0.26049498934298754,0.872401257045567,0.0014046324336963703,0.9862627678189646,0.19257992361769552,0.21054931550833197,0.9862627678189646
0.1252200696617365,0.42801031563431025,0.20194153115153313,0.2755807898938656,0.47053438052535057,0.8297399077564478,0.0007034688245467366,0.9861226934463622,0.16952738689016514,0.2911335253839478,0.9861226934463622
0.04913485422730446,0.6145931696519256,0.751731626689434,0.35171668138355017,0.34443557914346457,0.6397281959652901,0.002934087570284906,0.9857845266428652,0.2178040594247248,0.3360313100662412,0.9857845266428652
0.030925650149583817,0.4610894611105323,0.6915039867162704,0.15509911626577377,0.31291259825229645,0.9583662785589695,0.001139252214546742,0.9857541644720758,0.1727782575702593,0.28738184601716116,0.9857541644720758
0.1304222485050559,0.17882538214325905,0.6437129583209753,0.22184375394135714,0.36808208376169205,0.7705060010775924,0.0016298877416951595,0.9856371094020893,0.21010258759687317,0.321005210864625,0.9856371094020893
0.3480615885928273,0.46392502170056105,0.05110293347388506,0.2779239295050502,0.2983087720349431,0.6469298079609871,0.0014193715497206238,0.9853243929031674,0.2091009140606754,0.28194293419699046,0.9853243929031674
0.057083372958004475,0.4407231733202934,0.8915817495435476,0.3022568058222532,0.21698139980435371,0.7111105136573315,0.0024996360582616953,0.9851532991728079,0.2124566225396386,0.2980704768261036,0.9851532991728079
0.049142745323479176,0.46358021907508373,0.25343238841742277,0.46261985041201115,0.42787093576043844,0.8202121602371335,0.001646512910059464,0.9846266885921708,0.21672761198596494,0.2389712847767024,0.9846266885921708
0.3854457065463066,0.43015200179070234,0.22490939311683178,0.21948048751801252,0.292432620190084,0.6596536310389638,0.0010199214508028577,0.9843159202552175,0.20908184245173944,0.22362250675225925,0.9843159202552175
0.19642339926213026,0.41925778426229954,0.11792169231921434,0.21091644186526537,0.4534667572006583,0.8136262567713857,0.0004388525297395865,0.9843015278292618,0.14116546994051307,0.24740656392527996,0.9843015278292618
0.2207355536520481,0.33295235503464937,0.6790948202833533,0.4233689671382308,0.29817499313503504,0.8652019649744034,0.000992523542546688,0.9842535473802336,0.22266134260340245,0.26017673583326484,0.9842535473802336
0.4074420277029276,0.41222864761948586,0.1559082129970193,0.16745788790285587,0.3297049216926098,0.8963579703122377,0.001391625177373887,0.9840390637118951,0.19344856768123875,0.25258589418078575,0.9840390637118951
0.055583151057362556,0.5708427233621478,0.05562874674797058,0.4676778307184577,0.3273432943969965,0.6908355252817273,0.002741441168652399,0.9839922922505709,0.22043178684798712,0.3193270413646206,0.9839922922505709
0.1547782253473997,0.22025993186980486,0.8407036801800132,0.25744798593223095,0.3675495143979788,0.8609463181346655,0.00044047975838083835,0.9839669219445197,0.19868689870943118,0.27653605474446996,0.9839669219445197
0.35218189656734467,0.4942919993773103,0.17488706205040216,0.1630580648779869,0.39290543273091316,0.8731113327667117,0.00015519568130423946,0.9838493916951916,0.1733035445736115,0.2118086911145301,0.9838493916951916
0.3069290891289711,0.4293661219999194,0.4480752581730485,0.14035178907215595,0.4095916235819459,0.7616763385012746,0.00042831794698730845,0.9838489197438872,0.14635448106674076,0.20778986385787312,0.9838489197438872
0.33088332042098045,0.5706920232623816,0.9077731808647513,0.4009031839668751,0.3449633717536926,0.8003251431509852,0.0016205037435289757,0.9835006702772291,0.2023906526029373,0.29078608656203747,0.9835006702772291
0.23751766420900822,0.5778827201575041,0.3582573961466551,0.13094232231378555,0.324380062520504,0.669373189099133,0.0008578824442102377,0.9832503400726297,0.19649310309445617,0.2511159678538689,0.9832503400726297
0.27475580107420683,0.40597333293408155,0.488343414850533,0.07258347328752279,0.33769492618739605,0.8332038875669241,0.0030756757429470497,0.9831053853606874,0.18712468117660452,0.3427846114588103,0.9831053853606874
0.013612084090709686,0.1470343228429556,0.07250261399894953,0.18834479432553053,0.3495832420885563,0.7872130842879415,0.0028252571973886387,0.9830634821402469,0.21764533833672253,0.29755337992672976,0.9830634821402469
0.057412367314100266,0.4812583336606622,0.31707553565502167,0.33553834818303585,0.303138199262321,0.5463898936286569,0.002773005602067535,0.9829296884007439,0.23177196332737915,0.3430092468766995,0.9829296884007439
0.02861130516976118,0.3482194384559989,0.25858994107693434,0.22471254877746105,0.2767279511317611,0.5810388019308448,0.001989730581586922,0.9827837826345516,0.23426049340997349,0.26945076453215194,0.9827837826345516
0.3774871192872524,0.35329392924904823,0.5226364806294441,0.3155883215367794,0.29770429991185665,0.6966973347589374,0.001622702142715249,0.9827826360041949,0.20672505047604037,0.27257365865135696,0.9827826360041949
0.12901771627366543,0.3735352782532573,0.7848146334290504,0.24436048604547977,0.31873310636729,0.9773331517353654,0.0010939532281194976,0.9827461166923919,0.18134791256137753,0.24675419192082,0.9827461166923919
0.5738273728638887,0.4899952681735158,0.04823275562375784,0.30092978850007057,0.3481258684769273,0.7708905274048448,0.0026076409909357146,0.9825642557872213,0.1963043455271171,0.33909461897758275,0.9825642557872213
0.03421214781701565,0.6419087927788496,0.21752075012773275,0.37863994762301445,0.41042057890444994,0.8112087845802307,0.0012176735236359673,0.9823912110274255,0.20809471551469763,0.21493714568060449,0.9823912110274255
0.026542354375123978,0.5867108218371868,0.40379361249506474,0.22163359075784683,0.41668092645704746,0.912794791162014,0.00018025103560073488,0.9823821243728976,0.17137796123025853,0.2070355239641478,0.9823821243728976
0.23153668828308582,0.22579027712345123,0.7443394986912608,0.31984067521989346,0.35564848873764277,0.7230923511087894,0.0030563185529651955,0.9823350740143542,0.22557918812810981,0.3061731028789925,0.9823350740143542
0.27290790528059006,0.669710710644722,0.18532553408294916,0.30607552733272314,0.36650243401527405,0.736328843049705,0.0007152864723727983,0.9822748864938131,0.18341258179373046,0.23030562924452458,0.9822748864938131
0.19824841991066933,0.4130507642403245,0.7567122559994459,0.233500094152987,0.37458482943475246,0.5988648124039173,0.0006799681052201803,0.9821725325395694,0.20604231818194474,0.32512988276738586,0.9821725325395694
0.230726252309978,0.4001188315451145,0.9926399411633611,0.28002706449478865,0.4124618135392666,0.683571107685566,0.00047391786559153846,0.9820271877604441,0.184802822899999,0.2851020810675192,0.9820271877604441
0.4826276274397969,0.4854971934109926,0.3939091498032212,0.25738043431192636,0.37859634310007095,0.8755321754142642,0.0004412220048002998,0.9819761141125463,0.18453310750390847,0.23882345963450605,0.9819761141125463
0.27314421627670527,0.42697454430162907,0.5129943657666445,0.44611799716949463,0.3331455271691084,0.8997065387666225,0.0018769554111761843,0.9818072096221502,0.21848858021087966,0.26213305607956366,0.9818072096221502
0.10909179411828518,0.1676785098388791,0.27985209319740534,0.18669716361910105,0.2984774140641093,0.80776949506253,0.002283383475699774,0.9817882797513822,0.2240526369242431,0.2638355863945095,0.9817882797513822
0.2690681293606758,0.4870573319494724,0.19690979272127151,0.391651151701808,0.27473485469818115,0.6801850898191333,0.0011367588581893333,0.9815691910870278,0.20801118893883583,0.2365970263739081,0.9815691910870278
0.29059784207493067,0.5158032923936844,0.4684821469709277,0.43836682569235563,0.380034557543695,0.8328453181311488,0.0006469283419511,0.98156038190696,0.20815471020102003,0.23116693653102843,0.98156038190696
0.14601099211722612,0.627407506108284,0.5745458640158176,0.21882266364991665,0.40722456481307745,0.7990720700472593,5.2612058260459916e-05,0.9815220218576763,0.14647374782908432,0.23486243107123653,0.9815220218576763
0.32141241151839495,0.5302378674969077,0.6076940800994635,0.12309716548770666,0.345254672691226,0.8348846454173326,0.0016514462894857177,0.9813517050970967,0.18743840896826514,0.32014572524516266,0.9813517050970967
0.23579023871570826,0.4329270264133811,0.52149738650769,0.3466382697224617,0.3382893670350313,0.9690742651000619,0.0020626464952694344,0.9813183399127281,0.19690886182538844,0.24767390757157767,0.9813183399127281
0.04469776153564453,0.5467916214838624,0.08425439801067114,0.5078618191182613,0.3756054136902094,0.7611171817407012,0.001287614932648772,0.9812964306662921,0.2166301870068393,0.27084105179321943,0.9812964306662921
0.37944755610078573,0.4166663037613034,0.6292660525068641,0.15210417471826077,0.30530504137277603,0.8321446338668466,0.0014941260015914673,0.9811441295469396,0.20263645802257307,0.30887207087835533,0.9811441295469396
0.21177038922905922,0.4204734368249774,0.26753352489322424,0.26739720720797777,0.38995131105184555,0.987228593789041,0.0005234226674486316,0.9808217413646985,0.17445450975788987,0.2200561067707129,0.9808217413646985
0.21034493204206228,0.24469921551644802,0.9794038664549589,0.1976769408211112,0.32210045028477907,0.8448314974084496,0.0018482170489920306,0.980712267212818,0.2199246714464685,0.2718314325414197,0.980712267212818
0.2077095853164792,0.6949353516101837,0.2839344860985875,0.3042980432510376,0.3448373042047024,0.7031675977632403,0.0016229812123294554,0.9805917713020195,0.1957738664990198,0.2868786226319702,0.9805917713020195
0.1129397414624691,0.6325018294155598,0.21668291185051203,0.24955398123711348,0.3336553815752268,0.9517743876203895,0.0012536694537116026,0.9805814626083752,0.18123947255358966,0.21893057120841117,0.9805814626083752
0.47537409607321024,0.39798477850854397,0.9540481260046363,0.22284623607993126,0.3564332267269492,0.8214167943224311,0.001430255495615061,0.9802641164013393,0.1932735910674834,0.30800830999924067,0.9802641164013393
0.19979833625257015,0.16799831297248602,0.536257884465158,0.2957787699997425,0.321658487431705,0.7543942481279373,0.0036022541714541036,0.9801977385591307,0.22384487863629107,0.3202760713788657,0.9801977385591307
0.09784867987036705,0.5789734739810228,0.6022841148078442,0.3697623936459422,0.23988358955830336,0.7935322560369968,0.0014573423220735802,0.9801040763830413,0.20456422754807768,0.2735878211373126,0.9801040763830413
0.4694551629945636,0.5357663417235017,0.606221430003643,0.3369693774729967,0.3035206152126193,0.7869054637849331,0.0013260118091607278,0.9799353367382823,0.19637405236760735,0.30428806551879517,0.9799353367382823
0.32728710677474737,0.3617971008643508,0.24945506639778614,0.2729068845510483,0.43689922988414764,0.7533412771299481,0.000459589283045901,0.9795595817210674,0.1676773420449841,0.2233271966413467,0.9795595817210674
0.1482839910313487,0.4938125582411885,0.02837661560624838,0.1847085189074278,0.3413068912923336,0.9762928765267134,0.0018484909482716675,0.9795020507544152,0.17331538650836786,0.2583621179272064,0.9795020507544152
0.006693384610116482,0.3465088279917836,0.6909274822100997,0.10840345546603203,0.3642079923301935,0.8967901449650526,0.00016109289938873425,0.9793418743231018,0.16561831668453056,0.2781228389184528,0.9793418743231018
0.35021947883069515,0.5694268401712179,0.20631128828972578,0.10555868595838547,0.3350493786856532,0.8139657322317362,0.0017467881182725014,0.9792710827865193,0.19473035925008994,0.29996927234814946,0.9792710827865193
0.21972369216382504,0.3506265813484788,0.0802826602011919,0.10995972994714975,0.3766032597050071,0.8544393321499228,5.360531607089742e-05,0.9791926585622225,0.1551632785254055,0.2343648019165272,0.9791926585622225
0.3381698913872242,0.4550567865371704,0.47353301104158163,0.41135184187442064,0.3045823611319065,0.8936627302318811,0.0007181818255327729,0.979141830557397,0.20269200457952002,0.23290340898266412,0.979141830557397
0.09904025960713625,0.19407551176846027,0.03431509807705879,0.3480917066335678,0.360583228059113,0.7095603328198195,0.004330464740625116,0.9791036522903798,0.23473109571812295,0.30888522189307693,0.9791036522903798
0.040489256381988525,0.5269728759303689,0.8332639476284385,0.3646132852882147,0.3742594998329878,0.9545242628082633,0.001335782728591777,0.9790471486282083,0.21307920378491882,0.2550016993110547,0.9790471486282083
0.14606082532554865,0.409040798433125,0.35113724414259195,0.4768898291513324,0.40398108027875423,0.8461194103583694,0.0008634393176945958,0.9789994972333104,0.22230682963230258,0.20829557908366747,0.9789994972333104
0.08002891577780247,0.2359158666804433,0.6978823449462652,0.3546061497181654,0.336119600571692,0.9057651469483972,0.002096746534852297,0.9789336641525472,0.22495395038126506,0.2659236306895551,0.9789336641525472
0.02071790210902691,0.3611441673710942,0.6372677525505424,0.5323884477838874,0.32018972374498844,0.8443125374615192,0.0030397471476595658,0.978923092720397,0.24584296709848905,0.34485931429448896,0.978923092720397
0.20333385933190584,0.31976436357945204,0.6209495877847075,0.3239452689886093,0.386593958362937,0.6600551521405578,0.0015162191552453384,0.9787786134282267,0.21851254085239843,0.28841176566434495,0.9787786134282267
0.24519223999232054,0.4940013000741601,0.49989376962184906,0.2145961904898286,0.23697541188448668,0.7444213638082147,0.0007154117601091409,0.9787261878313633,0.1978660504333687,0.23987363363240458,0.9787261878313633
0.18895419966429472,0.6287675788626075,0.6400427417829633,0.16447770409286022,0.36180098820477724,0.8145094122737646,0.00022143804583738962,0.978524620984775,0.1725680341598246,0.24413911676429384,0.978524620984775
0.061135873198509216,0.4957132674753666,0.3796464866027236,0.0975098917260766,0.2705149035900831,0.6713927295058966,0.0013336698687515306,0.9783209278415315,0.2101014559918553,0.26161516661074735,0.9783209278415315
0.013889028690755367,0.44943342357873917,0.22091198898851871,0.19050216861069202,0.22665936406701803,0.6661569820716977,0.0017204115614432084,0.9779154070477394,0.21621401780108687,0.25989619420304155,0.9779154070477394
0.002174581401050091,0.2783515863120556,0.4024676261469722,0.4522731453180313,0.28879088442772627,0.8872097423300147,0.0013086368044505261,0.977883917123818,0.2349383823040079,0.20314260896365405,0.977883917123818
0.2967559043318033,0.512554844841361,0.5955021819099784,0.19951283931732178,0.2592982677742839,0.7351677091792226,0.0007844677387791829,0.9776860079515715,0.2013565149413234,0.25433794335186233,0.9776860079515715
0.05638383515179157,0.15028577111661434,0.8056113542988896,0.30302709247916937,0.33184858318418264,0.832105565816164,0.003728614560653273,0.9776031794259058,0.2400807391607268,0.3344412529153524,0.9776031794259058
0.2578182155266404,0.3707889560610056,0.5423904377967119,0.15796292200684547,0.40354252234101295,0.7231828402727842,0.00011317552755398136,0.9774715877742974,0.16390990190820173,0.22490301406575314,0.9774715877742974
0.05111107137054205,0.6779502835124731,0.8932713707908988,0.1726104812696576,0.35233783069998026,0.7679532635957003,0.0007855373932262148,0.9774171479361464,0.17160176992614215,0.2611667499805066,0.9774171479361464
0.38308681827038527,0.5355271305888891,0.0013187229633331299,0.39081183820962906,0.32526971492916346,0.8638029536232352,0.0016475472406347015,0.9772430011834915,0.21543581814826418,0.2874335410982579,0.9772430011834915
0.05106999911367893,0.4547108691185713,0.4872216349467635,0.327135126106441,0.20106043200939894,0.7961916625499725,0.0019529702892920745,0.9770629463163637,0.1941414392955468,0.2792341011570962,0.9770629463163637
0.40390040073543787,0.31303102895617485,0.13209560979157686,0.25733577739447355,0.3468293705955148,0.6785888029262424,0.0022955184338988017,0.9768829595372566,0.21069953447433348,0.2572582544454393,0.9768829595372566
0.21317421831190586,0.5960585670545697,0.9867057166993618,0.2625055154785514,0.3810714231804013,0.8797280685976148,0.0003033505412793798,0.9767806936563213,0.18086080114834338,0.2268231755027589,0.9767806936563213
0.39419437758624554,0.33041528798639774,0.7239566780626774,0.3720599990338087,0.3603121545165777,0.8142032539471984,0.0013409898678525317,0.9767260906375418,0.21772778910476834,0.292200693150773,0.9767260906375418
0.39253075420856476,0.5405521458014846,0.1758418744429946,0.28299899958074093,0.3881430523470044,0.8947481578215957,0.0004614584739365596,0.9766909382552101,0.18739002522448608,0.19667302083309912,0.9766909382552101
0.18388724699616432,0.3520540203899145,0.3255822267383337,0.3273582002148032,0.4495274033397436,0.8219918208196759,0.000749944670285726,0.9763884025833373,0.1860940998200051,0.23071849849147436,0.9763884025833373
0.2208084985613823,0.613639771938324,0.40296131558716297,0.18140173889696598,0.2617436572909355,0.7867634827271104,0.0009221517837595601,0.9763058785871115,0.20497779000732863,0.18046326930691445,0.9763058785871115
0.10610408801585436,0.3889649445191026,0.349904821254313,0.42519862297922373,0.3076394684612751,0.9701990839093924,0.001192000805470585,0.9761981628117017,0.20912130753368438,0.2001530464298716,0.9761981628117017
0.30473572947084904,0.4812990454956889,0.17215911205857992,0.46365960594266653,0.3473864523693919,0.8887960948050022,0.001521012602652802,0.9761338151459049,0.22304243500222287,0.24942025629420117,0.9761338151459049
0.002546412870287895,0.49492712691426277,0.7914292346686125,0.2212830064818263,0.4339325111359358,0.6395985158160329,0.00022662175319961142,0.9761283890464186,0.16488194449920035,0.3842679093629055,0.9761283890464186
0.4532033624127507,0.582215316593647,0.5641299188137054,0.2653758395463228,0.3317150482907891,0.8252651281654835,0.0015713409457273587,0.9760270428767961,0.19097884922359984,0.2954095478654002,0.9760270428767961
0.30122470017522573,0.41159282345324755,0.9148131832480431,0.2390372371301055,0.4225823115557432,0.7466636458411813,0.00012866069479537768,0.9758179072753544,0.1485165880174203,0.2523452111443923,0.9758179072753544
0.21349903848022223,0.5878975782543421,0.602707402780652,0.23944104928523302,0.3994662035256624,0.6872907606884837,0.00010100754773966785,0.975639263928425,0.14074430073124833,0.2893879280892093,0.975639263928425
0.1252274690195918,0.5250682011246681,0.6997677525505424,0.41760527435690165,0.30396926030516624,0.6497423117980361,0.002021648548662167,0.9753780454673042,0.2227583079687556,0.309731347117924,0.9753780454673042
0.11753727402538061,0.2229700619354844,0.45052547194063663,0.2736526979133487,0.38772723358124495,0.887916243635118,0.0002485352777528473,0.975156781767849,0.17548544090185825,0.210480455601908,0.975156781767849
0.3935705740004778,0.5258686793968081,0.579463416710496,0.21956097334623337,0.3100809855386615,0.8859766945242882,0.0008300401733712346,0.9751113554371483,0.18948247255545841,0.2638023233868622,0.9751113554371483
0.1076299725100398,0.5649467771872878,0.8807211834937334,0.4203869206830859,0.2993055069819093,0.8977078832685947,0.001097877922515215,0.9749064711002763,0.21271101170586776,0.24124954388196196,0.9749064711002763
0.10554540529847145,0.5714350678026676,0.24586539063602686,0.3970688050612807,0.40402066707611084,0.6751530291512609,0.0010904864179978662,0.9747634258590335,0.19421049284691214,0.25741466426538384,0.9747634258590335
0.35567597672343254,0.3382808258756995,0.18916822038590908,0.45568782556802034,0.3181373691186309,0.8414779137820005,0.0017523928003184213,0.9745277476189824,0.22509060199278594,0.2694237165874256,0.9745277476189824
0.14965569972991943,0.6218470754101872,0.47469622921198606,0.38887475058436394,0.38186387345194817,0.7218924546614289,0.0008988144481679828,0.9742368470810132,0.18879876535109297,0.22496758523322405,0.9742368470810132
0.11482313927263021,0.48471239022910595,0.020454715937376022,0.5371850458905101,0.3209852818399668,0.7441772231832147,0.002872695245414426,0.9741846884516673,0.2187468244191589,0.3706117403234435,0.9741846884516673
0.21763723995536566,0.3574214968830347,0.37745707482099533,0.1965034818276763,0.38204911909997463,0.6089885653927922,0.000454879330662335,0.9740928152014585,0.20383775894774048,0.26508621438466423,0.9740928152014585
0.4139835275709629,0.3409911934286356,0.39804423600435257,0.13517959602177143,0.3192007588222623,0.8004996161907911,0.0023512104062260834,0.9739216058613528,0.20428794548335896,0.29078924245730814,0.9739216058613528
0.07637728936970234,0.21924502588808537,0.43898545671254396,0.2092646909877658,0.2704309457913041,0.7140286331996322,0.002540586749529218,0.9738749000408581,0.2216488780001141,0.2498073312962467,0.9738749000408581
0.08236240781843662,0.37455030158162117,0.43628873117268085,0.2927881618961692,0.2918273098766804,0.5649251714348793,0.002265668056714174,0.973646101509347,0.2340130328723785,0.30013398128264335,0.973646101509347
0.17800460942089558,0.3103808145970106,0.4800768615677953,0.35702287033200264,0.3944797357544303,0.9053627084940672,0.00042229033791414087,0.9735261489223198,0.1927463988345229,0.17032620105661256,0.9735261489223198
0.37051637936383486,0.372125050984323,0.8884168993681669,0.22060075029730797,0.38407790940254927,0.8607318662106991,0.0001258573580946237,0.9735230305826622,0.17836727314620301,0.24674108542950637,0.9735230305826622
0.3198026930913329,0.5907620806246996,0.508629048243165,0.3524257270619273,0.27856780029833317,0.7502521555870771,0.00088858272111663,0.973327855340003,0.20110097382946968,0.24761529340739755,0.973327855340003
0.1676771119236946,0.4142411705106497,0.17883682530373335,0.33003502059727907,0.4016060521826148,0.6006077276542783,0.0010480008676724672,0.9733207347811884,0.2110897330945738,0.30781539195165797,0.9733207347811884
0.07886057998985052,0.6095307869836688,0.9513114895671606,0.23256926890462637,0.2928035771474242,0.9152465313673019,0.0009662023604045116,0.973308599640361,0.1934715120265839,0.22106172225689,0.973308599640361
0.13120273128151894,0.2870574099943042,0.5871284808963537,0.4211743911728263,0.38154319021850824,0.8565614819526672,0.0008140891598068769,0.9729683794045555,0.22176079194225237,0.23947024268123993,0.9729683794045555
0.20911341439932585,0.2610496561974287,0.9386331718415022,0.2915316242724657,0.351951421238482,0.6622935617342591,0.0028902774301185295,0.972897581101187,0.23201074846517267,0.3035619071815495,0.972897581101187
0.0906981062144041,0.4440899258479476,0.20354319270700216,0.027501548640429974,0.3138310546055436,0.6745503172278404,0.0017654682593290782,0.9728510886945481,0.20268313649541114,0.31804345744407786,0.9728510886945481
0.4766959575936198,0.434596954844892,0.04070977866649628,0.3502873135730624,0.34382820036262274,0.8802441107109189,0.001858179735751913,0.9727556686608537,0.21186679633573136,0.28385116466701577,0.9727556686608537
0.06383532658219337,0.38757234066724777,0.6580473724752665,0.23832723032683134,0.45047834794968367,0.8630507653579116,0.00011752815976876327,0.9723853175750514,0.16359653129038992,0.27724684970945346,0.9723853175750514
0.3995249643921852,0.35890754126012325,0.46523940190672874,0.44746325723826885,0.3432198716327548,0.763431379571557,0.0029385358114452165,0.9723251967461125,0.21617286971719574,0.2886895043582123,0.9723251967461125
0.256200322881341,0.6468091886490583,0.0778774144127965,0.25658802408725023,0.3040795922279358,0.8699542572721839,0.000693880319274235,0.9721366584133746,0.19966198798971274,0.2157976411631199,0.9721366584133746
0.02126838080585003,0.6115915970876813,0.5977868484333158,0.3441908499225974,0.41237945295870304,0.8542952556163073,0.0011052016851822622,0.9721287621631437,0.2088512061635218,0.25073553045316943,0.9721287621631437
0.19473349675536156,0.34384297858923674,0.3045131852850318,0.11793021205812693,0.3196458239108324,0.6398112224414945,0.0015539562482329806,0.9717623441930708,0.2163934440760378,0.2694144204996497,0.9717623441930708
0.27896938752382994,0.6882360642775893,0.3754540868103504,0.22090317867696285,0.30452252738177776,0.780949218198657,0.0007067588654040031,0.9716537625901539,0.20001050728939573,0.22765024389135705,0.9716537625901539
0.255774331279099,0.2456633923575282,0.1283334819599986,0.3973238570615649,0.36005053855478764,0.8535556243732572,0.0010020213534155356,0.9716328738589642,0.22310903924898515,0.22989831651013318,0.9716328738589642
0.28215283155441284,0.15595722757279873,0.2571967374533415,0.29885924980044365,0.35319861210882664,0.7979461550712585,0.0024493264528086434,0.9716279392654431,0.22333917497463054,0.29815611359060323,0.9716279392654431
0.013813624158501625,0.6676002442836761,0.6273546237498522,0.3097507916390896,0.32538060564547777,0.6475049173459411,0.003278528863257196,0.9714318661658881,0.2203385713869841,0.3476963954823404,0.9714318661658881
0.03903628792613745,0.595474842004478,0.6646601082757115,0.40068241208791733,0.2781269075348973,0.6844429718330503,0.0022781176630384337,0.971373364109353,0.22488609813409102,0.3028875257264148,0.971373364109353
0.14821929298341274,0.3661130825057626,0.3013217383995652,0.2548354621976614,0.42845808435231447,0.6241258624941111,0.0004328046557432023,0.9712202515066218,0.18992343446361182,0.31000058334182934,0.9712202515066218
0.0880121998488903,0.5284444056451321,0.737878474406898,0.3022196125239134,0.3547824854031205,0.5669229896739125,0.0022370903211729153,0.9708134311289317,0.22017236938052495,0.3760666527728847,0.9708134311289317
0.3889881856739521,0.4449568260461092,0.9315667543560266,0.3131051054224372,0.36740601621568203,0.6813228093087673,0.0009752627118136489,0.9707433042397023,0.19143528710707589,0.28563284512530246,0.9707433042397023
0.05018475744873285,0.23918464872986078,0.5051302537322044,0.2315181251615286,0.26883208099752665,0.6812836760655046,0.003022498249844497,0.9703914169674364,0.22896208836551535,0.284045642003751,0.9703914169674364
0.16020756494253874,0.24626229237765074,0.5744536835700274,0.1350706135854125,0.3414508569985628,0.739205258898437,0.002927960883124341,0.9703218316822568,0.20888068269141818,0.3013034433111283,0.9703218316822568
0.07186797261238098,0.5926864510402083,0.17978805862367153,0.522228617221117,0.3041734639555216,0.7690876787528396,0.0017499185856710594,0.9700662124042998,0.22447899312243658,0.3074185338585422,0.9700662124042998
0.24019594583660364,0.5583356283605099,0.3275409424677491,0.2801075503230095,0.4225265011191368,0.8942692996934056,0.0002838173133668771,0.9699932054985051,0.18238904171202644,0.20288821488298878,0.9699932054985051
0.30881169717758894,0.41735197324305773,0.6139169903472066,0.3780146026983857,0.29666626174002886,0.671807455830276,0.0013741801986249303,0.9697628725982925,0.21930223164814663,0.28607474514069714,0.9697628725982925
0.39174937177449465,0.5174350664019585,0.2961473250761628,0.21113698557019234,0.3928809482604265,0.6710456172004342,0.00024106228249924568,0.9696794001424491,0.1610180583993529,0.2550734904577228,0.9696794001424491
0.2783574527129531,0.38368903659284115,0.30125887133181095,0.37316007912158966,0.3697689352557063,0.958199025131762,0.0006453259088206414,0.9695097956034675,0.20714538540514676,0.19687298087485783,0.9695097956034675
0.17202550638467073,0.5015160711482167,0.3732246644794941,0.3530255276709795,0.28321282751858234,0.6048550391569734,0.0016738391814672545,0.9691483576328566,0.2198938501117388,0.28848393099741715,0.9691483576328566
0.26496539544314146,0.19367302861064672,0.9319860292598605,0.28132089506834745,0.3429631358012557,0.787555567920208,0.002941575245419754,0.9689911578795509,0.2240439480969018,0.30863196858859876,0.9689911578795509
0.19072983507066965,0.5070311576128006,0.21189817041158676,0.290388697758317,0.30317478347569704,0.9987436188384891,0.0017172519619500634,0.9689362307755677,0.16430458019665253,0.22994967003922004,0.9689362307755677
0.15410987380892038,0.6370310038328171,0.8908374020829797,0.39820628613233566,0.31207020208239555,0.844989251345396,0.00116146709487265,0.9685562583618712,0.22257920526510955,0.26779644222708004,0.9685562583618712
0.02513853646814823,0.3945579994469881,0.8739420110359788,0.24992857314646244,0.40999824460595846,0.9536468926817179,0.0002051406161476973,0.9683480176997373,0.16258600758978234,0.2529505312511161,0.9683480176997373
0.08860880136489868,0.3330295803025365,0.5699323387816548,0.1653473749756813,0.28733986988663673,0.6386888492852449,0.0018759300792826276,0.9682950759125856,0.22772996634777073,0.27508269659941614,0.9682950759125856
0.34081908967345953,0.3692498402670026,0.7269095657393336,0.22826701030135155,0.32787628285586834,0.6452454533427954,0.0018646848616368675,0.968292040072996,0.2168804246633444,0.28859874847387684,0.968292040072996
0.37980021070688963,0.5836066072806716,0.6275400379672647,0.32007391192018986,0.37613512109965086,0.8097057156264782,0.0005739869793576559,0.9681745290926419,0.1798793001839909,0.2581924730616537,0.9681745290926419
0.019248430617153645,0.6080951867625117,0.46319827530533075,0.10631446912884712,0.2918871622532606,0.7019912414252758,0.0012202959657049515,0.9681612744756799,0.20217112701078058,0.2573654035221052,0.9681612744756799
0.3282727813348174,0.4575023679062724,0.8189405957236886,0.2285532047972083,0.2571978848427534,0.723131419159472,0.0007232995343991577,0.9681059962252309,0.20702169573845836,0.2377394907001084,0.9681059962252309
0.051331525668501854,0.42068834230303764,0.2834401987493038,0.0639351848512888,0.32288855966180563,0.6183425905182958,0.001772614349755735,0.9674463670915278,0.21195113401228954,0.32115528771457647,0.9674463670915278
0.38893087301403284,0.32121810130774975,0.6410515196621418,0.24344330187886953,0.3945138892158866,0.7822843715548515,0.00033306840532226366,0.9674308617438786,0.1809331659643212,0.2496647260003762,0.9674308617438786
0.04918938595801592,0.5491800848394632,0.572628659196198,0.4046131335198879,0.2429504431784153,0.7211025236174464,0.0018996231539063805,0.9673237304686508,0.21230705392523216,0.2892306531512108,0.9673237304686508
0.22878117859363556,0.33871341217309237,0.8545181695371866,0.19369431678205729,0.42006260342895985,0.7876460421830416,0.00011432307222474562,0.9672075227765602,0.16479086718413646,0.2203672437539424,0.9672075227765602
0.09237975999712944,0.4041058262810111,0.4169460469856858,0.3216272871941328,0.37651954870671034,0.5541119584813714,0.0016757648383233597,0.9671955263861072,0.22960090029405408,0.3346537038214756,0.9671955263861072
0.3139013200998306,0.4367190357297659,0.4222530871629715,0.4299781210720539,0.28946748096495867,0.7005861522629857,0.0011372449187372026,0.9670242594342651,0.207254709315713,0.24695575105881973,0.9670242594342651
0.2863687723875046,0.4513561800122261,0.3420392507687211,0.4126123748719692,0.40581373590976,0.7085552485659719,0.0005453609071972795,0.9669163597848132,0.19845247584865813,0.20210095967902103,0.9669163597848132
0.10216453392058611,0.38940622843801975,0.7277657371014357,0.27808425202965736,0.23345349077135324,0.6697134766727686,0.0019794690829266874,0.9668874557544055,0.22450805441195115,0.3019602175898592,0.9668874557544055
0.20570683665573597,0.2855180539190769,0.6504312818869948,0.47579785343259573,0.33224413823336363,0.7785006687045097,0.003833066153877839,0.9668459098955239,0.23717682491584624,0.3214898253915672,0.9668459098955239
0.07577814161777496,0.47948048915714025,0.8564916430041194,0.42977199237793684,0.24030920211225748,0.7410733541473746,0.0016161239563792533,0.9667982367910704,0.21512293069828034,0.26764876846898755,0.9667982367910704
0.24588151928037405,0.38139413576573133,0.2960823876783252,0.4572587236762047,0.36514347698539495,0.9181348495185375,0.0007480680132526035,0.9667405145384949,0.2235794617514926,0.2161085113421009,0.9667405145384949
0.21928260289132595,0.4302378874272108,0.8742344537749887,0.16100997477769852,0.2553651975467801,0.8316581500694156,0.0009466330482304796,0.9662142484056976,0.20693382543414932,0.2384438517032972,0.9662142484056976
0.12040304858237505,0.6077207140624523,0.9294905001297593,0.16200175695121288,0.32932253554463387,0.6558399787172675,0.0011803341418715695,0.9660302714811858,0.20555038758194388,0.28170911876753923,0.9660302714811858
0.21757992543280125,0.47137547098100185,0.1670206543058157,0.36028900649398565,0.3564065834507346,0.991429247893393,0.0014858104146202031,0.9656211958366413,0.20679334385681714,0.21814608664891733,0.9656211958366413
0.3407540861517191,0.4895745450630784,0.9393065990880132,0.32852743938565254,0.4106329446658492,0.7618129421025515,0.0005007249205411985,0.9656180549966659,0.1544451374767916,0.2466292889637198,0.9656180549966659
0.27648424450308084,0.44215800892561674,0.1392137436196208,0.2804056126624346,0.3995286263525486,0.9540065517649055,0.0003220745617133295,0.9652465158628849,0.17736143344845776,0.19467627517365377,0.9652465158628849
0.027378841303288937,0.14581807609647512,0.2842181948944926,0.25680394750088453,0.3075555143877864,0.896301737986505,0.001178672198612711,0.9651823812419451,0.22242733364705825,0.25330118671242485,0.9651823812419451
0.24715305864810944,0.30732741951942444,0.3560350304469466,0.25326438527554274,0.24493851233273745,0.8508268548175693,0.0008515526041052832,0.9645628457694125,0.2058893725868093,0.18672118743229515,0.9645628457694125
0.12779641523957253,0.6612512692809105,0.2503575198352337,0.45645883586257696,0.35589999984949827,0.7802129052579403,0.0012408340016225956,0.9644164356307673,0.22254855646288982,0.24970747166755786,0.9644164356307673
0.24165681935846806,0.36742509715259075,0.6303224004805088,0.18175320513546467,0.3301391713321209,0.622206668369472,0.001800333166845835,0.9643733398151979,0.22124508609402505,0.29661448694162074,0.9643733398151979
0.3833649596199393,0.4256550371646881,0.8987474562600255,0.2113023241981864,0.37961495481431484,0.8822319693863392,0.0001446821135032142,0.9640692593730706,0.18059525231945117,0.2514756513566472,0.9640692593730706
0.1438703779131174,0.45962426718324423,0.31853258423507214,0.10994320642203093,0.34490095637738705,0.5904784044250846,0.0015149469437606574,0.9638604701019337,0.20854391026628297,0.32363934638349884,0.9638604701019337
0.2927489122375846,0.3554091425612569,0.889537014067173,0.40412922482937574,0.36782531812787056,0.8762961057946086,0.0005220228368127822,0.9637806285302287,0.22065193521919316,0.2529300023622331,0.9637806285302287
0.03427714388817549,0.5294158328324556,0.49145006481558084,0.057058755308389664,0.3276650942862034,0.6621629633009434,0.0016394183462719147,0.9636440238881735,0.19431432650787336,0.32832878353431316,0.9636440238881735
0.225149211473763,0.37109076883643866,0.9807396586984396,0.37130515463650227,0.2627218319103122,0.7020590016618371,0.0014152901644977553,0.9635361500981471,0.22690720347523125,0.25590168717442124,0.9635361500981471
0.03857916500419378,0.33467981219291687,0.6994725838303566,0.2596477707847953,0.20994848385453224,0.7814923888072371,0.0018644894385991526,0.9634204696876061,0.2154706669322955,0.2796276131163416,0.9634204696876061
0.1702994629740715,0.2438269630074501,0.23266645148396492,0.44286823738366365,0.35656682401895523,0.8784903809428215,0.001183291920114286,0.9633132940652525,0.23198634008495791,0.2317649047284863,0.9633132940652525
0.3983326982706785,0.5992673430591822,0.2646364700049162,0.3134363628923893,0.35821488685905933,0.8925091559067369,0.0007641399227699592,0.96330903040367,0.20739570801955512,0.22047434907706148,0.96330903040367
0.1818782826885581,0.3637286573648453,0.7373961079865694,0.06601284816861153,0.3134243804961443,0.7320654941722751,0.002340988945330054,0.9632729527864108,0.20534952138447257,0.3346207557902839,0.9632729527864108
0.05731155816465616,0.4336995277553797,0.8126786025241017,0.05666527058929205,0.3373483717441559,0.8889743098989129,0.0019997367389130256,0.9630053741090322,0.18880696241541045,0.34596458786686746,0.9630053741090322
0.3343048356473446,0.4458544300869107,0.2430831091478467,0.47525015845894814,0.3867048416286707,0.8128899773582816,0.0012876449615014224,0.9629341799666329,0.21893456368622416,0.25571020218745927,0.9629341799666329
0.2995225004851818,0.45411968138068914,0.8842512955889106,0.3554956978186965,0.32443968765437603,0.9398121172562242,0.0015046651203111095,0.9629148815548768,0.20301879119142657,0.25684360347356383,0.9629148815548768
0.2622888432815671,0.46479032561182976,0.5876795994117856,0.45864268485456705,0.3229150837287307,0.6945440424606204,0.0017925830211843164,0.9628942121724307,0.21662177958523673,0.31799395531231545,0.9628942121724307
0.23609343264251947,0.4568805946037173,0.3845675140619278,0.4908227054402232,0.29130071960389614,0.8696473455056548,0.0007141322638579492,0.9628153517224767,0.2144897881417963,0.24797039699788181,0.9628153517224767
0.4573659421876073,0.34746725112199783,0.41602892614901066,0.30050114542245865,0.3257726030424237,0.9035715106874704,0.0011806767721402056,0.9627244256224355,0.20512951586726796,0.23625833140555763,0.9627244256224355
0.26229625567793846,0.6133530484512448,0.08941087685525417,0.34786611422896385,0.40256578382104635,0.7654107715934515,0.0005736855182179744,0.9626875137634786,0.18381529714684214,0.19969741457195692,0.9626875137634786
0.30361245572566986,0.4436874631792307,0.8213666155934334,0.08621953427791595,0.3587109623476863,0.8148169200867414,0.0011504035121414349,0.9625635580859399,0.18522714945164898,0.34141368770340347,0.9625635580859399
0.3163310158997774,0.3313692780211568,0.11737415008246899,0.16902258526533842,0.27759010437875986,0.7295523341745138,0.001157231120170571,0.9621981640930403,0.21218115561880466,0.20550347370059166,0.9621981640930403
0.09064169880002737,0.376663813367486,0.4023109246045351,0.2288353517651558,0.2120641116052866,0.7185098258778453,0.001445595210602713,0.9620007660856494,0.20758549604115523,0.2448582845943368,0.9620007660856494
0.021193532273173332,0.6697995830327272,0.32141475938260555,0.42598374001681805,0.283801794052124,0.8316667880862951,0.001466449835713314,0.961535040759378,0.2297679050077704,0.23064204242994932,0.961535040759378
0.08259170688688755,0.44589716847985983,0.26177904196083546,0.3554427968338132,0.46696759201586246,0.7204837743192911,0.0006574556838184857,0.9614976404535776,0.1852530051785327,0.31176349717595286,0.9614976404535776
0.11132273264229298,0.520114597864449,0.44277118518948555,0.22396757919341326,0.22535314597189426,0.686120324768126,0.0012337302702294375,0.9612504933155553,0.20874836608682576,0.2660643624393847,0.9612504933155553
0.127049271017313,0.5176251633092761,0.4243776760995388,0.3938004272058606,0.39896028209477663,0.9348673950880766,0.0007062830193834392,0.9610905617724552,0.21065606837827858,0.17395345789938696,0.9610905617724552
0.32600365299731493,0.31396916043013334,0.5255130818113685,0.20938893966376781,0.2652054261416197,0.7777643296867609,0.0010128922690603084,0.9606627998476519,0.2087682239378966,0.23395579324142024,0.9606627998476519
0.2618635790422559,0.42526351660490036,0.4433892723172903,0.31424503214657307,0.30716125946491957,0.5917028458788991,0.0013359571797088132,0.9606318984470569,0.2238668720856564,0.2918739271508833,0.9606318984470569
0.36839486192911863,0.506655627861619,0.46572176832705736,0.18439530208706856,0.3640567660331726,0.9110300950706005,0.00037580481797400996,0.9605994622748832,0.18496533347802063,0.23037493696320532,0.9605994622748832
0.04232217185199261,0.43735798727720976,0.540141730569303,0.49626395013183355,0.25625290628522635,0.8100756509229541,0.0016513349801348602,0.9604999672406219,0.22584109224822654,0.2927672506159635,0.9604999672406219
0.36134883016347885,0.2053191401064396,0.12365414761006832,0.2766455467790365,0.33649761136621237,0.8173705395311117,0.0023372352065039077,0.9602917803658058,0.21639358265172887,0.27604969523468054,0.9602917803658058
0.04417385999113321,0.354901697486639,0.4896921366453171,0.4367051115259528,0.24363733176141977,0.8557167295366526,0.001254691495215945,0.9601355095576544,0.22400969471981838,0.23169415880860036,0.9601355095576544
0.28806972317397594,0.20661769341677427,0.1852328246459365,0.3312650304287672,0.3848508717492223,0.8015670161694288,0.000929942008811865,0.9601137987296157,0.21563796724056658,0.24203586593156742,0.9601137987296157
0.2393907131627202,0.4179822001606226,0.7094043232500553,0.08470100071281195,0.36816598381847143,0.8440714981406927,0.00040297614387121023,0.959660657818143,0.17854440996152154,0.3221247066810238,0.959660657818143
0.12298358418047428,0.47364839538931847,0.8913200348615646,0.2198589164763689,0.26971863862127066,0.9456833992153406,0.0012029799603825997,0.959397329181737,0.16537118643503385,0.2245110340683289,0.959397329181737
0.23104350082576275,0.40809726249426603,0.5968942670151591,0.22583526466041803,0.4310545725747943,0.8758710902184248,8.091572770589544e-05,0.9593896832211012,0.16288607174844544,0.23706370124124918,0.9593896832211012
0.2513912804424763,0.20752499345690012,0.4612216893583536,0.3392824213951826,0.3250853419303894,0.7041833885014057,0.0031159178279804283,0.9593149373745307,0.22421140753669552,0.2866064473830256,0.9593149373745307
0.3077389309182763,0.19643619563430548,0.19588669296354055,0.20948546286672354,0.3526325412094593,0.8325067022815347,0.001323403892898746,0.9592996025922961,0.2074994329200708,0.2682854079102637,0.9592996025922961
0.1460035778582096,0.29451062623411417,0.07624781783670187,0.07959893625229597,0.3656580140814185,0.744928958825767,0.0007637591723945844,0.9592455043244861,0.17794482438663878,0.26606806880920425,0.9592455043244861
0.1295690145343542,0.27152135130017996,0.18399445246905088,0.10775274131447077,0.3029928794130683,0.8614342501387,0.0008869303555302506,0.9589612789561657,0.2041727961895,0.24337552114998234,0.9589612789561657
0.22489819303154945,0.596737896092236,0.3406242625787854,0.38824319560080767,0.29631996620446444,0.9117587488144636,0.0008060419547045748,0.9587865930762648,0.202663859401437,0.18853344622700524,0.9587865930762648
0.26369267236441374,0.522690849378705,0.18199961446225643,0.44601729046553373,0.3162334505468607,0.6729047233238816,0.0012714602857013485,0.9586912587491709,0.21688391228889597,0.26652001514457996,0.9586912587491709
0.14406577311456203,0.5635697403922677,0.7179168043658137,0.3056475482881069,0.4145812699571252,0.6711780615150928,0.0006038664092188705,0.9585312219173397,0.16862238714956942,0.32550423158579683,0.9585312219173397
0.21501142997294664,0.3418129589408636,0.851399009115994,0.25796078983694315,0.30447154492139816,0.609981881454587,0.0015275334219779597,0.9585305598681397,0.23500006921745115,0.2785546274881809,0.9585305598681397
0.39612456131726503,0.3918116493150592,0.6153743742033839,0.16023987904191017,0.36772603541612625,0.7156095625832677,0.0003897122299020975,0.9579523931049345,0.18839548503430106,0.28482250255377695,0.9579523931049345
0.33210462145507336,0.39451779145747423,0.37739754747599363,0.17562124226242304,0.32342100143432617,0.9430629517883062,0.0009588810009605001,0.9577204047445355,0.18894548568094507,0.22578608848723286,0.9577204047445355
0.06606830563396215,0.4923695409670472,0.26475836522877216,0.440828001126647,0.2243692260235548,0.7516876785084605,0.0013045489728315432,0.9575078433181505,0.20442039009412752,0.24805797000043428,0.9575078433181505
0.12259230576455593,0.5255832653492689,0.8969182055443525,0.3097036611288786,0.41965265944600105,0.9075927352532744,0.0004429625856898724,0.957472546391196,0.19263345800793766,0.2519329720538977,0.957472546391196
0.42261163610965014,0.41198055911809206,0.4907927392050624,0.3567542526870966,0.2641939176246524,0.7871930226683617,0.0009113481140382916,0.957466977342926,0.20247023841006054,0.24291716989446308,0.957466977342926
0.10356831829994917,0.5645035840570927,0.01042888779193163,0.25181845389306545,0.22506185248494148,0.7147912457585335,0.0014948062198583839,0.9574177974900124,0.20864291321938822,0.2942798557406657,0.9574177974900124
0.016912410967051983,0.3729547653347254,0.02028220985084772,0.1616424834355712,0.4133557165041566,0.626471484079957,0.00030686688615700486,0.9574143056661115,0.18435440110093748,0.2922615962415602,0.9574143056661115
0.060775463469326496,0.2776884697377682,0.7993701938539743,0.3265421409159899,0.3895334331318736,0.9198753722012043,0.0005958473324852348,0.9572632082514569,0.19408283017731912,0.2234416039095647,0.9572632082514569
0.08009044546633959,0.4914952777326107,0.3604346374049783,0.5451971916481853,0.3889357065781951,0.781070957891643,0.0007968575215947828,0.9572487307100381,0.2192339012554324,0.27680902543485536,0.9572487307100381
0.042621186934411526,0.26923845149576664,0.19134937785565853,0.5125886891037226,0.2982721542939544,0.7491844445466995,0.0030650975658989134,0.9572066883588255,0.24265474040944318,0.2731566625773067,0.9572066883588255
0.2978026485070586,0.5367049556225538,0.23596674390137196,0.13369575794786215,0.33836037293076515,0.6401183726266026,0.0011296614385193206,0.9571398994191072,0.20062752827156893,0.2785445890519498,0.9571398994191072
0.2713820096105337,0.34474609605968,0.5921146739274263,0.2856042506173253,0.37324753124266863,0.6291325399652123,0.0010257097135778325,0.9570169382369241,0.2146657880018333,0.2978092014742567,0.9570169382369241
0.15396601427346468,0.36270024068653584,0.8974004527553916,0.07398660853505135,0.38088665809482336,0.7582782963290811,0.00016115348024707223,0.9569052430860938,0.1683429114576059,0.2935995803388553,0.9569052430860938
0.0007920712232589722,0.6260406905785203,0.37032864708453417,0.18719180952757597,0.3143013985827565,0.5893108071759343,0.001268882045387865,0.9566231646623595,0.22744484411385987,0.2966335909268075,0.9566231646623595
0.10352724231779575,0.5049078548327088,0.3136867806315422,0.49184512067586184,0.3730970239266753,0.6782775996252894,0.0012394362901049364,0.9565126544021356,0.2175685801298934,0.26827132296128653,0.9565126544021356
0.49170523695647717,0.49683219473809004,0.28715035133063793,0.42817776557058096,0.3161930553615093,0.8439774392172694,0.0014549112231771182,0.9564171009395821,0.2174802802144741,0.2917531655133427,0.9564171009395821
0.1421631732955575,0.49819489661604166,0.4954607728868723,0.5013850126415491,0.2677473034709692,0.7838762933388352,0.001313485549800125,0.9563864097236013,0.21569173877510206,0.2844800181193862,0.9563864097236013
0.07168459892272949,0.3412013938650489,0.07882515713572502,0.33555183187127113,0.45983939804136753,0.775225386954844,0.0010896089761419534,0.9563522264133723,0.18347126871383973,0.2698546055891155,0.9563522264133723
0.30545235611498356,0.33964134752750397,0.002471170388162136,0.4012453528121114,0.3977098735049367,0.7945454325526953,0.0006865189726449276,0.9562040318326818,0.21105431595512084,0.22581330030122757,0.9562040318326818
0.29403484612703323,0.5616492722183466,0.12949533946812153,0.26301555149257183,0.43111416418105364,0.7341705579310656,8.402447925365231e-05,0.9562005182818402,0.14371979635281673,0.23371539009965286,0.9562005182818402
0.15203609876334667,0.42190839629620314,0.7553727850317955,0.3937206696718931,0.38915874157100916,0.6455560429021716,0.001266651378050954,0.9561813890558369,0.2194920479405261,0.29501079669443275,0.9561813890558369
0.09793893620371819,0.351242215372622,0.5120965326204896,0.47759856656193733,0.3120955768972635,0.672312444075942,0.0028645887241670527,0.9561373655820558,0.23928347379539677,0.3007628782147444,0.9561373655820558
0.21721982024610043,0.6665857350453734,0.03032415360212326,0.2312250966206193,0.2827364969998598,0.8102807458490133,0.0010664197165077332,0.9560328326192951,0.20901213170005095,0.24339761344980823,0.9560328326192951
0.31944998633116484,0.40993818640708923,0.5137387402355671,0.1766435643658042,0.4109213734045625,0.8530153958126903,0.0001958137926413734,0.9559605829510793,0.16496294162872988,0.21350916936141404,0.9559605829510793
0.5307263592258096,0.3702480774372816,0.46466871351003647,0.19292651489377022,0.3410555962473154,0.7480121897533536,0.0028331812010993023,0.9558223524769484,0.1964665080018463,0.30547998117328223,0.9558223524769484
0.061515238136053085,0.5045553501695395,0.37697420362383127,0.4373546363785863,0.41849389392882586,0.694089244119823,0.0009898737728868151,0.9556515836823369,0.20304648507743978,0.24730644692562523,0.9556515836823369
0.26739759650081396,0.28760871291160583,0.15112141519784927,0.37272130232304335,0.2990897921845317,0.9120694603770971,0.0005814533016117284,0.9556409208295572,0.21446387721980342,0.18230252779862108,0.9556409208295572
0.10027590580284595,0.6142399534583092,0.9403970623388886,0.2815845226868987,0.4240387203171849,0.7491678446531296,0.0005830918891352326,0.9556024658000248,0.16085172958915714,0.29659584612280326,0.9556024658000248
0.294050969183445,0.4607257079333067,0.9504642523825169,0.3229677900671959,0.2418144028633833,0.822538036853075,0.0007256451234888071,0.9555086412333441,0.20704180864356223,0.24097915824197128,0.9555086412333441
0.10184090584516525,0.4283313499763608,0.8617770820856094,0.2238622959703207,0.23457461409270763,0.8973048888146877,0.0009625991815189515,0.9552594320159906,0.19469148737531414,0.21392998420447373,0.9552594320159906
0.3855818696320057,0.5696398923173547,0.21927331387996674,0.30932320561259985,0.39353571459650993,0.6975211203098297,0.0004352217831372984,0.9552368678674685,0.17049289172116097,0.2333235721968779,0.9552368678674685
0.39759331103414297,0.37239889800548553,0.9360018344596028,0.42314724158495665,0.3248579762876034,0.7447564657777548,0.0026434064509539986,0.9550977145590969,0.2200076042192628,0.2978346298425136,0.9550977145590969
0.22140510752797127,0.3090545991435647,0.28971805796027184,0.28702063485980034,0.31393030751496553,0.9835446681827307,0.0007370700342446991,0.9550023404294065,0.19387138331033638,0.19735561789232953,0.9550023404294065
0.022301670163869858,0.2425270676612854,0.030002286657691002,0.21646190620958805,0.36959647852927446,0.6175576690584421,0.002049855337337593,0.9549464586057533,0.2261763830700428,0.29752967788454415,0.9549464586057533
0.06620830576866865,0.4843190452083945,0.5625294242054224,0.0864403210580349,0.2681988161057234,0.7002322152256966,0.0013127977932705817,0.954938191007708,0.20740923083024956,0.3064416155028777,0.954938191007708
0.0699318340048194,0.492812791839242,0.6254073651507497,0.35625148843973875,0.2986247865483165,0.575229330919683,0.002621027881449375,0.9547846692333557,0.23700444922283936,0.3444531500107543,0.9547846692333557
0.05937319155782461,0.29651468992233276,0.46081218775361776,0.14013664051890373,0.31061309296637774,0.9247681302949786,0.0005617592951660689,0.954758012993315,0.18914226122012726,0.2107600313685264,0.954758012993315
0.44304987229406834,0.3438073927536607,0.19064051657915115,0.23985473066568375,0.26807269640266895,0.7954517751932144,0.0009821407916182747,0.9546229757713877,0.20152885405690557,0.2161932736967277,0.9546229757713877
0.0281833503395319,0.16899744421243668,0.17994980234652758,0.24906031880527735,0.2869488038122654,0.670708985067904,0.0037139445543370865,0.9545988140890939,0.2397922254579259,0.2864210854100223,0.9545988140890939
0.008052606135606766,0.264981129206717,0.1106208236888051,0.27732717245817184,0.2191234165802598,0.8040302088484168,0.0019512442453784042,0.9541515782958405,0.22152704330970463,0.2548563028694694,0.9541515782958405
0.16391003970056772,0.6886115493252873,0.1293142745271325,0.3669349178671837,0.36467360984534025,0.8182471031323075,0.0008413057718072213,0.954076591484664,0.21567243066190717,0.2263278541933709,0.954076591484664
0.24517215602099895,0.6547712469473481,0.9059892818331718,0.2866338109597564,0.33545053098350763,0.6947291074320674,0.0013205780835953795,0.9539282133242131,0.19725388335468136,0.2964648779235248,0.9539282133242131
0.36244857404381037,0.36245965119451284,0.5799532933160663,0.39668759889900684,0.27171166241168976,0.7832970600575209,0.0009040863380457202,0.9538963687315958,0.21087195121249602,0.25881790607466326,0.9538963687315958
0.01251420471817255,0.3042282359674573,0.5991147719323635,0.07580869551748037,0.2922989008948207,0.8134745405986905,0.0021420823738390366,0.9538057277191284,0.21462296184824659,0.31540617465077525,0.9538057277191284
0.21542883291840553,0.6498361034318805,0.7444933103397489,0.29477190133184195,0.39204854890704155,0.7839340204373002,0.0005148421201016465,0.9537839846764267,0.16891727294980996,0.2536728549699515,0.9537839846764267
0.1196027621626854,0.234334671869874,0.6750847334042192,0.2820766782388091,0.2839465532451868,0.6651688646525145,0.002972192441062728,0.9537741171965926,0.23577469901283948,0.30358073701657323,0.9537741171965926
0.04982777312397957,0.16037590242922306,0.0017146961763501167,0.3754968484863639,0.37140157260000706,0.7738568866625428,0.003367557230877039,0.953584967905083,0.24296012040919,0.30737897584797924,0.953584967905083
0.19139926973730326,0.6091101802885532,0.8195368899032474,0.43477143440395594,0.31866943929344416,0.8480508597567677,0.0011730492046235837,0.9534443467606942,0.22554580844164318,0.278894403720162,0.9534443467606942
0.04222852177917957,0.4140783818438649,0.3496153121814132,0.1013459013774991,0.2353690778836608,0.7355642020702362,0.0011143277193589897,0.9532947441812846,0.20941782344960427,0.24371153127825185,0.9532947441812846
0.02524692378938198,0.604680672287941,0.8673598384484649,0.2850837763398886,0.27575263753533363,0.9313584631308913,0.0016263485150936055,0.9532165397933794,0.19114144671125766,0.2338029404933446,0.9532165397933794
0.6036128457635641,0.43647574074566364,0.23287591617554426,0.3410721030086279,0.31367805879563093,0.7396618844941258,0.0020092796247347276,0.953055161097712,0.2026322967631781,0.3115985882364694,0.953055161097712
0.06946723721921444,0.4600905356928706,0.08227331470698118,0.2644982812926173,0.21247555688023567,0.6822715569287539,0.00188325308957383,0.952975646710403,0.21090500405705268,0.3039587459155522,0.952975646710403
0.1224288372322917,0.5336246499791741,0.5129371136426926,0.19224838539958,0.4243290452286601,0.6506412634626031,1.56960179977007e-05,0.9527061186872694,0.14384593385821676,0.32799899464531984,0.9527061186872694
0.10212341323494911,0.44706409331411123,0.9088198943063617,0.4792197262868285,0.36666045524179935,0.6881905356422067,0.001429210915177208,0.9525841196091609,0.22666831631385537,0.3069370283455812,0.9525841196091609
0.03496825601905584,0.38440317288041115,0.6076292581856251,0.36133867781609297,0.3810318885371089,0.5838665952906013,0.002288941371076123,0.9523906334575536,0.23931119688923505,0.33765293124273554,0.9523906334575536
0.19479837361723185,0.48373403307050467,0.029606343246996403,0.4385571191087365,0.41852961014956236,0.7729840883985162,0.000830605891026294,0.952379957344712,0.20073914225212428,0.23705081877513448,0.952379957344712
0.02366906963288784,0.20589705649763346,0.9764662617817521,0.3429271401837468,0.36584408301860094,0.6758986115455627,0.0044244604160014744,0.9522433733554113,0.25653290684292157,0.31840477136755246,0.9522433733554113
0.033192348666489124,0.2629717094823718,0.05631574336439371,0.23750955518335104,0.4395971177145839,0.7278804052621126,0.0004259893370077168,0.9521597797917849,0.17113819752820938,0.26715306306458614,0.9521597797917849
0.1986238518729806,0.49036981351673603,0.252312439493835,0.377485491335392,0.2661559032276273,0.9423343576490879,0.0011892475374461816,0.9518949372884655,0.16595705701280103,0.1881474645275115,0.9518949372884655
0.3701748186722398,0.6271675126627088,0.8862099945545197,0.31044553220272064,0.29762187600135803,0.7737940261140466,0.0009637575301835292,0.9517057062540245,0.20715267427555914,0.2663917242725562,0.9517057062540245
0.05779551435261965,0.2449114928022027,0.9620464416220784,0.4011363014578819,0.3869346771389246,0.7293444229289889,0.0025518326621399323,0.9516608806864686,0.24318893769559327,0.2686399642887764,0.9516608806864686
0.28448259364813566,0.4558324944227934,0.7190440269187093,0.16619098838418722,0.2687343591824174,0.8609205959364772,0.0008182582115100516,0.9513888930454877,0.20204670751561526,0.24550183120454377,0.9513888930454877
0.5757387392222881,0.4315243810415268,0.38629469089210033,0.33310692571103573,0.38257466070353985,0.766301698051393,0.0009096609980155998,0.9513319276927517,0.19590236950434453,0.2776708325107723,0.9513319276927517
0.15213357098400593,0.5773874977603555,0.7532042767852545,0.07731539197266102,0.3046563137322664,0.7462859656661749,0.001013768693189364,0.9511306162626569,0.19571782183787473,0.314918934893395,0.9511306162626569
0.18596799951046705,0.34683214593678713,0.5502721117809415,0.3670277623459697,0.34726843144744635,0.6070702932775021,0.002488338748171898,0.9510964154833842,0.23868714131088653,0.30577869162580223,0.9510964154833842
0.12476050574332476,0.5061483038589358,0.9135331409052014,0.15445538610219955,0.239320513792336,0.8222345011308789,0.0009395820452091794,0.9506989323749886,0.21036514891085442,0.2408339551185392,0.9506989323749886
0.07023056410253048,0.6336446739733219,0.9210746111348271,0.25889150705188513,0.34717170242220163,0.9341646041721106,0.0010718486134259739,0.9506224200859299,0.19937207008323665,0.2492370417018884,0.9506224200859299
0.29885297641158104,0.4312020344659686,0.022179897874593735,0.4925844483077526,0.30869987048208714,0.8364861002191901,0.001469364345946756,0.9503818212965724,0.22769139423988397,0.31880268228270375,0.9503818212965724
0.15036555472761393,0.34785865899175406,0.8345846459269524,0.3745645610615611,0.4115567374974489,0.8832830991595984,0.0005114089844495557,0.9502946659605859,0.2099292241189099,0.21530076301649223,0.9502946659605859
0.18051525205373764,0.44604966044425964,0.3122773924842477,0.05792845971882343,0.27710308600217104,0.8535337150096893,0.001102627788405326,0.9501090138389734,0.1975513996740058,0.28830064758890755,0.9501090138389734
0.07722873520106077,0.3140505189076066,0.9831736162304878,0.08906850125640631,0.33814467303454876,0.6853562286123633,0.0028943883960949727,0.9500460744349649,0.22338323524015383,0.31312695036997956,0.9500460744349649
0.008138738572597504,0.2739633759483695,0.8109052525833249,0.12506106682121754,0.27246996108442545,0.7459734566509724,0.0020146628184307116,0.9497815920501951,0.2313738845105362,0.2637241550558853,0.9497815920501951
0.059069967828691006,0.3194893188774586,0.5703749395906925,0.02643162664026022,0.32636786345392466,0.7892141165211797,0.004363392715409511,0.9497460574457242,0.20052870747731064,0.3717973383802122,0.9497460574457242
0.0660844286903739,0.5163850607350469,0.5690926946699619,0.37940801680088043,0.4171553822234273,0.66036765743047,0.0011600339967188674,0.949713423601538,0.1968844831857675,0.32263298673829044,0.949713423601538
0.4449358955025673,0.4735394027084112,0.6451866077259183,0.3639337234199047,0.334507467225194,0.892770973034203,0.0017901223102813862,0.9496937426272005,0.21364859038799255,0.28957980768160035,0.9496937426272005
0.26064990274608135,0.44435284473001957,0.4762962469831109,0.21194574423134327,0.4433936355635524,0.8468481199815869,0.00029953725995691006,0.9495696764164685,0.15953662733518,0.24117528570200172,0.9495696764164685
0.09355438221246004,0.22192662488669157,0.16473912354558706,0.2660048557445407,0.3242079447954893,0.6024222793057561,0.002845933922628318,0.9494678454316852,0.24277959483264247,0.2906472046366642,0.9494678454316852
0.20272728893905878,0.6653596814721823,0.36545353569090366,0.2919184798374772,0.37360904086381197,0.8891031257808208,0.000295549077990744,0.9494496776367609,0.19939090738333143,0.19425070584309084,0.9494496776367609
0.39946766570210457,0.5773086426779628,0.7418325254693627,0.18989962618798018,0.3458529878407717,0.8413778273388743,0.0011179775723190101,0.9493251602678541,0.1937320244342775,0.27867094670186837,0.9493251602678541
0.1659153839573264,0.3711665887385607,0.22288576047867537,0.4348866268992424,0.42205091938376427,0.8695766851305962,0.0005834659188553291,0.9492730666800016,0.21654688270723632,0.17758377312942297,0.9492730666800016
0.1690294137224555,0.5345633830875158,0.14097369648516178,0.27071298006922007,0.46700453385710716,0.7977907508611679,0.00017232762971276905,0.9490669782463159,0.16362781302323215,0.2876764646149347,0.9490669782463159
0.20399442315101624,0.3741939179599285,0.969318144954741,0.17409695871174335,0.3954065451398492,0.8993957946076989,4.5354144012702425e-05,0.9488568234968875,0.17280244284039303,0.21765222678106894,0.9488568234968875
0.029284673742949963,0.2618183447048068,0.6474788933992386,0.11177094746381044,0.354967731051147,0.6954727405682206,0.0021549363482438505,0.9488348275535163,0.2159499293193852,0.3074492608140952,0.9488348275535163
0.13114565704017878,0.41673955973237753,0.8600896671414375,0.02209464367479086,0.3568781688809395,0.7399825491011143,0.0012136346371848588,0.9488159468433857,0.1811565439866104,0.36300925454375454,0.9488159468433857
0.059012772515416145,0.44570761173963547,0.8452880922704935,0.40896333660930395,0.41205349564552307,0.6723793530836701,0.0015022129835805841,0.9488129359472773,0.21602193435011807,0.29975687644349674,0.9488129359472773
0.2666798969730735,0.3921575425192714,0.03949793428182602,0.31007095519453287,0.4440789194777608,0.7561351098120213,0.0004006165644169112,0.9486459087663013,0.1723918138966966,0.24854342110554853,0.9486459087663013
0.23060700949281454,0.6001536007970572,0.9987223176285625,0.19018240179866552,0.2810824206098914,0.705829014070332,0.000749208475145172,0.9485759431840585,0.21882469712029004,0.2355382716899284,0.9485759431840585
0.18218532111495733,0.2783086337149143,0.3562948564067483,0.2109060576185584,0.2976700272411108,0.6166506977751851,0.0014161551678230236,0.9484354153543464,0.23275078442643127,0.2448416973827358,0.9484354153543464
0.04452003166079521,0.5979223251342773,0.01062446366995573,0.20848391391336918,0.29342599865049124,0.9489683639258146,0.0010690859788833544,0.9482511001760063,0.18032145395794083,0.22073584659249054,0.9482511001760063
0.13139810413122177,0.6741245361045003,0.4376860810443759,0.22573492676019669,0.3272439744323492,0.9052177621051669,0.000736310236578255,0.9479354277752204,0.19402877808929037,0.20860146018937775,0.9479354277752204
0.14087508711963892,0.2376424027606845,0.31146849505603313,0.3719415320083499,0.3550279149785638,0.6318146828562021,0.002954416671762475,0.947923532628279,0.24452583177994935,0.28127378042600754,0.947923532628279
0.34411536529660225,0.402865675278008,0.7350790267810225,0.31765652913600206,0.37210028152912855,0.9294209470972419,0.00028923037506075537,0.9477556063271677,0.20220057102882089,0.2412750066264516,0.9477556063271677
0.03863359056413174,0.2673259498551488,0.8826611014083028,0.49961697682738304,0.3266869252547622,0.8254540227353573,0.0038322118038472495,0.9477000151903558,0.2543225662145448,0.318218956583198,0.9477000151903558
0.18015824630856514,0.6258699456229806,0.38653410878032446,0.4135447330772877,0.33465809375047684,0.9067677399143577,0.00130537273506628,0.9476488898933769,0.22398787002822287,0.20466299113421849,0.9476488898933769
0.07795418985188007,0.5873031644150615,0.3420965624973178,0.166550412774086,0.3673512190580368,0.9594826400279999,0.00037755503601271274,0.9476428690496994,0.18281057279403154,0.22173460324837221,0.9476428690496994
0.2706909207627177,0.3372569242492318,0.9424956701695919,0.21635161247104406,0.3447824213653803,0.9366649901494384,0.0011448503526057781,0.9476176034512505,0.19557260391070522,0.24102198172736483,0.9476176034512505
0.015701389871537685,0.136860566213727,0.061542646028101444,0.3177835587412119,0.3818054171279073,0.8190096486359835,0.0022953907501882267,0.9474854808322507,0.23145027795084733,0.30410331113124955,0.9474854808322507
0.11773149110376835,0.21489996276795864,0.08407721295952797,0.22048329655081034,0.39277033880352974,0.6778855780139565,0.0009792546261078777,0.9474256427727374,0.2076247678296907,0.2718421385613217,0.9474256427727374
0.08617916889488697,0.43104751966893673,0.8904405711218715,0.43362707551568747,0.26766516268253326,0.6644812161102891,0.0020190838415859187,0.9469864736240831,0.23604891465258912,0.27505470123006315,0.9469864736240831
0.26696839835494757,0.3262152560055256,0.7553135557100177,0.4782933220267296,0.31484465952962637,0.8116621524095535,0.002339767266738845,0.9469769284001682,0.23619949499377493,0.31245376010357623,0.9469769284001682
0.04689926188439131,0.6576315043494105,0.8309050425887108,0.3794486839324236,0.32386482134461403,0.89295603800565,0.0014339109092007959,0.946958406769443,0.232461905759179,0.2543692804287925,0.946958406769443
0.22848261706531048,0.1493476340547204,0.41170557495206594,0.22621800936758518,0.3119092360138893,0.7486677216365933,0.0023146367282153475,0.9468373335092616,0.22561947785628425,0.28063358115323866,0.9468373335092616
0.3690554331988096,0.5610819505527616,0.06998038571327925,0.3175512757152319,0.35541321989148855,0.6562322918325663,0.001102338942175686,0.9465894302613169,0.20095182918456347,0.28598055875178613,0.9465894302613169
0.17140975687652826,0.48404381424188614,0.6130900019779801,0.2579780323430896,0.46026080939918756,0.8191353846341372,0.0002470631065384986,0.9463834514761603,0.16399076171834046,0.3096875256481039,0.9463834514761603
0.536155316978693,0.35011935979127884,0.1982990400865674,0.32068261224776506,0.3679428230971098,0.8677948713302612,0.0003531138373785387,0.9463273002378054,0.20847745796034656,0.2645942943629986,0.9463273002378054
0.24371110368520021,0.46679031383246183,0.08367346692830324,0.1262601288035512,0.42698123026639223,0.7910155551508069,0.0005433724157197135,0.946312331448534,0.1427422194318987,0.21651524330958408,0.946312331448534
0.0701859500259161,0.30885185208171606,0.9895565425977111,0.5082197086885571,0.36609604116529226,0.7709634769707918,0.0021296009301106154,0.94609860986609,0.2500422936059034,0.3129295084944808,0.94609860986609
0.24999183230102062,0.438521740026772,0.9803348341956735,0.3885668274015188,0.3062445232644677,0.6385700954124331,0.001396811742554199,0.9460296889880514,0.2323783666168887,0.28089931193780593,0.9460296889880514
0.21933176554739475,0.6486694468185306,0.08295471593737602,0.4185526119545102,0.30485622212290764,0.7537112701684237,0.0010447128290091857,0.945948785940592,0.21907987463462594,0.2602336396835341,0.945948785940592
0.08871151134371758,0.31528986524790525,0.25832820404320955,0.2995432484894991,0.20446709170937538,0.8151539200916886,0.0016006485749075728,0.9452239000203251,0.20817846433259782,0.23957998918576637,0.9452239000203251
0.15397390350699425,0.7153496397659183,0.39522571489214897,0.24445454869419336,0.3287022551521659,0.6880312226712704,0.0011503454607112308,0.9451806093021721,0.19761616413220345,0.2917608789625635,0.9451806093021721
0.06145772337913513,0.2851815549656749,0.6657743938267231,0.17931804060935974,0.39244042709469795,0.6473904568701982,0.0007476667318370938,0.9451599124064739,0.21031407879151204,0.2776311671212792,0.9451599124064739
0.16597256995737553,0.4876584839075804,0.4509249897673726,0.004414662718772888,0.33976804185658693,0.7215033732354641,0.0019580276492046954,0.9451452619553268,0.18493980719444494,0.3575273450189148,0.9451452619553268
0.024328681640326977,0.2290432807058096,0.62173508759588,0.1629275819286704,0.35317196883261204,0.8896505441516638,0.0008455465919662169,0.9449546172812814,0.19016749437755479,0.2602845870010759,0.9449546172812814
0.06287020538002253,0.22416875697672367,0.23101408407092094,0.3035757876932621,0.23472192697227,0.7196962833404541,0.0023192559511172705,0.9448454774011144,0.22433938791468175,0.2569168500911379,0.9448454774011144
0.05869092233479023,0.27342778351157904,0.07477564457803965,0.3657295238226652,0.2823921237140894,0.6346746059134603,0.0029445404817491617,0.9447568391090411,0.2439284669347672,0.2735585141412866,0.9447568391090411
0.16974711325019598,0.6449882434681058,0.033778661862015724,0.3331158487126231,0.29180300422012806,0.8938514906913042,0.001058479773067208,0.9447494248442645,0.20732327793544086,0.2266345912155289,0.9447494248442645
0.1311258003115654,0.48214120604097843,0.5577454240992665,0.2196253426373005,0.2392988307401538,0.6491762390360236,0.0011913141788146603,0.9447037629893394,0.21975334641969924,0.2928268715582023,0.9447037629893394
0.0640646256506443,0.3083976907655597,0.5186562035232782,0.17592464480549097,0.306343880482018,0.9536069231107831,0.0005022815515626937,0.9444761598224481,0.18490813923696983,0.20864381262706003,0.9444761598224481
0.018582474440336227,0.41587097756564617,0.07016739342361689,0.07142549194395542,0.38704765774309635,0.903283185325563,1.6324143001744674e-05,0.9443112736431923,0.14333935677603077,0.250498787609953,0.9443112736431923
