x1,x2,x3,ensemble_ei,ensemble_mu_mean_model,ensemble_sigma_mean_model,ensemble_mu_std_model,ensemble_mu_mean_original_approx
0.6072844536975026,0.5899109588935971,0.40765431616455317,4.797465972365329e-09,-0.019982846101170307,0.012394620325609973,0.015896315499877554,-0.019982846101170307
0.649812612682581,0.5887961955741048,0.4093532869592309,3.563067901261353e-09,-0.02018103442826819,0.01160941589829542,0.015930698034178667,-0.02018103442826819
0.5228458009660244,0.5909278187900782,0.4046272849664092,7.886974319018002e-09,-0.020205526116909244,0.014395876923442933,0.015752359041527372,-0.020205526116909244
0.49895163625478745,0.5963629260659218,0.4062285302206874,6.55538255166172e-09,-0.020292071550727188,0.0137802360066888,0.016484682813526805,-0.020292071550727188
0.64570954721421,0.597024442628026,0.4027236560359597,1.1035509871640655e-08,-0.020296677148904686,0.01413556687703457,0.015362479271226621,-0.020296677148904686
0.5265826536342502,0.5983092384412885,0.4073201483115554,7.019292852300772e-09,-0.020317828595463706,0.012832173606541182,0.016629717031572892,-0.020317828595463706
0.5952430013567209,0.5992684010416269,0.404534206725657,1.1346298485027449e-08,-0.020317879485455378,0.013569103276572413,0.016008787048400027,-0.020317879485455378
0.48700603749603033,0.5889738416299224,0.40693775098770857,5.433394004972682e-09,-0.020372341769703314,0.013779128434402887,0.01629596304937329,-0.020372341769703314
0.7339323777705431,0.5960381152108312,0.4094435041770339,3.8007161157429586e-09,-0.02039897880474693,0.012316427527596192,0.015999350256369085,-0.02039897880474693
0.692789132706821,0.5911217080429196,0.41138792783021927,2.6651670636086502e-09,-0.02042873362563613,0.011476698131782306,0.016013015279011205,-0.02042873362563613
0.7225012825801969,0.589724825695157,0.4023866271600127,1.0855106901774105e-08,-0.02058549260598716,0.014339210160469462,0.014532858335492322,-0.02058549260598716
0.6873382572084665,0.5900981817394495,0.40077352337539196,1.2804971154731054e-08,-0.0206470508209579,0.014684075202789235,0.014362627970980014,-0.0206470508209579
0.6753273280337453,0.5995700554922223,0.41129414550960064,6.49439895605713e-09,-0.020673515199474118,0.011173139133502409,0.016626051055190126,-0.020673515199474118
0.801567311398685,0.5940347174182534,0.409138067625463,3.766987489229281e-09,-0.020714036518333527,0.013184185341343763,0.015668619759431436,-0.020714036518333527
0.6674979012459517,0.5831811688840389,0.4057515421882272,9.33706492683069e-09,-0.0207710289128473,0.01304861329758174,0.015521478684492118,-0.0207710289128473
0.5486793536692858,0.5895538302138448,0.4132051542401314,2.5385398639161973e-09,-0.02077272365404295,0.011739489626898076,0.016604710498937036,-0.02077272365404295
0.779477896168828,0.5930879348888993,0.4110827147960663,2.7721240337497906e-09,-0.02078422707412482,0.01261774216190808,0.01581544134321199,-0.02078422707412482
0.5695591308176517,0.5967151643708348,0.4135433863848448,3.145018192056658e-09,-0.020795713700865175,0.011363888388008692,0.016941023960705275,-0.020795713700865175
0.6186940902844071,0.5834898529574275,0.4105574022978544,5.1935211859821065e-09,-0.020824186388222074,0.010889184274951037,0.016317860596034527,-0.020824186388222074
0.6964954696595669,0.5986023191362619,0.4004400596022606,1.5455326830177034e-08,-0.02089665179635542,0.01479358718880357,0.014846963263464014,-0.02089665179635542
0.5600799368694425,0.5957221407443285,0.3987477645277977,1.530459395653889e-08,-0.020900558884737793,0.015519410333259598,0.014774259119883032,-0.020900558884737793
0.8266032580286264,0.5949977021664381,0.4041277403011918,8.916754331963676e-09,-0.020924433923678088,0.014649475087370929,0.015010784771003925,-0.020924433923678088
0.3828685265034437,0.5879755839705467,0.4058340387418866,6.588878928823715e-09,-0.020993598948660205,0.015424517344319837,0.01700762625296077,-0.020993598948660205
0.45707830879837275,0.5915074944496155,0.4003814421594143,1.2947251499560755e-08,-0.020994320119486078,0.016351065209405758,0.015413561935946122,-0.020994320119486078
0.5736316768452525,0.5886165965348482,0.3986587505787611,1.524870046453026e-08,-0.02099794624458463,0.01537743151803301,0.014328640064718911,-0.02099794624458463
0.3792198831215501,0.5972949033603072,0.4070925759151578,6.339182213209535e-09,-0.020998857290082207,0.014841293993634153,0.01767122328162609,-0.020998857290082207
0.6570106651633978,0.5925699379295111,0.4147100830450654,2.709319582267182e-09,-0.0210062867495872,0.012538869003478986,0.016411915675292203,-0.0210062867495872
0.8052467070519924,0.5878815781325102,0.4040337195619941,8.997280526254907e-09,-0.021007038997527188,0.014012510453537715,0.014648945067653235,-0.021007038997527188
0.3718153899535537,0.5907391309738159,0.4041112260892987,8.449751942706779e-09,-0.021008246717806798,0.01624764590917024,0.016889085883167797,-0.021008246717806798
0.7602481301873922,0.5842197379097342,0.4081261893734336,6.0489392003811125e-09,-0.02103228227365468,0.01231319625736916,0.015467167104587225,-0.02103228227365468
0.7043287148699164,0.5821561990305781,0.40660063084214926,9.812143776894374e-09,-0.02104399251225029,0.013091174707697384,0.015593885623236216,-0.02104399251225029
0.5929835205897689,0.5818540491163731,0.40344603452831507,1.3750279447984758e-08,-0.021047746480763622,0.014372910000729633,0.015516252503906626,-0.021047746480763622
0.5814649164676666,0.6039068652316928,0.40862608049064875,2.0126128890552258e-08,-0.02105605260775415,0.012496568531216692,0.01696857676626331,-0.02105605260775415
0.8146268995478749,0.5868532666936517,0.40880484227091074,4.21796417765135e-09,-0.021098361407424538,0.012762393805306775,0.015371104527322111,-0.021098361407424538
0.53665173612535,0.5809182627126575,0.4082271223887801,1.0182261490285697e-08,-0.021164460752207882,0.013284845402853762,0.016602861141381223,-0.021164460752207882
0.4612457510083914,0.597668289206922,0.41279415413737297,3.9156185017968085e-09,-0.021165384266480028,0.012303056545401559,0.01749955244347728,-0.021165384266480028
0.7133502578362823,0.59353291336447,0.3980083158239722,1.6477865774665027e-08,-0.02117288379657492,0.01519222567097734,0.013936721016000918,-0.02117288379657492
0.7680203365162015,0.6004846449941397,0.40208737552165985,1.7011826266684827e-08,-0.021221410939794346,0.015052046552514806,0.01507496715074629,-0.021221410939794346
0.848207208327949,0.5921621527522802,0.40217735432088375,1.1380363737014576e-08,-0.02126102541313635,0.015005521758573361,0.014481324528296119,-0.02126102541313635
0.4206058382987976,0.5905516883358359,0.4129453990608454,2.630572204328928e-09,-0.02126179340732624,0.013331940829805343,0.017423547363977762,-0.02126179340732624
0.43250376358628273,0.5838254624977708,0.4099202500656247,5.196586412527104e-09,-0.02128447008377884,0.013249468101440858,0.017201334161401675,-0.02128447008377884
0.3602359890937805,0.598990379832685,0.4086961792781949,7.141888095709169e-09,-0.021335781301702897,0.014494491568050646,0.018157712704580376,-0.021335781301702897
0.5860919430851936,0.5952199855819345,0.3962191278114915,1.9482898212809197e-08,-0.021378807422459966,0.01563057425329611,0.014195310901192944,-0.021378807422459966
0.5031353756785393,0.5824734829366207,0.40167080610990524,1.4956653325187335e-08,-0.02139166445704812,0.015578612583061712,0.01550067361454985,-0.02139166445704812
0.6379144489765167,0.5815529925748706,0.4123097788542509,7.348614057483193e-09,-0.021431962302242015,0.011501717086226724,0.01651425631061849,-0.021431962302242015
0.4378561722114682,0.5828701164573431,0.40321584325283766,1.253360795471198e-08,-0.02143854655490634,0.015790907538462087,0.01624919011799294,-0.02143854655490634
0.3378937179222703,0.5881554102525115,0.41066945530474186,3.0912837799747946e-09,-0.02146092144444676,0.014469254263228664,0.01800912419957016,-0.02146092144444676
0.6639100546017289,0.6060579149052501,0.40644550416618586,2.855532147905279e-08,-0.02148613987100342,0.013878356361960633,0.016622191707492785,-0.02148613987100342
0.540849925018847,0.6049013026058674,0.40359639283269644,2.8403890595390472e-08,-0.02150439560940027,0.015059717639745094,0.016412500672891125,-0.02150439560940027
0.6685638288035989,0.6010652268305421,0.3983453446999192,2.3091099724318546e-08,-0.021513245033700397,0.015489693807062412,0.014705448827123095,-0.021513245033700397
0.6001894371584058,0.5859004398807883,0.39711269084364176,1.8107836529155623e-08,-0.02153702135533516,0.015112128445533043,0.01396802626272486,-0.02153702135533516
0.9283373095095158,0.5918461913242936,0.4069828474894166,5.755754439054161e-09,-0.021551229691450898,0.014758739392738331,0.015451313779382277,-0.021551229691450898
0.8601127630099654,0.5851440727710724,0.40508049074560404,8.653458938717536e-09,-0.0215780285049645,0.013576558891934265,0.014930079452408459,-0.0215780285049645
0.3343366365879774,0.5976044312119484,0.4021324757486582,1.2164896351679361e-08,-0.0215986544349406,0.01703782077634236,0.01735456287199109,-0.0215986544349406
0.4091180032119155,0.598688468337059,0.3999833706766367,1.596744896164087e-08,-0.02160222860001713,0.01671635611597488,0.016245298747365605,-0.02160222860001713
0.6263653403148055,0.603720236569643,0.39988180808722973,2.9243572099891452e-08,-0.021618137231407385,0.015606639921425292,0.015331322759900089,-0.021618137231407385
0.7091251164674759,0.6000369247049093,0.4148003002628684,7.458833737188972e-09,-0.021625212256685945,0.013073639773334875,0.01666881133631254,-0.021625212256685945
0.25586781464517117,0.5917016407474875,0.4090954391285777,3.8539288332214674e-09,-0.021640960182551117,0.0160560437215316,0.018757733455155343,-0.021640960182551117
0.7512113284319639,0.5916534112766385,0.3967257058247924,1.8838431954397548e-08,-0.02165992150214204,0.01515778273333898,0.013459725631454247,-0.02165992150214204
0.5337806725874543,0.5942875426262617,0.4166137119755149,3.414524728799796e-09,-0.021696882373202588,0.013497082521052894,0.01698930958623799,-0.021696882373202588
0.5457000564783812,0.5871426174417138,0.3963122060522437,1.9202502184948724e-08,-0.02169693248578719,0.01581049778563536,0.013977731651170845,-0.02169693248578719
0.9493449376896024,0.5927786435931921,0.40615326073020697,6.69533817370957e-09,-0.021699252958961992,0.015174372315775186,0.015469658681156963,-0.021699252958961992
0.2938358476385474,0.5966791277751327,0.41106466576457024,3.6770874064909977e-09,-0.021760363408820017,0.014916432375639634,0.018864687663915265,-0.021760363408820017
0.28198178857564926,0.5891450867056847,0.40197836980223656,1.1007754259102018e-08,-0.02180371819052861,0.01784401797134203,0.017394663725557244,-0.02180371819052861
0.8523443676531315,0.6014738464727998,0.4107454475015402,1.1255638094102016e-08,-0.0218271338495316,0.014008123604492719,0.016305526574414496,-0.0218271338495316
0.6120949843898416,0.5923826033249497,0.3942785169929266,2.5070833739060003e-08,-0.021827522378484145,0.015606305928280636,0.013584091225175841,-0.021827522378484145
0.47546669375151396,0.5805214354768395,0.4117937199771404,9.182887703602096e-09,-0.021847066956315882,0.013020335675799587,0.017298293543616346,-0.021847066956315882
0.7630656147375703,0.5980735961347818,0.4154714113101363,4.489049196303831e-09,-0.021866749100544466,0.013764583381162796,0.016385653171662167,-0.021866749100544466
0.5274928398430347,0.584945559501648,0.4155351361259818,3.998048536700292e-09,-0.02186756093674881,0.012945094863544903,0.01678915282297188,-0.02186756093674881
0.6150757353752851,0.6062369160354137,0.40151688270270824,3.476653419317535e-08,-0.021879310251545783,0.015450375455430376,0.015942144786770637,-0.021879310251545783
0.26012680027633905,0.5979615896940231,0.40396116953343153,1.0468313161576971e-08,-0.021885111150067922,0.017354921368234546,0.018447755948103897,-0.021885111150067922
0.7162135168910027,0.6070242337882519,0.4053573524579406,3.2148064159104483e-08,-0.02190022818623931,0.014636423130709921,0.016382005279494846,-0.02190022818623931
0.2160940458998084,0.5937289474532008,0.40952236484736204,3.6879403381868328e-09,-0.021919455137944736,0.01647151712802139,0.019255742789067533,-0.021919455137944736
0.9028299720957875,0.5948037961497903,0.4128716643899679,2.593853465483462e-09,-0.02196999833145963,0.014460371707114466,0.016055799782755252,-0.02196999833145963
0.7459523733705282,0.604706103913486,0.4124608412384987,2.1196516822753243e-08,-0.02203322464900283,0.013137324998609859,0.016763512544280608,-0.02203322464900283
0.24184695445001125,0.5946146501228213,0.4114918150007725,3.0443586637709144e-09,-0.022034328421160387,0.015767061928549472,0.019228145207232726,-0.022034328421160387
0.9379789251834154,0.6003050589933991,0.4068935951218009,1.1160696969125322e-08,-0.0220346004315663,0.015396929060976415,0.016034424483026218,-0.0220346004315663
0.5722255706787109,0.5758438259363174,0.4068117355927825,1.9827576845886132e-08,-0.022037737883883267,0.015139566708277508,0.01706615031988252,-0.022037737883883267
0.5824771663174033,0.5861448477953672,0.41694787982851267,3.849481539540388e-09,-0.02204444750514025,0.013270636646476285,0.01657923204564988,-0.02204444750514025
0.8829898471012712,0.6020354693755507,0.41002986673265696,1.3304942692260775e-08,-0.022047908435680556,0.014518611774057822,0.016323298402065686,-0.022047908435680556
0.4899248331785202,0.6028256434947252,0.41424096655100584,1.5466897544955024e-08,-0.02209466482497392,0.012918470466838241,0.01762673133033247,-0.02209466482497392
0.32648384291678667,0.5812174389138818,0.40783504117280245,1.0110579968579752e-08,-0.022105191785799963,0.015946721519430856,0.018134756345802378,-0.022105191785799963
0.4027086440473795,0.5815182756632566,0.40092467702925205,1.7198476965453655e-08,-0.022114358156199034,0.01711210567669651,0.016247122954417256,-0.022114358156199034
0.5150507083162665,0.6071965424343944,0.4101620092988014,2.8239905512928566e-08,-0.022129793839209665,0.01250902168768668,0.017710711512304595,-0.022129793839209665
0.47923335060477257,0.6052368562668562,0.40125783905386925,3.226517164162638e-08,-0.02214136596622133,0.01627123290874372,0.016342434525047165,-0.02214136596622133
0.932382914237678,0.6013028379529715,0.40581526700407267,1.4894041801382278e-08,-0.022143201185588542,0.01566771766984981,0.01593230488935732,-0.022143201185588542
0.7818566551432014,0.6026816433295608,0.4139866232872009,1.4610762573142635e-08,-0.022192037399451067,0.013940517764949829,0.016563123233163477,-0.022192037399451067
0.7417236575856805,0.5806238688528538,0.3994835540652275,2.0921024017352165e-08,-0.022213352845728535,0.015237437624690786,0.014309679194786347,-0.022213352845728535
0.8907620552927256,0.5865602027624846,0.3999395575374365,1.4712123895967575e-08,-0.022217991721212624,0.014572196130209525,0.014036559011999902,-0.022217991721212624
0.4483591439202428,0.5930030606687069,0.41717545222491026,3.6707744759848726e-09,-0.02227560941644713,0.014523561706843085,0.017409192988838283,-0.02227560941644713
0.8380131404846907,0.6017181947827339,0.3992105033248663,2.4213632986479716e-08,-0.022277893598062003,0.015922352376025125,0.014597673943672968,-0.022277893598062003
0.1640352588146925,0.5927421413362026,0.4028298230841756,1.003699151910774e-08,-0.02229573384962006,0.019076418425435625,0.018753183712585775,-0.02229573384962006
0.5500892708078027,0.5748584559187293,0.40596768353134394,2.1951045525563916e-08,-0.02230105736605857,0.015942182946022527,0.017227722425706683,-0.02230105736605857
0.9089928567409515,0.5853392919525504,0.41196093522012234,3.4214949597577545e-09,-0.022302262094930022,0.013184797939042139,0.01575756222199187,-0.022302262094930022
0.4284624485298991,0.6058400329202414,0.40287863183766603,3.200170831275946e-08,-0.02233168202324522,0.016343387637346486,0.01713557366023581,-0.02233168202324522
0.8706152578815818,0.5906670782715082,0.41513818595558405,2.826683356677394e-09,-0.02233784993903142,0.014634074427264917,0.01580050797721386,-0.02233784993903142
0.24607136938720942,0.5872408486902714,0.40045179799199104,1.2953249626910858e-08,-0.022346550016181813,0.018552161009674762,0.01745249889228433,-0.022346550016181813
0.44922551698982716,0.6068607056513429,0.40983021538704634,2.7777740749473835e-08,-0.02235677197622672,0.013447492363235867,0.01806764812312727,-0.02235677197622672
0.3524633077904582,0.5835170056670904,0.3992552701383829,1.6489745576734363e-08,-0.02236086743501878,0.017662510676846443,0.016259422283559182,-0.02236086743501878
0.6523280208930373,0.576145856641233,0.4018830731511116,2.521406745166774e-08,-0.022368031189952294,0.016367223668374155,0.015856160504248942,-0.022368031189952294
0.32158912904560566,0.5951938517391682,0.4150581480935216,3.2948801579029635e-09,-0.022372717320400037,0.015126030301966641,0.018637525171340645,-0.022372717320400037
0.423468392342329,0.5919857202097774,0.3946178825572133,2.342348736585962e-08,-0.02240304297427737,0.017564753444420374,0.014669014625539089,-0.02240304297427737
0.39063739497214556,0.6043034354224801,0.41188780404627323,2.0411229776464356e-08,-0.022416689044892843,0.013804314625005289,0.018442945479275663,-0.022416689044892843
0.9753434620797634,0.5938475113362074,0.40027396380901337,1.4350780998098411e-08,-0.02243305005534549,0.01607973542316158,0.014710851130106813,-0.02243305005534549
0.3016924522817135,0.5802272986620665,0.4050035057589412,1.4553886451209272e-08,-0.022436845713199264,0.017427185118979414,0.018073806616795033,-0.022436845713199264
0.3145041409879923,0.6041170638054609,0.40509640146046877,2.461380174049557e-08,-0.0224466044580155,0.01676096012802747,0.018484156610085626,-0.0224466044580155
0.5082630664110184,0.5933388974517584,0.4185600280761719,4.103418734490485e-09,-0.022488528214662514,0.014579378989908805,0.017082487217947483,-0.022488528214662514
0.504068455658853,0.5997437322512269,0.3943675309419632,2.8746102755570923e-08,-0.02249136676377068,0.01650713219577134,0.014487538281065452,-0.02249136676377068
0.755992473103106,0.6089275032281876,0.40492918994277716,3.557026684402222e-08,-0.02253414490365086,0.015107367309524217,0.01648511129601838,-0.02253414490365086
0.0928640365600586,0.5954445255920291,0.407641869969666,5.360953043596573e-09,-0.02259021628612699,0.01873129363254329,0.020038444214175388,-0.02259021628612699
0.20420589298009872,0.5999049060046673,0.4024343742057681,1.570718336574379e-08,-0.02259291741008415,0.01853750378030633,0.018831965926281686,-0.02259291741008415
0.30072669964283705,0.5942070437595248,0.3966207457706332,1.8218424168322888e-08,-0.02259443733488287,0.018701564364937962,0.01648374172565287,-0.02259443733488287
0.8670579269528389,0.5990022318437696,0.3968197265639901,2.196267415170187e-08,-0.02259599888914396,0.015630713814793324,0.014066551647254046,-0.02259599888914396
0.3897161642089486,0.6018316866829991,0.39749324042350054,2.649891488822366e-08,-0.02264909758212509,0.017708984502592073,0.016150444756024424,-0.02264909758212509
0.4445884320884943,0.6001403657719493,0.3950123740360141,2.7466548370970138e-08,-0.022672880989311625,0.01718784001349453,0.01506496587774073,-0.022672880989311625
0.31218402460217476,0.5876495279371738,0.4154574079439044,3.354663706862036e-09,-0.022679763716758373,0.015415276359957661,0.018408202273547905,-0.022679763716758373
0.30536755453795195,0.6050418773666024,0.40816939156502485,2.4562104735698168e-08,-0.022679936557396432,0.0158563422515493,0.019059340623301398,-0.022679936557396432
0.49408822413533926,0.5790868373587728,0.39783045183867216,2.5274615689322125e-08,-0.02269012863420678,0.017328000035050885,0.015183588167419517,-0.02269012863420678
0.8793445508927107,0.5798835679888725,0.4028960997238755,1.8247557609943648e-08,-0.02269689358098654,0.015312232626318072,0.015051685857413684,-0.02269689358098654
0.7199896927922964,0.5751518756151199,0.41077238135039806,1.8032505125561694e-08,-0.02270231094871407,0.01414255854920305,0.017043084410843123,-0.02270231094871407
0.6313267424702644,0.5863245436921716,0.39245652221143246,3.3441984740898e-08,-0.022704309037546066,0.015015182029831613,0.013056416568220678,-0.022704309037546066
0.3174522118642926,0.5867213709279895,0.3967708023265004,1.8125327343353947e-08,-0.02270860671728948,0.018372591743209238,0.016047020486682256,-0.02270860671728948
0.6848373943939805,0.5735740140080452,0.4089923119172454,2.0737017147928803e-08,-0.02271651994568941,0.014879229450323076,0.01738405407059432,-0.02271651994568941
0.6547511322423816,0.602286197245121,0.41769028548151255,1.4553106140557692e-08,-0.022733873874174942,0.01429851608698001,0.017039830744381642,-0.022733873874174942
0.961365164257586,0.5844063460826874,0.40136589109897614,1.4292666754085461e-08,-0.02275109179290328,0.014316326410271444,0.01466311791159344,-0.02275109179290328
0.22262457199394703,0.6030785264447331,0.40652118157595396,2.0169184091410534e-08,-0.022753153072437738,0.017322772654877625,0.019481281359372323,-0.022753153072437738
0.7349587511271238,0.5946036139503121,0.3921230584383011,3.566164255197871e-08,-0.022760479703341358,0.01504719555379472,0.013014701580620423,-0.022760479703341358
0.48206822853535414,0.5874781711027026,0.3930429108440876,2.979373427096861e-08,-0.022762069705280396,0.016734699524214497,0.013763072691863465,-0.022762069705280396
0.9791144086048007,0.5875799069181085,0.4127788245677948,2.7481785960282053e-09,-0.022772033218130826,0.014641378939057597,0.015948969149145596,-0.022772033218130826
0.13779307063668966,0.5956386514008045,0.40085081942379475,1.2706373988970584e-08,-0.022775202734161164,0.01981827279985005,0.018814932387006326,-0.022775202734161164
0.22725016809999943,0.5961102908477187,0.3980236230418086,1.6292196337987816e-08,-0.022791194788340807,0.019222568772605884,0.017618766051612684,-0.022791194788340807
0.16761880461126566,0.6008330611512065,0.4093684973195195,1.1467455243534738e-08,-0.022805872734734462,0.01717183130805827,0.020060393893140346,-0.022805872734734462
0.7234194073826075,0.6032105451449752,0.39508724119514227,3.6644436718052296e-08,-0.02281106604094528,0.01597253843492098,0.01406435456076508,-0.02281106604094528
0.36718313302844763,0.5850121770054102,0.41612152475863695,4.355378333868359e-09,-0.02281845533176541,0.01492880999818079,0.017937322630818573,-0.02281845533176541
0.8066446473821998,0.5770642571151257,0.4112004842609167,1.521748623409726e-08,-0.02285043380790143,0.01435352727565248,0.016483108853651698,-0.02285043380790143
0.09536629635840654,0.5857358621433377,0.40863842982798815,4.99872010312866e-09,-0.02286556573049703,0.01848838055148116,0.019760764803997036,-0.02286556573049703
0.19637599121779203,0.5845555113628507,0.41235682740807533,4.293715777497301e-09,-0.02288212594480937,0.016489652754394485,0.019368174113304746,-0.02288212594480937
0.701330023817718,0.5846284171566367,0.3931521028280258,3.13702207004528e-08,-0.02288556589995085,0.01445914766836348,0.012936124998896265,-0.02288556589995085
0.6236176397651434,0.6007634457200766,0.4188982602208853,1.0663314927517752e-08,-0.022898795694566255,0.014386060357876967,0.01711222260551044,-0.022898795694566255
0.4707024581730366,0.5938907153904438,0.4191580154001713,4.341327143982111e-09,-0.022903326140954895,0.015049555552732652,0.017339921271181072,-0.022903326140954895
0.03677693102508783,0.5944271869957447,0.4045806182548404,8.248423980897107e-09,-0.0229051720911268,0.020417503661144556,0.019885821837537673,-0.0229051720911268
0.6297955317422748,0.5775803355500102,0.4153237631544471,1.4464551213530857e-08,-0.0229090762943808,0.014348940453233516,0.017084515792044966,-0.0229090762943808
0.22354455012828112,0.5897130891680717,0.41490775626152754,3.280279720429475e-09,-0.02291801629659908,0.016460425754048092,0.01921987200734768,-0.02291801629659908
0.8132251482456923,0.5780195919796824,0.40060046315193176,2.424155585028947e-08,-0.022918393326265885,0.016023048108909768,0.014817202858441781,-0.022918393326265885
0.08134210761636496,0.5859802700579166,0.40442961174994707,8.802116728193605e-09,-0.022925469059095906,0.019760761336430333,0.01934141680453067,-0.022925469059095906
0.12624061107635498,0.5862735910341144,0.4113415200263262,3.6028259174051134e-09,-0.02293272184528528,0.017570312458069833,0.01976387638212566,-0.02293272184528528
0.7937149927020073,0.57868342846632,0.399055615067482,2.5020590815302264e-08,-0.022938228614132906,0.01589376717914117,0.014407593836426683,-0.022938228614132906
0.8716964423656464,0.6079368880018592,0.40772817377001047,3.2011527192032455e-08,-0.022963463357306334,0.01531239124830612,0.016654480957525683,-0.022963463357306334
0.9868827983736992,0.6029903367161751,0.4032912543043494,2.361642833179254e-08,-0.022970251374511762,0.016796824590540292,0.015856889705196976,-0.022970251374511762
0.8932512933388352,0.5778482370078564,0.4073619833216071,1.6560374471510447e-08,-0.02297322665230017,0.01533220069781584,0.016068057659593356,-0.02297322665230017
0.3782247509807348,0.5800230968743563,0.4143310012295842,1.0261563869393496e-08,-0.022974346665615458,0.01513640581126621,0.018164739346097764,-0.022974346665615458
0.8344593876972795,0.5797112500295043,0.41359219513833523,1.0481281183864578e-08,-0.02297808193780605,0.014266298742287393,0.016140017249008924,-0.02297808193780605
0.17545252479612827,0.5855409000068903,0.3998046088963747,1.4297548674908858e-08,-0.02299381803631023,0.019537204718439106,0.017969482156227016,-0.02299381803631023
0.6427442543208599,0.5791424131020904,0.39548143092542887,3.026378762764968e-08,-0.023000671775934026,0.016213702228466836,0.014095745678371506,-0.023000671775934026
0.6952861770987511,0.5726139014586806,0.4042067239060998,2.6494928950023432e-08,-0.023001288496158345,0.016807960058306138,0.016919940257709272,-0.023001288496158345
0.04097083769738674,0.586938957683742,0.4072435600683093,5.732542313431279e-09,-0.023006146869391845,0.01967982782498953,0.019885727342464066,-0.023006146869391845
0.1496912268921733,0.6020540315657854,0.40564599353820086,1.814204294725173e-08,-0.023012456947822016,0.01851324030831017,0.01986851147817633,-0.023012456947822016
0.45959395356476307,0.5728775579482317,0.4075590567663312,2.2572459004862763e-08,-0.023029016859835286,0.016702463013220176,0.018367301239537923,-0.023029016859835286
0.4355360670015216,0.6010990552604198,0.4173302771523595,1.1415162075763021e-08,-0.023035626445240546,0.014600693525260224,0.017937472407613224,-0.023035626445240546
0.8783475616946816,0.5972754182294011,0.394570485688746,2.6475138733253872e-08,-0.02305706373413588,0.015317257530312545,0.013625201740666741,-0.02305706373413588
0.4180940119549632,0.5739053906872869,0.4047301737591624,2.437706630472647e-08,-0.02306501196860814,0.017903137558905876,0.018036404553227886,-0.02306501196860814
0.40161432791501284,0.594884212128818,0.39264483936131,3.153616203841342e-08,-0.02308381548654028,0.017882335419145298,0.014769222146979273,-0.02308381548654028
0.6729530673474073,0.6121902382001281,0.4038122361525893,3.532734239559337e-08,-0.023087033823729473,0.015185669312989631,0.017225515698310136,-0.023087033823729473
0.6349110146984458,0.595529405400157,0.42058578692376614,4.769636468347719e-09,-0.02309402790350913,0.014962752459042016,0.016874838268651084,-0.02309402790350913
0.26789567060768604,0.5825530821457505,0.4140048138797283,6.419932155620845e-09,-0.023095002734946257,0.015903932717297363,0.018919205002202073,-0.023095002734946257
0.15463171526789665,0.5886843120679259,0.3984190719202161,1.535951507269821e-08,-0.023118012018649853,0.020124260985541848,0.01790097894723935,-0.023118012018649853
0.2340513812378049,0.5783478189259768,0.4053078247234225,1.756082530259851e-08,-0.023124370538799437,0.018597980194189238,0.0189216284126332,-0.023124370538799437
0.11519902292639017,0.592425930313766,0.4134944397956133,3.2179669501076866e-09,-0.023130692182734697,0.017845163583501477,0.020071400006860994,-0.023130692182734697
0.6086745839565992,0.5732643669471145,0.4002479985356331,3.0576845860741914e-08,-0.02316493447239755,0.017638763817864344,0.016345838193884535,-0.02316493447239755
0.7664812561124563,0.6112718023359776,0.4092653626576066,3.142295820690574e-08,-0.023173943005601157,0.01395579524507595,0.017451267703116072,-0.023173943005601157
0.6763551104813814,0.5855918526649475,0.4196196850389242,4.957707142943794e-09,-0.023200478323933637,0.014513501418124897,0.016267742910256518,-0.023200478323933637
0.6042655576020479,0.6076709479093552,0.41593409422785044,2.9144712533107676e-08,-0.023225597910133625,0.013567967002529283,0.017634259678442392,-0.023225597910133625
0.6596331261098385,0.5941674429923296,0.3896280452609062,4.9779962295055597e-08,-0.023237192701570857,0.015208254551268521,0.012951054193496233,-0.023237192701570857
0.8175769317895174,0.6041289158165455,0.41604325268417597,1.999971357817027e-08,-0.02325707819705454,0.015347532733409466,0.01660779259045852,-0.02325707819705454
0.5680278604850173,0.6133919199928641,0.40611774381250143,3.023145733203018e-08,-0.02327811630347706,0.01443532771943497,0.01821883626462245,-0.02327811630347706
0.9354170672595501,0.5839051483199,0.397539303638041,2.0079603158476507e-08,-0.023294071494799517,0.014156793659368117,0.01388335478835743,-0.023294071494799517
0.8898356463760138,0.588055269792676,0.4172529587522149,3.6218962948256752e-09,-0.023294779494451197,0.015266531414221386,0.01575410888267662,-0.023294779494451197
0.6988735487684608,0.6132061406970024,0.40883748326450586,2.8748674355141976e-08,-0.02332711597127295,0.013653447440077031,0.018057279594720616,-0.02332711597127295
0.34833044186234474,0.6056612813845277,0.4136668834835291,2.4580370849479732e-08,-0.023327646273048074,0.014735200926212933,0.019003340742524282,-0.023327646273048074
0.7709217462688684,0.5827242014929652,0.3937007412314415,3.137085297753469e-08,-0.023333347036373873,0.014413606682441125,0.012949534248007946,-0.023333347036373873
0.3364995364099741,0.5755048887804151,0.4025124041363597,2.510737230264145e-08,-0.023342489609209708,0.019004000697561318,0.018028644000876275,-0.023342489609209708
0.8217105166986585,0.5811453862115741,0.39578692708164454,2.6884388161440194e-08,-0.023357409978342205,0.014969509556925813,0.013447667014860575,-0.023357409978342205
0.9447131576016545,0.5829107128083706,0.41425401624292135,5.6870080912939174e-09,-0.02338885953333849,0.014280932408767764,0.016004580881362886,-0.02338885953333849
0.026461269706487656,0.5847418997436762,0.4036431862041354,1.0516741079232937e-08,-0.02339921327189375,0.020826795919720503,0.01951294731787166,-0.02339921327189375
0.1455848254263401,0.5793146165087819,0.4064321042969823,1.4857532337807036e-08,-0.023410064300667513,0.01919173697608497,0.01958702852299335,-0.023410064300667513
0.5967597300186753,0.6120102927088737,0.41267599910497665,2.887294722338674e-08,-0.023427455169682986,0.01197486194497297,0.018373324631060728,-0.023427455169682986
0.14262149762362242,0.5970727875828743,0.414753888733685,4.543041335595403e-09,-0.023464913496604668,0.01740068468079482,0.020208270770530095,-0.023464913496604668
0.8006034083664417,0.5801790691912174,0.4164412682875991,1.0349489315985266e-08,-0.02347345275690263,0.014987536738697215,0.016106729011866036,-0.02347345275690263
0.24356734938919544,0.5764232333749533,0.4089153977110982,1.7470117221905216e-08,-0.023478533661463602,0.017912926483044836,0.019533287563949547,-0.023478533661463602
0.5160963116213679,0.6086921086534858,0.39726304914802313,4.432309063166754e-08,-0.023496203533158372,0.016788853296514826,0.015776759218568553,-0.023496203533158372
0.8120650229975581,0.6051538838073611,0.39563562627881765,4.191939876875819e-08,-0.023501592539282645,0.016261049072005006,0.014192316065090945,-0.023501592539282645
0.7928350185975432,0.596445900388062,0.39084070175886154,4.407069195705689e-08,-0.023504846606663406,0.014705637873847398,0.012924796597418797,-0.023504846606663406
0.6480997800827026,0.6135794818401337,0.41092362254858017,2.6755491225794845e-08,-0.023512718213620984,0.012413653532147233,0.018492678751926055,-0.023512718213620984
0.37322506681084633,0.5742147881537676,0.4115216098725796,1.906422752007865e-08,-0.023521016164986818,0.01629277595754119,0.019033406117283665,-0.023521016164986818
0.5616073962301016,0.6143215000629425,0.407210991717875,2.7218056500160872e-08,-0.02352291915479104,0.014187674260255578,0.01861580557785395,-0.02352291915479104
0.2629461418837309,0.5839876877143979,0.3957423819229007,2.195116092880743e-08,-0.02353127629283748,0.01917812208880272,0.016500007060580697,-0.02353127629283748
0.48450541123747826,0.5742787616327405,0.3985555861145258,3.141566615256205e-08,-0.023533826416274342,0.01866363106567592,0.01630416163876754,-0.023533826416274342
0.7483750078827143,0.5766469351947308,0.3968968177214265,3.1578858087230936e-08,-0.02353975523848166,0.01664016516132899,0.014417157584926057,-0.02353975523848166
0.57468206807971,0.6024726992473006,0.39124866388738155,5.090741257783744e-08,-0.02354654437839261,0.01626709762077412,0.013872960122525053,-0.02354654437839261
0.4067241884768009,0.6114305425435305,0.4074688432738185,3.1484933556627604e-08,-0.02356027268460603,0.014886051469657833,0.018940233503365406,-0.02356027268460603
0.5214518597349524,0.5722975805401802,0.41307121329009533,2.0843006985642493e-08,-0.023562463063950215,0.015219756339604866,0.01850728418098497,-0.023562463063950215
0.46363574732095003,0.6123940022662282,0.40439314115792513,3.352347697395365e-08,-0.023574752551370676,0.015549353964879593,0.0182373942688597,-0.023574752551370676
0.38536533433943987,0.5752031151205301,0.41330068930983543,1.7787511888562774e-08,-0.023605194228577736,0.016093113706734108,0.01878517488832838,-0.023605194228577736
0.8538796370849013,0.610338400118053,0.4025298794731498,3.957279838682622e-08,-0.02362967399267452,0.01636666212308648,0.016256575029495967,-0.02362967399267452
0.39756895788013935,0.5865414179861546,0.4193092603236437,4.7115751717307615e-09,-0.023634715344419757,0.015675550444701522,0.01764904737913381,-0.023634715344419757
0.28337215911597013,0.5745719615370035,0.4092198805883527,1.966503367702164e-08,-0.023648116155084824,0.01779288470125107,0.01955912903868037,-0.023648116155084824
0.41205111891031265,0.5853205071762204,0.39166163094341755,3.7201675615876673e-08,-0.02369714434252894,0.017580747986552254,0.01419730599733564,-0.02369714434252894
0.3960563400760293,0.5776753183454275,0.39644561242312193,3.0005238793081554e-08,-0.02370261954452436,0.018951819856068784,0.01592355910290353,-0.02370261954452436
0.9988327017053962,0.578862420283258,0.40987570490688086,1.3137125067189954e-08,-0.023713442636882,0.015719870655726526,0.016441579733611322,-0.023713442636882
0.014929316937923431,0.5934194289147854,0.3987337537109852,1.512387818265327e-08,-0.023720341243986476,0.022043766127882593,0.019031938651126883,-0.023720341243986476
0.07351220026612282,0.602371078915894,0.41060573048889637,1.6121024956916116e-08,-0.02373939051480919,0.018590501530498335,0.020791480646156723,-0.02373939051480919
0.7468476081266999,0.5873137544840574,0.42067956924438477,4.732728371992925e-09,-0.023759117433521496,0.015423012985859186,0.0159816186382933,-0.023759117433521496
0.7644678382202983,0.58866379968822,0.3897789027541876,4.991281287328406e-08,-0.023769836577427567,0.014182014683498494,0.012281833104840467,-0.023769836577427567
0.9897996401414275,0.5890144379809499,0.3949084794148803,2.544058689928958e-08,-0.023770830179100918,0.015180372522332269,0.01366094605200751,-0.023770830179100918
0.9155767038464546,0.5903509901836514,0.3926296513527632,3.469835495075422e-08,-0.023771574687301365,0.014525002893058055,0.012996754074447775,-0.023771574687301365
0.11881309561431408,0.60066182538867,0.39857869036495686,2.2527327317129978e-08,-0.02378067151668489,0.02056732767724585,0.018883027189515386,-0.02378067151668489
0.9204849964007735,0.6082312613725662,0.4009666945785284,4.08773527592169e-08,-0.02379946911716559,0.016889987959436213,0.015763057389138697,-0.02379946911716559
0.8592056138440967,0.5837100706994534,0.41797242872416973,5.8741769671622014e-09,-0.023802967821971582,0.014769727704274437,0.015789729304062333,-0.023802967821971582
0.10438640881329775,0.590015216730535,0.39614312816411257,1.944436863611846e-08,-0.02381515635364908,0.021186916182207756,0.01792208217695734,-0.02381515635364908
0.46807719115167856,0.5843046102672815,0.4200782813131809,6.0073280383943235e-09,-0.023835744540132407,0.015328313217884026,0.017173122402695664,-0.023835744540132407
0.5308482628315687,0.6019141860306263,0.3904473762959242,5.370139386771476e-08,-0.023836091301513082,0.016629453528973475,0.01386082436527459,-0.023836091301513082
0.7085776273161173,0.5867609549313784,0.3892290275543928,5.289925727488345e-08,-0.023841330235088377,0.014289040989919606,0.012342978616751942,-0.023841330235088377
0.9766213521361351,0.5768843023106456,0.4043188178911805,2.1849168565641118e-08,-0.02384666331462534,0.01672924157391055,0.0160601791534348,-0.02384666331462534
0.4835846573114395,0.5766894603148103,0.4168221028521657,1.6484541259291368e-08,-0.023848095458035328,0.01595482887150366,0.01779515205793179,-0.023848095458035328
0.9233450992032886,0.6058205477893353,0.41440817806869745,2.5153634481369116e-08,-0.02384941339520224,0.016064895139227903,0.01681252853356542,-0.02384941339520224
0.7862089155241847,0.5745925158262253,0.3983006486669183,3.212794105724413e-08,-0.02386837914728073,0.017209967808598733,0.01507034740065903,-0.02386837914728073
0.8410623529925942,0.5883484752848744,0.39093068055808544,4.363835385667539e-08,-0.023888014692425026,0.013888391029117557,0.012431673148645937,-0.023888014692425026
0.9939673095941544,0.5962585527449846,0.4171637063845992,4.058214145467474e-09,-0.023903516334575724,0.01697936230492321,0.016409702405188,-0.023903516334575724
0.2793565737083554,0.6066886242479086,0.39916595444083214,3.8664996859970205e-08,-0.02392285665497336,0.01881236868691289,0.018072265907273524,-0.02392285665497336
0.34094097279012203,0.6016454119235277,0.4180757123976946,1.3593020618359617e-08,-0.023934990845443004,0.015883352199842337,0.018786590013669186,-0.023934990845443004
0.727129322476685,0.5781517848372459,0.41784541215747595,1.4368762893262928e-08,-0.023936893304673683,0.01579860843283977,0.016547299385044505,-0.023936893304673683
0.12874844949692488,0.577439614571631,0.40391553472727537,2.0781673195568683e-08,-0.023938332831604313,0.020541607378795294,0.01955907654696173,-0.023938332831604313
0.680461754091084,0.6074920883402228,0.39355035685002804,5.4152944324193844e-08,-0.02395114093743432,0.016300246840819113,0.01437433443814412,-0.02395114093743432
0.5250697359442711,0.6130347764119506,0.40009389631450176,3.786658846176624e-08,-0.023967162108003995,0.016478996170815274,0.0172127292051157,-0.023967162108003995
0.7780644604936242,0.5705804778262973,0.4026808822527528,3.1373317817533117e-08,-0.023979239348547142,0.017860631460116367,0.016958308126897834,-0.023979239348547142
0.7952271355316043,0.5698477867990732,0.40628325287252665,2.8798821814103368e-08,-0.023995282062325343,0.01731038244982039,0.017704802996611542,-0.023995282062325343
0.640300395898521,0.5669820094481111,0.40490040834993124,4.522141548373714e-08,-0.024007483491854303,0.017952181323769374,0.018801491818180083,-0.024007483491854303
0.7315383264794946,0.6145157655701041,0.4022811483591795,3.327256771780197e-08,-0.024007620574383996,0.01625560822181623,0.01731265919331198,-0.024007620574383996
0.6211167173460126,0.6095992065966129,0.3948710700497031,5.0917371733409004e-08,-0.02401361383177809,0.01642604180449152,0.015141313095912406,-0.02401361383177809
0.5848674587905407,0.577278446406126,0.3929399847984314,4.255840234183601e-08,-0.02401453975093856,0.017176502895134334,0.014147577676674091,-0.02401453975093856
0.5323748020455241,0.5919613931328058,0.38751098327338696,6.108715904059704e-08,-0.024040510493255268,0.016555146087217733,0.012934339091662948,-0.024040510493255268
0.4903540853410959,0.5858646836131811,0.3891512993723154,5.1809555080166645e-08,-0.02404786189221843,0.016623893699778052,0.013168655152087101,-0.02404786189221843
0.8496244549751282,0.5715772993862629,0.4096636762842536,2.2583779268704683e-08,-0.02409423139918492,0.016484899664541797,0.017553297406855944,-0.02409423139918492
0.7393415290862322,0.5679754968732595,0.40793050918728113,3.504785435844999e-08,-0.024101515267720534,0.01699933016436181,0.0185502432389577,-0.024101515267720534
0.06943631451576948,0.5794866848737001,0.40159513242542744,2.011411271651865e-08,-0.024124692235248532,0.021457783337655273,0.019287998127316307,-0.024124692235248532
0.7885757833719254,0.5893162060528994,0.421350933611393,4.759224219049981e-09,-0.02412555466269633,0.01612607530922107,0.015918774491738053,-0.02412555466269633
0.048804556019604206,0.6033869702368975,0.4016854055225849,2.7524341823549235e-08,-0.02413484707854439,0.021077143910028892,0.019981397479918686,-0.02413484707854439
0.9681985806673765,0.5978938834741712,0.39296405762434006,3.505010343659309e-08,-0.02414278014654724,0.015450656389303185,0.013849495954389888,-0.02414278014654724
0.0030106594786047935,0.5997250704094768,0.4131001867353916,8.982336123638587e-09,-0.024143295692068446,0.01955457855133035,0.020999850039861892,-0.024143295692068446
0.654078216291964,0.5840854607522488,0.3885665759444237,5.776889692451936e-08,-0.024195904346722218,0.014591716432020365,0.012538940425064734,-0.024195904346722218
0.9484805259853601,0.6067563323304057,0.3979344582185149,4.2578327766582023e-08,-0.024204281622316973,0.01704979882105796,0.01512482013528982,-0.024204281622316973
0.06020084209740162,0.5785265835002065,0.41026875749230385,1.3813005321243448e-08,-0.02421336355698897,0.019845027534159523,0.02043542219728751,-0.02421336355698897
0.9119278332218528,0.5988311115652323,0.4192031156271696,6.877829057953357e-09,-0.024213383662647036,0.016823962319211898,0.01637287158999421,-0.024213383662647036
0.538191114552319,0.5681474590674043,0.40105040185153484,4.2272017398349317e-08,-0.02421535504505292,0.019223266686076754,0.018150618182431823,-0.02421535504505292
0.8673826800659299,0.5961308162659407,0.3899330049753189,5.068575571080183e-08,-0.024217692519249573,0.01432712723833766,0.012919705329297508,-0.024217692519249573
0.8434330392628908,0.5756084313616157,0.4150185501202941,1.7357825286476674e-08,-0.024218131741611047,0.01622670419242773,0.01674554494440083,-0.024218131741611047
0.47309552878141403,0.567750814370811,0.4033508049324155,4.216397243585265e-08,-0.024224975432029883,0.019274137262999657,0.019004774434367586,-0.024224975432029883
0.20900045987218618,0.5821444625034928,0.39507012348622084,2.6105951989445066e-08,-0.024232878124566454,0.020163145885740516,0.01698224790027476,-0.024232878124566454
0.8472252003848553,0.605526271276176,0.3938556294888258,4.957120237993197e-08,-0.024236912376228003,0.01617933517709394,0.013968879498051954,-0.024236912376228003
0.5914479531347752,0.5671606417745352,0.4116603657603264,3.895125520541995e-08,-0.024252748048137217,0.015384835169521178,0.01955248885804508,-0.024252748048137217
0.8294827248901129,0.5974694211035967,0.4210136663168669,5.778716298056055e-09,-0.024253091450893004,0.01655314207527844,0.016320440580292802,-0.024253091450893004
0.9572010692209005,0.6092285802587867,0.41181081533432007,3.1684399583664456e-08,-0.02426617230461898,0.016080024455171094,0.017275081637888774,-0.02426617230461898
0.28869908209890127,0.6026308061555028,0.39377864077687263,3.9103051294671866e-08,-0.024267996828476836,0.019286317731257697,0.016645065266294484,-0.024267996828476836
0.5572317633777857,0.5784460520371795,0.39140258729457855,4.842581903373729e-08,-0.024274347371243593,0.01710290305472959,0.013789121994176607,-0.024274347371243593
0.9562527323141694,0.5913440082222223,0.4191102758049965,4.3690423663754336e-09,-0.024275303790236027,0.016927203162557965,0.015998169353583763,-0.024275303790236027
0.32323866337537766,0.5936191976070404,0.3899780176579952,4.5991532545252706e-08,-0.024275896179976976,0.019032173375603895,0.015168380496252364,-0.024275896179976976
0.3473503990098834,0.5921733044087887,0.42090904898941517,4.833828932435814e-09,-0.024277222697168983,0.016704185762840135,0.018265862216202675,-0.024277222697168983
0.4459803467616439,0.5953215435147285,0.38807463087141514,5.7590613832411135e-08,-0.02427878727414662,0.017547363792121847,0.013780835298329307,-0.02427878727414662
0.7745975675061345,0.6064553968608379,0.41836685687303543,2.7788858578046133e-08,-0.024279066491952616,0.01602326285535226,0.0168488277444386,-0.024279066491952616
0.2744780872017145,0.5931973038241267,0.39076410606503487,4.1427553541990157e-08,-0.024297564390176215,0.01955973166887349,0.015781351581636814,-0.024297564390176215
0.3293579975143075,0.5797224016860127,0.3938679564744234,3.3985560111936174e-08,-0.024305920742429002,0.0193975458421749,0.015818353899157218,-0.024305920742429002
0.7524879015982151,0.5971591034904122,0.4222875591367483,5.658222671388994e-09,-0.02432888463545315,0.016266476342021247,0.01656051202380034,-0.02432888463545315
0.18977831583470106,0.5912568410858512,0.39216723665595055,3.396442990950339e-08,-0.024356623872790677,0.020488383222733022,0.01669532639842162,-0.024356623872790677
0.3617636887356639,0.6116102607920766,0.400558453053236,3.895267755841009e-08,-0.024389834150738445,0.017646173751736736,0.01828357915592421,-0.024389834150738445
0.5547234499827027,0.5695816176012158,0.41443409863859415,2.629292586745656e-08,-0.02438985599667162,0.01631826803518929,0.019022398461470975,-0.02438985599667162
0.5857138382270932,0.6001647058874369,0.38735591620206833,6.764551580139331e-08,-0.02439093915946673,0.015931964334549863,0.013308013309378502,-0.02439093915946673
0.18745916802436113,0.6076013343408704,0.41226369328796864,2.915247547962465e-08,-0.02442648689621104,0.01681581223381527,0.02061574057226681,-0.02442648689621104
0.6029860600829124,0.5790043212473392,0.3903570994734764,5.383985629597204e-08,-0.02442793192979289,0.016424070853514307,0.013403085664048525,-0.02442793192979289
0.027373421005904675,0.59822943713516,0.39629413466900587,2.1933539265416535e-08,-0.02444181669456141,0.022138975357981806,0.018899827021098103,-0.02444181669456141
0.37073615938425064,0.6081330375745893,0.3958352776244283,4.6490658864529544e-08,-0.02445038751158462,0.01839934491497116,0.016641342012998363,-0.02445038751158462
0.8329434338957071,0.5688919620588422,0.4054490467533469,3.303042017053416e-08,-0.02445412245222717,0.017931328347479007,0.017836579428703696,-0.02445412245222717
0.3593265227973461,0.6014010636135936,0.3909182120114565,4.926738207032652e-08,-0.02447699970342308,0.018592208952100214,0.015343310042133044,-0.02447699970342308
0.25446194875985384,0.5731936516240239,0.4006474707275629,3.003112682960026e-08,-0.0244782560344182,0.02086204781327461,0.018845790469483405,-0.0244782560344182
0.01597355678677559,0.5909471809864044,0.4165046839043498,4.387613527374834e-09,-0.024494662105753084,0.019808304057762068,0.020449925860421343,-0.024494662105753084
0.5534913362935185,0.6034056320786476,0.42140868306159973,1.930139388090194e-08,-0.024505034591025647,0.01562696168612281,0.017449427616972435,-0.024505034591025647
0.501611496321857,0.56582504324615,0.41005386505275965,5.234280771245188e-08,-0.024506979004539752,0.01694286903415338,0.02020692958421138,-0.024506979004539752
0.92999666929245,0.6100449599325657,0.413225993514061,3.168552780183167e-08,-0.02452993889703723,0.016026486154965165,0.017356197175372755,-0.02452993889703723
0.05361456610262394,0.5894110715016723,0.3943249247968197,2.5022427597517784e-08,-0.024547561838169214,0.022113099838255584,0.017923041277020366,-0.024547561838169214
0.10031457431614399,0.5992276817560196,0.4169029938057065,8.410525994447239e-09,-0.02456043603419305,0.01840972204475542,0.020553558491977684,-0.02456043603419305
0.4050759905949235,0.5668250434100628,0.40832998137921095,4.451132048729166e-08,-0.024567372016923928,0.01840800812515014,0.02037166554283956,-0.024567372016923928
0.10740345157682896,0.6078954879194498,0.4035493405535817,3.5955627566053767e-08,-0.024574422498390786,0.01988165355368571,0.020397923853116607,-0.024574422498390786
0.6202141586691141,0.5648577669635415,0.403089857660234,6.95355194820065e-08,-0.024576090422308274,0.018957425731435523,0.019221717717945022,-0.024576090422308274
0.435838938690722,0.5870410725474358,0.38774022087454796,5.928160079890402e-08,-0.02464673309906859,0.017562505563269964,0.013423963305082139,-0.02464673309906859
0.06252000853419304,0.5968785351142287,0.39416986145079136,2.6629050887903894e-08,-0.02464882718706843,0.02191704084919137,0.018297972643201967,-0.02464882718706843
0.35681463684886694,0.6101145753636956,0.41494136583060026,3.0494087353134044e-08,-0.024652664348569494,0.014972582617922163,0.019475185418813917,-0.024652664348569494
0.5651491656899452,0.5686563197523355,0.3977349838241935,4.37785686331672e-08,-0.02465895554572629,0.01941517560729437,0.017253769411719622,-0.02465895554572629
0.5433059455826879,0.5763536123558879,0.41940455697476864,1.7797187675155017e-08,-0.024659815521467055,0.016712356186013556,0.017512132050213472,-0.024659815521467055
0.16868277452886105,0.5830692853778601,0.4176482604816556,7.167407560045349e-09,-0.02466433616407915,0.017932477198368872,0.019600490179993577,-0.02466433616407915
0.6097206640988588,0.5718298805877566,0.4170799544081092,2.228276274340877e-08,-0.024669632918990415,0.01684341898671945,0.018206495559515062,-0.024669632918990415
0.671059693209827,0.5877473028376698,0.4235408678650856,4.885561348865791e-09,-0.02467465062691094,0.015915611195126588,0.016505678783900316,-0.02467465062691094
0.7126837940886617,0.5950960936024785,0.4236911665648222,4.979598934093053e-09,-0.02467677708930793,0.01641761493072605,0.016710645161962745,-0.02467677708930793
0.49657713901251554,0.6149624679237604,0.41339447535574436,2.3039580873079444e-08,-0.02469378400597223,0.013469373932703088,0.019408037239617763,-0.02469378400597223
0.0799284316599369,0.5772684868425131,0.412629920989275,1.5475335794326096e-08,-0.024702804132932625,0.01970077494568211,0.020560485310023583,-0.024702804132932625
0.4402418788522482,0.5662218518555164,0.4104543272405863,4.8593117649344865e-08,-0.024712467203671328,0.017441336386936918,0.02045054113258202,-0.024712467203671328
0.08597062435001135,0.581958306953311,0.41597885359078646,8.358691903305632e-09,-0.024720775764681426,0.01897165671659719,0.02013389855436275,-0.024720775764681426
0.17647834587842226,0.5993990590795875,0.39256625808775425,3.6322270779844295e-08,-0.02472435239265327,0.020494055608789915,0.01739049206824343,-0.02472435239265327
0.12033739406615496,0.6094042491167784,0.40679832827299833,3.336402770429085e-08,-0.0247256094549975,0.018803885304522695,0.020957477105299473,-0.0247256094549975
0.5065655596554279,0.6105631394311786,0.4174792105332017,3.1206462712576807e-08,-0.024757201856165378,0.014461272566786698,0.018338422211520804,-0.024757201856165378
0.47100224904716015,0.592297226190567,0.38612615037709475,6.727368262016429e-08,-0.024768269806926164,0.01755380136432778,0.013169569930275273,-0.024768269806926164
0.34495652467012405,0.5717425923794508,0.3981035752221942,3.488717507265948e-08,-0.024776104702412233,0.020760700811765554,0.017924565414695875,-0.024776104702412233
0.19266631826758385,0.6085309330374002,0.3994704969227314,4.109712060567096e-08,-0.0247858610996652,0.019707610517691945,0.019190707359317456,-0.0247858610996652
0.3328239591792226,0.6141591761261225,0.40955405216664076,2.536934481638002e-08,-0.024793847129095128,0.015473416962478219,0.020407029837452764,-0.024793847129095128
0.03390390984714031,0.5809376249089837,0.3972812173888087,2.3335695546901255e-08,-0.024808472042836125,0.022467926536331964,0.01861438029439249,-0.024808472042836125
0.5115038100630045,0.5949247200042009,0.38553007040172815,7.012939473204082e-08,-0.02481475916323633,0.017087554295283896,0.013065886001984928,-0.02481475916323633
0.08235249668359756,0.6038661459460855,0.397187371738255,3.476422596601458e-08,-0.024817853073620024,0.021490898760296927,0.019085474564119572,-0.024817853073620024
0.8250830108299851,0.6155523918569088,0.4115947335958481,2.299014391078676e-08,-0.024818005217325988,0.015021016232143905,0.018440326674702894,-0.024818005217325988
0.863707335665822,0.5896267602220178,0.42189234495162964,4.896994755406245e-09,-0.024821493646188384,0.016817463231721574,0.015853602959587983,-0.024821493646188384
0.20657640229910612,0.6106918882578611,0.4108791220933199,3.0266067794777764e-08,-0.02482865459102349,0.01658281666813644,0.020883096712691517,-0.02482865459102349
0.21858352050185204,0.5712211886420846,0.40229574032127857,3.094531572034821e-08,-0.024837576779709394,0.021300007252162426,0.019824737438068916,-0.024837576779709394
0.16525211371481419,0.609697432257235,0.4019613303244114,3.858279885166123e-08,-0.024843598115253464,0.019484366464082848,0.02002269660620724,-0.024843598115253464
0.6222082041203976,0.5874376464635134,0.38537906762212515,7.189454833371769e-08,-0.02484943130982179,0.015571038148331287,0.012317272613322154,-0.02484943130982179
0.43694568425416946,0.6099349986761808,0.39447829499840736,5.1449278735162363e-08,-0.02486492251002792,0.017758092420906015,0.016017277691658012,-0.02486492251002792
0.8817195864394307,0.5691859964281321,0.41037924587726593,2.767570117631734e-08,-0.024895585224938465,0.01732134238393383,0.018234431057496565,-0.024895585224938465
0.5987919261679053,0.602849985472858,0.4228203371167183,1.7507073019075333e-08,-0.024924132815377986,0.015948689164110956,0.017384253588348598,-0.024924132815377986
0.6899029798805714,0.608519896864891,0.419770747423172,3.176771145490107e-08,-0.02492542106504323,0.015874123164325613,0.017368259754138828,-0.02492542106504323
0.9052007179707289,0.6152360616251826,0.4047142704948783,2.979252826859153e-08,-0.024928880062504887,0.016961734408642647,0.017777074232173666,-0.024928880062504887
0.8976917760446668,0.6044460786506534,0.3916750531643629,5.797509141851721e-08,-0.024943321895593878,0.015743875663369763,0.013704782827110082,-0.024943321895593878
0.2929540127515793,0.5787927974015474,0.4184136427938938,1.3891169136995922e-08,-0.024953822515777938,0.01766195692384124,0.018940189396670963,-0.024953822515777938
0.11659672297537327,0.5719629684463143,0.4060121877118945,2.5769800582994885e-08,-0.024961578070887676,0.021394330393264546,0.020806608129205602,-0.024961578070887676
0.9403613517060876,0.6109697921201587,0.39844525419175625,4.5606758072137424e-08,-0.024974810662543017,0.017274332568784922,0.015837535932518347,-0.024974810662543017
0.16154196579009295,0.5721569936722517,0.4109719581902027,2.204178895670655e-08,-0.024980475814526032,0.019682630486699132,0.020924126200954154,-0.024980475814526032
0.30870273523032665,0.6009789258241653,0.3898880425840616,5.41899932318456e-08,-0.025008828703019778,0.01921496837148092,0.015749222142212808,-0.025008828703019778
0.5626446707174182,0.5794433578848839,0.42180407606065273,1.3096305243943444e-08,-0.025011714858106143,0.016479805700290694,0.017071701162018817,-0.025011714858106143
0.0573507072404027,0.5959227159619331,0.4184875003993511,5.4407295988334185e-09,-0.025028094819745973,0.01937688490870927,0.020553348644289662,-0.025028094819745973
0.25859528966248035,0.61256511695683,0.41118338145315647,2.7854649248277656e-08,-0.025031729439791105,0.015904288396444217,0.02081461287500905,-0.025031729439791105
0.510641205124557,0.57080252841115,0.3947210097685456,4.372585472358957e-08,-0.025050604585500055,0.01962110950638166,0.016275602642026,-0.025050604585500055
0.2469684612005949,0.6045131543651223,0.3931066356599331,4.814388805959356e-08,-0.02505168306719604,0.019908723448311638,0.017101097369795495,-0.02505168306719604
0.8030913695693016,0.6165730534121394,0.4007555302232504,3.063220684521019e-08,-0.025054897822554496,0.01718986830957459,0.017432506238074595,-0.025054897822554496
0.04238832462579012,0.5762435281649232,0.40008083172142506,2.7235341673050806e-08,-0.02505666638880441,0.0228631799254408,0.019535339125866445,-0.02505666638880441
0.6788628920912743,0.6025492735207081,0.38661070819944143,7.918257897875184e-08,-0.025074127920110732,0.01579828058088524,0.013070704500541715,-0.025074127920110732
0.7545833308249712,0.6177940238267183,0.41216849349439144,1.675001782366047e-08,-0.025086205671044515,0.014563343266456192,0.01919141873239925,-0.025086205671044515
0.8319719033315778,0.6141177415847778,0.3981496458873153,4.0367909476691616e-08,-0.02508868849150964,0.01710953743932204,0.016267438389571197,-0.02508868849150964
0.07456074189394712,0.5883908793330193,0.4188817534595728,5.035070066758273e-09,-0.02509015807339454,0.019283763015704718,0.02008851609937086,-0.02509015807339454
0.13479159027338028,0.5817863354459405,0.3934407476335764,3.276978069639021e-08,-0.0250945394732141,0.021365647360401554,0.017317537076268052,-0.0250945394732141
0.4301218753680587,0.5651935590431094,0.40176625177264214,6.838269735377478e-08,-0.025111556750392477,0.020606941663394086,0.019745400993093985,-0.025111556750392477
0.18058069236576557,0.5903315246105194,0.4206045661121607,5.083853447072573e-09,-0.025113220501412722,0.0182487730462684,0.019546441859325987,-0.025113220501412722
0.6663460973650217,0.5622626766562462,0.4097840916365385,1.0258714010966993e-07,-0.025128216024019174,0.017179492901542935,0.02063704619573556,-0.025128216024019174
0.3540029227733612,0.5650070495903492,0.40672637801617384,6.595453016296224e-08,-0.02514410555446265,0.019865784378695253,0.021068449442041413,-0.02514410555446265
0.8872095607221127,0.5981936510652304,0.3877838999032974,6.617361080134847e-08,-0.025152469214215736,0.013872202650022834,0.012937477895220727,-0.025152469214215736
0.6343675600364804,0.5932225678116083,0.38377927895635366,7.632832374767461e-08,-0.02515529622261015,0.01633250308414766,0.0125050333718835,-0.02515529622261015
0.2971192831173539,0.5925904354080558,0.422305503860116,4.979592916438021e-09,-0.025158087665667343,0.017438932239662558,0.0187684649715075,-0.025158087665667343
0.3815981987863779,0.6139718340709805,0.39888904616236687,3.7016951186663576e-08,-0.025163660230738488,0.01814566863769704,0.018297934913149152,-0.025163660230738488
0.02272107731550932,0.6088317530229688,0.40830502938479185,3.242282613547958e-08,-0.02516926197246445,0.01998544743311939,0.021484718309380722,-0.02516926197246445
0.7903420217335224,0.6150778671726584,0.4146202364936471,2.404180003489901e-08,-0.0251707235237234,0.015391109840787929,0.018361100589743436,-0.0251707235237234
0.7066958211362362,0.5656301835551858,0.39935810677707195,6.465940691194644e-08,-0.025177437929661414,0.01941466792203318,0.01800404204943665,-0.025177437929661414
0.6164777847006917,0.6209604870527983,0.40971951838582754,9.873206239549677e-09,-0.025187536429058275,0.014067491068173983,0.02054110981082659,-0.025187536429058275
0.633504968136549,0.6159905754029751,0.396502329967916,3.724698688145839e-08,-0.025192133051715176,0.0171894477962877,0.01694456084021534,-0.025192133051715176
0.8883153395727277,0.5754371732473373,0.39446596056222916,4.085060745408469e-08,-0.025198576510743052,0.01665842701666384,0.014272354645637335,-0.025198576510743052
0.2733146380633116,0.611130965873599,0.3981966497376561,4.230797595883195e-08,-0.025201642628941538,0.019022864054844286,0.01864286275406983,-0.025201642628941538
0.15713389310985804,0.6061062598600984,0.39540829230099916,4.4648797118833174e-08,-0.025286160242493826,0.02079844787517434,0.018451537974552203,-0.025286160242493826
0.4561280142515898,0.6092717843130231,0.39199479296803474,6.231655819885586e-08,-0.02529300868478547,0.017690886010118624,0.015278410202477026,-0.02529300868478547
0.423889284953475,0.5943232839927077,0.42409444972872734,4.932318025331791e-09,-0.025295671861783223,0.016745829537452038,0.01790306702675265,-0.025295671861783223
0.9258330529555678,0.5713830543681979,0.39884427189826965,3.5441419603831806e-08,-0.025321815681759095,0.018344752762877413,0.016168386941772233,-0.025321815681759095
0.3098094677552581,0.5769825335592031,0.3923609871417284,4.5300082025780224e-08,-0.025323556488026148,0.020414165841376154,0.016120382980360826,-0.025323556488026148
0.2012086994946003,0.5984093695878983,0.420754861086607,7.599327313234035e-09,-0.025331799069643474,0.017803543999593843,0.019844799902314594,-0.025331799069643474
0.5193260842934251,0.5799987716600299,0.42248336784541607,1.2165063184383668e-08,-0.025334489787695105,0.016700403810331714,0.01719445801144872,-0.025334489787695105
0.5136524699628353,0.6199364671483636,0.4029969582334161,1.8193717306943332e-08,-0.025334657844776006,0.01705400908123122,0.019760934082542,-0.025334657844776006
0.9133451394736767,0.6114796027541161,0.3963972693309188,4.8781445157058243e-08,-0.025340984873614504,0.017067980432387445,0.01548000762908069,-0.025340984873614504
0.665126976557076,0.5646715145558119,0.4139096066355705,6.43291653287161e-08,-0.025345291057798713,0.017219314283263242,0.019975065060582192,-0.025345291057798713
0.9017338026314974,0.5813175775110722,0.42027793638408184,9.893832170818549e-09,-0.02535521165184106,0.01661620744119894,0.01592781610664208,-0.02535521165184106
0.3032122841104865,0.567578624933958,0.412183815613389,3.7861944646889485e-08,-0.025363092965682864,0.01877430538866649,0.021071330602286057,-0.025363092965682864
0.6288697756826878,0.622199734672904,0.4080205475911498,8.921950654793186e-09,-0.02536818905139289,0.01505737379793563,0.02074175789557685,-0.02536818905139289
0.5894537884742022,0.5929205464199185,0.4256937876343727,5.593562629913705e-09,-0.025380016208944717,0.01634768582855225,0.017273959396417977,-0.025380016208944717
0.31898325588554144,0.600016443990171,0.4219682328402996,1.019484985315706e-08,-0.02538081685002544,0.01698198780196916,0.018936839855722313,-0.02538081685002544
0.2953523360192776,0.6151564763858914,0.4026054786518216,2.9698174114330547e-08,-0.025386748788810597,0.01829146891344702,0.02013315522380989,-0.025386748788810597
0.14231449458748102,0.5915556810796261,0.3895506151020527,4.872303602282193e-08,-0.025391813669841605,0.021350430819412843,0.016755581822197517,-0.025391813669841605
0.26635986659675837,0.5660267723724246,0.40561816561967134,5.621143007104185e-08,-0.025392070671304362,0.02092883307740406,0.021268056290373545,-0.025392070671304362
0.27686814311891794,0.5707829454913735,0.4146071942523122,2.410449619683888e-08,-0.0253955577327527,0.018807385756581318,0.020476310424071872,-0.0253955577327527
0.2350838864222169,0.5807590018957853,0.419695358723402,1.098415707243521e-08,-0.025412167120181538,0.018070023515648324,0.019204793151471684,-0.025412167120181538
0.045818992890417576,0.6048215012997389,0.41564545314759016,2.4529102539334925e-08,-0.02541819219667383,0.019328666873550674,0.021132068438730604,-0.02541819219667383
0.22592697199434042,0.599099975079298,0.3892171550542116,5.4091265046875187e-08,-0.025419549344532406,0.02012289572992108,0.016456707622211682,-0.025419549344532406
0.74344411958009,0.6212629908695817,0.40523761603981256,1.3560661669461393e-08,-0.02542468717483491,0.016560704832560186,0.019698382916996254,-0.02542468717483491
0.5522149270400405,0.5852237306535244,0.3846078971400857,7.403971093150292e-08,-0.02542623782183773,0.016411726332636902,0.012427053362784391,-0.02542623782183773
0.2707989336922765,0.6004338078200817,0.42130425944924355,1.133792618848052e-08,-0.025430450159249735,0.017301246157965695,0.019366473815142744,-0.025430450159249735
0.9705772576853633,0.5803579492494464,0.39207424968481064,4.539331699895542e-08,-0.025435551286251544,0.014565364235836875,0.0134750565512447,-0.025435551286251544
0.4328020215034485,0.561748263426125,0.40539943613111973,1.1816541368595328e-07,-0.025467813097602033,0.020138749827957714,0.02131983290881692,-0.025467813097602033
0.4423352777957916,0.5861090933904052,0.4240016136318445,5.250562708974453e-09,-0.025481376347085666,0.01651588144873479,0.017461024164901143,-0.025481376347085666
0.25108850840479136,0.609099829569459,0.41645587515085936,3.117042839607945e-08,-0.02548480993380855,0.016624177920779387,0.020245871624825003,-0.02548480993380855
0.7077312348410487,0.6107343770563602,0.3910363670438528,6.959132134624436e-08,-0.025506178972126956,0.016181407241874154,0.014416822474360297,-0.025506178972126956
0.44682769291102886,0.5704669933766127,0.3941448349505663,4.640742474731467e-08,-0.02551159360152049,0.02038538726440452,0.0166513768387675,-0.02551159360152049
0.7040166212245822,0.56132688280195,0.4030487462878227,1.2620400018299753e-07,-0.025515924384498758,0.019646687951374503,0.020023204362254115,-0.025515924384498758
0.38733094464987516,0.584844016470015,0.42319897934794426,5.9104679482665065e-09,-0.02552486133038322,0.016783788660719657,0.017833016418860714,-0.02552486133038322
0.18210505042225122,0.5736525077372789,0.3965770034119487,3.530220012287014e-08,-0.025531479179689585,0.02224030789477743,0.01854230399246251,-0.025531479179689585
0.736368608660996,0.6169873951002955,0.41516893450170755,1.9101314763975842e-08,-0.025533399427304745,0.015372109401391092,0.018981619589343104,-0.025533399427304745
0.12373848352581263,0.5832641357555985,0.3913555387407541,4.1082766591977096e-08,-0.02553374506221944,0.02148572243611817,0.017004447372002355,-0.02553374506221944
0.972976534627378,0.6162634156644344,0.40751584712415934,2.4658149404611978e-08,-0.02558815189541399,0.017268850757377757,0.018490175690320423,-0.02558815189541399
0.9171120328828692,0.5737942224368453,0.4166536247357726,2.0061011972913558e-08,-0.025599291649908464,0.017964645581711153,0.017074169381282804,-0.025599291649908464
0.4390237042680383,0.5607581008225679,0.40627945587038994,1.36091219228169e-07,-0.02561077342663063,0.01994215514880867,0.02168460716034595,-0.02561077342663063
0.0014901719987392426,0.6103900978341699,0.4059181632474065,3.433881945261181e-08,-0.025611483315199805,0.020888633845829868,0.021568070571117967,-0.025611483315199805
0.3249602001160383,0.5666461614891887,0.39961714670062065,5.633916802431479e-08,-0.025627655820068845,0.021771635316439414,0.019707847352618872,-0.025627655820068845
0.994518930092454,0.5900509860366583,0.3881819751113653,6.419911199062787e-08,-0.025628552673774382,0.013419251094481444,0.01295333092362143,-0.025628552673774382
0.7260501980781555,0.5850517628714442,0.42457143776118755,5.93737574312961e-09,-0.025634994448720035,0.016097384750182964,0.016303392898814942,-0.025634994448720035
0.9964538477361202,0.5701484875753522,0.4014770146459341,3.456709042394122e-08,-0.025653422225955468,0.019055683330335468,0.01719049228566512,-0.025653422225955468
0.9518530126661062,0.5703928954899311,0.41337629221379757,2.3686047307615496e-08,-0.025658621157833985,0.01812279903313472,0.018033089554303546,-0.025658621157833985
0.21322892606258392,0.6070964094251394,0.41773733776062727,2.963437744638192e-08,-0.025662382195275578,0.017388384542881958,0.020278560639835814,-0.025662382195275578
0.44318262580782175,0.610959948040545,0.41877986676990986,3.1375153477739275e-08,-0.025663375738243337,0.015385306168105064,0.01874683712884644,-0.025663375738243337
0.18825776875019073,0.5726552130654454,0.4152792589738965,2.1564503212955834e-08,-0.02566381415345003,0.01956254005191694,0.02066196874753052,-0.02566381415345003
0.23166156373918056,0.5695119947195053,0.41371055133640766,2.7983519732777493e-08,-0.025664102909976342,0.01943614579146405,0.021077344522523345,-0.025664102909976342
0.013527805916965008,0.571033863350749,0.4071315499022603,2.7073412647396565e-08,-0.025668803630670065,0.022770736124459585,0.02149669858409026,-0.025668803630670065
0.7285425197333097,0.5694095436483622,0.39400131069123745,5.051341604991009e-08,-0.025680776118953502,0.018558642666686588,0.015758796023923365,-0.025680776118953502
0.504915801808238,0.5777006139978766,0.38786623626947403,7.013921919814248e-08,-0.02568765647680942,0.018055526389003804,0.013616851463450015,-0.02568765647680942
0.6883791601285338,0.6172317434102297,0.39594597462564707,3.5739063246910994e-08,-0.025707091558345475,0.017418592551932816,0.017005536402639722,-0.025707091558345475
0.8188604339957237,0.5820581316947937,0.38704054057598114,7.136270276215121e-08,-0.02571142162977859,0.01338657248263038,0.012119917022287723,-0.02571142162977859
0.3951947018504143,0.5998290926218033,0.38578816037625074,7.284391723253956e-08,-0.025715689349235113,0.01850493041005266,0.014267200065828201,-0.025715689349235113
0.4156957110390067,0.608311677351594,0.42017236538231373,3.146329302690987e-08,-0.02572169483063141,0.01613092302916987,0.01855003018945628,-0.02572169483063141
0.7187062753364444,0.6196424495428801,0.413815526291728,1.2131664686669645e-08,-0.025744524829309525,0.014998568385038536,0.019812711276928074,-0.025744524829309525
0.6892255526036024,0.5798039175570011,0.3862725356593728,7.671446879579538e-08,-0.02574504905324356,0.015577910504650462,0.012480728910325322,-0.02574504905324356
0.6175260813906789,0.5620838021859527,0.39896412286907434,1.1777839512620324e-07,-0.025759577540672537,0.020300513338568287,0.019352405740559075,-0.025759577540672537
0.6699538994580507,0.6097790403291583,0.4211937338113785,3.275834804716145e-08,-0.025767013198563928,0.016213925945580326,0.0176016998796,-0.025767013198563928
0.7587200151756406,0.563636732287705,0.3996636029332876,9.041070251929045e-08,-0.025769839683239284,0.019794413248614685,0.018555932577547892,-0.025769839683239284
0.45173019263893366,0.6196009321138263,0.4013680014759302,2.0747061101437638e-08,-0.025770376931336506,0.017898217641570006,0.019745123117866775,-0.025770376931336506
0.9547135923057795,0.5728646293282509,0.396001816727221,3.935245204965471e-08,-0.02579853948122547,0.01781283861164962,0.015374560268436286,-0.02579853948122547
0.6585273342207074,0.5721394009888172,0.3906382918357849,6.178957808818677e-08,-0.025814540426290337,0.017937375241739856,0.014656902454807696,-0.025814540426290337
0.7655736301094294,0.6127668842673302,0.3924404513090849,6.020188764158268e-08,-0.0258147515327259,0.016480788059835508,0.014937864079284966,-0.0258147515327259
0.6614211145788431,0.620659769512713,0.39902494102716446,2.2123601082250197e-08,-0.025819605966710523,0.017658678932953187,0.01875273057497509,-0.025819605966710523
0.476744650863111,0.6219157539308071,0.40848510432988405,8.809800673267286e-09,-0.025820884999622932,0.01544132114434865,0.02128602134179323,-0.025820884999622932
0.7296339934691787,0.6080352775752544,0.38823246769607067,8.611137635716888e-08,-0.02582737014728933,0.0158396867185739,0.01351094426676892,-0.02582737014728933
0.5422631818801165,0.6215799059718847,0.4119982998818159,7.942166375417934e-09,-0.02583136648716462,0.01375736243463952,0.02102654523092467,-0.02583136648716462
0.061732531525194645,0.5698129525408149,0.40304471272975206,3.481421306981468e-08,-0.02583310917936957,0.023314170906956463,0.021087405152330617,-0.02583310917936957
0.8758399737998843,0.591048770584166,0.42416828870773315,5.148014549164299e-09,-0.025856161109838696,0.017583422624020528,0.016063040066987617,-0.025856161109838696
0.9179688133299351,0.6188979614526033,0.4084386518225074,1.6432919648576797e-08,-0.02585923470501036,0.016869688243432827,0.019171357517968855,-0.02585923470501036
0.4249960323795676,0.5714332917705178,0.41868608072400093,2.3703487277892455e-08,-0.02586254538950877,0.01852891414555028,0.0190771255572344,-0.02586254538950877
0.6413272460922599,0.5684775607660413,0.418287917971611,3.1768516338498204e-08,-0.025862718467147,0.018286768845225704,0.01883009105452549,-0.025862718467147
0.6321740755811334,0.6111715054139495,0.38974673859775066,7.627592901165813e-08,-0.02586395776755931,0.016328473981349817,0.014551692121925358,-0.02586395776755931
0.6078272378072143,0.5963986972346902,0.38197050988674164,7.715217080363432e-08,-0.025876271328814364,0.0170094662962581,0.0127179867025406,-0.025876271328814364
0.8308804295957088,0.5912201311439276,0.38408401515334845,7.947329907091221e-08,-0.02587769158916293,0.014903921707206225,0.011970311493201895,-0.02587769158916293
0.9124825345352292,0.5894325207918882,0.38580682780593634,7.545584940364715e-08,-0.02588340024115764,0.013276815726157014,0.012269353160391728,-0.02588340024115764
0.94221246894449,0.603764571249485,0.3890431132167578,7.341752315560692e-08,-0.02588761162965052,0.015018279549404306,0.013544622830814486,-0.02588761162965052
0.4720927691087127,0.616396626457572,0.39610857982188463,3.621226264743156e-08,-0.025887951184938217,0.018123965900712677,0.017612003622216866,-0.025887951184938217
0.3198305871337652,0.5779769802466035,0.42078273370862007,1.5786170445896094e-08,-0.025898073489454134,0.018254770502343545,0.018746246516526045,-0.025898073489454134
0.5444117225706577,0.6011815564706922,0.42529953829944134,1.3005344375382144e-08,-0.025927673921966776,0.01636302847266224,0.017657074181946883,-0.025927673921966776
0.4259539544582367,0.6205638982355595,0.4103032611310482,1.0117715673329284e-08,-0.02592797324955195,0.015128363715496003,0.021341808213664517,-0.02592797324955195
0.5800478486344218,0.6225080722942948,0.4011397138237953,1.6076047849432995e-08,-0.025939000067342663,0.017534489119917132,0.019997017236191208,-0.025939000067342663
0.8682290725409985,0.5739883556962013,0.39228538423776627,5.242370477987247e-08,-0.02595011025335938,0.01667934092918035,0.014172650493048363,-0.02595011025335938
0.7853463236242533,0.5994357522577047,0.38393395487219095,8.249099754834963e-08,-0.025965026762084283,0.015643111314339663,0.012526087054169755,-0.025965026762084283
0.35277587827295065,0.5619268883019686,0.41036025155335665,1.1222805821361897e-07,-0.025970162859648656,0.019337475031875703,0.022204317412482435,-0.025970162859648656
0.06790843605995178,0.5687894076108932,0.40973472129553556,3.339123614640799e-08,-0.025987979013764234,0.02189958990914593,0.02197335958302757,-0.025987979013764234
0.9536221055313945,0.5968570988625288,0.3862013155594468,7.534198758263567e-08,-0.025998784341750913,0.013800883115520302,0.013056229714803672,-0.025998784341750913
0.9240144798532128,0.5810392126441002,0.3887099474668503,6.489313703779828e-08,-0.025999377264272275,0.013070861449463254,0.01273588436770096,-0.025999377264272275
0.29046525340527296,0.5700502544641495,0.39537857193499804,4.395657954075808e-08,-0.026000383493926832,0.02201174650533876,0.01827821325601266,-0.026000383493926832
0.6819817628711462,0.6181875737383962,0.4163375487551093,1.6222196784813607e-08,-0.02601000721763602,0.015595574359230917,0.019461640477697308,-0.02601000721763602
0.9597134338691831,0.6179726691916585,0.40342334751039743,2.471024256534101e-08,-0.026025238450848812,0.018007871282329717,0.0184045311712999,-0.026025238450848812
0.36358404625207186,0.6031900625675917,0.38699590787291527,7.700528530134513e-08,-0.026030832042572852,0.01903850232181849,0.014848241815699803,-0.026030832042572852
0.7832512520253658,0.6232344852760434,0.4055428886786103,1.0257258662582824e-08,-0.026036225724566046,0.016895242416419983,0.02022038934089465,-0.026036225724566046
0.13120399322360754,0.6035492401570082,0.4196022246032953,2.1256881707672884e-08,-0.026049101001052417,0.018703921192390838,0.02052771399184511,-0.026049101001052417
0.2394604729488492,0.6171528035774827,0.4042535247281194,2.2764744434601352e-08,-0.026063411827342297,0.018659415043880148,0.021403254523431045,-0.026063411827342297
0.07694334536790848,0.5757729653269053,0.3947979239746928,3.7705720286162104e-08,-0.02606502357303926,0.02330523221984762,0.0185141546096528,-0.02606502357303926
0.35822073090821505,0.5765615897253156,0.38936243392527103,6.269549614638892e-08,-0.026071255405276928,0.020130306239138616,0.015225879716506081,-0.026071255405276928
0.5028375945985317,0.5611546859145164,0.413744724355638,1.2398409713869872e-07,-0.026109101776856772,0.018145823772476963,0.021570253069066514,-0.026109101776856772
0.4666604194790125,0.5637502148747444,0.3969869436696172,9.414691535170908e-08,-0.026121589184379696,0.021357648667086795,0.019054955582785707,-0.026121589184379696
0.04429087322205305,0.5839294586330652,0.39043264277279377,4.602630266779578e-08,-0.026124844944441353,0.022659766759984365,0.01735321753223585,-0.026124844944441353
0.34974346216768026,0.6202629609033465,0.4054678110405803,1.4378304525337453e-08,-0.026125770482635594,0.017611829960864044,0.021454824547393902,-0.026125770482635594
0.9819473214447498,0.6054624505341053,0.42012781649827957,2.6366686777708038e-08,-0.02612761799480366,0.018561074756478592,0.01676215975164585,-0.02612761799480366
0.22951504588127136,0.5906275091692805,0.42358738370239735,5.062516099338739e-09,-0.02612762502701011,0.018253611457259178,0.019261668725689577,-0.02612762502701011
0.7613994497805834,0.5593911809846759,0.4033544212579727,1.6388862122560865e-07,-0.026127626467905167,0.020034005659864875,0.02052609797625539,-0.026127626467905167
0.5239629903808236,0.5879397997632623,0.38212557695806026,7.538175414041902e-08,-0.02614464726198447,0.01768229891472255,0.012347590933413203,-0.02614464726198447
0.1987507864832878,0.5639723306521773,0.40519095677882433,8.458989464843681e-08,-0.026153883739470914,0.022137801947646953,0.022160887901570756,-0.026153883739470914
0.8731017736718059,0.6187260122969747,0.39957332611083984,2.7082576934387285e-08,-0.0261539618154437,0.017930745445098876,0.01782805777726993,-0.0261539618154437
0.7972444873303175,0.6061925739049911,0.38695122860372066,9.085937658266692e-08,-0.026154981407099837,0.015439001838068695,0.013064528465541644,-0.026154981407099837
0.3438659915700555,0.5945029929280281,0.3841006336733699,7.253856472730187e-08,-0.026156324476127014,0.01953317904338382,0.01437709964148953,-0.026156324476127014
0.7535936953499913,0.5730520850047469,0.4204940479248762,2.1975534394718923e-08,-0.02615810614618503,0.01846670670307649,0.017221566392245546,-0.02615810614618503
0.5926709501072764,0.5558975338935852,0.40797354094684124,2.3100363544610877e-07,-0.026163621172050785,0.018889255992396704,0.022650169717638377,-0.026163621172050785
0.7027183165773749,0.6253108205273747,0.40613224543631077,7.50098511101625e-09,-0.026166848125444994,0.016381191153370167,0.021195679176820765,-0.026166848125444994
0.7758851116523147,0.5816857442259789,0.3849915498867631,8.023551997821344e-08,-0.026222348341509626,0.014546150758219164,0.011948946184025713,-0.026222348341509626
0.6999318450689316,0.5641960324719548,0.41624751035124063,7.119934702132489e-08,-0.02623024358546918,0.018620304090532277,0.019864010432313332,-0.02623024358546918
0.14797846134752035,0.5684951534494758,0.3989448882639408,4.51254475030047e-08,-0.026244103203074673,0.0233486667293127,0.020305726210113537,-0.026244103203074673
0.7494664816185832,0.601375812664628,0.3833838263526559,8.723058708591312e-08,-0.026246670590410626,0.016330490948158517,0.012583934802867595,-0.026246670590410626
0.9066032795235515,0.5629553915932775,0.40376152005046606,9.598226451536555e-08,-0.02626182386317249,0.019894794012314074,0.01944618045366696,-0.02626182386317249
0.3424610458314419,0.5846651401370764,0.3850686429068446,7.12286939140897e-08,-0.026267518075564288,0.019171040794452372,0.01411315511252999,-0.026267518075564288
0.2779397424310446,0.6193066574633121,0.4063274161890149,1.5449862567593458e-08,-0.026291412632598488,0.017885553194873123,0.02192593528856351,-0.026291412632598488
0.4002202060073614,0.6154675120487809,0.416731889359653,2.2614820811170846e-08,-0.02629981785663683,0.015752924110657915,0.020081186610132563,-0.02629981785663683
0.1951667657122016,0.6173971518874168,0.40785392839461565,1.8588843013492045e-08,-0.026313914987349713,0.018134758472320038,0.022225345813886965,-0.026313914987349713
0.6769198458641768,0.6263305265456438,0.4070114903151989,6.038219451517755e-09,-0.026319332543365066,0.015971510351630264,0.021702345834059927,-0.026319332543365066
0.17787610553205013,0.6121695609763265,0.4153685150668025,2.902630170181364e-08,-0.026325382751810893,0.017390437636484624,0.021329526709236487,-0.026325382751810893
0.39935856964439154,0.5933174332603812,0.4260333804413676,6.033638065698e-09,-0.026327147453395656,0.017251231693953366,0.01819095811303423,-0.026327147453395656
0.610812152735889,0.593987506814301,0.42766896542161703,9.69636974884767e-09,-0.02632850866734525,0.01657626447312229,0.017560796044818614,-0.02632850866734525
0.9667850853875279,0.6124649858102202,0.41680748853832483,3.114257655155844e-08,-0.026341967903685086,0.017780677584790645,0.017707367757814382,-0.026341967903685086
0.7360654836520553,0.5717020398005843,0.39008114486932755,6.645235744750818e-08,-0.026347733594715237,0.01750003831550289,0.0144229833924827,-0.026347733594715237
0.5886074109002948,0.6158031104132533,0.41900934278964996,2.2978063047933174e-08,-0.026348939558855353,0.01579545807860331,0.01905848511461226,-0.026348939558855353
0.21280320920050144,0.5811058152467012,0.38824539072811604,6.145838766829536e-08,-0.02635298483888206,0.020900684748735566,0.015955206078202337,-0.02635298483888206
0.4545922698453069,0.618105879984796,0.41582363564521074,1.577888172644839e-08,-0.02636853029101996,0.01539964174385532,0.020378917048315202,-0.02636853029101996
0.1998071288689971,0.6131024826318026,0.3969149934127927,4.153179802919055e-08,-0.02637265851646429,0.020206761533607426,0.019482705434445146,-0.02637265851646429
0.09866868704557419,0.5890969075262547,0.38743584230542183,6.03926888511292e-08,-0.026375078416843053,0.022139446284302675,0.016698296374779115,-0.026375078416843053
0.8604253260418773,0.5604123212397099,0.4083797689527273,1.3757454336912393e-07,-0.026378647254384217,0.019232550887174207,0.020696983338100355,-0.026378647254384217
0.1401757337152958,0.6161931660026312,0.4090046538040042,2.0840565681107628e-08,-0.026384996240702247,0.01847134421126431,0.022368360781367592,-0.026384996240702247
0.6777571002021432,0.5631758291274309,0.39560876693576574,1.0479970505031644e-07,-0.026385510489214115,0.020112096324963837,0.018173038142225626,-0.026385510489214115
0.963758559897542,0.5639450568705797,0.40852772537618876,7.548638623782291e-08,-0.026392094838897866,0.01942260257922769,0.019750354815450885,-0.026392094838897866
0.9003429571166635,0.5667138751596212,0.39743006881326437,5.7264641602662094e-08,-0.026403172115588115,0.019360902370016437,0.017194731686961555,-0.026403172115588115
0.7919876854866743,0.5736739886924624,0.38940930366516113,6.92634803919655e-08,-0.026416781419294152,0.016499576486327494,0.013724504721238484,-0.026416781419294152
0.624724387191236,0.576771005988121,0.4238679688423872,1.765553074069255e-08,-0.026435834921001745,0.017756757677741566,0.01720465166669042,-0.026435834921001745
0.4943999322131276,0.6077725077047944,0.4230488631874323,3.0984117750804296e-08,-0.026436313790287054,0.016426522417071373,0.01796379276670764,-0.026436313790287054
0.48249413911253214,0.6007849266752601,0.42594412434846163,1.263418448198815e-08,-0.02644635640745792,0.016625266152732233,0.01793662815216678,-0.02644635640745792
0.5355004090815783,0.5548725863918662,0.40517210215330124,2.5388863909743446e-07,-0.02644908352944779,0.020444938935686142,0.022838117205718475,-0.02644908352944779
0.8616446889936924,0.5626384634524584,0.41250546276569366,9.432860674965715e-08,-0.026452244001952216,0.01873683395440562,0.02013119915285532,-0.026452244001952216
0.17307391110807657,0.5630351081490517,0.40800809394568205,9.761273334168462e-08,-0.026462282283552206,0.021824566954795045,0.02281916625146611,-0.026462282283552206
0.2250796388834715,0.5749891046434641,0.39107958413660526,5.498005570792397e-08,-0.02650534699487744,0.021946255991292126,0.017000282289344047,-0.02650534699487744
0.8366223545745015,0.6242546830326319,0.40661665704101324,8.090639695103225e-09,-0.026514116272000853,0.017046801959195577,0.02054921372616717,-0.026514116272000853
0.33185057528316975,0.5690572550520301,0.41794064175337553,3.0425474412454126e-08,-0.026524860822788508,0.019593952674438447,0.020303717903704162,-0.026524860822788508
0.528911642730236,0.6250089127570391,0.41109222639352083,4.129265962244717e-09,-0.026533809413760944,0.014234665239227314,0.02208552220507651,-0.026533809413760944
0.23648951388895512,0.5680168084800243,0.3959279106929898,5.231292683513082e-08,-0.026541167235718647,0.022911517349327715,0.01931034839840933,-0.026541167235718647
0.7479543387889862,0.6102113947272301,0.4221171662211418,3.316121121372612e-08,-0.026541772794941364,0.01714141416177146,0.017326272287903146,-0.026541772794941364
0.5221818014979362,0.5546287130564451,0.4088963344693184,2.550456340404725e-07,-0.026550175673414,0.01915049225424908,0.023313241338605847,-0.026550175673414
0.6007236475124955,0.6260372223332524,0.4021754739806056,1.1648558590640664e-08,-0.026551008347397938,0.017449239581688862,0.021224451834224858,-0.026551008347397938
0.41723526641726494,0.6191294118762016,0.3973811371251941,2.687591944902126e-08,-0.026566144018279104,0.01890779524886328,0.019101984918383736,-0.026566144018279104
0.5312690231949091,0.6167932711541653,0.39278588257730007,4.7150818456233536e-08,-0.026575204548557583,0.017930394518228046,0.016758438602467837,-0.026575204548557583
0.05122814420610666,0.574809511192143,0.4173711435869336,2.026186963569733e-08,-0.0265753277738169,0.02127969461778071,0.02087281605266648,-0.0265753277738169
0.637616191059351,0.556084050796926,0.4012133637443185,2.3457173331616675e-07,-0.026577993671415487,0.020880573626287813,0.021556120503269202,-0.026577993671415487
0.3759646974503994,0.6087278481572866,0.3887520991265774,8.053457976725694e-08,-0.026588196782614128,0.018832554858259788,0.01543513005539833,-0.026588196782614128
0.6512212883681059,0.5979410791769624,0.38036690652370453,7.606639662670773e-08,-0.02658935819816792,0.01731855306810791,0.012619773394431542,-0.02658935819816792
0.711837399750948,0.5711187375709414,0.4210424926131964,2.4401441725704507e-08,-0.026610239338314225,0.01893715559295469,0.017777097880615583,-0.026610239338314225
0.7007782394066453,0.6016201628372073,0.4265330145135522,1.566060892166851e-08,-0.026614178561423545,0.017156133160327946,0.0173001526632043,-0.026614178561423545
0.39312991313636303,0.6229049442335963,0.4037449983879924,1.2096850203491818e-08,-0.026614994227724134,0.018060021737234727,0.021622056289082193,-0.026614994227724134
0.6445073559880257,0.558494764380157,0.414162402972579,1.7595149973515344e-07,-0.026615260257032206,0.018395198162402752,0.021824633115148286,-0.026615260257032206
0.7734340513125062,0.5660473266616464,0.41752992663532495,4.899285937516511e-08,-0.02661953398379845,0.01922163129266097,0.019012860297289293,-0.02661953398379845
0.7981070792302489,0.567437058314681,0.3933302592486143,6.364245754544565e-08,-0.026623299186432053,0.018745709443857946,0.016123463289076316,-0.026623299186432053
0.4853517906740308,0.5993508724495769,0.38174127228558064,7.826495721465727e-08,-0.026625521365715433,0.01827341651802787,0.013146944003554765,-0.026625521365715433
0.1849625390022993,0.6183901643380523,0.40479580592364073,1.912556727965639e-08,-0.026647873764837873,0.019279550693781088,0.02221898551135779,-0.026647873764837873
0.4658130733296275,0.602494178339839,0.3832794027402997,8.653567595545887e-08,-0.026654368037531864,0.018459661890976656,0.013447310655087958,-0.026654368037531864
0.4134640796110034,0.5627824729308486,0.41566851269453764,9.606613617650519e-08,-0.026663707973581335,0.019380913701659803,0.02148984990918183,-0.026663707973581335
0.8088236385956407,0.5830487748607993,0.4252429660409689,8.226944439818721e-09,-0.026665546828009125,0.01675737699761254,0.016081374187839125,-0.026665546828009125
0.7769909035414457,0.6192280482500792,0.39527466986328363,3.330173893965996e-08,-0.02666790018928709,0.017761535597573673,0.017221169140670185,-0.02666790018928709
0.8769457507878542,0.613801552914083,0.4185827895998955,2.88315373830053e-08,-0.026670488404726366,0.01757558040343563,0.017784502308859692,-0.026670488404726366
0.6055060857906938,0.5537000605836511,0.4038811903446913,2.7559859144525497e-07,-0.02668183446963195,0.020629776948727502,0.02278316921056833,-0.02668183446963195
0.7595816664397717,0.6021518064662814,0.38254049234092236,9.033815807466162e-08,-0.026713079971015862,0.01678077113942299,0.012523562827205272,-0.026713079971015862
0.5074281664565206,0.5864446433261037,0.42727065179497004,8.681463032406915e-09,-0.02671913455792496,0.016610553023337676,0.0174343540134638,-0.02671913455792496
0.9458608627319336,0.5819940781220794,0.423031872138381,9.360305969884315e-09,-0.026724272601596297,0.017372568619234047,0.01596960950045242,-0.026724272601596297
0.9913237579166889,0.5744127025827765,0.4187330882996321,2.0346942185177583e-08,-0.026727822203108084,0.019148557772926116,0.016968907460599824,-0.026727822203108084
0.15419954620301723,0.5981131521984935,0.4234935976564884,7.428662774316558e-09,-0.026730076820792394,0.018763383466558405,0.020176663130415107,-0.026730076820792394
0.4809624496847391,0.6094986172392964,0.3872072212398052,9.004569359343784e-08,-0.02673113287035554,0.01766010237515515,0.014367650005085658,-0.02673113287035554
0.2690469976514578,0.5609300704672933,0.4014426050707698,1.4128793852669893e-07,-0.02673397686240554,0.0228936349989815,0.022022478472036696,-0.02673397686240554
0.7940127812325954,0.5571245513856411,0.4104048749431968,2.0351319881880434e-07,-0.026779934467260326,0.018895750067803883,0.021830962319955943,-0.026779934467260326
0.8558430979028344,0.6046137586236,0.385084449313581,9.587446147120019e-08,-0.026786561043523626,0.015595397579420887,0.012855703667321583,-0.026786561043523626
0.46772656310349703,0.6256498768925667,0.40953956358134747,4.372288500281632e-09,-0.026801877765750593,0.015377082379265985,0.022530006839920125,-0.026801877765750593
0.3768263356760144,0.569236233830452,0.39152855053544044,6.240129024691349e-08,-0.026804972289693224,0.021523613469532004,0.017059591086945207,-0.026804972289693224
0.2724529867991805,0.5864251777529716,0.38400660920888186,7.238109455315238e-08,-0.02682795878378224,0.02023985254417303,0.01474701237149304,-0.02682795878378224
0.7306909933686256,0.590759658254683,0.3799678888171911,7.484020210459269e-08,-0.026834256610821103,0.017210465121847752,0.01179794668722091,-0.026834256610821103
0.9904773803427815,0.5991261089220643,0.42401704750955105,8.446425026542325e-09,-0.02685210539332902,0.018915466555312364,0.016632990713866518,-0.02685210539332902
0.019450752064585686,0.59719293192029,0.3875248599797487,6.182060884788195e-08,-0.02686720635190815,0.023203410627635253,0.017669604828909842,-0.02686720635190815
0.4437258271500468,0.577364762313664,0.3852835325524211,8.19041218090805e-08,-0.026878428000328705,0.019327042483842122,0.01375002663262875,-0.026878428000328705
0.7703269179910421,0.6272431770339608,0.4046063292771578,8.46335774762817e-09,-0.026879274745368536,0.017267889022612445,0.02132773702304528,-0.026879274745368536
0.38270397763699293,0.5908453343436122,0.38140686228871346,7.275693694680059e-08,-0.02692357684429664,0.019712907277281574,0.013497779617027266,-0.02692357684429664
0.9359598513692617,0.6047857170924544,0.4231259524822235,2.4460455615117945e-08,-0.02693773058621811,0.018785553959187913,0.01665738854535406,-0.02693773058621811
0.25261262338608503,0.5791629087179899,0.38684102334082127,7.184476518392051e-08,-0.02693920274377819,0.02099766207148322,0.015559842268655482,-0.02693920274377819
0.17093884572386742,0.6051934380084276,0.38864364102482796,7.498566035442788e-08,-0.02694898240271608,0.02124942914573651,0.01718238753533996,-0.02694898240271608
0.600869164802134,0.5596730811521411,0.41628861986100674,1.5279730649178075e-07,-0.026958519358621293,0.019107160198704436,0.021512127448812958,-0.026958519358621293
0.4552654093131423,0.568693014793098,0.3902542404830456,7.18825755917001e-08,-0.026965016838137824,0.020784195248050318,0.016393513615317604,-0.026965016838137824
0.577068074606359,0.6249802755191922,0.41409975197166204,4.066956253434568e-09,-0.02696592161558445,0.014804476715901889,0.02186640322051839,-0.02696592161558445
0.856689490377903,0.5651105921715498,0.39518082793802023,7.884565807797302e-08,-0.02696767357998386,0.019443966637932828,0.017214689241317485,-0.02696767357998386
0.5467905765399337,0.6098954295739532,0.38590631540864706,9.686441732791446e-08,-0.026973846044762287,0.01722613689865582,0.013955367959225628,-0.026973846044762287
0.8356274040415883,0.5580574749037623,0.40176230017095804,1.9314816083475523e-07,-0.026975108019277508,0.020723361286329157,0.02061597893097767,-0.026975108019277508
0.88049634732306,0.5577403269708157,0.40669224224984646,1.936150900888156e-07,-0.026979386208890385,0.020155937351135588,0.021373956622896473,-0.026979386208890385
0.6357583459466696,0.5706861391663551,0.42221000604331493,2.532121996696816e-08,-0.02698995748878595,0.01906864997232591,0.018177710477241746,-0.02698995748878595
0.9719719141721725,0.5677378857508302,0.41583763156086206,3.470338533805777e-08,-0.027007223666661542,0.01974477960070121,0.018626103986349108,-0.027007223666661542
0.5511091481894255,0.6239906046539545,0.3976420843973756,1.8825263610049483e-08,-0.0270087794661866,0.018414030742559567,0.019900057690559546,-0.0270087794661866
0.09132519643753767,0.615877085365355,0.40017080679535866,3.074193735704615e-08,-0.027024710837556226,0.021365659514621507,0.02144557292586203,-0.027024710837556226
0.8645537300035357,0.6117729162797332,0.4208882972598076,3.2677206279142826e-08,-0.02702507899415986,0.017935489250771933,0.01731561063141402,-0.02702507899415986
0.6421898361295462,0.6090602306649089,0.42447829991579056,3.26875955787666e-08,-0.02703853719479174,0.016863378717917734,0.0176924962331835,-0.02703853719479174
0.3276518518105149,0.5564196454361081,0.4037958327680826,2.289177769596021e-07,-0.027042104529459036,0.022402858778384785,0.023290758814132784,-0.027042104529459036
0.1307827876880765,0.5826989207416773,0.3867161525413394,6.687088534158859e-08,-0.027042708931820855,0.021912380170842592,0.016346716000624918,-0.027042708931820855
0.003945693373680115,0.5823307242244482,0.42148302122950554,9.503838755178706e-09,-0.027042875245819588,0.020967712544281883,0.020301725299274976,-0.027042875245819588
0.495490450412035,0.5702225854620337,0.4216704834252596,2.6559391758366066e-08,-0.02705078653082195,0.019322430391590945,0.018804129605611033,-0.02705078653082195
0.6018945733085275,0.6184883881360292,0.3918461501598358,4.826843914314993e-08,-0.0270550938332324,0.017762025240364906,0.016904902488989973,-0.0270550938332324
0.6696543619036674,0.5769582381471992,0.38390368316322565,8.896484033476071e-08,-0.02705519006121992,0.017316458594130547,0.01269522107991075,-0.02705519006121992
0.9162494260817766,0.595837370492518,0.42614324297755957,6.968338826379072e-09,-0.02706191423091263,0.018403705319870213,0.016571015434616768,-0.02706191423091263
0.3654057187959552,0.5604318212717772,0.39743386395275593,1.5434456572671312e-07,-0.027093113218936937,0.022805717134733824,0.02080875990869667,-0.027093113218936937
0.08583659119904041,0.5829931842163205,0.4227721132338047,8.315797462485956e-09,-0.027109329173027382,0.019905008914189518,0.019978381506493417,-0.027109329173027382
0.4588561998680234,0.5540489591658115,0.411249908618629,2.65112633840206e-07,-0.02711622124327211,0.019141857640160673,0.023819932912478227,-0.02711622124327211
0.09687867574393749,0.563352263532579,0.4012170173227787,1.0132214010564895e-07,-0.027132422541766833,0.024404888001661698,0.022213928994559443,-0.027132422541766833
0.7405561255291104,0.5550676584243774,0.41205242928117514,2.436252408539805e-07,-0.027136419893543106,0.018759493206972018,0.022557459302522172,-0.027136419893543106
0.5299856578931212,0.5643909890204668,0.39175683818757534,1.027009515659202e-07,-0.027148628477822127,0.020802511886096508,0.017573735803517496,-0.027148628477822127
0.10201977752149105,0.5734586240723729,0.41899188980460167,2.2151478115451462e-08,-0.027161057227763484,0.021190215830659134,0.020790385081561346,-0.027161057227763484
0.40386044792830944,0.5562333855777979,0.41250935662537813,2.250048494512634e-07,-0.027163226702428024,0.019556427606789197,0.023490197062936462,-0.027163226702428024
0.8854900542646646,0.6244495259597898,0.4018111228942871,1.392864247987081e-08,-0.027166976568840595,0.018334306735848356,0.019926173536747117,-0.027166976568840595
0.055708385072648525,0.5904478095471859,0.38557663280516863,6.818474502188183e-08,-0.027170434740825734,0.023012393882956825,0.01683545712579466,-0.027170434740825734
0.4757787873968482,0.5552694546058774,0.39971311669796705,2.536948142839186e-07,-0.027175409720257084,0.02223580607010278,0.022112852387678076,-0.027175409720257084
0.5292554646730423,0.5586824454367161,0.39587853848934174,1.90723783144487e-07,-0.027179417286725037,0.021719125585833977,0.020137365079069408,-0.027179417286725037
0.9953653095290065,0.6147683262825012,0.39406694285571575,5.2128253641994296e-08,-0.027191247095272267,0.01770304313938027,0.016095026395837406,-0.027191247095272267
0.8399556204676628,0.6130810184404254,0.38932028971612453,7.989656234330183e-08,-0.027191303919512237,0.015948925124404253,0.014499308118445818,-0.027191303919512237
0.08957320917397738,0.6067320350557566,0.3902787156403065,6.99002279633847e-08,-0.027194854160694636,0.022249702754857877,0.01815862155160174,-0.027194854160694636
0.7278085732832551,0.5575399063527584,0.3976919502019882,2.093687261587878e-07,-0.027207032285660113,0.020975301562235954,0.020213728515806845,-0.027207032285660113
0.6921108355745673,0.5543355057016015,0.40003117080777884,2.686177895078541e-07,-0.02722622281561967,0.021279760851009438,0.02171410607805849,-0.02722622281561967
0.17732473835349083,0.5746893072500825,0.38966834731400013,6.354172916273296e-08,-0.027229645693318406,0.022701489688611205,0.017195840740812412,-0.027229645693318406
0.7894794316962361,0.5902309352532029,0.4281461024656892,1.1905901988373566e-08,-0.02723981527928874,0.017511428041769365,0.01664316268410907,-0.02723981527928874
0.30199023336172104,0.555464306846261,0.4085468165576458,2.4325940099421775e-07,-0.02726440330493267,0.02133149121788043,0.024195767366126657,-0.02726440330493267
0.5659955451264977,0.6093685738742352,0.3845140552148223,1.0170352742321174e-07,-0.02726573773806316,0.017413645320519155,0.013660341234767772,-0.02726573773806316
0.12124191410839558,0.5647869063541293,0.41414355020970106,7.020639104668426e-08,-0.027271222360669204,0.021807738927385537,0.022705102248229407,-0.027271222360669204
0.804198102094233,0.5927025424316525,0.3795412164181471,7.511383844542922e-08,-0.02728756316692244,0.01730895910259987,0.011839572275511833,-0.02728756316692244
0.1829667016863823,0.5965274460613728,0.38367300760000944,7.30379728446041e-08,-0.02728959645945885,0.02143484933862131,0.016114950710659392,-0.02728959645945885
0.6720914160832763,0.5891817817464471,0.37839198019355536,6.70303505074379e-08,-0.027291388259106996,0.017884819865297327,0.011828828879070177,-0.027291388259106996
0.15309281554073095,0.575943966396153,0.4212096594274044,1.9338325016410223e-08,-0.027303257352031433,0.020403143509560344,0.02011448653829506,-0.027303257352031433
0.20089766196906567,0.5882669128477573,0.38333597499877214,7.254482629984448e-08,-0.027307849777448254,0.021300392551971692,0.015426201194031725,-0.027307849777448254
0.078033865429461,0.5977970771491528,0.3854835582897067,7.04812274968776e-08,-0.027313024934061736,0.02259166477212418,0.017147895793100984,-0.027313024934061736
0.30676984041929245,0.6215985892340541,0.39977107383310795,1.8630645471545382e-08,-0.027321924664415017,0.019699864408337927,0.021312517594749177,-0.027321924664415017
0.6855761092156172,0.5533982943743467,0.4126261780038476,2.735951899028691e-07,-0.027332651018419103,0.018709795566062375,0.02318963094994709,-0.027332651018419103
0.660559463314712,0.5803136145696044,0.3812261372804642,8.321808655452823e-08,-0.02734216603704998,0.0173726686686202,0.012079993304856247,-0.02734216603704998
0.9269397985190153,0.5944028617814183,0.3814219459891319,8.338073024072368e-08,-0.02735120548294329,0.016365658125940995,0.012455029832933385,-0.02735120548294329
0.9092911221086979,0.5601180596277118,0.3996360832825303,1.5385194843078035e-07,-0.027357647858521936,0.02076108742352099,0.01967959727981966,-0.027357647858521936
0.13338215183466673,0.5670605031773448,0.41629265528172255,4.492565998550071e-08,-0.027362383145311146,0.021603843518592805,0.02202758632502891,-0.027362383145311146
0.23288384173065424,0.5574600901454687,0.4100728966295719,2.0447876115435552e-07,-0.027366884386164334,0.021485809663401977,0.024098374632708926,-0.027366884386164334
0.6830875566229224,0.5788180632516742,0.4264439409598708,1.6086321045391598e-08,-0.027374735970996888,0.01776191278633654,0.016909316424164128,-0.027374735970996888
0.26995253935456276,0.5775588992983103,0.42341509088873863,1.6632044070994024e-08,-0.02737624925003591,0.01928855755188185,0.019147689178997156,-0.02737624925003591
0.3724941639229655,0.552757266908884,0.40739608742296696,2.9007034675912897e-07,-0.027377001939147737,0.021320367401141037,0.02444934265200012,-0.027377001939147737
0.17430072836577892,0.5600154530256987,0.4116411926224828,1.5307668999933545e-07,-0.027402267427982397,0.021697802696918206,0.023726101501036916,-0.027402267427982397
0.008143655024468899,0.607397117651999,0.3914458118379116,6.52455497549642e-08,-0.02740307209090211,0.02330654679930945,0.018856718744703283,-0.02740307209090211
0.02494507934898138,0.5642809048295021,0.4121021796017885,7.96944668383153e-08,-0.027406376064347867,0.023139710787609662,0.023157909613692754,-0.027406376064347867
0.3672636765986681,0.5782380709424615,0.42483023926615715,1.557014454106338e-08,-0.027416518529893855,0.018610914168070966,0.01836322571057525,-0.027416518529893855
0.7056052880361676,0.604030734859407,0.38089202903211117,9.363037624550036e-08,-0.027426481788262232,0.017837786704180975,0.012575509559665379,-0.027426481788262232
0.5779144521802664,0.5842640874907374,0.4286502664908767,1.5420460274945528e-08,-0.02743531832372119,0.016398231763707184,0.017416991956039417,-0.02743531832372119
0.23733684699982405,0.60555156506598,0.3863219590857625,8.730559122554724e-08,-0.027436748848173393,0.020694501474652106,0.016275306038336653,-0.027436748848173393
0.3131056660786271,0.6225963793694973,0.4125792048871517,6.414338955756553e-09,-0.027445597447475326,0.016504075602083532,0.022864498496789603,-0.027445597447475326
0.41044873371720314,0.6266171401366591,0.40280499309301376,1.0462282572948326e-08,-0.027445686056258793,0.018380243460318274,0.02246667063666234,-0.027445686056258793
0.8578474288806319,0.6281804125756025,0.4076828993856907,5.082265324943561e-09,-0.0274494184928465,0.017059494411247416,0.0217334277263624,-0.0274494184928465
0.20231449324637651,0.5756489392369986,0.42201052978634834,1.9637971093719134e-08,-0.02745756071250955,0.02011918155383626,0.019837588174995067,-0.02745756071250955
0.9656935967504978,0.5884762117639184,0.42598841432482004,6.708256529558222e-09,-0.02746303775630883,0.018236194635344698,0.01617881801103563,-0.02746303775630883
0.10879781190305948,0.618562363088131,0.4117077477276325,1.4182689473702108e-08,-0.027472240235643382,0.01885475046298318,0.02319426947458202,-0.027472240235643382
0.09419828001409769,0.5597214112058282,0.4048508573323488,1.659405533419289e-07,-0.02748585425596104,0.02411425594970782,0.02367125517641614,-0.02748585425596104
0.1960639050230384,0.5590553293004632,0.40101617109030485,1.8134059457948382e-07,-0.027491420877493882,0.023965317864562147,0.022880032818285486,-0.027491420877493882
0.9843864096328616,0.6234207544475794,0.4104723837226629,6.539944513553041e-09,-0.027492360512741166,0.017842239382080488,0.02055988776809559,-0.027492360512741166
0.8231191923841834,0.6071169367060065,0.42490503191947937,3.083519219049002e-08,-0.027501969560165974,0.018305940498931063,0.01687209986014603,-0.027501969560165974
0.3240859964862466,0.6156547274440527,0.3922719694674015,5.1695635170024634e-08,-0.027514263303349017,0.019736503257920514,0.018018314581789707,-0.027514263303349017
0.6941956439986825,0.5975677231326699,0.3779965275898576,6.680817422485476e-08,-0.027514612179639006,0.018113491945298953,0.012361973465733913,-0.027514612179639006
0.26458922401070595,0.6021998981013894,0.42522467114031315,1.6852577623339936e-08,-0.027514722714550573,0.018106071799212788,0.019556189037932183,-0.027514722714550573
0.01834400650113821,0.5724679846316576,0.39274040795862675,5.048583661771006e-08,-0.0275162979914711,0.02500076773231027,0.01897785498255265,-0.0275162979914711
0.842341567389667,0.5985099757090211,0.4277468463405967,1.259869580066666e-08,-0.027522932856127596,0.01801348608052146,0.01692365981644103,-0.027522932856127596
0.1693462897092104,0.5624872017651796,0.3977388385683298,1.1880553017308355e-07,-0.02754731769412511,0.024336210608486262,0.021518865186055877,-0.02754731769412511
0.5184634774923325,0.6175259025767446,0.4203133787959814,1.8818903269791108e-08,-0.02755049252559205,0.016644729895810874,0.019609069252931478,-0.02755049252559205
0.21077738981693983,0.5614665420725942,0.4144836477935314,1.2363284907042813e-07,-0.02755587343440459,0.021302668411511242,0.02311325476047709,-0.02755587343440459
0.3076324323192239,0.5832207249477506,0.3824626971036196,7.56608183317737e-08,-0.027557151206750223,0.020254085537607658,0.014255644344566942,-0.027557151206750223
0.5977004375308752,0.5633622230961919,0.4199754446744919,8.567916360909586e-08,-0.02756849415747892,0.019935195254061826,0.020229989120195177,-0.02756849415747892
0.5577654894441366,0.6315213339403272,0.40403940714895725,8.468988416018023e-09,-0.027572868000190005,0.01696593023357197,0.023229073399280892,-0.027572868000190005
0.6815522871911526,0.5699534500017762,0.3867455553263426,8.869273919099582e-08,-0.02758254755905563,0.018322315659867885,0.01459805648059051,-0.02758254755905563
0.4007679484784603,0.5709031345322728,0.3876062426716089,7.993782728311757e-08,-0.027585780591399864,0.02112134285659411,0.01577455797540838,-0.027585780591399864
0.7374600805342197,0.5922548221424222,0.42954945657402277,1.9959971423155904e-08,-0.027587614017456866,0.017384121409173822,0.01722297970266593,-0.027587614017456866
0.14528656005859375,0.5584540599957108,0.4031242299824953,1.925634169760779e-07,-0.027594543887621236,0.024105304079051346,0.023591521905696942,-0.027594543887621236
0.77232825756073,0.6035859351977706,0.4272047961130738,2.3612272519472744e-08,-0.027600248769628945,0.017998335876309775,0.017091742087133974,-0.027600248769628945
0.5869535813108087,0.5705065494403243,0.3860003361478448,8.967034548694412e-08,-0.027605352866377574,0.01919292386534773,0.01464840183386933,-0.027605352866377574
0.42127031460404396,0.553059290163219,0.4006044464185834,2.921941363505599e-07,-0.027624366869453545,0.022806339666894177,0.023192500839309363,-0.027624366869453545
0.09782134089618921,0.6118764746934175,0.39283038303256035,5.706726503546115e-08,-0.027624716771513916,0.021947438214716744,0.0192442487593798,-0.027624716771513916
0.11222012899816036,0.6064002867788076,0.42181999422609806,2.9665753544647016e-08,-0.027635791198674983,0.01938943557168887,0.02074717562820991,-0.027635791198674983
0.45282167941331863,0.5818297537043691,0.3808362055569887,7.663540766383296e-08,-0.027636083405351144,0.019143644823059528,0.012746177173652787,-0.027636083405351144
0.3557241018861532,0.5873504793271422,0.42785537522286177,1.0662533090727644e-08,-0.027649807275110315,0.017608294755532432,0.018455201539701642,-0.027649807275110315
0.03831196017563343,0.6168433930724859,0.4129671920090914,1.8527089681488166e-08,-0.027651138655428932,0.019798319441629995,0.02306488277401329,-0.027651138655428932
0.41612852085381746,0.5784245859831572,0.3828842518851161,8.416070640975437e-08,-0.027652064793157537,0.019930767228581347,0.013555781953539636,-0.027652064793157537
0.5640639429911971,0.6324471179395914,0.40879152342677116,3.7926856726843425e-09,-0.027659716014270076,0.014957920637055602,0.023926477823675518,-0.027659716014270076
0.6127512725070119,0.6331792725250125,0.4050709269940853,7.290128408053615e-09,-0.027663028798084483,0.016350143865693237,0.02358707388980934,-0.027663028798084483
0.630658121779561,0.6003522770479321,0.42939559277147055,2.4129286462525728e-08,-0.027663123713495764,0.01674658378248249,0.018007031394940663,-0.027663123713495764
0.5789573285728693,0.5827685436233878,0.3791409283876419,7.162300748667456e-08,-0.02766612039169105,0.018056484492201808,0.012019526096715413,-0.02766612039169105
0.02133052796125412,0.6175760244950652,0.4010621327906847,2.5530198744972738e-08,-0.027670575206743226,0.02233062200058314,0.022324455096665294,-0.027670575206743226
0.8140724813565612,0.5999444918707013,0.3796953186392784,8.06113665181101e-08,-0.0276712342788668,0.01760736525613729,0.012305584500321346,-0.0276712342788668
0.5959123820066452,0.588872266933322,0.430104523897171,2.4135536644828242e-08,-0.027674768497485992,0.01663471709091068,0.01773269314637352,-0.027674768497485992
0.36261008121073246,0.5898225707933307,0.3797078914940357,6.782847399126827e-08,-0.0276914526017641,0.02030129249338265,0.013527437319474818,-0.0276914526017641
0.9412086978554726,0.5860046120360494,0.3818200211971998,8.446170007172944e-08,-0.027691701734144786,0.014782410443741316,0.012070088660707719,-0.027691701734144786
0.8242106642574072,0.5664197290316224,0.41981347650289536,4.611842139760036e-08,-0.027693299780521895,0.020283534699361176,0.018640350836530265,-0.027693299780521895
0.006446081213653088,0.5657760985195637,0.39765739906579256,7.320503439390779e-08,-0.027694909508910962,0.025788371540724594,0.02131615495791587,-0.027694909508910962
0.3646745793521404,0.5625958517193794,0.39325517788529396,1.2533997438404285e-07,-0.027703264496442326,0.02281491410299006,0.01938890414501857,-0.027703264496442326
0.5203451123088598,0.5973964910954237,0.42971027456223965,2.1966600304649553e-08,-0.02770635032741981,0.016564818139511585,0.01825007011015924,-0.02770635032741981
0.967091835103929,0.5757362274453044,0.387317419052124,8.311759576734957e-08,-0.027709734601689726,0.01446986171505341,0.01351156624858358,-0.027709734601689726
0.613201729953289,0.6163713475689292,0.38795621506869793,7.699877751819747e-08,-0.027729337870705972,0.017351702107990485,0.015605216890744532,-0.027729337870705972
0.8448356827721,0.6202215263620019,0.41786333080381155,1.253662090869367e-08,-0.027731011816604374,0.01789923297049345,0.01937239427660193,-0.027731011816604374
0.06502778735011816,0.6134049640968442,0.41703792195767164,2.776905311462075e-08,-0.027744290784685308,0.01946688449163062,0.022083861670510976,-0.027744290784685308
0.7877284521237016,0.6120841838419437,0.42339809238910675,3.2094663371447696e-08,-0.02775810778797675,0.017917917590567368,0.017461292277287863,-0.02775810778797675
0.5644220849499106,0.5583081506192684,0.39360924903303385,2.054132539402527e-07,-0.027764235297463094,0.021519221543511834,0.019720668440528055,-0.027764235297463094
0.9625327037647367,0.5590902306139469,0.41221828665584326,1.6241134560974444e-07,-0.027780070897074377,0.020325993622689373,0.021243260114644884,-0.027780070897074377
0.2576294858008623,0.5537555320188403,0.40433811768889427,2.7895580614332357e-07,-0.02779961170547081,0.023227199055551796,0.024483770654798988,-0.02779961170547081
0.9826131444424391,0.5833494663238525,0.3832038873806596,8.735732321884925e-08,-0.027805671224621548,0.013837075816497133,0.012434219561023424,-0.027805671224621548
0.6491481363773346,0.5468820864334702,0.40606176666915417,3.538908583955555e-07,-0.027815881420532443,0.020768879281024076,0.02482222444981972,-0.027815881420532443
0.2852211268618703,0.5856924885883927,0.4271614598110318,9.035373184958296e-09,-0.027824897986137315,0.0180487358412348,0.018903996495294704,-0.027824897986137315
0.5469176825135946,0.5482150251045823,0.4023300027474761,3.4893961796139795e-07,-0.02784450308254029,0.022020291715324096,0.0242875638241377,-0.02784450308254029
0.487684334628284,0.548794942907989,0.4026772938668728,3.4377704485924165e-07,-0.02784876490109816,0.022292527702113936,0.02439531588605515,-0.02784876490109816
0.10286712553352118,0.5962342573329806,0.42574283853173256,6.9757551341060145e-09,-0.02785095263609943,0.019620930098447866,0.020447369726127,-0.02785095263609943
0.7207233915105462,0.5478989388793707,0.40713537484407425,3.4515776971148746e-07,-0.027862368723190794,0.02049629710732946,0.024440295468811903,-0.027862368723190794
0.4673979403451085,0.5593234729021788,0.39334925543516874,1.8660362364917405e-07,-0.02789477759033709,0.022285890076840384,0.01974949835968144,-0.02789477759033709
0.4146042224019766,0.5696822218596935,0.42257859744131565,2.8409443948467017e-08,-0.027896725147114387,0.020108617717698743,0.0193464568280969,-0.027896725147114387
0.7789261117577553,0.5956639172509313,0.37757007870823145,6.542408078429352e-08,-0.02789863846242897,0.018225372800329237,0.012022193661603214,-0.02789863846242897
0.6173969404771924,0.628448293544352,0.4151553846895695,3.0241322153086716e-09,-0.02792703663207585,0.015458955464320913,0.02265085027939875,-0.02792703663207585
0.2076098509132862,0.56546741258353,0.41812130250036716,6.092135076307214e-08,-0.027927479434359394,0.021477824595308684,0.021912769803340858,-0.027927479434359394
0.20870038587599993,0.6042266609147191,0.42467555589973927,2.3372259387020728e-08,-0.02794398587276946,0.018625845009077237,0.020021596562703695,-0.02794398587276946
0.8059106990695,0.54986990429461,0.40756282210350037,3.2537990952778745e-07,-0.02795265192977769,0.020588052574086975,0.023764500752602804,-0.02795265192977769
0.8961757626384497,0.6229540044441819,0.4157485580071807,6.899444033634863e-09,-0.02795473344681497,0.017877431627274155,0.020222795946781107,-0.02795473344681497
0.9991447879001498,0.5568159697577357,0.4055988937616348,2.1392273316912168e-07,-0.027966945756360165,0.021370633160930182,0.021684058764518278,-0.027966945756360165
0.026163481175899506,0.5587546359747648,0.40792665258049965,1.849775993896e-07,-0.02797375307530364,0.02441913633390215,0.02437508564221728,-0.02797375307530364
0.15950798522680998,0.5800813408568501,0.4245244897902012,1.2706300869253339e-08,-0.027973953300443725,0.019775860560361447,0.01970984601080799,-0.027973953300443725
0.6532156243920326,0.6246718261390924,0.39366814494132996,2.9434970850943327e-08,-0.027974745309123326,0.018292914033725176,0.019058246044034288,-0.027974745309123326
0.8863516924902797,0.5848244009539485,0.38042347878217697,8.104168249565001e-08,-0.027975400134274034,0.015378192218312697,0.011696622939014748,-0.027975400134274034
0.0548467468470335,0.6144327912479639,0.3947038995102048,4.476794365301178e-08,-0.02798015739639592,0.022579837207574185,0.02033367042413264,-0.02798015739639592
0.24934754148125648,0.5836285101249814,0.42661259789019823,9.383280447830278e-09,-0.02798041864707287,0.0184335951277768,0.01912328444162812,-0.02798041864707287
0.5729529028758407,0.5471914913505316,0.4109911033883691,3.4864180088693264e-07,-0.027992393873801192,0.01894149884486546,0.025247053072749805,-0.027992393873801192
0.575543706305325,0.5638317624107003,0.3890176843851805,1.266749260778483e-07,-0.02801501328988965,0.020415478789866603,0.017141632857220517,-0.02801501328988965
0.6576974634081125,0.6330071873962879,0.41198188345879316,2.496633216227197e-09,-0.02802110685452939,0.014124582023308876,0.023774379779698037,-0.02802110685452939
0.5669373404234648,0.5914860600605607,0.37611603643745184,5.225332987865573e-08,-0.028021908534943917,0.0192665137865262,0.012128738161757165,-0.028021908534943917
0.6770186331123114,0.5598520673811436,0.391921722330153,1.8135869611925704e-07,-0.028028274924521295,0.02050099145812512,0.018591442840224737,-0.028028274924521295
0.44804609660059214,0.5525533184409142,0.3982665427029133,3.026777363048969e-07,-0.028028822755344494,0.023030555257967024,0.02278808396826855,-0.028028822755344494
0.8439892884343863,0.5807222938165069,0.4268704494461417,1.4045135100892157e-08,-0.028036524025137375,0.017931027088142492,0.01623367359911085,-0.028036524025137375
0.030969583429396152,0.5880795819684863,0.42540461011230946,6.3170226055778346e-09,-0.02803664716859565,0.02063091413321142,0.020298184676212288,-0.02803664716859565
0.9834595238789916,0.6219867374747992,0.39709189627319574,2.488519073202365e-08,-0.028043660115310343,0.01887066120113962,0.018533584168413674,-0.028043660115310343
0.7988407760858536,0.5556289851665497,0.3970210775732994,2.485522502031199e-07,-0.028050882847190442,0.021252814305420968,0.02057578482708691,-0.028050882847190442
0.28935852088034153,0.6074553485959768,0.38491733837872744,9.631564287324164e-08,-0.028061334417632863,0.02034615226265249,0.015698365054333842,-0.028061334417632863
0.8283759942278266,0.5727405734360218,0.42373632453382015,2.26902065282641e-08,-0.028064510807936868,0.019829611345049816,0.017014054260090415,-0.028064510807936868
0.7249587262049317,0.6236735628917813,0.4181938376277685,6.65792544162869e-09,-0.028073224117299674,0.0173206560532485,0.02064915767987129,-0.028073224117299674
0.474247332662344,0.5464353626593947,0.4080995861440897,3.5571503151035703e-07,-0.02807465676739708,0.020859503978801573,0.02568230058918724,-0.02807465676739708
0.3775612283498049,0.5577284600585699,0.39516173489391804,2.1430923449305371e-07,-0.02807481149767297,0.023308507891013876,0.021111310898408432,-0.02807481149767297
0.26228309608995914,0.5594955394044518,0.4158872403204441,1.6204158560006704e-07,-0.028075316308804395,0.0213883171003396,0.023263641775371748,-0.028075316308804395
0.5578948091715574,0.5573446927592158,0.41812495794147253,2.017122960837322e-07,-0.02808374039071617,0.020383629361939243,0.02215491108159025,-0.02808374039071617
0.2760064899921417,0.5954926675185561,0.42818859685212374,1.2470668909295983e-08,-0.02808933171074251,0.018108435160008082,0.019501786619817482,-0.02808933171074251
0.6391328638419509,0.5453885616734624,0.4086802527308464,3.5932584054718834e-07,-0.028093191457712507,0.019951050757147072,0.02545159113068932,-0.028093191457712507
0.9442098746076226,0.6270719449967146,0.4113974990323186,3.282499051544316e-09,-0.028103068741313377,0.017496424189508072,0.021523745533654073,-0.028103068741313377
0.7276935586705804,0.6318308655172586,0.4127540038898587,2.4439052494427642e-09,-0.02811435477819364,0.015159931960768806,0.023166874903283608,-0.02811435477819364
0.03224966302514076,0.6057380633428693,0.422376723960042,2.867135027692193e-08,-0.0281164542121935,0.02051561532214569,0.021043929235940145,-0.0281164542121935
0.7992457076907158,0.6297754105180502,0.4131803931668401,2.5140684632812947e-09,-0.02812490031959696,0.01615910564079273,0.022372404653230763,-0.02812490031959696
0.2534742746502161,0.617811493575573,0.39340910501778126,4.100422549656855e-08,-0.028127208829311995,0.020640581247867086,0.0195020241016486,-0.028127208829311995
0.492311286740005,0.5567039782181382,0.41749561205506325,2.1533743781215837e-07,-0.028140947921025804,0.02053202577040979,0.022621817000643103,-0.028140947921025804
0.17007719445973635,0.5644696243107319,0.3935594968497753,9.786637174182671e-08,-0.028153691500168464,0.02448936630159442,0.020227412560701992,-0.028153691500168464
0.5095598064363003,0.6342070885002613,0.4081281218677759,4.2669478207850315e-09,-0.02815632861629483,0.015384436748075693,0.024509344304727475,-0.02815632861629483
0.5833388026803732,0.6108622178435326,0.42583359871059656,3.329241887168416e-08,-0.028157128423167803,0.016842739117201643,0.018122422314796275,-0.028157128423167803
0.6441330015659332,0.632763315923512,0.39995675068348646,1.3615228390940797e-08,-0.028162186535963408,0.017768449248574666,0.02259307135799236,-0.028162186535963408
0.8210307816043496,0.5566234430298209,0.415687782689929,2.1335742644464918e-07,-0.028169789449345842,0.020513464173859453,0.021755935055917365,-0.028169789449345842
0.49248632322996855,0.6308805635198951,0.4004804352298379,1.2771276672968278e-08,-0.028177702234348883,0.018311781974428197,0.0227719624343912,-0.028177702234348883
0.502479512244463,0.6274805646389723,0.39670087583363056,1.8491350255583178e-08,-0.028191152335037148,0.01893110075919805,0.021025200547676082,-0.028191152335037148
0.8199519077315927,0.6227590348571539,0.39323998242616653,3.473344274723395e-08,-0.028204131557590252,0.01800273986444742,0.01790137905857563,-0.028204131557590252
0.8741923067718744,0.5782500607892871,0.38262980431318283,9.265904781692849e-08,-0.02820472058592656,0.01614512535962843,0.012197763207824707,-0.02820472058592656
0.8463635491207242,0.5681021707132459,0.3883942421525717,8.90830821515638e-08,-0.02820678184826986,0.017421928164783267,0.01514868846079625,-0.02820678184826986
0.09047881700098515,0.5928802033886313,0.3820790611207485,7.197640271836601e-08,-0.028213067613192363,0.02304540834998283,0.016438164098272152,-0.028213067613192363
0.5583222834393382,0.6190478513017297,0.3888627961277962,6.433765176479622e-08,-0.028214657393222594,0.01813817567472794,0.01666437578506705,-0.028214657393222594
0.8164052600041032,0.5489374445751309,0.40477981232106686,3.3824163642671677e-07,-0.028214993531835764,0.021413859082681765,0.0237464157696646,-0.028214993531835764
0.7812395747750998,0.5524856122210622,0.3985061040148139,3.0125344790352654e-07,-0.028219925142840534,0.021680277867231767,0.02181233794270909,-0.028219925142840534
0.9012300651520491,0.6306048091500998,0.40933990851044655,3.6409974508105015e-09,-0.028241787941228516,0.017067959856620806,0.022404160638628875,-0.028241787941228516
0.7146164728328586,0.6340283406898379,0.4013373153284192,1.2017312248702741e-08,-0.028254256949411968,0.017519391063100295,0.02282061975257584,-0.028254256949411968
0.21541574131697416,0.5518446480855346,0.40598656609654427,3.0771667865388326e-07,-0.02825503102860811,0.023393046029739586,0.025368410696249618,-0.02825503102860811
0.11068892106413841,0.5803984869271517,0.3844106448814273,7.776752903968284e-08,-0.028280098944474908,0.02291802102281583,0.01631075322290473,-0.028280098944474908
0.5492276325821877,0.5987099194899201,0.37626703921705484,5.553689109919268e-08,-0.02828091138299542,0.019124197818391305,0.01259202969573235,-0.02828091138299542
0.38463067449629307,0.5478324554860592,0.4096138570457697,3.4624580618312487e-07,-0.02828627102328033,0.021056348626534615,0.025811037579676416,-0.02828627102328033
0.9433039557188749,0.5663557928055525,0.3912069033831358,8.537902635519878e-08,-0.028307837029520302,0.018409325033831157,0.0163634755100066,-0.028307837029520302
0.9339673221111298,0.6280005732551217,0.40077158343046904,1.36493773071154e-08,-0.028308433303444427,0.018798210708812303,0.02079923766996687,-0.028308433303444427
0.3654891876503825,0.6269102171063423,0.4135001366958022,3.199062497994647e-09,-0.028312606218198203,0.016272400859474512,0.023626520286727508,-0.028312606218198203
0.7390432711690664,0.5463558156043291,0.40367002598941326,3.5957010902799106e-07,-0.028333798896828855,0.021680049669453604,0.024436779354999695,-0.028333798896828855
0.2190171554684639,0.585123592056334,0.38093739189207554,7.119110552006713e-08,-0.028345270317577564,0.021451818509171168,0.014975685340336418,-0.028345270317577564
0.43098448030650616,0.6049256147816777,0.3804370053112507,9.09269433046785e-08,-0.028345751964650442,0.019778492322171534,0.013514562336965968,-0.028345751964650442
0.8992371782660484,0.6073117703199387,0.38286667969077826,1.0939376750167962e-07,-0.028346350677771893,0.01691138829190011,0.012981091675936491,-0.028346350677771893
0.8966012559831142,0.5656754793599248,0.39054334722459316,9.564800671122051e-08,-0.02834856917382356,0.01834599138070097,0.01633090882554527,-0.02834856917382356
0.8772570416331291,0.5724475039169192,0.38569478038698435,9.290686201668585e-08,-0.02835561351090905,0.016313622405639418,0.013641330224276845,-0.02835561351090905
0.22010862920433283,0.6236310740932822,0.39934408850967884,1.6492090503434378e-08,-0.028365068250928268,0.02066790935075261,0.022573336763149716,-0.028365068250928268
0.9440338993445039,0.5605857893824577,0.3953287824988365,1.5312652456901433e-07,-0.02837128713062314,0.02051419503265086,0.018863548617086966,-0.02837128713062314
0.5459968838840723,0.5506260739639401,0.4152296781539917,3.1576035326578234e-07,-0.028374820279845548,0.02012161801594499,0.02425615438848344,-0.028374820279845548
0.7099867695942521,0.5778944939374924,0.4279506718739867,2.1894549447951886e-08,-0.0283834375692248,0.018327544504973394,0.016996726696713794,-0.0283834375692248
0.21773712802678347,0.5950839882716537,0.3799236062914133,6.75802536620644e-08,-0.028387192435460618,0.021748865105149447,0.015393653432833098,-0.028387192435460618
0.2555677406489849,0.5969267142936587,0.3796179164201021,6.750526881964349e-08,-0.02840228770585835,0.02131642911144,0.015109182893577364,-0.02840228770585835
0.2485002102330327,0.6211593328043818,0.41613848973065615,9.476421874280262e-09,-0.02840241444828946,0.017760850320997543,0.022818096420186826,-0.02840241444828946
0.6469930494204164,0.5917879547923803,0.4318273365497589,4.297394995468484e-08,-0.0284074395633231,0.016865641382105966,0.018073795858698907,-0.0284074395633231
0.08848268911242485,0.5673548988997936,0.3919558934867382,7.441016126006511e-08,-0.02841443486870817,0.025124913553954756,0.01963109865389849,-0.02841443486870817
0.36963036749511957,0.5693737594410777,0.3863984989002347,8.99698055854398e-08,-0.02844483465532321,0.021972350102255133,0.01624659354530131,-0.02844483465532321
0.1412077620625496,0.6137209329754114,0.3907451741397381,6.462204073033347e-08,-0.02846244343192283,0.021691786350697257,0.01895519211106967,-0.02846244343192283
0.9511228213086724,0.5526653099805117,0.4092007577419281,2.859855590057863e-07,-0.028468306539242098,0.02108305933235315,0.02306833816498107,-0.028468306539242098
0.9147293576970696,0.6144695160910487,0.3876508828252554,8.9483602619299e-08,-0.028468694459944585,0.015682445910325016,0.014768694494676661,-0.028468694459944585
0.5378785440698266,0.5460387887433171,0.41241385135799646,3.5541585668623776e-07,-0.028477935607900205,0.019467293336022717,0.025632502674095656,-0.028477935607900205
0.19088410772383213,0.614020966924727,0.3900664187967777,6.776555687423491e-08,-0.028485479615097634,0.021124209131323547,0.01851588645352685,-0.028485479615097634
0.9626924218609929,0.6255767364054918,0.3979835454374552,1.8784423171486612e-08,-0.02848572809390089,0.018994764490499753,0.01968807477263324,-0.02848572809390089
0.537329476326704,0.605941622518003,0.3792312052100897,9.100859554762936e-08,-0.028486837412658624,0.01919836262834322,0.012832514499012728,-0.028486837412658624
0.4974235165864229,0.589886661618948,0.431309612467885,3.651668770004939e-08,-0.02849020134762077,0.016935345340727114,0.018232842792114446,-0.02849020134762077
0.8549701701849699,0.587215599603951,0.37772013898938894,6.79010665118732e-08,-0.02849357095961597,0.017232292148298706,0.011474992741296642,-0.02849357095961597
0.9096186272799969,0.6265659453347325,0.41472722217440605,3.467245252636698e-09,-0.0285030459606882,0.017824683190978054,0.021259400231140244,-0.0285030459606882
0.40538808424025774,0.5454156473278999,0.40503842756152153,3.641163830233983e-07,-0.028506191244388784,0.022606255360172387,0.025979692001072974,-0.028506191244388784
0.8661962756887078,0.5750248460099101,0.3834770107641816,9.643965835726047e-08,-0.028507294769385846,0.01675986292897638,0.012776130740164243,-0.028507294769385846
0.5592335574328899,0.5739421136677265,0.3815023601055145,9.139820321486856e-08,-0.028507624872655356,0.019905585881613376,0.013323371635043317,-0.028507624872655356
0.3683542115613818,0.6188283478841186,0.41991962864995,1.5414686858618964e-08,-0.028508431544234204,0.017538964544183216,0.020935508539435235,-0.028508431544234204
0.8096862286329269,0.6218003565445542,0.41947650723159313,9.907793415377859e-09,-0.02850957950049442,0.018304147096579206,0.01973289454834429,-0.02850957950049442
0.42231563478708267,0.5516251539811492,0.4149992484599352,3.0398142431059515e-07,-0.028518608461758674,0.02073327066899614,0.024512355159793543,-0.028518608461758674
0.26545087713748217,0.5635550087317824,0.4195242393761873,8.713973669093477e-08,-0.028553235647194287,0.021648621952686953,0.02193462908648391,-0.028553235647194287
0.8211152190342546,0.6307922685518861,0.3986758841201663,1.5795623371290934e-08,-0.028558737483325127,0.018385778663014624,0.021246266788543276,-0.028558737483325127
0.2982260137796402,0.616590523160994,0.42044450528919697,2.0967115343784483e-08,-0.028559546277772324,0.017857121899509058,0.020969460968915537,-0.028559546277772324
0.029862836003303528,0.6128008337691426,0.41932916082441807,2.9818437792374004e-08,-0.02856694995592033,0.02029781828859478,0.021973339733215427,-0.02856694995592033
0.47593944426625967,0.6294463900849223,0.41489443741738796,2.957999104194529e-09,-0.028567027706242486,0.0157124048503643,0.023478883257125775,-0.028567027706242486
0.32605167385190725,0.6069846646860242,0.3826175816357136,9.861303103106406e-08,-0.0285716744531683,0.020409858372528088,0.01496081337386086,-0.0285716744531683
0.5836442215368152,0.5496631059795618,0.3965731766074896,3.424110731492149e-07,-0.028575980186236912,0.02245996127059211,0.022800056711383274,-0.028575980186236912
0.40996534936130047,0.5749399717897177,0.38225135393440723,8.911598617601225e-08,-0.028585890104951942,0.021062432765970397,0.01406403329661144,-0.028585890104951942
0.750494422391057,0.635878718458116,0.40164217073470354,1.1696086360851198e-08,-0.02859254324477673,0.01735824259446557,0.023097108148892116,-0.02859254324477673
0.4695966811850667,0.5718665737658739,0.4255908988416195,2.4276316400245554e-08,-0.028601814834429248,0.019834723564996375,0.018570778821084565,-0.028601814834429248
0.969128011725843,0.6295812809839845,0.4023923743516207,1.1431197447065839e-08,-0.028603385721627198,0.018850625366430115,0.02148319410808329,-0.028603385721627198
0.8574282070621848,0.561846487224102,0.39149408135563135,1.45991906740255e-07,-0.028603865504071676,0.01943888225513414,0.017640644343397186,-0.028603865504071676
0.8104799361899495,0.5624008877202868,0.3902044529095292,1.4356830467376984e-07,-0.02860933712417755,0.019198572342791508,0.01722277019455064,-0.02860933712417755
0.10984157491475344,0.6209735311567783,0.39780870359390974,2.2283002964602268e-08,-0.02861207759570954,0.0220683119587893,0.022257085134477873,-0.02861207759570954
0.9290017783641815,0.551637020893395,0.40247811935842037,3.087702778097037e-07,-0.02862839090106255,0.0219753380838132,0.022715442558371133,-0.02862839090106255
0.8488859897479415,0.5514658857136965,0.41329676751047373,3.02477708755933e-07,-0.028639480018132525,0.02058551741386975,0.023343345133343168,-0.028639480018132525
0.3433083789423108,0.6240308582782745,0.39522821735590696,2.364023190598417e-08,-0.028648703686013587,0.02024891284831266,0.020855269154518203,-0.028648703686013587
0.16414632182568312,0.5877952789887786,0.3802570663392544,6.814115469612575e-08,-0.028652789253551192,0.022285850789445272,0.015453370459677268,-0.028652789253551192
0.5635063070803881,0.6180805992335081,0.42293053679168224,1.7802769038562035e-08,-0.028654575951284813,0.017422790842010004,0.01947911734196377,-0.028654575951284813
0.7843579845502973,0.5854593692347407,0.3767069736495614,6.076812602842239e-08,-0.028654642743349976,0.017520942460261528,0.011293289167148744,-0.028654642743349976
0.7688667289912701,0.5774801522493362,0.3801462724804878,8.77377427293177e-08,-0.028657513017911366,0.018088630175639265,0.011950502227778768,-0.028657513017911366
0.16227310337126255,0.5508859679102898,0.40684625692665577,3.2067204312898684e-07,-0.028660402568280195,0.023835646965908036,0.02589330984504349,-0.028660402568280195
0.06362578738480806,0.5727830985561013,0.3880332726985216,7.54019191993183e-08,-0.028663105758302675,0.02476337081286887,0.017967589672176206,-0.028663105758302675
0.464727234095335,0.588519792072475,0.37585794646292925,4.906942618838663e-08,-0.02866534730135756,0.020021787884548413,0.0122951302069355,-0.02866534730135756
0.7509144935756922,0.553920210339129,0.41685638576745987,2.6509099489316517e-07,-0.028666702623228416,0.020902280393374727,0.022565565886117512,-0.028666702623228416
0.4102880172431469,0.5602530548349023,0.4198478879407048,1.4490480153557547e-07,-0.02866703108349116,0.021264211416235336,0.02186776453984277,-0.02866703108349116
0.6325934268534184,0.6392701892182231,0.4029208682477474,9.87879397030855e-09,-0.028676602706800506,0.016224447805963015,0.024331306562015702,-0.028676602706800506
0.43444457836449146,0.5763741377741098,0.42737381625920534,2.218682279784579e-08,-0.02867980689635786,0.018990412763210996,0.018209297525752025,-0.02867980689635786
0.6416168240830302,0.6415074681863189,0.4073676709085703,4.9118727935578375e-09,-0.028680884151960743,0.014317180504699947,0.025004328782934654,-0.028680884151960743
0.9336539581418037,0.5615520989522338,0.41793702356517315,1.1492267644917344e-07,-0.02868198132919418,0.021375749250571303,0.020114892705650894,-0.02868198132919418
0.39423569198697805,0.5824329303577542,0.3785040332004428,6.644248340287844e-08,-0.028683092990959048,0.020280888640888183,0.013028126793655111,-0.028683092990959048
0.5902966260910034,0.5450800973922014,0.39981625135987997,3.7055483066515585e-07,-0.028693162638385398,0.022591537253817292,0.024608284556536943,-0.028693162638385398
0.78734016045928,0.6382297724485397,0.40820992179214954,4.299656236122102e-09,-0.028701492020560302,0.01548987759398606,0.024068554901901407,-0.028701492020560302
0.06912375148385763,0.5581371393054724,0.41391332168132067,1.9477087796635376e-07,-0.028712616296957608,0.02348915698269119,0.024483366235620238,-0.028712616296957608
0.21171267610043287,0.6198687590658665,0.39395869709551334,3.4143689867848624e-08,-0.028714291378761855,0.021251774864417493,0.02054040411696492,-0.028714291378761855
0.9248770847916603,0.6203936170786619,0.3915410116314888,4.972872187890544e-08,-0.02872031051604527,0.01757938626477596,0.01698840251548132,-0.02872031051604527
0.05904952250421047,0.5571517581120133,0.3994077993556857,2.2591405731193133e-07,-0.02872264713514244,0.026064852538074515,0.02365065288438569,-0.02872264713514244
0.5348711907863617,0.5715310350060463,0.42616682406514883,2.5318592244893483e-08,-0.02872561232074207,0.01974299665337786,0.01837663805756355,-0.02872561232074207
0.396722580306232,0.610526429489255,0.4254406038671732,3.2830881961646983e-08,-0.02872740852744,0.017338195312169263,0.01893596267798363,-0.02872740852744
0.27363169472664595,0.6160759078338742,0.38951749727129936,6.611849652674239e-08,-0.02872743114319539,0.020499916194038716,0.01814401732182213,-0.02872743114319539
0.6907646330073476,0.5690167006105185,0.4249333366751671,3.0427029174411506e-08,-0.02873875936126632,0.020298996536021345,0.018270572247421856,-0.02873875936126632
0.22866771463304758,0.6147420750930905,0.4211168233305216,2.5584351455717714e-08,-0.028755571443631504,0.018308795428633604,0.02111293967252168,-0.028755571443631504
0.5125457243993878,0.5814329301938415,0.3772693807259202,6.304034021959749e-08,-0.02875810009230043,0.019544041734571457,0.012109363239345533,-0.02875810009230043
0.26268705911934376,0.6259515350684524,0.39872042927891016,1.5637965026637376e-08,-0.02876868971623633,0.02045490939129327,0.022809259507211948,-0.02876868971623633
0.45374492183327675,0.5793579826131463,0.4289109753444791,2.4003382662511557e-08,-0.028772196695435598,0.018115779330658485,0.018008843776711768,-0.028772196695435598
0.33759101014584303,0.59852075856179,0.3777691973373294,6.127486001015052e-08,-0.028781353770541567,0.020828074821905046,0.014166224427265305,-0.028781353770541567
0.5091104144230485,0.6153859496116638,0.4242052361369133,2.446779205864346e-08,-0.02878784044569868,0.017270452384660854,0.019024979453683987,-0.02878784044569868
0.296214927919209,0.5901797292754054,0.37767517287284136,5.769619688821942e-08,-0.028787900206635086,0.02140069660517261,0.01411131310668221,-0.028787900206635086
0.2353735314682126,0.6291954927146435,0.4069358166307211,5.479519748560971e-09,-0.028797874043112758,0.01847318631796281,0.025118916394322705,-0.028797874043112758
0.7404575170949101,0.629359221085906,0.3949179816991091,2.3604969852369813e-08,-0.028800100201777847,0.01833596766754193,0.020401679477165896,-0.028800100201777847
0.7614838276058435,0.6257481100037694,0.4185657845810056,5.1366712579333406e-09,-0.028802673559437705,0.017846107603510974,0.02103457991919658,-0.028802673559437705
0.06611830554902554,0.5913845477625728,0.42768154572695494,1.1185996817393928e-08,-0.02880389082048259,0.020258909191302625,0.020451323172764796,-0.02880389082048259
0.4123573321849108,0.6034909943118691,0.4290651408955455,3.164427891561677e-08,-0.028805230151932176,0.017481726438324893,0.018700765252669956,-0.028805230151932176
0.3778736535459757,0.6318673640489578,0.4113205140456557,2.767940572158054e-09,-0.028806713046804475,0.0157706899295473,0.024902939750664165,-0.028806713046804475
0.7501207953318954,0.6136851785704494,0.38357008900493383,1.0336681056779903e-07,-0.028813320062279303,0.017345571340451296,0.013915893851171385,-0.028813320062279303
0.050210123881697655,0.6238175630569458,0.4101327331736684,5.8776707711137825e-09,-0.02882105760198407,0.020285075792751173,0.024785308247605067,-0.02882105760198407
0.49144460540264845,0.6234109103679657,0.3911303002387285,4.263616848254169e-08,-0.02883434676982333,0.019106034679681538,0.01872348780198327,-0.02883434676982333
0.5558292269706726,0.608352187089622,0.4283168623223901,3.925819835114174e-08,-0.028834753321892795,0.01712596969004659,0.018133097202469195,-0.028834753321892795
0.6573079694062471,0.5509266722947359,0.3948169853538275,3.314904170304992e-07,-0.02884442276696651,0.022019273384859685,0.021912085190060496,-0.02884442276696651
0.7031069612130523,0.5588547689840198,0.42036943044513464,1.699176208770185e-07,-0.02885003922182418,0.021205702127875748,0.02103355041046557,-0.02885003922182418
0.29126056656241417,0.631189838051796,0.4072416853159666,5.088319328438923e-09,-0.028864879971441618,0.017736296763179126,0.025250232272185154,-0.028864879971441618
0.6953896777704358,0.5754834227263927,0.37984153628349304,8.800483929854694e-08,-0.028875626893690002,0.01914753331818412,0.012433827453167788,-0.028875626893690002
0.8693791357800364,0.634942926466465,0.41057841014117,2.9257373053102413e-09,-0.02888137722462263,0.016248354882483457,0.02339434266821236,-0.02888137722462263
0.7475339220836759,0.6402031295001507,0.40985856391489506,3.178630433810603e-09,-0.028882124262485598,0.01434077853948577,0.024517515237409634,-0.028882124262485598
0.07210282143205404,0.6247853180393577,0.40319601725786924,1.1053423168065727e-08,-0.02889030133458774,0.021605962009534657,0.02438218268614939,-0.02889030133458774
0.32909846026450396,0.6321833422407508,0.4044391140341759,7.938994012303761e-09,-0.02889480561271519,0.018275573930992047,0.024905139847696153,-0.02889480561271519
0.6193668125197291,0.6053221886977553,0.3771755388006568,8.038180997025647e-08,-0.02890701388865394,0.019389091106751462,0.012562397596748143,-0.02890701388865394
0.5855677910149097,0.5911641651764512,0.37358010094612837,3.653489336189744e-08,-0.028913324097496463,0.01969728932704592,0.011985269893205468,-0.028913324097496463
0.40418889187276363,0.6303717009723186,0.39842475950717926,1.5275912453789983e-08,-0.02893258894634215,0.01934663990377137,0.022850649096076075,-0.02893258894634215
0.22811275999993086,0.5740708569064736,0.384194771759212,8.779081962595647e-08,-0.0289327381254501,0.022892482741018277,0.016112438972614464,-0.0289327381254501
0.8403449924662709,0.6372134080156684,0.40347086265683174,9.531233459775761e-09,-0.028937588157603153,0.017226651661635273,0.023302481189767223,-0.028937588157603153
0.0105183906853199,0.620047758333385,0.4145415620878339,1.1549682684200092e-08,-0.02893920172736129,0.02064210514382195,0.023856842734624222,-0.02893920172736129
0.7142119091004133,0.615679039619863,0.38424167688935995,9.667653102436172e-08,-0.028940905655930153,0.01754483718096238,0.014586605322389732,-0.028940905655930153
0.9142490364611149,0.6352437501773238,0.4057420380413532,6.917416011131019e-09,-0.02894293646982249,0.017500002728300587,0.0231306202142476,-0.02894293646982249
0.5004434874281287,0.5405697170644999,0.4052965175360441,3.6650392516789866e-07,-0.028943008697636205,0.02223644453520091,0.026831627448846405,-0.028943008697636205
0.23836899921298027,0.5920615335926414,0.37798108626157045,5.88363499693053e-08,-0.0289462206711419,0.021937202974427524,0.014843791535714223,-0.0289462206711419
0.6199163775891066,0.5395762221887708,0.4063747450709343,3.622762145069248e-07,-0.02895265043971136,0.02137476342504789,0.02682234907797603,-0.02895265043971136
0.4189566168934107,0.5958189619705081,0.37551995646208525,4.678376821851641e-08,-0.028953565667802356,0.020563959626038363,0.013107560020927497,-0.028953565667802356
0.7302059251815081,0.6424976214766502,0.40430549904704094,8.285986263710813e-09,-0.028959248520114108,0.015621408365370223,0.024328831734298194,-0.028959248520114108
0.7191423615440726,0.5989040490239859,0.4319776352494955,4.7881499960815446e-08,-0.028962877035528717,0.017164279808985706,0.018108612052919113,-0.028962877035528717
0.6372276060283184,0.6303522372618318,0.4172510839998722,3.626221552243385e-09,-0.028967082975229874,0.01644660133833026,0.02290082569734145,-0.028967082975229874
0.8925242107361555,0.5491314623504877,0.4115405762568116,3.3072674757393137e-07,-0.028971680188547275,0.02092035091494009,0.02403068666850451,-0.028971680188547275
0.7963951518759131,0.5443519037216902,0.4032423850148916,3.682410954238371e-07,-0.028976407016676666,0.022148708818134258,0.024823408001511584,-0.028976407016676666
0.47394190821796656,0.6062774555757642,0.3788991840556264,8.948325428298041e-08,-0.028981188302366144,0.01978472124116302,0.01308481717262723,-0.028981188302366144
0.8608300788328052,0.6267458815127611,0.3942651329562068,2.728977556438166e-08,-0.028983188179446957,0.018380480686459935,0.019292660932644493,-0.028983188179446957
0.3457785313948989,0.6334038358181715,0.40865180641412735,3.952406532820976e-09,-0.028989984741837272,0.016595171606406178,0.025452634965456862,-0.028989984741837272
0.007552826777100563,0.6044055242091417,0.38456099946051836,9.069865659490604e-08,-0.028996581684927844,0.024002716209541256,0.017690175920289486,-0.028996581684927844
0.9110804852098227,0.5747088901698589,0.425515403971076,2.1594688658189273e-08,-0.029000574993578176,0.020066398637994674,0.016656129198054228,-0.029000574993578176
0.7252636589109898,0.560529581271112,0.38880156073719263,1.8665101109083977e-07,-0.029004406506850808,0.019827897976396617,0.01772750131170219,-0.029004406506850808
0.24429348576813936,0.5505106747150421,0.4130370123311877,3.20995995395621e-07,-0.02900857685952166,0.022133087392319672,0.025801086729156576,-0.02900857685952166
0.7944318242371082,0.6312706116586924,0.3963217679411173,1.9903554776128115e-08,-0.029015702036949743,0.018343403674392803,0.021014674771693834,-0.029015702036949743
0.5725258979946375,0.6123572625219822,0.3815923389047384,1.0185246656762269e-07,-0.029020578019894085,0.018376026968477722,0.013811103704742258,-0.029020578019894085
0.02846490778028965,0.5753394151106477,0.38595573138445616,8.18149044065432e-08,-0.029025705911342157,0.024933502307450423,0.017444955848374362,-0.029025705911342157
0.12441821862012148,0.5621930630877614,0.41832215059548616,1.1350042257975836e-07,-0.029028672608339457,0.02294387332386792,0.023037497263022767,-0.029028672608339457
0.03138802666217089,0.5683178631588817,0.420388663187623,3.812788442902853e-08,-0.029034110339152236,0.02336387647575871,0.021836231824481536,-0.029034110339152236
0.44788643810898066,0.634542940184474,0.4123815903440118,2.5697841180588635e-09,-0.02904098475807878,0.014788365803472264,0.025004889183584143,-0.02904098475807878
0.5169436577707529,0.5693339789286256,0.38301760610193014,9.947235535726169e-08,-0.02904216071436116,0.0209810983954829,0.014789389697619898,-0.02904216071436116
0.8694481952115893,0.5529610645025969,0.39646473340690136,2.9738731868702694e-07,-0.029048552490005507,0.021670626417059535,0.02130267671404894,-0.029048552490005507
0.7145168362185359,0.5519244642928243,0.41740548610687256,2.9752619281649767e-07,-0.02905704673354951,0.021181698921937137,0.023170274139228158,-0.02905704673354951
0.9889380019158125,0.6118969721719623,0.38535775151103735,1.0821117807566386e-07,-0.029060863472746987,0.016160864006551402,0.01425198603319936,-0.029060863472746987
0.05208978056907654,0.5987905589863658,0.42734737414866686,1.3557272390302584e-08,-0.029061768201141557,0.020252774823654868,0.020844119710775058,-0.029061768201141557
0.30438029300421476,0.5467526391148567,0.40130863059312105,3.628353033880522e-07,-0.029064118426956616,0.024316992817195647,0.02564354372572769,-0.029064118426956616
0.8950699856504798,0.5823521753773093,0.428955658338964,2.0362145413311067e-08,-0.02909195953375598,0.017792230779943727,0.016394123848704624,-0.02909195953375598
0.6859495546668768,0.6354793980717659,0.3975335545837879,1.7083456884876164e-08,-0.029092303043717686,0.017801020827615213,0.02260500226610705,-0.029092303043717686
0.32849540561437607,0.6172531945630908,0.3883505556732416,7.008765239259828e-08,-0.029094036790427897,0.020214370408817604,0.01769699587521545,-0.029094036790427897
0.6922248220071197,0.6364390319213271,0.41426739282906055,2.602505304868569e-09,-0.029105733866978043,0.014962803427796408,0.024185150433865602,-0.029105733866978043
0.480588405393064,0.6400539660826325,0.4053287785500288,6.911991394131827e-09,-0.02911011854620213,0.01574185928279438,0.025396276886014472,-0.02911011854620213
0.041282545775175095,0.6012012949213386,0.3821680787950754,8.141306633056872e-08,-0.029111288922139714,0.023711205913927048,0.01715087158684737,-0.029111288922139714
0.28632785752415657,0.6230936488136649,0.4175416799262166,7.165824324103933e-09,-0.029111642010939888,0.017918610037856667,0.0229245543779766,-0.029111642010939888
0.15220335125923157,0.6245902180671692,0.41386066749691963,4.802462593506682e-09,-0.029116195524578156,0.018707183449994825,0.024501195694796658,-0.029116195524578156
0.6662312615662813,0.6287417393177748,0.39261632692068815,3.283387760913973e-08,-0.02912734754246285,0.01831173252930903,0.020090812960139485,-0.02912734754246285
0.7055440172553062,0.5408638613298535,0.41022659931331873,3.624694717624046e-07,-0.02914606067512783,0.02020997371671092,0.02645724060895679,-0.02914606067512783
0.9077100250869989,0.6032901955768466,0.37845783587545156,8.762035073338176e-08,-0.0291475031797367,0.018660589413802085,0.01251266606656103,-0.0291475031797367
0.5993328634649515,0.6465898891910911,0.4096426609903574,3.248561455404101e-09,-0.02915038487794169,0.012971613228850976,0.025420373649047187,-0.02915038487794169
0.11342066247016191,0.5510573303326964,0.40188675839453936,3.2495731040730945e-07,-0.02915047297824893,0.02560714690912309,0.025430580364826032,-0.02915047297824893
0.17873775865882635,0.5892909271642566,0.42938051652163267,1.9777278820054162e-08,-0.02915343339808256,0.01898688400457818,0.019956362124325548,-0.02915343339808256
0.4219880700111389,0.6335761407390237,0.39978747721761465,1.3529255568708231e-08,-0.02915910283473814,0.018703605583799646,0.023797370900226752,-0.02915910283473814
0.6435915874317288,0.6178939649835229,0.3847686955705285,8.819743006222835e-08,-0.029174769742999585,0.01803305638844121,0.015493805332724802,-0.029174769742999585
0.21066334377974272,0.6278229309245944,0.4003680581226945,1.3062934691200029e-08,-0.029177634396195928,0.02058340351042101,0.02403894350315658,-0.029177634396195928
0.5545818544924259,0.5628077667206526,0.42332496494054794,9.547380120431925e-08,-0.029181612050809068,0.02108087797702463,0.020313426155565535,-0.029181612050809068
0.2996352259069681,0.5720378281548619,0.38364559691399336,9.11776064839147e-08,-0.029188009446009487,0.022663092707888306,0.015817834370033274,-0.029188009446009487
0.33967208582907915,0.5475228009745479,0.39882536698132753,3.6032542768042965e-07,-0.029194354208950633,0.024414698634112164,0.024856390927530714,-0.029194354208950633
0.8916084347292781,0.6104153916239738,0.3822635840624571,1.1220770320272068e-07,-0.029196779830614986,0.01741047007483527,0.01324907009756265,-0.029196779830614986
0.3252579811960459,0.5457243388518691,0.4119495330378413,3.588189880178181e-07,-0.02920516471120133,0.02163133097406766,0.026637567376927993,-0.02920516471120133
0.33100324403494596,0.6084192777052522,0.426763447932899,3.43663105615919e-08,-0.02920547102899734,0.017941962328877605,0.01931683706789375,-0.02920547102899734
0.7698312131687999,0.6220936821773648,0.3885481655597687,6.297807523354491e-08,-0.029212948676138065,0.017391874197653895,0.01698111779986941,-0.029212948676138065
0.585309624671936,0.65025226585567,0.4054319057613611,6.811598231475936e-09,-0.029214895516131295,0.015141704405075375,0.025240755709359897,-0.029214895516131295
0.3165896199643612,0.6108359666541219,0.38349459040910006,1.0043510166310092e-07,-0.029222817884259605,0.020259925172668506,0.015638935894178398,-0.029222817884259605
0.79784747492522,0.6444991566240788,0.4059543050825596,6.4553720055522224e-09,-0.029224256899449998,0.015378662666984105,0.024270314859722964,-0.029224256899449998
0.49498676508665085,0.6416693301871419,0.408924899995327,3.689131142265511e-09,-0.02922511790838251,0.013911887401481962,0.02574827303694863,-0.02922511790838251
0.2826457880437374,0.5484786294400692,0.4133417932316661,3.414393122290118e-07,-0.02923456743136944,0.02198028279194997,0.02611383640569674,-0.02923456743136944
0.5563563453033566,0.6423102831467986,0.4112176774069667,2.6540357228024946e-09,-0.029239516154094102,0.01255948574767569,0.025542447882388537,-0.029239516154094102
0.7036423264071345,0.6277825692668557,0.4191159727051854,4.566321699365916e-09,-0.02924188743900497,0.017637037171876948,0.021777742410595626,-0.02924188743900497
0.7176157403737307,0.5812379643321037,0.43093339167535305,3.7800298705690786e-08,-0.029242517614140574,0.017395487643863613,0.017241220124130898,-0.029242517614140574
0.6642653234302998,0.6050213649868965,0.43084025382995605,5.105828457217361e-08,-0.029254780513731298,0.017485517030502936,0.018102597815749126,-0.029254780513731298
0.7735070325434208,0.5670819822698832,0.4243832677602768,4.1241904554177244e-08,-0.029258176536173117,0.021047282087757593,0.0183713186454263,-0.029258176536173117
0.054460945539176464,0.6115611204877496,0.3878791667521,8.499419380450219e-08,-0.02926154909980061,0.023038182778861133,0.018634965240641812,-0.02926154909980061
0.9060623561963439,0.5934599386528134,0.37556721922010183,5.600522409201501e-08,-0.0292623729378865,0.018871956753008595,0.012018811764816256,-0.0292623729378865
0.8225172702223063,0.6435323758050799,0.40681748278439045,5.581939444925309e-09,-0.029270284833508728,0.015381597160981603,0.024243569006165033,-0.029270284833508728
0.38647111132740974,0.5983335487544537,0.43140244856476784,4.014115383272789e-08,-0.029278266837918204,0.017172695966151563,0.019210006062234122,-0.029278266837918204
0.18934830371290445,0.5974947167560458,0.4294707300141454,2.1826096779950493e-08,-0.029287448923364275,0.018676690077173742,0.020321715188441978,-0.029287448923364275
0.7425967864692211,0.5836176117882133,0.3750582868233323,5.073754654909277e-08,-0.02928950481270885,0.018204829771501757,0.011255809001385838,-0.02928950481270885
0.7702587079256773,0.5608868515118957,0.4216515487059951,1.2886721761483695e-07,-0.029290512932122065,0.02159924841845765,0.02013534048166673,-0.029290512932122065
0.9556273864582181,0.6361728683114052,0.4066025037318468,6.0658618022000996e-09,-0.02929310925156927,0.017557355467264606,0.02333459816789738,-0.02929310925156927
0.7590325782075524,0.5427447045221925,0.41175197903066874,3.632878691823982e-07,-0.029293357874704423,0.02037904018721626,0.02584071022168389,-0.029293357874704423
0.5448167631402612,0.6492539951577783,0.40630802139639854,5.865589067884618e-09,-0.029295694030963035,0.014889276962283877,0.02546711679926554,-0.029295694030963035
0.6302071874961257,0.6499350974336267,0.4103926317766309,2.8942857283927564e-09,-0.029300059239384453,0.013057133243444223,0.025329394251519616,-0.029300059239384453
0.5327018368989229,0.5994894588366151,0.37391427624970675,4.17999904398906e-08,-0.029300601992392664,0.019843969892416033,0.012491890295483631,-0.029300601992392664
0.12967605516314507,0.6221790574491024,0.3955327598378062,2.5102216706102055e-08,-0.02930290638804006,0.022224899410227553,0.022067464606136136,-0.02930290638804006
0.08066332619637251,0.5497114360332489,0.4089429099112749,3.341889131803854e-07,-0.02931819376790465,0.0244900304024676,0.026528114373079822,-0.02931819376790465
0.8112176898866892,0.5645711841061711,0.38656751718372107,1.3178424620008512e-07,-0.02932495729589467,0.01846753922182068,0.01596799278958491,-0.02932495729589467
0.5654692687094212,0.6413134559988976,0.4005756424739957,1.2700526258322788e-08,-0.029330519691694677,0.016485089976238966,0.024445733801366932,-0.029330519691694677
0.039209159091115,0.5506982645019889,0.4042027182877064,3.2830092366293855e-07,-0.029332071665502654,0.02599719892020371,0.02599687424326122,-0.029332071665502654
0.3528449973091483,0.6284058876335621,0.39612211287021637,1.940348430995289e-08,-0.029333383689941078,0.02012878572129622,0.022276485694774927,-0.029333383689941078
0.8332412224262953,0.5433622160926461,0.40996237099170685,3.6339161001272295e-07,-0.029340669646707087,0.021027150067483832,0.02557851631071109,-0.029340669646707087
0.4462484326213598,0.5881968839094043,0.37432718370109797,3.9284888985322645e-08,-0.029341918534614046,0.020457027071577673,0.012321393087510605,-0.029341918534614046
0.42237690556794405,0.6167069422081113,0.38567898143082857,8.498890245911627e-08,-0.029344473777423365,0.019468432252644056,0.016196054478722063,-0.029344473777423365
0.5837743608281016,0.6394651643931866,0.4135864404961467,2.528909526649847e-09,-0.02934595939903266,0.013589751936835724,0.02511772329979758,-0.02934595939903266
0.6648148829117417,0.539877051487565,0.40156862791627645,3.688939964719131e-07,-0.029348851652901575,0.02265768317932566,0.026032359597033355,-0.029348851652901575
0.5704638995230198,0.5383557267487049,0.40277249366045,3.6177075305973284e-07,-0.029357169984019292,0.022719277104919437,0.026854720751388197,-0.029357169984019292
0.9368224581703544,0.5654276171699166,0.4216240271925926,5.663881565478392e-08,-0.029368531000774932,0.021755196210446442,0.01873168605489531,-0.029368531000774932
0.28760760836303234,0.5631543947383761,0.3884408287703991,1.431333323487864e-07,-0.029381864650847925,0.023803332235221433,0.01894789168579359,-0.029381864650847925
0.12405913788825274,0.6286416007205844,0.4040864557027817,8.611653245182853e-09,-0.029388341049291604,0.020644572816718408,0.02532964637459134,-0.029388341049291604
0.005708325654268265,0.5611657071858644,0.3940204856917262,1.579650099012676e-07,-0.029400489523832736,0.026935142167752075,0.021836967216363,-0.029400489523832736
0.4356340616941452,0.5965995145961642,0.37417236622422934,3.890088838230594e-08,-0.029407796821978714,0.02058196447968555,0.012931055608895705,-0.029407796821978714
0.901070287451148,0.5563061535358429,0.3933046320453286,2.4752881845810553e-07,-0.029409838984750233,0.020782978439664115,0.019781969089310528,-0.029409838984750233
0.7299781944602728,0.5834178468212485,0.3746337937191129,4.792128860715309e-08,-0.029419713505422128,0.018413845486875424,0.011267326417568457,-0.029419713505422128
0.5494104968383908,0.5373956216499209,0.40951102785766125,3.5033277894175797e-07,-0.02942549117221893,0.020606265054391976,0.027750600270711186,-0.02942549117221893
0.36890328489243984,0.5575603889301419,0.3905242560431361,2.387853708768345e-07,-0.029427752459669568,0.023635094069631234,0.02038551685527846,-0.029427752459669568
0.014265324920415878,0.552024595439434,0.4108221037313342,3.0642157704666523e-07,-0.02944297891644319,0.02492298014091833,0.02612670405260599,-0.02944297891644319
0.979792713187635,0.5500572370365262,0.40068191196769476,3.317732526507633e-07,-0.029448009209299176,0.02258199369204234,0.022976806504667775,-0.029448009209299176
0.8488024612888694,0.6334473975002766,0.39710700139403343,1.8479103022023842e-08,-0.0294483203346849,0.018312338237550227,0.02157654235939493,-0.0294483203346849
0.7808356713503599,0.6344447089359164,0.41554845310747623,2.946131666270157e-09,-0.029455082880813138,0.016516861743323393,0.02332643329523982,-0.029455082880813138
0.3970957975834608,0.6390685793012381,0.4064035192131996,5.788981307068543e-09,-0.02945708177615607,0.016085048638413844,0.02594745693398964,-0.02945708177615607
0.7122495397925377,0.6544607812538743,0.40851816162467003,3.972878975061079e-09,-0.029478046699161556,0.014779687875136744,0.02527074135945183,-0.029478046699161556
0.058197084814310074,0.5737689714878798,0.4243093617260456,2.2409099736959465e-08,-0.029493081167151606,0.022365556980285525,0.020694774983925312,-0.029493081167151606
0.3110317438840866,0.549974262714386,0.39605163410305977,3.4269243104546935e-07,-0.029498275389347666,0.024765421192560574,0.023876279650269096,-0.029498275389347666
0.6839757412672043,0.596578536555171,0.43380443658679724,7.424267619724475e-08,-0.02951250695983213,0.01681990665950365,0.018610929573359948,-0.02951250695983213
0.1814270867034793,0.6150373425334692,0.42216177470982075,2.498489040111604e-08,-0.029521640071406896,0.01899482744064156,0.021442811936859048,-0.029521640071406896
0.15864633210003376,0.6208012206479907,0.41827141866087914,1.105737819441134e-08,-0.029523511788198783,0.019195379731565876,0.023159096558091716,-0.029523511788198783
0.34618334379047155,0.5513232573866844,0.39441653806716204,3.3017997257422795e-07,-0.029525559101166318,0.024436881865400623,0.02301502254335161,-0.029525559101166318
0.8627352239564061,0.603118110448122,0.43029043823480606,4.036984342262904e-08,-0.029529781315749258,0.018844495977621462,0.01729954909353333,-0.029529781315749258
0.530306245200336,0.6475452184677124,0.4027095250785351,1.0012662941302462e-08,-0.029534454276658288,0.015963413870352244,0.025085872436830668,-0.029534454276658288
0.9697156194597483,0.6210741670802236,0.39014509320259094,5.815910232382835e-08,-0.029536586776309656,0.017449418589026086,0.017085660510934943,-0.029536586776309656
0.4109596321359277,0.623953896574676,0.3905883524566889,4.495810155295418e-08,-0.029545329468854617,0.01992610637621208,0.019356314332919417,-0.029545329468854617
0.13645494356751442,0.6301513044163585,0.4058436006307602,6.576066765591501e-09,-0.029547550646595595,0.019918106793810432,0.02586371025784478,-0.029547550646595595
0.752021879889071,0.6525555299594998,0.4100443609058857,3.0656285183093048e-09,-0.029549960246440868,0.014203062539495794,0.024904879515357616,-0.029549960246440868
0.5414015455171466,0.5837896764278412,0.43272105418145657,5.752174014045644e-08,-0.029566713768883382,0.016537478087214008,0.018205002643193295,-0.029566713768883382
0.3141971379518509,0.5822539422661066,0.43018702045083046,2.931989812583117e-08,-0.02957050740496428,0.018214840924753724,0.018995419783570052,-0.02957050740496428
0.12557614222168922,0.5495171984657645,0.4002287955954671,3.443212125480006e-07,-0.029573912696889186,0.025962051354935112,0.02552751513213698,-0.029573912696889186
0.5463558454066515,0.6403895048424602,0.39906900096684694,1.4550183091102802e-08,-0.02957491170678208,0.017013328254602753,0.024183838432565274,-0.02957491170678208
0.7499163504689932,0.6489454340189695,0.40147126000374556,1.187500814856513e-08,-0.02957800339630759,0.016334537945197108,0.023935785997039237,-0.02957800339630759
0.65934978146106,0.5895037362352014,0.37191164772957563,2.7646000526828723e-08,-0.029581391654396386,0.019650330634250028,0.011641493629266406,-0.029581391654396386
0.6600682074204087,0.6554232742637396,0.4037634525448084,8.81838551897943e-09,-0.029593526398559077,0.016469762324295752,0.025239701173514734,-0.029593526398559077
0.24783105310052633,0.5651511019095778,0.3871586360037327,1.210515302329208e-07,-0.029595844244153246,0.024029248610474875,0.018463068826230618,-0.029595844244153246
0.820603784173727,0.6197672160342336,0.3864171588793397,8.06976954720011e-08,-0.029597882673886747,0.016986099852985926,0.015877699894448958,-0.029597882673886747
0.8892098311334848,0.6375218480825424,0.41230408381670713,2.5073961650199367e-09,-0.02960044638380799,0.016216005433027758,0.02373049729424648,-0.02960044638380799
0.43933595065027475,0.6270839162170887,0.3921653563156724,3.447541671637253e-08,-0.02961303241071747,0.019694055692453492,0.020424270133643768,-0.02961303241071747
0.8875537337735295,0.5930454777553678,0.3742521805688739,4.665849663453204e-08,-0.029614837190367536,0.019254753282906364,0.011851343879407231,-0.029614837190367536
0.7619750797748566,0.5760455243289471,0.42923185136169195,3.171989359908547e-08,-0.029617133685494287,0.0192249124787649,0.017059567495299556,-0.029617133685494287
0.7554449839517474,0.5792750157415867,0.4306283723562956,3.811792062075784e-08,-0.029621361008168104,0.01820892779789375,0.017059341421437044,-0.029621361008168104
0.0877480311319232,0.5556653831154108,0.3955897334963083,2.6087567483636094e-07,-0.029633022144761517,0.026451736034116196,0.023297219509568794,-0.029633022144761517
0.134488882496953,0.6065369443967938,0.4264574749395251,3.18980272774517e-08,-0.029634419478344453,0.019540074624867794,0.020633449630632517,-0.029634419478344453
0.652422402985394,0.5595351383090019,0.4228792255744338,1.566263957145022e-07,-0.02965401442487282,0.02158522830669751,0.020860938023061985,-0.02965401442487282
0.274096941575408,0.63436393532902,0.4036374371498823,8.880537048298667e-09,-0.029662438935853578,0.018646756391470086,0.02575077097946117,-0.029662438935853578
0.4862675592303276,0.537975356914103,0.4111244874075055,3.5270540837054436e-07,-0.029665917356095424,0.0206134071614295,0.0278273070993664,-0.029665917356095424
0.2313632983714342,0.5446877367794514,0.40161360520869493,3.7211822396081037e-07,-0.02966732164944132,0.0250641901808312,0.0265420405158319,-0.02966732164944132
0.4581850543618202,0.6133103873580694,0.38185233250260353,9.860089938222854e-08,-0.029667504839241098,0.019325653458266943,0.0144918058191723,-0.029667504839241098
0.29119138792157173,0.5568989422172308,0.3912030113860965,2.4981989122326325e-07,-0.029679166961203877,0.02448358281775046,0.021199911542609938,-0.029679166961203877
0.5888974731788039,0.6566647449508309,0.40664529241621494,5.525396152766824e-09,-0.02968172921540123,0.015761325274500807,0.02603282184107659,-0.02968172921540123
0.9469523513689637,0.6194067904725671,0.4217171650379896,1.6105170752914324e-08,-0.029696139581210798,0.019857176257868116,0.018825559442661004,-0.029696139581210798
0.5094153471291065,0.5522175300866365,0.3910833289846778,3.3113022552303347e-07,-0.02970858219056662,0.022826216984046088,0.02132871268352379,-0.02970858219056662
0.7087977631017566,0.5967881241813302,0.37182143796235323,2.855330827589001e-08,-0.029717419548779857,0.019766001252616308,0.012047613081835162,-0.029717419548779857
0.104699925519526,0.5534679098054767,0.4153048787266016,2.8231580787425795e-07,-0.029724333399253657,0.02377619673624317,0.02544031155453399,-0.029724333399253657
0.8895383346825838,0.5476362910121679,0.3980998080223799,3.583591104719457e-07,-0.029724713052579187,0.022475794823436483,0.023138602442923203,-0.029724713052579187
0.697783013805747,0.5882560145109892,0.43395830038934946,7.657327633521952e-08,-0.02973221690435834,0.01679529359061555,0.018105372706695707,-0.02973221690435834
0.7642016876488924,0.5947308363392949,0.37212748546153307,3.062176904718315e-08,-0.029733443973605268,0.019787439220606926,0.011773956867383762,-0.029733443973605268
0.16897290386259556,0.6288211829960346,0.4129511555656791,3.1202806330717886e-09,-0.02974236082933952,0.018354699622165228,0.025575856194160307,-0.02974236082933952
0.8259303420782089,0.593631187453866,0.43310851603746414,6.268516147086224e-08,-0.029765072916378157,0.017998242833802216,0.017704333434887486,-0.029765072916378157
0.9975443677976727,0.6078129736706614,0.38075664453208447,1.1217345408838643e-07,-0.029765254532643236,0.018340701989949845,0.013301444577324182,-0.029765254532643236
0.33716353587806225,0.5388092854991555,0.40703993663191795,3.5957505727741447e-07,-0.029768485320750715,0.02312976712651282,0.02811181057685481,-0.029768485320750715
0.35515424981713295,0.5395414382219315,0.40295321866869926,3.6679521040998615e-07,-0.029774409109810815,0.024127504624333808,0.02742385961419603,-0.029774409109810815
0.5730974217876792,0.636992946267128,0.3958078809082508,2.031217323120887e-08,-0.02977692268247595,0.017850909958729847,0.023019021441209705,-0.02977692268247595
0.9527003606781363,0.5953620094805956,0.43135748617351055,3.9098187951634165e-08,-0.02978284694677151,0.019061896848666417,0.01733295801516288,-0.02978284694677151
