x1,x2,x3,x4,x5,ensemble_ei,ensemble_mu_mean_model,ensemble_sigma_mean_model,ensemble_mu_std_model,ensemble_mu_mean_original_approx
0.18468850944191217,0.0066766561940312386,0.9646571576595306,0.9602554347366095,0.014516063034534454,0.0007745505799480498,-0.9054507421114707,0.3388586149666668,0.21122494389434304,-0.9054507421114707
0.018059544265270233,0.017315507866442204,0.9996640672907233,0.9819000791758299,0.050628951750695705,0.0007147583142203901,-1.0115059563282185,0.4000708081261131,0.22227738168085734,-1.0115059563282185
0.09934037458151579,0.025667231529951096,0.8464908506721258,0.989715407602489,0.023158893920481205,0.0006960873360422734,-0.9533264994996881,0.3572868987981013,0.21294979030805916,-0.9533264994996881
0.20418255310505629,0.04445654433220625,0.9334398675709963,0.9834926100447774,0.08120258618146181,0.0006957581046157075,-0.8279424825640873,0.3196293153970342,0.22310023952509908,-0.8279424825640873
0.19809609837830067,0.012838661670684814,0.8189946198835969,0.9524457631632686,0.041700972244143486,0.0006887877480118984,-0.8618282501588245,0.311100613911061,0.20917346534853187,-0.8618282501588245
0.25746001303195953,0.0005444018170237541,0.6667787097394466,0.9507112298160791,0.0033032409846782684,0.0006759315738220119,-0.8498294048189821,0.2758850693661385,0.21307200611404978,-0.8498294048189821
0.28641027864068747,0.05305368732661009,0.9203940853476524,0.9943613912910223,0.001308029517531395,0.0006698986398317001,-0.8075423908274935,0.2838368769342945,0.22216253538164654,-0.8075423908274935
0.24572052713483572,0.052414897829294205,0.942110744304955,0.9278101464733481,0.02759927324950695,0.0006625250491452753,-0.8139936145592279,0.2965223169928416,0.2114321967359658,-0.8139936145592279
0.16971801035106182,0.06559787038713694,0.9007319156080484,0.9446243802085519,0.016959156841039658,0.0006606944218725515,-0.8817133193962919,0.32548965391500695,0.21459682847414024,-0.8817133193962919
0.0026025986298918724,0.0822792099788785,0.935735915787518,0.9975036466494203,0.04330781381577253,0.0006592539492485587,-0.99658548938629,0.39308311237513116,0.23488805274386654,-0.99658548938629
0.18921389803290367,0.10203618463128805,0.994391568005085,0.9991379026323557,0.0748527655377984,0.000656131741187379,-0.8260733954672989,0.32771747639738286,0.22824030653958918,-0.8260733954672989
0.16291217505931854,0.0375583004206419,0.7878350270912051,0.9913041219115257,0.11648609023541212,0.0006464226990755629,-0.8504038085846531,0.32409494142631884,0.24064504343577142,-0.8504038085846531
0.15621127746999264,0.04691786039620638,0.7182496525347233,0.9696801099926233,0.012612404301762581,0.000637849148374838,-0.9008048802464327,0.31866612188364757,0.21574024749817902,-0.9008048802464327
0.11792710516601801,0.008016563020646572,0.8366914819926023,0.9843174666166306,0.19064809288829565,0.0006353474635941207,-0.9302620381468232,0.3555288569038443,0.23340395198521482,-0.9302620381468232
0.3322596987709403,0.015130801126360893,0.9886805880814791,0.9618353303521872,0.13294545281678438,0.0006301852063954172,-0.7084613595202471,0.2763434455373093,0.2537101441521275,-0.7084613595202471
0.1996369743719697,0.062484629452228546,0.876817474141717,0.9898669775575399,0.13248233031481504,0.000628902943243918,-0.8056405542586133,0.31264707712573386,0.23900146765303448,-0.8056405542586133
0.12349683977663517,0.057537361048161983,0.9060032488778234,0.9581400500610471,0.10755769349634647,0.0006273594363706905,-0.8835143931579978,0.3417174444975558,0.24601898767683625,-0.8835143931579978
0.15664061438292265,0.02018645964562893,0.9704773351550102,0.9509665491059422,0.21320717595517635,0.0006269610019917904,-0.9150464834495199,0.3473567486975947,0.22715587282173494,-0.9150464834495199
0.08300362341105938,0.03394065052270889,0.9695447105914354,0.8868783926591277,0.03249985072761774,0.000625741877813826,-0.9657795624836054,0.36591287140730083,0.21470689413572905,-0.9657795624836054
0.23827407136559486,0.02671442460268736,0.6869064774364233,0.9615719029679894,0.07916948106139898,0.000616898773969928,-0.7932860685995132,0.27943701778317687,0.2167320869612498,-0.7932860685995132
0.26539489906281233,0.045387040823698044,0.9541809177026153,0.9093729890882969,0.07636587042361498,0.0006168321458320812,-0.7653609666079584,0.2902936404142038,0.21882125588781426,-0.7653609666079584
0.28514353558421135,0.00444734375923872,0.8525438262149692,0.9383988110348582,0.16825959365814924,0.0006145893100207397,-0.7527129472331385,0.2883061996914882,0.23681748198761257,-0.7527129472331385
0.1514740213751793,0.01507260650396347,0.4893685011193156,0.9969458607956767,0.08548174798488617,0.0006130046088608434,-0.9028382332422623,0.31628605583953695,0.23472976445916555,-0.9028382332422623
0.1153173977509141,0.019639313220977783,0.723036115989089,0.9331940514966846,0.03460950683802366,0.0006114753364011461,-0.9318563257245515,0.33526903273053404,0.21615963926250706,-0.9318563257245515
0.11467375233769417,0.0934549942612648,0.7845158390700817,0.974065225571394,0.008018587715923786,0.0006082046641959949,-0.916791997193277,0.33956442682488264,0.22850972720472487,-0.916791997193277
0.14803287852555513,0.030260005965828896,0.9107668837532401,0.8889398612082005,0.06418398302048445,0.000607655961851844,-0.8907726462357405,0.33414090686381115,0.21972859332240766,-0.8907726462357405
0.22548939008265734,0.03888602461665869,0.9987314390018582,0.9185362346470356,0.19609564542770386,0.0006031843535647079,-0.8283088185707866,0.32084187316658974,0.23385048206125444,-0.8283088185707866
0.034399730153381824,0.04023355711251497,0.8727789623662829,0.894688056781888,0.0050401752814650536,0.000602777809758944,-1.0067962569214037,0.37900879923758213,0.2167759035654243,-1.0067962569214037
0.3215464847162366,0.028333877213299274,0.9515512976795435,0.939866122789681,0.09050532709807158,0.0006026110959344099,-0.7144868862893441,0.2679373885672598,0.22904082503274736,-0.7144868862893441
0.0649013938382268,0.22773402743041515,0.9531030096113682,0.9844614751636982,0.00609531719237566,0.0006024585223013253,-0.9288201386121312,0.3686688835067537,0.2630442078249268,-0.9288201386121312
0.014673860743641853,0.003688165917992592,0.94303975161165,0.9921270804479718,0.22592026833444834,0.000601419509020959,-1.0447379565563297,0.40263442232275687,0.22502117530158772,-1.0447379565563297
0.30487116891890764,0.03533279895782471,0.8949587345123291,0.9694776656106114,0.2088368460536003,0.0006011925732139798,-0.7452525363673255,0.2937414383248088,0.2329685843998876,-0.7452525363673255
0.09044959861785173,0.011924988590180874,0.6514151180163026,0.9712993437424302,0.1055472195148468,0.0006010239514781197,-0.9289275588297626,0.34688336921099777,0.253135143647419,-0.9289275588297626
0.34744419250637293,0.0050422269850969315,0.9228990422561765,0.9017608305439353,0.019322678446769714,0.0005984448715964058,-0.7552975102297619,0.2569208314983766,0.22472941204422558,-0.7552975102297619
0.23345667403191328,0.01545848697423935,0.9214312601834536,0.8219102267175913,0.02473480347543955,0.0005980341502805864,-0.8532619480827222,0.3117663113043083,0.20266780763572698,-0.8532619480827222
0.21236056089401245,0.0033617429435253143,0.6875435942783952,0.8766374168917537,0.02974681928753853,0.0005980298621224754,-0.8627739093355384,0.2953132913103343,0.20502314568168734,-0.8627739093355384
0.04744373168796301,0.03847567085176706,0.7451941920444369,0.9636605847626925,0.04876368958503008,0.0005978303547648846,-0.96821925789725,0.36197987754404914,0.23091990089485448,-0.96821925789725
0.06119619309902191,0.13241972401738167,0.9828677587211132,0.9612030014395714,0.06667568162083626,0.0005963624081906122,-0.9277508106988351,0.36809248096047215,0.24951209722747528,-0.9277508106988351
0.31105118058621883,0.022400446236133575,0.8310962645336986,0.9633045420050621,0.1179334195330739,0.0005934225268576557,-0.7097211048209747,0.2603183728493334,0.22981107040809112,-0.7097211048209747
0.23130526673048735,0.0045036571100354195,0.35200721956789494,0.9735093470662832,0.11318354867398739,0.0005900591515355604,-0.8566721741460644,0.2903304478335035,0.24772273186686297,-0.8566721741460644
0.21906528435647488,0.020568138919770718,0.8064327593892813,0.8967533418908715,0.09945521224290133,0.000589644522180187,-0.8048591794203417,0.2970907081032038,0.2268210549629424,-0.8048591794203417
0.05562260374426842,0.009343808516860008,0.8757664412260056,0.9262553118169308,0.12181159481406212,0.000588917595340287,-0.960145859332516,0.3678840151804671,0.2587904662909432,-0.960145859332516
0.2695889640599489,0.014504923485219479,0.7933574132621288,0.878326216712594,0.0543507244437933,0.0005876386918166353,-0.7822478998447133,0.27398323175523204,0.2045740887400418,-0.7822478998447133
0.21294317860156298,0.07116598263382912,0.7570224879309535,0.9680609591305256,0.051953697577118874,0.0005863307616840888,-0.8081144709791453,0.2885689195950933,0.2120999088413884,-0.8081144709791453
0.24985967203974724,0.07244279608130455,0.9825355485081673,0.8375415178015828,0.006671515293419361,0.0005861995758042612,-0.825314811292417,0.30745160779476777,0.21287837485458713,-0.825314811292417
0.18326918222010136,0.05081299412995577,0.7780375508591533,0.9820535508915782,0.15994105953723192,0.0005860407060765253,-0.8266215504827054,0.31472105658492827,0.23921958968750956,-0.8266215504827054
0.23293506912887096,0.008937746286392212,0.6303088795393705,0.9395802263170481,0.13048735354095697,0.0005856329567964868,-0.7940081051873789,0.2832639114283454,0.24253427623522367,-0.7940081051873789
0.13705970719456673,0.06091276649385691,0.8377122469246387,0.9199948105961084,0.054855816066265106,0.0005855719668018036,-0.8835845410033548,0.3275492409502121,0.22161620702921864,-0.8835845410033548
0.04233398847281933,0.007590213790535927,0.5062446594238281,0.994737770408392,0.07077965699136257,0.0005850193065801095,-0.9948392065014857,0.36016023092928606,0.23773959292383526,-0.9948392065014857
0.07734075095504522,0.0023299260064959526,0.7789363199844956,0.9184437924996018,0.08674159087240696,0.0005849053244951974,-0.9474574490479434,0.35651195000987307,0.24136481042697386,-0.9474574490479434
0.09673090279102325,0.039638254791498184,0.9118215041235089,0.9527805726975203,0.18229742720723152,0.0005823961867161886,-0.9346867695127149,0.3556484164788642,0.2420651884226963,-0.9346867695127149
0.12749196216464043,0.03365613333880901,0.7240869961678982,0.9945861855521798,0.21132641658186913,0.0005810331605798369,-0.9191769865771715,0.34545722375794713,0.23037548653549145,-0.9191769865771715
0.22675540018826723,0.058565475046634674,0.5645342888310552,0.9931147238239646,0.039568427950143814,0.0005806424487172808,-0.8270678523632108,0.2652094735112992,0.21165869491042405,-0.8270678523632108
0.04842937830835581,0.29083277843892574,0.9906845670193434,0.9515608819201589,0.0019680727273225784,0.0005783534384477128,-0.940239813725448,0.371258522320177,0.2727249598157416,-0.940239813725448
0.17775729205459356,0.0972271952778101,0.8507398376241326,0.9757032981142402,0.10232854541391134,0.000575676491648007,-0.8091353081547564,0.3125717508906307,0.23704086375180428,-0.8091353081547564
0.13739921431988478,0.12747912388294935,0.9844656391069293,0.9931355072185397,0.16972460318356752,0.0005752499293356251,-0.8607430829810212,0.3407396469705168,0.2507221099542447,-0.8607430829810212
0.12794689927250147,0.03566127084195614,0.9527094662189484,0.8612948814406991,0.06707616522908211,0.0005748369141093862,-0.9119578347375562,0.3432815480693066,0.22264997939822678,-0.9119578347375562
0.2682923013344407,0.05860919412225485,0.9796107551082969,0.9313572039827704,0.15111322980374098,0.0005736097519211638,-0.7440951656565367,0.29274139981727254,0.24274796307618407,-0.7440951656565367
0.09365122020244598,0.06991933193057775,0.8400539485737681,0.9340597670525312,0.06964959017932415,0.0005718749263818716,-0.9104001105889705,0.34476811787871525,0.23634283348245003,-0.9104001105889705
0.2777675101533532,0.03142222762107849,0.585667229257524,0.9822478331625462,0.12007333990186453,0.0005716430894389347,-0.7450420118799927,0.25521680936832375,0.23077046157288533,-0.7450420118799927
0.172554362565279,0.07941404171288013,0.9065653998404741,0.9666004572063684,0.19318404980003834,0.0005713920576091222,-0.8495636142331213,0.3261876400628255,0.23172109277480635,-0.8495636142331213
0.17724149115383625,0.039190175011754036,0.6563256187364459,0.9316125139594078,0.06597320083528757,0.0005712212308276002,-0.8507128326095517,0.3008575194676164,0.2215034343654923,-0.8507128326095517
0.20897251088172197,0.01844039373099804,0.14229767490178347,0.9875034876167774,0.008071995340287685,0.0005708224171692757,-0.9892333655619823,0.322730569689135,0.23326259699316615,-0.9892333655619823
0.1320862267166376,0.08889131061732769,0.9738405244424939,0.9045445648953319,0.09201627131551504,0.0005692068268727824,-0.8724787848494369,0.33651097630419935,0.24201149201226577,-0.8724787848494369
0.2766829049214721,0.01953853666782379,0.9317924603819847,0.8403459349647164,0.07338031567633152,0.0005683758446184352,-0.7738927097029317,0.2896058731290786,0.21418356156280186,-0.7738927097029317
0.2297758385539055,0.10970461368560791,0.8800613349303603,0.9121911898255348,0.0036698970943689346,0.0005673437236185009,-0.8123022236323766,0.2956343345678606,0.2200844631125699,-0.8123022236323766
0.17060190718621016,0.008311868645250797,0.5911979228258133,0.900077810510993,0.05674396641552448,0.0005665171591574387,-0.886082256412535,0.30564303638397805,0.21835295011223618,-0.886082256412535
0.06292551197111607,0.024144399911165237,0.8866093875840306,0.8628876227885485,0.03546636365354061,0.0005663884988982615,-0.9801760167700901,0.36534328068329713,0.21567426302816123,-0.9801760167700901
0.1356714954599738,0.012212843634188175,0.9049522196874022,0.8952689161524177,0.1457167537882924,0.000566031880507552,-0.897592625482087,0.3354072206867329,0.25049514756338886,-0.897592625482087
0.2762260530143976,0.018506206572055817,0.6413719691336155,0.959961430169642,0.21087019331753254,0.0005645082632014251,-0.7777984280385258,0.2869407931696709,0.22450943835586773,-0.7777984280385258
0.2413016352802515,0.035396745428442955,0.39552967343479395,0.9419364407658577,0.010204535908997059,0.0005640195988720155,-0.8805524799111711,0.2640927552643031,0.21383682095596027,-0.8805524799111711
0.11313295271247625,0.10686025023460388,0.9727894207462668,0.9683956438675523,0.16130393743515015,0.0005636183884693091,-0.8858003579003063,0.34550179987788604,0.2558599563269169,-0.8858003579003063
0.06965015456080437,0.043539050966501236,0.6000890601426363,0.9402201985940337,0.021003718487918377,0.0005628471887087307,-0.9710343514100694,0.34193686647189303,0.2242759558940417,-0.9710343514100694
0.0806958694010973,0.16873627342283726,0.8890852611511946,0.9688111124560237,0.02513564471155405,0.000562079988603539,-0.9107847783675769,0.352876449696372,0.24935529898962328,-0.9107847783675769
0.074503468349576,0.07206809800118208,0.7134816823527217,0.9869190137833357,0.11287074163556099,0.0005602290608837987,-0.9104870470612931,0.3483398443714508,0.26401431262854963,-0.9104870470612931
0.21057578176259995,0.03061069082468748,0.8717551091685891,0.958781935274601,0.2482762187719345,0.0005600146609786264,-0.8740965792085567,0.32914805644643946,0.22370942150524764,-0.8740965792085567
0.2739517530426383,0.03055256325751543,0.3728979229927063,0.9863236369565129,0.03279975522309542,0.0005593583675986635,-0.848588317497636,0.24236416639874608,0.2135930963555929,-0.848588317497636
0.23597645852714777,0.022344229742884636,0.33056374080479145,0.9983853967860341,0.16348964720964432,0.0005591009085097163,-0.8523444739027464,0.29882483474010574,0.24758819135762328,-0.8523444739027464
0.009470888413488865,0.04794585891067982,0.7527723349630833,0.9503265619277954,0.07256124541163445,0.0005577538916809653,-0.9813940702603833,0.3742814529497315,0.2504134351292697,-0.9813940702603833
0.03918962460011244,0.0746279377490282,0.9388372097164392,0.9106251550838351,0.09691185504198074,0.0005569183567319953,-0.9542168972391499,0.36937986448227655,0.25758379964087585,-0.9542168972391499
0.27291840221732855,0.06782767828553915,0.7298523243516684,0.966314566321671,0.028202496469020844,0.0005562166378764085,-0.7720194621660178,0.25150369091290214,0.20584605474901568,-0.7720194621660178
0.14966511446982622,0.002766859717667103,0.52346087154001,0.9630187144502997,0.15814445074647665,0.000555328974255645,-0.8973113071490638,0.32258832008655475,0.25661967415903203,-0.8973113071490638
0.10803804267197847,0.12408916186541319,0.9669540142640471,0.9425202030688524,0.11097496561706066,0.0005549134673060605,-0.8741759369975713,0.342343063604213,0.26022486750060925,-0.8741759369975713
0.06435502227395773,0.02958650514483452,0.6572543540969491,0.9922917503863573,0.1802793424576521,0.0005547778497238213,-0.957075889972587,0.3617205344885388,0.2549778805780155,-0.957075889972587
0.25474291760474443,0.07336534094065428,0.8573742415755987,0.8939260961487889,0.039212318137288094,0.0005528541233274679,-0.7753384804595838,0.27667352375308113,0.20399204769003523,-0.7753384804595838
0.08639158587902784,0.05011793412268162,0.42326836101710796,0.9987219721078873,0.0541622806340456,0.0005515497673633554,-0.9653389962525751,0.3338899297543067,0.22946948859252397,-0.9653389962525751
0.05435472074896097,0.018840395845472813,0.7720137275755405,0.8550722962245345,0.00024293363094329834,0.0005503392833982662,-1.0054209876097253,0.3682930938058967,0.21205616015944287,-1.0054209876097253
0.08036399353295565,0.015744119882583618,0.7887368509545922,0.9286941308528185,0.13707539811730385,0.0005500008622676439,-0.93374083109688,0.35041147876869194,0.26130622086049077,-0.93374083109688
0.2510664416477084,0.04913655947893858,0.6071281423792243,0.9915370931848884,0.17039189580827951,0.0005496171356993399,-0.7654099809594729,0.2809894942811813,0.23130560863049404,-0.7654099809594729
0.1423758352175355,0.1415562555193901,0.9473728416487575,0.9711899161338806,0.11842344235628843,0.0005474634801008863,-0.8313749625570871,0.3286669294390677,0.257299364385898,-0.8313749625570871
0.03667343221604824,0.027269613929092884,0.9323852434754372,0.9208807116374373,0.16425934620201588,0.0005468822093378337,-0.9834449774594107,0.3749073934485117,0.2571210316651267,-0.9834449774594107
0.25060386024415493,0.05140103679150343,0.8196673719212413,0.871913849376142,0.04950463864952326,0.0005464666806650795,-0.7831534736734515,0.27791800086502677,0.20167601987235725,-0.7831534736734515
0.020302372984588146,0.03456599358469248,0.8055309318006039,0.9605921460315585,0.15503992326557636,0.0005456230480889232,-0.9781578636375164,0.3757274851428224,0.26677933514972746,-0.9781578636375164
0.13977687899023294,0.11517745349556208,0.6551922541111708,0.9853114606812596,0.018961748108267784,0.0005454407031173586,-0.879216904758737,0.3160480265591861,0.23471354047625026,-0.879216904758737
0.10164476744830608,0.07598623912781477,0.7747336514294147,0.9999628877267241,0.21555211674422026,0.0005445414804715882,-0.926823232050196,0.3512636635321595,0.23577733712435717,-0.926823232050196
0.2899335492402315,0.09553671255707741,0.9588868860155344,0.9850785527378321,0.19760755822062492,0.0005444524371790406,-0.7264151459774187,0.29378670278618846,0.2331313000609184,-0.7264151459774187
0.001779729500412941,0.031188947148621082,0.6182022830471396,0.9097594451159239,0.006951463408768177,0.0005436531305572262,-1.0316094509944465,0.3731778733900295,0.22425694005439642,-1.0316094509944465
0.18286864180117846,0.133660732768476,0.9271969757974148,0.933063255622983,0.052886009216308594,0.0005426598025942945,-0.8146881202624483,0.3119404553598799,0.22535843133345904,-0.8146881202624483
0.12912497576326132,0.01626843772828579,0.533256440423429,0.9381353296339512,0.1147428983822465,0.000542328797089097,-0.9024277451610498,0.3214427999997886,0.2573799633360029,-0.9024277451610498
0.2609041752293706,0.016715959645807743,0.24556396901607513,0.936638337559998,0.020813374780118465,0.0005416308278129801,-0.9086520535847904,0.27546765386275696,0.2256521305638037,-0.9086520535847904
0.13124311156570911,0.028392034582793713,0.4522356642410159,0.9749469682574272,0.12795711867511272,0.0005415637597939733,-0.9080093016835035,0.3228727924818415,0.2598072751008927,-0.9080093016835035
0.1674751089885831,0.11127653811126947,0.840955757535994,0.9976572431623936,0.1838661367073655,0.0005413869350254779,-0.8287075146672604,0.3226237596820391,0.2371087738007568,-0.8287075146672604
0.17342787608504295,0.022725909017026424,0.38520051166415215,0.9119418123736978,0.024340535514056683,0.0005408481855119971,-0.9350971433614526,0.3018810813505573,0.21287808003706918,-0.9350971433614526
0.29868246894329786,0.011885366402566433,0.942660472355783,0.7554048029705882,0.004150555469095707,0.0005407698234513583,-0.8329280891280658,0.30640144222590143,0.20840135863140066,-0.8329280891280658
0.19690512027591467,0.06889120489358902,0.6265756515786052,0.8922560699284077,0.0019111931324005127,0.0005385797175383922,-0.864357971275377,0.2923790804686708,0.2163842190201665,-0.864357971275377
0.30235598236322403,0.11295170988887548,0.9843050260096788,0.9787576356902719,0.03011353500187397,0.0005382824101500944,-0.7383049396384146,0.268442318183035,0.2200916266079428,-0.7383049396384146
0.06656867358833551,0.1008128933608532,0.9074943885207176,0.9025248140096664,0.061307271011173725,0.0005382472244784888,-0.930343637308505,0.3550290865864226,0.24129267351449726,-0.930343637308505
0.02480623684823513,0.11414552293717861,0.8156762402504683,0.9659605985507369,0.08379196375608444,0.0005372292399565061,-0.9411955347738145,0.3678830862224555,0.2670870948261056,-0.9411955347738145
0.058158562518656254,0.06469563953578472,0.5702643636614084,0.9791036797687411,0.08591662533581257,0.0005338976012240625,-0.9408256241401101,0.34690410104937036,0.25769962707937927,-0.9408256241401101
0.17921182420104742,0.017053538002073765,0.924484227783978,0.9935978120192885,0.2957971664145589,0.0005334984613483328,-0.9530784385985708,0.35847373919523806,0.2263884428095692,-0.9530784385985708
0.000672459602355957,0.16190846171230078,0.9942966513335705,0.874023019336164,0.013871915638446808,0.0005334426049593382,-0.9970381031631803,0.38694906404264384,0.24764399463715894,-0.9970381031631803
0.052100338973104954,0.09188354853540659,0.9954426754266024,0.9365156292915344,0.17939536832273006,0.000532158545446463,-0.9593712277518448,0.36758198154086924,0.25581514748240636,-0.9593712277518448
0.29409997537732124,0.02406672015786171,0.7086450634524226,0.89506646245718,0.07424095924943686,0.0005301853454110766,-0.7370524488110487,0.25003666028135624,0.20658262042945313,-0.7370524488110487
0.2828422272577882,0.009001633152365685,0.1290058484300971,0.9746911218389869,0.08808957412838936,0.0005284304748939394,-0.8904409723483552,0.28845173741739144,0.26576644513213443,-0.8904409723483552
0.2155525740236044,0.11914755031466484,0.9377825409173965,0.974216909147799,0.14859586860984564,0.0005282431669935412,-0.7657217961542093,0.30325819077595034,0.24213869739104288,-0.7657217961542093
0.2967111701145768,0.03315713908523321,0.9444546969607472,0.9570516413077712,0.2826494453474879,0.000527733423591788,-0.8227847952535885,0.3204420846184878,0.25235753227742774,-0.8227847952535885
0.32809230498969555,0.046744865365326405,0.7588863456621766,0.9929123297333717,0.2360523920506239,0.0005270424987245319,-0.7292076759940156,0.28220258954439836,0.2290617465713895,-0.7292076759940156
0.14920061826705933,0.004058648832142353,0.7996911657974124,0.8297199001535773,0.05979515518993139,0.0005248538473193151,-0.9075380768479525,0.32681916513031434,0.21284901401683207,-0.9075380768479525
0.2010665126144886,0.055699750781059265,0.6672074403613806,0.873154466971755,0.026745262555778027,0.0005241443118756759,-0.8461554935288725,0.28806314199521865,0.20784637954488297,-0.8461554935288725
0.18775948509573936,0.025901097804307938,0.7966401390731335,0.9701593834906816,0.26029812823981047,0.0005234958436272126,-0.9039865922446572,0.335239868390992,0.2216285540094415,-0.9039865922446572
0.066145034506917,0.01947613898664713,0.3243271904066205,0.9676729422062635,0.07703871373087168,0.0005219266936723395,-1.0059106138373042,0.35727408045202597,0.2413669300585452,-1.0059106138373042
0.24723147973418236,0.007271479815244675,0.7536711078137159,0.8874573353677988,0.17318775784224272,0.00052154602621372,-0.7900479225122403,0.2902526226378191,0.23013336184127234,-0.7900479225122403
0.085472765378654,0.10296499729156494,0.5389857068657875,0.9558705538511276,0.009769662283360958,0.0005213350938578419,-0.9455961127482009,0.33232555494342236,0.23836481020284614,-0.9455961127482009
0.03149944543838501,0.09629825968295336,0.682137698866427,0.9480570750311017,0.04534880165010691,0.0005200902722485107,-0.9561963910079928,0.35568734374080224,0.251750039770185,-0.9561963910079928
0.15288191568106413,0.1207495154812932,0.7737097274512053,0.9356296183541417,0.03874562308192253,0.000519846082583056,-0.8462232908087706,0.31046056047293846,0.22942938029177348,-0.8462232908087706
0.1901607969775796,0.03498391713947058,0.5600366909056902,0.9081740947440267,0.10144279804080725,0.000519240499993025,-0.8336950456716837,0.2908531463338481,0.23920322441722744,-0.8336950456716837
0.0465707927942276,0.05530439969152212,0.29298714455217123,0.9752816455438733,0.018648941069841385,0.0005191449105458671,-1.0399606093830582,0.36176124423955325,0.22028653378498292,-1.0399606093830582
0.16558672953397036,0.059258089400827885,0.9228366455063224,0.7900246707722545,0.011519013904035091,0.0005181112144259906,-0.9112019721257982,0.33244452120937595,0.20156653619142523,-0.9112019721257982
0.19366592075675726,0.028041349723935127,0.27256608474999666,0.9353821463882923,0.05909105855971575,0.0005176289414724408,-0.9226556025185688,0.3055573963357572,0.22968888100044998,-0.9226556025185688
0.15843075327575207,0.024481344036757946,0.012572940438985825,0.9796938756480813,0.043132335878908634,0.0005173267649283405,-1.0370303111010108,0.3538116850832207,0.25615561423090727,-1.0370303111010108
0.019029108807444572,0.28032332472503185,0.7370825354009867,0.9939998397603631,0.00020175427198410034,0.0005168317056448124,-0.940551556169932,0.3684425643825713,0.3019015249720152,-0.940551556169932
0.1506081372499466,0.07176086772233248,0.9680086793377995,0.8796689733862877,0.135460683144629,0.0005167560171640984,-0.8601397930659259,0.3236343708946221,0.25104368812322675,-0.8601397930659259
0.00402199849486351,0.10021753329783678,0.8684519585222006,0.9449609778821468,0.12622917257249355,0.0005165627055271957,-0.9610164503793841,0.3736110766231506,0.28256806775789906,-0.9610164503793841
0.2218415243551135,0.09241174068301916,0.7489701621234417,0.9459261950105429,0.07672591041773558,0.0005161409001390973,-0.7682487173184797,0.280740904003566,0.2176793335238062,-0.7682487173184797
0.11973637714982033,0.0054287780076265335,0.1776066217571497,0.9463428370654583,0.052007101476192474,0.0005160633031833688,-1.0229970606115553,0.3521688677692644,0.23747272543046272,-1.0229970606115553
0.13650684710592031,0.07283439859747887,0.4263130063191056,0.9812996126711369,0.07034477964043617,0.0005157727287605408,-0.9028116503685066,0.3116951415935742,0.23488864226279763,-0.9028116503685066
0.16496781911700964,0.1313879070803523,0.5506551973521709,0.9898229110985994,0.0028137508779764175,0.0005155494199157502,-0.8724004421518464,0.30493592642689776,0.2387755883163293,-0.8724004421518464
0.05286026373505592,0.021210760809481144,0.5590166077017784,0.968855238519609,0.15328123420476913,0.0005150531990197148,-0.9646484142842519,0.35621513185598785,0.27207641792307474,-0.9646484142842519
0.03652465436607599,0.16330947633832693,0.7685768222436309,0.992251506075263,0.06037826742976904,0.0005141148386771663,-0.9209778089468129,0.36172666186357616,0.27247874301054087,-0.9209778089468129
0.03856160305440426,0.08465882856398821,0.8350702207535505,0.8707227110862732,0.031003449112176895,0.0005139456528659026,-0.9715580612745168,0.3606334863382317,0.23288884053509087,-0.9715580612745168
0.13479029387235641,0.17220901977270842,0.8041275218129158,0.9396162461489439,0.0008185356855392456,0.000512855540619333,-0.8710362994523319,0.3276025755911329,0.24899688482719085,-0.8710362994523319
0.1574835954234004,0.08080812823027372,0.44911338947713375,0.9275617208331823,0.007249011658132076,0.0005127311000095662,-0.915377911297144,0.30041790239105465,0.22129247941713487,-0.915377911297144
0.1257955813780427,0.04667904507368803,0.25822513550519943,0.9653711142018437,0.045035998336970806,0.0005121542771961699,-0.9810472083633159,0.3341327584325458,0.22704574718686527,-0.9810472083633159
0.11735109053552151,0.1766489716246724,0.9853643337264657,0.9307688185945153,0.08481249399483204,0.0005107021736916788,-0.8545397085166112,0.33760724604775005,0.25816524297766047,-0.8545397085166112
0.05125734303146601,0.02344571426510811,0.45455166324973106,0.944234455935657,0.10405672993510962,0.0005103479644907598,-0.9785769535548272,0.3509563096580055,0.2630818956934793,-0.9785769535548272
0.038045684807002544,0.07837841380387545,0.6230191010981798,0.98448646068573,0.12837673351168633,0.0005097146633190765,-0.9389025982153325,0.3562038355234062,0.2823828199984656,-0.9389025982153325
0.24948098603636026,0.010529720224440098,0.233251566067338,0.9162575956434011,0.06945885345339775,0.0005092533341183786,-0.8905722300207107,0.28734259286671865,0.24035796985796573,-0.8905722300207107
0.15477029513567686,0.05368661601096392,0.989840678870678,0.8549207244068384,0.1407477054744959,0.0005089906212225477,-0.872639647502021,0.3254503561542613,0.24819827194012797,-0.872639647502021
0.23902814276516438,0.04635539185255766,0.8310337448492646,0.8534833677113056,0.09448804147541523,0.0005088455593382972,-0.7760103174956348,0.28498068617010114,0.21612019228765947,-0.7760103174956348
0.030242388136684895,0.00015406589955091476,0.42002477031201124,0.9061816716566682,0.03702506795525551,0.0005085460218987542,-1.0390563318222155,0.3611163277806549,0.2207036369462974,-1.0390563318222155
0.2124171294271946,0.03304592426866293,0.9917708784341812,0.7095480468124151,0.0011500958353281021,0.0005080939238494201,-0.9242520938516872,0.3433798750494723,0.19409001448349766,-0.9242520938516872
0.240428002551198,0.09586937259882689,0.9366649081930518,0.9341523228213191,0.21025748923420906,0.0005075911010163519,-0.7832509848400656,0.30318137937775086,0.22699785444866252,-0.7832509848400656
0.03248230181634426,0.35562981851398945,0.9295668937265873,0.9671758357435465,0.028820430859923363,0.0005075790233553638,-0.9287542492049944,0.3614340630852984,0.2822583504025594,-0.9287542492049944
0.19145807065069675,0.016650176607072353,0.7441433081403375,0.9015279188752174,0.19822032190859318,0.0005072090864193507,-0.8589484880537779,0.31188787014232566,0.22598044242910562,-0.8589484880537779
0.019657690078020096,0.15595741849392653,0.8917079893872142,0.8762776050716639,0.010874270461499691,0.0005051148902868975,-0.975299754184612,0.3714372223941268,0.25075711382508176,-0.975299754184612
0.05243985168635845,0.22143818717449903,0.8306414606049657,0.9766479888930917,0.03352066408842802,0.0005048470424772799,-0.9081770955925491,0.35534579294959434,0.27588452628304444,-0.9081770955925491
0.07170675974339247,0.13712554518133402,0.8624170171096921,0.9377645822241902,0.09390361793339252,0.0005047281036275744,-0.8935978797725167,0.34666583657701855,0.26685177391887877,-0.8935978797725167
0.07884206343442202,0.09107743203639984,0.9477127408608794,0.847284291870892,0.05841723270714283,0.0005040611360089558,-0.9363401220950215,0.3515754769205179,0.2317172923528187,-0.9363401220950215
0.1997323464602232,0.128104941919446,0.7891638176515698,0.9096228694543242,0.01785713993012905,0.0005038586459540764,-0.8135046417291967,0.29245649837240323,0.22201566325960145,-0.8135046417291967
0.05071205087006092,0.10623484943062067,0.8087755003944039,0.8790882425382733,0.02603794913738966,0.0005038168198160827,-0.9537868993942509,0.35285680027624616,0.23837370313680953,-0.9537868993942509
0.1454358771443367,0.08332258649170399,0.5972732352092862,0.9537358609959483,0.10449160356074572,0.0005033827015235397,-0.844309275461699,0.3078469428978094,0.2537244048907645,-0.844309275461699
0.29718045704066753,0.010593636892735958,0.7340577347204089,0.8887150613591075,0.14896544162184,0.0005025945271727141,-0.7227181731040896,0.26081991953163575,0.23380889162472507,-0.7227181731040896
0.31361121498048306,0.050738463178277016,0.6774890730157495,0.9187996564432979,0.017571860924363136,0.0005023499019659375,-0.7513311758876888,0.22597120404325796,0.20451563533184486,-0.7513311758876888
0.334374139085412,0.002701099030673504,0.024854829534888268,0.9981296006590128,0.1233931053429842,0.0005021711363002492,-0.8806893992686011,0.2872560556565679,0.30235827373036156,-0.8806893992686011
0.23954023327678442,0.0405479995533824,0.6173043148592114,0.9711458571255207,0.24613606370985508,0.0005019095322974144,-0.8319958293859618,0.30530744022858847,0.22490434975484933,-0.8319958293859618
0.2678841333836317,0.1258011730387807,0.8152844160795212,0.9837577175348997,0.015004096552729607,0.0005014476487467656,-0.760737808572981,0.2660185067743469,0.21818210562981688,-0.760737808572981
0.2461518533527851,0.06386832986027002,0.29090483486652374,0.9891092190518975,0.1058600265532732,0.0005012025426376841,-0.8300776741793817,0.2803369602241042,0.24111062631645616,-0.8300776741793817
0.10034825466573238,0.07998079434037209,0.6620710752904415,0.9175475649535656,0.05951067712157965,0.0005004399419228721,-0.9018129698374434,0.326746649732083,0.2404011321234332,-0.9018129698374434
0.16756284423172474,0.2003343654796481,0.989156698808074,0.9174280362203717,0.04067685082554817,0.0004996010238359457,-0.8208250908513223,0.32043821843351067,0.24033800775538644,-0.8208250908513223
0.37569335103034973,0.05334054213017225,0.9721368569880724,0.982663600705564,0.27775390073657036,0.0004980786832180056,-0.7444354580692246,0.3012177334346596,0.2769651424727176,-0.7444354580692246
0.11630126740783453,0.2760407915338874,0.977545621804893,0.9211238361895084,0.016221467405557632,0.0004979548234625794,-0.87060992987494,0.33850286403850816,0.2616926773551883,-0.87060992987494
0.10272437892854214,0.011580614373087883,0.300244951620698,0.8827470056712627,0.001491578295826912,0.0004978660623649734,-1.033882115628384,0.3510785294935161,0.21218795561021586,-1.033882115628384
0.22633249033242464,0.09547858126461506,0.45759526919573545,0.957566543482244,0.021438592113554478,0.0004971185552125609,-0.834859670915517,0.25866048231351674,0.21629255610973003,-0.834859670915517
0.0048421574756503105,0.21317060943692923,0.9536648923531175,0.8918772460892797,0.020150880329310894,0.0004970838802079127,-0.9711285806371305,0.377809317181864,0.2670208241024217,-0.9711285806371305
0.07093613967299461,0.11587604694068432,0.48533301427960396,0.9831174528226256,0.04000330530107021,0.0004968203402568198,-0.9409739755964879,0.3342406381434695,0.24715950076276003,-0.9409739755964879
0.18101459182798862,0.11848472524434328,0.9857576983049512,0.8056433834135532,0.01981858443468809,0.0004966816582382541,-0.8674204639129897,0.3235169715580706,0.21116762329729089,-0.8674204639129897
0.01662816572934389,0.08797393087297678,0.555284102447331,0.9253590786829591,0.024042987264692783,0.0004964184488683861,-0.9924698871919351,0.35432552675434825,0.24476563039274118,-0.9924698871919351
0.3094253120943904,0.026650515384972095,0.18561462219804525,0.9966523982584476,0.13938737846910954,0.0004963139309707897,-0.8268107888556614,0.27313870351634384,0.26748173071944104,-0.8268107888556614
0.3624119143933058,0.06330827437341213,0.9849627604708076,0.8861145749688148,0.011999640613794327,0.0004962885605655636,-0.7200285555285768,0.25235703236618334,0.22952714273467473,-0.7200285555285768
0.39247508253902197,0.0015762187540531158,0.8665852509438992,0.9690800309181213,0.06814131326973438,0.0004960681751447946,-0.6842686401224863,0.22519755018012266,0.22496294064680142,-0.6842686401224863
0.07929316908121109,0.08954531699419022,0.7193037373945117,0.9766768561676145,0.16319210268557072,0.0004957418537754697,-0.9054229362696874,0.34439725400855137,0.2678785486903832,-0.9054229362696874
0.330627266317606,0.06018111668527126,0.7998746791854501,0.970920997671783,0.036346435546875,0.0004945449389008844,-0.7192700028661231,0.22584235749595,0.2028331867979132,-0.7192700028661231
0.14173115603625774,0.043098779395222664,0.8475147001445293,0.9263458410277963,0.2310930546373129,0.0004944184463418448,-0.9228559911042131,0.33460587751588555,0.223415478821048,-0.9228559911042131
0.013043946586549282,0.014147608540952206,0.03976086061447859,0.9541582250967622,0.016783682629466057,0.0004938980746940326,-1.139327789667411,0.403426075088278,0.2298586166861736,-1.139327789667411
0.061905681155622005,0.12241982202976942,0.3570049377158284,0.9909308720380068,0.012299597263336182,0.0004932840662185078,-0.9902772782657933,0.35223818918721633,0.23748312147958023,-0.9902772782657933
0.03107775468379259,0.0685920249670744,0.8791288109496236,0.9765263665467501,0.24300893861800432,0.0004925980520110697,-1.016327393809803,0.37997226159710495,0.2330384112859409,-1.016327393809803
0.29077654518187046,0.0388221675530076,0.4997820742428303,0.883426652289927,0.022854109294712543,0.0004925389197504371,-0.7979262602867861,0.23180984443825026,0.20323837718606014,-0.7979262602867861
0.19581786449998617,0.0006101923063397408,0.16771559137851,0.9782219370827079,0.21562077943235636,0.0004919211930728278,-0.9785696887965492,0.33952351986564516,0.2502200944191048,-0.9785696887965492
0.13292120303958654,0.06432287488132715,0.8627485642209649,0.814104937016964,0.033912683837115765,0.0004918444899232523,-0.9129033390504607,0.329026739247892,0.20928971234029048,-0.9129033390504607
0.07797779887914658,0.1862366059795022,0.9261761363595724,0.994717039167881,0.2003884231671691,0.0004911602664999101,-0.9073478429254481,0.35203984726541465,0.2617142657359588,-0.9073478429254481
0.26125600188970566,0.08006193116307259,0.9957949537783861,0.8247262742370367,0.08265979401767254,0.00049095304620805,-0.7615010551849147,0.2928668734123801,0.2158105516241538,-0.7615010551849147
0.034983376041054726,0.1463812282308936,0.9575165994465351,0.940195175819099,0.14139209128916264,0.0004906989154183224,-0.9315883944407407,0.3626576370143619,0.28444436427767117,-0.9315883944407407
0.045403569005429745,0.18983127176761627,0.9217625167220831,0.9455689182505012,0.08962368965148926,0.0004906146605527827,-0.9058759009967248,0.3587722904782447,0.2816077428148265,-0.9058759009967248
0.1043876688927412,0.0005609272047877312,0.9888165015727282,0.7915788143873215,0.10469612199813128,0.0004904761093626626,-0.9586274256073628,0.354793385999271,0.23475360263241546,-0.9586274256073628
0.022063901647925377,0.04577311500906944,0.20876403898000717,0.9857006734237075,0.10227513778954744,0.0004903119791405515,-1.049297755477964,0.38244563964603273,0.26292329196987957,-1.049297755477964
0.25924576073884964,0.027983132749795914,0.7719048745930195,0.9002720871940255,0.2218322828412056,0.0004902349552399405,-0.7983972528765183,0.2944970045444453,0.2206406864433495,-0.7983972528765183
0.3615460302680731,0.006620372645556927,0.46360297594219446,0.9877664921805263,0.20455577690154314,0.000490062262680211,-0.7290540969624337,0.24980748891321178,0.23886914727668768,-0.7290540969624337
0.3184760957956314,0.007660025730729103,0.8360647242516279,0.7788394149392843,0.0314290439710021,0.0004888069677665873,-0.7784143100719807,0.2719218463212172,0.20017837721766613,-0.7784143100719807
0.10379169415682554,0.06294714473187923,0.238559290766716,0.9619473023340106,0.04175437614321709,0.0004883437680644073,-0.9980414580610197,0.34337365504783895,0.22931417073861002,-0.9980414580610197
0.040055627934634686,0.010253368876874447,0.479973379522562,0.9652194082736969,0.18555615935474634,0.0004881050752084957,-1.006163609930667,0.3663973267820241,0.26059160065795617,-1.006163609930667
0.28365101013332605,0.002439434640109539,0.5663037663325667,0.8236393062397838,0.04738737177103758,0.0004870277110456363,-0.802304905333265,0.25761902134806713,0.20042785261830218,-0.802304905333265
0.19253756292164326,0.08505299128592014,0.20324747171252966,0.9718730924651027,0.023212301544845104,0.0004866139850760595,-0.9408536482109926,0.30991509213036356,0.2285956622048565,-0.9408536482109926
0.09503417182713747,0.036302790977060795,0.07098265085369349,0.9778872448951006,0.0750282434746623,0.00048652447802327375,-1.0479980704356135,0.3707913797279568,0.2608419160755634,-1.0479980704356135
0.3336873222142458,0.009326240047812462,0.717333598062396,0.8314546402543783,0.020418954081833363,0.00048589514013505625,-0.7589031937955568,0.2426432090800459,0.2047012492058836,-0.7589031937955568
0.2532129567116499,0.062418876215815544,0.3756479574367404,0.9547559646889567,0.08594965748488903,0.00048584293508169556,-0.8030446584361212,0.259881229388451,0.22485010754026227,-0.8030446584361212
0.31815559417009354,0.01227100845426321,0.4061217363923788,0.9228110853582621,0.07286299020051956,0.0004839262978997831,-0.7734552847870424,0.22396675129012913,0.2187107224042265,-0.7734552847870424
0.21641857735812664,0.058675036765635014,0.4789228420704603,0.9038145486265421,0.06747127138078213,0.00048389927083641887,-0.8241423972797455,0.27019767026737207,0.2178291932220089,-0.8241423972797455
0.10966046620160341,0.15046765096485615,0.6356186512857676,0.9606281062588096,0.026894095353782177,0.0004837108786648972,-0.8820749501534958,0.3226749881948532,0.2531157303794308,-0.8820749501534958
0.3142914790660143,0.016919136978685856,0.8770984187722206,0.7459990885108709,0.014308292418718338,0.00048368207287935515,-0.8061370266002001,0.288145449135618,0.20069661966791055,-0.8061370266002001
0.16888252459466457,0.005098480731248856,0.42233981564641,0.936840245500207,0.19959661830216646,0.0004831824616145857,-0.9198823963920116,0.32134862396247593,0.241292620351819,-0.9198823963920116
0.02408138755708933,0.13879403565078974,0.4381368299946189,0.988127869553864,0.028394382447004318,0.00048296333798418024,-0.9823522343112718,0.3556014454549347,0.2563994631706772,-0.9823522343112718
0.24836333189159632,0.0750611163675785,0.6923592276871204,0.9552307100966573,0.15050714183598757,0.00048260037293948834,-0.7345776009715004,0.271171370927709,0.23169302951779783,-0.7345776009715004
0.027591980062425137,0.17311113700270653,0.7292752638459206,0.9843577183783054,0.06879296712577343,0.00048242518254288595,-0.9183509115981795,0.36069324292667465,0.2854432457026359,-0.9183509115981795
0.2999604968354106,0.06393409427255392,0.7896399209275842,0.9540298022329807,0.17558597680181265,0.0004823850137839818,-0.697573808518952,0.26514373380319517,0.22182395243046132,-0.697573808518952
0.23488933686167002,0.07906329911202192,0.8675532899796963,0.881104176864028,0.11947403941303492,0.0004822518956611675,-0.753754136085342,0.2831168833525335,0.22955503297056287,-0.753754136085342
0.09254121035337448,0.001512305811047554,0.36532480735331774,0.9417828368023038,0.15080469008535147,0.00048213684392234133,-0.9778699303060436,0.3462638628319466,0.26758176771473546,-0.9778699303060436
0.2558530466631055,0.012896886095404625,0.3201415166258812,0.9799568261951208,0.23935684096068144,0.000481690769595599,-0.8851127276280465,0.3099807380805493,0.23564786138353694,-0.8851127276280465
0.19478367920964956,0.08850957360118628,0.8097963137552142,0.9431619783863425,0.22044727578759193,0.0004811400370452791,-0.8323531810144271,0.31003043919000695,0.22359204823941883,-0.8323531810144271
0.07547302916646004,0.3198013864457607,0.9609102811664343,0.9748183945193887,0.06295996438711882,0.0004807761511205831,-0.8748433858364146,0.3473478729914007,0.28244216320365473,-0.8748433858364146
0.38731535244733095,0.019412263296544552,0.8255988098680973,0.994940216653049,0.14188149198889732,0.0004805614705013371,-0.6467167599174826,0.23405695372039495,0.24198230205944649,-0.6467167599174826
0.3173201084136963,0.07277051545679569,0.9277298226952553,0.9462201902642846,0.14807956013828516,0.00048028426493748936,-0.6756567344437603,0.2623481811075526,0.2364513848677746,-0.6756567344437603
0.14291838090866804,0.10112346149981022,0.6610162016004324,0.9789519812911749,0.1952095404267311,0.00048002107095142216,-0.8574906805620651,0.3211817281237767,0.24684760284584192,-0.8574906805620651
0.1334866527467966,0.0012050755321979523,0.11297963839024305,0.9240710167214274,0.09698052145540714,0.0004799749583268996,-1.017915771648346,0.3527343143877814,0.2738820260849973,-1.017915771648346
0.0650577936321497,0.08388165012001991,0.8498411728069186,0.9130753027275205,0.14439986646175385,0.0004795013876998771,-0.9215472483422945,0.3459659288389816,0.27031759548402867,-0.9215472483422945
0.12609306536614895,0.2080620490014553,0.8862704420462251,0.9867904549464583,0.1003534784540534,0.0004787945114863747,-0.819582981650317,0.32729762287875913,0.26992353358632903,-0.819582981650317
0.18160684313625097,0.056343838572502136,0.23601824697107077,0.9486141493543983,0.08373855985701084,0.0004785898737041216,-0.9171485956180158,0.3138109928470667,0.24500067742419668,-0.9171485956180158
0.25602094549685717,0.006332720629870892,0.8751681447029114,0.8183774147182703,0.15592769160866737,0.00047783644673442114,-0.7937630870823393,0.293458068762405,0.23032950455793,-0.7937630870823393
0.33600720204412937,0.04101698286831379,0.8383434005081654,0.9492401201277971,0.2548837559297681,0.0004773431610047733,-0.742470985550578,0.2873407443736412,0.2447929560267769,-0.742470985550578
0.2324153957888484,0.06497199088335037,0.814774427562952,0.9031036468222737,0.17074896302074194,0.0004767940039473909,-0.7703594360734276,0.2878817797464002,0.22777285894261975,-0.7703594360734276
0.2803644649684429,0.10499513894319534,0.8911234857514501,0.9250030843541026,0.07978122774511576,0.0004767834037290205,-0.7053453637437301,0.26495236391702215,0.21081174095396127,-0.7053453637437301
0.26293243281543255,0.022640041075646877,0.6910891765728593,0.9723958028480411,0.2845223480835557,0.00047548133220684323,-0.8480526778191294,0.31539387187626916,0.23053157578226896,-0.8480526778191294
0.2988810045644641,0.007215255871415138,0.2526548048481345,0.914999513886869,0.10834689252078533,0.00047491813643794705,-0.8228001764791004,0.2623848541156146,0.2567300314281198,-0.8228001764791004
0.1859367899596691,0.07565594185143709,0.5282768700271845,0.8844425836578012,0.03672752343118191,0.00047477918372202163,-0.856080667520196,0.2835834660806652,0.2152340473617003,-0.856080667520196
0.1928876405581832,0.02343031670898199,0.9539972813799977,0.7662721648812294,0.08416810818016529,0.000474341478252414,-0.8760959688009682,0.3216395058464579,0.21058940403295218,-0.8760959688009682
0.2036760924383998,0.09326161444187164,0.8577425386756659,0.9858087347820401,0.27055130805820227,0.0004734469297518713,-0.8664926045285298,0.327379264690257,0.22775692318619808,-0.8664926045285298
0.20135660097002983,0.049078372307121754,0.1062291394919157,0.9564257208257914,0.11115043982863426,0.0004728349376824676,-0.9375178759757499,0.3215550264148119,0.2779566730912977,-0.9375178759757499
0.10727424174547195,0.05151278059929609,0.524485525675118,0.9021087633445859,0.08876706659793854,0.0004725353485762493,-0.9125647568305746,0.32150605273658295,0.2505665068428869,-0.9125647568305746
0.224661597982049,0.15139659214764833,0.8354093376547098,0.9946264969184995,0.09099237341433764,0.0004725035523405881,-0.7383268402551644,0.28829091683127495,0.22855428475507317,-0.7383268402551644
0.21793405339121819,0.13815748505294323,0.6706214593723416,0.9820132469758391,0.03765678033232689,0.0004722958435150151,-0.7791245293169274,0.27531402184786236,0.22427615966761066,-0.7791245293169274
0.005109120160341263,0.03178386390209198,0.33146605640649796,0.9372378652915359,0.09031885769218206,0.00047228649426795337,-1.0386079591812518,0.3739621544134273,0.2577574067654514,-1.0386079591812518
0.3586484007537365,0.020242705941200256,0.4694266999140382,0.9785082414746284,0.0058313338086009026,0.00047217283929901655,-0.7918725772698026,0.17867072368542022,0.2151100077404289,-0.7918725772698026
0.32584625016897917,0.033597998321056366,0.2226663352921605,0.967044610530138,0.007628181017935276,0.00047159807052356734,-0.8726931816663079,0.23828769912221381,0.2302576863355459,-0.8726931816663079
0.09141826163977385,0.25244205445051193,0.8969068042933941,0.990418991073966,0.09372095670551062,0.00047133139295691437,-0.8457700134295395,0.3391722054935961,0.28625477223436185,-0.8457700134295395
0.18417071923613548,0.00013967324048280716,0.7355157695710659,0.8406323101371527,0.14266636967658997,0.00047118610492723797,-0.8569665165563818,0.30458914010932386,0.2420688797667693,-0.8569665165563818
0.08805381320416927,0.061433746479451656,0.5902954135090113,0.9612352065742016,0.18853104580193758,0.0004710630255685881,-0.929709237717514,0.3407351449270158,0.2587344758732258,-0.929709237717514
0.053504946641623974,0.16545986663550138,0.6461492544040084,0.9286500718444586,0.008871425874531269,0.0004708847599973736,-0.9344309026269764,0.3469838074430097,0.2686708317648445,-0.9344309026269764
0.014218955300748348,0.005082951858639717,0.7336737466976047,0.8715350227430463,0.12071910593658686,0.0004705356420277415,-0.9944958661004827,0.36900116279504835,0.26982076667003824,-0.9944958661004827
0.2794908322393894,0.04452239442616701,0.43225863855332136,0.9484122321009636,0.13725507259368896,0.000470174010032808,-0.7555986462969553,0.24949250557295158,0.23953477469346787,-0.7555986462969553
0.1013331264257431,0.3430796815082431,0.9146417612209916,0.9367588786408305,0.014757826924324036,0.00047014311907127336,-0.8746602075254464,0.3345902146407335,0.27023353492997026,-0.8746602075254464
0.16070457268506289,0.04278492461889982,0.19887205865234137,0.9549813009798527,0.12616050615906715,0.0004699297976679205,-0.9439023196529055,0.32840998692848417,0.26970944108006345,-0.9439023196529055
0.00640849769115448,0.40558481216430664,0.7761998381465673,0.9638749407604337,0.011750051751732826,0.0004696117600793118,-0.9523420078577429,0.36093634683036036,0.29483660343921464,-0.9523420078577429
0.16178407985717058,0.10728192888200283,0.7202365854755044,0.9160082330927253,0.08989923913031816,0.0004695745803414234,-0.8140736006866319,0.30086176373128004,0.24181949714627982,-0.8140736006866319
0.21124280244112015,0.06777139101177454,0.2286825692281127,0.9938570931553841,0.19071675557643175,0.00046870635120271133,-0.8951098402967879,0.3162716879999247,0.24584691600952935,-0.8951098402967879
0.3008785620331764,0.0012831948697566986,0.8070604559034109,0.9885865235701203,0.33689770847558975,0.0004678737117264836,-0.8752016056027998,0.33385449643454995,0.24705532208403821,-0.8752016056027998
0.35975958686321974,0.011219454929232597,0.5543273882940412,0.9585265656933188,0.03814328648149967,0.00046737755991366496,-0.7416556027928273,0.1819336939852526,0.2053884242285317,-0.7416556027928273
0.29522802773863077,0.08109302446246147,0.7681752378121018,0.947670697234571,0.10084331873804331,0.00046715684955182075,-0.6856657351669885,0.24640224056124738,0.21101155880715597,-0.6856657351669885
0.08948905300348997,0.0547900116071105,0.8657931592315435,0.8318388275802135,0.09156857151538134,0.00046688546256425605,-0.9277424833754678,0.340667421603119,0.24013354426755934,-0.9277424833754678
0.12124721612781286,0.054021650925278664,0.11195547226816416,0.9881452554836869,0.14878660161048174,0.0004663623644206857,-1.0026977290785497,0.3552355707698409,0.27874700084763565,-1.0026977290785497
0.158140754327178,0.017919091507792473,0.698367390781641,0.8186403634026647,0.06894144229590893,0.0004656695971257279,-0.8903460090496487,0.3130806607685587,0.2168101963791566,-0.8903460090496487
0.13612634129822254,0.010204874910414219,0.6760858101770282,0.7805284848436713,0.009752918966114521,0.00046548354430082277,-0.9593197038996856,0.3345691734008376,0.19972246736268737,-0.9593197038996856
0.17474307212978601,0.09074228163808584,0.07547584734857082,0.9953096117824316,0.050453473813831806,0.0004651893258441754,-0.9767587036405436,0.336025245506838,0.2516124790335088,-0.9767587036405436
0.1634187549352646,0.08256655652076006,0.9875397672876716,0.9779933989048004,0.2982387924566865,0.00046509695908583914,-0.9481421238625595,0.352116479817147,0.23336789736588023,-0.9481421238625595
0.3528665443882346,0.018102874979376793,0.9613365232944489,0.9271076899021864,0.30072564352303743,0.0004650492661033717,-0.8005337521907653,0.3131574247370638,0.27948381117529103,-0.8005337521907653
0.3199133099988103,0.0011392254382371902,0.6120806355029345,0.8965284880250692,0.18446543719619513,0.00046497795713667904,-0.7266783810335733,0.2570499670869993,0.23315117434537,-0.7266783810335733
0.30360419023782015,0.054715669713914394,0.5398793593049049,0.9266093280166388,0.05230998620390892,0.0004649262058629729,-0.7421363168786743,0.21638982584199154,0.19995663544110862,-0.7421363168786743
0.14435174874961376,0.09520833380520344,0.8886926714330912,0.8456493522971869,0.08904808759689331,0.0004648389850854828,-0.8569647745630818,0.31705758515849347,0.2338668414572583,-0.8569647745630818
0.04959429241716862,0.041855987161397934,0.2715417733415961,0.9963041078299284,0.1949119959026575,0.0004645077019294696,-1.0367827971900538,0.3739408506478281,0.25137236953820635,-1.0367827971900538
0.2289404720067978,0.0529898377135396,0.4209533119574189,0.9668498514220119,0.21776093821972609,0.0004642721689526968,-0.8441142558264713,0.2978730853512916,0.23043051409925994,-0.8441142558264713
0.2624336015433073,0.09945318475365639,0.5216647358611226,0.9978821007534862,0.09907698910683393,0.0004640955699220053,-0.7348473803527417,0.25087035714314515,0.22243843995807272,-0.7348473803527417
0.19634141959249973,0.006276470609009266,0.3763189176097512,0.8458882411941886,0.06250713858753443,0.0004639506433752863,-0.9094036109134115,0.3004059032224156,0.2205352149571918,-0.9094036109134115
0.12268819101154804,0.048476459458470345,0.3361832099035382,0.8675531977787614,0.00446291733533144,0.000463752634761005,-0.9934802352383012,0.3332152100377813,0.21425241418374874,-0.9934802352383012
0.04335135966539383,0.05069526471197605,0.980453192256391,0.824025341309607,0.11881546210497618,0.000463477004071921,-0.9776697530589219,0.3649849810502909,0.25591530592148115,-0.9776697530589219
0.2170747723430395,0.05406781658530235,0.7945157047361135,0.797840004786849,0.04652892891317606,0.0004634735003523468,-0.8305553761334313,0.29147873212848985,0.19577676842359532,-0.8305553761334313
0.21851007174700499,0.04851982370018959,0.5072693172842264,0.9331035073846579,0.1752287307754159,0.0004627031264540921,-0.8108741388451274,0.28529179777265967,0.2404272050615272,-0.8108741388451274
0.22219341807067394,0.02956799603998661,0.49825566820800304,0.8078459175303578,0.015037083998322487,0.0004623331024989508,-0.8845248302673552,0.28714470047062024,0.19890597962237,-0.8845248302673552
0.14715926069766283,0.08682592865079641,0.389162958599627,0.9905960848554969,0.15286161936819553,0.0004615700964734857,-0.8806272565162255,0.3178841897442449,0.2599819345517766,-0.8806272565162255
0.11228983756154776,0.04245128948241472,0.4511805484071374,0.9138013441115618,0.11725782696157694,0.00046098097416395555,-0.9188554620390482,0.32159862686222135,0.2639582673499646,-0.9188554620390482
0.16408661752939224,0.05699355248361826,0.6504823444411159,0.9096669880673289,0.14746781345456839,0.0004609142324310715,-0.8363959353789323,0.3008939117424607,0.25425810365530277,-0.8363959353789323
0.32335932552814484,0.016334280371665955,0.03463868610560894,0.9732158193364739,0.1668298952281475,0.00046060648211818496,-0.8793650183180691,0.29301733704733923,0.3018483250921813,-0.8793650183180691
0.020766837522387505,0.03671227488666773,0.5177956223487854,0.8399923397228122,0.0019861403852701187,0.00046021466200807994,-1.0403724177110012,0.36545068219145826,0.2184105478904978,-1.0403724177110012
0.216003711335361,0.12202243879437447,0.729179572314024,0.8575233528390527,0.004775724373757839,0.00046009932778776275,-0.8129390851331207,0.2848093018966587,0.21881477305887925,-0.8129390851331207
0.11843922361731529,0.014434306882321835,0.611456798389554,0.8480965942144394,0.09370110090821981,0.00045973024643153804,-0.9182687318980634,0.3250869419712346,0.2435679633558665,-0.9182687318980634
0.2119019003584981,0.005385894328355789,0.979429011233151,0.7599438605830073,0.1276840828359127,0.0004593866663825442,-0.8668575291549772,0.3201123181246778,0.22572205451205626,-0.8668575291549772
0.209140514023602,0.025065588764846325,0.5842638434842229,0.8420769348740578,0.09664323180913925,0.00045936124408446193,-0.8275263203207224,0.28597998327605273,0.2272058816792211,-0.8275263203207224
0.20948852598667145,0.08720766566693783,0.33452585246413946,0.9197482941672206,0.03418988827615976,0.00045930770949095893,-0.8749673001411423,0.2818967911283725,0.21749250076649343,-0.8749673001411423
0.06866527535021305,0.28333943616598845,0.8546126401051879,0.9593705460429192,0.03752540424466133,0.0004591042854836095,-0.882143919769189,0.343605602825412,0.28460321596841115,-0.882143919769189
0.0975586986169219,0.14477884583175182,0.7621553931385279,0.8997122189030051,0.046190195716917515,0.0004590706887549783,-0.8821943160616457,0.3270211220572579,0.2501177914860889,-0.8821943160616457
0.06014417950063944,0.5241470690816641,0.925286722369492,0.9754862068220973,0.00186083372682333,0.000458046827840641,-0.9704208220290229,0.35947730856405874,0.22917163123553166,-0.9704208220290229
0.26874906197190285,0.05758166220039129,0.6894341884180903,0.799034952186048,0.006313378922641277,0.0004573688981164899,-0.8089988087082743,0.271317049812049,0.1971517542698309,-0.8089988087082743
0.1440285248681903,0.03280817624181509,0.13941098004579544,0.8929861010983586,0.02622868213802576,0.00045736326524612646,-1.0230685673557305,0.34169917120001986,0.2344765767412119,-1.0230685673557305
0.30987642519176006,0.029025648720562458,0.3954691840335727,0.8662794567644596,0.01801297254860401,0.00045687935343831235,-0.8191792049168513,0.2318932766801397,0.2084672161165229,-0.8191792049168513
0.27985597774386406,0.024880017153918743,0.8173867845907807,0.9192942036315799,0.27306950371712446,0.0004567391270836215,-0.8236957213186463,0.3073845013399979,0.23671111539058068,-0.8236957213186463
0.15524183213710785,0.31126796640455723,0.9551962921395898,0.9886474059894681,0.06154901999980211,0.0004561284136725781,-0.7974957243666324,0.3183932462893937,0.2632052819480371,-0.7974957243666324
0.3063732087612152,0.03404586762189865,0.6861116550862789,0.8547259094193578,0.0713624507188797,0.00045577513448455875,-0.7224844089011394,0.2413180151268593,0.19922637477186958,-0.7224844089011394
0.1552856732159853,0.018236948177218437,0.9774377765133977,0.6794936200603843,0.019236724823713303,0.0004556753636042545,-0.9813797936963514,0.3568326460628323,0.1869515131915442,-0.9813797936963514
0.1343602705746889,0.06951702479273081,0.5874643595889211,0.9474153146147728,0.18597577791661024,0.0004549863233568849,-0.8808725322947046,0.31939251620393744,0.25222043537636224,-0.8808725322947046
0.27245390601456165,0.0659417798742652,0.9391878489404917,0.8339923145249486,0.12516574561595917,0.00045489385087464835,-0.7356332210258079,0.2801442337914554,0.22771982921250122,-0.7356332210258079
0.11903724912554026,0.07630112208425999,0.3622018098831177,0.898347775451839,0.029327204450964928,0.00045402543115397894,-0.9562793993740835,0.321356492822201,0.22286792598097446,-0.9562793993740835
0.07408024463802576,0.05959623120725155,0.054445890709757805,0.9221809655427933,0.0036012306809425354,0.00045391676064891994,-1.094997430996997,0.3790912039468003,0.23583739986644447,-1.094997430996997
0.09435521997511387,0.21868171356618404,0.6985244154930115,0.9449779167771339,0.0039475178346037865,0.0004536565733983134,-0.8851681149188192,0.33414943078908727,0.2778791143541691,-0.8851681149188192
0.25982454884797335,0.08499674126505852,0.7044284623116255,0.9443609621375799,0.19573465548455715,0.000453584578511241,-0.7373064594095661,0.2766400181401984,0.2189254324187425,-0.7373064594095661
0.028866149485111237,0.0737557066604495,0.10266666952520609,0.9385088216513395,0.014340588822960854,0.0004533403845081077,-1.0989355145602817,0.3858552374782663,0.23176481318338174,-1.0989355145602817
0.00802589301019907,0.06628902349621058,0.9602867066860199,0.9563488885760307,0.2620882596820593,0.0004530745336086667,-1.0566440751565471,0.3902312264533435,0.22978813199982917,-1.0566440751565471
0.3700919272378087,0.028188133612275124,0.592550054192543,0.9958323817700148,0.25704657938331366,0.00045299715697529156,-0.7282763578592183,0.2694864450683423,0.24127976187359712,-0.7282763578592183
0.26480362191796303,0.1432494129985571,0.8679893389344215,0.990086336620152,0.2146703600883484,0.0004528802857764568,-0.7280731647074962,0.2907967019362778,0.22393690859086046,-0.7280731647074962
0.1406440194696188,0.10372367408126593,0.32224384136497974,0.9497549626976252,0.04845088627189398,0.0004524521606533284,-0.9214785096616721,0.3167081967437851,0.23156118397835945,-0.9214785096616721
0.18177475687116385,0.04978540260344744,0.5530471494421363,0.8497198550030589,0.06157672870904207,0.00045230699816193963,-0.8591865869524201,0.29168058239626615,0.21716360718129343,-0.8591865869524201
0.15119179245084524,0.23992025759071112,0.8661931324750185,0.9552475893869996,0.030602965503931046,0.000452039125761289,-0.8176163223715305,0.31509812826242567,0.25614951105548067,-0.8176163223715305
0.016007347963750362,0.21893877815455198,0.9333439972251654,0.8583728894591331,0.0172901414334774,0.0004519977179835498,-0.9650762426526669,0.37004400681050986,0.26564905904376046,-0.9650762426526669
0.16115758568048477,0.044179621152579784,0.46997452061623335,0.8382763005793095,0.029275279492139816,0.00045155167395476386,-0.9197200712645364,0.3036475704111383,0.20960669913685273,-0.9197200712645364
0.11416729167103767,0.04423272144049406,0.9910725429654121,0.9952323026955128,0.3262773444876075,0.0004510819358009878,-1.0278082550691368,0.37783406543464454,0.2252739551349457,-1.0278082550691368
0.39776960387825966,0.05006168410181999,0.9219700386747718,0.9633971052244306,0.22740191873162985,0.00045102512985544896,-0.6699113250484834,0.26830564039577426,0.263108220998353,-0.6699113250484834
0.22076189797371626,0.024130599573254585,0.20783481188118458,0.9225786002352834,0.14422439225018024,0.00045039599626536537,-0.8978625011879313,0.3033354215274573,0.27049874356091835,-0.8978625011879313
0.2581281065940857,0.08857350889593363,0.3088935259729624,0.9706744644790888,0.06063346657902002,0.0004503218974211213,-0.821236502887497,0.2615799038502036,0.21966122834437318,-0.821236502887497
0.0011960836127400398,0.15940081235021353,0.7039069384336472,0.9897323837503791,0.14354750514030457,0.0004500992915628482,-0.9334954411086338,0.36625662597086445,0.311480774431743,-0.9334954411086338
0.20633300207555294,0.031480392441153526,0.08476467989385128,0.9471678147092462,0.16149467416107655,0.00045003762510752556,-0.9535373693440553,0.32512728578753847,0.2859704748410392,-0.9535373693440553
0.1548732928931713,0.13494715746492147,0.8402031129226089,0.8101646257564425,0.005617088638246059,0.0004499632637412725,-0.8796593258493577,0.31810252441438086,0.22071649491053918,-0.8796593258493577
0.02845695335417986,0.011110810562968254,0.8534154994413257,0.7993903355672956,0.0774977458640933,0.0004499482879372055,-1.0065855614640684,0.37046228295558997,0.23346626901049145,-1.0065855614640684
0.13880833890289068,0.37038874439895153,0.8940758062526584,0.9729969818145037,0.0317622059956193,0.0004498208702139406,-0.8264927210528541,0.31643108232708145,0.26177728961196023,-0.8264927210528541
0.35513445921242237,0.04284114856272936,0.6980618070811033,0.9900613138452172,0.0923858443275094,0.0004495533072758609,-0.6687535560306231,0.21225628182912093,0.20693497410848605,-0.6687535560306231
0.09894746169447899,0.16271417401731014,0.948274620808661,0.9097763542085886,0.12728359922766685,0.00044913761402994213,-0.8658190781128163,0.331822985327748,0.27503176459943246,-0.8658190781128163
0.2822785936295986,0.07208831887692213,0.8797556282952428,0.7710512913763523,0.027103339321911335,0.00044864888776821897,-0.7832042313894378,0.2800536858507393,0.1916045343045844,-0.7832042313894378
0.2455168543383479,0.022505893371999264,0.7374307103455067,0.7198987398296595,0.00303061306476593,0.00044854264018942704,-0.8822734353237591,0.30598171417339054,0.1869625661410771,-0.8822734353237591
0.3665505098178983,0.06183558516204357,0.9631326589733362,0.8484734538942575,0.02233786042779684,0.00044834313042528627,-0.7053274499248933,0.24970334266491123,0.22209752762982884,-0.7053274499248933
0.24780749808996916,0.18324335478246212,0.9160333285108209,0.9630508525297046,0.035859933122992516,0.00044797313913277285,-0.7401353866323731,0.2806451087770462,0.22528303393246904,-0.7401353866323731
0.2523775901645422,0.11913353484123945,0.9165399866178632,0.9157223328948021,0.1301178401336074,0.00044788596033910834,-0.7142226245890951,0.276975731948016,0.23433032573580803,-0.7142226245890951
0.20213327277451754,0.4435623334720731,0.9709593299776316,0.9777770331129432,0.010633445344865322,0.0004477857240942105,-0.8070399612270568,0.30649909301466766,0.23613119150707676,-0.8070399612270568
0.18755837064236403,0.1433056890964508,0.3688034052029252,0.9550058394670486,0.004367132671177387,0.00044757795272936334,-0.8806810948154374,0.297247759529585,0.2332738262122054,-0.8806810948154374
0.24556411802768707,0.13425555638968945,0.8569271881133318,0.9696970265358686,0.1344096241518855,0.00044751964731862043,-0.7108119510011492,0.27731120562801687,0.23371423999851873,-0.7108119510011492
0.2367853755131364,0.028967457823455334,0.8959978315979242,0.8311988422647119,0.2010331666097045,0.0004472881494522822,-0.8283412912751767,0.301842892841428,0.21934830506219874,-0.8283412912751767
0.3070599362254143,0.04060425329953432,0.11857301369309425,0.9436042765155435,0.03479497041553259,0.00044725372031513804,-0.8912556087396319,0.26166731690592643,0.24673193131137378,-0.8912556087396319
0.26930272579193115,0.023747075349092484,0.9906108025461435,0.5986663345247507,0.02459545899182558,0.00044699308452200167,-0.9315168982828007,0.34229167052826015,0.19610798502712443,-0.9315168982828007
0.22825364023447037,0.059609249234199524,0.8524831989780068,0.8627341529354453,0.17608187720179558,0.0004466386292326472,-0.7900225472612605,0.29150153596911066,0.2244261260632899,-0.7900225472612605
0.07180212810635567,0.04759469907730818,0.963728154078126,0.897151093930006,0.2400210490450263,0.0004463048499222442,-1.005376970027187,0.36037831518527325,0.22605847961070683,-1.005376970027187
0.3310955800116062,0.0774913327768445,0.9751663105562329,0.9964234037324786,0.34676223434507847,0.00044620865424087135,-0.8372024874814474,0.32910492827201515,0.27146603290562304,-0.8372024874814474
0.008288269862532616,0.19907448161393404,0.376161833293736,0.9724784586578608,0.0025162026286125183,0.00044601240858497854,-1.0017469454221253,0.3721755028778567,0.27258295593446147,-1.0017469454221253
0.03579993359744549,0.09176658093929291,0.39149326644837856,0.9598533473908901,0.1143080247566104,0.0004451999493193233,-0.969969624952932,0.35370646374130965,0.2797859251359378,-0.969969624952932
0.10882381536066532,0.1306902877986431,0.34161139093339443,0.9803124740719795,0.0561430249363184,0.0004450829253765506,-0.9269473081535504,0.3314340266131313,0.24426658218872827,-0.9269473081535504
0.15273314341902733,0.19477765914052725,0.9233460882678628,0.9775321148335934,0.17412078473716974,0.00044499165286320896,-0.810415003881021,0.3175345872696605,0.25820583518462153,-0.810415003881021
0.08211479429155588,0.15438603051006794,0.8213755460456014,0.9636316951364279,0.17642192170023918,0.0004448568516614288,-0.8862151273640332,0.33904995979842384,0.2711930609142687,-0.8862151273640332
0.22018293850123882,0.08115887083113194,0.26944417506456375,0.9827807489782572,0.1805768869817257,0.0004441647663203485,-0.8588112843917608,0.30348944849682186,0.24470949390257044,-0.8588112843917608
0.007376154884696007,0.14248508121818304,0.523155408911407,0.9528127703815699,0.06239611376076937,0.0004438275362295732,-0.9586168712148457,0.3576095657498103,0.2824495092374403,-0.9586168712148457
0.2242373526096344,0.10595420654863119,0.5561866601929069,0.9867654023692012,0.2222133707255125,0.00044379851517504945,-0.7956055664124803,0.2951599443600477,0.23007543167253158,-0.7956055664124803
0.18632104340940714,0.0133017897605896,0.2775275632739067,0.8693247530609369,0.09808056708425283,0.00044354533443147936,-0.9238037278010718,0.311397368192481,0.25008405586247395,-0.9238037278010718
0.08148176688700914,0.08402880746871233,0.2632219335064292,0.9520379537716508,0.07948228437453508,0.00044348570495851314,-0.9818065360331478,0.34934956480907864,0.25114647823898834,-0.9818065360331478
0.11085822619497776,0.094568838365376,0.00900955032557249,0.993522291071713,0.08137806411832571,0.0004432116021728522,-1.0309262682294733,0.3687835519647053,0.27535709042436646,-1.0309262682294733
0.31627957057207823,0.0103904465213418,0.9131150087341666,0.9807768575847149,0.37166337482631207,0.00044316799620391966,-0.8994475593546092,0.343111683080878,0.26146646241574173,-0.8994475593546092
0.022804015316069126,0.20714455377310514,0.5841080630198121,0.9684163453057408,0.03163226041942835,0.0004426944828428336,-0.9329887436986912,0.3538583122849196,0.29557787495082166,-0.9329887436986912
0.09282343741506338,0.2454181807115674,0.9901805780827999,0.9790714522823691,0.2057587830349803,0.00044211096297689593,-0.8900798559024093,0.34072370210101566,0.2683991383412854,-0.8900798559024093
0.024305379018187523,0.0059640007093548775,0.897228354588151,0.9407184412702918,0.2694098372012377,0.0004420703139491185,-1.0676998086314171,0.3894048046079199,0.2201131060842054,-1.0676998086314171
0.01380799151957035,0.06818502303212881,0.48393476847559214,0.8905362021178007,0.057041510939598083,0.0004413804579727226,-0.9998023452560284,0.3537735172391261,0.25004925645481163,-0.9998023452560284
0.21515965554863214,0.1941827740520239,0.8530766805633903,0.9252415150403976,0.013465242460370064,0.000441364228710305,-0.7778936439282407,0.2902223788754743,0.2357174918127697,-0.7778936439282407
0.05870427377521992,0.05367043148726225,0.1666611647233367,0.9143713610246778,0.03893635980784893,0.00044071658586066474,-1.0594166250275614,0.36668975318431163,0.2347762664763101,-1.0594166250275614
0.13931429758667946,0.11231886688619852,0.9258371908217669,0.8705710293725133,0.1402620654553175,0.00044054510468093995,-0.8500611430849861,0.31473310678144356,0.2553863207565168,-0.8500611430849861
0.02799251675605774,0.013252293691039085,0.5654368018731475,0.9307285146787763,0.20661162119358778,0.00044021774910864487,-1.0189424164405916,0.3679046273713869,0.25361862754207165,-1.0189424164405916
0.07626124378293753,0.06685771606862545,0.30420621391385794,0.9574130494147539,0.13078490179032087,0.0004399795325471052,-0.9723566173708329,0.34757346224219027,0.2724643788295108,-0.9723566173708329
0.26768301520496607,0.00870297197252512,0.2702488349750638,0.9685147665441036,0.251642182469368,0.0004394665727152982,-0.9006600282134525,0.3110970638911076,0.24132800663280607,-0.9006600282134525
0.05145508795976639,0.4809209518134594,0.593694694340229,0.9968043547123671,0.017333228141069412,0.0004390687795903096,-0.9375582664370153,0.3424471761045198,0.27684724695712165,-0.9375582664370153
0.38491993956267834,0.032465494237840176,0.8848388260230422,0.9375147055834532,0.058913164772093296,0.0004383385009446364,-0.6699742534234212,0.22034384242042415,0.21634288677142743,-0.6699742534234212
0.2430682722479105,0.12305734679102898,0.5034300005063415,0.9774999395012856,0.0537274032831192,0.00043815303436269915,-0.7683982438702597,0.25246075196506457,0.21702706856233372,-0.7683982438702597
0.2054975312203169,0.09976569842547178,0.6219945475459099,0.9238235596567392,0.11755537521094084,0.00043801547595625286,-0.7660893744794345,0.27696367043659803,0.24364481545823286,-0.7660893744794345
0.3536438634619117,0.044113864190876484,0.9689509142190218,0.8733564326539636,0.1897584730759263,0.0004374977217975245,-0.6847443697970235,0.27053367905168885,0.2510294956423122,-0.6847443697970235
0.23453551158308983,0.015700405463576317,0.11777998320758343,0.8650940926745534,0.05824175477027893,0.0004374663016705115,-0.9507157534982632,0.30800145047935595,0.2554538067438688,-0.9507157534982632
0.2213711841031909,0.0433075986802578,0.542425848543644,0.9597762804478407,0.2585320333018899,0.0004370715749007232,-0.8666775118423325,0.3092287705919306,0.22920466126357328,-0.8666775118423325
0.08179932087659836,0.02239074558019638,0.5129957171157002,0.8100284952670336,0.016201268881559372,0.00043659706632222174,-1.0028007894006483,0.3440979535901687,0.21028281768144474,-1.0028007894006483
0.11050449218600988,0.031435415148735046,0.7597560817375779,0.7605247180908918,0.0181888397783041,0.00043631009945706067,-0.9689499557749747,0.3404823695790713,0.20097528914583815,-0.9689499557749747
0.33749022521078587,0.08688983414322138,0.8905833810567856,0.9554860237985849,0.06560368742793798,0.0004352039722682469,-0.6729396069096913,0.23613395872087747,0.2056395781452635,-0.6729396069096913
0.04485153127461672,0.05186400003731251,0.6885984865948558,0.9378005350008607,0.22400158923119307,0.00043485848811122656,-0.9933514174958868,0.36051288168020873,0.24552687366260284,-0.9933514174958868
0.04983085859566927,0.2032427443191409,0.8963979911059141,0.9558264054358006,0.13993036560714245,0.0004348495739522053,-0.891624584481766,0.34755996341563283,0.29874901626611333,-0.891624584481766
0.2718007480725646,0.00329592265188694,0.18896017223596573,0.9117164816707373,0.18932983372360468,0.0004346098045475642,-0.8873760186347736,0.296636179775714,0.26321863766287396,-0.8873760186347736
0.0962092699483037,0.04530450329184532,0.6399558270350099,0.8165519516915083,0.03749948367476463,0.00043431019848604626,-0.9504349597373303,0.33165044148440115,0.21977175624705111,-0.9504349597373303
0.22784547414630651,0.12681669928133488,0.9386888276785612,0.7867242377251387,0.03289258573204279,0.00043421984204595234,-0.8068730243259904,0.29707396881714,0.20163999041251762,-0.8068730243259904
0.2963457861915231,0.02062444481998682,0.30540528055280447,0.9242658354341984,0.18212048709392548,0.0004340331123401086,-0.8062658926282883,0.2704753262350678,0.24605504128841293,-0.8062658926282883
0.10890392679721117,0.05568560026586056,0.4883179599419236,0.9348014229908586,0.16857088264077902,0.0004338193755580268,-0.9167219540736249,0.3254608749762165,0.2652865641570406,-0.9167219540736249
0.2773361820727587,0.08291562367230654,0.18250844813883305,0.9209926221519709,0.010562549345195293,0.00043364889398937105,-0.8885698123859902,0.2707162203926297,0.23255837067916052,-0.8885698123859902
0.05926606711000204,0.11530825309455395,0.9164334880188107,0.8396449517458677,0.09977036621421576,0.0004335080160875235,-0.9294920591345743,0.34662308968290423,0.25992131415015907,-0.9294920591345743
0.13274139072746038,0.027223329059779644,0.2245588367804885,0.8572844788432121,0.031056856736540794,0.0004334497049889571,-1.0118994647144952,0.3382960314627176,0.2241851104193304,-1.0118994647144952
0.0007968805730342865,0.26694400794804096,0.8636785838752985,0.9289391646161675,0.05170715041458607,0.00043332746541859744,-0.933696070134562,0.36601755780775413,0.3010630159196502,-0.933696070134562
0.3672061860561371,0.03666058275848627,0.8246969860047102,0.9328095624223351,0.10386751126497984,0.00043321018413624576,-0.6443601425764478,0.22367222133428705,0.2216557812274238,-0.6443601425764478
0.11932723317295313,0.06778388377279043,0.9268577322363853,0.8072092151269317,0.11397368554025888,0.00043305995778093807,-0.9040690659634611,0.32860016710538437,0.24083864470888083,-0.9040690659634611
0.0218334486708045,0.46354496851563454,0.8391199223697186,0.9482599217444658,0.019076434895396233,0.00043284584208613754,-0.9588790051213558,0.3574110190593997,0.2654028633850666,-0.9588790051213558
0.06744218710809946,0.032409206964075565,0.38613360188901424,0.9728694958612323,0.2226329855620861,0.0004324648883139715,-1.0173009371980435,0.3612434872338902,0.24339700957937382,-1.0173009371980435
0.08862982783466578,0.1271913843229413,0.7399314837530255,0.8893035622313619,0.08293960243463516,0.00043228092748872244,-0.8804766666070349,0.32703548963403983,0.26262687435955595,-0.8804766666070349
0.04796154983341694,0.03279318008571863,0.9550178414210677,0.8293850887566805,0.16908820439130068,0.0004322479880802287,-0.993631900535635,0.36099796864063477,0.24762647407530253,-0.993631900535635
0.1050047017633915,0.18234111461788416,0.6168773481622338,0.9921711990609765,0.0958225354552269,0.0004309566693164779,-0.8379747848561461,0.32479382564521153,0.2860120103949842,-0.8379747848561461
0.27920087799429893,0.037962041795253754,0.8724259687587619,0.8499217666685581,0.2248494615778327,0.00043068710186997303,-0.7885999514633376,0.29089781272038956,0.22516276084040035,-0.7885999514633376
0.011655610054731369,0.05921497102826834,0.23418384790420532,0.9803337417542934,0.1837974740192294,0.00043001333761482095,-1.0619470378941411,0.38284358759053494,0.26222332813336446,-1.0619470378941411
0.012288577854633331,0.23900657147169113,0.6673021782189608,0.9999917475506663,0.08783472515642643,0.00042974658191896706,-0.9026523969372832,0.3600669564431857,0.3252999192756495,-0.9026523969372832
0.17947395145893097,0.1497080447152257,0.4734422117471695,0.9471962349489331,0.03133471589535475,0.00042972367315338955,-0.8358272513702671,0.28525466658810134,0.23592796163728066,-0.8358272513702671
0.1669592186808586,0.11621417943388224,0.6169723914936185,0.8653348721563816,0.031788007356226444,0.0004295399978642851,-0.8457734721076084,0.29364294904320704,0.22615590616700096,-0.8457734721076084
0.06337031815201044,0.2665933249518275,0.918355543166399,0.9811686696484685,0.13619931135326624,0.00042942806654349194,-0.8677624527237158,0.34139377236487134,0.305974547251579,-0.8677624527237158
0.34019407257437706,0.03274995181709528,0.6403366858139634,0.9280960336327553,0.19281739369034767,0.00042931525824118244,-0.6852016217352325,0.2459617561277069,0.22495193663905788,-0.6852016217352325
0.2571619339287281,0.03336045891046524,0.903631885536015,0.6510992189869285,0.02756264992058277,0.0004290701311586001,-0.8926303448012366,0.32028132044252083,0.18346880423624887,-0.8926303448012366
0.2415640102699399,0.16798544116318226,0.940797034651041,0.9883671943098307,0.2543956069275737,0.00042891895507193964,-0.7867743018110809,0.3098046361293487,0.23753775598935611,-0.7867743018110809
0.06854482553899288,0.14716020785272121,0.973996595479548,0.7808877881616354,0.027999041602015495,0.0004286016897988779,-0.9591392919211029,0.3542235247398887,0.22760510060078146,-0.9591392919211029
0.09568935632705688,0.09940605238080025,0.8207211224362254,0.7761242920532823,0.012820856645703316,0.0004282658556544221,-0.950731988375584,0.338901088387573,0.216158834504239,-0.950731988375584
0.09784210287034512,0.028053779155015945,0.570474186912179,0.8739793403074145,0.13621749822050333,0.0004280261799479207,-0.9251122289934183,0.3256784250877122,0.2699468923050567,-0.9251122289934183
0.10313539486378431,0.07347854506224394,0.5505060330033302,0.8637304520234466,0.06294201593846083,0.00042800608965596037,-0.9164822720700969,0.320148378126334,0.239610963737512,-0.9164822720700969
0.29829821549355984,0.07500292547047138,0.19291869271546602,0.9903097674250603,0.06807264685630798,0.000427294375823054,-0.8321499861821655,0.25877923010902953,0.23572897746693391,-0.8321499861821655
0.18677977100014687,0.011155597865581512,0.05354383960366249,0.9860372636467218,0.24281820561736822,0.0004270867354159757,-1.0357821355465173,0.3541626003606795,0.2595056016398377,-1.0357821355465173
0.06079565640538931,0.05791856162250042,0.8200153885409236,0.8893357003107667,0.2047384912148118,0.0004270164795460658,-0.9729868635516847,0.34997498469860516,0.24126805144944088,-0.9729868635516847
0.27066859044134617,0.07110212929546833,0.256123723462224,0.9956031301990151,0.22909934725612402,0.0004268880959919031,-0.8507422031480736,0.2992353763427495,0.2351186647688912,-0.8507422031480736
0.1049093334004283,0.006231914274394512,0.717194763943553,0.9072881788015366,0.24218409229069948,0.0004265267887055768,-0.981378498474864,0.3459323061615633,0.22576081446087387,-0.981378498474864
0.2593869110569358,0.15668329410254955,0.9371672375127673,0.9521920680999756,0.11599860060960054,0.0004265074530317394,-0.693349883099091,0.27547425709021767,0.23436389268386312,-0.693349883099091
0.07830937020480633,0.33303832169622183,0.9823723565787077,0.9967721197754145,0.14547402132302523,0.00042649809946306114,-0.8622358225525211,0.3367406351819218,0.30046038814145054,-0.8622358225525211
0.028577745892107487,0.4374473122879863,0.9762155832722783,0.9954503579065204,0.11485804710537195,0.000426054891464849,-0.9221502510232229,0.35700636843801475,0.2921922720092599,-0.9221502510232229
0.23402219079434872,0.0773406894877553,0.1712002456188202,0.9318609246984124,0.08655085414648056,0.0004257337912664328,-0.8797063986048151,0.2942912257693546,0.25323902231108913,-0.8797063986048151
0.006772499531507492,0.042736795730888844,0.8950993865728378,0.7683343840762973,0.0535239577293396,0.0004256656799910706,-1.0280252107395342,0.37650777480616493,0.22321612066141147,-1.0280252107395342
0.16636509913951159,0.054591741412878036,0.366223088465631,0.8803760698065162,0.09519129991531372,0.000425385740534041,-0.8923694270696737,0.30382975624569253,0.24278675145748424,-0.8923694270696737
0.20747804641723633,0.019594823941588402,0.4329315209761262,0.8678878732025623,0.14507450070232153,0.0004252842997209532,-0.8511039678182398,0.28687831573918365,0.2517263238058555,-0.8511039678182398
0.3388052498921752,0.018887885846197605,0.5711006764322519,0.8872549505904317,0.10197147820144892,0.00042509523345456786,-0.6914822499893255,0.21767091594158355,0.2190088306907645,-0.6914822499893255
0.0035712579265236855,0.33883374370634556,0.6751237213611603,0.9783848281949759,0.030960362404584885,0.0004247839016309021,-0.9270181416321528,0.3560417900191827,0.3226551720533435,-0.9270181416321528
0.3416217276826501,0.03855740372091532,0.9114397512748837,0.8104144707322121,0.08762935921549797,0.00042433175011026336,-0.6930150202746701,0.25774486889893444,0.2149235510287707,-0.6930150202746701
0.007227377034723759,0.0441344128921628,0.6859777383506298,0.8996800733730197,0.1660330668091774,0.00042397360850410085,-0.9911075181460467,0.3648198493387834,0.276924155012773,-0.9911075181460467
0.05718811508268118,0.32474388275295496,0.8228199174627662,0.9982530064880848,0.09774195868521929,0.00042395062304438456,-0.8600978213770141,0.3394652552911627,0.3132035522215331,-0.8600978213770141
0.1912660701200366,0.15035427827388048,0.9358849534764886,0.8716448955237865,0.10819492675364017,0.0004239422774836142,-0.7771497750624928,0.29750135915943543,0.2415259165461544,-0.7771497750624928
0.177277198061347,0.010280379094183445,0.8979891259223223,0.7331786127761006,0.09066373761743307,0.0004239247994502579,-0.9061503773986718,0.32357685481528925,0.20626412174035638,-0.9061503773986718
0.2467193016782403,0.0014669783413410187,0.5401850659400225,0.7570880893617868,0.04450343828648329,0.0004238906391191932,-0.8657908488338377,0.28520199702441895,0.19221749402894328,-0.8657908488338377
0.13792280666530132,0.1293764216825366,0.7138209259137511,0.8627740098163486,0.04787504393607378,0.000423328382206802,-0.8529000348441541,0.3060273666289661,0.23617018418349195,-0.8529000348441541
0.4274742482230067,0.0054869093000888824,0.6764341844245791,0.9816671097651124,0.22941215056926012,0.00042323042020233985,-0.6720730766694923,0.2521096011705363,0.256201084411209,-0.6720730766694923
0.1166648892685771,0.1701392848044634,0.8508356558158994,0.8505826238542795,0.041361166164278984,0.00042318620287615043,-0.8697955963311458,0.32134401603965257,0.2422150781273653,-0.8697955963311458
0.10253358725458384,0.2354483539238572,0.9224442346021533,0.9151529129594564,0.07163201831281185,0.00042296551330979357,-0.8485458256121043,0.33108704821249296,0.2715599786418268,-0.8485458256121043
0.1567893885076046,0.16454237326979637,0.8203208511695266,0.9014957211911678,0.0778300417587161,0.00042293202505814116,-0.8023318428900349,0.30364918137365676,0.24558190337403157,-0.8023318428900349
0.010537955909967422,0.11983595229685307,0.6932880114763975,0.8943025236949325,0.09477168507874012,0.00042251352740024626,-0.9452537944570054,0.35526713523458037,0.2893808065382172,-0.9452537944570054
0.22601108253002167,0.03236054535955191,0.7073647016659379,0.7881747372448444,0.08205846697092056,0.00042245730376336776,-0.8177781456290717,0.28470735600144326,0.2036742975244969,-0.8177781456290717
0.31480226945132017,0.11753162927925587,0.8618325097486377,0.9865711219608784,0.057346124202013016,0.0004224316858562076,-0.6866629537103235,0.24305268355816373,0.20414723126582374,-0.6866629537103235
0.2102439096197486,0.15972282085567713,0.9584183823317289,0.8780572945252061,0.10533252079039812,0.00042211260347775473,-0.7544636128152884,0.29336291227630373,0.23884814968811932,-0.7544636128152884
0.28594184573739767,0.067055843770504,0.8710648976266384,0.9729868303984404,0.31980621442198753,0.0004220300384696609,-0.8404240831097277,0.32079100415975925,0.24707653636920207,-0.8404240831097277
0.12212083395570517,0.1106182998046279,0.5864442950114608,0.8864928502589464,0.06776881590485573,0.0004209472080176957,-0.8696211988313829,0.3103800061921449,0.24812498536457436,-0.8696211988313829
0.05667363200336695,0.04763197619467974,0.6430083494633436,0.9892170457169414,0.26742226630449295,0.00042088015201835764,-1.0156609690104492,0.3693803171418301,0.23567497435909315,-1.0156609690104492
0.16148503962904215,0.07762469071894884,0.9590915367007256,0.7487828973680735,0.06575782876461744,0.0004203769245809348,-0.8948167662296259,0.3221694997701896,0.2051301736301474,-0.8948167662296259
0.29258963372558355,0.04148338362574577,0.5184249132871628,0.9202806474640965,0.21984493918716908,0.000420264699202755,-0.7643848423155712,0.2680830025512492,0.2260068055665568,-0.7643848423155712
0.09217582643032074,0.052128132432699203,0.884478515945375,0.9082846399396658,0.2514633424580097,0.00042023618198831563,-0.9860134193974526,0.34963665810203,0.2255075580556523,-0.9860134193974526
0.28403351083397865,0.06503784470260143,0.3155577378347516,0.9306147024035454,0.11078854836523533,0.00042004709650147467,-0.7766373487147952,0.2516563181959519,0.23737519494588688,-0.7766373487147952
0.3548534270375967,0.009250706061720848,0.9973490601405501,0.6591047681868076,0.06422012951225042,0.0004193958617537015,-0.8043919066987538,0.3000462931019928,0.21443041192971435,-0.8043919066987538
0.21695120073854923,0.3787197479978204,0.9099932909011841,0.9933807775378227,0.02088760118931532,0.00041881835004365346,-0.7598684495671064,0.28976664715973,0.2471938980415142,-0.7598684495671064
0.2729531479999423,0.10139117762446404,0.9656059285625815,0.6354958787560463,0.0036376025527715683,0.000418558527234994,-0.8777833379138635,0.3240358060776638,0.19376225840541048,-0.8777833379138635
0.03355189319700003,0.14363989885896444,0.7486387267708778,0.8215370504185557,0.011731984093785286,0.00041824677009473927,-0.9686868337129678,0.35256922333439833,0.25157066938036093,-0.9686868337129678
0.08425964042544365,0.14421556051820517,0.16020798031240702,0.9963253680616617,0.06530731450766325,0.00041813530855067024,-0.9930705900033452,0.3622822461235075,0.2563489257593928,-0.9930705900033452
0.17990541458129883,0.190859398804605,0.6116050090640783,0.9741918640211225,0.028691930696368217,0.0004180252328157516,-0.8002535879684612,0.28991937776942206,0.25120783831567656,-0.8002535879684612
0.02964441478252411,0.06328724883496761,0.6707698414102197,0.8559151161462069,0.09776776004582644,0.0004178434303959568,-0.9619313741577148,0.3509444941666121,0.26939847955089646,-0.9619313741577148
0.2233714833855629,0.04142710007727146,0.019196749664843082,0.8851707056164742,0.061238608323037624,0.00041702931197512864,-0.975481968380128,0.3201909255078945,0.27465262596214873,-0.975481968380128
0.11610102374106646,0.05345101188868284,0.9570090910419822,0.731116397306323,0.058746849186718464,0.0004169254008461395,-0.9564348118396938,0.34189595454212535,0.20472952805387556,-0.9564348118396938
0.07257520593702793,0.5188356740400195,0.7950126565992832,0.9989208187907934,0.03665605280548334,0.0004169219175613844,-0.9242721808060349,0.34231872194998425,0.24248080898233207,-0.9242721808060349
0.26590821985155344,0.11068846937268972,0.7565937573090196,0.8562634810805321,0.04413475561887026,0.00041640206039588487,-0.7339726992103653,0.2546765050349451,0.19741084284315438,-0.7339726992103653
0.037225525826215744,0.23103487398475409,0.707268831320107,0.9130502501502633,0.022054285742342472,0.0004161238883567252,-0.9176649957566952,0.34732244838970616,0.29403273875328995,-0.9176649957566952
0.10999234206974506,0.0378502681851387,0.5342765199020505,0.8762415926903486,0.13907800428569317,0.00041548173530083827,-0.9136721508479999,0.31846503085065675,0.2696108949302199,-0.9136721508479999
0.006117247976362705,0.10463353246450424,0.14483779855072498,0.9700819551944733,0.11643268261104822,0.0004153153253288793,-1.0564875530552278,0.38530696586573576,0.28326682162175854,-1.0564875530552278
0.17169391456991434,0.17446235101670027,0.9670414803549647,0.8171611791476607,0.04999231453984976,0.0004150503632390247,-0.8294988303825916,0.3112270377775582,0.2246601740683297,-0.8294988303825916
0.010157362557947636,0.05694763269275427,0.4425429366528988,0.8441128693521023,0.032222884707152843,0.00041464692534697365,-1.034899870212974,0.3595891668044687,0.23072574672810967,-1.034899870212974
0.05645807459950447,0.07765942346304655,0.4169016759842634,0.9496033852919936,0.15772483218461275,0.00041450750970646036,-0.9604307018082059,0.3455623964353211,0.27956591334641456,-0.9604307018082059
0.14794513769447803,0.15836505591869354,0.7630879431962967,0.9616007404401898,0.20737130753695965,0.0004143004449107728,-0.8343921791533682,0.31324116059889084,0.24766446018257018,-0.8343921791533682
0.09585728496313095,0.10791947785764933,0.3902136040851474,0.929432456381619,0.10114524979144335,0.00041425287690282123,-0.9162252024136278,0.3275441440259581,0.2673263370734334,-0.9162252024136278
0.09090831875801086,0.010515986941754818,0.9237386779859662,0.8526604110375047,0.2352256253361702,0.0004141310894506757,-1.0062567722248483,0.35040161643207546,0.21962657560715723,-1.0062567722248483
0.1456418102607131,0.17144802678376436,0.2192298360168934,0.998364188708365,0.03332992736250162,0.0004139090212033212,-0.9318786991079918,0.33163181785776014,0.24373638713364887,-0.9318786991079918
0.18837090209126472,0.045321280136704445,0.45349655114114285,0.8818609723821282,0.14218341559171677,0.0004138852520403561,-0.8472463790594508,0.2883562776821018,0.2542120722386317,-0.8472463790594508
0.04181042592972517,0.0011867452412843704,0.7934612892568111,0.8604700230062008,0.2077030073851347,0.0004137296173279051,-1.019969919889293,0.36292039012131183,0.23387954209354359,-1.019969919889293
0.22930561751127243,0.002622920088469982,0.8287865249440074,0.9301529675722122,0.31829704344272614,0.00041360247810727507,-0.9251111222413283,0.33706353857013704,0.2336385465849363,-0.9251111222413283
0.06352722644805908,0.15880545042455196,0.508551461622119,0.9208404002711177,0.04441623669117689,0.0004135641773519842,-0.9202179787449302,0.3337828669838137,0.26980587077506957,-0.9202179787449302
0.37722880858927965,0.01541859656572342,0.7361448518931866,0.9206172227859497,0.11035367101430893,0.000413340523701323,-0.6432773449185553,0.21344720073227133,0.22617806129984444,-0.6432773449185553
0.45489596016705036,0.0002179192379117012,0.9213230926543474,0.9334494285285473,0.2443989971652627,0.00041330476997078784,-0.6899863613369329,0.27516329559616226,0.29899858060125817,-0.6899863613369329
0.18048906978219748,0.12465925235301256,0.7144104624167085,0.92526650801301,0.13330549281090498,0.00041328858707173047,-0.7758273034753935,0.2881681657943942,0.25418275003935487,-0.7758273034753935
0.14767898619174957,0.09189711418002844,0.16054013092070818,0.8729146411642432,0.00029634125530719757,0.0004130533049951039,-1.008528683978155,0.33988964828233703,0.23144102855909168,-1.008528683978155
0.34910773672163486,0.0546556506305933,0.8656864818185568,0.9079187158495188,0.1863538222387433,0.00041298512465414263,-0.6622192797996749,0.25489069358362654,0.2332618792796226,-0.6622192797996749
0.015555058605968952,0.18658776581287384,0.8558761104941368,0.9073322452604771,0.11202982440590858,0.00041246847901190114,-0.921524822230022,0.35523805805009107,0.303445069842914,-0.921524822230022
0.35655320528894663,0.024417405016720295,0.5133447768166661,0.9521518237888813,0.23779581859707832,0.00041242892766825087,-0.7300935595274141,0.25639605743452515,0.2377746397283712,-0.7300935595274141
0.12857157364487648,0.09803150873631239,0.20248271711170673,0.8773664925247431,0.005230908282101154,0.0004119376834783261,-1.0039527841293063,0.34073670963005126,0.22816677752118453,-1.0039527841293063
0.025505135767161846,0.06181500665843487,0.6293761022388935,0.878672182559967,0.1235776748508215,0.00041179115743551433,-0.9614753384900897,0.35014671365201233,0.28525940454678056,-0.9614753384900897
0.20311892312020063,0.19581245817244053,0.7335244109854102,0.9976284354925156,0.0557234063744545,0.00041137812658899146,-0.7552637160594609,0.2876349858573116,0.24026729539140726,-0.7552637160594609
0.06919713411480188,0.041409071534872055,0.8248048257082701,0.8215735172852874,0.1340773282572627,0.00041090031205679426,-0.9503756404498194,0.3408897340037425,0.25755115545983265,-0.9503756404498194
0.16517385840415955,0.12136881425976753,0.17209109384566545,0.9642608091235161,0.07250784151256084,0.00041084584135062774,-0.9271716875690258,0.3256935025311873,0.2511420267052901,-0.9271716875690258
0.12082351371645927,0.0660228868946433,0.6562430299818516,0.9229375338181853,0.2270504543557763,0.0004108245333529615,-0.923923108138248,0.32754411506377534,0.23811215482033493,-0.923923108138248
0.1490807794034481,0.4225669279694557,0.9342153640463948,0.8988270768895745,0.0077980803325772285,0.000410823341862497,-0.852109391834036,0.3176895498456726,0.2421661402809674,-0.852109391834036
0.47474558278918266,0.010187515057623386,0.9785597221925855,0.9925166117027402,0.09536818042397499,0.0004107351896926386,-0.6362910138340521,0.24211206762731574,0.26281003282958326,-0.6362910138340521
0.08761998638510704,0.19684046227484941,0.7993586650118232,0.9533842448145151,0.12466699443757534,0.0004105452090721413,-0.8453451893895151,0.3270156808737014,0.2941425469314666,-0.8453451893895151
0.3291085185483098,0.08267748821526766,0.9411028493195772,0.7303524175658822,0.01674705743789673,0.00041049590889126914,-0.7656363164912594,0.2806297035023511,0.19956424207557452,-0.7656363164912594
0.29358399752527475,0.029626157134771347,0.9992792746052146,0.7803336605429649,0.20391745772212744,0.00041030150625025625,-0.7996653345281043,0.2999229568101061,0.2326390840397761,-0.7996653345281043
0.3028064975515008,0.026004474610090256,0.7805767962709069,0.72256441693753,0.04177929647266865,0.000409984135841533,-0.7961252176996021,0.2732416913645723,0.18229784821005587,-0.7961252176996021
0.37372184824198484,0.02278218511492014,0.885771450586617,0.8768317587673664,0.194606376811862,0.0004097017356039158,-0.6720015831420233,0.2593194845276725,0.25100109316848346,-0.6720015831420233
0.021420027129352093,0.09906714037060738,0.26854597218334675,0.9216228425502777,0.06639281939715147,0.0004090720367097235,-1.0259400328023336,0.36731886024079613,0.25332422044429204,-1.0259400328023336
0.1701837843284011,0.04115820862352848,0.8544744485989213,0.7017326531931758,0.03639068827033043,0.0004086712709290607,-0.9304672552153157,0.32521850591700363,0.18675023257315962,-0.9304672552153157
0.09305900800973177,0.007319727912545204,0.09077324066311121,0.8280076431110501,0.00649604108184576,0.00040865789784605395,-1.1058140844407847,0.3749028666607143,0.2307732022883437,-1.1058140844407847
0.043733772821724415,0.11236300971359015,0.2297338368371129,0.9300168920308352,0.055046552792191505,0.00040862468581477043,-1.0202413839300117,0.3634089366763665,0.2482563734065682,-1.0202413839300117
0.0265922574326396,0.11850334983319044,0.1702710036188364,0.9959495915099978,0.15987239684909582,0.00040825245208846997,-1.0364636783394787,0.37880965325356514,0.27960371207859824,-1.0364636783394787
0.20176952425390482,0.11196764558553696,0.8554836474359035,0.7822049567475915,0.047018867917358875,0.00040803917250388733,-0.8241715635580925,0.29335495171986553,0.20037678327524633,-0.8241715635580925
0.15204153675585985,0.07767125684767962,0.7400883296504617,0.7649095878005028,0.02195873949676752,0.00040800409099574155,-0.9070620590592923,0.3136105125779371,0.20348347476940504,-0.9070620590592923
0.21274488139897585,0.06600759271532297,0.43829296063631773,0.8615347221493721,0.09326622355729342,0.0004078574143774211,-0.8233042821736228,0.2765712258560106,0.22870776740964371,-0.8233042821736228
0.40856515523046255,0.0002590073272585869,0.7263339813798666,0.9624089626595378,0.2796499188989401,0.000407641885838412,-0.7326179720799321,0.2795451617778236,0.2703484432748431,-0.7326179720799321
0.11062901001423597,0.39514939207583666,0.882559566758573,0.9404403269290924,0.039454709738492966,0.0004075146372318786,-0.8508515936319481,0.3215368126226078,0.2641198747839283,-0.8508515936319481
0.27329702116549015,0.0054421741515398026,0.480082917958498,0.7950230445712805,0.09090329054743052,0.00040736933883336933,-0.8085250849972409,0.26597643123664405,0.2137174202764406,-0.8085250849972409
0.3332702722400427,0.0421575577929616,0.9776195054873824,0.5042348830029368,0.011414441280066967,0.00040694015679045,-0.9579070344953236,0.3479973792180986,0.2301680895527497,-0.9579070344953236
0.2817549714818597,0.07728252839297056,0.6701458254829049,0.9043502248823643,0.1318763019517064,0.0004064322953611606,-0.690582525116963,0.24475920309803148,0.22308431647485,-0.690582525116963
0.1066371938213706,0.13321610633283854,0.6726847309619188,0.9503554590046406,0.20216977316886187,0.00040610806753259564,-0.8821982601249335,0.3256721605019935,0.26178036280522,-0.8821982601249335
0.07896167878061533,0.4783400120213628,0.8166121700778604,0.9163600457832217,0.0010660067200660706,0.0004059785343200672,-0.9285019878332658,0.33741286477134075,0.2502588030307027,-0.9285019878332658
0.12474036682397127,0.1876583769917488,0.2776832841336727,0.9959169467911124,0.03807639889419079,0.00040588089441121855,-0.9212466093104138,0.333545179833494,0.2503383812468379,-0.9212466093104138
0.021710100583732128,0.10763969365507364,0.9580175671726465,0.752687718719244,0.04033680632710457,0.0004057699426906955,-1.0098657672100062,0.3692693581671568,0.22441610925369665,-1.0098657672100062
0.09532466158270836,0.45443777088075876,0.9435265110805631,0.9560714429244399,0.054588817059993744,0.0004055436489007549,-0.8817809599790704,0.33389774932324856,0.24953338771435285,-0.8817809599790704
0.01814728882163763,0.16936161648482084,0.8343546390533447,0.9332148423418403,0.16232403554022312,0.0004050302721516528,-0.9316177685365241,0.3554881975666182,0.29775970134558666,-0.9316177685365241
0.11249589174985886,0.20481419004499912,0.82606540620327,0.8840657249093056,0.04765526670962572,0.00040496462602454937,-0.8507856588006792,0.3202093766852924,0.25915824842773066,-0.8507856588006792
0.25299231614917517,0.09147284924983978,0.929644763469696,0.6143127651885152,0.006528795696794987,0.0004048239153085765,-0.908969706026099,0.3294371250766153,0.18898838544000104,-0.908969706026099
0.1749338787049055,0.16226620972156525,0.7018427168950438,0.9587459228932858,0.12056335899978876,0.0004047834784863837,-0.7637771710073996,0.29141220222544806,0.26165235169195983,-0.7637771710073996
0.18382252100855112,0.06324245035648346,0.4862660299986601,0.921225112862885,0.20692442450672388,0.0004045458765797106,-0.8643328975617357,0.30155914915207954,0.2374677869633734,-0.8643328975617357
0.12183848768472672,0.13625898957252502,0.21424310468137264,0.911345548927784,0.013411834836006165,0.00040416323189742615,-0.9807531776686473,0.3387809138072114,0.2360389812976155,-0.9807531776686473
0.1314071463420987,0.15797717217355967,0.3504033423960209,0.9225612068548799,0.02236709278076887,0.00040400541377909826,-0.9142954675766718,0.31834718960888436,0.24128063501470023,-0.9142954675766718
0.1116365808993578,0.10509642213582993,0.701930838637054,0.832155697979033,0.05654410272836685,0.0004039415322330158,-0.8906143147910269,0.315848077019008,0.2367155464618592,-0.8906143147910269
0.2273120442405343,0.024776908569037914,0.8647952415049076,0.671684006229043,0.05455086566507816,0.00040391102168830996,-0.8944820363359586,0.31353538982430573,0.18154545274045267,-0.8944820363359586
0.2665061019361019,0.04857798106968403,0.0058753592893481255,0.905560496263206,0.10622197762131691,0.0004034569508601684,-0.9189096384185177,0.3023960578304631,0.3026492761431919,-0.9189096384185177
0.1168060339987278,0.018489710986614227,0.9516889099031687,0.7969541056081653,0.18723586481064558,0.00040343777958959484,-0.9624549737841055,0.3360089171333611,0.225280352683462,-0.9624549737841055
0.023696107789874077,0.04976677428930998,0.3529054969549179,0.9113630019128323,0.13374036643654108,0.00040342094088690705,-1.0116012589243057,0.3591926661949493,0.2810725601907033,-1.0116012589243057
0.44356190226972103,0.005754852667450905,0.9960952391847968,0.8900211211293936,0.26460343040525913,0.0004028331369003752,-0.7244512642512116,0.28788867730582424,0.3140910838316731,-0.7244512642512116
0.22157442942261696,0.16053665429353714,0.12214794475585222,0.9749295227229595,0.006163983605802059,0.0004024376595768852,-0.9243502557460368,0.3113733119025465,0.24818846711371664,-0.9243502557460368
0.038193175569176674,0.4708341956138611,0.9622666165232658,0.9241735320538282,0.03659663908183575,0.00040212433637736006,-0.9531117363537074,0.35596716649646526,0.24822513589937809,-0.9531117363537074
0.17884453292936087,0.036724469624459743,0.3252295097336173,0.9052975513041019,0.17769771628081799,0.00040198997301183056,-0.908175957859609,0.30995519973537994,0.2497511809621526,-0.908175957859609
0.030751390382647514,0.5453148018568754,0.6794952834025025,0.9544495781883597,0.003726107068359852,0.00040194907874067384,-0.9886641268249785,0.3534517371497532,0.2506126595971289,-0.9886641268249785
0.10618423111736774,0.13926479313522577,0.9005750697106123,0.8190097697079182,0.08184804487973452,0.00040187092962196835,-0.8851994782686942,0.32483186424278343,0.24390563024387946,-0.8851994782686942
0.2058151764795184,0.037898166105151176,0.37124849297106266,0.8148416290059686,0.05623129941523075,0.0004015340489755477,-0.8952277825115865,0.29270508346319635,0.21148006449242956,-0.8952277825115865
0.26485160645097494,0.012567407451570034,0.7251488249748945,0.738328249193728,0.07950717490166426,0.00040124819630472464,-0.8123975707440091,0.28085691926671985,0.19078217361293062,-0.8123975707440091
0.22617195919156075,0.0034354887902736664,0.9724685698747635,0.6095341602340341,0.07360715232789516,0.00040114287032140745,-0.9489507477635617,0.34069007766103304,0.1906683708226147,-0.9489507477635617
0.0759406229481101,0.07738726865500212,0.9848591824993491,0.8682608883827925,0.23375722393393517,0.00040103924448491713,-0.9934874990169585,0.34970175256159874,0.22909356663126693,-0.9934874990169585
0.31903979647904634,0.0695733418688178,0.08681456372141838,0.9824943812564015,0.09555891714990139,0.0004009705693855684,-0.8398874742734492,0.26766759740510915,0.2711218134759758,-0.8398874742734492
0.34290741477161646,0.1036674166098237,0.8208613572642207,0.977266981266439,0.2326327357441187,0.0004008468988149895,-0.6744956293362327,0.26625345790154226,0.22949177427851636,-0.6744956293362327
0.25245769415050745,0.1925360793247819,0.7532331142574549,0.999361046589911,0.01647106744349003,0.00040063375186139504,-0.7413718157143117,0.2668284394909365,0.23392676420044536,-0.7413718157143117
0.20831353217363358,0.0800941837951541,0.892039424739778,0.7506677052006125,0.0719637181609869,0.00040043763247659905,-0.8365980744664121,0.2989757085817347,0.1966983523658005,-0.8365980744664121
0.13693923503160477,0.38554947450757027,0.9605176914483309,0.8514067120850086,0.0028489697724580765,0.00039999351058346767,-0.8701064862751564,0.3264083013918178,0.24579935594995034,-0.8701064862751564
0.3057446675375104,0.0959275932982564,0.4358548950403929,0.8990719523280859,0.008697033859789371,0.00039977816366011773,-0.7758976855178059,0.2195111001193667,0.2088441353834483,-0.7758976855178059
0.05480244290083647,0.17703017219901085,0.7900927802547812,0.9712823750451207,0.22789184842258692,0.00039972761307369766,-0.9371523077600894,0.3495504172203103,0.2673908393198223,-0.9371523077600894
0.264551798813045,0.10197995696216822,0.49531703535467386,0.9640283277258277,0.14360203221440315,0.00039957614754790647,-0.718707960965449,0.250853203912189,0.23476917163683092,-0.718707960965449
0.2227467568591237,0.10405686404556036,0.7689700601622462,0.8690839586779475,0.12427342496812344,0.0003986975047517617,-0.7458625416949569,0.2727853867478896,0.23123335564461345,-0.7458625416949569
0.04136645048856735,0.25922967959195375,0.7607695506885648,0.9826074717566371,0.1206913972273469,0.00039859252823622133,-0.8691947872753856,0.34204369103160615,0.32646656408664604,-0.8691947872753856
0.03960258327424526,0.012258416973054409,0.1890648826956749,0.8358230292797089,0.033966087736189365,0.00039838756281990835,-1.0975976821541586,0.37710784314140466,0.2268634286726926,-1.0975976821541586
0.23152657225728035,0.24840565212070942,0.9800520790740848,0.9474360756576061,0.057832809165120125,0.000398372935219813,-0.7255635495008486,0.2898020525542912,0.24047573570927144,-0.7255635495008486
0.196623126976192,0.09782746713608503,0.9277521464973688,0.6939293900504708,0.02995891682803631,0.0003983389954918391,-0.8933998374464701,0.31846575052551246,0.18749007045716265,-0.8933998374464701
0.1897678878158331,0.15529196429997683,0.6452512415125966,0.991287212818861,0.23633110709488392,0.0003981509731038744,-0.8115252269507737,0.306423154077868,0.24061704260759215,-0.8115252269507737
0.001115439459681511,0.05984673462808132,0.8267350252717733,0.7389260036870837,0.023707482032477856,0.00039801725212321957,-1.04371034581554,0.37590468123813947,0.21568593390673585,-1.04371034581554
0.0782136619091034,0.028951098211109638,0.19794282782822847,0.8906456809490919,0.11928330641239882,0.00039775948316316705,-1.0263271213836789,0.35480093339457036,0.2756791269515778,-1.0263271213836789
0.01075915526598692,0.1254456164315343,0.06840175297111273,0.93478022236377,0.04085232876241207,0.0003976534157853613,-1.091956837074038,0.38935152563744985,0.2545429867552014,-1.091956837074038
0.035540915094316006,0.4155755415558815,0.5296931434422731,0.9811893934383988,0.013913094997406006,0.00039743091779599285,-0.9357386522150526,0.3412761942230487,0.3033810991532118,-0.9357386522150526
0.0388811556622386,0.021816037595272064,0.08578525111079216,0.8828341020271182,0.09208493400365114,0.0003974238511338525,-1.094445026967089,0.3810794461912879,0.2748161365277378,-1.094445026967089
0.11390324961394072,0.16156096663326025,0.40697598177939653,0.9487393852323294,0.06338839326053858,0.00039737881548444016,-0.8854554325145605,0.3202233066161744,0.25931703725645805,-0.8854554325145605
0.20026607811450958,0.027034099213778973,0.9029609253630042,0.5401717750355601,0.004133504815399647,0.0003973576248079866,-1.0299084942176246,0.3670941051003828,0.19408712106722595,-1.0299084942176246
0.12734318803995848,0.15491022542119026,0.5748975304886699,0.9185764789581299,0.07570512685924768,0.00039661254534728005,-0.8369799033183001,0.30737258859891775,0.26521694432808596,-0.8369799033183001
0.1775590842589736,0.10232264455407858,0.40707161370664835,0.8226459650322795,0.0024210140109062195,0.00039603554293916903,-0.9122746179893239,0.3045686905889159,0.21478346818637659,-0.9122746179893239
0.21402267087250948,0.014446788467466831,0.2940074475482106,0.9134056409820914,0.2266155807301402,0.00039581526120637526,-0.9274235318629971,0.31296172331251243,0.23727766051794202,-0.9274235318629971
0.3228434147313237,0.021771617233753204,0.25938533432781696,0.8584640631452203,0.052853021770715714,0.00039578964517693647,-0.8270565711309,0.24402020881200837,0.2267368895841284,-0.8270565711309
0.07297305297106504,0.13196708634495735,0.42664450127631426,0.8566595921292901,0.010353845544159412,0.00039561576569855733,-0.9702094475427154,0.33827157689877607,0.24146232843491022,-0.9702094475427154
0.174084160476923,0.02739606983959675,0.8257340379059315,0.7584586860612035,0.11168977990746498,0.00039560754844884577,-0.8815932151756961,0.3101898353732201,0.2175167501278355,-0.8815932151756961
0.005461038090288639,0.09416889119893312,0.5817237738519907,0.8243422172963619,0.028840405866503716,0.0003953548758816416,-1.0054723406741028,0.35826465930882045,0.24729535607993416,-1.0054723406741028
0.07369789853692055,0.1229284880682826,0.8037265948951244,0.8162045581266284,0.06471573654562235,0.00039504965926537246,-0.9198279094843013,0.33174722474653123,0.24598969799949166,-0.9198279094843013
0.10145839862525463,0.023387485183775425,0.14046232588589191,0.956577411852777,0.22051594220101833,0.0003950461596937035,-1.0626258852470563,0.36297113463556885,0.2489728275708793,-1.0626258852470563
0.2947937101125717,0.056653901003301144,0.9709421638399363,0.6911113830283284,0.08141083363443613,0.00039501806886860306,-0.798312062119512,0.29594496242883456,0.1939174213739783,-0.798312062119512
0.3660308048129082,0.056287532672286034,0.7352120783179998,0.9837255124002695,0.13484887685626745,0.0003947660675321887,-0.629350758863282,0.21639200735899025,0.22016282588740835,-0.629350758863282
0.1462712287902832,0.018822132609784603,0.07200322579592466,0.9147670790553093,0.17944877222180367,0.000394743898073497,-1.0287174114323334,0.3459530509732442,0.28104977882815235,-1.0287174114323334
0.2944499859586358,0.08619234059005976,0.4583882996812463,0.8506749896332622,0.01361488364636898,0.00039467976809926664,-0.7837459890590871,0.23353855407684423,0.20149575376776965,-0.7837459890590871
0.2639422742649913,0.09033223893493414,0.7544838665053248,0.9349283538758755,0.25793256517499685,0.0003946758543728223,-0.78296923735058,0.2916478011364367,0.22588692605287417,-0.78296923735058
0.10643112659454346,0.11198180727660656,0.049995738081634045,0.9725149851292372,0.13267306331545115,0.00039464842744855213,-1.009449854849461,0.35837007223998446,0.294160326594506,-1.009449854849461
0.1404696675017476,0.08529133535921574,0.9154780423268676,0.6638622656464577,0.011910371482372284,0.00039444993271763707,-0.9740257485945553,0.34611633742809295,0.18893810754262574,-0.9740257485945553
0.10853878129273653,0.013583295047283173,0.7613929389044642,0.9641550127416849,0.3042556084692478,0.0003943173347064246,-1.0150436859632097,0.36315513834010527,0.22093514602099204,-1.0150436859632097
0.09982057102024555,0.11255629267543554,0.8929913239553571,0.7467628801241517,0.034823701716959476,0.0003941539631821476,-0.9451466745415614,0.33530856394724773,0.2128902527015625,-0.9451466745415614
0.05157484486699104,0.08680765423923731,0.7047779392451048,0.8022401332855225,0.04245385341346264,0.0003940009938913785,-0.9652712709587622,0.34186700830943273,0.2365388407801654,-0.9652712709587622
0.0572850639000535,0.004070478491485119,0.1072533018887043,0.8930767476558685,0.1355140907689929,0.0003936570812942767,-1.0791660525674145,0.37170679275637786,0.28966683632108736,-1.0791660525674145
0.19745904672890902,0.17378088273108006,0.9837664570659399,0.9000489134341478,0.18684384506195784,0.0003935336514416907,-0.7864781630351083,0.30023119818312666,0.24167251335381443,-0.7864781630351083
0.24423185922205448,0.05016666278243065,0.7327754506841302,0.8101209541782737,0.12552102468907833,0.00039289305430571103,-0.7683507058194488,0.27231912162099403,0.2186970957568941,-0.7683507058194488
0.01576229650527239,0.027348656207323074,0.018298323266208172,0.948767738416791,0.19299331307411194,0.0003921298129194534,-1.1401530537365767,0.39613888453629115,0.2732355222545495,-1.1401530537365767
0.08892732672393322,0.11815218813717365,0.11556542292237282,0.9065803801640868,0.02753060683608055,0.0003916049485699595,-1.0364404479189888,0.3581886126847046,0.24445935232218338,-1.0364404479189888
0.17588818818330765,0.14260032773017883,0.7843673303723335,0.8482083166018128,0.07289223000407219,0.00039135750579333923,-0.7982763956351132,0.2906868900245862,0.22961547630938411,-0.7982763956351132
0.3252197038382292,0.09619807917624712,0.9734119167551398,0.7947841426357627,0.06858616322278976,0.000391189018217539,-0.6974033112957934,0.2644519539600537,0.20458394319619833,-0.6974033112957934
0.25436241179704666,0.011499239131808281,0.10665583983063698,0.8447047676891088,0.10334627609699965,0.000391169831571315,-0.9245918563500817,0.30070397580344677,0.2812597993202079,-0.9245918563500817
0.17307979706674814,0.08558383025228977,0.6354625802487135,0.8342858348041773,0.08700711466372013,0.00039101361237588563,-0.8286486182737999,0.29093131857526555,0.23074527050944926,-0.8286486182737999
0.2353652799502015,0.03324897587299347,0.9197855815291405,0.8986181598156691,0.30906207393854856,0.00039075141820744806,-0.9066071297270603,0.32933083375716526,0.2402003025271811,-0.9066071297270603
0.12152096349745989,0.19861326087266207,0.9645012654364109,0.8346436200663447,0.0745202312245965,0.00039063673397118643,-0.8561415916636324,0.3230495173357002,0.2508892901440341,-0.8561415916636324
0.3177731605246663,0.07467259652912617,0.6553757674992085,0.8158510634675622,0.011139952577650547,0.0003905588799254871,-0.7442153574134569,0.2364541876370822,0.19583680438151788,-0.7442153574134569
0.24759851768612862,0.050412388518452644,0.496465016156435,0.9792117411270738,0.29130246490240097,0.00039039619307469804,-0.8695566072326731,0.30995331464148107,0.23259404194502964,-0.8695566072326731
0.009131385013461113,0.13848378509283066,0.9170541716739535,0.9021375933662057,0.21843397710472345,0.00039035049211184344,-1.0008183131326898,0.36454654713462115,0.25695005604872256,-1.0008183131326898
0.035173351876437664,0.02843551803380251,0.6407744772732258,0.7865938907489181,0.05173475481569767,0.00039032229247888873,-1.00736370103341,0.3557049367970566,0.22904224480459234,-1.00736370103341
0.04419752024114132,0.5910650808364153,0.9872140502557158,0.9911020584404469,0.02969073038548231,0.0003903201252286383,-1.0013228803035887,0.3672993547115126,0.2062206890310355,-1.0013228803035887
0.20507137849926949,0.1419069403782487,0.7676442684605718,0.9315917901694775,0.19411688297986984,0.0003897183426792191,-0.7682209176771597,0.2891833019823048,0.232031514151628,-0.7682209176771597
0.065518400631845,0.08114507421851158,0.5750460391864181,0.7944286214187741,0.014739535748958588,0.0003896486256363672,-0.9837018094489999,0.3428289816667613,0.22605701499279104,-0.9837018094489999
0.17732923198491335,0.14547517150640488,0.5096022672951221,0.9834718191996217,0.20940465107560158,0.0003895606721530563,-0.8209624064276739,0.3040469527635766,0.24991667918922314,-0.8209624064276739
0.2519400082528591,0.13918618950992823,0.6918487548828125,0.9079547356814146,0.05820989981293678,0.00038915679384735974,-0.7176783669617589,0.2535187193023268,0.21041951286468297,-0.7176783669617589
0.30422508623450994,0.12708962429314852,0.91792584490031,0.8532144194468856,0.05930530373007059,0.0003887945296158146,-0.685660485860991,0.25545509852568377,0.20139687493918154,-0.685660485860991
0.059539695270359516,0.1349006900563836,0.0033560767769813538,0.9987618066370487,0.17406738083809614,0.0003887444570387773,-1.0654812847093316,0.3816408233859072,0.2897017956938349,-1.0654812847093316
0.3424313524737954,0.024285191670060158,0.9033671533688903,0.9910578047856688,0.41416509449481964,0.0003885597759136272,-0.9193283012565207,0.34382299425079826,0.26688049652030416,-0.9193283012565207
0.041593984700739384,0.24709768313914537,0.13038374576717615,0.9574566688388586,0.0006278026849031448,0.00038839758191613866,-1.0417415181440035,0.38036726998233744,0.26705487416428136,-1.0417415181440035
0.09194993879646063,0.1849154308438301,0.4685718286782503,0.8931012935936451,0.015185797587037086,0.000388033761128651,-0.9148702501015221,0.32637133905871335,0.2646404290379811,-0.9148702501015221
0.34921073634177446,0.13587068021297455,0.96844666544348,0.9915730459615588,0.0421900674700737,0.0003879307042571223,-0.6728309302002937,0.23896980759260064,0.21788298889462895,-0.6728309302002937
0.285894388332963,0.04748951178044081,0.6295159496366978,0.8610624577850103,0.1539174746721983,0.00038771065532730494,-0.7165526989196002,0.2501261435557966,0.22518415598965294,-0.7165526989196002
0.1162062268704176,0.16483446396887302,0.575826340354979,0.9819208029657602,0.1782874222844839,0.000387529238340226,-0.846098160624726,0.3197979838569863,0.2819895944730762,-0.846098160624726
0.116818742826581,0.556958076544106,0.4977605603635311,0.9893878223374486,0.005163373425602913,0.00038732411280572893,-0.9359239199577871,0.3259801409827005,0.23631472695628616,-0.9359239199577871
0.27793112862855196,0.0024821562692523003,0.8438740205019712,0.6825432488694787,0.09928917232900858,0.00038730537315128435,-0.8355984330455887,0.2989766187791039,0.19312885953746478,-0.8355984330455887
0.18089029751718044,0.450952984392643,0.8741864142939448,0.9855905119329691,0.04546204302459955,0.0003871868703196827,-0.7905006820724633,0.29962455173345526,0.23331453623278378,-0.7905006820724633
0.29302048310637474,0.0924698943272233,0.24954086262732744,0.9810366062447429,0.14182808808982372,0.0003866620578761824,-0.7741966647914894,0.2615701520058231,0.24787168823353378,-0.7741966647914894
0.21102833189070225,0.18099178187549114,0.8155882302671671,0.8405957836657763,0.0228263596072793,0.000386450356010687,-0.7812254431710423,0.28440513715960575,0.2225591250081974,-0.7812254431710423
0.032773508690297604,0.14879829622805119,0.05604599416255951,0.9728868892416358,0.100284812040627,0.0003860120953510798,-1.052468822027903,0.38401423709055693,0.289821292962202,-1.052468822027903
0.084857695735991,0.2063408214598894,0.9109239084646106,0.7652879068627954,0.003094533458352089,0.0003854863067915573,-0.9420269043841728,0.3464187040465629,0.23825941178789128,-0.9420269043841728
0.2673492021858692,0.11686305608600378,0.543108438141644,0.975905679166317,0.17381202895194292,0.0003852784681437097,-0.7080121895250309,0.2594023586498497,0.22831333110117133,-0.7080121895250309
0.048964870162308216,0.1465235110372305,0.4372938275337219,0.916857629083097,0.08053333219140768,0.00038493092581867337,-0.9341129004445292,0.34093705614239556,0.28090627785221356,-0.9341129004445292
0.16232853289693594,0.15101491287350655,0.8901091553270817,0.9081571185961366,0.2213457804173231,0.00038430080635223365,-0.8491558837081636,0.3080104899245677,0.23455633444487597,-0.8491558837081636
0.1207208950072527,0.2609601737931371,0.43040726985782385,0.9664391009137034,0.0065218424424529076,0.00038386729981488947,-0.8802818919769945,0.32075981770291556,0.28178312532405075,-0.8802818919769945
0.01950049865990877,0.02274149004369974,0.7082670060917735,0.850542826578021,0.1709689786657691,0.0003838330539671703,-1.0035811650990814,0.3602764670727744,0.26420102609414875,-1.0035811650990814
0.2910971362143755,0.04348846152424812,0.8049083761870861,0.786977899260819,0.12288437224924564,0.00038365245917265823,-0.7316032409956839,0.2647108365816156,0.2092706149806558,-0.7316032409956839
0.23870486672967672,0.10895523242652416,0.08031537663191557,0.9008049806579947,0.03243118803948164,0.0003835315047148886,-0.9273214080125237,0.30039830747995877,0.25228099837464,-0.9273214080125237
0.0816788412630558,0.4086877154186368,0.627984787337482,0.9889990650117397,0.041327839717268944,0.0003835283004878205,-0.8665666842107278,0.32336810210611056,0.29692521815751244,-0.8665666842107278
0.16498086974024773,0.02439516969025135,0.9194400254637003,0.7385301645845175,0.13315301481634378,0.0003830867096577239,-0.9098439311685071,0.3205657791719304,0.22001510610071104,-0.9098439311685071
0.17157045472413301,0.25606089644134045,0.8281281189993024,0.8877022499218583,0.009734747000038624,0.0003830717815819328,-0.8058205956459936,0.3027333733739199,0.2559455358842157,-0.8058205956459936
0.05689978413283825,0.18065268639475107,0.19148708414286375,0.9418074348941445,0.030412232503294945,0.0003830026538471046,-1.010277752197976,0.36302063708535875,0.2550532403229871,-1.010277752197976
0.04397033341228962,0.13457440584897995,0.6023904345929623,0.8971150740981102,0.1098670195788145,0.0003827937092741517,-0.9116075278895346,0.3371781235075169,0.29908752587084103,-0.9116075278895346
0.2691581705585122,0.11920385994017124,0.438719660975039,0.939137015491724,0.06983898021280766,0.00038277282597813417,-0.7414345924163726,0.23898678583384358,0.21150195605942598,-0.7414345924163726
0.09836992342025042,0.27050294261425734,0.6090558050200343,0.9705652333796024,0.03549969010055065,0.0003827337863400169,-0.8481469483070732,0.3206507281003971,0.29801527782984444,-0.8481469483070732
0.06255779229104519,0.4181360984221101,0.755506913177669,0.9319950304925442,0.029874857515096664,0.0003826207028923226,-0.8960325450636358,0.3317632374354338,0.2841446203535534,-0.8960325450636358
0.29045708384364843,0.10073381289839745,0.7490326818078756,0.870345750823617,0.08454817906022072,0.0003822764154511077,-0.6824297451741491,0.2420293629923163,0.1981443060245676,-0.6824297451741491
0.13958620093762875,0.13984492979943752,0.028369530104100704,0.9668214386329055,0.08955502696335316,0.00038224596273520685,-0.9839185666084088,0.3503129494700709,0.28508467601841225,-0.9839185666084088
0.12494171597063541,0.07038473710417747,0.8224981809034944,0.9485392244532704,0.2891167551279068,0.0003820668330769425,-0.9682232386299623,0.34482593215527113,0.2276142690285314,-0.9682232386299623
0.357805285602808,0.08074234146624804,0.9478217726573348,0.8924808679148555,0.21169313229620457,0.00038178412012427004,-0.6688801232848499,0.2643000429982127,0.247142165799461,-0.6688801232848499
0.0699642077088356,0.01386274304240942,0.829971726052463,0.6464535463601351,0.010595102794468403,0.00038167988549038425,-1.0603849090758521,0.37556601273327544,0.18664491088981994,-1.0603849090758521
0.4050030503422022,0.02663701307028532,0.9698493555188179,0.8122056080028415,0.05592854134738445,0.0003816633215310474,-0.6744267895352962,0.24732717679243377,0.23340311099075753,-0.6744267895352962
0.1711255293339491,0.01410024706274271,0.8667254559695721,0.767755439504981,0.16290845908224583,0.0003814863034924669,-0.9018159554136185,0.31378404325416365,0.22211547715661362,-0.9018159554136185
0.12161425407975912,0.003647107630968094,0.6377238659188151,0.8961629811674356,0.25320654921233654,0.00038147743096721213,-0.9803576202274595,0.33825870785496903,0.22784938941066857,-0.9803576202274595
0.03331247437745333,0.10854487866163254,0.33554617036134005,0.9806577349081635,0.21102887205779552,0.0003813751306583034,-1.0149786408743215,0.36623853751020896,0.2621325121346634,-1.0149786408743215
0.2809871966019273,0.04238088149577379,0.14089250471442938,0.8131679221987724,0.015895701944828033,0.000381367993536516,-0.9312293299726723,0.28906272669245026,0.23694365017448732,-0.9312293299726723
0.20786248613148928,0.08297190349549055,0.6831925762817264,0.8859121343120933,0.20847591571509838,0.00038118369014896613,-0.8115110203381193,0.2894285567670077,0.22403746926043114,-0.8115110203381193
0.10401994176208973,0.4257873725146055,0.8699211813509464,0.9720137845724821,0.08003135677427053,0.0003810750906748437,-0.840996181194354,0.3212529709765125,0.2714213559771922,-0.840996181194354
0.19102680031210184,0.09938927181065083,0.022807788103818893,0.9627721663564444,0.18248816393315792,0.0003807405680905907,-0.9679058850774215,0.33324922715566124,0.286579624609461,-0.9679058850774215
0.2994427066296339,0.06984454300254583,0.5023928256705403,0.8392894901335239,0.04592373874038458,0.00038060286998546107,-0.7505476899696976,0.22911386537327577,0.19147673295567802,-0.7505476899696976
0.07342793606221676,0.1267729215323925,0.154321045614779,0.975325227715075,0.1467909263446927,0.00038056333356288515,-0.9989741728281208,0.35951285286056633,0.28422854395943986,-0.9989741728281208
0.24354433454573154,0.012677251361310482,0.7089863000437617,0.9908248335123062,0.3605115804821253,0.0003805204763589776,-0.9385790674843263,0.3433096486948562,0.22920081481053603,-0.9385790674843263
0.12691322062164545,0.10336396656930447,0.7834950294345617,0.9107158090919256,0.23743952997028828,0.00038021442049636844,-0.9114440294110999,0.3220628184633928,0.23433187893930874,-0.9114440294110999
0.09419882018119097,0.096893560141325,0.5962486853823066,0.8918603593483567,0.14249622263014317,0.00038020103288419823,-0.8876545478737451,0.3176933825001316,0.28208051403801243,-0.8876545478737451
0.0033121928572654724,0.1704238373786211,0.3103937990963459,0.9565528063103557,0.09816753026098013,0.00038007945878381965,-0.98663281373179,0.36974275185859645,0.29524221336123924,-0.98663281373179
0.17557855788618326,0.026363680139183998,0.6009870246052742,0.8780932547524571,0.2329888455569744,0.0003800364214216489,-0.9057846941562774,0.3107284103405749,0.22781867871423284,-0.9057846941562774
0.18975614476948977,0.0014242269098758698,0.7606349987909198,0.7409920319914818,0.11788964364677668,0.00037984851667455385,-0.8862433063378502,0.30824383639718467,0.21495764319015612,-0.8862433063378502
0.3366167116910219,0.03020181879401207,0.41194811277091503,0.9164523491635919,0.15437006019055843,0.0003796914026429836,-0.7132655515948799,0.2270736854616007,0.23939442796767188,-0.7132655515948799
0.4115590713918209,0.06288319826126099,0.7394915828481317,0.9973012637346983,0.23966964427381754,0.0003795362894440806,-0.6508750390076411,0.25264395101133685,0.24412981656628,-0.6508750390076411
0.21945819351822138,0.16587009746581316,0.8906840914860368,0.9381604045629501,0.2345876768231392,0.00037944388464024564,-0.7862287228116709,0.29782470344728784,0.23091974322040795,-0.7862287228116709
0.005677509121596813,0.15270225144922733,0.4948011850938201,0.9778474178165197,0.1968874502927065,0.00037932474959207407,-0.9722851669642754,0.36359965127817595,0.2999917147033585,-0.9722851669642754
0.10002693813294172,0.01660251710563898,0.41132078878581524,0.8359776055440307,0.12208749167621136,0.00037925042937160064,-0.9662265544640338,0.33026553736003444,0.262179161635249,-0.9662265544640338
0.015642511658370495,0.33265658281743526,0.8027278333902359,0.9133204575628042,0.04242815636098385,0.000378952921387185,-0.9182151573104369,0.3505141372662521,0.3083345623942001,-0.9182151573104369
0.07004306744784117,0.14088263921439648,0.7028627516701818,0.8946629818528891,0.12537254951894283,0.00037877089380995124,-0.8821124803179248,0.32623813278088304,0.29293139657035083,-0.8821124803179248
0.1447825999930501,0.02119720634073019,0.34704273100942373,0.7844055816531181,0.04203423485159874,0.0003785307554049696,-0.9831197414445338,0.32602268827452874,0.21096885769640092,-0.9831197414445338
0.3131506396457553,0.05178229697048664,0.9056231947615743,0.7884305296465755,0.13789446838200092,0.00037845666660198986,-0.7112713453532191,0.26745720578836746,0.22126881890452943,-0.7112713453532191
0.22132753394544125,0.08625622745603323,0.9571154862642288,0.8155646976083517,0.2054264871403575,0.00037809662263726365,-0.8302445249684891,0.29861207467035783,0.21844009905441966,-0.8302445249684891
0.39099766220897436,0.11268924828618765,0.9090641960501671,0.9982679411768913,0.25382789224386215,0.00037790579461316454,-0.6636116820381777,0.27108335642918746,0.2596246906189237,-0.6636116820381777
0.1922858627513051,0.1697796555235982,0.5818111281841993,0.9509344035759568,0.09287289436906576,0.00037744324538702004,-0.7532446055931621,0.28015237279803856,0.25385828228992485,-0.7532446055931621
0.14882199931889772,0.06714557111263275,0.04897520784288645,0.9084205962717533,0.12188026122748852,0.00037722405988542486,-0.9972216743975066,0.3391937112690304,0.29620810286237464,-0.9972216743975066
0.23987210541963577,0.14582591596990824,0.7049269769340754,0.9263899670913815,0.1034364914521575,0.0003772124001824515,-0.7008831759821247,0.26068224876960044,0.2284535578280573,-0.7008831759821247
0.05665649101138115,0.06718899868428707,0.8565349038690329,0.8448243690654635,0.1984287742525339,0.00037703855240194304,-0.9801311156980591,0.34509251700921545,0.24065971748570159,-0.9801311156980591
0.1298417579382658,0.47349551133811474,0.41849334072321653,0.9950930783525109,0.013966502621769905,0.00037690004631375903,-0.8945531972858503,0.31640694117948914,0.2582806017913416,-0.8945531972858503
0.037996746599674225,0.2013699896633625,0.9723201282322407,0.7361158616840839,0.009574546478688717,0.0003766191032905404,-0.9949255659029103,0.36723359329874095,0.23452116075411725,-0.9949255659029103
0.24485465791076422,0.1130099231377244,0.4830017564818263,0.9512149877846241,0.18895066436380148,0.0003765285481396123,-0.7530207717658145,0.27112899882445307,0.23183672582105028,-0.7530207717658145
0.2872942481189966,0.1230365363880992,0.6027842033654451,0.9110097447410226,0.04107782989740372,0.00037647926497643146,-0.7104268510900567,0.2273385970081347,0.20127869879643706,-0.7104268510900567
0.1373884230852127,0.028291257098317146,0.6076988251879811,0.7433390757068992,0.038530608639121056,0.0003763641970302832,-0.9508238325097713,0.3231480211037114,0.201441015626086,-0.9508238325097713
0.07234844379127026,0.1950850049033761,0.6759299179539084,0.9049195293337107,0.07366537675261497,0.00037635791748685907,-0.8683376930645639,0.32805095687326763,0.2918611144773198,-0.8683376930645639
0.05372626706957817,0.08171406015753746,0.021783700212836266,0.8984490595757961,0.06425264570862055,0.00037625874077648136,-1.0867880381931854,0.37807259975426033,0.26943192410063865,-1.0867880381931854
0.08384660445153713,0.09847178030759096,0.44818488880991936,0.9884692542254925,0.24655567854642868,0.0003758280957390469,-0.9765200803904931,0.3493701452169747,0.2508832514689088,-0.9765200803904931
0.03983430936932564,0.23509713262319565,0.8521440820768476,0.9868830237537622,0.24107566941529512,0.0003757174190271655,-0.949941723185194,0.35422739638689493,0.2759017149119684,-0.949941723185194
0.14126675110310316,0.04181178845465183,0.571529284119606,0.8116131583228707,0.10977850668132305,0.0003754790878197391,-0.8927412821629356,0.30795668650659436,0.24505941127596104,-0.8927412821629356
0.0454913005232811,0.12373794056475163,0.7559985602274537,0.904940290376544,0.20131693501025438,0.00037544609943520295,-0.9489202576251305,0.34420568366920057,0.26682471251475537,-0.9489202576251305
0.05774373188614845,0.0027835173532366753,0.3195488825440407,0.7744186222553253,0.02153912466019392,0.000375373240582151,-1.078126364755287,0.36740453598572287,0.20821458583314087,-1.078126364755287
0.23092482797801495,0.06687413156032562,0.6022344753146172,0.7727230759337544,0.0488996272906661,0.00037525405410019475,-0.8225138783982405,0.2750621667589108,0.19173640137587755,-0.8225138783982405
0.1954679060727358,0.06296457350254059,0.9174540331587195,0.7755435593426228,0.1535622552037239,0.0003752278355844559,-0.8476437661507542,0.3016954966098348,0.2222543368178508,-0.8476437661507542
0.3452974446117878,0.008375815115869045,0.08993277046829462,0.9351568697020411,0.224309123121202,0.00037503378954412684,-0.8796301031494429,0.2895971998855878,0.2841259478118342,-0.8796301031494429
0.33004472497850657,0.11529113166034222,0.7384408069774508,0.9344463236629963,0.014155073091387749,0.0003747050447724687,-0.6972264560559215,0.21608452006935142,0.20712486712877273,-0.6972264560559215
0.24057507328689098,0.030762610025703907,0.9846161352470517,0.4511915370821953,0.03342201467603445,0.00037465366981547725,-1.0628237201601751,0.37427790801032396,0.2253937097382384,-1.0628237201601751
0.07993023004382849,0.22598190791904926,0.5716241486370564,0.936486829072237,0.0497875576838851,0.0003746445623039151,-0.8679726114213334,0.32603038968281406,0.2961480136667718,-0.8679726114213334
0.06588716339319944,0.4760937700048089,0.6900331983342767,0.9733677757903934,0.05255569703876972,0.00037457915229551506,-0.8962402828195494,0.3323821568715586,0.2769409313324612,-0.8962402828195494
0.1714754207059741,0.07674586400389671,0.11646395735442638,0.9704186739400029,0.22572953533381224,0.0003742326467181345,-0.9909239788060744,0.3376922486581676,0.25247215487970853,-0.9909239788060744
0.08722707163542509,0.11452678497880697,0.9016644358634949,0.8815018041059375,0.22879366111010313,0.0003741361005184085,-0.9531369954295978,0.33456577342366856,0.2368340411109661,-0.9531369954295978
0.25101619213819504,0.16809600032866,0.9882112229242921,0.7407230837270617,0.03590367175638676,0.00037385181048133804,-0.7883267851317346,0.2952633264929699,0.19986903383421908,-0.7883267851317346
0.3761617839336395,0.06679955124855042,0.8036670442670584,0.9846808081492782,0.08815824054181576,0.000373829626101553,-0.6347884713722707,0.2089307621638353,0.20459857993025432,-0.6347884713722707
0.023143528029322624,0.1023396560922265,0.7499030139297247,0.8840449713170528,0.1772628389298916,0.0003737864332326373,-0.9627742298199903,0.35091390924404664,0.2771726303675572,-0.9627742298199903
0.04725639056414366,0.0056214649230241776,0.9497586954385042,0.6386381601914763,0.04562218766659498,0.0003736635241720562,-1.0748953028413202,0.3831617680032489,0.19103201324217522,-1.0748953028413202
0.05296678002923727,0.1365119069814682,0.9083919953554869,0.720516043715179,0.021778489463031292,0.0003735789844231387,-0.9937266652153057,0.355518222644994,0.2189610410376891,-0.9937266652153057
0.015186422504484653,0.26123924273997545,0.9708634596318007,0.8524151388555765,0.07074443809688091,0.00037349039085877983,-0.9383948225261645,0.3604998167231709,0.289350598691983,-0.9383948225261645
0.3266551224514842,0.04021932650357485,0.5351471500471234,0.8625393882393837,0.10692538879811764,0.0003732411366510566,-0.6925797169018695,0.22068950954626804,0.21474685054067016,-0.6925797169018695
0.013639973476529121,0.07676138915121555,0.7895035902038217,0.7837746012955904,0.0789618631824851,0.0003731890899036241,-0.992008670766079,0.35675196216610966,0.24937015965164244,-0.992008670766079
0.15006565488874912,0.18555965181440115,0.6735873147845268,0.887489540502429,0.050845274701714516,0.0003729823405906654,-0.8102816144189283,0.29720781312374,0.2550147249482017,-0.8102816144189283
0.412198887206614,0.011514820158481598,0.7988539142534137,0.9100147569552064,0.21696995850652456,0.0003728407238696278,-0.6585232112047673,0.25001085033183634,0.26162566804738685,-0.6585232112047673
0.16595167759805918,0.3830441050231457,0.8112672651186585,0.969940391369164,0.04790275264531374,0.0003728386247329175,-0.7769473109064802,0.2946241077122053,0.2598489448310245,-0.7769473109064802
0.27503887470811605,0.08727151155471802,0.8359083365648985,0.8846674468368292,0.2467382214963436,0.00037267640759993927,-0.7724075339273658,0.28537254929169587,0.22633260908518446,-0.7724075339273658
0.29751203395426273,0.039545152336359024,0.961141349747777,0.7121188100427389,0.13264053221791983,0.00037260787505741667,-0.783976530429755,0.29395876860669246,0.21211437796281624,-0.783976530429755
0.07570135314017534,0.17486068978905678,0.08738947100937366,0.9652477689087391,0.057901471853256226,0.0003725790967375534,-1.0165737656678198,0.367433842947975,0.268774914386693,-1.0165737656678198
0.35112557746469975,0.11979668773710728,0.9020121544599533,0.8640769692137837,0.009152608923614025,0.00037255065010435075,-0.6874481217583994,0.23891761788985108,0.2169682773148468,-0.6874481217583994
0.3466088408604264,0.06566366460174322,0.40153832267969847,0.9721665568649769,0.20211745146661997,0.00037241278636002774,-0.7097893015233566,0.2416490311362564,0.22552370621566242,-0.7097893015233566
0.12294861674308777,0.20075949747115374,0.735603891313076,0.9660008726641536,0.20363388303667307,0.00037235627594069186,-0.8386577990737443,0.3154981574272784,0.26956749698472043,-0.8386577990737443
0.14590609818696976,0.038740054704248905,0.6778268525376916,0.9519627941772342,0.2937716757878661,0.00037230706733848385,-0.9629530350458618,0.3405758063646917,0.2271549622235602,-0.9629530350458618
0.12847588397562504,0.29370491299778223,0.9766431385651231,0.983249245211482,0.23001484852284193,0.0003722115534889248,-0.8626387356142861,0.32237996825618276,0.2621735817639785,-0.8626387356142861
0.2165794363245368,0.09212106373161077,0.9660326289013028,0.5558028854429722,0.027082019485533237,0.00037181226261491697,-0.9756298503442441,0.3473560238117016,0.1915611222502011,-0.9756298503442441
0.08736192155629396,0.31044063437730074,0.18365261983126402,0.9786256542429328,0.0044961245730519295,0.000371725605444133,-0.9798549824994331,0.3578119585104315,0.27410628433038975,-0.9798549824994331
0.286858799867332,0.02046293020248413,0.650277809239924,0.6689725099131465,0.029351867735385895,0.0003716016844646892,-0.8600629120202394,0.2888501503960574,0.17651024069411425,-0.8600629120202394
0.21766707580536604,0.11692693177610636,0.0442550964653492,0.9408261450007558,0.10773316770792007,0.00037156158868529486,-0.9140167590648097,0.31439838849235374,0.2902549095910745,-0.9140167590648097
0.34182017389684916,0.04316456988453865,0.34637188632041216,0.8912362642586231,0.04984267335385084,0.0003714462591135054,-0.7668768564697903,0.20834004149223856,0.20868356586091974,-0.7668768564697903
0.24510542768985033,0.1401707287877798,0.5699245911091566,0.8549643438309431,0.02090745698660612,0.00037132331004841187,-0.7689994955829988,0.25697975486991453,0.2138793225484631,-0.7689994955829988
0.07318964973092079,0.014743953943252563,0.9712209179997444,0.8414472220465541,0.25430852454155684,0.000371112180917056,-1.0406354054748022,0.3583433708230705,0.2187489346371459,-1.0406354054748022
0.28840143978595734,0.19516706559807062,0.978891865350306,0.8688645958900452,0.034402710385620594,0.0003709390210913712,-0.698344964566922,0.26887490141814513,0.22011145486906772,-0.698344964566922
0.2376207271590829,0.08958904258906841,0.43713704124093056,0.7922262493520975,0.01649881713092327,0.00037087096224855545,-0.8521657413559055,0.2757578691598669,0.19784733806248436,-0.8521657413559055
0.28140508010983467,0.01540033333003521,0.42089090030640364,0.8570210030302405,0.1943294070661068,0.00037071151425707445,-0.8052363383445106,0.27065554984690354,0.23235592568753974,-0.8052363383445106
0.20047244522720575,0.11907731462270021,0.41795680299401283,0.8882108004763722,0.08846952207386494,0.00037070331956106967,-0.807808734269747,0.27871840816247784,0.23544832726072315,-0.807808734269747
0.09782916773110628,0.12772989738732576,0.9594315551221371,0.6241496196016669,0.0017252210527658463,0.0003704834898206742,-1.0239762581215772,0.36620198088304945,0.19509847804056993,-1.0239762581215772
0.1553911129012704,0.13756260182708502,0.6159445298835635,0.9278271151706576,0.14945249166339636,0.00037047241334540814,-0.8010168971915779,0.29431783115748,0.27086806034902344,-0.8010168971915779
0.1301087150350213,0.2794135743752122,0.7963250521570444,0.957071821205318,0.06892337463796139,0.00037044665302786016,-0.7974274840891218,0.3105560648501966,0.28113316776913194,-0.7974274840891218
0.32892695162445307,0.04697607737034559,0.21683307457715273,0.9421689352020621,0.20629920717328787,0.0003699962225286164,-0.8058588463066827,0.26910777312882705,0.2504253262809962,-0.8058588463066827
0.013271553441882133,0.4941715067252517,0.9123055851086974,0.9798048846423626,0.10362875927239656,0.00036989445586233655,-0.9468709066452584,0.35866621583729247,0.28117560809790926,-0.9468709066452584
0.13506030198186636,0.055102898739278316,0.34475999791175127,0.9870251677930355,0.26381620578467846,0.00036976897367910997,-0.987934073048186,0.3443175523418154,0.2341604788628821,-0.987934073048186
0.2917236303910613,0.10588838253170252,0.05565389804542065,0.9592537488788366,0.058722431771457195,0.0003697584550656156,-0.8740547995348059,0.27866480586860426,0.26327645119362547,-0.8740547995348059
0.35347581561654806,0.03749438375234604,0.2888625059276819,0.9562237532809377,0.16492647491395473,0.00036972354219596756,-0.7406154232404175,0.23775030204599734,0.24852866978602195,-0.7406154232404175
0.041858045384287834,0.11448776070028543,0.7069345451891422,0.9735870100557804,0.26400693878531456,0.00036960323304919835,-0.9966043232259277,0.3625771513813897,0.25206351626819934,-0.9966043232259277
0.22739245183765888,0.13201378472149372,0.7302998472005129,0.9200155418366194,0.18495545629411936,0.00036953552205068295,-0.7387858013865722,0.2770300613406131,0.22800947923271248,-0.7387858013865722
0.10689371544867754,0.11362445913255215,0.2752305408939719,0.851903734728694,0.026432455517351627,0.00036941279003160904,-0.9833803313517838,0.3357393615675297,0.22913890519739716,-0.9833803313517838
0.08448890317231417,0.35141593124717474,0.791541856713593,0.9437392642721534,0.05657193064689636,0.0003693357759566425,-0.8474787433961244,0.32290288339055534,0.29477051865263265,-0.8474787433961244
0.2957183737307787,0.14303460717201233,0.9885267578065395,0.4825094984844327,0.0076597100123763084,0.0003692189452157789,-0.9674142902170385,0.3494364407509088,0.22748782297090805,-0.9674142902170385
0.13328866939991713,0.4895602874457836,0.9972708588466048,0.883180832490325,0.023913518525660038,0.0003689884768648726,-0.8900677394730033,0.32419467139544067,0.21842266868841884,-0.8900677394730033
0.23037190455943346,0.047547643072903156,0.13077734876424074,0.8335510371252894,0.06466233264654875,0.0003688804231378039,-0.9377923181662942,0.30376285772227435,0.2517318667798296,-0.9377923181662942
0.08397115021944046,0.2934243297204375,0.7321261232718825,0.8989485427737236,0.018231702968478203,0.00036882582628981953,-0.8713014066132196,0.32608814445655887,0.2930515892875236,-0.8713014066132196
0.49546500109136105,0.02351147122681141,0.9531262936070561,0.9715017359703779,0.1769085768610239,0.0003685654982932261,-0.6168289487100922,0.25181087870546565,0.28638203493402836,-0.6168289487100922
0.017509358003735542,0.22535656671971083,0.6419471893459558,0.9741012081503868,0.13817952945828438,0.00036852078711801064,-0.8942722887933288,0.34772373675069945,0.34034864633684053,-0.8942722887933288
0.20372380129992962,0.04243719112128019,0.6417988073080778,0.8482481809332967,0.20305126626044512,0.0003683405738445083,-0.8458458264826166,0.29289245606842085,0.22344686286820425,-0.8458458264826166
0.1985491504892707,0.011563174426555634,0.6057228343561292,0.8171938238665462,0.17819890938699245,0.00036823443387985115,-0.8643150811788677,0.29605043285795185,0.23101995005825282,-0.8643150811788677
0.024955005384981632,0.19551315531134605,0.9790281960740685,0.8865331914275885,0.18767489958554506,0.00036817329151481713,-0.9574271730231474,0.35341009798651335,0.2781754790634374,-0.9574271730231474
0.21139291487634182,0.26345624309033155,0.9505968354642391,0.8955119214951992,0.04452901612967253,0.00036811207700559697,-0.7483886336550911,0.29195965267489055,0.2407030339165649,-0.7483886336550911
0.5598228629678488,0.04486492369323969,0.9596435967832804,0.9650658303871751,0.21669616643339396,0.00036785647092880925,-0.6625374879780359,0.2697560589015467,0.2830016946627127,-0.6625374879780359
0.03615602571517229,0.2691956851631403,0.9035835722461343,0.7986638620495796,0.0069161104038357735,0.0003678544726544419,-0.9581566713066725,0.3584435608471099,0.2654133953625391,-0.9581566713066725
0.11109576374292374,0.1532233152538538,0.9064769800752401,0.8400168558582664,0.13208125066012144,0.0003671298579195965,-0.8643812334057958,0.3145626033882933,0.26549800605218443,-0.8643812334057958
0.2881677467375994,0.05850919894874096,0.06579944118857384,0.9656035397201777,0.24139018449932337,0.00036699619680858627,-0.9212546745893091,0.30964870547761536,0.2712313618182003,-0.9212546745893091
0.1702624000608921,0.17610504757612944,0.7389069041237235,0.9524169331416488,0.1718569090589881,0.0003669365720888202,-0.7751127306172766,0.29526724113180064,0.2586283028486792,-0.7751127306172766
0.25689456332474947,0.0628987904638052,0.4160641860216856,0.8106543282046914,0.0650222571566701,0.0003667214403667304,-0.8127111882204022,0.2617251845314867,0.20134022119731032,-0.8127111882204022
0.15163485053926706,0.10662277601659298,0.9396975561976433,0.5864049764350057,0.008929564617574215,0.0003665814332553855,-1.0071505933279339,0.35693557446803553,0.18860862229606973,-1.0071505933279339
0.05384609289467335,0.276422468945384,0.7979010017588735,0.9889820888638496,0.17099454160779715,0.000366529321642775,-0.8720267812946273,0.33707133886908897,0.3144123918630584,-0.8720267812946273
0.08830643072724342,0.19027818739414215,0.48970094975084066,0.8723087664693594,0.020609908737242222,0.0003664943543581218,-0.9101980623340965,0.32540651765706174,0.26852538316540164,-0.9101980623340965
0.23021208867430687,0.08100081514567137,0.6745277773588896,0.7355176927521825,0.027933184057474136,0.0003663773953931515,-0.8399218282228763,0.2833243837528983,0.18535085306071922,-0.8399218282228763
0.3823417527601123,0.1159418597817421,0.985895280726254,0.9477631319314241,0.24156566243618727,0.00036628254389469794,-0.6610945015743319,0.26951791546487497,0.26755354733070297,-0.6610945015743319
0.05005305167287588,0.04314768686890602,0.059490534476935863,0.8668999802321196,0.08922356553375721,0.00036599119642672853,-1.0913927883449976,0.3756194363841885,0.2778528691538947,-1.0913927883449976
0.04937409609556198,0.20988652389496565,0.686574088409543,0.837187472730875,0.01905645988881588,0.00036591068707711466,-0.9253983708097685,0.33915396707733364,0.28074256420493643,-0.9253983708097685
0.07775376178324223,0.064960403367877,0.028708587400615215,0.8436568100005388,0.024559329263865948,0.000365908218798395,-1.1013091237144264,0.3729191908669944,0.2480005643790148,-1.1013091237144264
0.012200846336781979,0.07070985622704029,0.5025319578126073,0.9151241052895784,0.19928381498903036,0.0003659076646812727,-1.0095272424697859,0.3600556700363665,0.2729263744784644,-1.0095272424697859
0.16542269475758076,0.12545845936983824,0.7746387869119644,0.8731371033936739,0.15446455962955952,0.00036589118051587544,-0.8047340999905839,0.2911335044230112,0.25128483053494516,-0.8047340999905839
0.030494103208184242,0.24503691866993904,0.7949091214686632,0.9229625789448619,0.10665516555309296,0.0003657687487812006,-0.8856811620357581,0.3421502844379408,0.32193660991211115,-0.8856811620357581
0.28786699287593365,0.09311965852975845,0.8426281167194247,0.7381639964878559,0.052035337314009666,0.0003650354464358822,-0.7579225853496926,0.26596582472447,0.17857863351156963,-0.7579225853496926
0.059791529551148415,0.11023709736764431,0.6255248719826341,0.9534011911600828,0.24499650951474905,0.0003650323913246227,-0.9710326076759163,0.3490699895146044,0.258238442137207,-0.9710326076759163
0.0756212417036295,0.015474913641810417,0.23508596140891314,0.8852632688358426,0.17057348508387804,0.0003648430067488647,-1.0380055152730576,0.35365013891160335,0.2666571392370774,-1.0380055152730576
0.20223009958863258,0.11360558867454529,0.5692442953586578,0.9174568960443139,0.16888368595391512,0.00036483238934087567,-0.7751450180764582,0.2794631045461622,0.24729878828095367,-0.7751450180764582
0.2615837240591645,0.050515973940491676,0.4501218134537339,0.726687915623188,0.009798393584787846,0.000364628049827849,-0.8815470486151336,0.2857204996356213,0.18518534878006324,-0.8815470486151336
0.2509722951799631,0.375186575576663,0.9463736461475492,0.9268295178189874,0.00826860498636961,0.0003638786405341006,-0.7326694684683036,0.2782766943021902,0.24396293386693815,-0.7326694684683036
0.1895342506468296,0.09688160754740238,0.31029869616031647,0.8304575439542532,0.03718668036162853,0.0003638565628333245,-0.9050627264007995,0.2991376798025715,0.21561068922045665,-0.9050627264007995
0.27921429369598627,0.08089010696858168,0.6271762875840068,0.9880260191857815,0.3094220580533147,0.0003634764156002404,-0.8213674431169519,0.30483473751694373,0.23411562768997324,-0.8213674431169519
0.21972038131207228,0.08390015549957752,0.05571438744664192,0.8494781199842691,0.03529088571667671,0.00036326694450209936,-0.9692981092642703,0.3144860980801559,0.25612515464334773,-0.9692981092642703
0.03414789028465748,0.2069717962294817,0.498411500826478,0.9324725791811943,0.07614000421017408,0.0003630608439268165,-0.9101873898828349,0.34321649688610306,0.31108580733217234,-0.9101873898828349
0.18889448884874582,0.0396502036601305,0.24464982189238071,0.7622264036908746,0.013011589646339417,0.00036286833847716895,-0.9933663031473629,0.3249792905162155,0.21010784592977924,-0.9933663031473629
0.16138353385031223,0.20415249094367027,0.5705692302435637,0.9991057347506285,0.1972002536058426,0.0003627542050349484,-0.7942263389960462,0.30404635424781346,0.27182811007619523,-0.7942263389960462
0.28426996897906065,0.18003776017576456,0.9382619895040989,0.8964844215661287,0.056321753188967705,0.0003624874302614751,-0.6824747885947027,0.2622016528991474,0.21419788759125233,-0.6824747885947027
0.16798606608062983,0.1815738808363676,0.27514324616640806,0.9782431377097964,0.08741510659456253,0.000362353276489496,-0.8552388295449949,0.3133945097424106,0.25753089117196176,-0.8552388295449949
0.16827301494777203,0.048667604103684425,0.8279831688851118,0.962054886855185,0.33538863621652126,0.0003620213201339494,-0.9732885582276262,0.3481869497077875,0.22661148644054283,-0.9732885582276262
0.3444238267838955,0.0766876433044672,0.6154478928074241,0.9428761377930641,0.05523672513663769,0.0003617521155313175,-0.676590805231627,0.19142579942829824,0.19027553952774368,-0.676590805231627
0.10555756743997335,0.20164993777871132,0.15132490918040276,0.9269463261589408,0.017803732305765152,0.0003613313227905252,-0.9883626060688193,0.34959525392950774,0.2561768727168285,-0.9883626060688193
0.18545556534081697,0.03559002839028835,0.7307994747534394,0.6254417477175593,0.01711181364953518,0.00036122399762980947,-0.9725730646846487,0.3340621225431568,0.18061938215951204,-0.9725730646846487
0.16822548490017653,0.06823237333446741,0.6725975628942251,0.8249820629134774,0.13827447965741158,0.0003610532220680383,-0.8382881577273951,0.2913104159858568,0.245273747515129,-0.8382881577273951
0.09788596164435148,0.10223960783332586,0.9290079046040773,0.9795856950804591,0.3296941025182605,0.00036101856944711094,-1.0181881956845937,0.3647010093975188,0.23044372037492758,-1.0181881956845937
0.36125592701137066,0.013243665918707848,0.7785855019465089,0.8418139358982444,0.18337020464241505,0.0003607401305707112,-0.6787565780549096,0.2503652679129146,0.23625861477387577,-0.6787565780549096
0.07323726359754801,0.12018711399286985,0.5291749089956284,0.9455896122381091,0.2173413196578622,0.0003606802229095647,-0.9419016657589439,0.337974487566687,0.2689551233559456,-0.9419016657589439
0.07687052991241217,0.10996716469526291,0.9454455049708486,0.923904181458056,0.2802712023258209,0.0003605207657328937,-1.0027013620562555,0.35442706367596444,0.23430170532230707,-1.0027013620562555
0.054475520737469196,0.4139116443693638,0.8992082197219133,0.9085546368733048,0.05759202875196934,0.00036048342963905414,-0.9021183351045581,0.3390985236925503,0.2758456676633571,-0.9021183351045581
0.1906616548076272,0.07926630601286888,0.7275157626718283,0.9370997594669461,0.2830094890668988,0.0003604453261903117,-0.8902243155232038,0.31816497275411104,0.229104391144592,-0.8902243155232038
0.00034821685403585434,0.024526079185307026,0.8319629607722163,0.789140684530139,0.15217647422105074,0.0003603360470427006,-1.028161389272537,0.3680604978652038,0.25767766251025037,-1.028161389272537
0.4068732503801584,0.055743783712387085,0.9897316172719002,0.8994471095502377,0.1125164795666933,0.0003602597063572353,-0.6110200017320433,0.23383385895430797,0.25267441904332283,-0.6110200017320433
0.14408437814563513,0.0031738243997097015,0.43100124690681696,0.6927034333348274,0.005383490584790707,0.00036022209566533486,-1.0300662468445152,0.3471721454665064,0.18969722152949386,-1.0300662468445152
0.017517403699457645,0.11786791868507862,0.7646703980863094,0.7233263663947582,0.007592073641717434,0.00036017802937698284,-1.0236356289037798,0.3627771518985892,0.2284088723991425,-1.0236356289037798
0.026475590653717518,0.2988065043464303,0.8838845351710916,0.8978826245293021,0.07559140864759684,0.000360084688065606,-0.9038224684494288,0.3483382367913489,0.30693735401307803,-0.9038224684494288
0.16033920366317034,0.03040571976453066,0.5508044557645917,0.9292658632621169,0.27552474197000265,0.00036005904956924165,-0.9499272434119796,0.32813661652460946,0.23161707880141813,-0.9499272434119796
0.11944685596972704,0.4863117132335901,0.8079643230885267,0.987614550627768,0.07661170046776533,0.00035990824681702145,-0.8429480774715407,0.316997688073604,0.25118073842898303,-0.8429480774715407
0.4041036907583475,0.036022596061229706,0.9623871091753244,0.9889841414988041,0.44618301279842854,0.00035973653847731513,-0.9290835893801576,0.34206981519227314,0.29120540122016514,-0.9290835893801576
0.23283969704061747,0.17767697013914585,0.5436146119609475,0.8953048689290881,0.016106318682432175,0.0003596545617951615,-0.7670305407408741,0.26096482625175005,0.23283530506308645,-0.7670305407408741
0.11262014880776405,0.34878680761903524,0.941058536991477,0.8130367007106543,0.009804761968553066,0.0003596066970975041,-0.8898921255926072,0.33066995644261576,0.24996719122534755,-0.8898921255926072
0.16933550965040922,0.003700893372297287,0.15099246054887772,0.8015767429023981,0.0787711264565587,0.0003595615831988134,-1.0088320990721793,0.33259312239719896,0.25515695654305787,-1.0088320990721793
0.02684317622333765,0.1302824728190899,0.7571784472092986,0.8424481907859445,0.11682553868740797,0.0003595246465058495,-0.9359714978168701,0.3418984029865507,0.2900130593413631,-0.9359714978168701
0.29588518664240837,0.019455679692327976,0.0179146034643054,0.8065842725336552,0.03780993074178696,0.0003593199109989344,-0.9598923779962318,0.2984704765981016,0.27068407235122016,-0.9598923779962318
0.27469173073768616,0.22416588105261326,0.9982858458533883,0.9678263431414962,0.10281621012836695,0.0003592135836271754,-0.663237173725491,0.27173984791416017,0.24235484956787479,-0.663237173725491
0.1940740868449211,0.15661940723657608,0.4363915864378214,0.979733650572598,0.16541306674480438,0.00035919772895311414,-0.7847021814970205,0.2900064819518957,0.257811454254695,-0.7847021814970205
0.11355611309409142,0.025048096664249897,0.25924945063889027,0.903723887167871,0.20804103836417198,0.00035913393993894675,-1.0153377970727073,0.34187780373629745,0.24542571371749727,-1.0153377970727073
0.012058407999575138,0.2507726848125458,0.2869462724775076,0.943004434928298,0.033948139287531376,0.00035893994922353236,-0.992524765679141,0.3675046051127516,0.2866560266809615,-0.992524765679141
0.31275009736418724,0.1345839872956276,0.8033344764262438,0.8610297460108995,0.02424770500510931,0.00035871750426662974,-0.6904985213777625,0.2363115343292868,0.20015433984049463,-0.6904985213777625
0.08360346034169197,0.14931483007967472,0.5976055571809411,0.8293523844331503,0.039480630308389664,0.0003583780595664117,-0.9110997170145496,0.3235928501636468,0.2568219753107456,-0.9110997170145496
0.06895581167191267,0.20931658428162336,0.22422763984650373,0.9806903870776296,0.09118311014026403,0.0003582334515162106,-0.9518834094368056,0.3565091756689753,0.2856295018595702,-0.9518834094368056
0.1733248783275485,0.16755480039864779,0.28487013559788465,0.9875471293926239,0.13774465583264828,0.000358185073439929,-0.8425723763801269,0.30971149106805856,0.26730405576857835,-0.8425723763801269
0.30216268822550774,0.07915527001023293,0.7113801939412951,0.6845762617886066,0.0015205703675746918,0.0003581674000621174,-0.8192918901931104,0.2793355854123811,0.182431605452571,-0.8192918901931104
0.1429052036255598,0.01907238457351923,0.8393815439194441,0.8746283184736967,0.2783310357481241,0.00035812258943256244,-0.9779930971532305,0.3360738163781599,0.22163744570929916,-0.9779930971532305
0.24224877171218395,0.09047398623079062,0.8008823972195387,0.6872987868264318,0.03941678814589977,0.00035799332939959736,-0.8411327373970492,0.28791464089652974,0.1761179834875904,-0.8411327373970492
0.28370483685284853,0.032077595591545105,0.8637562822550535,0.5276752170175314,0.04674861300736666,0.00035784144590587263,-0.9560124307221111,0.3330587158294472,0.2020992508020952,-0.9560124307221111
0.13630045019090176,0.039873795583844185,0.878747733309865,0.5707860831171274,0.022110546939074993,0.00035776922991018813,-1.044226783247804,0.36429738243117504,0.184615814273644,-1.044226783247804
0.3059655763208866,0.00047068577259778976,0.8838411765173078,0.5586079731583595,0.08427315764129162,0.0003575132809275156,-0.9161950528499346,0.32314881615516616,0.20365260257189244,-0.9161950528499346
0.24403592571616173,0.360063630156219,0.7645303476601839,0.9964354103431106,0.004793672822415829,0.00035744297809739623,-0.7284154195211164,0.2666231542921238,0.25742972908528056,-0.7284154195211164
0.21814468782395124,0.005135724321007729,0.24299077689647675,0.9658531295135617,0.2895363736897707,0.000357362702436925,-0.9843261548613194,0.3349252014841515,0.2396571506901539,-0.9843261548613194
0.33964073564857244,0.08326636627316475,0.09661178663372993,0.9888462778180838,0.1770840510725975,0.0003572952531530311,-0.8091985022045134,0.27231298129610765,0.27603648128134023,-0.8091985022045134
0.09849441144615412,0.1566625963896513,0.7206291751936078,0.7891842965036631,0.029895056039094925,0.00035680207642405125,-0.9071601032344008,0.31902281550149036,0.24232360471734077,-0.9071601032344008
0.08206192590296268,0.000392409972846508,0.7102429969236255,0.7139555085450411,0.060665770433843136,0.0003567886087421621,-1.005888652426979,0.3468960558290417,0.2088943719338364,-1.005888652426979
0.22772597055882215,0.3020579433068633,0.8276039734482765,0.9808320701122284,0.02676511835306883,0.0003566567408395342,-0.7276322591352294,0.275306711836802,0.2503552398975592,-0.7276322591352294
0.10662699863314629,0.02157706767320633,0.7954525835812092,0.700182318687439,0.06810498051345348,0.0003564952252568381,-0.9806360389500088,0.33715520666127946,0.20302614297127697,-0.9806360389500088
0.3014899790287018,0.052478836849331856,0.4431649260222912,0.8927302453666925,0.1913171811029315,0.0003560351642311451,-0.7433088327888662,0.25203302311792153,0.22612859954450354,-0.7433088327888662
0.1255942340940237,0.16403119172900915,0.8418344976380467,0.9805537154898047,0.28216046560555696,0.00035592465638863667,-0.9236834551570691,0.3367099444765536,0.24153610600717967,-0.9236834551570691
0.026279105804860592,0.029220198281109333,0.9256689520552754,0.7079938994720578,0.09553401917219162,0.0003558767311424235,-1.0373899838030538,0.37076832955409833,0.2230650280199852,-1.0373899838030538
0.07037253025919199,0.053032065741717815,0.7346174772828817,0.7784929685294628,0.1025485610589385,0.0003557920252159483,-0.9546415655566624,0.3352433466155308,0.2459596867797928,-0.9546415655566624
0.0462465500459075,0.12936304230242968,0.38062354177236557,0.9222246147692204,0.13180881086736917,0.00035566091533271234,-0.9490122803244985,0.3427309764237173,0.29543380235039196,-0.9490122803244985
0.2618089271709323,0.03632047865539789,0.2723844787105918,0.7639765068888664,0.035647111013531685,0.0003554315730157188,-0.9069541948252975,0.28709110317361636,0.20773000600659125,-0.9069541948252975
0.09811209514737129,0.21927673649042845,0.46987984236329794,0.9643744239583611,0.09317043889313936,0.00035539629587646136,-0.8472311182748945,0.3207280912244125,0.30166182847902645,-0.8472311182748945
0.17613148130476475,0.10762751009315252,0.13496202696114779,0.939331772737205,0.15497125685214996,0.00035537295252705903,-0.9265741051097848,0.31968297627777625,0.27822814405400176,-0.9265741051097848
0.12999085988849401,0.08470230828970671,0.007985458709299564,0.930412738583982,0.16431275010108948,0.00035520708249043345,-1.0268023540192623,0.34951365106464505,0.29827522849819615,-1.0268023540192623
0.2977918740361929,0.06074684951454401,0.015685499645769596,0.9770382046699524,0.25351508893072605,0.00035517154040798815,-0.9391791471268951,0.31657623812547286,0.2811943182805527,-0.9391791471268951
0.026325296610593796,0.12851868942379951,0.5446694595739245,0.9581650653854012,0.2299020839855075,0.00035513342415098223,-0.9849446496191935,0.35727585663951167,0.2774012441217806,-0.9849446496191935
0.13427253533154726,0.24606873374432325,0.7347058970481157,0.9031243408098817,0.042542366310954094,0.00035509789460239896,-0.8118042109125869,0.3047019121053546,0.2725349985471153,-0.8118042109125869
0.35603921487927437,0.031197604723274708,0.7883848706260324,0.8169075138866901,0.10868385061621666,0.0003550744641242489,-0.6618946007935547,0.23511436575945818,0.2144610438634883,-0.6618946007935547
0.11476911883801222,0.22206358797848225,0.8853717027232051,0.9253951283171773,0.15413785725831985,0.00035506555907962,-0.8258835567008853,0.3125069358960856,0.28453630453266193,-0.8258835567008853
0.2373388111591339,0.056627482175827026,0.8837806871160865,0.6402308978140354,0.07645134720951319,0.0003548453500807273,-0.88369749241074,0.30929418885963744,0.1790511906769106,-0.88369749241074
0.10120944306254387,0.23023543320596218,0.7879298916086555,0.8661863775923848,0.052590930834412575,0.00035474699307512405,-0.8503335929531481,0.3175818020847907,0.27298588548695035,-0.8503335929531481
0.368102646432817,0.1497662616893649,0.9743485758081079,0.9822767227888107,0.2497421558946371,0.0003547468795380842,-0.6641123173337276,0.2738540246698995,0.26227487905899893,-0.6641123173337276
0.3476688889786601,0.019174777902662754,0.8545350609347224,0.6221010079607368,0.0598198352381587,0.0003546485859055526,-0.8227300683334501,0.2897003833474631,0.19436859616709923,-0.8227300683334501
0.17672361340373755,0.045730048790574074,0.8857109462842345,0.7992978915572166,0.21803313586860895,0.00035445388578166754,-0.9081596059594574,0.3074754569722476,0.21300168169350744,-0.9081596059594574
0.026072559878230095,0.12467316817492247,0.3796371277421713,0.8597171558067203,0.06201160605996847,0.0003544387853813384,-0.9919845972149361,0.35217439136349926,0.26120832511342285,-0.9919845972149361
0.3105353368446231,0.09118214249610901,0.6447197878733277,0.8794360747560859,0.08156256657093763,0.00035438804483038276,-0.6699147173314411,0.22300548622309685,0.19404205749867956,-0.6699147173314411
0.22055021487176418,0.10152502730488777,0.9807515759021044,0.8829725617542863,0.28513416554778814,0.0003541884468159286,-0.8786172046662639,0.3171904235472386,0.24017095189844045,-0.8786172046662639
0.00022848974913358688,0.4194938614964485,0.9664872782304883,0.9705211073160172,0.157298787496984,0.00035415094515378663,-0.9457453498151929,0.35659395706834834,0.3076195364380039,-0.9457453498151929
0.1605405379086733,0.14755925629287958,0.09608414769172668,0.8818855779245496,0.020326354540884495,0.0003538775808479355,-0.9833447431199364,0.3329894923568787,0.25007596146730704,-0.9833447431199364
0.290409492328763,0.01872869487851858,0.7503885012120008,0.9832424093037844,0.38716127537190914,0.00035382799327528686,-0.9205953889098208,0.3377728228368801,0.2395162524665909,-0.9205953889098208
0.15357624366879463,0.1263707373291254,0.40198156144469976,0.8915051883086562,0.10883348435163498,0.00035362600000087534,-0.8495368655715169,0.29881287198519835,0.2606397769912476,-0.8495368655715169
0.08973985258489847,0.1915699616074562,0.21832358371466398,0.9909554477781057,0.1345850983634591,0.0003535805393222655,-0.9365378399508231,0.347571626472433,0.2902801122930159,-0.9365378399508231
0.26039011776447296,0.023374059237539768,0.4546547345817089,0.8013824643567204,0.13437830563634634,0.00035355191987904866,-0.8045549837932756,0.2663352427845373,0.23107823185269674,-0.8045549837932756
0.09719372820109129,0.28205284755676985,0.8771466128528118,0.8286518910899758,0.021036910824477673,0.0003534395838391384,-0.8830680097310046,0.3285521569249747,0.2635186824805817,-0.8830680097310046
0.3210686342790723,0.10935383103787899,0.7772247921675444,0.9648559736087918,0.2758819768205285,0.0003534002638308394,-0.7287982377801583,0.28146657600468994,0.2375422408002276,-0.7287982377801583
0.04560159705579281,0.3028242066502571,0.03261944837868214,0.9864352587610483,0.032181824557483196,0.0003532587079234512,-1.0446796565423069,0.38197407506161496,0.2853448750767994,-1.0446796565423069
0.10784120485186577,0.3861297247931361,0.07878607790917158,0.9994932180270553,0.010320638306438923,0.0003530286110893575,-0.99839363903565,0.3604921943631987,0.2722085172353191,-0.99839363903565
0.21438805479556322,0.05678655859082937,0.9557619309052825,0.9386144988238811,0.3624228537082672,0.0003529295529222076,-0.9621251906693646,0.3464359966150854,0.24134545760937773,-0.9621251906693646
0.16659531369805336,0.4409877099096775,0.743680271320045,0.937371963635087,0.02567961346358061,0.0003526568626214567,-0.802582845098935,0.2919253879954823,0.24911405289941818,-0.802582845098935
0.20668013487011194,0.15323800966143608,0.24906329158693552,0.9053259044885635,0.04760186281055212,0.0003524222006049424,-0.862539879214808,0.2935917693346277,0.23318816727167146,-0.862539879214808
0.20611265674233437,0.21489072684198618,0.9998121513053775,0.8560441238805652,0.11063515953719616,0.0003523436319828708,-0.746941451408129,0.2918201558852319,0.24935450289086236,-0.746941451408129
0.06714469753205776,0.21477304957807064,0.7583037978038192,0.9480167934671044,0.16714101284742355,0.0003523118496093832,-0.8673527673353983,0.3293765805778694,0.304509441509607,-0.8673527673353983
0.38274796959012747,0.01081409864127636,0.9361140122637153,0.4297681087628007,0.002106204628944397,0.0003522719282262643,-1.012908510928906,0.3576564017048058,0.26572631051341095,-1.012908510928906
0.3179349834099412,0.1082208389416337,0.9145640106871724,0.5198384560644627,0.019717386923730373,0.0003519856802303514,-0.9178442258848647,0.3266011971483668,0.21393315194651166,-0.9178442258848647
0.29025173000991344,0.005277501419186592,0.1956767411902547,0.7183761782944202,0.008055205456912518,0.000351879189929277,-0.9670797731085952,0.3055590951323968,0.2205768498838997,-0.9670797731085952
0.16080033313483,0.34709709230810404,0.9813523180782795,0.9348836094141006,0.10926239378750324,0.0003514090604346195,-0.7705176673862058,0.29871491460642297,0.27603042436949554,-0.7705176673862058
0.10301155690103769,0.12878660298883915,0.848719104193151,0.9291484337300062,0.2650919668376446,0.00035130856078835764,-0.9493233023892003,0.33591947728662785,0.23844528333525647,-0.9493233023892003
0.3877779021859169,0.0205781077966094,0.6011270806193352,0.8606648398563266,0.013195265084505081,0.0003512578814663318,-0.7203168012229503,0.19332881948154476,0.2098534698512858,-0.7203168012229503
0.3115291502326727,0.09769382607191801,0.881382948718965,0.9414213597774506,0.3114554053172469,0.00035123799698844646,-0.7905640646234465,0.301994304914188,0.25467933993209324,-0.7905640646234465
0.1700382735580206,0.0706971324980259,0.341454716399312,0.8537251176312566,0.12103191297501326,0.00035116991099030595,-0.8870157258625062,0.30003485893327214,0.2536551992031847,-0.8870157258625062
0.19202165212482214,0.0799961406737566,0.4948884127661586,0.852238523773849,0.13579788338392973,0.00035116361853943054,-0.8175988582272941,0.2785313947328295,0.25007928141864944,-0.8175988582272941
0.08234455715864897,0.09585348982363939,0.21882973611354828,0.8747055046260357,0.09443463385105133,0.0003511070365038777,-0.994862198609837,0.3454856431873531,0.2649991462208539,-0.994862198609837
0.07509762700647116,0.008949344977736473,0.4632501909509301,0.750983958132565,0.049197171814739704,0.0003510192066336772,-1.0254155805111886,0.34781903992399693,0.2142993209260272,-1.0254155805111886
0.3210858181118965,0.027287212200462818,0.7231728341430426,0.8222037525847554,0.18789296131581068,0.00035099404227836276,-0.7174923841437907,0.25854334823488956,0.21867161935149995,-0.7174923841437907
0.06005183607339859,0.13751905504614115,0.2905725724995136,0.8644749857485294,0.045855860225856304,0.00035014683495432206,-0.9930679903598602,0.3484651720961587,0.24759693955519732,-0.9930679903598602
0.2419243147596717,0.09848486166447401,0.6462441710755229,0.8037792621180415,0.07376032695174217,0.0003500911500380989,-0.7604550060860586,0.2616534542408696,0.19958875201775744,-0.7604550060860586
0.3494728673249483,0.0030317939817905426,0.38460369035601616,0.9450782472267747,0.2868675198405981,0.00035008868786326827,-0.8243978236812001,0.28415262329542523,0.2531581178347264,-0.8243978236812001
0.2751780701801181,0.03609507344663143,0.774301428347826,0.49554839450865984,0.009628980420529842,0.0003498510831609214,-1.0018557449135428,0.3463778275688954,0.21127799807626838,-1.0018557449135428
0.20330905448645353,0.10505145601928234,0.3925439082086086,0.8974618669599295,0.13876519724726677,0.0003494229645426413,-0.808601358394264,0.27871647885737827,0.25271269056157797,-0.808601358394264
0.21461394615471363,0.173939379863441,0.3797253090888262,0.9860547166317701,0.12297721020877361,0.00034915088675188275,-0.7643382526805885,0.28074449446332395,0.2546477330157873,-0.7643382526805885
0.36297936271876097,0.00020548980683088303,0.23473597783595324,0.8681432483717799,0.07591818738728762,0.000349124882686834,-0.7991273137536676,0.23225298257102406,0.24716955369865806,-0.7991273137536676
0.043883818201720715,0.30828067380934954,0.9496988411992788,0.9578968044370413,0.20951981469988823,0.0003490576030891985,-0.925450521047581,0.34216308324010813,0.2892101593676914,-0.925450521047581
0.17396431416273117,0.41466961707919836,0.9412153828889132,0.9388936040922999,0.07089243642985821,0.00034901023989872515,-0.7764669561234833,0.29840379232774195,0.24551678739045368,-0.7764669561234833
0.23562932573258877,0.166227076202631,0.4958255710080266,0.914745818823576,0.0493526803329587,0.000348933677693988,-0.7487111204070669,0.25518263046699624,0.22485415376538045,-0.7487111204070669
0.14351892471313477,0.515468904748559,0.8975473213940859,0.9656977457925677,0.059458039700984955,0.00034893048869713485,-0.8490662095456883,0.3141937729804857,0.22204765544632518,-0.8490662095456883
0.07190355099737644,0.36730215046554804,0.2476541856303811,0.9942416176199913,0.02646757010370493,0.0003489192377187453,-0.9578222583142374,0.3516545521106641,0.28006227009310525,-0.9578222583142374
0.1594000682234764,0.27310026809573174,0.25170051399618387,0.9996068757027388,0.031029028818011284,0.00034887619249904174,-0.880282066634872,0.3203394564852284,0.26348679371143185,-0.880282066634872
0.048198968172073364,0.216448737308383,0.11811254359781742,0.9885057732462883,0.11835477594286203,0.00034882590773360777,-0.9988280586470414,0.3704377873891512,0.3030032993121863,-0.9988280586470414
0.13816985115408897,0.11747534945607185,0.36322622932493687,0.9590284684672952,0.22370404098182917,0.00034868337437005044,-0.9211690653950021,0.3240626704450483,0.24669556360115577,-0.9211690653950021
0.14654782880097628,0.10548984352499247,0.8604877693578601,0.8907822333276272,0.2574036354199052,0.000348552243724803,-0.9164591916393757,0.31836029292823603,0.22925918406544857,-0.9164591916393757
0.20566984452307224,0.06695345044136047,0.8236905196681619,0.7253425708040595,0.10080291796475649,0.0003485320998436962,-0.8457747121354937,0.29478702173069593,0.19784937483894072,-0.8457747121354937
0.2305570114403963,0.48526082653552294,0.7255283873528242,0.9672870663926005,0.008622986264526844,0.00034834838117524675,-0.7679560813128665,0.27338218593507924,0.2291511345594455,-0.7679560813128665
0.43992815911769867,0.014091351069509983,0.5407818723469973,0.9894825033843517,0.20168257784098387,0.0003482625539912185,-0.6505023329113548,0.22587172280229123,0.24660906490832807,-0.6505023329113548
0.2563728913664818,0.06894746236503124,0.12588750012218952,0.9273669579997659,0.21716069150716066,0.0003481839278449548,-0.907591656927814,0.3020607843090629,0.2592516899329472,-0.907591656927814
0.008391262032091618,0.11625730898231268,0.2900025639683008,0.9269827855750918,0.1479026870802045,0.0003481208929606778,-1.0135797698076463,0.3643489825921133,0.2922761467375443,-1.0135797698076463
0.0009443629533052444,0.08787299692630768,0.08121743891388178,0.964414288289845,0.21301643922924995,0.00034790986507439843,-1.1249198822905004,0.39085847896406034,0.25965295281980594,-1.1249198822905004
0.4384929807856679,0.068126798607409,0.9833725020289421,0.9178333980962634,0.2243777858093381,0.00034754839481261797,-0.6361119161687345,0.2578104868837128,0.28477683414069194,-0.6361119161687345
0.08788155764341354,0.5284328227862716,0.6647726185619831,0.9218972530215979,0.0169046176597476,0.00034749025823137963,-0.9259217852748562,0.32355636389306114,0.24598139119852477,-0.9259217852748562
0.040952082723379135,0.1783821927383542,0.3151583028957248,0.885291681624949,0.042855169624090195,0.0003474184170104182,-0.982946416577108,0.35308667289048473,0.2643246757764818,-0.982946416577108
0.22295216843485832,0.008591965772211552,0.2853468134999275,0.7161438288167119,0.03313391748815775,0.0003474135485812652,-0.975368788200811,0.3151911015874499,0.2036702930711088,-0.975368788200811
0.2632994707673788,0.034925722517073154,0.058654445223510265,0.8806624338030815,0.1799727026373148,0.0003473018804358205,-0.9264915103787268,0.3016612371460707,0.2909577467258338,-0.9264915103787268
0.01725098490715027,0.02632109448313713,0.3050263887271285,0.812539117410779,0.08731991797685623,0.00034713394432969003,-1.0643820691528638,0.3687694221028356,0.25114915280525424,-1.0643820691528638
0.3786679357290268,0.009015187621116638,0.96403469145298,0.7863380312919617,0.23221926391124725,0.00034711512906151375,-0.7494571868786928,0.28338290472124206,0.27346085443634566,-0.7494571868786928
0.10393983591347933,0.25863485410809517,0.9560942901298404,0.9274751236662269,0.19148224033415318,0.00034693717611472693,-0.8614729379971056,0.31953571923771645,0.27581424229613705,-0.8614729379971056
0.04879697132855654,0.15357400011271238,0.8673965558409691,0.7574531761929393,0.05543952435255051,0.0003467430068406885,-0.9577044048352229,0.34041612042705344,0.24236494147925028,-0.9577044048352229
0.06324501242488623,0.08630161080509424,0.13589441683143377,0.8750143880024552,0.09926447924226522,0.000346699884475916,-1.040005902993253,0.3592047892645872,0.27636549036283026,-1.040005902993253
0.2631430635228753,0.1553558139130473,0.14627490565180779,0.9562063599005342,0.044596037827432156,0.0003466249108025976,-0.8498843818511181,0.2791535431399209,0.24337113804298272,-0.8498843818511181
0.14683500863611698,0.22289629001170397,0.2883539777249098,0.9069416057318449,0.009184232912957668,0.00034661668212720097,-0.9069683836477987,0.3204897322799755,0.25458162881686236,-0.9069683836477987
0.08404516987502575,0.10899751633405685,0.7627554424107075,0.8372049182653427,0.1472601955756545,0.00034656646908544814,-0.9017882166209793,0.3188295342531469,0.27085295424856143,-0.9017882166209793
0.29063213896006346,0.06787603255361319,0.9459067722782493,0.5429881354793906,0.07206443883478642,0.00034652663860558367,-0.9176303349873978,0.3244245831029473,0.2001728010760984,-0.9176303349873978
0.04124203696846962,0.18542886525392532,0.8801570264622569,0.7890188815072179,0.06378290336579084,0.0003464585892355722,-0.9407921410853716,0.342641126211549,0.26092906605927596,-0.9407921410853716
0.06691865995526314,0.03892997745424509,0.15772447921335697,0.8590865535661578,0.12422001734375954,0.0003459467752893268,-1.0509703169042417,0.3568389505606251,0.2816844660678174,-1.0509703169042417
0.06443649902939796,0.12522288877516985,0.8118594055995345,0.7439507152885199,0.04896542150527239,0.00034571797957338107,-0.9588050197778725,0.3334744381212255,0.2306489747047031,-0.9588050197778725
0.11717482656240463,0.41258392203599215,0.813260193914175,0.9939595954492688,0.1303559923544526,0.0003455850057462328,-0.8054291192480909,0.30375219828341676,0.29152085783387516,-0.8054291192480909
0.4148076558485627,0.02332927193492651,0.6392858056351542,0.9919327963143587,0.06093101482838392,0.0003455433139548849,-0.6668588708223006,0.16846551488884962,0.2003120360519704,-0.6668588708223006
0.12708596792072058,0.5724381934851408,0.9594755843281746,0.9500482194125652,0.034554969519376755,0.000345417330895494,-0.9154434450460655,0.3278544998640772,0.20111795665956778,-0.9154434450460655
0.022573438473045826,0.5005503604188561,0.9492849130183458,0.9374338397756219,0.0766751877963543,0.00034534957614028707,-0.9555981491780057,0.35664387566645894,0.2604677017103748,-0.9555981491780057
0.33312568720430136,0.07169695477932692,0.4670715592801571,0.9071800382807851,0.08311619982123375,0.00034522867768029176,-0.690324334185258,0.20086089522900985,0.20071504657980804,-0.690324334185258
0.2371639423072338,0.09112395904958248,0.14577018469572067,0.9069781247526407,0.13689992390573025,0.0003450575448776838,-0.8690347841352292,0.29116627001659895,0.27642111729153984,-0.8690347841352292
0.13892901223152876,0.20296380203217268,0.77908453065902,0.7945457361638546,0.025636869482696056,0.00034473998360221134,-0.8555606109082307,0.3061118165610247,0.2412094671633869,-0.8555606109082307
0.13401101622730494,0.5463429177179933,0.8539106035605073,0.9966220902279019,0.06784051936119795,0.00034465099294943866,-0.8655642142025711,0.320103829839542,0.220092603919941,-0.8655642142025711
0.1631945362314582,0.2155426824465394,0.4114700648933649,0.9628119636327028,0.062098569236695766,0.00034458506152034276,-0.8151835972918358,0.29872959612376526,0.26281023270611764,-0.8151835972918358
0.13930093590170145,0.006869928911328316,0.5736429933458567,0.9830095069482923,0.33327899500727654,0.0003444382371210564,-1.018054266219819,0.35834988310630195,0.2231286345433805,-1.018054266219819
0.1093811634927988,0.01775876246392727,0.21555487718433142,0.9757790537551045,0.27097092289477587,0.00034442718488672134,-1.0675250975279436,0.3638652913309749,0.2339598328939231,-1.0675250975279436
0.2650734391063452,0.10803146008402109,0.2048969017341733,0.8287724545225501,0.015403863042593002,0.00034434478411758744,-0.8834695659548893,0.2803377184262362,0.22325125692860204,-0.8834695659548893
0.2801278857514262,0.14185069408267736,0.26893993839621544,0.9040796542540193,0.024829131551086903,0.0003443391283981764,-0.8095556005068199,0.2532648242707685,0.21964811177996363,-0.8095556005068199
0.13804267533123493,0.2977669443935156,0.5827143350616097,0.9323699520900846,0.011478177271783352,0.0003442352116929308,-0.8256708731553276,0.3024287746404428,0.29180466088216866,-0.8256708731553276
0.23010772373527288,0.19970848597586155,0.7938545271754265,0.9853475028648973,0.1466154521331191,0.0003442074625785789,-0.6925528621867498,0.27397853767662456,0.244936276268934,-0.6925528621867498
0.2241934211924672,0.023880433291196823,0.9442721223458648,0.851189891807735,0.30607670173048973,0.0003440999932891296,-0.9315099983745896,0.3288495682618028,0.237906009659394,-0.9315099983745896
0.16092101391404867,0.21093741431832314,0.8463413883000612,0.8638537954539061,0.0831478163599968,0.00034402502007920786,-0.7842548545212703,0.29564535623908766,0.25280738492575067,-0.7842548545212703
0.13082627207040787,0.22892084810882807,0.15812553279101849,0.982748044654727,0.06018753070384264,0.00034386956192255006,-0.9298049378831977,0.340714108944711,0.26939994478636053,-0.9298049378831977
0.17571150418370962,0.33043552190065384,0.3126665083691478,0.9840025836601853,0.00027042068541049957,0.00034384296428824503,-0.8621735576595235,0.3093846681918598,0.27098571306768793,-0.8621735576595235
0.2704841699451208,0.043449047952890396,0.5273295389488339,0.7073709508404136,0.04003610461950302,0.0003438287707483933,-0.8474332042959783,0.27597584073874964,0.17658927614500725,-0.8474332042959783
0.18218967504799366,0.11143799871206284,0.3033039392903447,0.896026186645031,0.1239972896873951,0.0003437089065920227,-0.8566083826836841,0.29597700120909753,0.2587186518657958,-0.8566083826836841
0.3073775293305516,0.10297425091266632,0.868833651766181,0.802593806758523,0.09602963738143444,0.0003435561194478215,-0.6804773210083355,0.25231770862147146,0.19682138319217382,-0.6804773210083355
0.5082755861803889,0.8950961036607623,0.9884992241859436,0.721209661103785,0.04600146226584911,0.0003435250742217219,-0.8837680277543326,0.27394494210530795,0.3007308509547953,-0.8837680277543326
0.2980317687615752,0.04545649513602257,0.7371270339936018,0.580773001536727,0.0264607360586524,0.0003432360990967532,-0.8998611007840008,0.3076310199368147,0.18520550174565498,-0.8998611007840008
0.2924484834074974,0.14714275859296322,0.6827202579006553,0.9928801320493221,0.11425541248172522,0.00034321311883333427,-0.6477780207973965,0.2383618189856046,0.21620897313727136,-0.6477780207973965
0.16343570966273546,0.03176518343389034,0.5120626157149673,0.8716885074973106,0.22998928558081388,0.0003431713460926909,-0.9253098613238164,0.3111424418226898,0.23296379578322055,-0.9253098613238164
0.15335225593298674,0.009140966460108757,0.9509467277675867,0.9067183630540967,0.345219811424613,0.0003430597331723835,-1.0253868570284577,0.3592510749076597,0.22776093058009803,-1.0253868570284577
0.2464182423427701,0.03432857897132635,0.7800288600847125,0.5786014785990119,0.04960158187896013,0.00034302521420609617,-0.9395732192921586,0.32095152299248786,0.18141471497536693,-0.9395732192921586
0.0030651483684778214,0.08076339680701494,0.6453459793701768,0.8661579573526978,0.1724340422078967,0.0003430242589088797,-0.9885916311740867,0.3554644023152478,0.2854405287351578,-0.9885916311740867
0.13060036953538656,0.0960133271291852,0.7417540503665805,0.9675673805177212,0.3001195518299937,0.00034297578075467546,-0.9550507467290308,0.34082470195763603,0.23313131123961825,-0.9550507467290308
0.25878327060490847,0.025715824216604233,0.5591207519173622,0.7679573455825448,0.12488719820976257,0.0003427587795295664,-0.7980308933343488,0.2700518323374418,0.2157741639171018,-0.7980308933343488
0.15396152716130018,0.06024689972400665,0.2992246448993683,0.943409463390708,0.24469896126538515,0.0003427408151645325,-0.9703395028730354,0.329429887619774,0.23597437610957991,-0.9703395028730354
0.13248677272349596,0.22638075426220894,0.8251363728195429,0.9459665287286043,0.19907316006720066,0.0003427188653587939,-0.8243505406753345,0.30746943809887295,0.26656365955265277,-0.8243505406753345
0.15878076385706663,0.08785866759717464,0.761823071166873,0.7741080913692713,0.10729311406612396,0.00034269248319962654,-0.8560633893207574,0.29683102506485987,0.22658258688298313,-0.8560633893207574
0.06825472228229046,0.15427363943308592,0.28381497506052256,0.9246692005544901,0.11533236596733332,0.00034257936215587145,-0.9490418244200213,0.34332449003808313,0.28729472427001285,-0.9490418244200213
0.20694252662360668,0.02032863348722458,0.665464486926794,0.9214543420821428,0.31084364745765924,0.0003423761217732754,-0.9295338294520029,0.32640573577983295,0.22859052526341692,-0.9295338294520029
0.08097351808100939,0.03608073107898235,0.4609743757173419,0.9536609360948205,0.2727601295337081,0.0003421462691631773,-1.0271299614361376,0.3554179253833837,0.23789983702269443,-1.0271299614361376
0.08961357828229666,0.38723872043192387,0.9929912835359573,0.9004277158528566,0.10059711989015341,0.0003420100611143648,-0.860127504973191,0.324039325452601,0.2845184750867819,-0.860127504973191
0.07647958863526583,0.17995614651590586,0.6547988895326853,0.8604302182793617,0.08005121257156134,0.00034180796361494496,-0.8738515952789845,0.3214765554632647,0.28753031798052736,-0.8738515952789845
0.011505486443638802,0.3632831173017621,0.9458595318719745,0.8822332099080086,0.08095986861735582,0.00034161242275758104,-0.9290407765445992,0.35332607833192886,0.3023807302376403,-0.9290407765445992
0.14976554922759533,0.1529724858701229,0.88120071683079,0.7148015601560473,0.04226789250969887,0.000341582309287748,-0.8941206191390626,0.3106294395784056,0.20613556091352622,-0.8941206191390626
0.21627742890268564,0.12574491929262877,0.3160867700353265,0.9486468238756061,0.20406876038759947,0.0003415167587707586,-0.8355370282779857,0.294888204279235,0.23681210169348568,-0.8355370282779857
0.21742190513759851,0.1362744029611349,0.8792246812954545,0.849698624573648,0.18190409615635872,0.00034150300721851723,-0.7699075534469507,0.2826205228488027,0.22442265309946793,-0.7699075534469507
0.31157661508768797,0.01563464105129242,0.619075714610517,0.8300133571028709,0.22269402910023928,0.00034144839695859214,-0.7664656634749797,0.2670863078004375,0.22587654162388066,-0.7664656634749797
0.1413901885971427,0.40454918798059225,0.6948174145072699,0.991041942499578,0.07293340936303139,0.0003414227207671583,-0.7852722166718391,0.29877432883517485,0.28062056441878,-0.7852722166718391
0.1159401647746563,0.08298647869378328,0.47329388931393623,0.8203589469194412,0.09620835818350315,0.0003412877983769505,-0.9111312635360623,0.31314775290575136,0.2510392204293504,-0.9111312635360623
0.03299200255423784,0.09807827044278383,0.8910153480246663,0.8137702541425824,0.1744595179334283,0.0003412649270431816,-0.9823805820194935,0.347540662615207,0.2562133842187568,-0.9823805820194935
0.012522334232926369,0.008354521356523037,0.2522699823603034,0.8384299064055085,0.13857202790677547,0.00034125154702378623,-1.081080363188964,0.3710018116814308,0.27643811990719785,-1.081080363188964
0.4697987800464034,0.07254423387348652,0.9931139815598726,0.9657418802380562,0.38537328969687223,0.00034092596835782953,-0.8241234251223876,0.3167272345760699,0.30966835109824187,-0.8241234251223876
0.05968700721859932,0.3049444295465946,0.4138606358319521,0.9345582965761423,0.01972243282943964,0.00034074999563104923,-0.9206279003970935,0.3362877749381537,0.3022708135141655,-0.9206279003970935
0.27447147853672504,0.02512944210320711,0.08519330248236656,0.8696187557652593,0.1849219324067235,0.00034066792925759764,-0.9165704402140372,0.29663868919034114,0.2847376178157865,-0.9165704402140372
0.18654235266149044,0.24156347569078207,0.9060916686430573,0.8327761888504028,0.04364726226776838,0.00034017631402464264,-0.7841493074695071,0.29578991113442255,0.2352828520292567,-0.7841493074695071
0.02518476825207472,0.050799074582755566,0.06593350693583488,0.7956536374986172,0.019749918021261692,0.00034007822178888566,-1.1447581594308027,0.3893321652191566,0.23555712261577025,-1.1447581594308027
0.25380907487124205,0.12407123576849699,0.6254173601046205,0.7833885177969933,0.025359912775456905,0.00034006218023416995,-0.7762466863239972,0.2612305417409223,0.19509712647269642,-0.7762466863239972
0.305037141777575,0.08742486499249935,0.9642723146826029,0.3927365895360708,0.031912083737552166,0.0003399460135593715,-1.0526574081569802,0.36253761000815266,0.2589575051739807,-1.0526574081569802
0.08126020058989525,0.05106379371136427,0.8074611909687519,0.6037860279902816,0.015440436080098152,0.0003396859898714404,-1.059891443911669,0.3671799043882015,0.18834050293201654,-1.059891443911669
0.0014583608135581017,0.09281066805124283,0.3689526291564107,0.8281743424013257,0.06925424560904503,0.0003396699684470491,-1.030797484688264,0.3624789192167224,0.2562550927452489,-1.030797484688264
0.20396136865019798,0.2102225162088871,0.3048781184479594,0.9393754517659545,0.027313710190355778,0.00033949973554177587,-0.8357499356790179,0.28963656395411247,0.2426795676054973,-0.8357499356790179
0.11009301338344812,0.1803730959072709,0.9348381934687495,0.6255497131496668,0.0047099413350224495,0.00033947760688529926,-0.9963713990656042,0.35359869600190486,0.2034969285165959,-0.9963713990656042
0.016171373426914215,0.09072668943554163,0.7680376851931214,0.8047592723742127,0.12922988925129175,0.0003394707026350129,-0.9737885139667013,0.34770182983974096,0.27715138280178647,-0.9737885139667013
0.24332009721547365,0.12963927816599607,0.12538704834878445,0.9433849174529314,0.12485772743821144,0.0003393736125040039,-0.8489698985319413,0.29193615952466045,0.2765050417274905,-0.8489698985319413
0.01639171876013279,0.15707112662494183,0.18308335915207863,0.903695466928184,0.0783705236390233,0.00033920590416869177,-1.0333345508816816,0.37232669005756086,0.27603992333918537,-1.0333345508816816
0.08713341411203146,0.008717254735529423,0.9573662225157022,0.48852208256721497,0.030503250658512115,0.000339141653033014,-1.1417362781025908,0.39844926029618466,0.19547238276907314,-1.1417362781025908
0.28770711924880743,0.0596750732511282,0.353046178817749,0.8352228496223688,0.10536413732916117,0.0003391029102120251,-0.7750007061167667,0.250404322752627,0.22330237108721376,-0.7750007061167667
0.13055642880499363,0.021827934309840202,0.7587047247216105,0.823383454233408,0.22823058161884546,0.00033908381908102144,-0.9594074479173693,0.3206792824232053,0.21955766838262067,-0.9594074479173693
0.15423512551933527,0.1889702221378684,0.6517553152516484,0.8471590541303158,0.045436241663992405,0.0003389429586737347,-0.8145256169642342,0.2931796632332167,0.2514172048102518,-0.8145256169642342
0.30871092714369297,0.0371392797678709,0.9861424406990409,0.37267370894551277,0.05686786025762558,0.0003389187502545566,-1.0828713937586856,0.36845259534615754,0.2701347543046632,-1.0828713937586856
0.11415401939302683,0.08715833723545074,0.5095062702894211,0.8583483509719372,0.14549411553889513,0.00033879726881806053,-0.8921126456995114,0.3073043227234328,0.27406884645652535,-0.8921126456995114
0.3371422132477164,0.023558054119348526,0.13983780331909657,0.7831496009603143,0.0027818959206342697,0.00033862875377658905,-0.9186025836210431,0.27652092854425786,0.24078550674279833,-0.9186025836210431
0.0003361264243721962,0.5484642535448074,0.3445944981649518,0.9815782085061073,0.032376889139413834,0.0003385224497658053,-1.0379865128200956,0.37098729358303717,0.25394907689361224,-1.0379865128200956
0.3832616461440921,0.04347519762814045,0.1006167558953166,0.9755751062184572,0.19743208400905132,0.0003383492698344124,-0.8083785214848124,0.26630173004957036,0.2815283684700801,-0.8083785214848124
0.14465829823166132,0.40737214125692844,0.48156698141247034,0.9794883783906698,0.01738663576543331,0.0003382687268898297,-0.8404842822102283,0.29705867356282106,0.27830414120567176,-0.8404842822102283
0.09112866409122944,0.24116715788841248,0.02433302253484726,0.9496432421728969,0.035928595811128616,0.0003380276413687082,-1.0204962902013697,0.36510123662773836,0.28078829120599685,-1.0204962902013697
0.1509619103744626,0.009390145540237427,0.2187236836180091,0.8665652899071574,0.19849743694067,0.00033798612610026166,-1.0040083051830566,0.33013553834174075,0.2503512412723901,-1.0040083051830566
0.032156516797840595,0.033669449388980865,0.4319114265963435,0.8059861194342375,0.10899054259061813,0.0003379662456561817,-1.0176126761466542,0.3523806728705363,0.26369023955059184,-1.0176126761466542
0.19920612312853336,0.07342928368598223,0.3559805219992995,0.9290366247296333,0.24174921866506338,0.00033783479577072294,-0.9006924703944729,0.30715456488992293,0.23330282685498577,-0.9006924703944729
0.03195011988282204,0.06272712908685207,0.8878018036484718,0.6542416661977768,0.04806286748498678,0.0003378061091933412,-1.0534811500461543,0.36781991842345435,0.20182649450541665,-1.0534811500461543
0.27040149737149477,0.17387547064572573,0.8805050430819392,0.9585435343906283,0.1584773315116763,0.0003376634143048323,-0.6663544723616281,0.26517639712084823,0.23127538264229902,-0.6663544723616281
0.10747243463993073,0.06246577017009258,0.2177029000595212,0.8034632438793778,0.047209604643285275,0.0003375411914591051,-1.0247638422691592,0.34244303976573,0.2300602135286278,-1.0247638422691592
0.41532357409596443,0.01666646357625723,0.9104191949591041,0.8713331092149019,0.1588701857253909,0.0003374791785971037,-0.6230443886827522,0.23801590592470717,0.2685341615573199,-0.6230443886827522
0.020523574203252792,0.21255425922572613,0.4328433396294713,0.9934939602389932,0.20909184776246548,0.00033722923435475715,-0.9580704239792877,0.3580575244430402,0.30953743123737526,-0.9580704239792877
0.1230309335514903,0.08191831037402153,0.8585109543055296,0.7157982354983687,0.0881261620670557,0.0003370247709879724,-0.9300274555651753,0.3203273829227598,0.21183656854802835,-0.9300274555651753
0.10086230468004942,0.08504056558012962,0.8897167444229126,0.7813189439475536,0.15647201891988516,0.0003369723353947915,-0.9296684012475089,0.32188379313697424,0.24166727905042878,-0.9296684012475089
0.11334149353206158,0.2242050264030695,0.6567191621288657,0.8047838779166341,0.0010842978954315186,0.0003368541055707968,-0.8868028748329648,0.320797068015223,0.2667677458585517,-0.8868028748329648
0.18609944730997086,0.10925020091235638,0.7924088267609477,0.7173678763210773,0.05738604813814163,0.00033682401009180375,-0.8609182418106874,0.29149045640716664,0.19373141259890142,-0.8609182418106874
0.12433219142258167,0.12206860072910786,0.42736813705414534,0.9191674571484327,0.1749159274622798,0.0003367793354426412,-0.8842842946161324,0.3125611166836294,0.26958808538791057,-0.8842842946161324
0.3347584595903754,0.0645835381001234,0.7751129902899265,0.7632397720590234,0.06218764465302229,0.00033662813572330803,-0.7041688680709233,0.23990389861061012,0.17950232798508703,-0.7041688680709233
0.23479397408664227,0.23060586396604776,0.9546856312081218,0.9537799572572112,0.23409726843237877,0.00033592532561219573,-0.7521208658363133,0.2924307079475058,0.24226182924691386,-0.7521208658363133
0.19908085837960243,0.2534930696710944,0.5739924125373363,0.9647288285195827,0.024777770973742008,0.00033579660763155973,-0.7633067773685712,0.2757380904090648,0.26540730515391514,-0.7633067773685712
0.23679855838418007,0.1031607910990715,0.6043999064713717,0.9441269868984818,0.2726914631202817,0.0003356931040228251,-0.8198610415493094,0.2957706319529611,0.23214523332378545,-0.8198610415493094
0.11141626536846161,0.14812589343637228,0.3513363879173994,0.9856570838019252,0.2323693223297596,0.00033557145348118967,-0.9415014197902937,0.33707478111939215,0.2548838336922896,-0.9415014197902937
0.1767407525330782,0.08871658239513636,0.6148088714107871,0.9136651456356049,0.25550784450024366,0.0003354927921276347,-0.8811721845611358,0.30723672361768395,0.23433412061359216,-0.8811721845611358
0.09977223072201014,0.23163017444312572,0.5119134513661265,0.9975358815863729,0.16510026343166828,0.0003354499719274518,-0.8371455323749594,0.32039265600152483,0.31343126681698297,-0.8371455323749594
0.03902859706431627,0.3427289370447397,0.859964675270021,0.9733317932114005,0.17246151249855757,0.0003352051344677006,-0.8905547301351084,0.33501407185583515,0.3169730680019635,-0.8905547301351084
0.14642064087092876,0.339739796705544,0.8583744168281555,0.9414522163569927,0.08698713965713978,0.00033505752028313985,-0.7738135434025165,0.2978175805537975,0.27837333014488397,-0.7738135434025165
0.23651162814348936,0.22031236812472343,0.05909050162881613,0.9905596179887652,0.02520431112498045,0.000334988284831228,-0.8990650406934616,0.30822609326647316,0.26676332986424645,-0.8990650406934616
0.26288853865116835,0.09682342037558556,0.8093694755807519,0.8655673591420054,0.2438893122598529,0.00033461999935470915,-0.7790921077493199,0.28171762885922225,0.22179688694449706,-0.7790921077493199
0.12657940108329058,0.019972100853919983,0.8567758612334728,0.459006872959435,0.006193236447870731,0.00033450891353494736,-1.13681485243573,0.39382736055966255,0.2060531971469119,-1.13681485243573
0.20497070904821157,0.01477641612291336,0.6370165003463626,0.679833672940731,0.07470052968710661,0.000334477420041469,-0.9108367876495288,0.3062672541770504,0.1886669996488297,-0.9108367876495288
0.06629057507961988,0.11102380510419607,0.8703669738024473,0.6193858981132507,0.01592802070081234,0.00033443474146546025,-1.042933879101612,0.36263390253384764,0.1974090711129397,-1.042933879101612
0.14162662625312805,0.3481471836566925,0.0669876104220748,0.9610624061897397,0.002387687563896179,0.0003343380722030501,-0.9769500245592563,0.3472690716994466,0.27725932105152384,-0.9769500245592563
0.1942751919850707,0.03941246494650841,0.9772666832432151,0.9644898092374206,0.4136402290314436,0.00033430001998365817,-1.0338538962672255,0.3645278214087941,0.23769495193849993,-1.0338538962672255
0.14325788989663124,0.21421386301517487,0.5128462547436357,0.9341811900958419,0.08009845484048128,0.0003341147457025409,-0.8002269065371184,0.29810420981812585,0.28196157565348495,-0.8002269065371184
0.04066513758152723,0.061106578446924686,0.7703749667853117,0.9317230610176921,0.2861995566636324,0.0003339312727436886,-1.0412111454994304,0.366703886689614,0.23313550477037162,-1.0412111454994304
0.011385766789317131,0.1880604699254036,0.8191515328362584,0.8268282916396856,0.1016919082030654,0.00033372029605268993,-0.9370953265035191,0.345940303978972,0.2979993686449321,-0.9370953265035191
0.16011689696460962,0.22248538210988045,0.6398686589673162,0.9431450916454196,0.09858714509755373,0.00033363897280651187,-0.7576480344937839,0.289886454467293,0.2821980739348347,-0.7576480344937839
0.2330147596076131,0.1477946499362588,0.7765538021922112,0.6913612317293882,0.014795811846852303,0.0003334809397468764,-0.8365453372457661,0.28898976949368377,0.18905248796851604,-0.8365453372457661
0.22296331729739904,0.14720851182937622,0.18206286244094372,0.9653384322300553,0.16731649078428745,0.0003334772927377869,-0.8461065649306052,0.2996535239189797,0.26132881801390895,-0.8461065649306052
0.2410650597885251,0.21776433382183313,0.7723537981510162,0.9789807815104723,0.06511657778173685,0.00033344288129139396,-0.6963305077225102,0.2665774806472769,0.23198305155088844,-0.6963305077225102
0.4916478721424937,0.059987274929881096,0.873162399046123,0.9904770795255899,0.3047080133110285,0.00033338371915681475,-0.715464931737849,0.28497862695083476,0.29313013748525185,-0.715464931737849
0.07713480293750763,0.2427990548312664,0.4045683518052101,0.877500700764358,0.015671445056796074,0.0003333452378662983,-0.9261656478414781,0.33339455064859275,0.2813234260797543,-0.9261656478414781
0.2415082110092044,0.06884288042783737,0.9085413906723261,0.5939296390861273,0.08288331516087055,0.0003333441691307241,-0.910668596702576,0.3178611594187706,0.18177055257063796,-0.910668596702576
0.0973014710471034,0.5632822848856449,0.6467409441247582,0.9931947020813823,0.064131710678339,0.00033333447088432065,-0.9035933292143404,0.3269543790595001,0.24227550201739886,-0.9035933292143404
0.023031309247016907,0.28165099304169416,0.46156337577849627,0.9745775833725929,0.0891957376152277,0.0003332519552520824,-0.9019902760299061,0.3466211981346148,0.3397591963204847,-0.9019902760299061
0.18245609384030104,0.015981575474143028,0.7517408337444067,0.5479813870042562,0.03157601784914732,0.0003331679819578687,-1.0308977147457161,0.3519439350897604,0.18790132297766907,-1.0308977147457161
0.3485936587676406,0.04787071235477924,0.5904029849916697,0.791225278750062,0.033301946707069874,0.00033301765575248694,-0.7259924651519047,0.2209985598759608,0.18526763904693277,-0.7259924651519047
0.16550250444561243,0.029333824291825294,0.6322238799184561,0.6247664149850607,0.020092681981623173,0.0003328893421006687,-0.9972965850024355,0.3391650882190255,0.18345861895281132,-0.9972965850024355
0.13161016441881657,0.04101443011313677,0.797568635083735,0.8751815808936954,0.2735142828896642,0.0003328829006296894,-0.9726096756388629,0.33129737139782756,0.22363007769578497,-0.9726096756388629
