x1,x2,x3,x4,x5,x6,ensemble_ei,ensemble_mu_mean_model,ensemble_sigma_mean_model,ensemble_mu_std_model,ensemble_mu_mean_original_approx
0.010219826363027096,0.26873381063342094,0.06275211833417416,0.18060634844005108,0.4304537922143936,0.9687332483008504,1.9470168921683785e-05,0.8979562995955271,0.19167675929945605,0.3395811627189721,0.8979562995955271
0.018591214902698994,0.4832219807431102,0.26197509840130806,0.18686411622911692,0.01970482710748911,0.9858784638345242,1.8545682981624357e-05,0.5812744542949246,0.27716309219879065,0.2969442574759259,0.5812744542949246
0.05278223007917404,0.3856728281825781,0.1332568759098649,0.026906831189990044,0.012880139984190464,0.9165980750694871,1.8315102332018798e-05,0.5777997904159373,0.2917233909601125,0.31219079350016876,0.5777997904159373
0.020912672393023968,0.3724805200472474,0.9020491372793913,0.009890580549836159,0.11259843781590462,0.9503907766193151,1.7511756453496294e-05,0.635425967234058,0.27736932479291765,0.32263248408821543,0.635425967234058
0.025097626261413097,0.4561029961332679,0.5521865300834179,0.009368115104734898,0.05827778950333595,0.9355033049359918,1.739412477465965e-05,0.5921399325251496,0.2828984111495066,0.31832414678166226,0.5921399325251496
0.031121615320444107,0.257557712495327,0.4776432542130351,0.07283320371061563,0.44210084713995457,0.9806592017412186,1.7393248887798433e-05,0.7646358165846547,0.2191538455628647,0.33716169541091756,0.7646358165846547
0.0007010698318481445,0.42811074294149876,0.28116340190172195,0.04297761246562004,0.1366340108215809,0.944905742071569,1.69328547732158e-05,0.6996157496304175,0.2608893400841525,0.3464475357749919,0.6996157496304175
0.0735890967771411,0.40478813368827105,0.8248969204723835,0.03207056503742933,0.010326826013624668,0.9453756874427199,1.6850670573725992e-05,0.5526384507657915,0.2923902058924474,0.2939999989824165,0.5526384507657915
0.006473002955317497,0.4943942939862609,0.1612337240949273,0.07542934827506542,0.10188085120171309,0.9396988311782479,1.6129667070532168e-05,0.6512150090425374,0.2675816897682098,0.3268716716564562,0.6512150090425374
0.09853091835975647,0.44470881298184395,0.48604524228721857,0.0496126152575016,0.05864814296364784,0.9682490220293403,1.601907828471926e-05,0.5818573382783068,0.2839649364035227,0.3006594804202794,0.5818573382783068
0.01420009694993496,0.511058141477406,0.37475419975817204,0.22551513835787773,0.07682483177632093,0.992208493873477,1.5884135758999348e-05,0.6300804215569323,0.26767947793027297,0.2787721622080583,0.6300804215569323
0.05928864888846874,0.42889700271189213,0.9231230625882745,0.16920453123748302,0.033877838402986526,0.975487295538187,1.586794161470091e-05,0.5837267803709715,0.2740004770223264,0.29794017805233475,0.5837267803709715
0.058619214221835136,0.4684810619801283,0.04544192738831043,0.055835445411503315,0.08063846826553345,0.871307136490941,1.5861791065726162e-05,0.6481465243226154,0.26660096303489594,0.32567184293941887,0.6481465243226154
0.0049354396760463715,0.234616594389081,0.5093506341800094,0.2845535930246115,0.3854186562821269,0.9840768212452531,1.5783158728908633e-05,0.838803793690583,0.21521308711170128,0.3078755690359593,0.838803793690583
0.03604316432029009,0.23031707666814327,0.2051029186695814,0.038665262050926685,0.4384651128202677,0.9203642578795552,1.570387546083578e-05,0.7503431396356678,0.21702029756270566,0.36838761480911897,0.7503431396356678
0.04015876818448305,0.4098016005009413,0.5235535390675068,0.09292561654001474,0.09258335642516613,0.9581768894568086,1.5599057876749272e-05,0.6449815166379719,0.2652483771212685,0.329185407263398,0.6449815166379719
0.15211554057896137,0.41390295792371035,0.07285723090171814,0.008545506745576859,0.11827133689075708,0.8376441299915314,1.550321977738782e-05,0.6658348301525071,0.25499454502395014,0.3209774209877599,0.6658348301525071
0.19058149680495262,0.4365803888067603,0.3961433498188853,0.0030571864917874336,0.022951980121433735,0.995072272606194,1.5450198005740157e-05,0.5197614289343706,0.3052137504520193,0.25127353591836216,0.5197614289343706
0.11064151953905821,0.4569797217845917,0.08684014156460762,0.18814732413738966,0.06292997114360332,0.9811663199216127,1.5355339452820607e-05,0.6082651169918158,0.2685002025238515,0.2875703310016418,0.6082651169918158
0.02650142926722765,0.5310099432244897,0.20986497309058905,0.020055408589541912,0.049643986858427525,0.9490354983136058,1.5273119568710575e-05,0.5645285508654925,0.2904872819789912,0.2937493577032519,0.5645285508654925
0.019260738976299763,0.3811951791867614,0.6440898692235351,0.04219937510788441,0.0977162690833211,0.85484235920012,1.5185724143556563e-05,0.6741367124102708,0.2579944128877118,0.33234609481330196,0.6741367124102708
0.0018821805715560913,0.14051941316574812,0.33417202811688185,0.128188693895936,0.4627725575119257,0.989628903567791,1.5093065862933474e-05,0.699007525249935,0.25988721567733536,0.269557355142708,0.699007525249935
0.030712501145899296,0.5083758272230625,0.02201712876558304,0.28201140090823174,0.017325762659311295,0.8240306414663792,1.4963257021125402e-05,0.6155496859570757,0.24021708474092487,0.2787218895256107,0.6155496859570757
0.010230233892798424,0.3321737954393029,0.26156929414719343,0.07669955212622881,0.03193415980786085,0.924345975741744,1.491572948078979e-05,0.6026023014356114,0.2776927358404676,0.3119022073316893,0.6026023014356114
0.25086668226867914,0.45835654344409704,0.01060809101909399,0.01350153423845768,0.0017770016565918922,0.961910773999989,1.4726630376448633e-05,0.4880169226718757,0.3054953576547726,0.24468823757707994,0.4880169226718757
0.006244657561182976,0.3255048729479313,0.02328400406986475,0.012774515897035599,0.15299778897315264,0.8456941870972514,1.4691206071367493e-05,0.7227501519430181,0.2532027051208662,0.3380660724160556,0.7227501519430181
0.06433228868991137,0.409537554718554,0.11475596949458122,0.14658209960907698,0.036207932978868484,0.8793262783437967,1.4651237269944912e-05,0.6279317744219824,0.25970043081227784,0.32472329099615294,0.6279317744219824
0.04169633146375418,0.1658866060897708,0.17635788209736347,0.29831208381801844,0.4338014107197523,0.9930340955033898,1.4547888362255943e-05,0.737785580667181,0.24967266865069734,0.2797640627665324,0.737785580667181
0.10179273039102554,0.3525643069297075,0.09322926681488752,0.048319525085389614,0.11419080570340157,0.9216118231415749,1.4489286427874323e-05,0.6603725973869625,0.2676138311605702,0.32143076755756933,0.6603725973869625
0.13358669634908438,0.3983631655573845,0.9443285753950477,0.015579784289002419,0.14743968099355698,0.9896925585344434,1.4488313356138688e-05,0.633185288671124,0.28185124710364756,0.3115003729737555,0.633185288671124
0.08231011591851711,0.4294970231130719,0.46568229142576456,0.09813513234257698,0.08733090572059155,0.9293381785973907,1.4432781100540442e-05,0.6458309536363075,0.25994080296976135,0.320147255001101,0.6458309536363075
0.07572089601308107,0.34931671898812056,0.5669528366997838,0.0017148656770586967,0.029120072722434998,0.8578811688348651,1.4410803738412682e-05,0.5813836988929153,0.2833123101339121,0.30400018834616727,0.5813836988929153
0.0920533686876297,0.47129344660788774,0.3692930955439806,0.06919889058917761,0.006652153097093105,0.8447692804038525,1.4327324716009581e-05,0.5751274912181011,0.27336033902578305,0.3073093228222211,0.5751274912181011
0.142387542873621,0.4868259998038411,0.2308626128360629,0.04138846602290869,0.03783620148897171,0.8897103918716311,1.4301831397939032e-05,0.5695745722241957,0.28284384765619,0.2812241217062616,0.5695745722241957
0.11131488811224699,0.43308936432003975,0.9444729005917907,0.08278917521238327,0.04718991555273533,0.8656274266541004,1.4100960671563599e-05,0.6002472540484645,0.2696678918091038,0.3040739985464889,0.6002472540484645
0.01979136001318693,0.1518233334645629,0.24942192994058132,0.11050395388156176,0.41174304485321045,0.9440124230459332,1.4078699735938701e-05,0.7449235744130701,0.2283397432124525,0.29888701742216894,0.7449235744130701
0.040710036642849445,0.4484052453190088,0.38263349886983633,0.1985205728560686,0.04582239128649235,0.8281155666336417,1.4072689494333295e-05,0.661504698592562,0.2319077727829905,0.31781432834962553,0.661504698592562
0.011819742619991302,0.44494403433054686,0.902500712312758,0.24604745022952557,0.07014407031238079,0.8889117650687695,1.405343175602475e-05,0.6714390451783824,0.2513647246276198,0.28928919717055307,0.6714390451783824
0.12293128948658705,0.408263192512095,0.7140387045219541,0.022797570563852787,0.13700352981686592,0.9112448850646615,1.4043180611132513e-05,0.6694696850135209,0.26372900357981255,0.3229073678510961,0.6694696850135209
0.05501754768192768,0.4462118400260806,0.23329608608037233,0.2630694229155779,0.11130863148719072,0.9963024603202939,1.3943947868248423e-05,0.6881567340223165,0.26072742375296065,0.28454931275508977,0.6881567340223165
0.15181219764053822,0.45251304004341364,0.9583298889920115,0.15301218535751104,0.009026114828884602,0.9408520217984915,1.383669532593366e-05,0.5378951179569644,0.2732148017403965,0.27972214698618436,0.5378951179569644
0.05745546519756317,0.2856862545013428,0.2878069235011935,0.023660612292587757,0.0681776786223054,0.9632531236857176,1.3805408833432615e-05,0.5886609552046251,0.2880926283497999,0.2898375899147553,0.5886609552046251
0.03237924724817276,0.30183618143200874,0.40907310601323843,0.26054195035248995,0.4659405089914799,0.9553497172892094,1.3734106366002422e-05,0.8913704482981185,0.1920441764325555,0.3288788802138454,0.8913704482981185
0.017187396995723248,0.5333100231364369,0.9842129712924361,0.1584773464128375,0.028646279126405716,0.8825130145996809,1.36950617676178e-05,0.5740420845912861,0.26878701589432485,0.2835996003852971,0.5740420845912861
0.012371011078357697,0.4209854891523719,0.003808462992310524,0.10899642575532198,0.054633671417832375,0.7704437766224146,1.3680037924671647e-05,0.7188599087174823,0.23385511357878955,0.34153363652486346,0.7188599087174823
0.07430762518197298,0.22964064124971628,0.6871128436177969,0.23306905385106802,0.4327445775270462,0.9992132019251585,1.3638916602380003e-05,0.8251456098973752,0.22057309716090023,0.3245002479238947,0.8251456098973752
0.011797458864748478,0.37556747160851955,0.7106471173465252,0.013219145126640797,0.4684157492592931,0.9719342207536101,1.3593631567196897e-05,0.7674875867586469,0.22607421772338984,0.4217568114764844,0.7674875867586469
0.1077877338975668,0.49486029893159866,0.6958257192745805,0.12891821935772896,0.019099929369986057,0.8935627955943346,1.352223078113295e-05,0.5640476194691902,0.26910121063878983,0.2864280487512821,0.5640476194691902
0.15028634294867516,0.503487347625196,0.3034776896238327,0.12665399629622698,0.00027024000883102417,0.9270852245390415,1.3484001986224555e-05,0.5292478745528117,0.27724068919147715,0.26807751210523245,0.5292478745528117
0.1534084491431713,0.34071973990648985,0.31508483830839396,0.040858130902051926,0.10778292268514633,0.999845813959837,1.3445812456079761e-05,0.6096724282881634,0.28470680538125753,0.28541945978725713,0.6096724282881634
0.000745430588722229,0.3534862073138356,0.5497265411540866,0.24245010036975145,0.014846650883555412,0.9989978624507785,1.3437060517665872e-05,0.5900971364666142,0.2803256711331072,0.2758394033567338,0.5900971364666142
0.18598057236522436,0.41737358644604683,0.5794797074049711,0.055156730115413666,0.015761722810566425,0.8989106146618724,1.3383361592727373e-05,0.5420171219770704,0.2843018408715301,0.28104893832777955,0.5420171219770704
0.06378495413810015,0.4490524725988507,0.9788129171356559,0.0024051740765571594,0.08319678902626038,0.7800285778939724,1.3334005907453307e-05,0.68813471522905,0.24620152839297954,0.3039680258120036,0.68813471522905
0.08043684810400009,0.4960280582308769,0.09976543486118317,0.005136525258421898,0.18246448878198862,0.9242605352774262,1.3310226727297943e-05,0.7035528849451106,0.2598293277124941,0.3441084046666007,0.7035528849451106
0.08763892762362957,0.24971455056220293,0.7722311792895198,0.028128385543823242,0.44470050372183323,0.9501792220398784,1.3261569923371946e-05,0.7093017384683276,0.2264170444957288,0.37278126058147876,0.7093017384683276
0.15760174579918385,0.37712546810507774,0.18851170223206282,0.12189322616904974,0.066274868324399,0.9763526199385524,1.3239472669014106e-05,0.5972676338492263,0.27308712443697086,0.2898731013357884,0.5972676338492263
0.06047259084880352,0.1393670616671443,0.9927952531725168,0.0019617751240730286,0.3600773010402918,0.9571008263155818,1.3230906837752485e-05,0.6197112223029083,0.2667004275617689,0.3312726569307365,0.6197112223029083
0.0013346970081329346,0.2260052477940917,0.6972590833902359,0.02263252530246973,0.4157837610691786,0.8590720277279615,1.3224152081560731e-05,0.772840665651095,0.2301132132563963,0.3608010695761193,0.772840665651095
0.23105027433484793,0.4755233135074377,0.7896824683994055,0.01682974584400654,0.03234062343835831,0.9820251809433103,1.3212619762625931e-05,0.5057893529232002,0.30075610387314133,0.24334111550575008,0.5057893529232002
0.0056105609983205795,0.33193919342011213,0.6488395212218165,0.027735479176044464,0.5226368037983775,0.9869728982448578,1.3197646623558115e-05,0.6930869027841369,0.2517463315271776,0.36931224853861994,0.6930869027841369
0.039251078851521015,0.0681118369102478,0.37184467539191246,0.03528153710067272,0.38292245008051395,0.9674849305301905,1.3175612627647009e-05,0.5905441606622606,0.26703047725821355,0.29531168268225033,0.5905441606622606
0.10626187175512314,0.5531657245010138,0.04205412603914738,0.1495268251746893,0.02632947638630867,0.9738512337207794,1.3168034566415387e-05,0.5268233168158714,0.2812357793688257,0.26140929747483527,0.5268233168158714
0.044108983129262924,0.47279737889766693,0.21576963178813457,0.0068061864003539085,0.01830354332923889,0.7391454260796309,1.3125558405164595e-05,0.6347146065398794,0.25508631347833716,0.32769745469115436,0.6347146065398794
0.02117165457457304,0.44772651232779026,0.7905252557247877,0.07230131328105927,0.13252649642527103,0.8579673208296299,1.3116954808154776e-05,0.7241366590473757,0.24638722057482013,0.3321506260954824,0.7241366590473757
0.04223593603819609,0.5077172107994556,0.8479295708239079,0.20931372046470642,0.038653901778161526,0.8064227821305394,1.3107686788699187e-05,0.6417392360547538,0.23034792769186638,0.2660587757812516,0.6417392360547538
0.16353335604071617,0.45122520718723536,0.3710710797458887,0.029230487532913685,0.15664366353303194,0.9708168031647801,1.3077573327827315e-05,0.6571314738863143,0.26970575047890366,0.3119599263778689,0.6571314738863143
0.017106397077441216,0.3180967168882489,0.39017496909946203,0.3403155403211713,0.4301625173538923,0.9322508089244366,1.3073751545650792e-05,0.8846621599506811,0.19088453433335087,0.32308442799078707,0.8846621599506811
0.03426084201782942,0.4911791291087866,0.6864099940285087,0.12258337624371052,0.0013913577422499657,0.7534296084195375,1.3040776001290155e-05,0.6428008226426937,0.23699718746584517,0.3364167552772281,0.6428008226426937
0.01091670896857977,0.04165672231465578,0.009378117509186268,0.023137710988521576,0.22924859635531902,0.9815044794231653,1.301963807373681e-05,0.5457204926849977,0.30390413565459645,0.25349420004529827,0.5457204926849977
0.01107700727880001,0.17404660489410162,0.6084075076505542,0.05229712463915348,0.49060679133981466,0.9307853626087308,1.3004314213561572e-05,0.637842891767304,0.24974595836188282,0.31447050046104547,0.637842891767304
0.03273498732596636,0.5568621531128883,0.09126650914549828,0.0943329781293869,0.00788998045027256,0.8649613708257675,1.2956156737622038e-05,0.5472506325366764,0.281839207076218,0.2846706735318122,0.5472506325366764
0.007791353389620781,0.19117934815585613,0.23120894469320774,0.22117970138788223,0.30699041206389666,0.9850633200258017,1.2954112943514616e-05,0.8133107840940714,0.22863098113826952,0.29624634638151665,0.8133107840940714
0.047248407267034054,0.342148975469172,0.8321506883949041,0.08648092858493328,0.48649326618760824,0.9954751506447792,1.2924844991837933e-05,0.7735578118771927,0.2344428424955624,0.34275091234584426,0.7735578118771927
0.06616530101746321,0.5069344444200397,0.2596258483827114,0.030670830979943275,0.09012403804808855,0.8520686309784651,1.2860649499704828e-05,0.6437460477864413,0.26118343698351754,0.3126598254624845,0.6437460477864413
0.10005682520568371,0.511398384347558,0.7677132654935122,0.04670349322259426,0.05221059266477823,0.9153129132464528,1.2803392783337415e-05,0.5677126069146385,0.2806387601889147,0.2823141719591746,0.5677126069146385
0.03681494016200304,0.45543967094272375,0.152214084751904,0.13363043498247862,0.14350977912545204,0.9028622899204493,1.2775025658819015e-05,0.7532587044768174,0.2431653541150094,0.3347158116163161,0.7532587044768174
0.005921823903918266,0.393355461768806,0.8074533361941576,0.2122279303148389,0.02386974450200796,0.8364934539422393,1.2763292230898852e-05,0.639151728814522,0.2476771167634842,0.3017451409854042,0.639151728814522
0.012141592800617218,0.2734586112201214,0.17301909066736698,0.0465902229771018,0.19046742096543312,0.9290274307131767,1.2723198124930868e-05,0.7203559681510502,0.2555707531284059,0.33065793853310493,0.7203559681510502
0.08438728004693985,0.5190814128145576,0.15674633625894785,0.2314919801428914,0.03146191593259573,0.8391680000349879,1.2716959429368816e-05,0.6049760279471074,0.24360871257392006,0.2770251907331441,0.6049760279471074
0.008769351989030838,0.42994856275618076,0.19096044916659594,0.3396691847592592,0.020118302665650845,0.8954408289864659,1.2688653243312683e-05,0.6327960806393199,0.2566510966590654,0.28445073805131005,0.6327960806393199
0.13951826933771372,0.46464665699750185,0.6211439575999975,0.10819695144891739,0.11450506653636694,0.98500348161906,1.2652304786343335e-05,0.6242299029068082,0.26920488115263896,0.29781949555816584,0.6242299029068082
0.05857689678668976,0.19002884440124035,0.5648666797205806,0.09691357053816319,0.3935648174956441,0.9548608483746648,1.263825909656761e-05,0.7507614104164153,0.21890830213128626,0.3154262643405347,0.7507614104164153
0.002522907219827175,0.43532382789999247,0.5956675065681338,0.020395487546920776,0.035291519947350025,0.7222240325063467,1.259986383461944e-05,0.6294824584826619,0.24948082547499784,0.3259823232109149,0.6294824584826619
0.02982397098094225,0.11834866926074028,0.22983516473323107,0.019225891679525375,0.2644249266013503,0.9255130253732204,1.2563610320616787e-05,0.6352768896190906,0.27468932130275076,0.2976229888461868,0.6352768896190906
0.16739078238606453,0.4604244716465473,0.10152100771665573,0.09222424402832985,0.027828584425151348,0.7982469275593758,1.2510636137927833e-05,0.6030183259049386,0.2518714453143333,0.2795680588234964,0.6030183259049386
0.04523798357695341,0.209004083648324,0.9796950574964285,0.14194239396601915,0.4838727032765746,0.9707545638084412,1.2484174063153539e-05,0.7280316881860759,0.24889703457428733,0.2896275286537016,0.7280316881860759
0.02302272617816925,0.2593839690089226,0.05222032032907009,0.3098321920260787,0.3396233404055238,0.9368086326867342,1.2479508761744393e-05,0.8710079389340045,0.2006599305719049,0.3175211538772647,0.8710079389340045
0.14057896379381418,0.06036494206637144,0.27425998263061047,0.02128645684570074,0.4097372544929385,0.9953491166234016,1.2473512948665396e-05,0.5498654085558251,0.28072074569287797,0.2879771575557198,0.5498654085558251
0.043599643744528294,0.22460549138486385,0.2640536082908511,0.3283984987065196,0.3433106327429414,0.9971040775999427,1.2417371889706626e-05,0.7955675221064813,0.23475538596548198,0.28216168036537354,0.7955675221064813
0.26194051746279,0.3703471953049302,0.41027258057147264,0.014054575003683567,0.07147970143705606,0.9142781812697649,1.2376832157526221e-05,0.5659552178194781,0.2784712805736498,0.2722451358836601,0.5659552178194781
0.0007846737280488014,0.2958522289991379,0.8685961794108152,0.013909755274653435,0.3977367551997304,0.8940622806549072,1.2365462991672903e-05,0.8218484840974923,0.21385444354709318,0.4095480922588247,0.8218484840974923
0.03571327403187752,0.11258494481444359,0.676385723054409,0.00553829874843359,0.2152003524824977,0.9945210386067629,1.2346718896466407e-05,0.5698316093127767,0.2976887915833071,0.27118735612960626,0.5698316093127767
0.06983900349587202,0.2977596325799823,0.7211432661861181,0.034546151757240295,0.06489253882318735,0.9305085092782974,1.2318203668118055e-05,0.589946833073137,0.2809668663980853,0.29220024543523115,0.589946833073137
0.06404477078467607,0.3718535955995321,0.8364271214231849,0.06481591053307056,0.157995430752635,0.934578163549304,1.2307226982674727e-05,0.7071758009583392,0.25370968976226427,0.334899999212216,0.7071758009583392
0.048100342974066734,0.24931329675018787,0.37048042844980955,0.20893780328333378,0.4340898245573044,0.9040279537439346,1.2283087716181082e-05,0.935825536977194,0.18176061719828815,0.3206996456505981,0.935825536977194
0.22474221978336573,0.4640598688274622,0.017157865688204765,0.16402179189026356,0.014271889813244343,0.9081059917807579,1.2258624327154552e-05,0.535583907833079,0.2688831676506776,0.2639699680164846,0.535583907833079
0.09444194659590721,0.45331956539303064,0.2986780311912298,0.25636042933911085,0.030663573183119297,0.8432538136839867,1.2255824205968055e-05,0.6336126380816576,0.24036961617429498,0.2851193640561532,0.6336126380816576
0.029186620377004147,0.44176518358290195,0.7393688810989261,0.31039888970553875,0.024189644493162632,0.8105080481618643,1.219908249162254e-05,0.6605439845448258,0.22368364063257243,0.2602026625292123,0.6605439845448258
0.01789564359933138,0.2102938536554575,0.3179752668365836,0.015720277093350887,0.3185015534982085,0.9409104390069842,1.2193039320153866e-05,0.7316083073002981,0.24142754101811234,0.35578092916467563,0.7316083073002981
0.007380811497569084,0.027703830040991306,0.9392119431868196,0.05295721534639597,0.436041078530252,0.9471145439893007,1.2183760027167539e-05,0.5356587176682671,0.2721396019660112,0.26979414968897436,0.5356587176682671
0.04102129954844713,0.2597909960895777,0.03655046783387661,0.01414510514587164,0.5329104345291853,0.9743852242827415,1.2168911523156532e-05,0.6372580120655829,0.2625902546253547,0.3408501610417922,0.6372580120655829
0.17655591014772654,0.3972126916050911,0.35186936520040035,0.1393643096089363,0.062147073447704315,0.9570409934967756,1.2163948878329261e-05,0.5965576659422538,0.2630246180929659,0.2861426114586241,0.5965576659422538
0.02518194355070591,0.323844482190907,0.0819412562996149,0.0426474018022418,0.28813422936946154,0.9784120749682188,1.2127297754154162e-05,0.8017533537058322,0.22936390400890766,0.37909252013011524,0.8017533537058322
0.04578531812876463,0.18608313612639904,0.1142362104728818,0.005089854821562767,0.40563357155770063,0.8680292423814535,1.212446115545119e-05,0.7246519423435365,0.24670815388225475,0.35001827333222146,0.7246519423435365
0.03835081961005926,0.4703563330695033,0.6235932931303978,0.3220539139583707,0.033221179619431496,0.8784267203882337,1.2099747228091067e-05,0.6302951222334708,0.2454984083657905,0.2716223198430257,0.6302951222334708
0.02442819159477949,0.43312479089945555,0.41674463357776403,0.15426953323185444,0.07378803193569183,0.7882280414924026,1.2095215996375703e-05,0.735793556077407,0.2163075883086657,0.3042716810151008,0.735793556077407
0.03503313101828098,0.2567724362015724,0.8200271222740412,0.1990562779828906,0.3573570791631937,0.9504493428394198,1.2072911368366654e-05,0.8994774127671873,0.18524041806233005,0.33865501131870696,0.8994774127671873
0.1293001612648368,0.4746752167120576,0.31762112490832806,0.21095912903547287,0.08862489648163319,0.9344264771789312,1.206281633874748e-05,0.6496358677612885,0.24831344002838518,0.2790663480734466,0.6496358677612885
0.02335070911794901,0.39164246805012226,0.5819137692451477,0.2807338135316968,0.06973165273666382,0.979837623424828,1.205805816886378e-05,0.6495784096405208,0.2620684507361511,0.2841528949460897,0.6495784096405208
0.09591099433600903,0.3089072797447443,0.24369560927152634,0.019390936940908432,0.042285812087357044,0.8682417450472713,1.2056862937730812e-05,0.593195610438094,0.2822359250052991,0.2919733392141397,0.593195610438094
0.04506869148463011,0.009398621506989002,0.19357254076749086,0.06750435754656792,0.35512709338217974,0.9642387814819813,1.2008264384949711e-05,0.5749129998372753,0.27674918412267135,0.2669112264238937,0.5749129998372753
0.05933584086596966,0.3522115768864751,0.15261034853756428,0.11818492319434881,0.1625171285122633,0.9683005958795547,1.1993213429169361e-05,0.7327590243941339,0.25220884534721466,0.32719722956776426,0.7327590243941339
0.12266459502279758,0.30724700819700956,0.18526071589440107,0.05214008968323469,0.39152198750525713,0.9854018669575453,1.1949665342850803e-05,0.8012694559806328,0.21119509878102088,0.3774988749677118,0.8012694559806328
0.2962514255195856,0.3874285575002432,0.6795378867536783,0.031043616123497486,0.05400292947888374,0.952709567733109,1.1947372832566313e-05,0.5248364757132651,0.28329974593531165,0.2611873386068765,0.5248364757132651
0.03694698307663202,0.5443446161225438,0.1534177167341113,0.3328482573851943,0.04246628936380148,0.9899641489610076,1.1877627426295555e-05,0.5744587872746756,0.2705284539829175,0.24244470875762342,0.5744587872746756
0.24933831579983234,0.34548334032297134,0.021523320116102695,0.08413042686879635,0.05665427353233099,0.9716008622199297,1.1861530600895293e-05,0.5483116829587705,0.28335271867023265,0.2680463913633886,0.5483116829587705
0.0829834844917059,0.4680467853322625,0.56550850905478,0.23444592859596014,0.040342310443520546,0.7943943897262216,1.1859313946227135e-05,0.6678030755586006,0.2208226656666681,0.2696508606401974,0.6678030755586006
0.0030320901423692703,0.1837139716371894,0.9251711200922728,0.31480811908841133,0.35260601714253426,0.9789004689082503,1.1848950427877492e-05,0.7555534719807854,0.24641117316318634,0.2877089012907422,0.7555534719807854
0.3483340749517083,0.4104937920346856,0.22314566932618618,0.01866406388580799,0.17794179264456034,0.9375871168449521,1.1753817156622156e-05,0.6297976442929589,0.2624330211501061,0.3145217778383709,0.6297976442929589
0.0513784047216177,0.5684830322861671,0.6053572986274958,0.006423395127058029,0.004182819277048111,0.9654686106368899,1.1740590030170135e-05,0.4891099044434053,0.30562533807852443,0.25236645719810497,0.4891099044434053
0.019396677613258362,0.4595232270658016,0.14751400984823704,0.31899822782725096,0.010832754895091057,0.6978314910084009,1.169053769425534e-05,0.6104859335371261,0.22276169601392057,0.2942025188155596,0.6104859335371261
0.08680981211364269,0.4435570277273655,0.8428791835904121,0.1753388550132513,0.14584094658493996,0.9981072135269642,1.1641227301320924e-05,0.6974559714319608,0.2602413189497567,0.29578536145742673,0.6974559714319608
0.09732423536479473,0.17458942532539368,0.002558189444243908,0.24677696824073792,0.3884133519604802,0.9769192542880774,1.1622220718540348e-05,0.7979061841037166,0.2237780093727134,0.3184598689502896,0.7979061841037166
0.4132145019248128,0.41914451494812965,0.1082138242200017,0.058836261741817,0.04137872904539108,0.9975269054993987,1.1614508360617956e-05,0.4770002454924146,0.2963384198454097,0.2400792216197426,0.4770002454924146
0.21504260692745447,0.39672940131276846,0.7556631099432707,0.06986996717751026,0.06689025647938251,0.8801298858597875,1.159690961334413e-05,0.5925556247713706,0.266277224335228,0.2803991344543811,0.5925556247713706
0.10833521746098995,0.3927805684506893,0.3352430108934641,0.016037910245358944,0.09733900148421526,0.7595976032316685,1.158497881750956e-05,0.7314106270694861,0.23379893752112493,0.31977114614994084,0.7314106270694861
0.06902286689728498,0.2099456386640668,0.38150721602141857,0.08633092697709799,0.39514842350035906,0.9251068411394954,1.1548214737170982e-05,0.7939922893266789,0.20775623579393812,0.31479593085734675,0.7939922893266789
0.022244238294661045,0.11629728600382805,0.30393800884485245,0.34814304299652576,0.3922930546104908,0.9694919865578413,1.1526233798863092e-05,0.6836271353039036,0.2593762268962626,0.2618797977565171,0.6836271353039036
0.019300173968076706,0.280064788646996,0.23933507595211267,0.008828535676002502,0.36785219982266426,0.8118115263059735,1.1482864227263502e-05,0.8981240816722127,0.20132272432690332,0.37346699012749746,0.8981240816722127
0.0015631616115570068,0.07860830798745155,0.6203155219554901,0.08498146664351225,0.3410460948944092,0.9492695741355419,1.1434039527943365e-05,0.6390593769775879,0.2577913242710712,0.28268373189727813,0.6390593769775879
0.23985493555665016,0.37842400651425123,0.002180742099881172,0.05144608672708273,0.1419411227107048,0.8984137875959277,1.1424146614212036e-05,0.6574107633200412,0.2607227075622278,0.306116942883285,0.6574107633200412
0.016418970189988613,0.05782491061836481,0.1384610841050744,0.25512920320034027,0.3613890437409282,0.9737232625484467,1.1376026382046703e-05,0.6980571756296484,0.2568866214875843,0.30005434468002545,0.6980571756296484
0.20922098215669394,0.440508215688169,0.9093652563169599,0.09879454318434,0.027208189480006695,0.8319687154144049,1.137236078298566e-05,0.5596508801744986,0.25980253950826643,0.2763476272655457,0.5596508801744986
0.03689828887581825,0.3230573581531644,0.747337463311851,0.1669097477570176,0.3889989675953984,0.9458909081295133,1.1344973734086425e-05,0.9598741343204299,0.163205536944566,0.36020773217957236,0.9598741343204299
0.012085006572306156,0.3428273508325219,0.49481654074043036,0.21270688995718956,0.3393034404143691,0.9630686668679118,1.1335583808477526e-05,0.9732913080003412,0.15898978897064772,0.3567149241896779,0.9732913080003412
0.2971778279170394,0.41206653229892254,0.038768074475228786,0.08924662508070469,0.09833841305226088,0.9220271976664662,1.1335484728074146e-05,0.5880794291795944,0.26578718890287045,0.2842806002877632,0.5880794291795944
0.12105799932032824,0.4826027415692806,0.8455803208053112,0.11562806647270918,0.10931435506790876,0.9070142349228263,1.1331713790594086e-05,0.6505742002607127,0.25587875439265095,0.29840296775179126,0.6505742002607127
0.1269719609990716,0.3649118570610881,0.9558699019253254,0.1069188816472888,0.06018444802612066,0.8753792308270931,1.1285076031664215e-05,0.6133280029054474,0.26476337438956044,0.29830082632295857,0.6133280029054474
0.3301199013367295,0.3992577316239476,0.3624171828851104,0.03571903705596924,0.047790128737688065,0.9190488932654262,1.126916512568648e-05,0.5268378133520882,0.281882233051465,0.26074249713797554,0.5268378133520882
0.11524102557450533,0.1624310500919819,0.4177545662969351,0.014492235146462917,0.4860946899279952,0.9644468380138278,1.1260235175646412e-05,0.5919342646534375,0.26252808020882995,0.3136975218900375,0.5919342646534375
0.09936483204364777,0.24892909545451403,0.43010577000677586,0.15385462529957294,0.35744678415358067,0.9819667711853981,1.1136455998132474e-05,0.8573103069191292,0.20822559553492542,0.31095701238614437,0.8573103069191292
0.15654117055237293,0.09784397669136524,0.9119396908208728,0.0076546743512153625,0.3955667968839407,0.9807776063680649,1.1133521045666814e-05,0.5571920505192662,0.278299521681004,0.30213625469997185,0.5571920505192662
0.047728484496474266,0.36119983345270157,0.37528589367866516,0.0572353508323431,0.025828495621681213,0.7626356082037091,1.1121931931489424e-05,0.6745763618781097,0.2482517184246298,0.33094872044043144,0.6745763618781097
0.06321331579238176,0.1512266919016838,0.058940581046044827,0.05600037146359682,0.3663156721740961,0.9283218802884221,1.1117466758144122e-05,0.6981306077259809,0.23942447229254146,0.316523901495044,0.6981306077259809
0.05318810138851404,0.26805346831679344,0.7333239307627082,0.05634116753935814,0.2671583741903305,0.9985690321773291,1.111712803426598e-05,0.7333996704942852,0.2526604616875181,0.3284048688309402,0.7333996704942852
0.026908772066235542,0.2145947441458702,0.538341554813087,0.20868534874171019,0.5102272508665919,0.9804446175694466,1.109307405328291e-05,0.7425175716910464,0.24428480661214524,0.29618827867975855,0.7425175716910464
0.07174834236502647,0.3956600707024336,0.04949239548295736,0.02365028765052557,0.16147471964359283,0.730512572452426,1.1075044977136129e-05,0.787411632847837,0.225861606331045,0.31980405721021377,0.787411632847837
0.04751987662166357,0.5016157981008291,0.17095215618610382,0.09306355006992817,0.07052805460989475,0.7474864535033703,1.1065318140255939e-05,0.707128836806101,0.22334607778818097,0.326170845500346,0.707128836806101
0.09798358380794525,0.42178353667259216,0.6078896541148424,0.16273011174052954,0.07438839972019196,0.8180446559563279,1.1063796909501007e-05,0.6741122793823199,0.22317002331247202,0.30789747173704357,0.6741122793823199
0.07271192502230406,0.11778587382286787,0.03947242721915245,0.08966124430298805,0.4650951148942113,0.9409508146345615,1.1012406410462217e-05,0.6357719044596027,0.2529612672870598,0.27137228751390174,0.6357719044596027
0.08021716866642237,0.34716625697910786,0.5006747748702765,0.03856866434216499,0.4125613570213318,0.974979704245925,1.1009243076952236e-05,0.8122804416727624,0.2010583044503319,0.4103154958405929,0.8122804416727624
0.0936191976070404,0.10552640911191702,0.3761680508032441,0.16572664957493544,0.4064905708655715,0.9846302652731538,1.0975808344856484e-05,0.7227228484025775,0.251686888622852,0.2939363559247788,0.7227228484025775
0.1387701714411378,0.35631961189210415,0.7019066568464041,0.04578668065369129,0.12668167147785425,0.831150078214705,1.0961913985627842e-05,0.6833739697902632,0.24223496484558038,0.3086095030216085,0.6833739697902632
0.017729242332279682,0.00859698373824358,0.6021480821073055,0.19176670722663403,0.4404276879504323,0.9942095866426826,1.093401603798758e-05,0.6305939017331906,0.2796182401122607,0.3081660155576317,0.6305939017331906
0.07413658034056425,0.4902705932036042,0.2065381919965148,0.17648323625326157,0.11981640476733446,0.8308153757825494,1.0933492685394254e-05,0.734824104825224,0.21985269950842246,0.30843140514677964,0.734824104825224
0.03481202106922865,0.404777767136693,0.28239909932017326,0.2284293407574296,0.11065112333744764,0.8997301049530506,1.0924277727321981e-05,0.7390789047219859,0.23857480804430758,0.3074292006741886,0.7390789047219859
0.11855556350201368,0.5340683776885271,0.3772334447130561,0.10495603177696466,0.10013165883719921,0.9599121334031224,1.0920377503348789e-05,0.6026123953379988,0.2676317067384921,0.27904457884347494,0.6026123953379988
0.1525614969432354,0.18259324599057436,0.5375944832339883,0.08087738882750273,0.43022293969988823,0.9885848900303245,1.0920071232408215e-05,0.675736305757215,0.24550809325271294,0.2896224405569245,0.675736305757215
0.09621800296008587,0.3328687231987715,0.8498694850131869,0.13252320047467947,0.08928971830755472,0.9724332289770246,1.0865012235706402e-05,0.6247347031280364,0.2673938843818489,0.29487279220029566,0.6247347031280364
0.3359406730160117,0.4506975756958127,0.4588673822581768,0.006050403229892254,0.1086938800290227,0.8708056285977364,1.0848335004893335e-05,0.5723656317567505,0.26889059200477705,0.2765926073025575,0.5723656317567505
0.054050431586802006,0.23864937014877796,0.38497456070035696,0.0651485426351428,0.1945917345583439,0.9893223838880658,1.0845509130194152e-05,0.6795637305520695,0.26923123334259186,0.2967911221219073,0.6795637305520695
0.17625271622091532,0.49825796112418175,0.741817613132298,0.026224526576697826,0.07764149829745293,0.8269781097769737,1.0818779627045023e-05,0.5966636870373258,0.256736285355017,0.2732126663550265,0.5966636870373258
0.06988906767219305,0.5159127246588469,0.44698388408869505,0.2921403022482991,0.12415120005607605,0.9770733648911119,1.0800874865791922e-05,0.6692324525180058,0.25412409076395415,0.26365722663598173,0.6692324525180058
0.07226705085486174,0.16310972347855568,0.7552861412987113,0.14022320974618196,0.33653200324624777,0.9950124174356461,1.0790962598760965e-05,0.743916524476771,0.2500927055940304,0.2838320505889271,0.743916524476771
0.04815645422786474,0.1799329360947013,0.04763027839362621,0.03470336738973856,0.03610877972096205,0.9851297540590167,1.0778355924797487e-05,0.5203444335495074,0.3065433069954437,0.25133453220360363,0.5203444335495074
0.09272658824920654,0.3848382020369172,0.7245197305455804,0.2057611383497715,0.11614193301647902,0.9959522280842066,1.077537593303083e-05,0.6760156355339365,0.26011730670472477,0.28396193249420576,0.6760156355339365
0.12699192017316818,0.2994417976588011,0.649739415384829,0.1513926014304161,0.41196927055716515,0.9815643196925521,1.0759492973363433e-05,0.871632496616373,0.20248479947402323,0.33366068143139693,0.871632496616373
0.2040298217907548,0.304836661554873,0.6670462302863598,0.06663876865059137,0.012324513867497444,0.9897744301706553,1.0719549497433256e-05,0.5120181336614162,0.2960989724756192,0.251903224598716,0.5120181336614162
0.02550555858761072,0.21234708465635777,0.15036440826952457,0.35135111305862665,0.4622398652136326,0.890644677914679,1.0715198480715944e-05,0.7612177038855725,0.23906848615317697,0.2592152034488445,0.7612177038855725
0.014250698499381542,0.3564069839194417,0.7811281699687243,0.274235712364316,0.47999139968305826,0.9425469897687435,1.0712356061533487e-05,0.8900462753425874,0.1979540323455644,0.3416129262180921,0.8900462753425874
0.23760890401899815,0.36786691565066576,0.2597852451726794,0.021212964318692684,0.1309651294723153,0.7984056239947677,1.0703814188229861e-05,0.6860300308819592,0.23479536666725376,0.26815617572390316,0.6860300308819592
0.21162109170109034,0.5221456028521061,0.09048845246434212,0.05826701410114765,0.17064165323972702,0.9909002939239144,1.0703103011423431e-05,0.6222176245269981,0.2739117030611975,0.2897023897848006,0.6222176245269981
0.12972938921302557,0.3892554612830281,0.7138099791482091,0.07462580781430006,0.04187881015241146,0.7871537059545517,1.0683166750752462e-05,0.6463603376096299,0.2433723770275057,0.28442852039350663,0.6463603376096299
0.09231223165988922,0.33353386633098125,0.4462063182145357,0.006796007044613361,0.23654111567884684,0.9401510339230299,1.068118567604299e-05,0.7519916275425795,0.2424850354878352,0.36330120922420095,0.7519916275425795
0.004092603921890259,0.5532828057184815,0.5688963104039431,0.07826217636466026,0.09489261917769909,0.9262506244704127,1.065582194249141e-05,0.6023054945940393,0.26926432073997636,0.2975431187566123,0.6023054945940393
0.006669921800494194,0.2869591563940048,0.8829068411141634,0.14988657739013433,0.23099244479089975,0.9952868865802884,1.063930734594733e-05,0.7742382017663462,0.24896392126850064,0.30314490635223357,0.7742382017663462
0.14391344226896763,0.560849073342979,0.515569843351841,0.05419565457850695,0.046655585058033466,0.9933295184746385,1.0637861435146362e-05,0.50363570547001,0.2952217053253275,0.24394365652455233,0.50363570547001
0.23783724941313267,0.45276361517608166,0.4304526401683688,0.08356194663792849,0.11219690646976233,0.8927497761324048,1.0632164664496852e-05,0.6288948899205985,0.25743401589994014,0.28511888305768335,0.6288948899205985
0.12263897340744734,0.372640123590827,0.49041070602834225,0.190546914935112,0.008364139124751091,0.902776543982327,1.062083257116161e-05,0.581682325222577,0.2616867053788712,0.2906346304834982,0.581682325222577
0.08864686731249094,0.45076367910951376,0.03224321734160185,0.1361574474722147,0.05724300164729357,0.7129678400233388,1.0615449406218042e-05,0.6438293986990015,0.2211716673633829,0.32123448484468103,0.6438293986990015
0.21323121152818203,0.315374955534935,0.21255394909530878,0.004428805783390999,0.4330057017505169,0.9575414322316647,1.0613571137241772e-05,0.7371597058330563,0.22792674159981655,0.3952924432682404,0.7371597058330563
0.04593066405504942,0.4839012799784541,0.9091084571555257,0.06064199935644865,0.18501506093889475,0.9540763711556792,1.0589989334179616e-05,0.7089500303875188,0.25342317524972097,0.342983340912354,0.7089500303875188
0.19646424986422062,0.47885995265096426,0.30015068501234055,0.032718537375330925,0.07044289633631706,0.7933174129575491,1.058634320381357e-05,0.6313945884619901,0.24583556473160784,0.2627924719655773,0.6313945884619901
0.01903227437287569,0.2981390692293644,0.5324782794341445,0.10461346060037613,0.14157003443688154,0.9461900368332863,1.0578425520031733e-05,0.6866420403256633,0.2545014559659739,0.31907969696923283,0.6866420403256633
0.03863629139959812,0.4628673903644085,0.9743724968284369,0.17208371218293905,0.059808832593262196,0.6802826253697276,1.057069475193872e-05,0.6184359328416988,0.23322155716828658,0.31643582398857834,0.6184359328416988
0.03613382950425148,0.5207074154168367,0.25619248021394014,0.1690982924774289,0.05105002224445343,0.7018103608861566,1.0539653213056162e-05,0.6213485148211323,0.21704571020036012,0.3058772835207713,0.6213485148211323
0.02089300937950611,0.3070073463022709,0.7032776130363345,0.24643821362406015,0.47970094438642263,0.9065528931096196,1.053956372259625e-05,0.9078387834259343,0.1967849984148547,0.32495009092635657,0.9078387834259343
0.0834010299295187,0.07990280818194151,0.6796927908435464,0.03074160497635603,0.39037985540926456,0.9338240809738636,1.0528663196738403e-05,0.5848162988283644,0.25993727604509687,0.3025516529983627,0.5848162988283644
0.15803097374737263,0.4791434481739998,0.8425533473491669,0.22728939726948738,0.050780123099684715,0.8721663849428296,1.0508203257965133e-05,0.6067679308590678,0.24884851422619494,0.25672096478827083,0.6067679308590678
0.13908919040113688,0.42507141921669245,0.4724209504202008,0.24476695340126753,0.005260164849460125,0.8539622547104955,1.0505046711497533e-05,0.5907121635044876,0.2533131323253921,0.27382939744795504,0.5907121635044876
0.008413009345531464,0.5697708949446678,0.1926752356812358,0.13263886980712414,0.169012401252985,0.9978664964437485,1.0501891734022698e-05,0.6709900964564466,0.26593821298637876,0.2891538745620094,0.6709900964564466
0.019716481678187847,0.06731204688549042,0.95548524428159,0.1615046076476574,0.28249270655214787,0.9997830996289849,1.0481322012386741e-05,0.6490435027474368,0.2828615695247421,0.25389442567961734,0.6490435027474368
0.08648697845637798,0.27505946438759565,0.11142527591437101,0.10135846491903067,0.01714099757373333,0.9447165131568909,1.0479929927948835e-05,0.5561562399371563,0.28344105960190513,0.28544531234630244,0.5561562399371563
0.0028722602874040604,0.48150922544300556,0.09908693097531796,0.3686052346602082,0.07346898131072521,0.8147017862647772,1.0465727387027276e-05,0.6812948787199273,0.2187998740204549,0.2692931844860245,0.6812948787199273
0.2523925891146064,0.5249893823638558,0.7278229855000973,0.01641065627336502,0.008457768708467484,0.9206705307587981,1.0463478139056061e-05,0.4785042188929756,0.2974620455322847,0.23011081246061166,0.4785042188929756
0.13565215468406677,0.40263244044035673,0.18054945394396782,0.053790947422385216,0.05585028324276209,0.7045063339173794,1.0458661167862054e-05,0.6042811530597895,0.24106486754039003,0.3040874488357974,0.6042811530597895
0.07206322718411684,0.5803737072274089,0.4210489159449935,0.060339794494211674,0.003829691559076309,0.9357145177200437,1.045394348418672e-05,0.5001036563635032,0.2925333873057996,0.2509779318447656,0.5001036563635032
0.44086911994963884,0.46505425311625004,0.1255609728395939,0.034120175056159496,0.1540246680378914,0.974236554466188,1.0428182516771966e-05,0.550092224011252,0.2789341433986749,0.2832338768215542,0.550092224011252
0.03021368756890297,0.220341419801116,0.6384349269792438,0.04841606132686138,0.017963124439120293,0.976233976893127,1.0424385794047994e-05,0.523643783995671,0.30050585176150707,0.2636860189176019,0.523643783995671
0.08625863306224346,0.4206329733133316,0.18831158708781004,0.03895225841552019,0.22408078610897064,0.8485031891614199,1.0390769869551236e-05,0.8414079600254726,0.22040584350042408,0.37330355712417845,0.8414079600254726
0.11639285553246737,0.3127757403999567,0.7022606264799833,0.11505219340324402,0.038147795014083385,0.9531860277056694,1.0383008998019664e-05,0.5707973148140378,0.2724595203594191,0.28799545321281117,0.5707973148140378
0.22333840932697058,0.5234345383942127,0.7363562854006886,0.18254077434539795,0.007712267339229584,0.9608074966818094,1.0374935352827458e-05,0.4980461391940966,0.2721799072238833,0.23432992109063097,0.4980461391940966
0.08312009181827307,0.19654560182243586,0.217382094822824,0.05984000954777002,0.14366996567696333,0.9767310572788119,1.0358344003328847e-05,0.6097884774173159,0.2820569549174256,0.277791546004019,0.6097884774173159
0.05739791318774223,0.5040530310943723,0.513136362656951,0.26610085368156433,0.11768364906311035,0.8848183816298842,1.034558552604642e-05,0.7081222063787765,0.23589051447645354,0.2773428052794191,0.7081222063787765
0.04667792748659849,0.33648884296417236,0.7657504798844457,0.12323553953319788,0.07182528730481863,0.8625665353611112,1.0298171710885362e-05,0.6553928207823454,0.25328250876043057,0.30672943774245726,0.6553928207823454
0.020624171011149883,0.40912402980029583,0.1784059377387166,0.21718701254576445,0.24178787879645824,0.9886442441493273,1.0292323358590066e-05,0.8751406570069777,0.22436766671673813,0.3330517961548967,0.8751406570069777
0.21899941470474005,0.3208339810371399,0.6312261112034321,0.018115446902811527,0.10350721329450607,0.9036852587014437,1.0275295909310371e-05,0.5953470087162622,0.27213013420941295,0.284492519916281,0.5953470087162622
0.2251676032319665,0.42551892809569836,0.8890330316498876,0.050393261946737766,0.12377716694027185,0.8078283946961164,1.0259010800208494e-05,0.6696628903858556,0.2338916739705451,0.27317099481792606,0.6696628903858556
0.1513673234730959,0.26637822948396206,0.24251796305179596,0.0712041538208723,0.13856543507426977,0.994150685146451,1.0246423828694782e-05,0.6262787733843548,0.27767299087908404,0.2814302613339422,0.6262787733843548
0.022738289088010788,0.3660150561481714,0.224293258972466,0.04956098459661007,0.21536156255751848,0.7276947787031531,1.0238559000238641e-05,0.8869458217061609,0.20516091763487943,0.3148857362998935,0.8869458217061609
0.024328681640326977,0.2290432807058096,0.62173508759588,0.1629275819286704,0.35317196883261204,0.8896505441516638,1.0237852837535473e-05,0.9030298149635692,0.19999166158370432,0.3101065410011931,0.9030298149635692
0.11633842810988426,0.2570948963984847,0.8794238222762942,0.12858085613697767,0.4369337409734726,0.9350114492699504,1.0213247260118325e-05,0.8191964418746224,0.21069685339544456,0.3188987274918397,0.8191964418746224
0.16598696447908878,0.5270546767860651,0.6292864484712481,0.06585175357758999,0.020538022741675377,0.8196898493915796,1.0211063690363789e-05,0.5401262290218248,0.26408123926356375,0.25741653826165634,0.5401262290218248
0.11314397025853395,0.5305167119950056,0.6830832129344344,0.21651883516460657,0.0713206110522151,0.9009313434362411,1.0202394313502416e-05,0.6093663224614041,0.24922783752089234,0.25607719816004115,0.6093663224614041
0.03821875434368849,0.5298594990745187,0.6174648907035589,0.14627371076494455,0.15190424863249063,0.9792348816990852,1.0196199216257894e-05,0.6762170099278699,0.2583549030477543,0.30319520344085443,0.6762170099278699
0.3727618623524904,0.4386844076216221,0.9512687046080828,0.05325778480619192,0.006297030486166477,0.9320950014516711,1.019177848441794e-05,0.4661899926245709,0.29340873807057366,0.23900738725142634,0.4661899926245709
0.06584774516522884,0.25802343245595694,0.2405229127034545,0.3644847562536597,0.38404351752251387,0.9526212308555841,1.0187958224277794e-05,0.81101005818306,0.2115051508334356,0.3073007065703552,0.81101005818306
0.09662762098014355,0.38599171582609415,0.07351256161928177,0.08198042772710323,0.21846388559788465,0.9635376343503594,1.0180508132871521e-05,0.7810167950580365,0.24083856413162968,0.3525768390303594,0.7810167950580365
0.05670832097530365,0.3941408572718501,0.39500207733362913,0.08601341303437948,0.17300548311322927,0.8690291605889797,1.0160364618341871e-05,0.7933192736743494,0.23312118001593107,0.33995081787110676,0.7933192736743494
0.16764964535832405,0.34415761288255453,0.20822394639253616,0.02963857166469097,0.22707795072346926,0.8934112433344126,1.0156299501766613e-05,0.7736799228265021,0.2387773834045433,0.35019046796376674,0.7736799228265021
0.012509641237556934,0.49976955726742744,0.5072326576337218,0.2520062141120434,0.08682974521070719,0.6768824402242899,1.0122188017201313e-05,0.6574751688814389,0.21531218759680462,0.29538190415043236,0.6574751688814389
0.13113316986709833,0.5647783307358623,0.056059686467051506,0.07954444084316492,0.03476984333246946,0.8283118773251772,1.0095994259267329e-05,0.5449847335367648,0.2644191471637476,0.25835294282352356,0.5449847335367648
0.13701584096997976,0.5224683089181781,0.155867044813931,0.11311916448175907,0.12130789645016193,0.881468334235251,1.0085306238911602e-05,0.6612144262509613,0.2519932411227111,0.28763294284277224,0.6612144262509613
0.089859114959836,0.43155228067189455,0.0007085762917995453,0.26921806670725346,0.19347156304866076,0.9735079305246472,1.007764911916929e-05,0.787565767808076,0.24471182205230935,0.3064862128726837,0.787565767808076
0.04045010078698397,0.3713146382942796,0.3018670743331313,0.13611365109682083,0.21296726539731026,0.9807139607146382,1.007693083781215e-05,0.8121834812559033,0.23583421678892155,0.33241200983008506,0.8121834812559033
0.08768710307776928,0.03143232502043247,0.058353573083877563,0.19584351871162653,0.31593962013721466,0.9898371314629912,1.0072038057587383e-05,0.657468340666783,0.27218666144543524,0.27446331126147144,0.657468340666783
0.16200745292007923,0.502686514519155,0.8988522822037339,0.0009163161739706993,0.16516020148992538,0.8946788152679801,1.0063590198705463e-05,0.6512164655134421,0.265634909709482,0.30664607946927674,0.6512164655134421
0.32329575158655643,0.497776098549366,0.5874188421294093,0.0009997086599469185,0.12565231695771217,0.9604298742488027,1.0050826992534405e-05,0.5381377111829191,0.2820024075872238,0.2742869966550152,0.5381377111829191
0.2037108028307557,0.47631064616143703,0.3809085777029395,0.14109206199645996,0.13307548314332962,0.9501170050352812,1.0040618135491554e-05,0.6543151085440546,0.2520584883831037,0.28341864521818266,0.6543151085440546
0.11056762468069792,0.26211783941835165,0.8651669090613723,0.020443754270672798,0.1920568086206913,0.9588424023240805,1.0039359877909496e-05,0.6543360014147275,0.26866722978218777,0.3148175242618634,0.6543360014147275
0.07028810121119022,0.41451519820839167,0.12980429828166962,0.0013278741389513016,0.34260064363479614,0.9812296619638801,1.0021919851823408e-05,0.8208311564278604,0.22319279949623053,0.42837304996686587,0.8208311564278604
0.05747700575739145,0.34717313665896654,0.10661361925303936,0.23266961984336376,0.4664760623127222,0.9288458423689008,1.002000538786009e-05,0.9615805570509504,0.16922688230031646,0.3581388797675888,0.9615805570509504
0.01294264942407608,0.24814443476498127,0.9589284677058458,0.08271186798810959,0.2713436633348465,0.9343680692836642,9.998960537088324e-06,0.7682398977235276,0.23722535365182174,0.33115436164391193,0.7682398977235276
0.1933173555880785,0.3166404077783227,0.15390046872198582,0.03341671545058489,0.0007401071488857269,0.8404419282451272,9.990661255943291e-06,0.5361728665274714,0.2811371825427287,0.2755888908484823,0.5361728665274714
0.0775736290961504,0.4619417069479823,0.3831676673144102,0.11819763202220201,0.06922573503106833,0.7283870428800583,9.988531865007568e-06,0.6892061601582757,0.2117954693997396,0.3146173611656209,0.6892061601582757
0.0733663160353899,0.255926332436502,0.2911750841885805,0.002849848009645939,0.2716773897409439,0.9023470655083656,9.986839006094772e-06,0.7617256841637634,0.24602941828380182,0.3497879859429159,0.7617256841637634
0.06140180770307779,0.3467294108122587,0.971046538092196,0.06435267906636,0.009400836192071438,0.7456736201420426,9.98213227145015e-06,0.626102689390509,0.259935714779349,0.30690634538624456,0.626102689390509
0.04805598221719265,0.032047693617641926,0.5843428298830986,0.0016681952401995659,0.3050240222364664,0.9109709896147251,9.979660095906945e-06,0.55402434338238,0.29093169430413185,0.2737246525751696,0.55402434338238
0.2130248984321952,0.4632603768259287,0.6867664521560073,0.03779967129230499,0.1638349937275052,0.875572013668716,9.972058212212501e-06,0.6786093442646418,0.25264406077890206,0.3097433784604899,0.6786093442646418
0.07125807646661997,0.14549990743398666,0.46896560676395893,0.3266917271539569,0.4769720071926713,0.9744917890056968,9.944023351174205e-06,0.6540703543712243,0.26064757707584385,0.25138490572505645,0.6540703543712243
0.2687140740454197,0.33051534090191126,0.8012253046035767,0.07305432669818401,0.02618267945945263,0.9604967702180147,9.93588989721621e-06,0.5174190261825972,0.2829647402294269,0.2525784439725389,0.5174190261825972
0.06785017997026443,0.31649633683264256,0.3249229770153761,0.26954827923327684,0.35446180775761604,0.9479323513805866,9.927185268322553e-06,0.9557320902324105,0.1642214671065008,0.3388433449519365,0.9557320902324105
0.1753184562548995,0.2217741273343563,0.15183717384934425,0.06327522918581963,0.3887367704883218,0.9718156373128295,9.910385292261895e-06,0.7289987442948448,0.22871113956640804,0.33146344543510486,0.7289987442948448
0.366941187530756,0.39490823075175285,0.8524371916428208,0.019686441868543625,0.08770819008350372,0.856293722987175,9.900140530374725e-06,0.5502997052889067,0.2676110603489421,0.26486518140252413,0.5502997052889067
0.10175515804439783,0.2949722548946738,0.2704381253570318,0.1943364329636097,0.4810403501614928,0.9402135787531734,9.899129365215646e-06,0.8821510653047067,0.19580399030830914,0.327415766912313,0.8821510653047067
0.4932303847745061,0.32702432572841644,0.18144454713910818,0.022248389199376106,0.08154754806309938,0.9925083573907614,9.899034711609847e-06,0.48238077210293645,0.2914076211937167,0.24323637545139631,0.48238077210293645
0.11655833292752504,0.4060770394280553,0.4708238812163472,0.15780153963714838,0.15995042864233255,0.9779202155768871,9.893965618987576e-06,0.724343583562553,0.2494981600778093,0.30725008615172467,0.724343583562553
0.024319732561707497,0.16944111417979002,0.8039049226790667,0.07878473028540611,0.23619964066892862,0.9711793484166265,9.893111991981362e-06,0.6645355858635346,0.2670935854300086,0.28799911558098357,0.6645355858635346
0.16781986132264137,0.43743982911109924,0.9924102975055575,0.19738422241061926,0.10582405235618353,0.9176881443709135,9.855311107880593e-06,0.6539824977218512,0.25092459505612785,0.2817204863194187,0.6539824977218512
0.23545685783028603,0.5033453702926636,0.8392263427376747,0.07086156960576773,0.12070961482822895,0.9727463340386748,9.852009480781547e-06,0.5775886788633788,0.2758899319664209,0.26970948794986255,0.5775886788633788
0.32529105618596077,0.4234383450821042,0.9721352402120829,0.09396783169358969,0.09674735646694899,0.9557489482685924,9.851689467137331e-06,0.5557300974567282,0.2711819753069376,0.2689784324120725,0.5557300974567282
0.23062498029321432,0.38906163163483143,0.17913051415234804,0.1302063399925828,0.07934519276022911,0.8664926020428538,9.822672312469331e-06,0.6213328096850812,0.24783971546020617,0.2905439364239116,0.6213328096850812
0.28119219467043877,0.4961766665801406,0.6510879714041948,0.07175366301089525,0.08025951497256756,0.9133753525093198,9.820622674876303e-06,0.5455475096005692,0.27142063184362414,0.26380185810323153,0.5455475096005692
0.03373642545193434,0.11756151542067528,0.568327073007822,0.1434872578829527,0.41368291433900595,0.8933518743142486,9.78102305937167e-06,0.7476716571193468,0.24541666617728683,0.2774430294251452,0.7476716571193468
0.16376277431845665,0.3682809192687273,0.446501636877656,0.09157947357743979,0.08263858687132597,0.8140871217474341,9.7792503083419e-06,0.6538320364322244,0.23456518720249125,0.2862090720688611,0.6538320364322244
0.2714652959257364,0.41528730001300573,0.5588794881477952,0.10531737469136715,0.013233593665063381,0.8612232487648726,9.772110572646995e-06,0.5251060786813617,0.26662666655612216,0.2733474866230587,0.5251060786813617
0.38341536186635494,0.489094746299088,0.7068310603499413,0.04506373032927513,0.028085474856197834,0.9786206921562552,9.769185848869937e-06,0.45982762634598984,0.2981972437536482,0.2285389921336624,0.45982762634598984
0.04637461435049772,0.2969711013138294,0.14056248776614666,0.22887581028044224,0.05633035581558943,0.9781091241165996,9.768521389897428e-06,0.6210010455165103,0.26938367744887276,0.2752289131014094,0.6210010455165103
0.1480842111632228,0.28730439580976963,0.7969209738075733,0.1029157480224967,0.4625461306422949,0.967610428109765,9.751480280236327e-06,0.7713193667235027,0.22460214236227422,0.31942260768746716,0.7713193667235027
0.08796341344714165,0.4900207743048668,0.4319249289110303,0.3618886098265648,0.03677305020391941,0.9697664482519031,9.732502486226584e-06,0.5859672057984452,0.2626698761656107,0.24662459946737392,0.5859672057984452
0.20484637562185526,0.2170219710096717,0.45295942202210426,0.0617514755576849,0.4631813373416662,0.9981665844097733,9.730646419123168e-06,0.6546491436086693,0.2516153395982932,0.292072680825378,0.6546491436086693
0.060775463469326496,0.2776884697377682,0.7993701938539743,0.3265421409159899,0.3895334331318736,0.9198753722012043,9.721411073353912e-06,0.867530951370027,0.1997806064531037,0.3128773254236777,0.867530951370027
0.03999822307378054,0.2369852839037776,0.45120785757899284,0.09769173339009285,0.3719666786491871,0.872107021510601,9.7169501652838e-06,0.8787454042161683,0.19794442199037227,0.3047527013234789,0.8787454042161683
0.010498031042516232,0.5750319315120578,0.9329349547624588,0.18671666271984577,0.0027891816571354866,0.7126898104324937,9.711003472759472e-06,0.5470476326878714,0.24277380272573812,0.2545297228692044,0.5470476326878714
0.038326581940054893,0.3683638209477067,0.02352607063949108,0.3554250216111541,0.31117724161595106,0.960517967119813,9.696253463392187e-06,0.87608876885162,0.21126670306672143,0.3414364747135706,0.87608876885162
0.3662716634571552,0.4969918057322502,0.24137192405760288,0.12527347262948751,0.04096255078911781,0.9902709629386663,9.667554564267291e-06,0.48215917420993015,0.2836456915311305,0.23693159122242796,0.48215917420993015
0.23245406989008188,0.5411460176110268,0.4484412716701627,0.011861756443977356,0.03944810200482607,0.9019904201850295,9.657183995493736e-06,0.5042576618624581,0.29058374923487074,0.23501978136899218,0.5042576618624581
0.13180260453373194,0.5418585753068328,0.9127533109858632,0.19248592294752598,0.08175873663276434,0.9481245465576649,9.652909060269525e-06,0.5801335954718728,0.2581807610992287,0.2604582430149586,0.5801335954718728
0.05345175415277481,0.4710861463099718,0.7731743697077036,0.14051211345940828,0.12214006204158068,0.7971553197130561,9.650070883570427e-06,0.7670996036544827,0.2107757696318214,0.28119925287068975,0.7670996036544827
0.1910068802535534,0.460477183572948,0.5101695358753204,0.1477601956576109,0.10120585653930902,0.8438946856185794,9.647713837179087e-06,0.6534436900936988,0.23131106254244646,0.29194000318635893,0.6534436900936988
0.3030717605724931,0.4783480493351817,0.40357175283133984,0.056993432343006134,0.13186809793114662,0.9276841012760997,9.639388091426922e-06,0.5970830711877771,0.26479096282420533,0.28228376400749644,0.5970830711877771
0.00981680117547512,0.38647363148629665,0.5379414111375809,0.15117203816771507,0.16055830661207438,0.8866418171674013,9.639129977954298e-06,0.7899343859077567,0.23162018948600382,0.333414755344048,0.7899343859077567
0.0662788562476635,0.16790676675736904,0.10126480739563704,0.07250894699245691,0.5202927319332957,0.9554563043639064,9.637595727517098e-06,0.6114155756179979,0.25959720808107317,0.28316471669305315,0.6114155756179979
0.008083394728600979,0.09042093716561794,0.2753131799399853,0.1432343265041709,0.5169962383806705,0.9731863876804709,9.6341754017508e-06,0.6128538301729484,0.27593844428549813,0.25450599470625856,0.6128538301729484
0.013319898396730423,0.21606372203677893,0.02207105327397585,0.5289815412834287,0.4463512832298875,0.9753694273531437,9.627199855771936e-06,0.5984218147336996,0.26854970189338245,0.2687088570827121,0.5984218147336996
0.4633475672453642,0.43100426997989416,0.9160542488098145,0.007225027307868004,0.0449075922369957,0.9062483096495271,9.626985126144107e-06,0.4702111733884746,0.29066088964341313,0.23846285463236394,0.4702111733884746
0.13466258998960257,0.11126936040818691,0.15834288951009512,0.11420856136828661,0.3126548044383526,0.9989394452422857,9.608759964956084e-06,0.6696859571451138,0.26716246096942,0.26480700680474467,0.6696859571451138
0.09584573097527027,0.5283154686912894,0.9553759442642331,0.2769697466865182,0.02160153165459633,0.7903082314878702,9.602653944689551e-06,0.6199574185319916,0.22498435962832353,0.22348015306793137,0.6199574185319916
0.10888382699340582,0.08951988350600004,0.22634503617882729,0.009272053837776184,0.09097170643508434,0.9901369754225016,9.592316820151993e-06,0.5017257407791077,0.3073012017035831,0.23141489183664082,0.5017257407791077
0.009601045399904251,0.09213430061936378,0.9133970784023404,0.2820627437904477,0.4397396622225642,0.9057254325598478,9.590951757600448e-06,0.6930149457020416,0.2608811572153094,0.276962995237615,0.6930149457020416
0.020464579574763775,0.23827424924820662,0.844387267716229,0.2239109929651022,0.4587316997349262,0.8403125582262874,9.590519293734237e-06,0.907844974402544,0.20627749601733936,0.29213992846398856,0.907844974402544
0.07820273283869028,0.04372488707304001,0.8370104841887951,0.012826223857700825,0.5154797323048115,0.9658831246197224,9.588596349105343e-06,0.46905094588510093,0.29298679624777985,0.25988538152698104,0.46905094588510093
0.09064955823123455,0.5452538160607219,0.9000904122367501,0.08961008209735155,0.015347028151154518,0.7726452481001616,9.587579182568574e-06,0.5997435909199829,0.24802351179171428,0.2853598931117085,0.5997435909199829
0.0640646256506443,0.3083976907655597,0.5186562035232782,0.17592464480549097,0.306343880482018,0.9536069231107831,9.584403318803754e-06,0.9089782794445256,0.18888612822898432,0.33982128616234347,0.9089782794445256
0.17863307055085897,0.5497853476554155,0.019568389281630516,0.007584423758089542,0.0693119028583169,0.8055733982473612,9.582592144849888e-06,0.5751747375888133,0.2623893515000838,0.24009274628674976,0.5751747375888133
0.05384262651205063,0.10639110952615738,0.9811355927959085,0.0942774647846818,0.46473137754946947,0.9072290007025003,9.580275366742668e-06,0.6329020621675165,0.2654550000199935,0.2536310460396047,0.6329020621675165
0.02848016284406185,0.30105167999863625,0.7620027046650648,0.38626914378255606,0.36355048790574074,0.9875041386112571,9.549914422555865e-06,0.7995512037413457,0.22968571392946582,0.30771848326185297,0.7995512037413457
0.015348101034760475,0.2010584305971861,0.2974869003519416,0.39616586826741695,0.41129918210208416,0.9099707342684269,9.547293037007378e-06,0.7479058925735419,0.23840040428288908,0.2680289168440955,0.7479058925735419
0.1199672045186162,0.008008750155568123,0.004903737455606461,0.013061631470918655,0.4307971512898803,0.9172987155616283,9.54398741572879e-06,0.5089679879521644,0.28459167038686073,0.27055322635789264,0.5089679879521644
0.3607648853212595,0.3587088156491518,0.5945883393287659,0.05199526622891426,0.07673107925802469,0.947939720004797,9.535418972055487e-06,0.5238183988252032,0.27478203732826173,0.2670253795132522,0.5238183988252032
0.022690143436193466,0.4153681816533208,0.9459836315363646,0.22512283083051443,0.08629419561475515,0.7033873302862048,9.534689395285272e-06,0.6960746915182515,0.21884454880970763,0.29677890139412233,0.6960746915182515
0.0903262747451663,0.2826904943212867,0.5997379664331675,0.29840826243162155,0.46361130848526955,0.9226648453623056,9.533692214250858e-06,0.8383684026745408,0.20618516236825798,0.310018944379718,0.8383684026745408
0.29472555592656136,0.5629564747214317,0.08233050350099802,0.002774386666715145,0.06074703577905893,0.9313067635521293,9.526480467468274e-06,0.48083591315741786,0.2940901544600888,0.2333026748924596,0.48083591315741786
0.0822272440418601,0.29626220371574163,0.931899487040937,0.06860924325883389,0.31816389318555593,0.9723668619990349,9.523348760350017e-06,0.7928752894003097,0.22511081776878675,0.35824368678642404,0.7928752894003097
0.09622245188802481,0.2693486688658595,0.5447956752032042,0.11113983765244484,0.4405116382986307,0.8893807362765074,9.510098272364152e-06,0.8642784531905947,0.2032503023398241,0.3121473933185638,0.8642784531905947
0.3366101076826453,0.4111712435260415,0.5724417706951499,0.14293308556079865,0.030697965063154697,0.9701144229620695,9.50294804158469e-06,0.5001490348059998,0.27225890697406846,0.25446511268652816,0.5001490348059998
0.2752982843667269,0.4220787677913904,0.7815168900415301,0.03933241870254278,0.1734206909313798,0.9088093293830752,9.500982288417964e-06,0.6628957261048366,0.2559344263797708,0.30731668943663637,0.6628957261048366
0.1844546953216195,0.6012506578117609,0.17476495821028948,0.03652068413794041,0.02476174384355545,0.9826942095533013,9.498121226150034e-06,0.462126337444851,0.30305269994690964,0.215923811595293,0.462126337444851
0.14611106365919113,0.4744271859526634,0.04300786182284355,0.27947717159986496,0.005701293237507343,0.7647151313722134,9.496278352509933e-06,0.6449099694266125,0.22458742420188624,0.28806766446246507,0.6449099694266125
0.5883135460317135,0.42289549205452204,0.019336938858032227,0.004358611069619656,0.15926481503993273,0.9490479305386543,9.496157491858693e-06,0.5142893905052648,0.2774846818755604,0.28082323855634134,0.5142893905052648
0.2786897588521242,0.5476990872994065,0.11828796658664942,0.08242569770663977,0.08920096140354872,0.9545316165313125,9.489273739543276e-06,0.5248087706562315,0.27865528570037285,0.2522560705027157,0.5248087706562315
0.34260515961796045,0.3034063233062625,0.2166742580011487,0.038225206546485424,0.11724770441651344,0.9666616655886173,9.481304367575571e-06,0.5599584924008897,0.27830365192274675,0.26936752687147364,0.5599584924008897
0.02403734903782606,0.05182150099426508,0.32975316420197487,0.11188114993274212,0.48193295300006866,0.9281486291438341,9.478088583986732e-06,0.6030898290326661,0.2700868165646516,0.24918637114965736,0.6030898290326661
0.1008619386702776,0.20030434522777796,0.8410514956340194,0.3404044471681118,0.4677353836596012,0.9868663465604186,9.470098209718033e-06,0.678585779651081,0.2579548530001075,0.2604074493821799,0.678585779651081
0.034832367673516273,0.4623631676658988,0.10421752277761698,0.03083772398531437,0.47774218022823334,0.9884586771950126,9.462703982406283e-06,0.772109311376013,0.22601616648976194,0.41670336185952417,0.772109311376013
0.2585814232006669,0.5354453148320317,0.45358747616410255,0.16212251037359238,0.03824441973119974,0.9714156780391932,9.451733095446471e-06,0.5004588642276764,0.2711469728835512,0.2347329948773493,0.5004588642276764
0.180307493545115,0.32843191362917423,0.8372714435681701,0.02483201026916504,0.00720759853720665,0.8106267591938376,9.446780352134393e-06,0.5568358494003343,0.27002196598845857,0.25093636863865154,0.5568358494003343
0.17731376830488443,0.17111240420490503,0.2827455522492528,0.03315812163054943,0.35710046254098415,0.9755500042811036,9.443692839749486e-06,0.6644768699496411,0.2524370120705523,0.32458642674446386,0.6644768699496411
0.0181545065715909,0.0940098250284791,0.49154272582381964,0.07831340003758669,0.4246721649542451,0.8444968396797776,9.443417842344987e-06,0.680575707990929,0.2498185526404103,0.24829931847089023,0.680575707990929
0.06738659832626581,0.4653581231832504,0.7911398634314537,0.30294990446418524,0.11557599622756243,0.9050237191841006,9.440035855767644e-06,0.7072261734229413,0.2395440542778569,0.27215178074227026,0.7072261734229413
0.05725565552711487,0.4951784675940871,0.511429138481617,0.19969547912478447,0.18851617258042097,0.9718745294958353,9.427981290405236e-06,0.7650057333043234,0.24169947371029868,0.3120881720799686,0.7650057333043234
0.374165665358305,0.5136557761579752,0.2944940188899636,0.04257049132138491,0.0146876759827137,0.9495105529204011,9.424366836605709e-06,0.4543792220571681,0.2958089858587144,0.2292016804459832,0.4543792220571681
0.16963793616741896,0.3547426229342818,0.0354665108025074,0.1338961860165,0.39382210467010736,0.9945794632658362,9.415936391981582e-06,0.8878595050354547,0.20218466228061338,0.3407232646785044,0.8878595050354547
0.6503863036632538,0.4300832785665989,0.14991293381899595,0.04231899790465832,0.062008392065763474,0.9909148160368204,9.41487921303014e-06,0.4288236953038389,0.2927465630422972,0.22920288825957974,0.4288236953038389
0.19688954390585423,0.37776175420731306,0.6685401750728488,0.17767300177365541,0.05468782037496567,0.9282634556293488,9.410106769470153e-06,0.5903635709298247,0.2528556035391881,0.2780705362656904,0.5903635709298247
0.04419749416410923,0.055340307764708996,0.15416330192238092,0.05319304019212723,0.5082798786461353,0.9371043536812067,9.406548915886656e-06,0.5243575260719904,0.27695698227289833,0.2620946266295543,0.5243575260719904
0.02852706052362919,0.4961048411205411,0.8577414648607373,0.19155506417155266,0.007809026166796684,0.5067581385374069,9.391995269919575e-06,0.49433664892324325,0.2549059529987791,0.2658573960119576,0.49433664892324325
0.0043959468603134155,0.5918216379359365,0.4621724048629403,0.19169967528432608,0.016638705506920815,0.7955737011507154,9.390091757808108e-06,0.583023346070342,0.24167486684254477,0.23214683929299734,0.583023346070342
0.13812614511698484,0.20477865636348724,0.20363013446331024,0.2505662888288498,0.3981650611385703,0.9661464123055339,9.388230567232484e-06,0.8264890290100259,0.20744514181344031,0.3238676958299623,0.8264890290100259
0.28884384222328663,0.5206414312124252,0.23700849898159504,0.031703267246484756,0.09530232846736908,0.8584256954491138,9.3880038053936e-06,0.5612482470465697,0.2674536728611851,0.2652578847375821,0.5612482470465697
0.030267921276390553,0.16275985073298216,0.9437071066349745,0.19522654730826616,0.38488514441996813,0.8855809345841408,9.386477944486549e-06,0.8352690751128239,0.22522403763646268,0.30226610842975404,0.8352690751128239
0.11491653975099325,0.41812695655971766,0.7571357488632202,0.3442700048908591,0.018778002820909023,0.9906246541067958,9.383271191911406e-06,0.5828416859737843,0.2700909171282533,0.24169766770810894,0.5828416859737843
0.10037182923406363,0.4499762272462249,0.6402978468686342,0.009939111769199371,0.1443061651661992,0.7455111648887396,9.377210218950464e-06,0.7641278271391764,0.2247604219745651,0.3190935057781362,0.7641278271391764
0.3069048682227731,0.484986936673522,0.12627781555056572,0.11890763137489557,0.05767924524843693,0.8501309510320425,9.371860547854312e-06,0.5452569123424571,0.25489248666082603,0.2712071325001578,0.5452569123424571
0.2905874140560627,0.36673589795827866,0.9374018935486674,0.061399285681545734,0.03130414802581072,0.8535000989213586,9.366108684619477e-06,0.5328068882948498,0.2714215400838846,0.25942763569970184,0.5328068882948498
0.11377955134958029,0.07246927823871374,0.09724489599466324,0.27691417187452316,0.44326953869313,0.9980402439832687,9.36595204889465e-06,0.6493947394830206,0.27010996797511155,0.2798078042281936,0.6493947394830206
0.0917268618941307,0.2848764630034566,0.21153103094547987,0.12881811149418354,0.5093403933569789,0.9484387887641788,9.35725373480297e-06,0.7832995405236304,0.22416141432245887,0.3080422572746853,0.7832995405236304
0.030907440930604935,0.5476658893749118,0.38844851218163967,0.2121341060847044,0.01419027429074049,0.6101721692830324,9.341962571592084e-06,0.5153607242967326,0.2416263999548819,0.2773422350786597,0.5153607242967326
0.1475148554891348,0.5401516910642385,0.7027471950277686,0.2531201783567667,0.012384362518787384,0.8683246653527021,9.306111260845196e-06,0.5499802939908763,0.25493928153854306,0.22395036768253515,0.5499802939908763
0.24959825165569782,0.4597977949306369,0.16091732028871775,0.021544750779867172,0.20213157031685114,0.813806876540184,9.287837488823038e-06,0.7482061811747159,0.2272780514721933,0.31854621095766117,0.7482061811747159
0.5171047067269683,0.40030637942254543,0.5630707107484341,0.008437581360340118,0.03361707925796509,0.9417379796504974,9.283472868225939e-06,0.4429508076725288,0.2883104634442883,0.23944549377758823,0.4429508076725288
0.20785795152187347,0.37463717069476843,0.10926424525678158,0.02918678428977728,0.06341096386313438,0.7073124470189214,9.281425305864142e-06,0.5787648574827674,0.2438228437701236,0.2791673713955759,0.5787648574827674
0.2031206376850605,0.26700515393167734,0.057999552227556705,0.0005737300962209702,0.09314185846596956,0.8849623296409845,9.281317815114468e-06,0.5822365688762895,0.2826089182848633,0.2689896200770375,0.5822365688762895
0.020970321260392666,0.5915794782340527,0.1723308740183711,0.25234227534383535,0.07629131991416216,0.9036939134821296,9.269825235087417e-06,0.6024341780011745,0.2549131104862713,0.23741376499283812,0.6024341780011745
0.14812363125383854,0.3449428891763091,0.6206923732534051,0.15536576136946678,0.06432356406003237,0.9254498342052102,9.257297293411871e-06,0.6074394230290494,0.25444894338733365,0.294508258419116,0.6074394230290494
0.040875514037907124,0.2702040495350957,0.6668238081037998,0.0303287236019969,0.16622227430343628,0.8657897068187594,9.25318387536562e-06,0.6966965888758293,0.2595885446806336,0.31005642366477426,0.6966965888758293
0.24365897104144096,0.4013287629932165,0.27949801087379456,0.11639727465808392,0.04419388435781002,0.8169083725661039,9.246291249208508e-06,0.5872216872503044,0.23897347643900485,0.2764701973087624,0.5872216872503044
0.5607771836221218,0.4375327071174979,0.24762541893869638,0.026097803376615047,0.020453867502510548,0.9562790021300316,9.243565666988007e-06,0.4282875956120638,0.29381810688353377,0.22930086952924458,0.4282875956120638
0.34633880760520697,0.47702280804514885,0.342237307690084,0.11146412789821625,0.08354525081813335,0.9431300414726138,9.239823689288974e-06,0.5415208774551664,0.26572924603905873,0.2614684329113342,0.5415208774551664
0.060150740668177605,0.07927270606160164,0.20860908273607492,0.2092466438189149,0.4886556565761566,0.9819265669211745,9.231592093108358e-06,0.6575203050011234,0.26607048843144815,0.30043440250629927,0.6575203050011234
0.0491814948618412,0.4040505765005946,0.07040791027247906,0.2966443533077836,0.045259300619363785,0.7916027586907148,9.230977677283449e-06,0.7040002512253446,0.2241903552005821,0.26405167278287367,0.7040002512253446
0.16146797966212034,0.4430344868451357,0.5057598883286119,0.036187232472002506,0.015310507267713547,0.6933827437460423,9.22225499448958e-06,0.5329235669298769,0.2573447430257486,0.28961277179714345,0.5329235669298769
0.030352232046425343,0.49184331856667995,0.01591542921960354,0.2468561828136444,0.1642672186717391,0.7841204339638352,9.22116267940366e-06,0.8691332663450446,0.20342820108828685,0.24840057203688132,0.8691332663450446
0.22947602812200785,0.3645845018327236,0.43684176728129387,0.16040942166000605,0.06883775163441896,0.9542279383167624,9.217166697518987e-06,0.5872420799367398,0.2551410463572104,0.27337880557831074,0.5872420799367398
0.0923223877325654,0.2680751709267497,0.12835899647325277,0.2349205818027258,0.3538071755319834,0.9216715143993497,9.213828077868996e-06,0.9405162398309589,0.168847746363244,0.3320956797775583,0.9405162398309589
0.07578600291162729,0.5675039645284414,0.35868091881275177,0.2593051251024008,0.03175320569425821,0.8107097763568163,9.18609784311365e-06,0.5988968553559214,0.22994507494150465,0.21578699827964248,0.5988968553559214
0.0847353907302022,0.277971419505775,0.3428455013781786,0.3821999207139015,0.4894876563921571,0.9967709546908736,9.176597565120304e-06,0.7031655433522647,0.2519968745731185,0.2636199593170313,0.7031655433522647
0.05043637007474899,0.9805780602619052,0.177533189766109,0.027999439276754856,0.297976559959352,0.9559896942228079,9.168522471098574e-06,0.22633258159630987,0.21854382012520346,0.24821709129748448,0.22633258159630987
0.2606547689065337,0.3750601476058364,0.16809441521763802,0.046336219646036625,0.09223656356334686,0.7639789115637541,9.162595635955253e-06,0.6697282403065818,0.23256056842092326,0.3011527107702106,0.6697282403065818
0.20769512001425028,0.5154769131913781,0.3131334837526083,0.11738886963576078,0.01820572279393673,0.7869452424347401,9.153641893874901e-06,0.5785730259744416,0.24315679410244903,0.2552636407475112,0.5785730259744416
0.07459994126111269,0.05149857513606548,0.3931591110303998,0.05755286477506161,0.3124822620302439,0.943716699257493,9.15289567103603e-06,0.5997182340694613,0.26997563312000195,0.2684719278291604,0.5997182340694613
0.20952802058309317,0.417591760866344,0.05956979654729366,0.23561661131680012,0.1054622819647193,0.9465267509222031,9.141957588366057e-06,0.649150758680834,0.2518354038144931,0.27129521870995166,0.649150758680834
0.26010728534311056,0.4770755348727107,0.800718448124826,0.1827311161905527,0.045232657343149185,0.8950258567929268,9.138542607755076e-06,0.5545836430966945,0.2552863724307388,0.24898222025515312,0.5545836430966945
0.04050752520561218,0.4877557950094342,0.02795329038053751,0.2995254397392273,0.04866859037429094,0.6141502792015672,9.134956568553137e-06,0.5753377548556596,0.22759016967130719,0.286157857002161,0.5753377548556596
0.0778593486174941,0.470076572149992,0.018630027770996094,0.37594215478748083,0.08774234354496002,0.9558105822652578,9.13268891927679e-06,0.6359185278325955,0.2560616858690025,0.2677700441064481,0.6359185278325955
0.19152388162910938,0.02069903537631035,0.8237879294902086,0.024510681629180908,0.2840919103473425,0.988986998796463,9.1267819707106e-06,0.5149206586192017,0.2984202413497381,0.24724055979762763,0.5149206586192017
0.0021546799689531326,0.3379043349996209,0.21067327819764614,0.3060082821175456,0.18726903200149536,0.9706914164125919,9.121637336832174e-06,0.7823882705036763,0.2407307767685462,0.29824757763570475,0.7823882705036763
0.036889818497002125,0.26344356685876846,0.9285766687244177,0.09039662219583988,0.021659953519701958,0.9120330195873976,9.112113279123912e-06,0.5612377513566668,0.2859761243565821,0.2802419863421781,0.5612377513566668
0.07540741190314293,0.32245391048491,0.14146026503294706,0.09748877864331007,0.489777154289186,0.9002300705760717,9.111947175375394e-06,0.8533181822044186,0.20794801454505382,0.341623315442444,0.8533181822044186
0.016894234344363213,0.5256384927779436,0.6138739073649049,0.3395760739222169,0.002377721481025219,0.684262104332447,9.102838269247313e-06,0.5574104135595191,0.2282078573627255,0.25642840238537434,0.5574104135595191
0.056123899295926094,0.04586735833436251,0.8850082429125905,0.3656201558187604,0.4132389212027192,0.9918774720281363,9.101042332988497e-06,0.5778582512400362,0.28994555138239264,0.22887101114888986,0.5778582512400362
0.024878719821572304,0.2842573234811425,0.9493677699938416,0.18727439641952515,0.3351386124268174,0.8625070825219154,9.099078284089347e-06,0.9724036379679122,0.18580674503424685,0.31059465617087306,0.9724036379679122
0.007073653861880302,0.11410471517592669,0.09185693599283695,0.15852910466492176,0.4517963854596019,0.8310916610062122,9.097712424355289e-06,0.7682369023161597,0.24412707820221194,0.26180227230048636,0.7682369023161597
0.20237349346280098,0.4125769976526499,0.13443581853061914,0.06323237344622612,0.16757422219961882,0.790581963956356,9.061048904100096e-06,0.7775897888967208,0.22102470125116966,0.2838759722001617,0.7775897888967208
0.07341888081282377,0.31357633508741856,0.09540951903909445,0.2388367522507906,0.13895084243267775,0.985826569609344,9.038532348936684e-06,0.707028672264747,0.2572175740555079,0.2812987063811992,0.707028672264747
0.15056620724499226,0.24106382578611374,0.9028780981898308,0.05071470979601145,0.3390765441581607,0.9859416345134377,9.03386925931084e-06,0.7177311889630205,0.2440061098371735,0.3351742499812784,0.7177311889630205
0.07541373837739229,0.262920162640512,0.46411205641925335,0.14617377519607544,0.10737461224198341,0.9889285983517766,9.029211017651982e-06,0.6301647338769214,0.2676055161265223,0.27770497008043427,0.6301647338769214
0.10260898619890213,0.13974961265921593,0.808280180208385,0.07274483144283295,0.4084342420101166,0.9102899832651019,9.028468418892459e-06,0.6792792653318106,0.24285704562526106,0.2860833994939033,0.6792792653318106
0.03089956659823656,0.40544317848980427,0.8901495086029172,0.10220624040812254,0.2110274014994502,0.9298158278688788,9.027314404843847e-06,0.8010757168094181,0.23207923525577662,0.35416342339298923,0.8010757168094181
0.07860036101192236,0.4846569551154971,0.7736474899575114,0.06018970347940922,0.020619451999664307,0.6468914449214935,9.025714708202998e-06,0.5302931857958078,0.262269021298887,0.2996001342400303,0.5302931857958078
0.19829333201050758,0.5762872966006398,0.0771617665886879,0.16498287674039602,0.04831275809556246,0.9381783027201891,9.021826083258714e-06,0.5133852583447922,0.26530680358654385,0.23450777818608337,0.5133852583447922
0.00799559149891138,0.3750937031581998,0.3366926936432719,0.15837113559246063,0.01136721670627594,0.6718148244544864,9.018488003981027e-06,0.5847476532995214,0.24290629725335822,0.3224516703608771,0.5847476532995214
0.05937319155782461,0.29651468992233276,0.46081218775361776,0.14013664051890373,0.31061309296637774,0.9247681302949786,9.001158015866622e-06,0.9124050577568998,0.1886081272678684,0.3315759236025614,0.9124050577568998
0.10251042991876602,0.4668799499049783,0.23215784411877394,0.11066899914294481,0.12508548237383366,0.7617445532232523,9.000908190293735e-06,0.7992851119861791,0.20395826571619974,0.3166695553065445,0.7992851119861791
0.08064636681228876,0.2616813834756613,0.4057602183893323,0.17487177159637213,0.45930587127804756,0.8717679977416992,8.988868385166515e-06,0.9211271038824289,0.2002752663287932,0.2855730813790974,0.9211271038824289
0.00036984309554100037,0.5330714397132397,0.6317205177620053,0.3480722112581134,0.06471061985939741,0.8012477941811085,8.985307223170218e-06,0.6643854561127291,0.21206619377624342,0.21736529750621533,0.6643854561127291
0.24335184320807457,0.48680240102112293,0.6269369451329112,0.22204503882676363,0.09119823761284351,0.9671114161610603,8.983372021829822e-06,0.5856001825542198,0.25750938104138205,0.2500319422557422,0.5856001825542198
0.006612609140574932,0.4165925048291683,0.6578210406005383,0.2819078182801604,0.007123738527297974,0.5972288260236382,8.976373379616628e-06,0.5589694022797592,0.24469591537596966,0.2755864914771748,0.5589694022797592
0.39800220262259245,0.4664138304069638,0.066046048887074,0.10406395327299833,0.0773779172450304,0.8961771717295051,8.95604101667544e-06,0.5290977364416668,0.26667974779627185,0.2647761815758896,0.5290977364416668
0.08066626638174057,0.3251862330362201,0.20790621638298035,0.06779135391116142,0.07635497208684683,0.7673820806667209,8.955964852359689e-06,0.7109068845741287,0.23830931491340138,0.3068313296002392,0.7109068845741287
0.07212040666490793,0.36219010315835476,0.6297692004591227,0.30230506882071495,0.06125499028712511,0.9828839413821697,8.932653222444248e-06,0.6323459353478238,0.2622144540955507,0.26562153961268,0.6323459353478238
0.034978422336280346,0.3143498944118619,0.5119017055258155,0.06024130433797836,0.23982518259435892,0.9064895510673523,8.930568963221917e-06,0.8052727489835797,0.2279455047326358,0.35512421801000665,0.8052727489835797
0.17447138484567404,0.2549013216048479,0.9996396116912365,0.05839555989950895,0.08668509591370821,0.9772784598171711,8.927470257381171e-06,0.5567347016505713,0.288642506438178,0.2660586418308888,0.5567347016505713
0.23718236666172743,0.17301968671381474,0.18216769862920046,0.012369051575660706,0.18023972399532795,0.9508237475529313,8.919746487238973e-06,0.5773774256617895,0.2800158985773977,0.2746200846309149,0.5773774256617895
0.09940820932388306,0.03270585276186466,0.6459328318014741,0.07206185441464186,0.47935764491558075,0.9579035006463528,8.918587386863199e-06,0.5194995076986086,0.2759180824485323,0.24738368724265855,0.5194995076986086
0.02883421815931797,0.39506270084530115,0.23594950698316097,0.07840008195489645,0.1170546654611826,0.652566185221076,8.90647736211261e-06,0.6709772347375644,0.23895647720880336,0.34332142811425775,0.6709772347375644
0.11976176872849464,0.1412438228726387,0.5972803551703691,0.04624960385262966,0.16163408569991589,0.9992678789421916,8.891690606528326e-06,0.5600742370453261,0.29148548231971705,0.26018497506701077,0.5600742370453261
0.1094615114852786,0.22896012011915445,0.01680330839008093,0.10928354132920504,0.2680376023054123,0.9670515703037381,8.889317144628771e-06,0.7545170454425185,0.24293677721193357,0.3032254445415993,0.7545170454425185
0.1739202355965972,0.35698466561734676,0.0941734155640006,0.17152054607868195,0.03992368374019861,0.8617343176156282,8.885578356899645e-06,0.6026189704710023,0.24958895325666372,0.2924444793088732,0.6026189704710023
0.05110318027436733,0.2752521922811866,0.39155415818095207,0.0012879818677902222,0.4358951384201646,0.713451593182981,8.85868439664738e-06,0.8556209539034506,0.21123151711223595,0.34298429793477775,0.8556209539034506
0.16973846592009068,0.4881016733124852,0.5652212966233492,0.1671147020533681,0.1405319944024086,0.9203005880117416,8.857442636722263e-06,0.6793554304541662,0.24349696091731565,0.2916410060747038,0.6793554304541662
0.012895457446575165,0.03272800613194704,0.24311672244220972,0.125934355892241,0.39160587824881077,0.8805196126922965,8.853718979723876e-06,0.6801388051802759,0.2652138705280032,0.2608623297767422,0.6801388051802759
0.09411730710417032,0.47698972932994366,0.16658969968557358,0.24950192961841822,0.00035275332629680634,0.5980363618582487,8.831833246351751e-06,0.5201096913615448,0.24799277051719773,0.26729116839670525,0.5201096913615448
0.02299715206027031,0.439331048168242,0.08532939571887255,0.11221897229552269,0.039549740962684155,0.5728342654183507,8.829565141001923e-06,0.551876582906782,0.2631752894026628,0.3134721239580838,0.551876582906782
0.03659128025174141,0.2834709445014596,0.34622740745544434,0.061056094244122505,0.49850281421095133,0.83034688513726,8.82715172470741e-06,0.8201496953909964,0.21564949897963262,0.3321470010903453,0.8201496953909964
0.39219260681420565,0.3923158720135689,0.4934794269502163,0.011416294611990452,0.1684821443632245,0.8910913476720452,8.808544778815388e-06,0.6132969142458604,0.260847452608769,0.30097796596419785,0.6132969142458604
0.3775183856487274,0.40772220958024263,0.6144701866433024,0.012224978767335415,0.06579935178160667,0.8092835731804371,8.808146868519389e-06,0.5401326699419071,0.25333955147616455,0.25550693301339017,0.5401326699419071
0.058163464069366455,0.028366261161863804,0.35882052779197693,0.17918318044394255,0.27328722830861807,0.9772152835503221,8.798661116340417e-06,0.6415736855911112,0.27624519096544936,0.25277959318828747,0.6415736855911112
0.5142214242368937,0.42251296155154705,0.20409984979778528,0.07425425853580236,0.11091179307550192,0.9334794729948044,8.777266025534774e-06,0.5189007139119919,0.2642781931702932,0.27228602815983993,0.5189007139119919
0.40169124584645033,0.3632687209174037,0.48182376381009817,0.10275541990995407,0.0076752472668886185,0.9740328565239906,8.777073560632399e-06,0.4663302715223731,0.28628656720207807,0.2372855031349272,0.4663302715223731
0.03934892639517784,0.21599707938730717,0.7757447306066751,0.0059695057570934296,0.14525351207703352,0.8853914784267545,8.775738120878476e-06,0.6308624878526083,0.2803321847365286,0.27856101428756236,0.6308624878526083
0.08626650925725698,0.5013171071186662,0.6900135353207588,0.14692103117704391,0.05067865550518036,0.6681494703516364,8.773140880678074e-06,0.5738496782819236,0.23161915007150038,0.3020468676297959,0.5738496782819236
0.19256913848221302,0.48748104460537434,0.046225110068917274,0.09581910725682974,0.23850256390869617,0.9991495339199901,8.763867178156452e-06,0.7361082427369388,0.2524174996842138,0.31833379314415416,0.7361082427369388
0.06987469829618931,0.3671123441308737,0.9159303335472941,0.20810932200402021,0.4629231784492731,0.9586615962907672,8.761061221264345e-06,0.9219760022049731,0.1907634853640369,0.3655211862543465,0.9219760022049731
0.054039545357227325,0.17521349992603064,0.18913269229233265,0.1765623316168785,0.3429897790774703,0.8988522123545408,8.757610429792386e-06,0.8513880515024891,0.2166936441633759,0.29477469420131636,0.8513880515024891
0.03196666669100523,0.30454899929463863,0.7777030151337385,0.18036855664104223,0.5138698993250728,0.915755127556622,8.754933968377148e-06,0.8402928167775656,0.21925171579327482,0.31101298537591676,0.8402928167775656
0.09022417478263378,0.5692090606316924,0.006340818479657173,0.2028107699006796,0.12459222786128521,0.8885555937886238,8.75250215566451e-06,0.6587013492971677,0.24707782197542533,0.2548563378208197,0.6587013492971677
0.00048350077122449875,0.1378608951345086,0.9770930353552103,0.2980763763189316,0.5105491848662496,0.8892736965790391,8.750164825136928e-06,0.6566054469608738,0.2703547520294202,0.23704060786016465,0.6566054469608738
0.12809369061142206,0.14425444323569536,0.17781540378928185,0.02195393666625023,0.47992713283747435,0.8867011955007911,8.739878095977653e-06,0.6152670445084572,0.2639786006480233,0.3002783778062283,0.6152670445084572
0.28475391678512096,0.5023869471624494,0.04967934358865023,0.26974554639309645,0.06542552728205919,0.9834228036925197,8.738457843925372e-06,0.5456514519317909,0.2698349456036443,0.22419562677755997,0.5456514519317909
0.2665319023653865,0.9689425183460116,0.20861968118697405,0.014569618739187717,0.21266245655715466,0.9982885085046291,8.735534128956129e-06,0.23985669799982218,0.2829210539684124,0.19287372713836054,0.23985669799982218
0.1289821257814765,0.3061967324465513,0.6017941208556294,0.011975043453276157,0.21689701825380325,0.8805784899741411,8.733288624192865e-06,0.7351896057025669,0.24839749709105896,0.3405222777278043,0.7351896057025669
0.6951219886541367,0.3394033759832382,0.07666690740734339,0.001596233807504177,0.06897443626075983,0.9878614349290729,8.726633530701016e-06,0.42426235282497066,0.2955230403940646,0.22699639270627445,0.42426235282497066
0.2870108298957348,0.4232445601373911,0.3895705658942461,0.16506720799952745,0.02421628776937723,0.8788359612226486,8.709600591082956e-06,0.5432574741985385,0.25577338609338446,0.262899277882581,0.5432574741985385
0.013666273094713688,0.204694758169353,0.2516055889427662,0.05337512493133545,0.2475685840472579,0.8236368354409933,8.709512609527077e-06,0.7728442649047659,0.2362140447678624,0.29263877231043034,0.7728442649047659
0.04232924338430166,0.4929864313453436,0.8461920712143183,0.26009393855929375,0.1544058509171009,0.8290715664625168,8.706058000289004e-06,0.786056675483804,0.2151938138784244,0.27376588681484715,0.786056675483804
0.13433975633233786,0.1703280219808221,0.889795009046793,0.15694264695048332,0.44233191572129726,0.9448468405753374,8.706054077972319e-06,0.73715274968743,0.23399436247944966,0.30111176558183544,0.73715274968743
0.1097490293905139,0.05266722850501537,0.8088004253804684,0.18328288570046425,0.3971035424619913,0.9757645288482308,8.705689745881364e-06,0.6699191052187357,0.2614883096918163,0.3055555567807185,0.6699191052187357
0.0695714745670557,0.28066237457096577,0.052882611751556396,0.06392482668161392,0.416178522631526,0.827616554684937,8.705356523532436e-06,0.8968741877601947,0.1846437804390775,0.3534438990068247,0.8968741877601947
0.09752023033797741,0.10680178459733725,0.7964947521686554,0.03999945614486933,0.25917825754731894,0.9542906302958727,8.695780472142864e-06,0.5987912005874534,0.27200533378021524,0.282774142060274,0.5987912005874534
0.15583808533847332,0.422380730509758,0.13570561166852713,0.30913865845650434,0.08833349868655205,0.9626393979415298,8.692336179886132e-06,0.644040998718703,0.2551534767975423,0.26112504374279893,0.644040998718703
0.19896670058369637,0.5376890981569886,0.953903297893703,0.059197839349508286,0.06382317934185266,0.8382568992674351,8.673322638242757e-06,0.5511964255195319,0.26539065935333156,0.2523677517676977,0.5511964255195319
0.061121657490730286,0.5190001130104065,0.7003131071105599,0.03534795995801687,0.08976018149405718,0.7598135769367218,8.645425694878524e-06,0.7018181416268487,0.2265081550344779,0.3096758226402968,0.7018181416268487
0.12178718484938145,0.21534321177750826,0.9623348517343402,0.07654960826039314,0.06858006957918406,0.9947095485404134,8.641684833807683e-06,0.541717391372205,0.29482358919084767,0.25782971863565723,0.541717391372205
0.2689110226929188,0.3885821904987097,0.024866688065230846,0.1548167010769248,0.15437932685017586,0.9832778330892324,8.62835962167159e-06,0.6594609003981524,0.25943511064874547,0.2809278386139235,0.6594609003981524
0.0020974939689040184,0.458298665471375,0.49826743453741074,0.12554002832621336,0.08203623536974192,0.6185279786586761,8.624059133053474e-06,0.608247908153779,0.23624124700172133,0.3366283177689358,0.608247908153779
0.044526864774525166,0.5344788255169988,0.3139492105692625,0.03420358244329691,0.17582853510975838,0.9128495352342725,8.620507157060802e-06,0.7027880822999687,0.25485678425886693,0.3256427813096205,0.7027880822999687
0.14702387433499098,0.18767935410141945,0.08285045251250267,0.017965517938137054,0.015103461220860481,0.9583026254549623,8.615114033839359e-06,0.49664350603734014,0.303777090711984,0.24169297745120122,0.49664350603734014
0.4427647916600108,0.39071644004434347,0.30700765270739794,0.06622095499187708,0.12305489089339972,0.9690378243103623,8.604145739805357e-06,0.5472097803022324,0.2718938943950204,0.2712832228012678,0.5472097803022324
0.49002245534211397,0.4694531913846731,0.27251528669148684,0.020993263460695744,0.026737664826214314,0.8833759585395455,8.598685209900953e-06,0.45604075731988153,0.2867997574008597,0.2393982330974587,0.45604075731988153
0.1638483600690961,0.5091836266219616,0.22504947520792484,0.054751995019614697,0.006673769094049931,0.6721086855977774,8.598442293890408e-06,0.49820343169171893,0.2640436178489975,0.27041890135948815,0.49820343169171893
0.06585817318409681,0.6089493623003364,0.6465612044557929,0.13576963637024164,0.04337791446596384,0.9866541847586632,8.597284332842042e-06,0.5021783495891546,0.28304808288392125,0.23930262105088385,0.5021783495891546
0.05518983956426382,0.4850740171968937,0.3649137271568179,0.23887687921524048,0.10815761424601078,0.6944923279806972,8.589810899462414e-06,0.7103318780697832,0.2031276664739081,0.29303712989624564,0.7103318780697832
0.008686073124408722,0.3593764854595065,0.15778557024896145,0.020016142167150974,0.35070953983813524,0.5949159134179354,8.588946497549566e-06,0.808940054232207,0.21382440383953472,0.429578002160248,0.808940054232207
0.003351109102368355,0.09718852490186691,0.15467360336333513,0.3965894477441907,0.48222234658896923,0.9560888884589076,8.586971871239072e-06,0.5692136586899188,0.2765805713430598,0.2308068361284311,0.5692136586899188
0.03658659476786852,0.34892892464995384,0.040114243514835835,0.19628882501274347,0.09965606965124607,0.811745397746563,8.574319476633346e-06,0.7357068732352232,0.22163567299077805,0.2940259555540216,0.7357068732352232
0.061949145048856735,0.0965234711766243,0.54765560105443,0.2728048926219344,0.31696569733321667,0.9867994412779808,8.570725725136631e-06,0.6958263243607733,0.2595171550369797,0.27381021224041635,0.6958263243607733
0.034177484922111034,0.16403549443930387,0.3524981653317809,0.0690034469589591,0.284447711892426,0.9176282910630107,8.563557491948094e-06,0.7211745764222242,0.2496164400908924,0.2954265940613362,0.7211745764222242
0.47935331612825394,0.4472293984144926,0.882218025624752,0.07991719804704189,0.0709200818091631,0.9913607845082879,8.554626766744999e-06,0.4742776738961587,0.2879372386025484,0.23347274461713927,0.4742776738961587
0.17126432433724403,0.5616353629156947,0.1575924465432763,0.17797353770583868,0.13146754074841738,0.9612737465649843,8.552293615052148e-06,0.6162033605738786,0.2568115466276863,0.2551779720419292,0.6162033605738786
0.016812730580568314,0.2249896265566349,0.2797253681346774,0.09716453682631254,0.5370852928608656,0.9136015074327588,8.551807769252064e-06,0.6972368480287578,0.24873052143359728,0.2827514318836744,0.6972368480287578
0.040424760431051254,0.3078090734779835,0.1235594917088747,0.12217685114592314,0.3148791706189513,0.8762058671563864,8.55146949808143e-06,0.9586892565988547,0.18250726118202704,0.33692510267546666,0.9586892565988547
0.02726696152240038,0.31272431276738644,0.7948896521702409,0.018841243349015713,0.3835681118071079,0.7011688714846969,8.54423868943346e-06,0.8964067764770486,0.20171485065265704,0.3697498256064402,0.8964067764770486
0.10391425155103207,0.5184039613232017,0.5138415694236755,0.1057647904381156,0.13421099539846182,0.8693757280707359,8.527400097308513e-06,0.6845801576882034,0.24444023445341187,0.30061119437807104,0.6845801576882034
0.16761211771517992,0.2884576413780451,0.40491649229079485,0.22669648844748735,0.3603387977927923,0.9996576020494103,8.524206247433456e-06,0.884372238378235,0.1974499926024991,0.31409116281377536,0.884372238378235
0.16853816248476505,0.1975940354168415,0.5108075523748994,0.0042788190767169,0.46673338674008846,0.9029211765155196,8.521847351118393e-06,0.644118368016276,0.25450032606918255,0.3282882052371732,0.644118368016276
0.18559185229241848,0.3007304947823286,0.054669059813022614,0.025661597028374672,0.26221590861678123,0.9496318213641644,8.513301200099265e-06,0.7346220534545038,0.24396831100762684,0.3534279707287198,0.7346220534545038
0.020616786554455757,0.5127649968490005,0.6767202001065016,0.10934132151305676,0.03225436620414257,0.5592592200264335,8.511237497957085e-06,0.5155165907415639,0.2637262468746261,0.28826599283069976,0.5155165907415639
0.12038477975875139,0.38149572163820267,0.2481106361374259,0.22073427587747574,0.03107502218335867,0.806737937964499,8.496713804224727e-06,0.646755521013511,0.2321608804633323,0.2695175727927281,0.646755521013511
0.13353852089494467,0.32076412346214056,0.23045681044459343,0.21454861294478178,0.01770140416920185,0.9493327448144555,8.496624235427412e-06,0.578369675842426,0.2671093278056064,0.270266421847999,0.578369675842426
0.0324316443875432,0.5807635150849819,0.9401686182245612,0.23922654520720243,0.11739523522555828,0.9838017728179693,8.49492997942514e-06,0.6081857230880147,0.2678356480123858,0.24494405213056072,0.6081857230880147
0.14828910864889622,0.4361661225557327,0.334549056366086,0.0736035080626607,0.1923988750204444,0.8855172740295529,8.49410625529896e-06,0.7774501782054024,0.23657564085992533,0.33103293021551605,0.7774501782054024
0.43428532779216766,0.5044842353090644,0.41381838358938694,0.004595395177602768,0.1439331965520978,0.9855236066505313,8.492844887340489e-06,0.5205923165891831,0.28747880392233954,0.25852132319587656,0.5205923165891831
0.16245758160948753,0.039130701683461666,0.5303983110934496,0.10050075687468052,0.36592786107212305,0.9780492912977934,8.472352403286793e-06,0.5927518989655636,0.26971757331333357,0.2530584216818269,0.5927518989655636
0.11472135968506336,0.39497957937419415,0.6523447465151548,0.149865728802979,0.011721476912498474,0.700653170235455,8.471683483388666e-06,0.5733483961112742,0.23204870194880925,0.30405754547114816,0.5733483961112742
0.04904575739055872,0.4506002888083458,0.5748009709641337,0.06476832926273346,0.06372240837663412,0.6360719930380583,8.46022989955907e-06,0.5759555329400393,0.24998758837760188,0.3308158931885434,0.5759555329400393
0.02486832719296217,0.3477780930697918,0.6325601004064083,0.07201506476849318,0.2024733368307352,0.7795766172930598,8.459328348852085e-06,0.8815330783833056,0.20759130366540013,0.29330489118916725,0.8815330783833056
0.03685014322400093,0.3958336729556322,0.4533873647451401,0.12370645254850388,0.2603130703791976,0.9863117495551705,8.458571325335458e-06,0.8582316446464304,0.2210410838398306,0.3480520317570284,0.8582316446464304
0.10627051908522844,0.3299186807125807,0.573546351864934,0.35071469098329544,0.437377629801631,0.9610282648354769,8.44955076450477e-06,0.8203258691227316,0.2100343875346462,0.3233968144229085,0.8203258691227316
0.075492431409657,0.4556887298822403,0.7404899569228292,0.06436181161552668,0.22769786231219769,0.9509493047371507,8.447008204110145e-06,0.7750637833287983,0.2336609428483253,0.3629943040558878,0.7750637833287983
0.3218919523060322,0.548296919092536,0.18171271681785583,0.02743812557309866,0.13459759298712015,0.907476662658155,8.438639200264143e-06,0.5554663588684198,0.2750964876753486,0.2661843216183733,0.5554663588684198
0.09826351050287485,0.34369262866675854,0.8976357346400619,0.016546955332159996,0.2819205345585942,0.8861575871706009,8.434523463433782e-06,0.818268188472117,0.22779727152275545,0.3824149362974193,0.818268188472117
0.09454650525003672,0.37587844766676426,0.8020974053069949,0.1045625451952219,0.10985665954649448,0.7487275674939156,8.415951019331531e-06,0.7558417264436962,0.21885365381427754,0.29718167239285814,0.7558417264436962
0.29679890908300877,0.47285334952175617,0.28915309254080057,0.13637917302548885,0.06975817680358887,0.8332626326009631,8.415534218281413e-06,0.5759269076908822,0.23617606469401303,0.2733762006764721,0.5759269076908822
0.20993856247514486,0.3633110038936138,0.7675669537857175,0.03614805918186903,0.23353745508939028,0.984689150005579,8.406380314178694e-06,0.7056936964644319,0.2553498803713998,0.33231403454052016,0.7056936964644319
0.014035495929419994,0.549858758226037,0.22357669845223427,0.2803469728678465,0.07965502515435219,0.6905356869101524,8.39976938164257e-06,0.6333005216124677,0.20773293602507936,0.2597639063871595,0.6333005216124677
0.07616195548325777,0.4317995347082615,0.35307895950973034,0.20852301456034184,0.14945834316313267,0.8350389590486884,8.398127712896858e-06,0.8048097887193083,0.21324872997234695,0.3063714627015353,0.8048097887193083
0.1244571628049016,0.6081619998440146,0.055398037657141685,0.01003484707325697,0.1300748074427247,0.956199693493545,8.374960831202409e-06,0.5422374370962719,0.28377931830449393,0.2546362845962278,0.5422374370962719
0.08833566308021545,0.5107361618429422,0.43413182627409697,0.1704813726246357,0.15252553764730692,0.8830135371536016,8.356370068859294e-06,0.7433616848825392,0.234849924149469,0.2910708449419379,0.7433616848825392
0.14228988904505968,0.35359110590070486,0.6357391746714711,0.008169976063072681,0.3067590603604913,0.9638689048588276,8.352524166824024e-06,0.7719680449990771,0.23070302407006926,0.397384149648471,0.7719680449990771
0.022803225554525852,0.4936637934297323,0.4493953613564372,0.38583257608115673,0.05397616699337959,0.8608831418678164,8.335344310556905e-06,0.6346213604995089,0.2373158057951936,0.2644399439123686,0.6346213604995089
0.10426804702728987,0.27926214318722486,0.9860707027837634,0.25597685016691685,0.34023032430559397,0.966564130038023,8.33214174909065e-06,0.8694613546308467,0.2038948004332336,0.32884143780541353,0.8694613546308467
0.18390351627022028,0.5148009341210127,0.7941701095551252,0.17289237771183252,0.10300111398100853,0.8638560837134719,8.326821033959726e-06,0.6352655187786284,0.23957519983170372,0.2589679690476153,0.6352655187786284
0.33286196645349264,0.34755151253193617,0.12025432102382183,0.005390547215938568,0.03874730784446001,0.761184005998075,8.323878534201726e-06,0.5763618447770626,0.2559744072090886,0.28986472846181005,0.5763618447770626
0.050949325785040855,0.5455697141587734,0.4884555423632264,0.14354235585778952,0.1136883944272995,0.8187946351245046,8.32005757812275e-06,0.6895757644142273,0.22296810011634616,0.27773854773082624,0.6895757644142273
0.4356891345232725,0.4456566581502557,0.8167370045557618,0.025062737986445427,0.15049663931131363,0.8819217020645738,8.315360534317496e-06,0.5758366220071496,0.2653999461121148,0.27997146055808564,0.5758366220071496
0.013202466070652008,0.07133022043853998,0.850818382576108,0.02012612111866474,0.46986047737300396,0.7807282591238618,8.3143625960576e-06,0.6342313093677364,0.26772038360260614,0.2651367450079748,0.6342313093677364
0.1541261486709118,0.480434350669384,0.4847724223509431,0.10351247154176235,0.1510262843221426,0.8402493875473738,8.311541092285236e-06,0.722243061071793,0.22979656710366278,0.30691654162177445,0.722243061071793
0.33668877091258764,0.36969356797635555,0.3507571779191494,0.068464414216578,0.15205939393490553,0.9609745983034372,8.291285836052328e-06,0.6166048287659847,0.26322464359373554,0.2888509777006203,0.6166048287659847
0.27501561772078276,0.2896885871887207,0.31920619029551744,0.01023401040583849,0.4191463738679886,0.9907785542309284,8.288854561702512e-06,0.6936601239500532,0.24443691275346477,0.35908015170073015,0.6936601239500532
0.08107242733240128,0.1898507485166192,0.04681618046015501,0.16602785885334015,0.4774140929803252,0.8755083661526442,8.27515050568446e-06,0.7974019544891965,0.23483510751208495,0.27032282995479606,0.7974019544891965
0.17204186785966158,0.47792785707861185,0.5546358544379473,0.2954879589378834,0.10635863337665796,0.9519734373316169,8.265318924035557e-06,0.6384501355969378,0.24746600996997842,0.2574132146637172,0.6384501355969378
0.057860150933265686,0.1147678317502141,0.7349924771115184,0.03425915539264679,0.351541998796165,0.8617965569719672,8.258698300796918e-06,0.6691534791164616,0.26112127889943193,0.2889810101843921,0.6691534791164616
0.07718982454389334,0.3845919594168663,0.8875607280060649,0.2701182998716831,0.040996942669153214,0.8203805387020111,8.256022331340943e-06,0.6569752146478101,0.2327257044987701,0.2671691281322404,0.6569752146478101
0.07294027041643858,0.20269592106342316,0.15102676674723625,0.027319712564349174,0.28977160435169935,0.8439535703510046,8.253193936211198e-06,0.7594517272367912,0.2424282740241496,0.32273661228639294,0.7594517272367912
0.0028654318302869797,0.28645630460232496,0.007257995195686817,0.05358325131237507,0.30518700554966927,0.6793174231424928,8.24693848051992e-06,0.8506991731648398,0.21448308320327555,0.33984637627904657,0.8506991731648398
0.06960233487188816,0.5391524294391274,0.08102795947343111,0.205905525945127,0.09385400172322989,0.7066483935341239,8.245210779044781e-06,0.6599381918988376,0.2046522225724712,0.27343163744103577,0.6599381918988376
0.11898094695061445,0.5726753976196051,0.5288315378129482,0.24910936690866947,0.022136012092232704,0.824351797811687,8.243128432902125e-06,0.5530993661417539,0.23746164470981931,0.21753151020920256,0.5530993661417539
0.0175711577758193,0.4659821977838874,0.9776079142466187,0.3733201688155532,0.16099931951612234,0.9829701511189342,8.2429033322368e-06,0.6947906255448453,0.2595619371011469,0.27853374116085944,0.6947906255448453
0.12030990142375231,0.3371436735615134,0.9561251662671566,0.05303452257066965,0.1513981493189931,0.7533782692626119,8.241940849092756e-06,0.7685989673301795,0.22865232060859533,0.29024063801276523,0.7685989673301795
0.18391092866659164,0.4070008611306548,0.29637440759688616,0.0005945749580860138,0.18741386756300926,0.6839901600033045,8.232747806989638e-06,0.7057417058102112,0.2348038892837848,0.32389638940093285,0.7057417058102112
0.12065449729561806,0.365959694609046,0.2571097109466791,0.08237929735332727,0.36261604167521,0.9891055822372437,8.219217028611368e-06,0.8738269914216978,0.19861655340102818,0.3720281694158523,0.8738269914216978
0.004083975218236446,0.1508553959429264,0.7899415018036962,0.005325562320649624,0.5406699180603027,0.7642689626663923,8.214258937309551e-06,0.6549047938599251,0.2675313467684867,0.2760931015444665,0.6549047938599251
0.12823683768510818,0.010887703858315945,0.7036637011915445,0.051052553579211235,0.24201774783432484,0.9686705321073532,8.2067090518278e-06,0.5247265876268503,0.2924564694013773,0.24210001648650906,0.5247265876268503
0.20328172389417887,0.38984780199825764,0.5251602791249752,0.003988008014857769,0.242579635232687,0.8342081978917122,8.202809536495729e-06,0.7896233356926097,0.2227738720224302,0.3590996158566114,0.7896233356926097
0.016058580949902534,0.2157608801499009,0.5581232868134975,0.040009099058806896,0.4784544985741377,0.7259747106581926,8.202624699683586e-06,0.7873178388344342,0.22250866130902164,0.28911496035917467,0.7873178388344342
0.21534973476082087,0.49881556909531355,0.15040571708232164,0.2069277847185731,0.051135456189513206,0.780826817266643,8.20173343600494e-06,0.6348886787653037,0.21871414138918424,0.2531685870339111,0.6348886787653037
0.7586208330467343,0.40599884651601315,0.12424138095229864,0.01260113250464201,0.023500395007431507,0.907582301646471,8.191314946486061e-06,0.39870000269109984,0.28916437461922284,0.23082334612958286,0.39870000269109984
0.007121829316020012,0.1672868374735117,0.8623559707775712,0.11531043332070112,0.32272926811128855,0.8539033532142639,8.186933015508643e-06,0.796840909849724,0.23937149683134037,0.2653007513590191,0.796840909849724
0.03932878840714693,0.150535530410707,0.5798572143539786,0.23476534988731146,0.2624776065349579,0.9764110427349806,8.186153787605593e-06,0.7261913678530704,0.2501958785621877,0.2767520604126126,0.7261913678530704
0.2979549001902342,0.21433099545538425,0.2870499128475785,0.0022899797186255455,0.1706607174128294,0.9840684989467263,8.182471592405481e-06,0.5693172497894881,0.2857469274203378,0.2662322499746106,0.5693172497894881
0.14119203761219978,0.19825923815369606,0.16186240315437317,0.1300050551071763,0.3639766778796911,0.9354406110942364,8.18189346742758e-06,0.8042534022998757,0.2153408060778773,0.30821410231800356,0.8042534022998757
0.016252568922936916,0.22331458888947964,0.9070222545415163,0.454124734736979,0.4910498345270753,0.9653153903782368,8.18167341709351e-06,0.6046795689996632,0.26474537134764425,0.26288598569444244,0.6046795689996632
0.32015648670494556,0.33190211467444897,0.9914816180244088,0.0026287343353033066,0.1955992765724659,0.91380793787539,8.17667754026948e-06,0.6374574457180194,0.2645955156925624,0.3036672059542342,0.6374574457180194
0.034125203266739845,0.21967794559895992,0.034605057910084724,0.17267745360732079,0.18285362236201763,0.9441932961344719,8.166142698114573e-06,0.7173269940305361,0.2516753188245818,0.280993264635943,0.7173269940305361
0.11568116117268801,0.11895256023854017,0.6316111879423261,0.21344580315053463,0.3643529834225774,0.9716640552505851,8.16490080299969e-06,0.7388862672218994,0.23397795954950162,0.3188305804064826,0.7388862672218994
0.12766525894403458,0.33804857172071934,0.2564475852996111,0.015051710419356823,0.45895955711603165,0.8670001933351159,8.133843600230417e-06,0.8366994852628428,0.21268853741568577,0.40540273813483163,0.8366994852628428
0.031068858690559864,0.31319664884358644,0.15869744680821896,0.18450267054140568,0.09062834922224283,0.8762730164453387,8.12438381118602e-06,0.6931783383476524,0.24442178637078069,0.30275719022854186,0.6931783383476524
0.010877197608351707,0.10706957429647446,0.3144557401537895,0.2205043537542224,0.3620438100770116,0.8754419246688485,8.123974310124123e-06,0.8081607197639231,0.2263145476748982,0.28968768791058314,0.8081607197639231
0.1894904039800167,0.08698639366775751,0.7358251912519336,0.11733387596905231,0.43879032228142023,0.9857643526047468,8.11852959690737e-06,0.6087443230563668,0.2693485315620741,0.25177487420570954,0.6087443230563668
0.061069040559232235,0.1870225491002202,0.9096233379095793,0.11073930189013481,0.5189397362992167,0.9227718831971288,8.113218476256092e-06,0.6585524453678546,0.2562835151772243,0.26926414584673597,0.6585524453678546
0.05702635645866394,0.3242312856018543,0.6811280772089958,0.13704446516931057,0.0526824863627553,0.81304482370615,8.091791536875269e-06,0.6489048716618777,0.236730883390753,0.2900393215647923,0.6489048716618777
0.3836839785799384,0.35572830494493246,0.17707657627761364,0.011814696714282036,0.25038130208849907,0.9355917572975159,8.084806497041011e-06,0.6778249261890668,0.24980592741606059,0.3480045057970799,0.6778249261890668
0.015701389871537685,0.136860566213727,0.061542646028101444,0.3177835587412119,0.3818054171279073,0.8190096486359835,8.07917680856259e-06,0.7984174769686656,0.2347112957761458,0.23633351015678314,0.7984174769686656
0.05485915672034025,0.32859246525913477,0.6332898316904902,0.296257421374321,0.35679398849606514,0.9142111632972956,8.076004567791136e-06,0.9547431946927677,0.1710968232036296,0.34084285416019117,0.9547431946927677
0.031283662654459476,0.14454356487840414,0.8883227203041315,0.38253110740333796,0.3942518709227443,0.9264045618474483,8.069233113227733e-06,0.6786218039699563,0.25374022608498104,0.26437553103368283,0.6786218039699563
0.10174282267689705,0.5719378655776381,0.8639611583203077,0.30589459277689457,0.07200672943145037,0.9999153623357415,8.056898442195927e-06,0.5603440498045926,0.26811299465842375,0.21356120937644701,0.5603440498045926
0.08611423429101706,0.3028989378362894,0.6624023141339421,0.005733742378652096,0.4939762884750962,0.7976619573310018,8.048869459072303e-06,0.8149952075494475,0.2240352025553286,0.33397852798085,0.8149952075494475
0.02214939519762993,0.9523139325901866,0.11953272204846144,0.07619225699454546,0.17214416339993477,0.9731449708342552,8.044966245978507e-06,0.2809619686312158,0.27494893110101737,0.20253486136471116,0.2809619686312158
0.37917747907340527,0.3385710967704654,0.8721051756292582,0.04450282361358404,0.08216234017163515,0.9012303873896599,8.043926269603528e-06,0.5351086734283504,0.27477184721217607,0.25477944118523216,0.5351086734283504
0.14492449536919594,0.8949735909700394,0.20492554549127817,0.044216759502887726,0.2760553266853094,0.9916015304625034,8.042615302896349e-06,0.2881153425257066,0.23943425914372504,0.22488711295330183,0.2881153425257066
0.08583084121346474,0.1852540224790573,0.8596900096163154,0.25989849492907524,0.43318560533225536,0.9007180025801063,8.040029961105226e-06,0.8075554894747202,0.2245319478769313,0.29999682076448175,0.8075554894747202
0.3848191574215889,0.5547827957198024,0.04723049234598875,0.050031719729304314,0.02121930569410324,0.9024692894890904,8.025393485259148e-06,0.4452962869389795,0.2954969442605421,0.2217512812105333,0.4452962869389795
0.08148204535245895,0.029246753081679344,0.7528776451945305,0.12331272754818201,0.3554878504946828,0.931554177775979,8.015797992221249e-06,0.6316439025839631,0.26523398876191917,0.2635982190114243,0.6316439025839631
0.020019705407321453,0.043353233486413956,0.07582761906087399,0.04790652450174093,0.32949828915297985,0.8487203186377883,8.014723466401781e-06,0.6270337773922487,0.27422186816310284,0.2609223066274792,0.6270337773922487
0.09999972768127918,0.29199431743472815,0.05654205288738012,0.2886573178693652,0.007953628897666931,0.9932445771992207,8.005657483808503e-06,0.571848533731827,0.28095070831564933,0.242749478367379,0.571848533731827
0.05788343492895365,0.2315253084525466,0.1467049764469266,0.0011324305087327957,0.1204648707062006,0.787515714764595,8.002811262891897e-06,0.6770320258360368,0.2587334092177946,0.25258016636572717,0.6770320258360368
0.030639749951660633,0.2893033931031823,0.8098713951185346,0.039555937983095646,0.04388270992785692,0.776963752694428,8.000972902428506e-06,0.6527638871688829,0.2573494548898003,0.2757973786516095,0.6527638871688829
0.1334859412163496,0.26512827165424824,0.40663950983434916,0.044708915054798126,0.3851162353530526,0.9075993541628122,8.000719586094795e-06,0.8101229296958199,0.2056081857945324,0.3640810587712699,0.8101229296958199
0.006693384610116482,0.3465088279917836,0.6909274822100997,0.10840345546603203,0.3642079923301935,0.8967901449650526,7.981174150302137e-06,0.97756036962255,0.16227422919589038,0.3723907653800006,0.97756036962255
0.046611400321125984,0.5399523507803679,0.5619049640372396,0.027246941812336445,0.027125743217766285,0.6277844272553921,7.978918718964756e-06,0.5004970667912885,0.2674339699965076,0.28993436566214853,0.5004970667912885
0.018974983133375645,0.517485917545855,0.2602719310671091,0.34701931942254305,0.16957835294306278,0.899127365089953,7.976562512491405e-06,0.7503002681832399,0.2358586156875253,0.27351766818907824,0.7503002681832399
0.051328981295228004,0.3501467825844884,0.31265088077634573,0.26448476407676935,0.05576632637530565,0.8876385558396578,7.975032600031648e-06,0.6719874946438433,0.24661305584556004,0.2830600714720539,0.6719874946438433
0.01251420471817255,0.3042282359674573,0.5991147719323635,0.07580869551748037,0.2922989008948207,0.8134745405986905,7.973675344436152e-06,0.9233630550079382,0.19087548014696934,0.3248352841146716,0.9233630550079382
0.23010797146707773,0.0750249670818448,0.4907648479565978,0.010757110081613064,0.26997999381273985,0.9724930748343468,7.958360270045019e-06,0.5411344122022564,0.28590278113444256,0.267194407251105,0.5411344122022564
0.011624341830611229,0.21356577705591917,0.4851573780179024,0.15809056255966425,0.38111727219074965,0.7849658755585551,7.958164114450463e-06,0.9923108161867573,0.18878054353263568,0.17354793137607927,0.9923108161867573
0.13175402954220772,0.32566776778548956,0.4443027572706342,0.30776703730225563,0.49078931380063295,0.9920029696077108,7.951655990504705e-06,0.7841845844773339,0.23139329025812838,0.2853820549620474,0.7841845844773339
0.17651253286749125,0.32142658438533545,0.567698453553021,0.08881760481745005,0.18307982571423054,0.981867203488946,7.951651423308793e-06,0.6812635453330489,0.2580250533693793,0.3094520149401827,0.6812635453330489
0.04765563644468784,0.5795396091416478,0.6675404282286763,0.2996717346832156,0.03821002785116434,0.8404638133943081,7.946047382093847e-06,0.5808893016227629,0.2341817819693491,0.21853218388819354,0.5808893016227629
0.5658345958217978,0.457418505102396,0.8059854246675968,0.03309267945587635,0.018870201893150806,0.9235341902822256,7.94105970276011e-06,0.4253146018398997,0.29171956581466746,0.2212182080858241,0.4253146018398997
0.7477278113365173,0.44667373038828373,0.1170590240508318,0.05234669707715511,0.13339489325881004,0.9827715549618006,7.934749739766839e-06,0.4486971989986131,0.28052950526634385,0.24950325259350958,0.4486971989986131
0.16229210421442986,0.24174118787050247,0.2989595392718911,0.1744964076206088,0.4867552472278476,0.9540170077234507,7.932718613837215e-06,0.7845128541009665,0.22346686333869908,0.2963596851159097,0.7845128541009665
0.07702999468892813,0.21178143192082644,0.08866783510893583,0.2965976828709245,0.26154286973178387,0.9689487675204873,7.920517827607408e-06,0.7663657864357897,0.23992835465286003,0.2788760859950391,0.7663657864357897
0.08098073396831751,0.5590985165908933,0.4957341104745865,0.03197077661752701,0.02773177344352007,0.7190621513873339,7.920204587803801e-06,0.5574643189587603,0.24994779873074477,0.2646832588917985,0.5574643189587603
0.010173151269555092,0.613807026296854,0.5313628893345594,0.3191397339105606,0.02917897142469883,0.9715159377083182,7.917008499425173e-06,0.5223453698528017,0.2693313896260159,0.2102267485514215,0.5223453698528017
0.016758318059146404,0.5728368246927857,0.10947797074913979,0.05289071798324585,0.10690033435821533,0.7786890491843224,7.912544834951392e-06,0.690198772793122,0.238298036439515,0.27468535806632655,0.690198772793122
0.3756891917437315,0.5056378385052085,0.7592101274058223,0.13081751577556133,0.056862582452595234,0.9534850567579269,7.906530913401269e-06,0.4920588254730135,0.27153756646745836,0.24046042235701887,0.4920588254730135
0.37709300220012665,0.44632087741047144,0.4794648289680481,0.14933649823069572,0.05005974322557449,0.9124946761876345,7.903832832803583e-06,0.5161131016503149,0.2591725064507205,0.2554601397459702,0.5161131016503149
0.06162729486823082,0.1848675748333335,0.2791077857837081,0.4405390974134207,0.43777697160840034,0.9483322016894817,7.901891523260302e-06,0.6510071918406566,0.24969106664953028,0.2634425995024376,0.6510071918406566
0.013821500353515148,0.254380383528769,0.1251808414235711,0.3874440426006913,0.40198097843676805,0.8437304142862558,7.89150142202319e-06,0.8463678820329779,0.21474281236456588,0.28581273658272255,0.8463678820329779
0.4467509789392352,0.38416862674057484,0.037533401511609554,0.0003127679228782654,0.1895530680194497,0.7999920211732388,7.884650166349616e-06,0.6544107089188159,0.23856033694625473,0.2879741882390993,0.6544107089188159
0.10758700035512447,0.2862788578495383,0.4741374049335718,0.07839070726186037,0.14778450410813093,0.9164360370486975,7.877210598193531e-06,0.6792907653553273,0.2565706342588122,0.30255287130882613,0.6792907653553273
0.04695612099021673,0.37673445604741573,0.11827660072594881,0.13748527970165014,0.36615548748522997,0.9396429620683193,7.867335338685378e-06,0.9984873250877372,0.1519270193497327,0.3824785003709319,0.9984873250877372
0.02691056579351425,0.2665387960150838,0.29048990085721016,0.37387929670512676,0.47643307503312826,0.8556544100865722,7.863824659902657e-06,0.8013617778712991,0.2283144854213751,0.26355022253479393,0.8013617778712991
0.042539129965007305,0.6088208556175232,0.24563930090516806,0.0646716458722949,0.08565843384712934,0.909268151037395,7.861840645137073e-06,0.5609210335320072,0.276144949841421,0.2558188726186554,0.5609210335320072
0.007769337855279446,0.12969658058136702,0.41342468466609716,0.01955562364310026,0.1583253424614668,0.9040839048102498,7.85931768738545e-06,0.5935776488101032,0.2887034910547028,0.25736686131136144,0.5935776488101032
0.33214522060006857,0.4579766094684601,0.19719800166785717,0.06804089434444904,0.2063802508637309,0.9148485781624913,7.852631537255519e-06,0.6885743239809905,0.24768916554668052,0.32336271877566114,0.6885743239809905
0.05127451103180647,0.2827426493167877,0.011464240029454231,0.4928572941571474,0.40759835951030254,0.9702654564753175,7.848177611347337e-06,0.6950815933066431,0.2443103768535274,0.30703352788959154,0.6950815933066431
0.21077031549066305,0.1426843274384737,0.11440898198634386,0.09181517735123634,0.3066045055165887,0.9958890443667769,7.84301184606204e-06,0.6570793605457232,0.2653623158502921,0.2705166686567648,0.6570793605457232
0.07485880423337221,0.12859850842505693,0.28157797921448946,0.11989870294928551,0.4482550360262394,0.8494888916611671,7.840666684745314e-06,0.7436313956278056,0.24498614679393146,0.24697232375239841,0.7436313956278056
0.0639950642362237,0.5902546970173717,0.1125683207064867,0.3223642250522971,0.1529379403218627,0.9817537730559707,7.828225835010001e-06,0.6316171940432453,0.2607638700908486,0.2377321567295024,0.6316171940432453
0.2560425689443946,0.29532201681286097,0.25281654857099056,0.04372324235737324,0.022046774625778198,0.8736260766163468,7.826223520852566e-06,0.5325400883000185,0.2815448370448383,0.2557542022874527,0.5325400883000185
0.09047526773065329,0.341975343413651,0.6786715099588037,0.06062824372202158,0.09178699553012848,0.7252697860822082,7.820906792822931e-06,0.6772827079812186,0.23089701513662975,0.2896090125770143,0.6772827079812186
0.06318721547722816,0.21661569643765688,0.36694404669106007,0.2022805865854025,0.23376769665628672,0.9647458996623755,7.818492611065826e-06,0.7709352172963202,0.2391543287549009,0.27701933469291173,0.7709352172963202
0.031953186728060246,0.24662213306874037,0.017986305989325047,0.26938299275934696,0.4722479647025466,0.7953593973070383,7.816981194589954e-06,0.9330670620423507,0.20305260037448924,0.2081218378388909,0.9330670620423507
0.5716553265228868,0.37616411969065666,0.9059146633371711,0.0031837159767746925,0.07513478770852089,0.8506991537287831,7.80975836221776e-06,0.4715145962554501,0.27048178317944294,0.2436182287166062,0.4715145962554501
0.05972532741725445,0.05629497766494751,0.8225818667560816,0.06462046690285206,0.3791508264839649,0.8668822655454278,7.804530427606326e-06,0.627937576488588,0.26603840953581437,0.2488492219903444,0.627937576488588
0.20067509077489376,0.4971046019345522,0.48751754965633154,0.2712937677279115,0.10477508697658777,0.918312550522387,7.785588245798818e-06,0.6357197449541299,0.24297529329123468,0.2444001046862231,0.6357197449541299
0.0973136043176055,0.24003685731440783,0.321305638179183,0.01053463201969862,0.02126888744533062,0.8800120176747441,7.783580054678062e-06,0.5495890340803645,0.2940734017048348,0.257571542752236,0.5495890340803645
0.2215018281713128,0.6291697006672621,0.09957346972078085,0.015207159332931042,0.09425819385796785,0.9798766523599625,7.781605444196484e-06,0.47183901308524206,0.2964076788216203,0.21839655051447573,0.47183901308524206
0.1339143728837371,0.19422819186002016,0.016514129005372524,0.05161494668573141,0.42657689936459064,0.841141615062952,7.777115835254964e-06,0.7459638241244733,0.2291197332575889,0.31228868509838875,0.7459638241244733
0.16536423470824957,0.2701211180537939,0.8710453808307648,0.29027541261166334,0.43754635006189346,0.969374118372798,7.770031351061057e-06,0.7989164770906355,0.2172900833886019,0.30902023575365667,0.7989164770906355
0.06819850578904152,0.4734884640201926,0.6732723023742437,0.20290484745055437,0.10291934944689274,0.6617460371926427,7.759052152671955e-06,0.6586262935416545,0.2184271555523119,0.30708503729845105,0.6586262935416545
0.5497028715908527,0.35784798208624125,0.3313718242570758,0.024469073861837387,0.08991227764636278,0.9101463099941611,7.75392560727793e-06,0.49497820667558423,0.27245730635846155,0.2580991300370483,0.49497820667558423
0.22732676099985838,0.4860731838271022,0.9773558685556054,0.2865798221901059,0.002402801997959614,0.857029976323247,7.748610994331795e-06,0.5415405520343604,0.25639493755765375,0.22049301348500772,0.5415405520343604
0.059069967828691006,0.3194893188774586,0.5703749395906925,0.02643162664026022,0.32636786345392466,0.7892141165211797,7.737978955727928e-06,0.9521351798766987,0.187835774905466,0.33805893918790003,0.9521351798766987
0.19181238301098347,0.19790936540812254,0.10015057120472193,0.20056080911308527,0.41230299696326256,0.9510081894695759,7.736309352331278e-06,0.8088393731173934,0.21018024856232934,0.325844907407354,0.8088393731173934
0.11017813812941313,0.09121651388704777,0.16013082768768072,0.046637012623250484,0.47509939782321453,0.8730431413277984,7.735005584547406e-06,0.5917342535293084,0.2678772979671431,0.2672841186831964,0.5917342535293084
0.12738157901912928,0.4162047542631626,0.24980641063302755,0.180887708440423,0.18113233614712954,0.930723138153553,7.734968348365937e-06,0.7913603750562682,0.23185577015268463,0.3132486253911293,0.7913603750562682
0.3540496891364455,0.5248108934611082,0.12972474470734596,0.21284315176308155,0.11275002174079418,0.9995347298681736,7.722104390992148e-06,0.5485291459905414,0.2702254859119129,0.23385562348445252,0.5485291459905414
0.06658530328422785,0.05723114125430584,0.07712607085704803,0.3254367783665657,0.40678197983652353,0.8956547603011131,7.7208912273804e-06,0.6582127932175652,0.2683308359829584,0.24574156242814713,0.6582127932175652
0.5720845246687531,0.4782431647181511,0.0003945790231227875,0.14763464219868183,0.059395208954811096,0.9978503240272403,7.720431476650576e-06,0.44321875619815787,0.2780186716440452,0.2223463092473604,0.44321875619815787
0.17454432975500822,0.5367748802527785,0.20741562638431787,0.30033411644399166,0.09918863698840141,0.9305781992152333,7.716710445394717e-06,0.6140565181975848,0.24540722783112848,0.229765727531553,0.6140565181975848
0.08403826132416725,0.4811877282336354,0.16237483080476522,0.2978992024436593,0.1501464731991291,0.7992558013647795,7.704426740189106e-06,0.8088442280759748,0.20332477959878492,0.23661968180463297,0.8088442280759748
0.057051741518080235,0.2607760960236192,0.9871955933049321,0.11932348180562258,0.4194712322205305,0.7948705134913325,7.69349088929678e-06,0.9552265136559767,0.19428757497958668,0.21172738307806604,0.9552265136559767
0.2057915609329939,0.4805710958316922,0.7422599904239178,0.1646525375545025,0.03862875793129206,0.7274802392348647,7.68601930112299e-06,0.5975480376114775,0.21276243526790245,0.27174451822933865,0.5975480376114775
0.06668589729815722,0.9430414251983166,0.07054772786796093,0.1418420411646366,0.2744256053119898,0.9961862908676267,7.685736745988385e-06,0.3156712293366149,0.23791997469661263,0.273628698444322,0.3156712293366149
0.22906259540468454,0.4168062759563327,0.6428899457678199,0.10939350724220276,0.19009154941886663,0.9768570316955447,7.675651363111528e-06,0.6957693777345234,0.25200763144520105,0.30933890292248706,0.6957693777345234
0.019105970859527588,0.3333994336426258,0.1657244311645627,0.7074984665960073,0.4573033833876252,0.999601673334837,7.673767495525866e-06,0.5176127138412745,0.27127865147328734,0.28733272330771853,0.5176127138412745
0.3956218110397458,0.5169303072616458,0.6564603801816702,0.11676433030515909,0.06862205173820257,0.972244587726891,7.67214179183177e-06,0.48208116797007805,0.2779528702578927,0.2375075439621979,0.48208116797007805
0.6004628110677004,0.46173218358308077,0.2838593814522028,0.016937894746661186,0.11955829802900553,0.8598083006218076,7.669246597861536e-06,0.49787207398474875,0.2646964514282225,0.2672797271796516,0.49787207398474875
0.050957187078893185,0.37626265455037355,0.9906448218971491,0.03459802456200123,0.15915988385677338,0.6391725987195969,7.662923288059863e-06,0.6662888263180122,0.25221990361763985,0.33402642547909406,0.6662888263180122
0.577832049690187,0.3691507149487734,0.6480354126542807,0.03352364990860224,0.08954848069697618,0.9389242390170693,7.657936407733534e-06,0.46885568471685135,0.27354764802654935,0.2520046904779192,0.46885568471685135
0.156456689350307,0.24670595675706863,0.44071791786700487,0.037027979269623756,0.13445643987506628,0.9299344113096595,7.657706284321624e-06,0.6152544412577239,0.27084372352206754,0.2822664258730135,0.6152544412577239
0.062178563326597214,0.2087567700073123,0.6269572712481022,0.33540226239711046,0.42228174209594727,0.8298580143600702,7.655483940650157e-06,0.8232286857114149,0.22236032251623347,0.24728669686042412,0.8232286857114149
0.05562994536012411,0.2960734097287059,0.5865831151604652,0.03208398912101984,0.22861817479133606,0.7483097678050399,7.654850051770357e-06,0.8584699471546361,0.2174934410010924,0.2956621410025229,0.8584699471546361
0.28468930907547474,0.284046933054924,0.7745146974921227,0.027827976271510124,0.12468204274773598,0.9368465188890696,7.650038893586137e-06,0.5775327074056378,0.27037227391453,0.26982726290384823,0.5775327074056378
0.06363936141133308,0.33131843712180853,0.3875346863642335,0.03153433836996555,0.3218385959044099,0.8229351220652461,7.640590704217214e-06,0.9295878609764867,0.1862733239249246,0.378392294881331,0.9295878609764867
0.21742297615855932,0.5884304130449891,0.47495355922728777,0.08846023678779602,0.07521848287433386,0.9877763828262687,7.639803997775578e-06,0.4968817499775377,0.28471821155218224,0.2269182121388769,0.4968817499775377
0.013896903023123741,0.597516686655581,0.7191807115450501,0.1118256812915206,0.06106973346322775,0.8465130999684334,7.638786462430963e-06,0.5705748736479994,0.2598772762174038,0.25376820753356755,0.5705748736479994
0.5349109908565879,0.5366668635979295,0.1390882646664977,0.06548070348799229,0.07662749942392111,0.9635823164135218,7.6076195878822685e-06,0.44196853194815866,0.2867189399468489,0.23093906621077412,0.44196853194815866
0.1253157313913107,0.40780154522508383,0.8767801113426685,0.12681001983582973,0.022157635539770126,0.653398753143847,7.606778961093112e-06,0.5403905478589851,0.24955690899362876,0.2969611501442012,0.5403905478589851
0.10293647740036249,0.02299427054822445,0.341025453992188,0.10181269235908985,0.18614605907350779,0.9845705069601536,7.604444527883117e-06,0.546249271414944,0.2927434129970171,0.22651071710041767,0.546249271414944
0.011423606425523758,0.4758725920692086,0.057662010192871094,0.23359270952641964,0.04320672247558832,0.3344224542379379,7.602616732767696e-06,0.4556582696095195,0.2732756175049146,0.24802880116777365,0.4556582696095195
0.10392163600772619,0.43479657731950283,0.012124362401664257,0.21666319109499454,0.0937459385022521,0.67461006809026,7.588543510087603e-06,0.6573908451029102,0.2209246588357939,0.3063220367418772,0.6573908451029102
0.30945902969688177,0.4570656707510352,0.6605938728898764,0.13727941364049911,0.16458419803529978,0.9936994593590498,7.587366915263056e-06,0.6296480487241638,0.26248683359583586,0.27486047256950236,0.6296480487241638
0.0869694035500288,0.14769200328737497,0.13383765518665314,0.1334330840036273,0.4291903208941221,0.8341450141742826,7.57187119300858e-06,0.7937470252859518,0.23110627795045333,0.25689128400459094,0.7937470252859518
0.02959455270320177,0.20130631234496832,0.08748006541281939,0.08156742714345455,0.4943749839439988,0.7656419109553099,7.565291784711686e-06,0.823675868641733,0.22622308974872635,0.24765965583490976,0.823675868641733
0.4191115600988269,0.49255595728755,0.19550972245633602,0.029899731278419495,0.11522567365318537,0.79281971976161,7.5642141453298764e-06,0.5857841360717746,0.24324727330629323,0.26248720900561623,0.5857841360717746
0.0226975129917264,0.506551418453455,0.4481574120000005,0.0850523579865694,0.13945754524320364,0.7741303201764822,7.549574140937535e-06,0.8024654505682751,0.2117054974259983,0.3015459904361543,0.8024654505682751
0.0607970766723156,0.3796809818595648,0.33211546763777733,0.35582388937473297,0.14282367564737797,0.9940319312736392,7.5475642250428926e-06,0.7092926134618932,0.2553195599470296,0.27401493936382254,0.7092926134618932
0.40357924718409777,0.31236412934958935,0.08551046065986156,0.007842013612389565,0.2230480955913663,0.9694744553416967,7.546727291024932e-06,0.6157184900205088,0.2686738721284211,0.3140624829358549,0.6157184900205088
0.12930907867848873,0.4073292054235935,0.014300311915576458,0.04540691804140806,0.44016939494758844,0.9547350527718663,7.5462994978674315e-06,0.8274062561299526,0.20003441653287282,0.420072625454757,0.8274062561299526
0.004790809005498886,0.4074100246652961,0.468277751468122,0.27373000513762236,0.16455767396837473,0.8199008777737617,7.545727284862623e-06,0.8448458978658002,0.20473950747173103,0.2878130983750293,0.8448458978658002
0.04523213300853968,0.27864111866801977,0.22363285813480616,0.30683497339487076,0.5027895299717784,0.849382339976728,7.544137230697137e-06,0.8398241855419107,0.21785329712027093,0.26824436127335965,0.8398241855419107
0.014237233437597752,0.1637144312262535,0.017415006645023823,0.17551644798368216,0.5060035707429051,0.8153154579922557,7.541238108209674e-06,0.7732916533518664,0.23959881968500835,0.23550040080229753,0.7732916533518664
0.06612549163401127,0.3665776001289487,0.037718724459409714,0.1198721956461668,0.013684055767953396,0.6495128041133285,7.5374492380317385e-06,0.5505808316906652,0.25363813556986364,0.3148335825908258,0.5505808316906652
0.4915483547374606,0.5434186086058617,0.9888631459325552,0.008186074905097485,0.017677031457424164,0.9986909506842494,7.5327211863342725e-06,0.40423276721155477,0.31551263629172527,0.19175209642595487,0.40423276721155477
0.348407999612391,0.37085956893861294,0.9467869298532605,0.19467985909432173,0.049729871563613415,0.9936323622241616,7.521560615036186e-06,0.5231899936234551,0.2744321209544704,0.23365387836567253,0.5231899936234551
0.02400166727602482,0.11143149062991142,0.025574044324457645,0.1298006447032094,0.11427469830960035,0.963931136764586,7.51416898666258e-06,0.5669083800841677,0.2822847827551885,0.24931009834885337,0.5669083800841677
0.03903475031256676,0.005333765409886837,0.9110705489292741,0.1256970390677452,0.5390402311459184,0.9881849801167846,7.507923139251306e-06,0.4959019470222439,0.3020279099376983,0.21593190979883028,0.4959019470222439
0.03711707331240177,0.9370300192385912,0.08499432634562254,0.024129760451614857,0.20815099589526653,0.8870577067136765,7.507551742021121e-06,0.2896514584452227,0.26738091692667676,0.19671110628205682,0.2896514584452227
0.04767382051795721,0.3035505460575223,0.19903646875172853,0.20007864106446505,0.37698914390057325,0.8452606629580259,7.499677417651703e-06,1.0629411923535355,0.13335971459111856,0.3222728026243672,1.0629411923535355
0.28646349534392357,0.46282477490603924,0.5167424390092492,0.05996892414987087,0.10247082728892565,0.7746440079063177,7.499043938428669e-06,0.6558679303607263,0.2251356923135894,0.28945859302261545,0.6558679303607263
0.16888138931244612,0.08083864860236645,0.106968536041677,0.037466579116880894,0.1887774458155036,0.9458277300000191,7.4962737675116705e-06,0.548024508295116,0.2864709309737595,0.2544696877651755,0.548024508295116
0.061114259995520115,0.4341732347384095,0.2024871278554201,0.14613031037151814,0.1381621928885579,0.6904212357476354,7.496140748473635e-06,0.7485205961799454,0.21226765771133302,0.3320386133297106,0.7485205961799454
0.10841857455670834,0.19065217766910791,0.6263387817889452,0.04224616475403309,0.3139883792027831,0.9081658320501447,7.495472907617262e-06,0.7147103066891503,0.2443581891722931,0.32577974224121575,0.7147103066891503
0.21618779748678207,0.2273460952565074,0.5073783993721008,0.029971188865602016,0.13872380461543798,0.9636555621400476,7.493919422492187e-06,0.5749305863668318,0.2776633260724585,0.2730556192267629,0.5749305863668318
0.03281800635159016,0.14726257789880037,0.2999204723164439,0.052548269741237164,0.5630899704992771,0.9525141986086965,7.489005278639105e-06,0.547205448323705,0.27343986577161006,0.2710956404173096,0.547205448323705
0.26760778203606606,0.17620287742465734,0.0787920132279396,0.0486219460144639,0.44933069683611393,0.9649218777194619,7.48874276995101e-06,0.6123757838231689,0.25354149724536534,0.30170755241408787,0.6123757838231689
0.2109438106417656,0.45486360136419535,0.438599843531847,0.029617931693792343,0.007869254797697067,0.6606984082609415,7.478510040602084e-06,0.4873080205210733,0.2680798014947954,0.2638770135521127,0.4873080205210733
0.18190083466470242,0.4813385549932718,0.14605708792805672,0.09535536728799343,0.09016356896609068,0.6813463754951954,7.469858902438543e-06,0.594218269214606,0.23229041357803598,0.2977536329497846,0.594218269214606
0.01467866636812687,0.16154473461210728,0.6713223420083523,0.25172280985862017,0.45804464258253574,0.8057805616408587,7.469634490743736e-06,0.8426555922861334,0.2247339223758482,0.2329874502239381,0.8426555922861334
0.002920643426477909,0.09501018561422825,0.5320773608982563,0.035532026551663876,0.5614313269034028,0.9149950016289949,7.4674932228582556e-06,0.5041919527796395,0.28735334195897144,0.2499015677379178,0.5041919527796395
0.29925499204546213,0.5016509033739567,0.3397640651091933,0.20514972787350416,0.02920573391020298,0.8406270081177354,7.4452693623937595e-06,0.5305964189427588,0.24412734381673482,0.2433822784122407,0.5305964189427588
0.3418875792995095,0.3766002133488655,0.10846871603280306,0.10063589457422495,0.13766407407820225,0.8734180834144354,7.442774672868684e-06,0.6371126901310842,0.2477266274831619,0.29318528369563224,0.6371126901310842
0.0437689358368516,0.05702249798923731,0.5345721021294594,0.37891087122261524,0.4641988007351756,0.9417907698079944,7.435899457430509e-06,0.5594850058749508,0.27619137165249746,0.2273402168699715,0.5594850058749508
0.2503193477168679,0.4353745533153415,0.8955826871097088,0.15013226959854364,0.11128210742026567,0.8146322844550014,7.4317529293118525e-06,0.662550386633719,0.22039348253081925,0.26083534590559754,0.662550386633719
0.06960970442742109,0.3827695772051811,0.5788529869168997,0.09696024097502232,0.17826544400304556,0.7767752427607775,7.424354496850323e-06,0.8659036827532716,0.20475101932051712,0.29656467713705326,0.8659036827532716
0.606283638626337,0.3882026197388768,0.37921191845089197,0.05075718928128481,0.036925941705703735,0.9129592459648848,7.409793494146212e-06,0.44403339861501306,0.27832045975810416,0.23992984088554448,0.44403339861501306
0.3075780877843499,0.3985970485955477,0.7797908922657371,0.23210887052118778,0.07343482784926891,0.996434897184372,7.407823110418115e-06,0.569257566067219,0.2663727772980836,0.230970185239859,0.569257566067219
0.01108215656131506,0.23945211060345173,0.785738555714488,0.1913754576817155,0.1075214184820652,0.9574111681431532,7.407457186650127e-06,0.6451416346441815,0.25992186234659687,0.2733047746413125,0.6451416346441815
0.08654334302991629,0.34241716377437115,0.3061664532870054,0.142273161560297,0.38473058957606554,0.9161362601444125,7.3908944251859435e-06,1.0033807448159855,0.14898521259158407,0.3535206264852873,1.0033807448159855
0.21344623528420925,0.5283602541312575,0.783900803886354,0.0032139699906110764,0.0014269808307290077,0.705770455300808,7.38784695094879e-06,0.4912041581447653,0.26903775697174276,0.2375900112042799,0.4912041581447653
0.30890785064548254,0.43408484291285276,0.3083410309627652,0.024406063370406628,0.211589721031487,0.847036562860012,7.387304986268571e-06,0.7227773517017494,0.23628057313710302,0.33250927780607537,0.7227773517017494
0.7870955020189285,0.5103260586038232,0.03288095537573099,0.0037970375269651413,0.039023649878799915,0.937538517639041,7.385893369827164e-06,0.37455476855748254,0.29822223148352245,0.20697128454424196,0.37455476855748254
0.4195368541404605,0.39151453226804733,0.8359252708032727,0.1356853200122714,0.005735446698963642,0.9228867683559656,7.380793709086436e-06,0.47269019716634547,0.2748874256559793,0.24026182093867418,0.47269019716634547
0.08109469804912806,0.13026271387934685,0.348061827942729,0.09030807297676802,0.11000259593129158,0.9823955344036222,7.376818192475515e-06,0.5572598174535082,0.28714313523748247,0.247845883320383,0.5572598174535082
0.14208434894680977,0.4004334593191743,0.8629466220736504,0.18560269847512245,0.0845821462571621,0.7712475331500173,7.373010225200548e-06,0.7288576156526075,0.20955703664345207,0.27924084243214076,0.7288576156526075
0.07891095243394375,0.5538463052362204,0.6306089786812663,0.023789141327142715,0.1754724271595478,0.9416893823072314,7.366413894413646e-06,0.6386793010980926,0.2606394578977205,0.3132922875921913,0.6386793010980926
0.00945523101836443,0.1941270660609007,0.4392456142231822,0.252842060290277,0.21769180335104465,0.948632032610476,7.365304822811821e-06,0.7446527522766195,0.24288156227259225,0.2667240186126244,0.7446527522766195
0.02513853646814823,0.3945579994469881,0.8739420110359788,0.24992857314646244,0.40999824460595846,0.9536468926817179,7.364776261622e-06,0.9826061422959603,0.16642207383500476,0.37749693942385404,0.9826061422959603
0.1042452547699213,0.38027834240347147,0.3976003946736455,0.28528884798288345,0.06325080990791321,0.8845928041264415,7.362469030454547e-06,0.6697657372787295,0.2427093725847768,0.2710736977069339,0.6697657372787295
0.06777669209986925,0.5348538924008608,0.7938503529876471,0.22873010020703077,0.2029495220631361,0.9917003866285086,7.35648703257916e-06,0.7403556190359025,0.24940830237354286,0.28111771093280163,0.7403556190359025
0.038210878148674965,0.4232800230383873,0.11919640470296144,0.03549827262759209,0.07530494872480631,0.5335000501945615,7.3547232210752135e-06,0.5535245609422224,0.26888216428647477,0.3016797754753238,0.5535245609422224
0.10763678885996342,0.5054121408611536,0.7014198815450072,0.33595045655965805,0.16604084707796574,0.9943729629740119,7.352828883711421e-06,0.6840201377729437,0.2558435934154103,0.25675520647064626,0.6840201377729437
0.03460402227938175,0.35781436786055565,0.21140397433191538,0.09348472952842712,0.279103172942996,0.8355227084830403,7.346464304828924e-06,0.9623729020709492,0.1806423246642149,0.360792922546418,0.9623729020709492
0.27079192735254765,0.43924206029623747,0.4096894208341837,0.24972271639853716,0.1227383641526103,0.9796956405043602,7.344846560614941e-06,0.6357739725404961,0.25560725139099366,0.24927267158843497,0.6357739725404961
0.18628391530364752,0.44132331013679504,0.45182932633906603,0.16804550867527723,0.09375733230262995,0.7526162015274167,7.342440863577266e-06,0.7240232701967885,0.19892735256734992,0.2896296751691531,0.7240232701967885
0.12768870685249567,0.4401556998491287,0.8437584675848484,0.04427239391952753,0.19662848208099604,0.7850290667265654,7.338068308788954e-06,0.8346314265646367,0.21169182093064315,0.2968725291242636,0.8346314265646367
0.0040783630684018135,0.32925754878669977,0.03791525401175022,0.4200429040938616,0.44141556695103645,0.8841152498498559,7.329855815465258e-06,0.8304555598887576,0.2160498690049016,0.32121142902918415,0.8304555598887576
0.16942404489964247,0.5514925867319107,0.9680178035050631,0.1395203648135066,0.040366437286138535,0.7463523400947452,7.329560693217556e-06,0.5902227807375396,0.22700174161147188,0.264874393894547,0.5902227807375396
0.07799486350268126,0.5297152232378721,0.02131764404475689,0.09078496973961592,0.21906023006886244,0.9335890663787723,7.312646058172959e-06,0.7601788945947794,0.23907178329056966,0.332866585725822,0.7601788945947794
0.2168756416067481,0.548844245262444,0.6187334340065718,0.2021266920492053,0.05970826279371977,0.8531892681494355,7.307023117662674e-06,0.5554460922243897,0.2415087232954562,0.23343129996920145,0.5554460922243897
0.06323443725705147,0.0022368598729372025,0.5886340299621224,0.026749140582978725,0.1052053002640605,0.9712306875735521,7.296175082546633e-06,0.4679956918355149,0.3089650306466415,0.22162588310734357,0.4679956918355149
0.047527750954031944,0.42018411960452795,0.6692208824679255,0.23326640482991934,0.15494140423834324,0.8023540386930108,7.295008107644085e-06,0.8408613979876963,0.20055076285620163,0.26095446539487654,0.8408613979876963
0.12476787343621254,0.41568209417164326,0.411327650770545,0.04660373646765947,0.034668383188545704,0.6260015591979027,7.290767589465974e-06,0.5312053409546346,0.26090331117553023,0.29450871773136583,0.5312053409546346
0.16010421141982079,0.5770286042243242,0.5338116139173508,0.09551715571433306,0.07289691176265478,0.8925308147445321,7.290738273391888e-06,0.5427823332607655,0.26667715315786206,0.24693452479675004,0.5427823332607655
0.45390859991312027,0.3794106421992183,0.14377381652593613,0.17350569926202297,0.002429683692753315,0.9565468616783619,7.2872873506108824e-06,0.46193784455658154,0.2745790183041859,0.2385609001349379,0.46193784455658154
0.04258917924016714,0.3278892980888486,0.9534210506826639,0.3227521535009146,0.10438762046396732,0.9875712711364031,7.282788548312146e-06,0.6622361577889743,0.26496641639282426,0.2641212382982915,0.6622361577889743
0.40383822936564684,0.3836029889062047,0.22399036400020123,0.07048854231834412,0.016230578534305096,0.815430287271738,7.280160823288096e-06,0.49929624257194694,0.2579461276599957,0.255953898545889,0.49929624257194694
0.1171017549932003,0.5866403132677078,0.1245993347838521,0.12930600252002478,0.005341601558029652,0.6828742688521743,7.277447104399996e-06,0.480542128678273,0.24810872088101596,0.25119329406211344,0.480542128678273
0.16965977288782597,0.2932512257248163,0.35917496774345636,0.1244148276746273,0.010977299883961678,0.8975193835794926,7.273093710610664e-06,0.5554060035270216,0.2722262039063293,0.271217778895966,0.5554060035270216
0.49976475816220045,0.4276617895811796,0.42377506010234356,0.05456104315817356,0.06715216860175133,0.8420292530208826,7.27149721693816e-06,0.49608197550725797,0.2551577516334546,0.2631098308340433,0.49608197550725797
0.033710816875100136,0.06192638073116541,0.7640888253226876,0.0982241602614522,0.062407586723566055,0.9997198395431042,7.270784194348748e-06,0.496610848373662,0.3005609806549192,0.2270376019329079,0.496610848373662
0.20305544883012772,0.5486041121184826,0.766240980476141,0.2586084110662341,0.0958971194922924,0.9632616369053721,7.269222096150357e-06,0.579909909487836,0.256357419304926,0.22394791219093696,0.579909909487836
0.3579090153798461,0.31847971118986607,0.2350533427670598,0.11091871839016676,0.02873539738357067,0.9267741553485394,7.264020084501411e-06,0.5082501685885448,0.2723073065854395,0.2530012336938122,0.5082501685885448
0.07616984471678734,0.5212803604081273,0.8552691908553243,0.09774161782115698,0.07774328626692295,0.6561476159840822,7.2621014076473e-06,0.577020287979353,0.24261990722080423,0.2979705563962603,0.577020287979353
0.1742420857772231,0.42391781602054834,0.8256080411374569,0.12099291477352381,0.16819759737700224,0.8232667203992605,7.254209064145836e-06,0.767009159529579,0.21789542909437531,0.2938583381517907,0.767009159529579
0.317883487790823,0.5390654681250453,0.41222368367016315,0.09328529052436352,0.05253543611615896,0.8615566436201334,7.247739720674732e-06,0.5096630832491154,0.26686327346257294,0.24129749508715403,0.5096630832491154
0.026550994254648685,0.3119415082037449,0.9972060043364763,0.2781358566135168,0.015165582299232483,0.9019666407257318,7.24502981487465e-06,0.608306598344019,0.26796862403808513,0.259837633704165,0.608306598344019
0.021927776746451855,0.45781770069152117,0.4128487668931484,0.08933700248599052,0.5119035132229328,0.9979031449183822,7.2426719291079334e-06,0.7862183863827649,0.23414331728247828,0.35288899753196395,0.7862183863827649
0.2419361649081111,0.382960245013237,0.8712322423234582,0.01201851200312376,0.061110482551157475,0.6756673473864794,7.242059921447032e-06,0.5298773428415011,0.2593092133768662,0.26477900379528835,0.5298773428415011
0.8559623407199979,0.48314379900693893,0.14198954962193966,0.017733502201735973,0.17184436041861773,0.9313533939421177,7.239206851958153e-06,0.4427108269060752,0.27737652506070976,0.26243039880722774,0.4427108269060752
0.4812490250915289,0.38070044200867414,0.5601465860381722,0.047770906239748,0.16713707614690065,0.9872531881555915,7.2358385557891234e-06,0.5499284012075336,0.2718200875465766,0.2827881059872367,0.5499284012075336
0.0375190069898963,0.007541847415268421,0.27571700513362885,0.2996204365044832,0.4890985917299986,0.8829127456992865,7.232951200461992e-06,0.5911118962794988,0.2841489421875982,0.23720818938838606,0.5911118962794988
0.08910028263926506,0.019363796338438988,0.7173469932749867,0.2593607744202018,0.4877516757696867,0.9790743663907051,7.232181849212195e-06,0.5816498415006142,0.28116963052324917,0.2795203140053893,0.5816498415006142
0.15943477675318718,0.5375106241554022,0.4348792312666774,0.23986866138875484,0.05715667735785246,0.7608730411157012,7.2309355349916605e-06,0.6610828221691628,0.19912545996446834,0.2525936868200201,0.6610828221691628
0.5592512805014849,0.5124708572402596,0.5293243173509836,0.007476058788597584,0.02884352207183838,0.9111392442137003,7.211765499302577e-06,0.41426807727899195,0.29400347457900317,0.21723842326057602,0.41426807727899195
0.45965135656297207,0.27269768062978983,0.5046711880713701,0.004710991866886616,0.09874124079942703,0.9836126547306776,7.208825928163969e-06,0.4864109249297467,0.2904832201389593,0.23880327174765315,0.4864109249297467
0.6779838306829333,0.4702404858544469,0.5356706660240889,0.05596575979143381,0.009653077460825443,0.9705749172717333,7.205303650927521e-06,0.38368253047961326,0.29589690130059415,0.20830812199169987,0.38368253047961326
0.018996860831975937,0.36548215989023447,0.8543518949300051,0.1537066651508212,0.2583466172218323,0.9117214856669307,7.195127866510247e-06,0.9049798361150588,0.2069074553744202,0.34112383007389546,0.9049798361150588
0.04254597797989845,0.1910121263936162,0.39637165516614914,0.022883132100105286,0.5304880114272237,0.7753324266523123,7.194380574599262e-06,0.7171288100675093,0.25020171412909226,0.26904133046380485,0.7171288100675093
0.09869146347045898,0.14690777007490396,0.5387072199955583,0.009655230678617954,0.279437018558383,0.8665519785135984,7.18896134438758e-06,0.6639312139296759,0.2659870862669248,0.2954697102067653,0.6639312139296759
0.15786168165504932,0.30199606623500586,0.11305429320782423,0.05953993368893862,0.17885411903262138,0.8168534347787499,7.1866566428498e-06,0.7431719528471693,0.22899550269059188,0.29864268230268004,0.7431719528471693
0.24852188117802143,0.13266935013234615,0.8621235946193337,0.04407301638275385,0.4812676114961505,0.9779790947213769,7.179722635630287e-06,0.5379511894534255,0.2729472149448847,0.2723312530238237,0.5379511894534255
0.12704443652182817,0.5830383058637381,0.24320522788912058,0.3488574977964163,0.0009258296340703964,0.9533147113397717,7.179409133025746e-06,0.5059610129874863,0.2667152759837296,0.1976043800602047,0.5059610129874863
0.2480735732242465,0.030560310930013657,0.26980801578611135,0.014760780148208141,0.23480579443275928,0.9349482785910368,7.178649784299353e-06,0.5205619538038038,0.2910541455750881,0.24981023675796654,0.5205619538038038
0.09341846406459808,0.17537684738636017,0.6681556347757578,0.12299625761806965,0.2860304834321141,0.9464683504775167,7.177380983695736e-06,0.731126216787069,0.23936582558954775,0.29454807225186413,0.731126216787069
0.8348511354997754,0.37141952104866505,0.16428426373749971,0.03717263229191303,0.09551382064819336,0.9106404231861234,7.166289780390702e-06,0.42547684113299133,0.2681447012895782,0.25232068820077735,0.42547684113299133
0.7232995806261897,0.41801009979099035,0.8410930093377829,0.01568517368286848,0.055527906864881516,0.8947539366781712,7.15957136762142e-06,0.4179349571792364,0.2820994713446909,0.22578710158168258,0.4179349571792364
0.1003639530390501,0.5968236606568098,0.13859589491039515,0.18333466071635485,0.06770531553775072,0.8003773344680667,7.1566489125650555e-06,0.6041820291325638,0.22725851777786718,0.21496746292262953,0.6041820291325638
0.0509711978957057,0.32134609296917915,0.8949668416753411,0.3562032515183091,0.45435830391943455,0.870470299385488,7.1540521814600896e-06,0.8570912900966319,0.2153673889682215,0.29828205301364247,0.8570912900966319
0.122225821018219,0.14968297816812992,0.04326882120221853,0.26013378519564867,0.513115075416863,0.980552620254457,7.152087271640576e-06,0.6512767193374154,0.26050924978979545,0.268915119610216,0.6512767193374154
0.060692429542541504,0.6210841722786427,0.33087767846882343,0.17223119363188744,0.0427557909861207,0.8914690967649221,7.14166143604227e-06,0.5336572829717204,0.26300169806476,0.2293880793668851,0.5336572829717204
0.4240436311811209,0.45427799597382545,0.5862794769927859,0.08809130545705557,0.037124162539839745,0.8324435316026211,7.13288817698128e-06,0.48730163547249894,0.2559394138758402,0.26245882111886903,0.48730163547249894
0.07815132103860378,0.35238890442997217,0.3737145410850644,0.03087746351957321,0.2595090949907899,0.6899222275242209,7.127872835771354e-06,0.8484581446739523,0.21132433956963065,0.3476395320246595,0.8484581446739523
0.009824692271649837,0.5355093916878104,0.0357521353289485,0.04234971944242716,0.11227824632078409,0.5655310144647956,7.127414442941289e-06,0.5685082739132005,0.2681756080308415,0.30626228345348816,0.5685082739132005
0.17217279970645905,0.4313380289822817,0.05024655070155859,0.06544992048293352,0.0038499999791383743,0.6085110148414969,7.1260993745934e-06,0.4825471715913395,0.27095089291208013,0.27022522522158976,0.4825471715913395
0.6259542582556605,0.4658575067296624,0.9249111553654075,0.014405052177608013,0.13987645134329796,0.8875258751213551,7.124732068698881e-06,0.4896011681629304,0.27430690703497496,0.25462424456989646,0.4896011681629304
2.0452775061130524e-05,0.6103829806670547,0.12731976062059402,0.00975087471306324,0.04429444670677185,0.6462013758718967,7.12324659547207e-06,0.4876407538633705,0.27039718315125394,0.2639626482382037,0.4876407538633705
0.10611091926693916,0.44656171277165413,0.044768188148736954,0.31749644316732883,0.1596619999036193,0.8867474468424916,7.123179692940877e-06,0.7666133969688288,0.23500139031429804,0.284027095810361,0.7666133969688288
0.009236575104296207,0.1812683902680874,0.2667141780257225,0.013113921508193016,0.33756680600345135,0.6533360593020916,7.122533190921836e-06,0.7029368345099323,0.24437831681659553,0.31366241514379034,0.7029368345099323
0.01844682265073061,0.18737406842410564,0.7132118754088879,0.12936364486813545,0.3027629582211375,0.8375847758725286,7.120360249827807e-06,0.8309593323867165,0.22730581834448593,0.26264685016262407,0.8309593323867165
0.028566393069922924,0.6371885044500232,0.5635647820308805,0.15814555436372757,0.08369967713952065,0.99166423920542,7.113950468916615e-06,0.5202596267496471,0.2762137769529433,0.23307865236937714,0.5202596267496471
0.40815168898552656,0.3340138141065836,0.350529033690691,0.02847676258534193,0.05968315992504358,0.8389865113422275,7.108873119108575e-06,0.5198662840678113,0.26302630769321317,0.2593717488502761,0.5198662840678113
0.18910535983741283,0.3314814008772373,0.09175650496035814,0.27194599248468876,0.0348282465711236,0.9654447045177221,7.106304563033513e-06,0.5826551613087361,0.2677556130420744,0.2471061846450239,0.5826551613087361
0.13038521073758602,0.23445765022188425,0.9616230754181743,0.020818939432501793,0.2193040056154132,0.8686670921742916,7.104205410900485e-06,0.6916587679869579,0.26163634207206354,0.3021617541422444,0.6916587679869579
0.20511462446302176,0.5424204096198082,0.8492214791476727,0.1380800623446703,0.12620549369603395,0.9324344806373119,7.093907669568987e-06,0.6017741914374176,0.2559910112505418,0.2601787368987406,0.6017741914374176
0.8381124706938863,0.4552699215710163,0.2568073933944106,0.03677223715931177,0.040215685963630676,0.9577379990369081,7.093389306962707e-06,0.3787945351164233,0.2899734134951071,0.2159878957187258,0.3787945351164233
0.21377216186374426,0.35688669327646494,0.5136185204610229,0.10020994581282139,0.08128493558615446,0.7843330213800073,7.089954882719137e-06,0.6628862602373915,0.2251236675779115,0.2673373584307293,0.6628862602373915
0.20549845229834318,0.45729892887175083,0.8470377046614885,0.3294853400439024,0.05537583492696285,0.9569658795371652,7.088559610294729e-06,0.5838872620097201,0.254529663846919,0.2320761241958739,0.5838872620097201
0.114989067427814,0.6372297294437885,0.043502298183739185,0.1023505050688982,0.04532153718173504,0.9123100880533457,7.083249993833233e-06,0.4900558847649692,0.2818885125777704,0.22055696012295592,0.4900558847649692
0.0361417206004262,0.4324626876041293,0.7539729233831167,0.02805119752883911,0.22151948511600494,0.7561883144080639,7.080102644339269e-06,0.916652967208045,0.20012386663820575,0.33086102029917747,0.916652967208045
0.11418064124882221,0.9863610565662384,0.2956901369616389,0.048788673244416714,0.22276200633496046,0.9938845541328192,7.076612343385341e-06,0.24955097876523244,0.2681642700355347,0.21698609489990736,0.24955097876523244
0.10756520833820105,0.3458781559020281,0.17003828193992376,0.16235033236443996,0.2648293077945709,0.944406253285706,7.071799588636118e-06,0.8885171999439011,0.20563750152556967,0.33632704673873204,0.8885171999439011
0.0006937021389603615,0.5249081430956721,0.7789893848821521,0.15388197544962168,0.09128471091389656,0.5150299686938524,7.069977334252345e-06,0.5546345665242254,0.24790213237012693,0.28275914894490184,0.5546345665242254
0.10184827540069818,0.5248997621238232,0.35957183223217726,0.08269223850220442,0.037735579535365105,0.5919429818168283,7.069317950344919e-06,0.5074523650393215,0.2620684256736736,0.2775396576678638,0.5074523650393215
0.09509005770087242,0.12620645388960838,0.7263780068606138,0.3102338444441557,0.3098630188032985,0.9915471160784364,7.063527932891977e-06,0.6929307315876863,0.2602578833384901,0.2580308543206493,0.6929307315876863
0.17180441040545702,0.492644352838397,0.3094128677621484,0.144289986230433,0.03142216894775629,0.6352259451523423,7.054746069265567e-06,0.5115796676815908,0.23449029256664444,0.27597324355555813,0.5115796676815908
0.13136246893554926,0.7395252138376236,0.13639072887599468,0.01695829164236784,0.21033744979649782,0.9878434538841248,7.0517541148871825e-06,0.43831848747429725,0.27384214520716005,0.21344543001113314,0.43831848747429725
0.05319277197122574,0.33346249256283045,0.911585608497262,0.2029264410957694,0.1346828816458583,0.894488257355988,7.049068363915321e-06,0.7330708084816547,0.24268689710260882,0.293582009216218,0.7330708084816547
0.03660452179610729,0.22762690857052803,0.6061873054131866,0.39641892071813345,0.5193503620103002,0.9585550390183926,7.045784180800299e-06,0.6253759574852495,0.25755724638368815,0.2583188346457238,0.6253759574852495
0.010526983998715878,0.3707553967833519,0.9683129684999585,0.04357815254479647,0.4462083913385868,0.8175442172214389,7.040047344211698e-06,0.9294808960334262,0.18555061154250738,0.3932680673984457,0.9294808960334262
0.04425283242017031,0.37178691662847996,0.6820477917790413,0.035904799588024616,0.2637927317991853,0.6571761230006814,7.0364806992412094e-06,0.8158210231363954,0.21725901965575126,0.37776153685913144,0.8158210231363954
0.5044943206012249,0.4745619650930166,0.11524827219545841,0.10806592181324959,0.04510611109435558,0.8567403061315417,7.027841057756346e-06,0.46921342508935837,0.2610240569512767,0.2547383588478997,0.46921342508935837
0.24573219008743763,0.5612256489694118,0.09612070024013519,0.2482964163646102,0.08213761355727911,0.9144633803516626,7.02314214147889e-06,0.5590367185811541,0.2540336978030011,0.2181727974755607,0.5590367185811541
0.03549568075686693,0.12824064679443836,0.8259621830657125,0.17575364373624325,0.4227247964590788,0.8013997627422214,7.023129640251303e-06,0.8382008974145383,0.2300404001265501,0.22532819870065351,0.8382008974145383
0.02812610473483801,0.033455077558755875,0.392363297753036,0.3192063504830003,0.45126275438815355,0.803153489716351,7.022692427899342e-06,0.6754037022171009,0.26680988467781086,0.20055870273946522,0.6754037022171009
0.11087093781679869,0.3485151408240199,0.22864210978150368,0.1254889303818345,0.1763026863336563,0.8271908164024353,7.020421518857839e-06,0.8060442718190644,0.21347135999720743,0.31254097982687173,0.8060442718190644
0.0045074718073010445,0.3062796192243695,0.9307717317715287,0.30707032326608896,0.42590442299842834,0.7690595155581832,7.017676013519093e-06,1.0378857255584515,0.18476398595098742,0.18186805616615098,1.0378857255584515
0.11055934615433216,0.3236206267029047,0.5609916020184755,0.22127425763756037,0.34064177330583334,0.9303229423239827,7.017123432441767e-06,0.9617788192541764,0.16063591525863907,0.35265012989278366,0.9617788192541764
0.2894500084221363,0.03762387204915285,0.10345956217497587,0.005805455148220062,0.25209354516118765,0.9393239468336105,7.011658642979184e-06,0.5134914795727197,0.29300443007879234,0.2527882724315649,0.5134914795727197
0.05013235658407211,0.23397231381386518,0.09121161792427301,0.841743909753859,0.4538339441642165,0.9616160541772842,7.011228491600712e-06,0.4124189915149374,0.2616319031603793,0.28319431579840876,0.4124189915149374
0.2470884220674634,0.4277178756892681,0.06747102085500956,0.18212916981428862,0.016674336045980453,0.749621151946485,7.011156610163104e-06,0.6029077619781189,0.22584385282672026,0.29816669920761707,0.6029077619781189
0.15547775756567717,0.335214801132679,0.55930514074862,0.016809135675430298,0.18904151115566492,0.7146471785381436,7.008379121674615e-06,0.7388767543684617,0.22518913050539383,0.29661090159209497,0.7388767543684617
0.24342955276370049,0.2948253797367215,0.41891880333423615,0.05380729213356972,0.21262047439813614,0.9758239053189754,7.0069150010835025e-06,0.6754845313709308,0.2573475113958387,0.3036224813949057,0.6754845313709308
0.1907870965078473,0.2886949675157666,0.9875433491542935,0.032338700257241726,0.26086899265646935,0.9207934010773897,7.005671836785013e-06,0.7261783103753991,0.24579004881993444,0.3395810581274251,0.7261783103753991
0.6150566255673766,0.4774589017033577,0.6706888573244214,0.021896958351135254,0.14603827893733978,0.965572401881218,6.994452607335833e-06,0.47615140249896065,0.2806673123279912,0.2550453102831185,0.47615140249896065
0.021496140398085117,0.1875228276476264,0.38082196563482285,0.2854844108223915,0.34892753697931767,0.8159151189029217,6.994270525639505e-06,0.8980883213453558,0.20752106863565273,0.2244045505976643,0.8980883213453558
0.03843203466385603,0.290897773578763,0.5279181776568294,0.006247071549296379,0.3298233896493912,0.6155914161354303,6.9933655217952034e-06,0.7437706785073712,0.23165827525426916,0.38025307777917955,0.7437706785073712
0.04877356253564358,0.14820202253758907,0.723206527531147,0.06407481525093317,0.4498298205435276,0.7572339382022619,6.9821035308536435e-06,0.7830389976256846,0.2291725079878705,0.25515330388566027,0.7830389976256846
0.13931122422218323,0.31578493025153875,0.02595953643321991,0.07516157068312168,0.35339862667024136,0.9108450151979923,6.981887077517844e-06,0.8827084532848813,0.18989320270200788,0.3717900319002919,0.8827084532848813
0.24916902370750904,0.4358997782692313,0.8076514396816492,0.12732239719480276,0.18637727666646242,0.9643831755965948,6.977662839207928e-06,0.6949336346282338,0.24911080809205494,0.2964819625677218,0.6949336346282338
0.30154586490243673,0.5362307103350759,0.8738684179261327,0.038340816274285316,0.1391014689579606,0.9411990651860833,6.976239721930788e-06,0.5529989838186371,0.27344962197229555,0.2666046799130335,0.5529989838186371
0.22144508082419634,0.4110470665618777,0.8263695780187845,0.25764736346900463,0.09164224192500114,0.9328235918655992,6.975889191738805e-06,0.6339676726372264,0.2469760787280463,0.2534655138721276,0.6339676726372264
0.07027173973619938,0.5631033526733518,0.9504071231931448,0.06906120851635933,0.01584422867745161,0.5715731168165803,6.973035801490835e-06,0.4631243573192924,0.2781041832803864,0.2547666279957283,0.4631243573192924
0.29239294212311506,0.4484783783555031,0.11250343918800354,0.06844404619187117,0.120348135009408,0.7327795568853617,6.972033576585045e-06,0.6577963974411457,0.22124185368780286,0.2850794714948908,0.6577963974411457
0.034610411152243614,0.41224264819175005,0.18202161975204945,0.26571404468268156,0.10786715522408485,0.6584951896220446,6.970909078711111e-06,0.6939259679637972,0.21993359292301506,0.3094446005790797,0.6939259679637972
0.07697553280740976,0.5254536988213658,0.39823507983237505,0.184965493157506,0.023576497100293636,0.49678832199424505,6.968708223854499e-06,0.48292106756210595,0.2512103408696138,0.2601554736471202,0.48292106756210595
0.5083279050886631,0.49661222379654646,0.3535641059279442,0.044152346439659595,0.1427321583032608,0.935757590457797,6.966472451331458e-06,0.5232368872845486,0.2687948807321283,0.26661751124593874,0.5232368872845486
0.1384429493919015,0.3617323050275445,0.06395814195275307,0.06207573227584362,0.5100011667236686,0.9377963487058878,6.965063118023864e-06,0.7610145570983924,0.22352547505431686,0.3684360774602992,0.7610145570983924
0.021341870538890362,0.2713706763461232,0.004385900683701038,0.15460155997425318,0.003353983163833618,0.8358265310525894,6.9584055248848965e-06,0.5825173858983856,0.26137671871718543,0.2972299844635676,0.5825173858983856
0.524512349627912,0.5004310458898544,0.00585566833615303,0.05382125172764063,0.11397886648774147,0.8483993345871568,6.957365301017819e-06,0.5064223907146037,0.2597043737472258,0.2655337869549906,0.5064223907146037
0.18850444443523884,0.5266530411317945,0.22851310949772596,0.13507412001490593,0.10825517401099205,0.7716009551659226,6.951187902491863e-06,0.705819145843704,0.20886061220882954,0.26748872209705593,0.705819145843704
0.12465871963649988,0.493644111789763,0.9079082263633609,0.3146125562489033,0.07479902915656567,0.7820170000195503,6.950317865562952e-06,0.6945714992383253,0.2004677601356364,0.22102537419398718,0.6945714992383253
0.7527837930247188,0.44816028885543346,0.21266568079590797,0.045192062854766846,0.0700184591114521,0.8671345552429557,6.948755967635217e-06,0.42285792867439276,0.2670056230845803,0.24820898102271458,0.42285792867439276
0.027378841303288937,0.14581807609647512,0.2842181948944926,0.25680394750088453,0.3075555143877864,0.896301737986505,6.943711297502836e-06,0.8043849927157296,0.23362526445936024,0.26752446410665315,0.8043849927157296
0.6000337023288012,0.42221801076084375,0.6849496448412538,0.13009340036660433,0.010068041272461414,0.9791269628331065,6.937614855121092e-06,0.41593503959675765,0.2819135725831392,0.21544859937423927,0.41593503959675765
0.026922766119241714,0.46159183606505394,0.32366764452308416,0.04830585885792971,0.14492632169276476,0.6503275707364082,6.937263523854733e-06,0.6902049842548783,0.2354275883620783,0.35313395016551236,0.6902049842548783
0.08474480267614126,0.21089828573167324,0.5792533354833722,0.04316998738795519,0.524029997177422,0.8705768808722496,6.935341635259267e-06,0.6530401872344257,0.2577874838687132,0.2969242294567541,0.6530401872344257
0.029879244044423103,0.30974936950951815,0.7001329697668552,0.0010526934638619423,0.5084238592535257,0.6687741344794631,6.933148263372398e-06,0.7177785974097762,0.23973553255678381,0.357063137743163,0.7177785974097762
0.532408551312983,0.47780711110681295,0.6074049808084965,0.09187298268079758,0.06939511932432652,0.9185111597180367,6.9312366367171465e-06,0.4620870302628917,0.2685476010333272,0.244191334622057,0.4620870302628917
0.04969401378184557,0.4240626785904169,0.6526365205645561,0.32601204607635736,0.44336687307804823,0.966020199470222,6.931007278725735e-06,0.8828046755056758,0.2055907453702089,0.34943154489618555,0.8828046755056758
0.0349216153845191,0.5950030386447906,0.2889812011271715,0.30264722276479006,0.19607146084308624,0.9847874427214265,6.922560445012353e-06,0.684048281369669,0.2552932112731651,0.24941754856006326,0.684048281369669
0.43225993029773235,0.571011858060956,0.028515714220702648,0.09916563145816326,0.11020475812256336,0.9892279850319028,6.921078402425343e-06,0.4762008518941328,0.28537204074166705,0.2292694732075311,0.4762008518941328
0.22722613625228405,0.4076249226927757,0.4807676188647747,0.07118235155940056,0.10686456225812435,0.699550049379468,6.918848239145885e-06,0.6185053369204897,0.22466609447089037,0.28794508835719473,0.6185053369204897
0.16314392257481813,0.33458211552351713,0.7786942236125469,0.06232669856399298,0.4343517832458019,0.9277859050780535,6.91706318837479e-06,0.8154886525997357,0.20007717269918765,0.37950345289892057,0.8154886525997357
0.05726306978613138,0.5829591285437346,0.009713123552501202,0.12297663930803537,0.02304873149842024,0.5427333330735564,6.915135159831093e-06,0.46735332984806227,0.26868949805891534,0.2608857830243972,0.46735332984806227
0.04897631425410509,0.2550588482990861,0.5454140976071358,0.2636699778959155,0.2997815730050206,0.8735719779506326,6.9128679615161874e-06,0.9066520324749681,0.20104210307591563,0.28789918416438026,0.9066520324749681
0.10583925899118185,0.23638428654521704,0.7135845627635717,0.08608037792146206,0.5335493367165327,0.9424404008314013,6.9100521744610575e-06,0.6529332007182118,0.24867335739867283,0.2920941132710229,0.6529332007182118
0.09677296690642834,0.21318881586194038,0.903632715344429,0.1024018032476306,0.4976730579510331,0.8618633896112442,6.898987755068873e-06,0.7285506594516269,0.24681633271443165,0.26211105362481185,0.7285506594516269
0.08606171421706676,0.3604756807908416,0.9822618886828423,0.23793646320700645,0.09539538063108921,0.8414995726197958,6.896672393124716e-06,0.6991702137909995,0.2343368609509543,0.2816145912827302,0.6991702137909995
0.010490169748663902,0.47188578732311726,0.4307456789538264,0.01429667230695486,0.20731876511126757,0.7668228335678577,6.895215870311289e-06,0.8976824747655137,0.20227476508457795,0.3351634600197337,0.8976824747655137
0.0826344732195139,0.531683954410255,0.568188238888979,0.2930405316874385,0.14138431195169687,0.8166942410171032,6.894958636789546e-06,0.7351499289421976,0.2071803249102333,0.23791531177787822,0.7351499289421976
0.0466040326282382,0.38187564071267843,0.05970066599547863,0.1664731651544571,0.20052596647292376,0.8224208513274789,6.8935048292166115e-06,0.8908304424684422,0.19996134348344097,0.3203849570139513,0.8908304424684422
0.31062860507518053,0.47651225607842207,0.06361209880560637,0.32572965882718563,0.02389626856893301,0.975135744549334,6.8882834853639555e-06,0.5156908665177575,0.27170124853323424,0.2147085198703324,0.5156908665177575
0.25472528487443924,0.3934195348992944,0.7013550596311688,0.08207916095852852,0.07581265922635794,0.7433546800166368,6.879553273537765e-06,0.6418051604510869,0.22401742805609245,0.2806936825041354,0.6418051604510869
0.026650749146938324,0.41405038349330425,0.40208280459046364,0.3114764131605625,0.268699967302382,0.9526878939941525,6.878230189878477e-06,0.8974800605281943,0.21198946638367602,0.33264249783271893,0.8974800605281943
0.12671097181737423,0.9452347541227937,0.04990962985903025,0.040381234139204025,0.2487009158357978,0.9158336091786623,6.8769293064439354e-06,0.2660034821818532,0.24787437827904646,0.20800367765677202,0.2660034821818532
0.26946229115128517,0.47400576062500477,0.8815684169530869,0.01064816489815712,0.23263415694236755,0.8634708821773529,6.875419549086733e-06,0.7191351345669688,0.24271148187285102,0.33233783922532767,0.7191351345669688
0.13016243185847998,5.092378705739975e-05,0.5330993290990591,0.15918959584087133,0.3867894019931555,0.9289637701585889,6.875400003338146e-06,0.6284546023381723,0.26432996822352695,0.28696327612203015,0.6284546023381723
0.1079906215891242,0.2603925969451666,0.7986525855958462,0.04913408774882555,0.3740742392838001,0.8415669603273273,6.865370602406447e-06,0.8414238190701205,0.20848965001785572,0.3463027218127532,0.8414238190701205
0.08946444932371378,0.23835000209510326,0.1024022102355957,0.035329531878232956,0.35213156323879957,0.7274175379425287,6.865152010826972e-06,0.878567139339588,0.20548479336569828,0.30091959145899566,0.878567139339588
0.12180751841515303,0.1518908217549324,0.6435109954327345,0.179784900508821,0.467050114646554,0.8983515556901693,6.8646386121876536e-06,0.7446788956405626,0.24201171920480463,0.28537141337137995,0.7446788956405626
0.12514646910130978,0.37309399247169495,0.16876379307359457,0.0836066072806716,0.1429834570735693,0.6606160001829267,6.856182035485809e-06,0.6772907929487979,0.2358083526938317,0.3217000948965198,0.6772907929487979
0.14295617304742336,0.24316277354955673,0.5634097727015615,0.3166461205109954,0.4416763260960579,0.9090633569285274,6.855390113381836e-06,0.800559104568235,0.21690434473275366,0.286166999598345,0.800559104568235
0.44701079558581114,0.31097735557705164,0.14515139069408178,0.06295930035412312,0.05359728541225195,0.8911623191088438,6.854253641569764e-06,0.4994942273991315,0.2742540247389222,0.2534903162192993,0.4994942273991315
0.09778377413749695,0.35981330927461386,0.3158891061320901,0.11219878308475018,0.19625195302069187,0.8718315782025456,6.851421343651587e-06,0.8238632268290231,0.2246961724980111,0.3249316863432707,0.8238632268290231
0.10557084996253252,0.513847061432898,0.42223701253533363,0.34461869671940804,0.005661490373313427,0.716945817694068,6.846552286714596e-06,0.5855409472335316,0.2088630172638857,0.23768010825684507,0.5855409472335316
0.3977423859760165,0.3540375139564276,0.23576409090310335,0.041649446822702885,0.1833655796945095,0.802805763669312,6.84083529132156e-06,0.6809176764194769,0.2263651872589715,0.27789824665726,0.6809176764194769
0.09418212994933128,0.3507093209773302,0.3780100401490927,0.3190107876434922,0.23009589966386557,0.9968268368393183,6.83946876293089e-06,0.8003560714240333,0.2397867583903925,0.2869320316295336,0.8003560714240333
0.37007973063737154,0.237899717874825,0.8658786164596677,0.0142098069190979,0.04661360662430525,0.9689117902889848,6.837921010837941e-06,0.4741393298053277,0.2969851724258376,0.2233081762686011,0.4741393298053277
0.05789411999285221,0.345025553368032,0.7066277926787734,0.3400649316608906,0.5141889723017812,0.9500726647675037,6.835006563082807e-06,0.7614972141049527,0.22830376590814946,0.3061322834535841,0.7614972141049527
0.05562257580459118,0.6257894430309534,0.08880267571657896,0.1418907381594181,0.05912241339683533,0.803427467122674,6.821238401346046e-06,0.5709754003115897,0.24326792757465998,0.22054735999974892,0.5709754003115897
0.012993053533136845,0.18073359038680792,0.6547073936089873,0.1589695019647479,0.1383081255480647,0.9547982215881348,6.8175608827751435e-06,0.6320125329713508,0.2630851759448258,0.27030092969859587,0.6320125329713508
0.12188621144741774,0.06648118700832129,0.4374628784134984,0.10583133064210415,0.3384718596935272,0.9204308558255434,6.80949399676129e-06,0.6553568545916043,0.2569855750246486,0.25524087333416373,0.6553568545916043
0.17808180209249258,0.5883306171745062,0.8865004228428006,0.14420760609209538,0.05357182491570711,0.9084241352975368,6.809252847685832e-06,0.5135921627027947,0.26662098558584424,0.22996718949736858,0.5135921627027947
0.1186347808688879,0.3176496420055628,0.9707907950505614,0.3957742443308234,0.44104431942105293,0.9803380658850074,6.8087487839059426e-06,0.7382787077438828,0.2404317110972219,0.29999918100553824,0.7382787077438828
0.09318999946117401,0.004419866017997265,0.5302631054073572,0.06040623039007187,0.4532362697646022,0.8540773233398795,6.808078841748991e-06,0.5456492351781382,0.27692130688822486,0.229760830591858,0.5456492351781382
0.19440575409680605,0.49271042738109827,0.8293849164620042,0.08886235486716032,0.08978546690195799,0.7140918169170618,6.80310062949966e-06,0.6193304834187273,0.22357096221471218,0.27347983896053407,0.6193304834187273
0.08253440167754889,0.3201556606218219,0.03666931018233299,0.20525596756488085,0.30266943853348494,0.868553040549159,6.8011032126095895e-06,0.9914512045001287,0.1752709953936418,0.31767939455363536,0.9914512045001287
0.20409462321549654,0.5239698924124241,0.37577603850513697,0.3246849589049816,0.04863170813769102,0.9119481919333339,6.7982426452878785e-06,0.5689025732683795,0.24665149402787143,0.21155640131062917,0.5689025732683795
0.09595818631350994,0.4724457385018468,0.9575561387464404,0.1949375243857503,0.17147356923669577,0.812958843074739,6.796942920171162e-06,0.816719947107145,0.2091309864415195,0.274249571433114,0.816719947107145
0.058773974888026714,0.26223686058074236,0.5202320367097855,0.6937285521999002,0.4715348668396473,0.9775226004421711,6.796014062967576e-06,0.49461507076457045,0.2722049430410232,0.26301613413811753,0.49461507076457045
0.47685088776052,0.5051087588071823,0.3485817415639758,0.07499498501420021,0.06436046864837408,0.8760840026661754,6.7930718715337285e-06,0.4829382139520422,0.2703205888198335,0.24244785062990679,0.4829382139520422
0.1469868216663599,0.1319758677855134,0.2805651808157563,0.2227745158597827,0.3975102910771966,0.9298747051507235,6.791533811142236e-06,0.7801082952015481,0.21725862953484895,0.3247438716664661,0.7801082952015481
0.2799250530079007,0.12753649335354567,0.8993700556457043,0.01588035374879837,0.14879204612225294,0.9929336989298463,6.78946402021835e-06,0.507531818834571,0.298836793894208,0.2361690382109084,0.507531818834571
0.7884993087500334,0.4437229922041297,0.6896867547184229,0.03026561066508293,0.04546026885509491,0.9279231242835522,6.7807232643380405e-06,0.3903493798520223,0.2843684018886037,0.2176160244477015,0.3903493798520223
0.1797561952844262,0.3055183570832014,0.19391952827572823,0.1377050681039691,0.11646781116724014,0.9109082901850343,6.777630050342046e-06,0.6601918651798758,0.25097642343300663,0.28567222197485626,0.6601918651798758
0.14646739978343248,0.4267787216231227,0.5395961115136743,0.11303107533603907,0.10430349968373775,0.6707721762359142,6.776544363259837e-06,0.6275947708859065,0.22937155546620025,0.3132723895598081,0.6275947708859065
0.2113394122570753,0.012970412150025368,0.3750538183376193,0.04573115985840559,0.5183498784899712,0.9843325447291136,6.7741057918328574e-06,0.4555642617176915,0.29550598216715973,0.2248296475912468,0.4555642617176915
0.6273580612614751,0.517351089976728,0.32866426929831505,0.01940391305834055,0.13111576531082392,0.9950293209403753,6.773710353248657e-06,0.4544425046580454,0.2916071425423967,0.23435948159401038,0.4544425046580454
0.2902802564203739,0.2802739851176739,0.03140711784362793,0.1666886042803526,0.07829300407320261,0.9874657755717635,6.773020391872205e-06,0.5556311805495077,0.26930362180847484,0.24644040729654068,0.5556311805495077
0.22009927593171597,0.22814567666500807,0.16516239289194345,0.15619428921490908,0.03840844240039587,0.9958343002945185,6.772740181510415e-06,0.5260824605947682,0.2781197608755413,0.2428482672150366,0.5260824605947682
0.4247907754033804,0.349842450581491,0.7290804786607623,0.02550127822905779,0.20603906363248825,0.9920113515108824,6.7629340547017526e-06,0.5947766506659161,0.27284625606215807,0.29333159705002476,0.5947766506659161
0.012358422391116619,0.03447069879621267,0.5686405524611473,0.29936941247433424,0.5646259011700749,0.9983917903155088,6.761067029636152e-06,0.4955795091544903,0.29989585223019416,0.20630630912312073,0.4955795091544903
0.34395840857177973,0.5358469653874636,0.9354467652738094,0.1086312998086214,0.09077479224652052,0.9257526928558946,6.753073541350001e-06,0.5158846898627614,0.27061679717972686,0.2448802060930153,0.5158846898627614
0.10033282451331615,0.3323664041236043,0.2277306206524372,0.039129072800278664,0.3900355435907841,0.6713525289669633,6.751205805702735e-06,0.8827147961201313,0.19267959251569533,0.38741256261751916,0.8827147961201313
0.04374706372618675,0.8415650660172105,0.06564852595329285,0.11937513574957848,0.1235317075625062,0.9934473866596818,6.7503516291407984e-06,0.35705304275192534,0.28424986329126395,0.18203399603727208,0.35705304275192534
0.22945058345794678,0.29918684158474207,0.23905073944479227,0.08029489405453205,0.4668230917304754,0.9339503534138203,6.74564472843259e-06,0.7674324019422462,0.21544219342533227,0.33615510641641616,0.7674324019422462
0.08153861854225397,0.08884225320070982,0.5716881575062871,0.13305372186005116,0.23876467160880566,0.9575998345389962,6.739349547805296e-06,0.6293026633201962,0.26616251474391917,0.26160858542289167,0.6293026633201962
0.06476030685007572,0.9516901187598705,0.18098575063049793,0.006326858885586262,0.09644323401153088,0.8952071368694305,6.739029007219662e-06,0.2841293871199372,0.30307550293860497,0.160631743281846,0.2841293871199372
0.07384807895869017,0.29060219042003155,0.9985215701162815,0.09472086373716593,0.24845544155687094,0.8551533417776227,6.735911510413677e-06,0.8257283732735197,0.22774306419774062,0.3145981108314859,0.8257283732735197
0.307134167291224,0.32001953292638063,0.050305601209402084,0.05656228493899107,0.2030344493687153,0.9425868280231953,6.734194825165627e-06,0.6672441466025845,0.25358762142748165,0.31408603675893887,0.6672441466025845
0.09661973174661398,0.5357752591371536,0.5712920529767871,0.2210836885496974,0.008928465656936169,0.5179167799651623,6.734002543094368e-06,0.47046469752616404,0.24515560712697113,0.24258682727194472,0.47046469752616404
0.3175801448523998,0.5630244975909591,0.5564672807231545,0.19913177657872438,0.06827500741928816,0.977455910295248,6.720355953487344e-06,0.49297019393372155,0.2690543974917309,0.22087969673197558,0.49297019393372155
0.11807533074170351,0.3198653534054756,0.3405031245201826,0.03831811714917421,0.5161646036431193,0.8907517474144697,6.719228897436707e-06,0.7573770226301124,0.23300539841723378,0.3562531486288151,0.7573770226301124
0.029284673742949963,0.2618183447048068,0.6474788933992386,0.11177094746381044,0.354967731051147,0.6954727405682206,6.7142016286167e-06,0.9251610921620551,0.19474815084491037,0.27501831320398806,0.9251610921620551
0.0702791390940547,0.4838753752410412,0.4525820957496762,0.2413581172004342,0.19400424044579268,0.8766905702650547,6.710014319666003e-06,0.8402430588041444,0.22019873591090222,0.29510638555079216,0.8402430588041444
0.008303401060402393,0.2820630818605423,0.661205898039043,0.36907273530960083,0.25802756659686565,0.9384698588401079,6.7033543344510855e-06,0.7928901872550529,0.2263989303556397,0.2990283763995795,0.7928901872550529
0.1352562066167593,0.06324940174818039,0.24395653884857893,0.007404186762869358,0.5351123558357358,0.9004549160599709,6.69933357926984e-06,0.4896820715847007,0.2900701008471898,0.24891097293412437,0.4896820715847007
0.16558379214257002,0.3552778400480747,0.9171421183273196,0.037816258147358894,0.06963210925459862,0.6784726558253169,6.691633440952773e-06,0.5670352151272133,0.2564556001856234,0.28292838041889024,0.5670352151272133
0.6711639985442162,0.37979400902986526,0.263793820515275,0.028177496045827866,0.18129959795624018,0.902098398655653,6.6914593878458975e-06,0.5336672949877574,0.25915491697541415,0.2961332146189461,0.5336672949877574
0.016966449096798897,0.30754256900399923,0.3431323952972889,0.08202776685357094,0.06175614334642887,0.7314372966066003,6.6892971699193965e-06,0.6748768797434971,0.2355306748644316,0.286552237405654,0.6748768797434971
0.45360540598630905,0.48052025493234396,0.7626573098823428,0.036881995387375355,0.11168989632278681,0.8215973544865847,6.686894131972563e-06,0.5426364573617388,0.24966716343927153,0.25761815779074204,0.5426364573617388
0.564430789090693,0.524079317227006,0.4636327540501952,0.05956125259399414,0.02555188536643982,0.9448607005178928,6.684250518621787e-06,0.4083127878404806,0.28915920644833376,0.21222221148147116,0.4083127878404806
0.8156695198267698,0.42906294856220484,0.5433413116261363,0.00019082799553871155,0.14982092380523682,0.9207479916512966,6.682393366501802e-06,0.44251591745711205,0.2739447094296607,0.2581432154256468,0.44251591745711205
0.04698026739060879,0.4441415024921298,0.29934413731098175,0.11982151493430138,0.23295138590037823,0.9211944406852126,6.676915302298688e-06,0.8736631539984601,0.21490192094999852,0.35551604130566167,0.8736631539984601
0.7070501642301679,0.46547497622668743,0.8595331590622663,0.06909145694226027,0.09155001305043697,0.9969583563506603,6.674492956558607e-06,0.4239007010810854,0.28845262595944127,0.21627271956425298,0.4239007010810854
0.698330394923687,0.49015686474740505,0.4690070627257228,0.0020350702106952667,0.013920084573328495,0.8782591186463833,6.664950468151594e-06,0.3907366670605979,0.2935327771307302,0.2123105376430521,0.3907366670605979
0.05488268192857504,0.3986760228872299,0.7288991436362267,0.09467784594744444,0.030162421986460686,0.5917708175256848,6.663355507457981e-06,0.5400822406088195,0.26088170578587444,0.30040246589392017,0.5400822406088195
0.04793104901909828,0.44012507051229477,0.17246198933571577,0.1515020402148366,0.022460730746388435,0.47658273857086897,6.661149990731754e-06,0.4939441916018176,0.261487665952583,0.2869395640323238,0.4939441916018176
0.4750601202249527,0.4297304442152381,0.2545328224077821,0.13099810853600502,0.1295369789004326,0.936084570363164,6.658036635286044e-06,0.5612508207508549,0.25223495725825107,0.2739857055669261,0.5612508207508549
0.003509562462568283,0.5218335567042232,0.47039086651057005,0.06727129593491554,0.01052184496074915,0.355679496191442,6.656049944741541e-06,0.41501811624357615,0.2916747409287095,0.2508612234183868,0.41501811624357615
0.16896468680351973,0.25369309168308973,0.9332205867394805,0.028759155422449112,0.47206165362149477,0.8443712824955583,6.6521193706893645e-06,0.7247872311112491,0.23957460557273477,0.33245228000626686,0.7247872311112491
0.07175618875771761,0.5573912477120757,0.5477601625025272,0.16567482985556126,0.11307461559772491,0.7861104933544993,6.65165560537661e-06,0.7123708504730676,0.2087812731345964,0.2430155120043479,0.7123708504730676
0.181768792681396,0.4337816992774606,0.6416563922539353,0.26192472781986,0.05009389668703079,0.7739152945578098,6.6491990945277245e-06,0.6803556277984438,0.2099793006685705,0.255619525911347,0.6803556277984438
0.04080335143953562,0.5508912280201912,0.3760627740994096,0.2727384101599455,0.14784387592226267,0.7878542114049196,6.634162944411339e-06,0.791746603933537,0.20089797653185715,0.19550039243600836,0.791746603933537
0.016262230463325977,0.296866032294929,0.17089599836617708,0.11955918744206429,0.526805249042809,0.8395486576482654,6.631871353190399e-06,0.8354957760781418,0.21868552098905622,0.2996369226010824,0.8354957760781418
0.20244738832116127,0.36902031023055315,0.9108095783740282,0.14548290986567736,0.04615281615406275,0.7664881460368633,6.622552318772606e-06,0.6490886638834132,0.2229895281329485,0.2905033324343587,0.6490886638834132
0.04940172750502825,0.3570847036316991,0.4231507880613208,0.39996573328971863,0.3152915770187974,0.9729936635121703,6.622317339294811e-06,0.8305690024936234,0.21922770558754162,0.32206318879581997,0.8305690024936234
0.033429267816245556,0.016524113714694977,0.46310783084481955,0.0063526080921292305,0.46068676095455885,0.7579155126586556,6.621530256982716e-06,0.6105776497405355,0.26890507395461044,0.29679497106205616,0.6105776497405355
0.5903083998709917,0.49723557755351067,0.4152761781588197,0.09891364444047213,0.06315966881811619,0.9511949922889471,6.620932339876831e-06,0.439350756021152,0.2745768722000728,0.22811719506071093,0.439350756021152
0.008803851902484894,0.9471727479249239,0.06088785082101822,0.10227331705391407,0.2616017498075962,0.856054057367146,6.618612976449377e-06,0.3322769220869354,0.24062584480149504,0.24627324744733792,0.3322769220869354
0.31940934248268604,0.47344012279063463,0.8179140398278832,0.0650348924100399,0.05927721597254276,0.7539082393050194,6.617305602781728e-06,0.5966441867086789,0.23341994365182242,0.29100834390802716,0.5966441867086789
0.17111331969499588,0.4376649418845773,0.16366721596568823,0.35375581961125135,0.06161164306104183,0.9232440432533622,6.616566023088226e-06,0.6150622677263485,0.250342574650384,0.2464971589625921,0.6150622677263485
0.5787386689335108,0.33134632743895054,0.007799367420375347,0.10058051906526089,0.008105287328362465,0.9362855860963464,6.609047268501173e-06,0.42895687558098183,0.2804581964392221,0.23393727642398657,0.42895687558098183
0.08174186199903488,0.16687591839581728,0.9221188500523567,0.060959513299167156,0.399402710609138,0.7757133170962334,6.60677835214221e-06,0.8109842146305725,0.22211128406142017,0.24647622818109252,0.8109842146305725
0.4994614152237773,0.46620657481253147,0.5451562227681279,0.15985785517841578,0.05164221674203873,0.942311268299818,6.6048880027570894e-06,0.46398517774186393,0.25962521557221185,0.2408696496194818,0.46398517774186393
0.042551590129733086,0.25858158618211746,0.6521887620911002,0.43361293245106936,0.48693535570055246,0.9045170778408647,6.600549831593654e-06,0.6863266788315913,0.2483575866405525,0.26871957802754737,0.6863266788315913
0.1300781723111868,0.14903288800269365,0.06981182098388672,0.12621524650603533,0.1413078596815467,0.9719926360994577,6.600408637680215e-06,0.5913800496724506,0.27599330372892966,0.2520753298872929,0.5913800496724506
0.34015269856899977,0.4636881947517395,0.27104252111166716,0.29930467531085014,0.0743616372346878,0.9958085855469108,6.598450491764192e-06,0.5535897213285554,0.2659091625921299,0.2194458110723227,0.5535897213285554
0.15932226181030273,0.46227749064564705,0.43319490272551775,0.2906509581953287,0.12798770517110825,0.845812002196908,6.592169591710964e-06,0.7215407344511847,0.22013702365542556,0.25960628188678897,0.7215407344511847
0.04447717312723398,0.25379515439271927,0.6042428491637111,0.2922382541000843,0.13414829690009356,0.9907868765294552,6.588309831052528e-06,0.6716186075808013,0.26285702880856743,0.2573303991184916,0.6716186075808013
0.33050741255283356,0.2502681976184249,0.7710169414058328,0.006528871133923531,0.293267753906548,0.9932075999677181,6.585939106110075e-06,0.6355943890523473,0.2678643158375902,0.3132578951716309,0.6355943890523473
0.20306397695094347,0.3343597389757633,0.3603476472198963,0.24113814998418093,0.44443959556519985,0.9758903244510293,6.585573369354054e-06,0.8864250691163044,0.19430127508595002,0.3281120086838265,0.8864250691163044
0.4786366894841194,0.37392368633300066,0.8024048581719398,0.01756398007273674,0.18398764356970787,0.8326207576319575,6.582894930470892e-06,0.6086268250692385,0.243858364324734,0.2904825964920972,0.6086268250692385
0.004239629954099655,0.4469973845407367,0.5627872310578823,0.3868549317121506,0.21156295854598284,0.9660865794867277,6.578609262516948e-06,0.76266158189862,0.24176991076892626,0.30858514626261013,0.76266158189862
0.16531744040548801,0.6125393193215132,0.2770264521241188,0.20996753592044115,0.0987770576030016,0.9663584642112255,6.578231478679958e-06,0.5485238293860898,0.25936938694531964,0.21538444797590683,0.5485238293860898
0.257668255828321,0.12441885098814964,0.7079670857638121,0.023358835838735104,0.3014891240745783,0.9596637561917305,6.576800317026718e-06,0.5824399678678811,0.2682589623137261,0.292987750184239,0.5824399678678811
0.08220179658383131,0.4756902437657118,0.9612825401127338,0.2596917422488332,0.05318170506507158,0.5218961304053664,6.572941816461593e-06,0.5350045326312381,0.23982769668793177,0.24870054257194807,0.5350045326312381
0.1526401899755001,0.09901179559528828,0.26122242398560047,0.13143541850149632,0.3089232500642538,0.9503309382125735,6.570892899018768e-06,0.6833712268045693,0.2522777540159327,0.27573358461240843,0.6833712268045693
0.13508667051792145,0.5275061530992389,0.10834648553282022,0.2232056362554431,0.25778636895120144,0.9826309494674206,6.570530048594327e-06,0.8150591947528423,0.23319253847681334,0.30612100981555934,0.8150591947528423
0.1809412995353341,0.001339769922196865,0.13993327226489782,0.033459571190178394,0.2864211108535528,0.8966722171753645,6.567861039667984e-06,0.5428926713386033,0.2908358967433936,0.24549365640085913,0.5428926713386033
0.12473053950816393,0.2980722710490227,0.9410823732614517,0.01320235338062048,0.31165169551968575,0.7080946480855346,6.566685677401386e-06,0.8365614877514743,0.22016493723944014,0.32662103099670076,0.8365614877514743
0.3214592905715108,0.4903494520112872,0.28867992758750916,0.05654450599104166,0.04627127666026354,0.7376747317612171,6.5627042189721665e-06,0.561082780901093,0.23722037389671954,0.2752297507577607,0.561082780901093
0.12596733309328556,0.25132392533123493,0.12111076340079308,0.33798318170011044,0.270674766972661,0.9864295646548271,6.562288808556906e-06,0.7642979848545278,0.2391675210996854,0.2793952796541146,0.7642979848545278
0.0179363451898098,0.14097952004522085,0.013677770271897316,0.22498495504260063,0.2171592302620411,0.9199308902025223,6.5622380463879315e-06,0.7123310993043492,0.2565478780588836,0.2518325292778817,0.7123310993043492
0.04936065524816513,0.5097684310749173,0.9541699914261699,0.10124519281089306,0.2265100060030818,0.9623679267242551,6.560588336033075e-06,0.7572859160237937,0.24137950575618486,0.33860349301176557,0.7572859160237937
0.30363042652606964,0.545648692175746,0.0007657092064619064,0.030891602858901024,0.03293658792972565,0.7263884022831917,6.560181766771198e-06,0.5024690859238263,0.25383672885519787,0.24213917301651924,0.5024690859238263
0.5186305725947022,0.5831463560461998,0.1591918310150504,0.021230468526482582,0.04207026679068804,0.924246134236455,6.552828017882024e-06,0.4081082107779186,0.29690261018336517,0.20653755407096824,0.4081082107779186
0.047507389448583126,0.4778407234698534,0.9754141625016928,0.02407810464501381,0.256665431894362,0.8367923442274332,6.54750563383048e-06,0.8458813489013631,0.21463401187144207,0.37585660538900295,0.8458813489013631
0.21571008581668139,0.5019527683034539,0.15309331100434065,0.26552066672593355,0.13850653637200594,0.8659051563590765,6.546381413527741e-06,0.6908508299016218,0.2328677330906077,0.2505531898961383,0.6908508299016218
0.12113799434155226,0.23730846866965294,0.26292401272803545,0.04342113062739372,0.4202894251793623,0.7629114985466003,6.544774313503347e-06,0.9002365252408028,0.19893888308536828,0.29856039483415525,0.9002365252408028
0.00184530857950449,0.1962279211729765,0.02897626720368862,0.11447680834680796,0.06406671646982431,0.8985485462471843,6.543569568203321e-06,0.5892892055372788,0.27827772801433975,0.2681382816589981,0.5892892055372788
0.09799144510179758,0.5000425959005952,0.10569965932518244,0.022658685222268105,0.15110798180103302,0.638046819716692,6.543525149472068e-06,0.6370708380325517,0.24271316343150517,0.33459404559998024,0.6370708380325517
0.32442890480160713,0.08547129761427641,0.13249911554157734,0.026604309678077698,0.4275026982650161,0.9621270596981049,6.540315817874335e-06,0.5267841577952892,0.2731531545894802,0.2818809004086255,0.5267841577952892
0.15731860231608152,0.2761093284934759,0.6636399673298001,0.09270326513797045,0.34324663411825895,0.925631370395422,6.536991531005035e-06,0.8296546410565989,0.20309426709466127,0.3436647732347887,0.8296546410565989
0.19830578658729792,0.2907462315633893,0.5462531745433807,0.33476654533296824,0.39484049286693335,0.9976781755685806,6.536218271544244e-06,0.7859363587415242,0.22459712556044792,0.2945345660946287,0.7859363587415242
0.004042711108922958,0.2716190628707409,0.35672576632350683,0.33632360491901636,0.09030833002179861,0.9728158954530954,6.534364608744897e-06,0.6539453604060949,0.2615739684377173,0.2545728180964684,0.6539453604060949
0.22078424785286188,0.5501340450718999,0.2101865028962493,0.07786532584577799,0.14500903617590666,0.8211404103785753,6.533760662971951e-06,0.6505873731447314,0.23516405750878916,0.2637053395897304,0.6505873731447314
0.006079862825572491,0.3144127130508423,0.2508961707353592,0.5372254410758615,0.41428235452622175,0.9495768854394555,6.526098956514688e-06,0.6945117935282112,0.23570039388060834,0.31898140947912845,0.6945117935282112
0.11710960138589144,0.49155833665281534,0.6228671055287123,0.05271012522280216,0.20694042462855577,0.862984636798501,6.521152481754305e-06,0.7681322316820637,0.23195579415895562,0.3431468089238427,0.7681322316820637
0.741846015676856,0.4025286454707384,0.20423310343176126,0.02268893737345934,0.21018308866769075,0.8056219378486276,6.518831220237506e-06,0.5612082457037859,0.23365468503574682,0.2938731598369887,0.5612082457037859
0.00044220685958862305,0.2514112079516053,0.41908638924360275,0.10563576780259609,0.1240913663059473,0.8478112192824483,6.515867285543779e-06,0.6895521746695933,0.25075000939660635,0.2877223046346237,0.6895521746695933
0.06953199487179518,0.3363585462793708,0.3727878527715802,0.1787683917209506,0.04913729149848223,0.7832295503467321,6.514001296791195e-06,0.6960040650776054,0.2250219126375116,0.27791344746398694,0.6960040650776054
0.054590724408626556,0.21473150979727507,0.8421763190999627,0.03187512140721083,0.2959997234866023,0.7526755705475807,6.51050499672183e-06,0.8465220740547721,0.22528037326099487,0.27177142454206393,0.8465220740547721
0.24014343693852425,0.33994849398732185,0.7961173662915826,0.219638055190444,0.021008478477597237,0.9204935720190406,6.507615871255344e-06,0.5594726268596972,0.259674043504528,0.2454185878697801,0.5594726268596972
0.34607899095863104,0.3431852450594306,0.48119646217674017,0.04886719025671482,0.1576724797487259,0.8500905120745301,6.506124688890832e-06,0.6378022006693465,0.2435899802525948,0.29223528124739506,0.6378022006693465
0.24013881105929613,0.2764315539970994,0.5982804484665394,0.022042294032871723,0.38864337000995874,0.9413205124437809,6.505319332106149e-06,0.7259157255215843,0.2206348877509194,0.37981484829118745,0.7259157255215843
0.0864375401288271,0.5556859131902456,0.8377540465444326,0.35893347300589085,0.043820000253617764,0.8976481938734651,6.503747512342341e-06,0.5708982663353478,0.24756380140205983,0.21616562939030592,0.5708982663353478
0.5286673000082374,0.3042556494474411,0.9827546756714582,0.010821680538356304,0.10405220091342926,0.9263358032330871,6.50368873898041e-06,0.48604756166031216,0.2815274285570795,0.24449249988353897,0.48604756166031216
0.012567006051540375,0.3599097952246666,0.795793809928,0.18344983831048012,0.1749720424413681,0.7944455724209547,6.502190325869755e-06,0.8742017367227138,0.20003455404236206,0.24351701323289637,0.8742017367227138
0.1252220869064331,0.12216717377305031,0.9384648753330112,0.17319660726934671,0.5121643915772438,0.9594052033498883,6.501275999403545e-06,0.6219254689349454,0.26248487899656964,0.27100950726420614,0.6219254689349454
0.05790352821350098,0.16613511182367802,0.46644236147403717,0.24152495060116053,0.4718040907755494,0.8233294291421771,6.497681976084274e-06,0.8206582167244705,0.2225847179836121,0.26049014279769417,0.8206582167244705
0.4746190309524536,0.35114147514104843,0.5406744424253702,0.08045521844178438,0.00048606283962726593,0.8826937880367041,6.494360978617127e-06,0.45303564905106464,0.27822734432184876,0.24400880532520253,0.45303564905106464
0.04633343406021595,0.36628192011266947,0.4418539060279727,0.027484514750540257,0.4080393612384796,0.8797957226634026,6.490907837675638e-06,0.9161574390344462,0.17699874977169286,0.43423403764078555,0.9161574390344462
0.02047398779541254,0.3053554352372885,0.10797934420406818,0.32630643527954817,0.554789811372757,0.9645533971488476,6.484214000610277e-06,0.6953817946582884,0.24397629298930876,0.2817835817509566,0.6953817946582884
0.7731935456395149,0.4286537151783705,0.7337158787995577,0.07060953602194786,0.07415063120424747,0.9676885046064854,6.4841491119679785e-06,0.40915695069658115,0.2787672621735202,0.22178179315538443,0.40915695069658115
0.23313480615615845,0.4817227618768811,0.08470678795129061,0.04087468795478344,0.1394933769479394,0.6967923454940319,6.483535752303723e-06,0.6325589361714419,0.23157756017718228,0.29883043146996685,0.6325589361714419
0.04664059169590473,0.28086523432284594,0.5895772203803062,0.1331022996455431,0.4550444073975086,0.7795143108814955,6.482955248866538e-06,1.003432840550328,0.18749948458163812,0.194564500022575,1.003432840550328
0.0555648822337389,0.40662564244121313,0.8605130221694708,0.3994638407602906,0.0018037641420960426,0.8504920331761241,6.482378581579387e-06,0.5997921012191523,0.2554223584783909,0.261255864894136,0.5997921012191523
0.028826328925788403,0.5580157861113548,0.7381385462358594,0.22055605240166187,0.15752162970602512,0.8328059567138553,6.480979167030861e-06,0.7467176103846072,0.22078076966076413,0.25301439345762666,0.7467176103846072
0.3240134511142969,0.3229155195876956,0.7297740606591105,0.06365793850272894,0.11359798349440098,0.8640410443767905,6.480556835041621e-06,0.5959467153500179,0.25444924121339524,0.26730577742021555,0.5959467153500179
0.05349992960691452,0.310541276820004,0.057349362410604954,0.08949631825089455,0.2439287370070815,0.7589318556711078,6.4801923118766545e-06,0.9475585165811049,0.20009480135974037,0.2729521885509557,0.9475585165811049
0.2771200882270932,0.4331751549616456,0.09214048832654953,0.016258674673736095,0.029661372303962708,0.6313668061047792,6.476820962741795e-06,0.464974388336547,0.26791753282916125,0.25568218619944183,0.464974388336547
0.13651517033576965,0.8933074483647943,0.14639155752956867,0.01168884988874197,0.15726429782807827,0.8745082402601838,6.46907674198496e-06,0.3152218582558911,0.28702424309726565,0.1716062123904424,0.3152218582558911
0.00565313920378685,0.0695039639249444,0.6829776978120208,0.3469681553542614,0.373364326544106,0.8242648346349597,6.466611010060985e-06,0.6984174550538428,0.2615946883809716,0.21149541721019124,0.6984174550538428
0.21925839688628912,0.49961824994534254,0.5514434017241001,0.08070852886885405,0.15334243141114712,0.8114105761051178,6.465981600513672e-06,0.6953068322589313,0.22460013639385717,0.27852348142260436,0.6953068322589313
0.03254121635109186,0.4194555561989546,0.941879347898066,0.29000680800527334,0.18920145649462938,0.8811931116506457,6.4620801529033745e-06,0.8253952373118656,0.2296814041032283,0.30007830301833194,0.8253952373118656
0.02890542708337307,0.3406347781419754,0.14406239707022905,0.28114792332053185,0.2542903274297714,0.8534149611368775,6.461454787008516e-06,0.9425940585949926,0.1958078200581832,0.3072332573014518,0.9425940585949926
0.09118139930069447,0.12542028352618217,0.07166198547929525,0.4344952367246151,0.3946139393374324,0.9591497499495745,6.460677321269015e-06,0.6157211437075613,0.2620630416899159,0.2545867518605297,0.6157211437075613
0.6164604211226106,0.5353060867637396,0.07556048594415188,0.011179031804203987,0.1532744886353612,0.9165206123143435,6.459934449170722e-06,0.4755827776944018,0.2814922982816618,0.2548048637652266,0.4755827776944018
0.023479281924664974,0.19694542419165373,0.43725794553756714,0.7341661620885134,0.4271802185103297,0.9580584848299623,6.4581716774803e-06,0.4847282169419278,0.26879958982168856,0.26436245578154904,0.4847282169419278
0.11753727402538061,0.2229700619354844,0.45052547194063663,0.2736526979133487,0.38772723358124495,0.887916243635118,6.457826532928201e-06,0.8836454414020354,0.19799205010500018,0.28682414528045147,0.8836454414020354
0.1561953378841281,0.46906217467039824,0.6391288582235575,0.07922340370714664,0.052170260809361935,0.6176213240250945,6.454694521740802e-06,0.5181058700517336,0.25108749345653625,0.2868434054349537,0.5181058700517336
0.3287160759791732,0.582133281044662,0.8911582268774509,0.05620247311890125,0.05624041799455881,0.963990286923945,6.451661714491352e-06,0.45350166254179364,0.29441760286150837,0.21708967807926396,0.45350166254179364
0.04227192886173725,0.36681666411459446,0.5732546038925648,0.17529958859086037,0.11510723549872637,0.6956621892750263,6.4487182877167675e-06,0.7137143348267289,0.21434355701729127,0.31127765855415757,0.7137143348267289
0.13613848853856325,0.15387597400695086,0.35397081915289164,0.3453806657344103,0.3632894977927208,0.961426910944283,6.445188913778188e-06,0.7132105802785919,0.24072610400190084,0.27129638455314964,0.7132105802785919
0.011137173511087894,0.4678644370287657,0.4065136145800352,0.27226584032177925,0.04982136748731136,0.10685965977609158,6.444538933528448e-06,0.349673644530997,0.2693159074588472,0.26722751866072675,0.349673644530997
0.12551853340119123,0.4001856669783592,0.5259876195341349,0.36732593551278114,0.009316454641520977,0.9121507620438933,6.4411588559061006e-06,0.587838135951939,0.26077769417128116,0.2532553526006056,0.587838135951939
0.07800273783504963,0.42339525278657675,0.5230193557217717,0.23184136115014553,0.05347119551151991,0.6123642828315496,6.440236208530754e-06,0.5809125137644267,0.22990371149055774,0.2953686784179106,0.5809125137644267
0.013612084090709686,0.1470343228429556,0.07250261399894953,0.18834479432553053,0.3495832420885563,0.7872130842879415,6.438810828794923e-06,0.9113453505056539,0.21113553696094062,0.20767511385038934,0.9113453505056539
0.20328909158706665,0.5320718241855502,0.02687725331634283,0.17726136557757854,0.04586314782500267,0.6550749288871884,6.438253118822914e-06,0.503335800599848,0.2284154442426215,0.2546121452077878,0.503335800599848
0.35222060326486826,0.4347382225096226,0.4927343912422657,0.0786218149587512,0.009942851029336452,0.7689695060253143,6.435524534354696e-06,0.5517935139691662,0.24467318046553937,0.3021034814558469,0.5517935139691662
0.06383330933749676,0.06988122779875994,0.4217606605961919,0.3431688528507948,0.5321546113118529,0.9883215948939323,6.430023522832341e-06,0.5292318172181976,0.2893963100587177,0.2061103128124043,0.5292318172181976
0.29442640859633684,0.38194746244698763,0.44704870227724314,0.03824319038540125,0.14894950110465288,0.7300146259367466,6.42920924487363e-06,0.6839062657344364,0.21995954922231775,0.26876428638171074,0.6839062657344364
0.4074349431321025,0.4698064113035798,0.4572625495493412,0.09082260075956583,0.19716481771320105,0.9928074860945344,6.428772822106254e-06,0.6110751942656357,0.2643686848631354,0.28413248132874835,0.6110751942656357
0.005219144746661186,0.45094508677721024,0.9397809347137809,0.3571265796199441,0.03206934127956629,0.4004406128078699,6.426633609993617e-06,0.4672520123136642,0.27172055462618894,0.23066380604776723,0.4672520123136642
0.06918174959719181,0.07657897379249334,0.9689401611685753,0.11948840785771608,0.13281365111470222,0.9759501777589321,6.4251997887747425e-06,0.5419977664238244,0.2888040177152557,0.2392414617805448,0.5419977664238244
0.00970497913658619,0.2512064417824149,0.9616760211065412,0.6274719750508666,0.5076879411935806,0.9697856865823269,6.419084911091273e-06,0.4963244708775949,0.2767360332947627,0.2511106187966121,0.4963244708775949
0.05097299162298441,0.12731839809566736,0.15066190622746944,0.19498875364661217,0.5594648849219084,0.9966643899679184,6.416670292783513e-06,0.5949359812604963,0.278284499359597,0.24513298620371698,0.5949359812604963
0.5383020481094718,0.4115240965038538,0.9599940003827214,0.06169498898088932,0.1608476461842656,0.9153863098472357,6.416278820020738e-06,0.5475536743939912,0.2627528715646713,0.27700540548466973,0.5475536743939912
0.012919128872454166,0.10013141483068466,0.4252064563333988,0.1157775316387415,0.00925674382597208,0.9773968048393726,6.416176996526039e-06,0.491194012649124,0.29426680032955566,0.240111049867788,0.491194012649124
0.0022713076323270798,0.6613386003300548,0.2045792117714882,0.22397796716541052,0.006145569495856762,0.8835531705990434,6.4161323778442855e-06,0.4911576956437299,0.2765413748247747,0.19631958606305375,0.4911576956437299
0.2844304461032152,0.396295222453773,0.9178155437111855,0.09017737582325935,0.13606503047049046,0.7782342508435249,6.411706173630436e-06,0.7081947665375873,0.2170994471175524,0.264680550875747,0.7081947665375873
0.08529293350875378,0.27970767114311457,0.9703703923150897,0.05190420337021351,0.5371710639446974,0.882129704579711,6.411268511005766e-06,0.6893229323200343,0.25371220917738385,0.3176352241585321,0.6893229323200343
0.23753021098673344,0.4132422599941492,0.5381161496043205,0.18944689445197582,0.0026913536712527275,0.7587782619521022,6.409764022278648e-06,0.6026718445466855,0.2222560895655036,0.3056003616565718,0.6026718445466855
0.06743498332798481,0.07896541804075241,0.3589457515627146,0.10464990977197886,0.5034375879913568,0.8633263995870948,6.406308704826648e-06,0.6166733652434955,0.2714424167177819,0.21831000844939416,0.6166733652434955
0.0490536168217659,0.5962258139625192,0.07702076435089111,0.23805164266377687,0.14825449045747519,0.816067430190742,6.40470237055595e-06,0.7069639382356026,0.21924152340634073,0.2213691816625802,0.7069639382356026
0.006620006635785103,0.5053256349638104,0.16002653446048498,0.3918347228318453,0.20493707060813904,0.9174754433333874,6.398898726404007e-06,0.7591415200871172,0.2368832171444322,0.2911390199670591,0.7591415200871172
0.9485011929646134,0.3972870884463191,0.23971163108944893,0.034929053857922554,0.12936801835894585,0.9025732036679983,6.3970597323921485e-06,0.42340618753085757,0.2664664529379123,0.25734090717930647,0.42340618753085757
0.3199605215340853,0.38698109332472086,0.2131508905440569,0.20992898102849722,0.07477214746177197,0.9050953667610884,6.393702487138515e-06,0.5901063274362882,0.24779945003900344,0.25950893388319496,0.5901063274362882
0.2260455498471856,0.22139157634228468,0.08621849585324526,0.008502531796693802,0.34041428100317717,0.8936255117878318,6.3904275709013715e-06,0.7195355486361232,0.24591207977099072,0.3449636366863897,0.7195355486361232
0.32584232464432716,0.4619766930118203,0.12179594580084085,0.23860938474535942,0.018751240335404873,0.8207933651283383,6.389444079993222e-06,0.5326861524640019,0.2398334969697602,0.24344375920082176,0.5326861524640019
0.17466737981885672,0.46349421609193087,0.20570102240890265,0.23392700590193272,0.21494208183139563,0.9549244940280914,6.387824898751641e-06,0.8001831267897938,0.2320054755493863,0.3028172502906118,0.8001831267897938
0.00870434194803238,0.649325936101377,0.9768615812063217,0.08162307646125555,0.040815992280840874,0.9421258307993412,6.387223869105048e-06,0.47497995508081947,0.291839861160933,0.22474090852610454,0.47497995508081947
0.12293867208063602,0.5135977789759636,0.21232173405587673,0.16287733986973763,0.08872537687420845,0.6073464713990688,6.3866807862632e-06,0.5698720754820524,0.22862611941475933,0.28942957734326846,0.5698720754820524
0.008138738572597504,0.2739633759483695,0.8109052525833249,0.12506106682121754,0.27246996108442545,0.7459734566509724,6.385187922227551e-06,0.9633533930086837,0.19981670556974102,0.206010473109159,0.9633533930086837
0.03939834237098694,0.9975695153698325,0.048437452875077724,0.26401561591774225,0.16595114208757877,0.9638319425284863,6.3824388840195005e-06,0.30709070306382347,0.28609914469768677,0.21727728855923586,0.30709070306382347
0.28047556802630424,0.32326849177479744,0.5395335126668215,0.00909543689340353,0.16293160617351532,0.7548451339825988,6.381960969393523e-06,0.7103442333772767,0.22709449044239802,0.28215140203115807,0.7103442333772767
0.2822514474391937,0.4518890781328082,0.7043822016566992,0.25893594417721033,0.07375375926494598,0.8996467748656869,6.3800730110661505e-06,0.5967359064787269,0.24556588618294886,0.2358606253126153,0.5967359064787269
0.9112367769703269,0.4243386583402753,0.18538776598870754,0.03092238400131464,0.10569787491112947,0.8305456163361669,6.3789083131002896e-06,0.4125799420414644,0.24703505202252732,0.26027880519188495,0.4125799420414644
0.11093582026660442,0.4801578810438514,0.44104870595037937,0.3059979537501931,0.09305780474096537,0.710604015737772,6.3782200568878854e-06,0.6864471888592757,0.18969349411290945,0.25015323323102473,0.6864471888592757
0.2732943780720234,0.5127146290615201,0.8125731134787202,0.22135120537132025,0.11410456709563732,0.9033745471388102,6.3761076605541096e-06,0.6120919151374428,0.24638980793314316,0.2378457259894351,0.6120919151374428
0.008420855738222599,0.47711624298244715,0.6943759918212891,0.05299028288573027,0.12061265483498573,0.551887241192162,6.375250700198538e-06,0.5924685652897281,0.2606632409268962,0.31225120139036017,0.5924685652897281
0.5448861951008439,0.3194633284583688,0.9406479056924582,0.09144964348524809,0.01556275226175785,0.9651245167478919,6.3745738258602655e-06,0.43163772286769464,0.28764037144025933,0.22131772203432648,0.43163772286769464
0.05237429775297642,0.12555305939167738,0.536122321151197,0.36505954526364803,0.48416220489889383,0.8822367647662759,6.371773505707348e-06,0.6317088521695493,0.2690094433809376,0.21399813646059163,0.6317088521695493
0.9980188319459558,0.4163707187399268,0.34660253394395113,0.019818618893623352,0.002566189505159855,0.9855416864156723,6.364710019817924e-06,0.35057225068326153,0.3056071589368709,0.18609408238924569,0.35057225068326153
0.38963978737592697,0.35101113375276327,0.0666292030364275,0.15172053780406713,0.12073876708745956,0.9596048640087247,6.363753603282265e-06,0.5804095927828905,0.2580177446921027,0.2684922841439928,0.5804095927828905
0.17284613847732544,0.45431930385529995,0.9186884872615337,0.2103665377944708,0.11311141215264797,0.7400373006239533,6.362181953662385e-06,0.73545190853278,0.20283696397287201,0.2579562321310799,0.73545190853278
0.134942346252501,0.6296228179708123,0.5082184663042426,0.1940157050266862,0.026705308817327023,0.9317874936386943,6.360587975426888e-06,0.47853480325518655,0.26575832370258284,0.20795754867139513,0.47853480325518655
0.15899387001991272,0.13311778847128153,0.6069353269413114,0.2681228881701827,0.4073707330971956,0.9474841309711337,6.360343103779122e-06,0.7222200467414029,0.22688361816884975,0.3116752113019808,0.7222200467414029
0.19717054348438978,0.27564502600580454,0.197318104095757,0.14826918300241232,0.2857725778594613,0.9712943574413657,6.3558405717148646e-06,0.8103300250853493,0.2244861815793428,0.30839036811176873,0.8103300250853493
0.044247754849493504,0.4267033590003848,0.7113764910027385,0.3548931460827589,0.122704210691154,0.833179784938693,6.355619602918018e-06,0.7406170440296451,0.2162597391951301,0.27356656915793054,0.7406170440296451
0.16958745382726192,0.5125981410965323,0.5664628408849239,0.3663343647494912,0.053161333315074444,0.9446926238015294,6.3553101844393785e-06,0.5627598523747546,0.25197948880361987,0.2250841251978373,0.5627598523747546
0.14446471072733402,0.5847416138276458,0.390865127556026,0.15924093686044216,0.09364414308220148,0.8476354470476508,6.352944612651005e-06,0.5968102952207558,0.23738036572599797,0.23600099724347842,0.5968102952207558
0.2631162106990814,0.005558413453400135,0.1624632803723216,0.08532489463686943,0.12818342819809914,0.9918853174895048,6.352270082965464e-06,0.47326348357701514,0.30093372537563257,0.20815719817789696,0.47326348357701514
0.019817175343632698,0.2153176311403513,0.4267070768401027,0.1321926098316908,0.06044101994484663,0.917813939973712,6.351487754886827e-06,0.5927789766871446,0.26959373459826413,0.27277264822673386,0.5927789766871446
0.13292611669749022,0.5003178250044584,0.0937152374535799,0.3199290903285146,0.0930791636928916,0.756465507671237,6.350305919263081e-06,0.7288487209428497,0.19184032148162145,0.2528240904759994,0.7288487209428497
0.5024918783456087,0.4158449871465564,0.45013660471886396,0.015227770432829857,0.2007254147902131,0.8521438138559461,6.3430098981483606e-06,0.6164569292987783,0.24615969797156612,0.30952245994835914,0.6164569292987783
0.030374471098184586,0.422540376894176,0.33968697767704725,0.010487842373549938,0.29717281833291054,0.8276831526309252,6.339234841299913e-06,0.9406024991388908,0.1846464701982308,0.4124923848100314,0.9406024991388908
0.032476005144417286,0.6378528429195285,0.23410512134432793,0.03192629851400852,0.24699509516358376,0.959006043151021,6.337402773074869e-06,0.623522506640228,0.24916563884124535,0.2940624648446631,0.623522506640228
0.06617271341383457,0.41501996107399464,0.761342822574079,0.17087273206561804,0.13559362012892962,0.6567000029608607,6.330592294827439e-06,0.7077415800110073,0.22324602997791515,0.31745833740366025,0.7077415800110073
0.08683181460946798,0.3761920118704438,0.5200252206996083,0.06832328904420137,0.26286668237298727,0.8939954480156302,6.328717663963132e-06,0.8656017071387772,0.20915932061901987,0.3741573524672846,0.8656017071387772
0.29479823261499405,0.34458595234900713,0.8745545037090778,0.2603208292275667,0.0033195912837982178,0.9784952457994223,6.328189453364694e-06,0.5237564302463966,0.27536142986036033,0.2184375215572818,0.5237564302463966
0.03717463277280331,0.1554270749911666,0.8718777503818274,0.26655474305152893,0.22701940592378378,0.9648820394650102,6.327569168431264e-06,0.6989922557863143,0.2559149572761921,0.2612414454154254,0.6989922557863143
0.03330996539443731,0.12975583039224148,0.6675942540168762,0.5153500307351351,0.4995615519583225,0.9860039614140987,6.323157515852854e-06,0.4979948763477941,0.28996839495518445,0.2136778265998622,0.4979948763477941
0.07081320229917765,0.07363530900329351,0.7004176685586572,0.4011793527752161,0.3561454592272639,0.9653824819251895,6.321199969985409e-06,0.6036097309276974,0.27004474941444906,0.2425935473496332,0.6036097309276974
