x1,x2,x3,x4,x5,x6,x7,x8,ensemble_ei,ensemble_mu_mean_model,ensemble_sigma_mean_model,ensemble_mu_std_model,ensemble_mu_mean_original_approx
0.006096409633755684,0.013778584077954292,0.36206217110157013,0.014233159832656384,0.8121651047840714,0.7965600565075874,0.003126257099211216,0.5199308255687356,0.0008458394324121882,9.746689057231718,0.2627178205042469,0.07316592923915512,9.746689057231718
0.023675491102039814,0.005520996637642384,0.4868560144677758,0.16374892089515924,0.9203604087233543,0.9693636763840914,0.008556426502764225,0.7670352198183537,0.0006446168565330177,9.531647978735132,0.3325459067241839,0.07501619164305921,9.531647978735132
0.284433301538229,0.06080620642751455,0.12986299116164446,0.013605793006718159,0.9248759606853127,0.9523805379867554,0.11488262191414833,0.8914418807253242,0.0006325535587472346,9.753577585571957,0.24705883607066295,0.07643251219797417,9.753577585571957
0.36800883896648884,0.03485552128404379,0.017518245615065098,0.06744040083140135,0.6647176565602422,0.014047905802726746,0.07871408015489578,0.7015393255278468,0.0005669753667780464,9.547954797707172,0.3027722080957189,0.10241262524984426,9.547954797707172
0.45296402275562286,0.04143939819186926,0.025272109545767307,0.05275196395814419,0.90734051913023,0.22375773452222347,0.04771333001554012,0.43939927592873573,0.0005263383320544827,9.47577235805959,0.32304481650177236,0.10816605030392507,9.47577235805959
0.197344402782619,0.0379012543708086,0.051133512519299984,0.0010859966278076172,0.9377691177651286,0.09119710046797991,0.30642947647720575,0.017750194296240807,0.0005199271099341488,9.702380660462582,0.2587410049577802,0.07651939962226015,9.702380660462582
0.01107568759471178,0.1677349666133523,0.049003283493220806,0.926821150816977,0.9153716191649437,0.7685107123106718,0.006967088207602501,0.36473676934838295,0.0005042053077189166,9.317449631415506,0.11257991042381352,0.18781602228225916,9.317449631415506
0.02103658765554428,0.24635812547057867,0.29778107162564993,0.06675089709460735,0.9882876006886363,0.6733167739585042,0.05566122196614742,0.9469941267743707,0.0004893926905910739,9.80824203167214,0.2248389008979719,0.07445550593273068,9.80824203167214
0.4009503973647952,0.22135193645954132,0.10422248858958483,0.05716555379331112,0.902005479671061,0.02022079285234213,0.0949066411703825,0.9644983876496553,0.0004785386115428963,9.584092490882515,0.28576212463638145,0.09659561392750407,9.584092490882515
0.29030401911586523,0.0463169626891613,0.0348636107519269,0.17973938770592213,0.950773075222969,0.028743542730808258,0.143397755920887,0.22020634543150663,0.00046721274394333554,9.639176314611168,0.27021120453363756,0.08733212428402568,9.639176314611168
0.016599832102656364,0.6788910776376724,0.2297117467969656,0.03326705563813448,0.9100980293005705,0.9239364834502339,0.01770208030939102,0.8246244490146637,0.00044382652300754307,9.60588948407151,0.29214752130647986,0.10846571593016052,9.60588948407151
0.31068612914532423,0.024576623924076557,0.0317536536604166,0.0032172854989767075,0.5876185577362776,0.3448578901588917,0.0572600057348609,0.2596613960340619,0.0004373842999342704,9.617138647221552,0.2742646783535246,0.09433276659201274,9.617138647221552
0.09185833297669888,0.09670908562839031,0.06392015423625708,0.9312653178349137,0.8944611707702279,0.9720459869131446,0.08480296842753887,0.858555244281888,0.0004348317373508824,9.334070291573736,0.23280904977597083,0.17699131268135954,9.334070291573736
0.33996030781418085,0.12219287734478712,0.04950164910405874,0.04391722660511732,0.7303800098598003,0.07822467014193535,0.034485986456274986,0.42080596927553415,0.0004193997957014562,9.607038023654148,0.27174283765791346,0.09840238306921792,9.607038023654148
0.07508906722068787,0.0013339845463633537,0.1907686833292246,0.028391205705702305,0.9010593416169286,0.13944263756275177,0.03391299210488796,0.9144598543643951,0.000416455182861876,9.877103889304289,0.15969614796383197,0.060559153840225664,9.877103889304289
0.05875425413250923,0.006885655224323273,0.08130169101059437,0.8966612033545971,0.782950165681541,0.705414897762239,0.07728768046945333,0.9454744588583708,0.0004151575247025737,9.391973486366531,0.23149481042242773,0.16571659519484022,9.391973486366531
0.3923054551705718,0.005862021818757057,0.09155478980392218,0.31521772034466267,0.9980670884251595,0.4611498126760125,0.056903136894106865,0.9957428853958845,0.000413410838438334,9.560542264337947,0.28632530319394034,0.08893715531987427,9.560542264337947
0.4358958676457405,0.183819267898798,0.07224104087799788,0.081535829231143,0.9618084579706192,0.07304551731795073,0.018451973795890808,0.18275032192468643,0.00040763164208173065,9.491786210877306,0.3058595599982864,0.10896602780039168,9.491786210877306
0.32143136393278837,0.013661189004778862,0.23329312726855278,0.04105654265731573,0.996048441156745,0.05325495731085539,0.2926385859027505,0.6208069790154696,0.0004072020709353252,9.74181671364586,0.2323306800426783,0.07823997916811802,9.74181671364586
0.3839340666308999,0.01655819732695818,0.03962952829897404,0.10962248872965574,0.8281814558431506,0.38513280637562275,0.08876016829162836,0.5063061136752367,0.0004061629911398519,9.573655502632272,0.27996428978522386,0.09318262831572154,9.573655502632272
0.41985991783440113,0.07655970100313425,0.011552426964044571,0.02511351089924574,0.7688514981418848,0.45712642185389996,0.040198653005063534,0.3505346402525902,0.00040546169917228645,9.477295596442088,0.3110908530731301,0.10779216604000874,9.477295596442088
0.03688668552786112,0.19948157761245966,0.11870283726602793,0.008651494048535824,0.11950095929205418,0.9050149824470282,0.04124108888208866,0.05899838823825121,0.000404486041650952,9.642226483811422,0.27690274801182824,0.09397581381849276,9.642226483811422
0.2963092466816306,0.011345017701387405,0.2539909966289997,0.08610306866466999,0.9756117668002844,0.2510809265077114,0.06061713024973869,0.4798060730099678,0.0004013019187446909,9.786667340098598,0.2080214473628719,0.06204375526204798,9.786667340098598
0.4315511789172888,0.08297475893050432,0.04379245359450579,0.005289128050208092,0.9961655829101801,0.6965616904199123,0.19303990434855223,0.7678240919485688,0.0003930482584652336,9.524497377406355,0.30129685968600345,0.09716461841032079,9.524497377406355
0.024306572042405605,0.08750921115279198,0.10937504097819328,0.9998545832931995,0.8466747123748064,0.636844570748508,0.059504144825041294,0.16472585871815681,0.0003889200246214174,9.3093366725398,0.195220280698874,0.18558377936412743,9.3093366725398
0.3493107231333852,0.0047313617542386055,0.17730152420699596,0.07389380782842636,0.8144597429782152,0.6567235924303532,0.030868458561599255,0.08527704421430826,0.0003876274577953317,9.668716132143386,0.24935607551187514,0.07135356018607132,9.668716132143386
0.0004780897870659828,0.077545459382236,0.005203955806791782,0.7005059542134404,0.9501540968194604,0.7172510996460915,0.09012421034276485,0.33348459750413895,0.0003848550025175664,9.455382487962542,0.1900443711791052,0.1467787364221467,9.455382487962542
0.11997171211987734,0.06014537252485752,0.09590354654937983,0.9535299250856042,0.9537911862134933,0.93466458003968,0.03624226152896881,0.015314258635044098,0.00038138685698634094,9.303572175660408,0.23006512697045955,0.17607254839470082,9.303572175660408
0.2332664653658867,0.11754842661321163,0.022569970227777958,0.1024591252207756,0.8779508788138628,0.0030306288972496986,0.3222751906141639,0.8619786910712719,0.0003751532796230245,9.64339589804637,0.2686312441239186,0.09334367539584039,9.64339589804637
0.011488530784845352,0.252190500497818,0.2025264911353588,0.0027560628950595856,0.2040354423224926,0.97913683578372,0.024368243291974068,0.5313325617462397,0.00037372411392950957,9.696441259660652,0.25510418574452276,0.09411927310342225,9.696441259660652
0.008506881073117256,0.053263671696186066,0.5023230174556375,0.09998583700507879,0.9229058846831322,0.11694659851491451,0.030653808265924454,0.6043956261128187,0.0003708503936191416,9.482006704807388,0.3208129528861,0.08157500109573688,9.482006704807388
0.47959918063133955,0.11425062548369169,0.05725163873285055,0.09370100311934948,0.9710650080814958,0.18295306898653507,0.06549794226884842,0.6576784234493971,0.00036851806379541255,9.462690450136451,0.3116584313906867,0.10760128560042284,9.462690450136451
0.3039749339222908,0.035953584127128124,0.1601305939257145,0.016797855496406555,0.8401401797309518,0.20545716769993305,0.14956043660640717,0.47304089181125164,0.00036713303190719147,9.780835510753192,0.2072984820798884,0.062354464050638776,9.780835510753192
0.2632320784032345,0.11131568998098373,0.0009290529415011406,0.2050557378679514,0.8894823649898171,0.06551458314061165,0.2198371198028326,0.8769314894452691,0.00036713060496752694,9.610090995134804,0.27478469833993474,0.09901404184491602,9.610090995134804
0.009295666590332985,0.9585966244339943,0.059305230155587196,0.010893131606280804,0.8766288487240672,0.5065257679671049,0.10247218701988459,0.981697422452271,0.0003654051301223159,9.387661578638255,0.3455166301285898,0.15171743262011253,9.387661578638255
0.04650375060737133,0.2395772384479642,0.017017965205013752,0.9657254377380013,0.9785926276817918,0.824755834415555,0.11416731029748917,0.5214619617909193,0.0003629404541211694,9.271663690309085,0.20476192890295328,0.1853553742095198,9.271663690309085
0.030856434255838394,0.29744652938097715,0.03885270748287439,0.8748182877898216,0.9545829426497221,0.9918194282799959,0.07598928362131119,0.26231659576296806,0.0003593188666518772,9.306178741771234,0.19466865212229575,0.1750962390653766,9.306178741771234
0.37079604901373386,0.015033701434731483,0.05250753369182348,0.22126863338053226,0.9568919567391276,0.6088315527886152,0.019941220991313457,0.3303672783076763,0.00035049690607749065,9.55524483428223,0.28151317337935916,0.08960406886250197,9.55524483428223
0.23945952113717794,0.21650833263993263,0.044049689546227455,0.04146438278257847,0.9239299418404698,0.8332599317654967,0.05294383689761162,0.9717845739796758,0.0003431000162841722,9.689672414326607,0.2518187619573243,0.09625215616391794,9.689672414326607
0.33349316753447056,0.06333816517144442,0.17363665346056223,0.06103781331330538,0.9825349478051066,0.4720270726829767,0.12580981198698282,0.3158253896981478,0.0003428364981656362,9.75486808381048,0.2107473727279122,0.0622799050004804,9.75486808381048
0.24151187296956778,0.07164069078862667,0.0063760969787836075,0.002407311461865902,0.4739322727546096,0.1946309944614768,0.1296460684388876,0.06015897449105978,0.0003410131180048372,9.60745361353866,0.27707157149800826,0.09640827606562499,9.60745361353866
0.0431123711168766,0.1306042755022645,0.42951795272529125,0.034210835583508015,0.5917078675702214,0.06359847355633974,0.004108208231627941,0.546927616931498,0.00033878241426532743,9.590206773155277,0.27619746291174774,0.09216378278016821,9.590206773155277
0.026706126518547535,0.04047630727291107,0.45971166249364614,0.00020948052406311035,0.7080162670463324,0.37666234001517296,0.0744097251445055,0.13803937565535307,0.00033795359202146353,9.561103665481722,0.29138274923807483,0.0826497370613508,9.561103665481722
0.3726775888353586,0.04256938584148884,0.26795182935893536,0.0026350561529397964,0.9934493945911527,0.8623204324394464,0.18035815563052893,0.08631995227187872,0.0003339616880917779,9.666516671649518,0.23488377745316216,0.07595872199105742,9.666516671649518
0.02084035612642765,0.15673073939979076,0.1742244604974985,0.7775209797546268,0.8052289122715592,0.9667733795940876,0.012523217126727104,0.1097588399425149,0.0003296990650226371,9.436758440686164,0.22212505163034657,0.1500176082252596,9.436758440686164
0.3976068999618292,0.026642130687832832,0.16491192113608122,0.21239494625478983,0.9392854664474726,0.31780216842889786,0.07917573396116495,0.753341875039041,0.00032934092830161105,9.645758151177109,0.24411626545261406,0.07887150101793303,9.645758151177109
0.29115221556276083,0.0036330530419945717,0.0073530105873942375,0.030848446302115917,0.6786183100193739,0.6215740498155355,0.20913613867014647,0.8723997212946415,0.0003283601895554887,9.621448349388226,0.26678606054676457,0.09561260006385525,9.621448349388226
0.0026205386966466904,0.7980384547263384,0.011487118899822235,0.36269530560821295,0.9726901296526194,0.947440542280674,0.05031436774879694,0.9504523882642388,0.00032789191152499114,9.359016078844535,0.3360703558433671,0.1459363102332523,9.359016078844535
0.21795423422008753,0.08405503537505865,0.22659582272171974,0.0077463798224925995,0.7034690314903855,0.05853489972651005,0.0480408426374197,0.9448167504742742,0.0003241731395079493,9.808805426724842,0.19439042908329082,0.06511078002961104,9.808805426724842
0.07255337201058865,0.07975906599313021,0.165887163951993,0.1920155929401517,0.14305584412068129,0.9984030434861779,0.0038653798401355743,0.06604014709591866,0.00032360697723512755,9.610579374199832,0.2777572973338216,0.09007358011214993,9.610579374199832
0.40344733465462923,0.010156133212149143,0.01522515993565321,0.10606850497424603,0.9368356270715594,0.6477041840553284,0.1781250135973096,0.11209075432270765,0.0003230630968351978,9.488982405914332,0.3032722820333124,0.09795625929570792,9.488982405914332
0.27466984558850527,0.4791711587458849,0.02059698197990656,0.026591877453029156,0.9912010794505477,0.16258899122476578,0.16790283471345901,0.992291965521872,0.0003215205223602312,9.55943320301305,0.28660464845880584,0.11559773349375951,9.55943320301305
0.34571177046746016,0.23054515942931175,0.2037387490272522,0.02904680371284485,0.850552462041378,0.0351223973557353,0.1961160972714424,0.9982309564948082,0.00032113420243718333,9.69092573456609,0.24327259976685256,0.07895825191968125,9.69092573456609
0.42239846009761095,0.10258788894861937,0.17154950182884932,0.022531777620315552,0.7440483020618558,0.8691645804792643,0.09976295009255409,0.9997559059411287,0.00032050349221446063,9.578175783869943,0.2768450747752769,0.08160025455345973,9.578175783869943
0.012590843252837658,0.0654868558049202,0.0849744277074933,0.9716957965865731,0.8883119840174913,0.39208791498094797,0.20353392977267504,0.7149622784927487,0.000317607681371153,9.34900879561539,0.24736293048094246,0.1717098700207421,9.34900879561539
0.5129763362929225,0.051823949441313744,0.04679413605481386,0.08048080559819937,0.8037945246323943,0.16312176827341318,0.03603025432676077,0.585518404841423,0.0003114481055638295,9.38355989662194,0.32855114979930194,0.11272351891683476,9.38355989662194
0.33510228618979454,0.006109238602221012,0.10808723885565996,0.12812934536486864,0.853694430552423,0.24367463681846857,0.2815930927172303,0.8737097149714828,0.0003104411600637015,9.667727426350817,0.24731863532632395,0.08869819299250908,9.667727426350817
0.09597532730549574,0.04236864764243364,0.02282964065670967,0.7215677723288536,0.8736768243834376,0.9837012141942978,0.06809836532920599,0.48681478574872017,0.0003087811784831717,9.4305954584381,0.21054128873035055,0.1474764832978233,9.4305954584381
0.029909688979387283,0.024352689273655415,0.2574014710262418,0.30869931913912296,0.8922260645776987,0.8730262769386172,0.09724672697484493,0.9782472671940923,0.00030632495565210185,9.768536997343993,0.21969137571534628,0.06924863989973366,9.768536997343993
0.009221353568136692,0.022536542266607285,0.20907716359943151,0.24687885213643312,0.5164055377244949,0.8755871299654245,0.01215820200741291,0.9880649382248521,0.00030561478271268487,9.73589418452874,0.22955750912775297,0.07706977671048909,9.73589418452874
0.3359496984630823,0.30564934853464365,0.06377139315009117,0.011147407814860344,0.7842750083655119,0.8229608936235309,0.022094164043664932,0.8974495064467192,0.00030540107584941563,9.564684497703011,0.2795048368858777,0.10245667059458761,9.564684497703011
0.05653336085379124,0.12027433793991804,0.02924555167555809,0.976777390576899,0.33019645791500807,0.9412689432501793,0.04160611890256405,0.9372931467369199,0.0003042043945914613,9.204238542735583,0.27278451608070736,0.17688612708308676,9.204238542735583
0.3237284990027547,0.07363525964319706,0.048369430005550385,0.1481871223077178,0.8747840542346239,0.2932996600866318,0.13588252756744623,0.06884256657212973,0.0003030743622657905,9.613118038020813,0.2610255850231602,0.08606533669433568,9.613118038020813
0.34323198441416025,0.08003982715308666,0.02198901865631342,0.1361218262463808,0.8912067133933306,0.547886760905385,0.10120152402669191,0.549607714638114,0.00030256505472549245,9.592037048772541,0.266125304773115,0.09251069677227375,9.592037048772541
0.31393606774508953,0.08817015681415796,0.14727123081684113,0.03355947136878967,0.7512311665341258,0.748064361512661,0.10578103084117174,0.8045246032997966,0.00030143718386006486,9.731647809462817,0.2244301900761762,0.06500961379926759,9.731647809462817
0.28041343204677105,0.05822629667818546,0.07564757205545902,0.020182850770652294,0.10287897195667028,0.04577099438756704,0.04378582537174225,0.5297872759401798,0.00030022176305112433,9.56931687565413,0.2771515519287526,0.10407097096114547,9.56931687565413
0.05371158570051193,0.22231930680572987,0.0978737622499466,0.7328479066491127,0.816527122631669,0.780132801271975,0.019834107719361782,0.9767266232520342,0.0002969354286718831,9.473804980878953,0.21501536302412327,0.1394341296367785,9.473804980878953
0.40562175679951906,0.15483927261084318,0.035198318772017956,0.06701500248163939,0.4765850016847253,0.25506799668073654,0.004461287520825863,0.9182387227192521,0.00029687410796786786,9.450001842947843,0.3040346238129929,0.11167675391404804,9.450001842947843
0.005571945570409298,0.05009521543979645,0.07412106450647116,0.6750769764184952,0.4368573287501931,0.9530767714604735,0.05660936888307333,0.2838108269497752,0.00029467893093416226,9.437150858346032,0.22441205085975294,0.1322751925530668,9.437150858346032
0.4549162006005645,0.033033907413482666,0.15006592124700546,0.15549640730023384,0.7976345950737596,0.04118753597140312,0.057782186195254326,0.19229488167911768,0.00029386408562769614,9.51766162661189,0.2821797190444374,0.09277794924960553,9.51766162661189
0.0758233480155468,0.14194107335060835,0.0032715871930122375,0.9876285530626774,0.8361978335306048,0.6227589640766382,0.10654568765312433,0.6747796554118395,0.00029323828529083986,9.262773386460232,0.2226072899069,0.18338542465844992,9.262773386460232
0.03584511764347553,0.017551793716847897,0.037189207039773464,0.6607926683500409,0.890343427658081,0.6250596232712269,0.046400584280490875,0.5527169276028872,0.0002908014784050519,9.520314281013734,0.18288683538051462,0.13592417270052323,9.520314281013734
0.09767216444015503,0.1035815067589283,0.34468421060591936,0.032352035865187645,0.8886419041082263,0.529866173863411,0.026129022240638733,0.6752159716561437,0.0002875289634078611,9.80111871835379,0.2024522557119304,0.06374522331659523,9.80111871835379
0.05123582575470209,0.07883258815854788,0.04239991120994091,0.9047604976221919,0.9639094080775976,0.026201877743005753,0.25865244399756193,0.629195868037641,0.0002869300997523747,9.352233584362802,0.28794530359119824,0.149610917808135,9.352233584362802
0.42571834195405245,0.06821096502244473,0.13634647894650698,0.1724002966657281,0.8775293631479144,0.27644868567585945,0.03403220232576132,0.09757847804576159,0.0002862948380027824,9.547028472434526,0.2729412589934192,0.0897222426910813,9.547028472434526
0.20235286466777325,0.2591419080272317,0.18453576229512691,0.059211377054452896,0.9921472920104861,0.058606951497495174,0.22703400254249573,0.8865594817325473,0.00028541598607981916,9.806145060112037,0.21127568169614397,0.06648762437614138,9.806145060112037
0.08168367575854063,0.15126685425639153,0.12800478283315897,0.8382951226085424,0.9468955788761377,0.6745344549417496,0.10050516668707132,0.9295668816193938,0.000284779742737788,9.461912242532572,0.22227465738483,0.1452965409335666,9.461912242532572
0.06974545307457447,0.2516587879508734,0.14742762129753828,0.8912765746936202,0.9235530458390713,0.5857651643455029,0.043062455020844936,0.9511770000681281,0.0002832485071942997,9.409380749497409,0.23398276017563024,0.1565713033558669,9.409380749497409
0.2591323647648096,0.1776318959891796,0.06436606030911207,0.03169876616448164,0.7044150875881314,0.15776964742690325,0.11195654980838299,0.9264653911814094,0.00028116060832587304,9.709866473737948,0.23178560736910875,0.0868202089334767,9.709866473737948
0.02831433340907097,0.2775879856199026,0.0038977330550551414,0.9612254435196519,0.6660726368427277,0.39702072367072105,0.008915762417018414,0.6413236735388637,0.00028021097743752526,9.240921328192305,0.22921182540278046,0.18124457380992254,9.240921328192305
0.24267623759806156,0.035485660657286644,0.23387425765395164,0.19678579736500978,0.9769666101783514,0.5044984146952629,0.005900110118091106,0.8084183409810066,0.000279690571323238,9.791472010201561,0.20501781363704924,0.06742977834600505,9.791472010201561
0.35312078706920147,0.04787326417863369,0.3021335219964385,0.029720722697675228,0.7715676771476865,0.10777147859334946,0.08219283353537321,0.5437878202646971,0.0002794582068465646,9.689885982019245,0.2338945234807591,0.07067138731819538,9.689885982019245
0.08231803867965937,0.08795521594583988,0.04060501139611006,0.10706072207540274,0.00357048399746418,0.798160339705646,0.007834594696760178,0.31906542275100946,0.00027669741873386595,9.576533227584322,0.2872973944851946,0.10497663497857143,9.576533227584322
0.5302623147144914,0.1946406764909625,0.1072049904614687,0.024051496759057045,0.9968126835301518,0.3065105639398098,0.030433110892772675,0.8850184679031372,0.00027611426335283877,9.407098111080163,0.3207984354305693,0.11109528760168434,9.407098111080163
0.25736896600574255,0.0945546654984355,0.16379569750279188,0.09775195736438036,0.9846865683794022,0.8918625675141811,0.006263459101319313,0.234686647541821,0.0002751586116668842,9.742261032026999,0.21866408527211956,0.07763139318347732,9.742261032026999
0.14644384663552046,0.08723757974803448,0.33746357075870037,0.01995510421693325,0.6146138729527593,0.9009702075272799,0.01632713619619608,0.6206002198159695,0.00027397881816285753,9.749190846091972,0.22680269277947976,0.07093417428413326,9.749190846091972
0.0364430695772171,0.34933631122112274,0.12965316884219646,0.9366189409047365,0.7538145016878843,0.8505043871700764,0.05265246145427227,0.8525475291535258,0.00027283377212665265,9.314287246921515,0.23866964892681075,0.1715847060453158,9.314287246921515
0.3170834481716156,0.0375270489603281,0.21141074411571026,0.09013136941939592,0.36218278389424086,0.9838900035247207,0.009703036397695541,0.8127097859978676,0.0002726085531249029,9.612199766071887,0.26545869783707104,0.08747603827544889,9.612199766071887
0.01588224433362484,0.125371802598238,0.3734123492613435,0.05693184118717909,0.3824581978842616,0.9072178918868303,0.09106842335313559,0.9358955416828394,0.0002724166485426455,9.660288053072202,0.25440638788551867,0.07364549513981548,9.660288053072202
0.09816599451005459,0.02936975099146366,0.044765789061784744,0.023968467488884926,0.1716151712462306,0.11178504396229982,0.14774501882493496,0.08061386086046696,0.0002717916017806769,9.643275877889437,0.26338637816321664,0.08525303015328775,9.643275877889437
0.08888387121260166,0.06552419438958168,0.3879867158830166,0.15624903235584497,0.2937138630077243,0.9046799028292298,0.007101035676896572,0.15731386188417673,0.00027146568763573154,9.56875297927206,0.2869540948127291,0.08920556263890708,9.56875297927206
0.028481015004217625,0.03683557268232107,0.06122698076069355,0.8767697596922517,0.266952620819211,0.9039485789835453,0.08722276240587234,0.21807229425758123,0.0002709929445700961,9.273141503939609,0.2518799566082452,0.15446620858741766,9.273141503939609
0.02860816102474928,0.5769548285752535,0.040399208664894104,0.1893590483814478,0.9936671750620008,0.7224323023110628,0.033310829661786556,0.895153527148068,0.000270222012888463,9.59981811522244,0.24145347273634662,0.12018159909984259,9.59981811522244
0.14142104238271713,0.05170799233019352,0.00995080266147852,0.609582775272429,0.9974997593089938,0.010126467794179916,0.010937114246189594,0.6623583380132914,0.00026836688564250153,9.515079109624494,0.26005338827058117,0.11896998328727663,9.515079109624494
0.03993862587958574,0.40268869884312153,0.06898563355207443,0.8407539995387197,0.8374812202528119,0.5539081646129489,0.005702071823179722,0.9236269351094961,0.00026829757541726876,9.347493176793446,0.2389229968951346,0.15959026661288064,9.347493176793446
0.1683134427294135,0.031908564269542694,0.46746069844812155,0.11253903526812792,0.9655316798016429,0.35443844832479954,0.043410297483205795,0.8777294270694256,0.0002663421189520724,9.596630758598778,0.27563255221177096,0.0622692232405339,9.596630758598778
0.2502147415652871,0.13292973674833775,0.1900193216279149,0.048880417831242085,0.9576689098030329,0.2683694018051028,0.2042264649644494,0.8371093012392521,0.00026499135459981155,9.83142629564291,0.19330978364261878,0.05803322576673715,9.83142629564291
0.3988388003781438,0.0021981559693813324,0.26174384728074074,0.04211765434592962,0.7330957083031535,0.47885691560804844,0.09211643226444721,0.7234038403257728,0.00026478827528477524,9.66782054029979,0.23611690440481617,0.06817795633889175,9.66782054029979
0.3610495710745454,0.029581830836832523,0.14311618264764547,0.08541503269225359,0.9193063694983721,0.4347062613815069,0.2374207740649581,0.5350348129868507,0.0002644785035754989,9.699121220937467,0.22601671581529678,0.07598347222912893,9.699121220937467
0.3249990073964,0.1598329721018672,0.08267835341393948,0.1891288598999381,0.8390574678778648,0.921744248829782,0.09026184119284153,0.9835060592740774,0.0002628652012451178,9.59925770367895,0.2668004401063956,0.08969388069655376,9.59925770367895
0.0015586046501994133,0.30777502432465553,0.1635858714580536,0.959894934669137,0.8131292006000876,0.8052451089024544,0.06848384439945221,0.009298943914473057,0.0002613885337418395,9.289606570023421,0.23659263890976356,0.17693623770755892,9.289606570023421
0.03336458187550306,0.012396729551255703,0.2060959218069911,0.8115871828049421,0.9222695846110582,0.5286480160430074,0.0672150244936347,0.7003913773223758,0.00026135687583181687,9.513368791049588,0.22521376051712363,0.1386721343027646,9.513368791049588
0.3788222661241889,0.37512002140283585,0.18479251954704523,0.019282467663288116,0.9316294454038143,0.4062732048332691,0.02722624596208334,0.8696793904528022,0.0002603771868314728,9.603249822718555,0.25938941717890335,0.09218104155069981,9.603249822718555
0.03923553228378296,0.02893054112792015,0.11353796254843473,0.8856945419684052,0.9520365325734019,0.452178199775517,0.15979416947811842,0.43417555000633,0.00025995399767310374,9.431113450452637,0.2125973339983616,0.15485983130271277,9.431113450452637
0.016353296115994453,0.013826224021613598,0.007973238825798035,0.9917533798143268,0.8987124478444457,0.06706275790929794,0.3702012347057462,0.473436270840466,0.00025960866724810815,9.22184722090464,0.3292186152367354,0.1652957153057478,9.22184722090464
0.3242358844727278,0.2836260171607137,0.09990981686860323,0.02316239010542631,0.94949303381145,0.08585273567587137,0.24424098432064056,0.4710081806406379,0.0002582777651379387,9.658596890292618,0.24643405690051934,0.08780398239582786,9.658596890292618
0.08753939718008041,0.13652037736028433,0.03550021443516016,0.9839219758287072,0.9288144810125232,0.34464650601148605,0.12658603955060244,0.19364749174565077,0.0002574443013725258,9.286084888850956,0.23258801236620208,0.17217335166206718,9.286084888850956
0.573953228071332,0.015178222209215164,0.029901614412665367,0.019706541672348976,0.9433859921991825,0.44559327978640795,0.07701557874679565,0.39071222208440304,0.00025571625071256444,9.287668099741035,0.35296777251160544,0.1205755299924818,9.287668099741035
0.006727486848831177,0.08020283561199903,0.23465749341994524,0.8348657842725515,0.9874437181279063,0.565602601505816,0.0538259157910943,0.4196355948224664,0.0002556978370197454,9.47874782931866,0.23239333606862128,0.14546197771963246,9.47874782931866
0.00891699269413948,0.5487045561894774,0.09221217129379511,0.7488946625962853,0.9522106451913714,0.2687569446861744,0.059719473123550415,0.9171527903527021,0.00025489691380971795,9.38225952265717,0.2792368823371948,0.14259350202200144,9.38225952265717
0.10987447388470173,0.004401771351695061,0.010576707310974598,0.004237785004079342,0.06337346415966749,0.8585520153865218,0.12091036327183247,0.5373479081317782,0.0002541051964837968,9.607581460164607,0.27737044150910345,0.1023756553684981,9.607581460164607
0.33085933700203896,0.16415387019515038,0.20789977069944143,0.10212734062224627,0.9481625789776444,0.8445437969639897,0.08556023426353931,0.7285352824255824,0.00025364798332123777,9.71980261761033,0.22409237967478401,0.07072518864971437,9.71980261761033
0.010629521682858467,0.9934675442054868,0.02398025617003441,0.16868864931166172,0.7449731351807714,0.10130944848060608,0.04308861680328846,0.11075414903461933,0.00025283144010413263,9.251393394547634,0.36241756538767944,0.1531471602923733,9.251393394547634
0.08969853073358536,0.030409072525799274,0.015403793193399906,0.9448683597147465,0.4690516600385308,0.7371990084648132,0.05020472314208746,0.7742105955258012,0.0002511527806556376,9.256970781913715,0.24646520383484977,0.17145512315327885,9.256970781913715
0.011351034045219421,0.2910430124029517,0.0007726326584815979,0.8467312725260854,0.8106733988970518,0.22924813628196716,0.1575535498559475,0.8673641653731465,0.00024980148074889123,9.336244074488906,0.2664963570596661,0.1522671965606264,9.336244074488906
0.19482584297657013,0.013060947880148888,0.0027017267420887947,0.11656731553375721,0.32160413824021816,0.8793122479692101,0.02690986916422844,0.29070745036005974,0.0002495873586563273,9.56475629513998,0.28579644781510355,0.10248755376225716,9.56475629513998
0.010189500637352467,0.37863369192928076,0.26800793316215277,0.49107139836996794,0.9780680052936077,0.8989920979365706,0.04043159633874893,0.8909628437831998,0.0002480660638805776,9.606958125212422,0.2566112899042832,0.11370738350098507,9.606958125212422
0.01514493953436613,0.1092344569042325,0.11251563113182783,0.8170132488012314,0.7410332374274731,0.9847884839400649,0.14511929266154766,0.3127004746347666,0.000247398596557499,9.409261786483867,0.20206300565657545,0.15149158473653787,9.409261786483867
0.05792649742215872,0.3574403813108802,0.0044317832216620445,0.771636575460434,0.8928115805611014,0.9159209858626127,0.06064613722264767,0.6055723633617163,0.0002468352455327165,9.339778596072982,0.21456982155326043,0.15803734909046463,9.339778596072982
0.055901773273944855,0.03815642185509205,0.40573470387607813,0.17216670885682106,0.40485862735658884,0.6712499419227242,0.02999652735888958,0.005941589362919331,0.0002467042541960071,9.560231387281055,0.2852919281472739,0.08480342934156578,9.560231387281055
0.3255071612074971,0.1089658010751009,0.27161692921072245,0.11679316218942404,0.8333390392363071,0.04700884595513344,0.03894228208810091,0.3245283253490925,0.0002462969682709515,9.689223995409835,0.22928025100332947,0.08012374493800929,9.689223995409835
0.03785110544413328,0.6366127217188478,0.07259311992675066,0.9837968619540334,0.9784596441313624,0.12676568143069744,0.02102222852408886,0.23015204817056656,0.00024446827577438257,9.154162254587725,0.31770167850144443,0.17593497366563268,9.154162254587725
0.008002613671123981,0.13192516192793846,0.021580454893410206,0.7681111767888069,0.7052304651588202,0.36318734288215637,0.06623633671551943,0.7278673900291324,0.00024293105773007866,9.423069286918041,0.20715863933504264,0.1474367347616188,9.423069286918041
0.07311876025050879,0.4924957938492298,0.08258299995213747,0.8626608029007912,0.980242676101625,0.7559051243588328,0.02748425304889679,0.7722479943186045,0.00024277811161996186,9.310369532588956,0.24951978006267775,0.16362133199958678,9.310369532588956
0.053611451759934425,0.39834165293723345,0.1942678177729249,0.9900529822334647,0.9456116743385792,0.7424244293943048,0.01381778810173273,0.6765835760161281,0.0002420626908838268,9.297363040162974,0.2575995961076195,0.1819149579617278,9.297363040162974
0.30685897916555405,0.34078444447368383,0.08151914272457361,0.03598783444613218,0.8918797634541988,0.6206591008231044,0.01506729144603014,0.7988221514970064,0.00024191891608830155,9.629545430781999,0.250429808225404,0.09809147991602624,9.629545430781999
0.13760150410234928,0.027664676308631897,0.005035843700170517,0.06967468280345201,0.798178181052208,0.29895871225744486,0.3319724705070257,0.958655908703804,0.00024166912464478906,9.69316248505449,0.23156842138390488,0.09627603054716882,9.69316248505449
0.017797177657485008,0.020053958520293236,0.33375511411577463,0.017879417166113853,0.9540679389610887,0.04975494183599949,0.2340929927304387,0.09458267688751221,0.00024053404972539685,9.706179148722134,0.2241341347221807,0.06468029003599111,9.706179148722134
0.21663252171128988,0.17868297081440687,0.38937146682292223,0.021758352406322956,0.9114297730848193,0.4424940263852477,0.013967270031571388,0.7422810196876526,0.00024033433041134117,9.702798188165415,0.23538899593833254,0.07654826756531921,9.702798188165415
0.042645443230867386,0.5451563987880945,0.26046893559396267,0.08293069060891867,0.8740779627114534,0.18417293578386307,0.017178521491587162,0.8854743810370564,0.00024033407077498562,9.673052332399136,0.24626031531852313,0.09750464941758548,9.673052332399136
0.017995034344494343,0.8598045650869608,0.006581471301615238,0.07199563924223185,0.9225683324038982,0.32906653732061386,0.2703631091862917,0.8720241002738476,0.0002390305087246668,9.38873893930994,0.32302082527966264,0.1361112139154244,9.38873893930994
0.007624237798154354,0.1637128610163927,0.094216532073915,0.6516334610059857,0.9765766812488437,0.091781928204,0.13574538845568895,0.7462096298113465,0.00023797410501657991,9.565699050980028,0.22800693338552783,0.11219053147378139,9.565699050980028
0.030579143203794956,0.17315781582146883,0.020684735849499702,0.9158220700919628,0.8183907195925713,0.015304531902074814,0.23013287968933582,0.7517680125311017,0.00023738262231389165,9.311504505857428,0.28935166611361274,0.15230879980293754,9.311504505857428
0.04004067089408636,0.22666595596820116,0.2230950901284814,0.569645905867219,0.958760972134769,0.9549200190231204,0.031005500815808773,0.7316363966092467,0.00023732487911219568,9.616638351062068,0.22583951468478183,0.11404419047658226,9.616638351062068
0.3876340677961707,0.1062645222991705,0.09975789859890938,0.014003505930304527,0.2848376287147403,0.15223706979304552,0.06188096106052399,0.6109263682737947,0.0002370882492387089,9.519045601953094,0.27197898157792705,0.10073971606432822,9.519045601953094
0.27223412971943617,0.11171880550682545,0.3780832262709737,0.06198533717542887,0.5770865306258202,0.9858297891914845,0.0027841711416840553,0.018460623919963837,0.00023707140481469936,9.553712852222912,0.28121545488687666,0.10033028861095356,9.553712852222912
0.3947791140526533,0.05431282427161932,0.13761304039508104,0.12392105907201767,0.6822693087160587,0.7856405433267355,0.021371448412537575,0.15554646402597427,0.000236993508037544,9.548887130768222,0.2705389510474712,0.08512553541361484,9.548887130768222
0.3711014427244663,0.2262295065447688,0.07902114186435938,0.17627187259495258,0.9913863176479936,0.23142456356436014,0.19056002795696259,0.7452747942879796,0.00023684939005762132,9.59459804171019,0.25845195293907786,0.09333106909088623,9.59459804171019
0.08322961069643497,0.13249612227082253,0.11528607923537493,0.6893173726275563,0.9905385747551918,0.5467660361900926,0.013418002054095268,0.8273026030510664,0.00023620839129122258,9.556433532452244,0.1983863337227384,0.12584483214855327,9.556433532452244
0.16521950904279947,0.6052507078275084,0.005348434671759605,0.02096540294587612,0.8860063683241606,0.10310550965368748,0.006517412140965462,0.7569315256550908,0.00023546692222378463,9.539146640675783,0.26292744127097817,0.13431353411122987,9.539146640675783
0.04423923138529062,0.8857853673398495,0.031228069216012955,0.09649721067398787,0.9403457064181566,0.5867538917809725,0.026505946181714535,0.13844882603734732,0.00023528064691880518,9.379141178893212,0.31211716046266136,0.14215067125716982,9.379141178893212
0.012013424187898636,0.9157652882859111,0.11136164143681526,0.1144470926374197,0.48635976295918226,0.7726248661056161,0.013001248240470886,0.9010072406381369,0.00023500945268178819,9.352736302200988,0.3449477550441172,0.13622953464508566,9.352736302200988
0.03832270111888647,0.04363549966365099,0.28046756982803345,0.02485119365155697,0.2649288550019264,0.5940610570833087,0.020782163366675377,0.25297778844833374,0.00023486724502676698,9.722539648762913,0.22876548823399634,0.07741881522564642,9.722539648762913
0.04845782462507486,0.24895880557596684,0.14175092056393623,0.8650886742398143,0.8709065839648247,0.8784232810139656,0.12411792576313019,0.7664911551401019,0.00023398499416734108,9.410877854573096,0.21879433405012605,0.15455756274285679,9.410877854573096
0.05434202216565609,0.25769969541579485,0.006772424094378948,0.026939408853650093,0.7603955138474703,0.010988588444888592,0.06398782692849636,0.9201775947585702,0.0002335801274514316,9.725294189902655,0.20864049451373579,0.1071603199031862,9.725294189902655
0.02882198803126812,0.9521814249455929,0.027073043398559093,0.023415712639689445,0.858359876088798,0.2772873304784298,0.1293179588392377,0.4003329537808895,0.00023333769800846845,9.355341390095113,0.32307858723253174,0.1479918422375333,9.355341390095113
0.0020890170708298683,0.3240050747990608,0.2512118173763156,0.04004564695060253,0.741548384539783,0.051761909388005733,0.053696016781032085,0.04340549372136593,0.0002331307832494739,9.717580123077049,0.22256102559402735,0.09601189741194521,9.717580123077049
0.30982297193259,0.05273165553808212,0.004580538719892502,0.16095069702714682,0.7839677184820175,0.7501887027174234,0.12336459383368492,0.6462982092052698,0.0002316741638181123,9.575412443669684,0.26718409813811544,0.09409437570449668,9.575412443669684
0.04756108485162258,0.011153812520205975,0.001065833494067192,0.6801569014787674,0.8446394503116608,0.4036260303109884,0.1904534064233303,0.0637573329731822,0.000230711804175598,9.446775309700461,0.244662190715859,0.12494049318712441,9.446775309700461
0.24816454481333494,0.05578221194446087,0.025766752660274506,0.3302777986973524,0.9606654532253742,0.6501521626487374,0.10680026933550835,0.9405290493741632,0.00023065561542604044,9.62324601146,0.2540774322027168,0.0936146086467721,9.62324601146
0.3642521509900689,0.021899554878473282,0.391711100935936,0.016398709267377853,0.7468255255371332,0.6877634637057781,0.02653425931930542,0.17762840166687965,0.00022984331366617496,9.552842071881576,0.2789562900042906,0.081375809450483,9.552842071881576
0.26136186346411705,0.0830652117729187,0.288417661562562,0.04869408346712589,0.9104224359616637,0.34315454959869385,0.07602043636143208,0.6365579534322023,0.0002280607711490011,9.806676790964378,0.1893697740920718,0.05625794896090525,9.806676790964378
0.008119641803205013,0.730844103731215,0.001911400817334652,0.08069999050348997,0.05758683476597071,0.013208797201514244,0.05529645271599293,0.4089179942384362,0.00022647945990459704,9.340217189534517,0.3435276544784408,0.12850873946925007,9.340217189534517
0.21992372255772352,0.19448332488536835,0.009860384277999401,0.05337709095329046,0.8410860719159245,0.0704253064468503,0.2135753259062767,0.3981076739728451,0.0002261561028129885,9.670300516257614,0.2435485669600796,0.09243898792910916,9.670300516257614
0.08151751104742289,0.19420997519046068,0.25156329944729805,0.0020681051537394524,0.7549542337656021,0.9670145148411393,0.08083891961723566,0.013901389203965664,0.00022594106652057376,9.775250976992483,0.1956249980616143,0.07919505811617203,9.775250976992483
0.0003418410196900368,0.46795483864843845,0.29163175355643034,0.0009883297607302666,0.15629680547863245,0.9131407355889678,0.12894842121750116,0.9872563444077969,0.00022573082404075983,9.576605786467505,0.2686103330649159,0.0950587187066075,9.576605786467505
0.3652536189183593,0.24074924737215042,0.24183439556509256,0.0013567553833127022,0.8844304606318474,0.8111902037635446,0.035489048808813095,0.3852642560377717,0.00022521277155371406,9.64899623355414,0.23666437956660086,0.08631333407698695,9.64899623355414
0.17622708529233932,0.01551677193492651,0.11841376777738333,0.05678363051265478,0.85155925527215,0.18119024112820625,0.13601508736610413,0.8886608574539423,0.00022426671040237246,9.843664255646226,0.18536338888978088,0.0644871659361451,9.843664255646226
0.3018761109560728,0.09599012788385153,0.12168459594249725,0.16848590224981308,0.9614212261512876,0.4460357064381242,0.30631980299949646,0.9625804079696536,0.0002241034738125863,9.69168163714182,0.23604937768684464,0.0828839346753484,9.69168163714182
0.012550202198326588,0.5002553034573793,0.13991631846874952,0.9403818948194385,0.6364204352721572,0.9838727889582515,0.018072832375764847,0.20291731506586075,0.00022406517960146235,9.208706164444395,0.27102426920755207,0.1772760865982095,9.208706164444395
0.27629566192626953,0.07005152199417353,0.0036803074181079865,0.10423612408339977,0.5263507356867194,0.3118700757622719,0.07168760988861322,0.6029176255688071,0.0002234906469342929,9.598496379196627,0.25812067892332297,0.09978575460006693,9.598496379196627
0.3603781536221504,0.039007664658129215,0.3127071876078844,0.2938521560281515,0.9298032280057669,0.05864066909998655,0.05132092908024788,0.9541308749467134,0.00022305472434521845,9.613012981543633,0.25432167149176843,0.08158148340408576,9.613012981543633
0.2097753994166851,0.031170896254479885,0.287437635473907,0.04320310615003109,0.24211479537189007,0.9729741895571351,0.03051170613616705,0.4483407000079751,0.00022283028704714325,9.663832331904644,0.2499735192650159,0.0812164256326593,9.663832331904644
0.18059192039072514,0.0034382306039333344,0.04207926522940397,0.26995913963764906,0.7877644961699843,0.9907284276559949,0.0072221411392092705,0.0045125847682356834,0.0002224403378614054,9.597709431004738,0.2605042836263722,0.09826071954128353,9.597709431004738
0.24200223479419947,0.059930600225925446,0.3238697675988078,0.058459687046706676,0.6943866005167365,0.6676621828228235,0.009071722626686096,0.7153241634368896,0.00022241827711732686,9.744718548477367,0.21852188252735513,0.06545201761043018,9.744718548477367
0.04347275570034981,0.03496250603348017,0.013732674531638622,0.1397312618792057,0.9187475247308612,0.1613026885315776,0.4021214535459876,0.2994431937113404,0.00022217082142284825,9.6450087529505,0.24980191146185593,0.0829691304983239,9.6450087529505
0.30944464076310396,0.24389916006475687,0.3185877678915858,0.018440677784383297,0.7936376743018627,0.15606630686670542,0.005732241086661816,0.05323081463575363,0.00022190429215534577,9.618034593392172,0.25340056023388546,0.10217428030196411,9.618034593392172
0.4014264391735196,0.04549382720142603,0.2892544437199831,0.1374350469559431,0.8962417664006352,0.8860261030495167,0.02601172123104334,0.3680740296840668,0.00022133786421536035,9.593388979801876,0.2600687050436347,0.08334325543996177,9.593388979801876
0.4928310299292207,0.1314722504466772,0.11772829294204712,0.020730438642203808,0.7909822789952159,0.28666901495307684,0.11803106125444174,0.8717273604124784,0.00021985190283683014,9.481733881561606,0.2869586825547567,0.09959812786250404,9.481733881561606
0.09147297963500023,0.019444109871983528,0.4763600416481495,0.0687964977696538,0.5352216409519315,0.2333497330546379,0.03714801836758852,0.8231155844405293,0.00021890857454032487,9.537663108516705,0.2840954732784433,0.07121281930739448,9.537663108516705
0.0689033567905426,0.11518723610788584,0.050904834643006325,0.6358225643634796,0.8104481864720583,0.923064898699522,0.05316811893135309,0.6435242127627134,0.00021883546360504556,9.50895688296638,0.1881777093101795,0.13113797196720686,9.50895688296638
0.01549570169299841,0.07019900716841221,0.18419975694268942,0.036380388773977757,0.27355544082820415,0.23443118762224913,0.044175803661346436,0.023496252484619617,0.00021855524088505734,9.718344125083156,0.22620042244173472,0.07700133406078341,9.718344125083156
0.11915749963372946,0.09539019595831633,0.469478290528059,0.13292710855603218,0.7774768564850092,0.704683581367135,0.01678875833749771,0.9281721338629723,0.00021837941044584248,9.57500323489038,0.2792831023819191,0.07046250929793867,9.57500323489038
0.0018325140699744225,0.1282650474458933,0.3201873656362295,0.620495562441647,0.9400101872161031,0.3140020025894046,0.03883505705744028,0.9904248360544443,0.0002181530557049423,9.565785864493687,0.2650472252512419,0.10290235059907375,9.565785864493687
0.01283868495374918,0.16311671398580074,0.46301658265292645,0.05167242884635925,0.10648008808493614,0.26453804038465023,0.01782461628317833,0.2884899377822876,0.00021738921340496876,9.419821869691603,0.3181552879551854,0.11852549302809136,9.419821869691603
0.2876416612416506,0.06484892591834068,0.1975422827526927,0.113253153860569,0.4381717750802636,0.7175009539350867,0.015737553127110004,0.9757902808487415,0.0002166735751436918,9.677950153555395,0.23219436051376033,0.07269538885042329,9.677950153555395
0.05131027568131685,0.21771425008773804,0.3409387534484267,0.08177156280726194,0.44226117618381977,0.9985543768852949,0.04545279685407877,0.21763978898525238,0.0002155061936824734,9.652763363149393,0.25141573864901146,0.09541437567123404,9.652763363149393
0.07760244142264128,0.9834057930856943,0.013484128750860691,0.07557650469243526,0.8600842505693436,0.8534481320530176,0.0027705635875463486,0.04177440237253904,0.00021542181411432794,9.247851011438001,0.36107416618868593,0.1576905599809016,9.247851011438001
0.017330395057797432,0.5382520407438278,0.0422094352543354,0.9495494589209557,0.8448326364159584,0.313853926025331,0.09130944218486547,0.584941865876317,0.00021449451848167198,9.218235417573398,0.2780546288498206,0.17098137527000437,9.218235417573398
0.021484737284481525,0.18854757864028215,0.009565532207489014,0.7437061490491033,0.3642505509778857,0.5792535562068224,0.0021783187985420227,0.24932535272091627,0.00021439195248632104,9.33190176783085,0.2316632451324462,0.1435945247264118,9.33190176783085
0.0010237488895654678,0.14339419174939394,0.08867642935365438,0.0948956673964858,0.055776472203433514,0.9382497761398554,0.08783431723713875,0.8407497918233275,0.0002139879396719225,9.645290631417883,0.2565365420631462,0.09232396225580866,9.645290631417883
0.20928503014147282,0.10538143757730722,0.10494228638708591,0.021082812920212746,0.9586762096732855,0.3834901265799999,0.14327091816812754,0.7919862773269415,0.00021391231024797515,9.83920290249612,0.18792354565144886,0.064941998809518,9.83920290249612
0.5405289232730865,0.10498185642063618,0.012367482297122478,0.05822069849818945,0.8636128213256598,0.24359833169728518,0.08514110092073679,0.3037937078624964,0.00021293049030759548,9.29354636379435,0.34052561506210355,0.12513463067971384,9.29354636379435
0.05751059204339981,0.5591197116300464,0.04508373886346817,0.01518170814961195,0.6891484800726175,0.21551087498664856,0.020656706765294075,0.8516204059123993,0.00021247151455216451,9.630794147593116,0.22350876659796223,0.11707294255791394,9.630794147593116
0.005585676059126854,0.5602777637541294,0.011945617385208607,0.9536568196490407,0.8889344409108162,0.5900780158117414,0.17287322413176298,0.03348528128117323,0.00021231536273978117,9.151484637610887,0.29768175559956683,0.16885066611530583,9.151484637610887
0.02111761923879385,0.2829422801733017,0.12549027148634195,0.947461768053472,0.9218594273552299,0.03691735304892063,0.1666458286345005,0.6222815290093422,0.00021172452402344586,9.343682472457575,0.2658355040260763,0.15645889747148436,9.343682472457575
0.02223219070583582,0.8263029223307967,0.12201667670160532,0.8245813436806202,0.9556705392897129,0.05748589150607586,0.04369637183845043,0.987100088968873,0.0002116968292324646,9.172074268080713,0.3666822069855516,0.16228252503436494,9.172074268080713
0.3548734411597252,0.20501563884317875,0.08190020732581615,0.015405228361487389,0.5966878151521087,0.3913195179775357,0.10482279118150473,0.7692269114777446,0.0002116299797648813,9.605117556002385,0.24678594207938467,0.08948860696735585,9.605117556002385
0.00966489315032959,0.4364599706605077,0.04232267290353775,0.8233000263571739,0.35298577323555946,0.8679782375693321,0.01917528174817562,0.1627783989533782,0.00021071997866124015,9.219461328063606,0.26827785078323263,0.15408885120598595,9.219461328063606
0.020213790237903595,0.4572733351960778,0.016299310140311718,0.5073915980756283,0.9266211902722716,0.557727474719286,0.022200681269168854,0.2935706675052643,0.00021026127788212207,9.482124292108988,0.2033930456307343,0.12830616631832692,9.482124292108988
0.07629265449941158,0.22042699065059423,0.41201408486813307,0.012435629963874817,0.7341031422838569,0.3595265271142125,0.029079074040055275,0.647516799159348,0.000209712488768656,9.66581216698184,0.23991422385062325,0.08573398389933516,9.66581216698184
0.006860049441456795,0.2874823026359081,0.08067769184708595,0.5755341360345483,0.8744723917916417,0.9118973324075341,0.0443992679938674,0.23564769327640533,0.00020964501153716288,9.521180234093613,0.18568851953809465,0.1270893614170649,9.521180234093613
0.10810519941151142,0.06495708134025335,0.020531609654426575,0.48371622897684574,0.9748422931879759,0.07608402241021395,0.05679155793040991,0.0470264432951808,0.00020961409149796917,9.572451727129446,0.24187235852718808,0.09919904543600039,9.572451727129446
0.48323820251971483,0.00864468514919281,0.11335145775228739,0.0331007270142436,0.39256442431360483,0.41685589123517275,0.03777956310659647,0.7095556454733014,0.0002094139825729567,9.422242659771893,0.29746451773159077,0.10201626418928784,9.422242659771893
0.024437223561108112,0.29479003231972456,0.20589881110936403,0.7230462608858943,0.983091127127409,0.8542700661346316,0.03762632515281439,0.4886043118312955,0.00020902621472899163,9.508981512110074,0.2180755084065245,0.13817578900644883,9.508981512110074
0.11688450910151005,0.14874246064573526,0.2840311173349619,0.10538339149206877,0.8186711529269814,0.8752507911995053,0.03227746393531561,0.8581380220130086,0.00020866479331927478,9.806205737694865,0.20303016673303265,0.06625243476827111,9.806205737694865
0.4440478188917041,0.023027651943266392,0.15099214669317007,0.03563137352466583,0.6610442316159606,0.33435653150081635,0.14391996804624796,0.2934021344408393,0.00020857121921951535,9.561460054761413,0.2576319870863684,0.08496694049185684,9.561460054761413
0.23892911616712809,0.017134283669292927,0.3589487271383405,0.15261836536228657,0.9340725699439645,0.19798553362488747,0.07590885739773512,0.3128297319635749,0.00020728080525024721,9.709998838777297,0.2220462298151147,0.06251612353311922,9.709998838777297
0.41420818492770195,0.04907822795212269,0.06777259148657322,0.10120136849582195,0.34466355480253696,0.19298069272190332,0.07479713670909405,0.26666735392063856,0.00020713988713006327,9.447401710298982,0.29138854146839677,0.10253219979124129,9.447401710298982
0.16646051313728094,0.004268914461135864,0.24320784769952297,0.14365988690406084,0.9903789507225156,0.11573888175189495,0.12569823116064072,0.6336824586614966,0.0002067869884915152,9.84936039403601,0.1628476109984821,0.049476859483458833,9.84936039403601
0.029589087702333927,0.009208405390381813,0.025903884321451187,0.7874327972531319,0.10368641838431358,0.4967943523079157,0.02893818449229002,0.8158179521560669,0.00020647274116157083,9.320422360682572,0.2778449714282944,0.1391156103612523,9.320422360682572
0.410699718631804,0.11290818359702826,0.13345777429640293,0.011532937176525593,0.5221894728019834,0.10092834383249283,0.1354287713766098,0.3861807016655803,0.0002061762072432822,9.562044549260309,0.2569826511791389,0.088986133661049,9.562044549260309
0.46467021480202675,0.04784360062330961,0.061414316296577454,0.04184443037956953,0.826426587998867,0.9926728345453739,0.21520361490547657,0.9270137147977948,0.00020551701820220955,9.416095706785223,0.31487187674536515,0.10705364473171897,9.416095706785223
0.0075769927352666855,0.665348133072257,0.03872419614344835,0.9927130565047264,0.46197849698364735,0.4513631882146001,0.003855542279779911,0.9968599313870072,0.00020526292112697,9.078899220612593,0.34831381718591226,0.17463738775098697,9.078899220612593
0.001808001659810543,0.8771293079480529,0.06695800088346004,0.0033579207956790924,0.8702254202216864,0.20130280870944262,0.2959855766966939,0.6573621295392513,0.00020517213750276768,9.406367397399535,0.30262112270318414,0.12087784493782291,9.406367397399535
0.001997731626033783,0.7084550829604268,0.10261957626789808,0.8814689265564084,0.9166958499699831,0.21846936829388142,0.09990307688713074,0.8859078157693148,0.00020496606193731915,9.215597430673679,0.330471877722811,0.160774484304591,9.215597430673679
0.10058455727994442,0.1357247158885002,0.006146389991044998,0.047399952076375484,0.7431023651733994,0.9692098023369908,0.03685523197054863,0.8867697417736053,0.0002048100739492549,9.7053717995829,0.23347243833508594,0.10656765320156135,9.7053717995829
0.004476421512663364,0.6955475406721234,0.15238656755536795,0.5284792613238096,0.8958857208490372,0.06535401474684477,0.012799731455743313,0.8631721092388034,0.0002042554592352213,9.419629048291831,0.3031080045214856,0.1283423224293397,9.419629048291831
0.15242519788444042,0.016285067424178123,0.14824958983808756,0.06224384531378746,0.08097662962973118,0.06758172903209925,0.06124836206436157,0.1163073480129242,0.0002033383532294547,9.64993402194136,0.24951453001819407,0.08331616899495785,9.64993402194136
0.012242048978805542,0.037653558887541294,0.007029381580650806,0.4383565476164222,0.832447525113821,0.37188991624861956,0.03499422036111355,0.14760155882686377,0.000202757384298924,9.590174768450275,0.21032437945728727,0.11045891976721077,9.590174768450275
0.13985129911452532,0.3233001474291086,0.03972490970045328,0.9401522390544415,0.9697096534073353,0.28487405739724636,0.026041965000331402,0.74963772110641,0.00020250021042865024,9.284749893054496,0.25470925291313956,0.16503950773603554,9.284749893054496
0.35234732646495104,0.37206960562616587,0.06743622850626707,0.12329235952347517,0.8896671077236533,0.009343926794826984,0.1345840822905302,0.6277175890281796,0.00020229364296584968,9.544333334164152,0.26917778360226696,0.10269467322308833,9.544333334164152
0.004614418372511864,0.02024283166974783,0.04605735186487436,0.9798123072832823,0.8662988161668181,0.8378433678299189,0.3980240384116769,0.8911077566444874,0.00020144056648064505,9.231217663628502,0.313844313273555,0.1738795314340019,9.231217663628502
0.13804018683731556,0.002050674520432949,0.42515774723142385,0.09849873930215836,0.4807963538914919,0.03618269506841898,0.056670474819839,0.14617782551795244,0.00020094716684964726,9.55075148740107,0.2754376774661904,0.0783114211852893,9.55075148740107
0.20153934974223375,0.0670399647206068,0.44980830885469913,0.09038796275854111,0.8582926848903298,0.08963638730347157,0.05225243140012026,0.7868993133306503,0.00020087500652166582,9.591493678018125,0.2650183363410724,0.06884909369033744,9.591493678018125
0.4811401041224599,0.15253576822578907,0.09331631008535624,0.00967223010957241,0.9440015582367778,0.5554925622418523,0.1448696730658412,0.25789236929267645,0.0002008077048735517,9.476227500465871,0.2843885128019433,0.10121285695282496,9.476227500465871
0.041988334618508816,0.8474392043426633,0.11994987167418003,0.05153098236769438,0.9747294411063194,0.21422203350812197,0.19963473454117775,0.7857937123626471,0.00020070830018999823,9.485570220940112,0.2886294048098281,0.12213824654976069,9.485570220940112
0.3721875809133053,0.09334207698702812,0.09302530344575644,0.05771290324628353,0.21390169579535723,0.28115408029407263,0.05189573112875223,0.6811671480536461,0.0002003904749738116,9.510276824160048,0.2679738613510701,0.10134743644126709,9.510276824160048
0.023602092638611794,0.46127928979694843,0.06533579435199499,0.7907905280590057,0.9897793121635914,0.36335953045636415,0.15097596030682325,0.6621022941544652,0.0002003585312266624,9.38382394373391,0.24997084515514087,0.1424049426420211,9.38382394373391
0.3580704238265753,0.16972214076668024,0.02874729037284851,0.11114663910120726,0.016237563453614712,0.12616863287985325,0.014560243114829063,0.8479749336838722,0.00019942601726827638,9.37464912908429,0.3134317931112846,0.12433758246805056,9.37464912908429
0.44990336149930954,0.006571801379323006,0.060379683040082455,0.14221087750047445,0.7133068647235632,0.6291032657027245,0.1134446756914258,0.5916537893936038,0.0001990697723865239,9.464889113390582,0.2871571644260925,0.092653909137539,9.464889113390582
0.35042976308614016,0.03911436349153519,0.14231208711862564,0.23065935913473368,0.556097012013197,0.18890089727938175,0.08927510678768158,0.9487047549337149,0.0001989597103571038,9.614353699947237,0.227957117348375,0.07573842498145653,9.614353699947237
0.08761089202016592,0.33418723195791245,0.39474171306937933,0.09558123350143433,0.981328553520143,0.9886449864134192,0.019308811984956264,0.36207600869238377,0.00019886833467791084,9.633278880175421,0.25518985402523175,0.10778882818038409,9.633278880175421
0.3769997926428914,0.23863991256803274,0.031178973615169525,0.2578166266903281,0.8024170864373446,0.06922595575451851,0.0014956900849938393,0.5375535320490599,0.00019861720991137734,9.458084171223879,0.2856154356266386,0.10897180650078286,9.458084171223879
0.29335124231874943,0.2509703626856208,0.16709112748503685,0.13055709563195705,0.9942800477147102,0.12115196324884892,0.3158183181658387,0.8677020277827978,0.00019854554405704752,9.695873854772783,0.23412097654403896,0.08134252067364263,9.695873854772783
0.048972698859870434,0.13867787085473537,0.30429653730243444,0.13497456070035696,0.6994110755622387,0.13874189462512732,0.01539782714098692,0.8018373586237431,0.000198310659868843,9.763351461951693,0.1891744517810928,0.07149409396772663,9.763351461951693
0.2958622733131051,0.19495387841016054,0.06895891856402159,0.23251810111105442,0.9779126737266779,0.655174090526998,0.06799148302525282,0.8204320911318064,0.0001981250883917583,9.642649592072052,0.2408497598550788,0.0857932434020911,9.642649592072052
0.014647656120359898,0.6841565957292914,0.1049328064545989,0.1359183406457305,0.7989902039989829,0.8721381491050124,0.025211289525032043,0.5717288749292493,0.00019812422275719167,9.558659935142098,0.2629636992531435,0.11374422532408603,9.558659935142098
0.34267046209424734,0.15409111883491278,0.3320897798985243,0.059882575646042824,0.90527075342834,0.42086632642894983,0.027514377608895302,0.14209479466080666,0.0001981162507105234,9.63874579393358,0.24253197116253472,0.08754334724861787,9.63874579393358
0.014017335139214993,0.8367549479007721,0.00942179188132286,0.623868984170258,0.8716461127623916,0.10209080297499895,0.07431648764759302,0.5147524531930685,0.00019754431668498546,9.219510959453748,0.34269086604283927,0.14995839967340205,9.219510959453748
0.0044435253366827965,0.2765734624117613,0.35520609002560377,0.23491120524704456,0.4995499001815915,0.8179559987038374,0.023144864477217197,0.9450466651469469,0.00019584177421359852,9.621986795914887,0.25812945317642233,0.09128672339859242,9.621986795914887
0.10404980182647705,0.08056826703250408,0.515947338193655,0.07208789326250553,0.753288934007287,0.31930763833224773,0.006414902396500111,0.7010717410594225,0.00019558822865783622,9.478689351209514,0.30200147647371894,0.08138709134322256,9.478689351209514
0.33773608412593603,0.0009922310709953308,0.12110430840402842,0.08098859898746014,0.1487199328839779,0.31408085208386183,0.06926727946847677,0.46193099208176136,0.0001950009871079384,9.555516962578432,0.2586299396725471,0.09304090894216079,9.555516962578432
0.015378226526081562,0.543545632623136,0.16743082273751497,0.849030951038003,0.9851114535704255,0.38909631688147783,0.08441441413015127,0.8319170689210296,0.0001948596686752268,9.351907259363376,0.2783089757210735,0.1531801911548969,9.351907259363376
0.023891819640994072,0.484743339009583,0.13799647521227598,0.0704156095162034,0.026638826355338097,0.6137327486649156,0.03442090470343828,0.997824901714921,0.00019476282541552398,9.565663573772573,0.26886814827308736,0.1012832127121062,9.565663573772573
0.0029227538034319878,0.27342493180185556,0.12863080762326717,0.8608000976964831,0.5584266493096948,0.33740696869790554,0.0027530966326594353,0.8961723800748587,0.00019468993393413484,9.369865631596744,0.24132017323069122,0.15126852884009948,9.369865631596744
0.2459970135241747,0.008314351551234722,0.19851873256266117,0.10751749947667122,0.643650732934475,0.09915210865437984,0.06541337817907333,0.1640381133183837,0.00019411020130894382,9.745992497693273,0.2024249634688417,0.061067376195026585,9.745992497693273
0.1224753363057971,0.20835477393120527,0.006938605569303036,0.8813420170918107,0.9886175189167261,0.3111102618277073,0.23665575217455626,0.9128879094496369,0.0001940004441528107,9.324373418122205,0.2865992419324477,0.14955123327316142,9.324373418122205
0.02185556199401617,0.666410855948925,0.029448213055729866,0.4312997292727232,0.9024734012782574,0.7961659617722034,0.11862134840339422,0.9264004612341523,0.00019389712322250648,9.43443018843401,0.2838446357776383,0.12674367641966913,9.43443018843401
0.30534357111901045,0.15201274026185274,0.18651205860078335,0.07757576461881399,0.8770048897713423,0.1497982945293188,0.259367517195642,0.7513726931065321,0.00019309321848397985,9.746494953507138,0.21095415362448663,0.06890936380728353,9.746494953507138
0.018408620730042458,0.5117125483229756,0.014695020392537117,0.8552764588966966,0.5257989820092916,0.7816847348585725,0.02484579011797905,0.4480614634230733,0.0001928170293190798,9.203648260599742,0.2622066061220897,0.16333971131455258,9.203648260599742
0.46521549858152866,0.21112683601677418,0.08964930288493633,0.12187921535223722,0.854203226044774,0.37104887049645185,0.010830008424818516,0.02747168019413948,0.000192232521116776,9.414800573006573,0.297654372296983,0.1103145940313591,9.414800573006573
0.2869748743250966,0.03422298934310675,0.111224883235991,0.3968231361359358,0.8874661801382899,0.8304695868864655,0.030229258351027966,0.8516775872558355,0.0001911658200131598,9.61091924294337,0.24832064473011084,0.08685977148538201,9.61091924294337
0.17671710066497326,0.12097929511219263,0.3011570852249861,0.0034738807007670403,0.06810333952307701,0.7084162989631295,0.006639054045081139,0.35557074565440416,0.0001911454940549555,9.630414765076923,0.25409260163797265,0.09729516782759359,9.630414765076923
0.33779505640268326,0.07494102977216244,0.22226870525628328,0.2664409512653947,0.9211778342723846,0.6682872278615832,0.012660952284932137,0.6972821643576026,0.00019101547925569568,9.673857351464,0.22853382458921678,0.07449909119508524,9.673857351464
0.2813902087509632,0.018151039257645607,0.15703595709055662,0.16646401956677437,0.69568797852844,0.420104069635272,0.048167682252824306,0.012686669826507568,0.00019083586718398067,9.690866387304139,0.22194420747209898,0.06558586592917767,9.690866387304139
0.05697980523109436,0.011503919027745724,0.43290779646486044,0.02328250277787447,0.2245006626471877,0.2014741888269782,0.08815951365977526,0.900627413764596,0.00019060807323176843,9.556369847966932,0.2662976558046893,0.07692107640435686,9.556369847966932
0.41596410516649485,0.26145051699131727,0.11734630074352026,0.06069090776145458,0.7145902886986732,0.7018606746569276,0.0282221557572484,0.8426830759271979,0.00019056589271009008,9.510444050880174,0.2731989059513753,0.09444941305104537,9.510444050880174
0.02167353220283985,0.1373741803690791,0.14680148288607597,0.933308893814683,0.5663955127820373,0.43448945321142673,0.07044969219714403,0.9807701241225004,0.00019014889261266294,9.362685764527633,0.24209469024917493,0.15646799654857263,9.362685764527633
0.034971521236002445,0.36810602992773056,0.111198166385293,0.5358253950253129,0.8088024072349072,0.9957918198779225,0.09251844231039286,0.8923728559166193,0.00019011508590970318,9.553377169966277,0.22945329734348952,0.11502666110254674,9.553377169966277
0.35909549705684185,0.02144625596702099,0.018337300047278404,0.24832878913730383,0.809098812751472,0.36150379106402397,0.2430989434942603,0.7880601258948445,0.00019004035955162167,9.518104153516681,0.2758591645256784,0.09984674803244992,9.518104153516681
0.38501253072172403,0.058721378445625305,0.012330558151006699,0.210799315944314,0.5424730526283383,0.9799322448670864,0.029368968680500984,0.4007511707022786,0.00018977917337725415,9.389414046631298,0.31333638947743164,0.10986886455440084,9.389414046631298
0.2985468152910471,0.08994289673864841,0.0066770389676094055,0.9154115514829755,0.9319467963650823,0.1587784430012107,0.0017673186957836151,0.8355372371152043,0.00018960008796922565,9.22975784676135,0.3188147332021847,0.14484952191979245,9.22975784676135
0.013882581144571304,0.8098986307159066,0.08748199418187141,0.09101560991257429,0.9114856058731675,0.13002667669206858,0.18716114200651646,0.06653038784861565,0.00018944913592219183,9.452281369167867,0.2870196766330591,0.11002736651600041,9.452281369167867
0.02595984749495983,0.6909224931150675,0.02759251557290554,0.6758700273931026,0.7546150842681527,0.13855561707168818,0.006759121082723141,0.6161897610872984,0.00018931267577398703,9.277612811218855,0.30478949843376885,0.1450475462690291,9.277612811218855
0.058153693564236164,0.2990706246346235,0.3808732498437166,0.0764915244653821,0.8424738245084882,0.6927760308608413,0.009977919980883598,0.4587684031575918,0.0001886738235014384,9.68050416196224,0.2377103678750617,0.09808261080320436,9.68050416196224
0.01869901828467846,0.16865783277899027,0.3382989754900336,0.15414215810596943,0.24690195638686419,0.43938685581088066,0.025085899978876114,0.03363408613950014,0.00018840800701629856,9.59274472439004,0.2623521809388995,0.09922621026563681,9.59274472439004
0.13912071380764246,0.463911110535264,0.2272218568250537,0.04388891253620386,0.7832675445824862,0.9538900516927242,0.08304966613650322,0.9738173149526119,0.00018794051269783402,9.715833037090894,0.23337699196879758,0.0859536418010902,9.715833037090894
0.12961700465530157,0.0740979453548789,0.12207883596420288,0.07720612175762653,0.9491090523079038,0.9948076251894236,0.0195626113563776,0.6501788208261132,0.00018782394641004722,9.809973793473251,0.2001253388552156,0.0811828408849277,9.809973793473251
0.029471631161868572,0.5957981934770942,0.01310223899781704,0.10008407663553953,0.6278805984184146,0.12777068838477135,0.10051416978240013,0.008334154263138771,0.00018768748592712855,9.514840246780293,0.2645938835027262,0.11068450659556218,9.514840246780293
0.019997050054371357,0.08396501746028662,0.033537447452545166,0.7046383395791054,0.7848287830129266,0.440584534779191,0.17265343852341175,0.783012562431395,0.00018761508519826706,9.4883542747884,0.2163106943299872,0.12999582183848912,9.4883542747884
0.08648244198411703,0.12334856949746609,0.17618719767779112,0.5333709288388491,0.9182009873911738,0.8732691314071417,0.06006323639303446,0.8983195377513766,0.00018761022446239203,9.661368052210555,0.20942558075911427,0.09736174525032942,9.661368052210555
0.40457139629870653,0.037794265896081924,0.04261747468262911,0.19826553668826818,0.6915324376896024,0.24040554277598858,0.23690586350858212,0.9833238832652569,0.0001872251255825805,9.478786177973518,0.28427145979918306,0.10118215174045139,9.478786177973518
0.27099419478327036,0.002475602552294731,0.03670731745660305,0.938072663731873,0.9932375065982342,0.24700312595814466,0.1113488245755434,0.053773931227624416,0.00018652984248907167,9.25846579339451,0.303052066609583,0.14545432397635685,9.25846579339451
0.19333812594413757,0.15011465921998024,0.04037508089095354,0.09313870128244162,0.7793222777545452,0.021870159544050694,0.16550198756158352,0.7413867767900229,0.00018643696872790494,9.728459741304778,0.22166420156752142,0.0838962931118988,9.728459741304778
0.1154788201674819,0.04876829031854868,0.047253322787582874,0.7482888968661427,0.892556088976562,0.2363924104720354,0.16527567338198423,0.8816428827121854,0.00018597340464126345,9.47931575293969,0.24690785535516047,0.12712486372888807,9.47931575293969
0.05061866156756878,0.038811495527625084,0.03626876324415207,0.5311285713687539,0.5269543062895536,0.9963502660393715,0.13277870323508978,0.9661942385137081,0.00018565896595571348,9.525597660237404,0.23822952113001453,0.11540199640876433,9.525597660237404
0.020394195802509785,0.9872559998184443,0.14918626565486193,0.0053800418972969055,0.6044959537684917,0.16473397053778172,0.03900122083723545,0.3637107675895095,0.00018526660138095172,9.326888104987296,0.33298196472088226,0.13743459007404624,9.326888104987296
0.07446817867457867,0.4737260900437832,0.15777017269283533,0.7274598209187388,0.9571151183918118,0.901678929105401,0.11665136273950338,0.9824224291369319,0.00018485509341545895,9.437016188945597,0.26285846833370397,0.1345538790010046,9.437016188945597
0.0030362391844391823,0.09740363620221615,0.03259627427905798,0.6042872779071331,0.6792218824848533,0.1869050320237875,0.02414156962186098,0.6966224228963256,0.00018484073548517287,9.525457484871646,0.2120138014541576,0.12393554384831468,9.525457484871646
0.2219607261940837,0.08184364624321461,0.032733905129134655,0.029948586598038673,0.2598327761515975,0.9629625948145986,0.10182340629398823,0.5714441444724798,0.00018455608243211422,9.5916048169131,0.2677184792381498,0.09971831960809546,9.5916048169131
0.10295635368674994,0.20291154738515615,0.03134683333337307,0.9010138176381588,0.7763947937637568,0.5349586810916662,0.030092119239270687,0.45556213706731796,0.0001844322613610834,9.311678224572127,0.18864853274960544,0.16522485848968985,9.311678224572127
0.025575444102287292,0.7888371692970395,0.12362448591738939,0.06438795290887356,0.8222785228863358,0.8989036632701755,0.08118723146617413,0.547433820553124,0.00018357799168555587,9.513464242393905,0.2818878777725153,0.11392834062767158,9.513464242393905
0.09625120274722576,0.4166534719988704,0.03665076848119497,0.5517567209899426,0.9783445047214627,0.022930650040507317,0.22245891857892275,0.9991925181820989,0.00018341957850907635,9.489768928217616,0.28397047543242593,0.10788150492128588,9.489768928217616
0.23684337083250284,0.05221593100577593,0.07051562145352364,0.12146377749741077,0.8973854398354888,0.4597513824701309,0.22021382208913565,0.07273058220744133,0.00018330997862473053,9.71251185553354,0.21745322025291042,0.06956040360233201,9.71251185553354
0.14248985797166824,0.27786557748913765,0.29143444169312716,0.05077181290835142,0.935230596922338,0.12522717285901308,0.036589126102626324,0.06581255327910185,0.00018329440245398618,9.743237486834616,0.20697594579640416,0.08980054402778685,9.743237486834616
0.43218314461410046,0.11731912195682526,0.00867904257029295,0.15912493225187063,0.6322101093828678,0.16438456065952778,0.126332588493824,0.1390834655612707,0.00018289344723425554,9.384692555264133,0.3091728246840575,0.11129377376919457,9.384692555264133
0.027237852104008198,0.5295288749039173,0.06625711172819138,0.023843755945563316,0.23566276859492064,0.3938678530976176,0.0032478095963597298,0.12443180475383997,0.00018260158523226964,9.542673918300325,0.2721462346445,0.11149012624465987,9.542673918300325
0.016701873391866684,0.9408504208549857,0.07219958212226629,0.30633208341896534,0.796514481306076,0.5829824479296803,0.008092327043414116,0.5161859849467874,0.00018184461615957853,9.307027690520208,0.32938433555197527,0.14959965112725465,9.307027690520208
0.04134891927242279,0.1342450212687254,0.09362560044974089,0.9091231636703014,0.4001106405630708,0.5908527793362737,0.01692982856184244,0.59580107498914,0.00018175063511330163,9.316858135568683,0.21194030340551293,0.15945361762682872,9.316858135568683
0.3764466382563114,0.06958323903381824,0.07885177992284298,0.11727600172162056,0.9167191665619612,0.8153558233752847,0.2784247072413564,0.8223438737913966,0.000181564407802344,9.56884113165459,0.26392765126345635,0.08949832804023575,9.56884113165459
0.04136552754789591,0.6323351208120584,0.023447022773325443,0.6887098262086511,0.9146949201822281,0.9519298216328025,0.1500413166359067,0.8464930700138211,0.00018141494389398705,9.297777685814507,0.2964456858384244,0.1445644790791544,9.297777685814507
0.008962390013039112,0.061686608009040356,0.025092164985835552,0.9033897928893566,0.49805875308811665,0.12595831416547298,0.17757215723395348,0.6679558884352446,0.00018125101326142408,9.308439241184146,0.26679216460639993,0.15177966179618946,9.308439241184146
0.3204107480123639,0.1012682681903243,0.021190715953707695,0.047017982229590416,0.5046068243682384,0.8254609983414412,0.2029642779380083,0.963215671479702,0.0001811617113468086,9.535076851922366,0.27367978385221126,0.0966746702646183,9.535076851922366
0.1161091411486268,0.4587004389613867,0.08077025972306728,0.011500812135636806,0.9680196298286319,0.976117841899395,0.2470374796539545,0.9381310250610113,0.0001809635979055427,9.686181010518302,0.23949561877541012,0.0910189074575469,9.686181010518302
0.032659550197422504,0.5968341678380966,0.046370419673621655,0.9311402188614011,0.950225212611258,0.5022195959463716,0.190244828350842,0.8152404809370637,0.00018071684802786924,9.20875534925726,0.30559052498106604,0.16517342540041102,9.20875534925726
0.27494803816080093,0.10491279885172844,0.03900146670639515,0.20034781005233526,0.8452584305778146,0.8420782741159201,0.013280602172017097,0.4895348995923996,0.00017993732810495694,9.610199314512432,0.24923875965053863,0.09484534231735983,9.610199314512432
0.08525373321026564,0.5289925951510668,0.025683305226266384,0.8848373489454389,0.8906588209792972,0.04505184572190046,0.05441298335790634,0.3920898176729679,0.00017977527641970453,9.230708467433685,0.29119690246881225,0.156399802604109,9.230708467433685
0.22916254214942455,0.025600740686058998,0.48423120751976967,0.052219659090042114,0.7945833951234818,0.005558369681239128,0.06864760350435972,0.06768606044352055,0.00017958471124691677,9.451892042677805,0.30520480954406476,0.09206432647389284,9.451892042677805
0.1656023422256112,0.09036483149975538,0.390732997097075,0.012860789895057678,0.4209857461974025,0.12056589592248201,0.0720747234299779,0.9894111519679427,0.00017948533495551374,9.647162251362824,0.2317129216850625,0.06777824116251636,9.647162251362824
0.03613875526934862,0.8158726943656802,0.012417793273925781,0.43461216054856777,0.7150693135336041,0.4895265642553568,0.004633661359548569,0.7987648583948612,0.00017851969801834191,9.305096049702666,0.31711719269568617,0.14690573062028708,9.305096049702666
0.08732262719422579,0.2598205441609025,0.022206472232937813,0.8062291340902448,0.7816663356497884,0.649290045723319,0.0389712443575263,0.6983347926288843,0.00017833634713460648,9.361979016157731,0.19541522135933487,0.15299857195610533,9.361979016157731
0.027255471795797348,0.016393840312957764,0.00392906554043293,0.37075221072882414,0.687754737213254,0.0005957195535302162,0.13635645899921656,0.3747470984235406,0.0001781328673093913,9.616578806912512,0.2382183166245083,0.09292484031719545,9.616578806912512
0.061815883964300156,0.04281944502145052,0.11665352061390877,0.7985438825562596,0.5886743487790227,0.17509202007204294,0.011556927114725113,0.08203856740146875,0.0001780844919662699,9.411723868330874,0.2355397123830346,0.13207734832804024,9.411723868330874
0.05221101734787226,0.6188755072653294,0.008271003141999245,0.9117471277713776,0.7835418665781617,0.280374045483768,0.045204625464975834,0.3032095655798912,0.0001776702044156485,9.156112445249482,0.2997980100630975,0.16591272659556724,9.156112445249482
0.25807677395641804,0.013521301560103893,0.07642269600182772,0.17179939802736044,0.49752333853393793,0.3306352002546191,0.1295268600806594,0.990333179011941,0.00017745428523820435,9.670333808267857,0.22622312349432355,0.08078838980234154,9.670333808267857
0.12473126873373985,0.9170001987367868,0.009328870102763176,0.05496809910982847,0.9654768267646432,0.041784171015024185,0.15390771254897118,0.3114759624004364,0.00017730663408712613,9.321806711196933,0.32874517789889734,0.15331235421151976,9.321806711196933
0.029850649647414684,0.08333834540098906,0.3984868014231324,0.12317236978560686,0.16272166930139065,0.14083689730614424,0.040574478916823864,0.24484829604625702,0.00017726382628099473,9.526114220181656,0.2774266420770072,0.09605414697632186,9.526114220181656
0.36142241582274437,0.42515178211033344,0.12926735170185566,0.03802943974733353,0.5638137403875589,0.03517447970807552,0.017183972522616386,0.9244097005575895,0.000177209654313914,9.496821218369037,0.27490138452186264,0.10394744467733309,9.496821218369037
0.3799430150538683,0.0362906139343977,0.41452166717499495,0.03664080426096916,0.7540079168975353,0.816679997369647,0.016915597952902317,0.12299143243581057,0.00017714843478427615,9.480544107091282,0.293552269979179,0.08980631897653746,9.480544107091282
0.05820421315729618,0.2341356733813882,0.05315643176436424,0.9377249665558338,0.7551697129383683,0.07990762591362,0.14885645732283592,0.09500469174236059,0.00017701118716135039,9.28200546000784,0.2588240698425265,0.1535563670818679,9.28200546000784
0.4625568576157093,0.16023863200098276,0.0209934264421463,0.0027920063585042953,0.2745016384869814,0.10394462570548058,0.10806772857904434,0.1052331319078803,0.0001767130816350595,9.29121207114784,0.33458147321264975,0.12914726598682738,9.29121207114784
0.3277976615354419,0.14013132266700268,0.10997544229030609,0.09979952685534954,0.5314984824508429,0.4519601399078965,0.024034702219069004,0.1125170225277543,0.00017661036558323684,9.594886091550437,0.24848034060308852,0.08700022835232761,9.594886091550437
0.061499389819800854,0.8684917250648141,0.09164297860115767,0.03915908746421337,0.7590346857905388,0.9433689182624221,0.03213728964328766,0.3282086318358779,0.00017626211079316376,9.406795927198239,0.3109956397868801,0.12998414062130484,9.406795927198239
0.3168946569785476,0.1053016372025013,0.07020810432732105,0.2797247860580683,0.5682496568188071,0.0022498657926917076,0.0663734907284379,0.08126394916325808,0.00017612765191412367,9.528064032029832,0.2687820827874435,0.08646785966603018,9.528064032029832
0.0337917972356081,0.05179848428815603,0.25165395997464657,0.5668951319530606,0.9112834986299276,0.9028092622756958,0.12820084020495415,0.8123354921117425,0.00017552133120314823,9.645031347019124,0.2237203918565999,0.09711952431540001,9.645031347019124
0.004338557831943035,0.39599257055670023,0.029109129682183266,0.809871518984437,0.9691202351823449,0.15798905864357948,0.29872244130820036,0.4034931184723973,0.0001754533283629048,9.319870471436321,0.2914402380637002,0.13503772140027634,9.319870471436321
0.014933830127120018,0.4825389785692096,0.06427067518234253,0.8930740393698215,0.5953652504831553,0.008148589171469212,0.04973578825592995,0.8255893616005778,0.00017446006635025383,9.251736322237202,0.2961887684681248,0.15263252485181708,9.251736322237202
0.2250990690663457,0.046794542111456394,0.10860712546855211,0.0944703882560134,0.868847600184381,0.6988165993243456,0.01364967506378889,0.5613215835765004,0.00017429130538394345,9.77408324768124,0.20067403479508972,0.07300296421173161,9.77408324768124
0.049471091479063034,0.7392218224704266,0.059964876621961594,0.4534343685954809,0.968151074834168,0.8605902567505836,0.010490299202501774,0.20717530231922865,0.0001741480483256992,9.366187884142764,0.28412682421281676,0.13502691511622056,9.366187884142764
0.13509174063801765,0.7164138499647379,0.06550857983529568,0.041583722457289696,0.9813872473314404,0.6761771449819207,0.1583860581740737,0.9521332290023565,0.0001741194090388449,9.541974540132252,0.27404889779192493,0.11888829951676613,9.541974540132252
0.06833499018102884,0.1942652128636837,0.12055780366063118,0.9951294315978885,0.9091286640614271,0.17697293404489756,0.29188155848532915,0.998630273155868,0.00017403844487191063,9.297990888530144,0.2958837680416806,0.1597314402071914,9.297990888530144
0.006358260288834572,0.555991044268012,0.2262198617681861,0.02227673400193453,0.27732691541314125,0.8098628139123321,0.0745351817458868,0.7249508453533053,0.0001739147536993178,9.601198683820556,0.2588497105165598,0.09278725664731521,9.601198683820556
0.001240328885614872,0.3506552027538419,0.2861687960103154,0.1392617216333747,0.8868740694597363,0.5821000346913934,0.11137775331735611,0.9222178841009736,0.00017350767157478815,9.7602178013978,0.2138633927641486,0.08057658734337618,9.7602178013978
0.06739854533225298,0.07093984913080931,0.26271982211619616,0.05347180645912886,0.43466787971556187,0.8295050738379359,0.012412994168698788,0.4102171026170254,0.000173484356470145,9.765426223235545,0.20858193547617232,0.07010996981027702,9.765426223235545
0.09059043321758509,0.7786840414628386,0.07801486365497112,0.007486681453883648,0.9326799307018518,0.7414352586492896,0.05576538387686014,0.49129682313650846,0.0001734648087986528,9.517406363030364,0.2684457619957922,0.12303328404838147,9.517406363030364
0.013321309350430965,0.20609400421380997,0.14747220929712057,0.01294819638133049,0.8274339772760868,0.8457105932757258,0.1560495588928461,0.9439021414145827,0.00017340421147579997,9.842337682313275,0.19189011296255448,0.061821799125105825,9.842337682313275
0.12174660060554743,0.048202899284660816,0.3849807418882847,0.07966283708810806,0.020448971539735794,0.4072866691276431,0.04735680855810642,0.0915333740413189,0.0001733867524338463,9.523876807713961,0.28343472718789386,0.09800929020047694,9.523876807713961
0.1490333043038845,0.2466335417702794,0.024892975576221943,0.9218011759221554,0.7222988419234753,0.9138752110302448,0.02017941139638424,0.2758013987913728,0.0001727988468237389,9.223114621580356,0.22465095995227238,0.17061771188664174,9.223114621580356
0.31457064114511013,0.11583166942000389,0.1747837122529745,0.13063925597816706,0.6193332197144628,0.15536331199109554,0.039675844833254814,0.16796427592635155,0.00017276926971453787,9.66284763157173,0.22453703113252976,0.0770818379379452,9.66284763157173
0.38902671821415424,0.3691308591514826,0.12438069935888052,0.23465485032647848,0.9722225433215499,0.23620309960097075,0.04283700883388519,0.9084635023027658,0.0001726448111841228,9.517620150944284,0.26906561581371485,0.0993626251578217,9.517620150944284
0.04345616791397333,0.10166853293776512,0.5323494365438819,0.015217131935060024,0.9866228038445115,0.040742555633187294,0.10611560381948948,0.26013657823204994,0.00017263263419184307,9.391852012827146,0.32094182373189256,0.0951740933121417,9.391852012827146
0.02675511222332716,0.603754261508584,0.2646297076717019,0.03296535648405552,0.9561245916411281,0.9996981974691153,0.13949796091765165,0.6548335161060095,0.00017217701418545828,9.651919604481291,0.25110991246276787,0.10075529240024872,9.651919604481291
0.02333772834390402,0.42707798071205616,0.1671015853062272,0.9708930049091578,0.4928583251312375,0.929454417899251,0.023750973865389824,0.4098756331950426,0.00017214185843438472,9.21818368690321,0.2653779640726059,0.17478105328617968,9.21818368690321
0.15813692100346088,0.21221407689154148,0.2781138876453042,0.14139929600059986,0.8816186413168907,0.05777271557599306,0.027648846618831158,0.8379019880667329,0.000172061666790156,9.778806410981442,0.19440634746681393,0.07429342807567224,9.778806410981442
0.18671924527734518,0.13944004848599434,0.029333305545151234,0.8452156828716397,0.9644224373623729,0.3990680929273367,0.03473989199846983,0.4753708951175213,0.0001720430914839856,9.3587205605065,0.2326728434175567,0.14606640565563112,9.3587205605065
0.3239423632621765,0.44788575544953346,0.0032983077690005302,0.06409934442490339,0.9772391803562641,0.7074079792946577,0.044262359850108624,0.5734154563397169,0.00017191243380971542,9.476529781013788,0.2786895526265175,0.11891472528992647,9.476529781013788
0.20506717637181282,0.128072127699852,0.014021370559930801,0.06592595763504505,0.985693734139204,0.7609658939763904,0.06834720261394978,0.12852834817022085,0.00017179162960003286,9.682457160422748,0.2304782059338701,0.09103880806676377,9.682457160422748
0.0002931710332632065,0.0027518169954419136,0.15117077995091677,0.8900533858686686,0.2460556896403432,0.3005143254995346,0.021795201115310192,0.5688356356695294,0.00017178202804026641,9.339871403702396,0.2603617533818434,0.1451584826974797,9.339871403702396
0.2622682489454746,0.1970256632193923,0.014997106976807117,0.09217709116637707,0.15912063885480165,0.4219134468585253,0.02256381418555975,0.9407382793724537,0.00017147600094391622,9.506284429572725,0.27944226435380026,0.11422577694541702,9.506284429572725
0.3681755280122161,0.27566941641271114,0.04370022937655449,0.02787610422819853,0.2695056786760688,0.5051678493618965,0.000899176113307476,0.12656074669212103,0.00017131905019442538,9.395284707150488,0.3042503635078141,0.12086054457154106,9.395284707150488
0.06867663748562336,0.040805526077747345,0.42838295456022024,0.4564256565645337,0.9857574477791786,0.716521386988461,0.00230442825704813,0.2921306174248457,0.00017108095416722358,9.528082920290649,0.2829700529037393,0.08987256521719135,9.528082920290649
0.38924388494342566,0.24240461364388466,0.07590781524777412,0.03743081074208021,0.8642283836379647,0.7596865789964795,0.1383462194353342,0.4209880856797099,0.0001709650987260774,9.55138234201208,0.2579484577547827,0.09243001363675081,9.55138234201208
0.21941606421023607,0.010838882066309452,0.3208762817084789,0.12558802124112844,0.8311867574229836,0.9608277883380651,0.15746534522622824,0.80165327899158,0.00017090385410243158,9.758063615390087,0.20666960319683902,0.06277157064210621,9.758063615390087
0.42354470770806074,0.0031857509166002274,0.08299940917640924,0.012929209508001804,0.7564867427572608,0.0017531802877783775,0.37727712746709585,0.5919261798262596,0.00017074457501594332,9.477417085840125,0.29186285998226236,0.10296182278662129,9.477417085840125
0.08280423935502768,0.04499318078160286,0.34835691191256046,0.08207141887396574,0.7830972168594599,0.3414995055645704,0.13042503036558628,0.9134472366422415,0.0001705168412399245,9.780675346333824,0.18975987082082602,0.04589259225163655,9.780675346333824
0.025483564473688602,0.18111486732959747,0.2722162352874875,0.9828514130786061,0.523350790143013,0.8621113058179617,0.003487919457256794,0.3982369238510728,0.0001704595697804823,9.27922423973209,0.2818023911672933,0.1701534133207243,9.27922423973209
0.16886272840201855,0.02450443059206009,0.011800171807408333,0.2584760691970587,0.9472223287448287,0.23033914621919394,0.23034919705241919,0.6095429267734289,0.00017011393217512155,9.685647090768077,0.23314863557783164,0.08983099594034336,9.685647090768077
0.06357436440885067,0.2631547609344125,0.3740069027990103,0.016921205446124077,0.11514978855848312,0.07399614527821541,0.056131076999008656,0.9024245990440249,0.00016999896262997956,9.558732198258845,0.24248098103577984,0.09928983110767112,9.558732198258845
0.3367148255929351,0.18088433798402548,0.11295381095260382,0.2162748370319605,0.926204614341259,0.17432493437081575,0.17276020161807537,0.4020338272675872,0.00016990844736066286,9.651081882811427,0.22783620157453416,0.07942296086631187,9.651081882811427
0.043915143236517906,0.2124267891049385,0.05210085492581129,0.8705903142690659,0.6419865703210235,0.2945549748837948,0.04697159957140684,0.384588242508471,0.00016980928424093058,9.340945342342039,0.2020299757438378,0.1551296478323238,9.340945342342039
0.04508861992508173,0.9139347830787301,0.05840499885380268,0.19266909547150135,0.6812486462295055,0.05641594156622887,0.09358709678053856,0.767509825527668,0.00016952846985717452,9.33786683263948,0.3259750703055914,0.1441463035392624,9.33786683263948
0.08060391619801521,0.10876983124762774,0.018691751174628735,0.648226891644299,0.9557847250252962,0.1683670561760664,0.21382190752774477,0.22489532735198736,0.00016873319619515229,9.49114118544239,0.24423885346386953,0.11097555939440852,9.49114118544239
0.0013925284147262573,0.7437779158353806,0.07532451022416353,0.7822453416883945,0.7048438154160976,0.6861780546605587,0.03392759244889021,0.02246458549052477,0.0001684152682289858,9.177696059160219,0.31297212846629363,0.1514726035813686,9.177696059160219
0.08859776146709919,0.09114630799740553,0.05783443804830313,0.18406547978520393,0.9860961074009538,0.6340761268511415,0.35810175724327564,0.9697900451719761,0.00016826437999055072,9.717541408325138,0.21367238859884888,0.08220795618484547,9.717541408325138
0.03270494565367699,0.10728887096047401,0.1021982217207551,0.7135652676224709,0.4961720257997513,0.8921352727338672,0.07250180188566446,0.5645480090752244,0.00016810170430188017,9.458257897429423,0.1979820655541181,0.12978908956600899,9.458257897429423
0.03750306833535433,0.8590162601321936,0.039564212784171104,0.2759470706805587,0.9133754326030612,0.8948570676147938,0.06280416157096624,0.1696966541931033,0.00016807068113799058,9.338360566528898,0.3128503732044246,0.136668393717102,9.338360566528898
0.026338648982346058,0.6621149284765124,0.07464615814387798,0.14839156158268452,0.9662681659683585,0.09404869843274355,0.23958361521363258,0.06030935421586037,0.00016785969754056241,9.526282844659297,0.26580414021165905,0.0966523808329027,9.526282844659297
0.07621359173208475,0.30887338519096375,0.02103432733565569,0.87775753531605,0.6760367630049586,0.9732203874737024,0.1402457132935524,0.7846724726259708,0.00016773069970376086,9.269371647405027,0.24201947302133597,0.162243168920385,9.269371647405027
0.26456474140286446,0.09097828436642885,0.035916549153625965,0.1156045151874423,0.7398861339315772,0.5332235638052225,0.16204046178609133,0.02912062220275402,0.00016700987117021157,9.63209622101636,0.24231048689458867,0.08107378209749977,9.63209622101636
0.05365248490124941,0.07235737331211567,0.3657346433028579,0.12082387320697308,0.8942420110106468,0.10599622689187527,0.1528175650164485,0.7503580097109079,0.00016689768672887518,9.729555359724442,0.2066436898124419,0.054572676680135254,9.729555359724442
0.07273435685783625,0.027424107305705547,0.053005216643214226,0.38148863799870014,0.9116136571392417,0.01910512987524271,0.07219587359577417,0.8287358665838838,0.00016656411434309393,9.693525858988988,0.21858237476809259,0.09085498365626522,9.693525858988988
0.20189627911895514,0.02403771784156561,0.07623643334954977,0.7548619033768773,0.9085998637601733,0.30399132799357176,0.0016328515484929085,0.1524224877357483,0.00016645745392807946,9.434077623249767,0.2435997652150896,0.1242580479090276,9.434077623249767
0.11854110565036535,0.07565360330045223,0.4419333878904581,0.04640646744519472,0.6008993126451969,0.17240727320313454,0.08374033402651548,0.04135654028505087,0.00016638690027250336,9.55023425102782,0.27089366323330977,0.08431623198478841,9.55023425102782
0.1846520034596324,0.04892053548246622,0.24437029007822275,0.039418899454176426,0.5957422060891986,0.2605318892747164,0.03980840649455786,0.8442283431068063,0.00016624752291607696,9.816606448477243,0.1611442817120923,0.05802866814529021,9.816606448477243
0.11208159849047661,0.7061978187412024,0.2432137532159686,0.013317182660102844,0.7672145031392574,0.6280676471069455,0.011544824577867985,0.9798935316503048,0.00016612241334895263,9.567102431027141,0.2754087338368708,0.10521197474829073,9.567102431027141
0.35734767466783524,0.0814675334841013,0.20082339830696583,0.06639484222978354,0.930386028252542,0.10248095449060202,0.3363164206966758,0.27656272798776627,0.00016596471445145964,9.654978725244069,0.23188624931848742,0.08242455455928653,9.654978725244069
0.177791066467762,0.15141227561980486,0.08092256542295218,0.01773000694811344,0.2975276540964842,0.7925057522952557,0.05633763410151005,0.08152845501899719,0.00016569208593229898,9.646448390533402,0.24951052392670892,0.08668510410923541,9.646448390533402
0.02393543440848589,0.5497170323505998,0.10148672573268414,0.1874441122636199,0.38489279616624117,0.9865761222317815,0.069955600425601,0.9719260167330503,0.00016567756089453905,9.54985741218053,0.2733486524899261,0.10117804135807291,9.54985741218053
0.08678438700735569,0.5864386083558202,0.05871162284165621,0.031463807448744774,0.6131599321961403,0.48202013224363327,0.012531737796962261,0.952195193618536,0.00016564760442804464,9.600753150152322,0.24023613033451657,0.1152433867626297,9.600753150152322
0.4490068210288882,0.35908155608922243,0.10362684912979603,0.017173866741359234,0.6034455243498087,0.9995607892051339,0.004960332065820694,0.9940609959885478,0.00016537293790661912,9.34496216655453,0.319732821717579,0.11608622358969345,9.34496216655453
0.4271898902952671,0.08649341575801373,0.12353627476841211,0.2922356817871332,0.93483851198107,0.3811611505225301,0.07183443009853363,0.15150291100144386,0.00016528608791795287,9.516381583248503,0.2608123837140908,0.08677389065813518,9.516381583248503
0.46895678248256445,0.14094819221645594,0.013526578433811665,0.2887681070715189,0.8828001320362091,0.36704788729548454,0.023902900516986847,0.6264305282384157,0.00016519523525451808,9.345779576735607,0.3122318558699474,0.10937651633773818,9.345779576735607
0.019324938766658306,0.18477880023419857,0.06980049423873425,0.6324160844087601,0.7571894777938724,0.8131239684298635,0.10109429899603128,0.13347088545560837,0.00016488101179108191,9.495003512648617,0.18214172961027184,0.1221372154085385,9.495003512648617
0.41658312175422907,0.2884997706860304,0.08995588961988688,0.15014231111854315,0.9070331510156393,0.17153755482286215,0.08602644316852093,0.1902000904083252,0.00016462111422765703,9.49360404207638,0.2713063234341096,0.10328876419701878,9.49360404207638
0.3202159842476249,0.06934317294508219,0.09747468307614326,0.43156067561358213,0.8111114213243127,0.5970414141193032,0.006860697641968727,0.95226008631289,0.00016455914656994278,9.549947742664683,0.2550593547951165,0.08739534295149662,9.549947742664683
0.29223430063575506,0.18312752060592175,0.007993240840733051,0.14068303164094687,0.401135528460145,0.8900212794542313,0.03137880750000477,0.8124882439151406,0.000164380348793525,9.48547352666545,0.28577128189758605,0.1091741401174524,9.48547352666545
0.15559324622154236,0.2324622543528676,0.06935867201536894,0.013251170516014099,0.9951019380241632,0.1689099185168743,0.3517925972118974,0.5082761943340302,0.00016411895739926565,9.733522390853565,0.22091867368315932,0.07315194957656258,9.733522390853565
0.007936198264360428,0.02427825704216957,0.12255117762833834,0.6924085188657045,0.8029921539127827,0.02244545053690672,0.2770430240780115,0.024526172317564487,0.00016399360378755766,9.46338681663784,0.25242969124170694,0.1069658551627979,9.46338681663784
0.2944955760613084,0.22993531078100204,0.09635138232260942,0.07178544532507658,0.6426437236368656,0.24996540043503046,0.0013984888792037964,0.20723256934434175,0.00016394175925602244,9.629579991849686,0.23763833412409244,0.09493891220400959,9.629579991849686
0.22895867750048637,0.06840653251856565,0.10675118211656809,0.8564958469942212,0.96989063359797,0.35272674914449453,0.1117178974673152,0.9966553095728159,0.00016385588407667577,9.412859130969311,0.26470663940506856,0.13397656204366942,9.412859130969311
0.5541998511180282,0.0939824553206563,0.13757325150072575,0.14319175202399492,0.9741675173863769,0.05320919957011938,0.09069718513637781,0.048876344226300716,0.0001638005816628116,9.359667252703861,0.31443957096476255,0.11549492168362444,9.359667252703861
0.10321359056979418,0.1444826629012823,0.4087639255449176,0.19027496222406626,0.9604930132627487,0.8274386217817664,0.04198390897363424,0.6051127091050148,0.00016358122734211547,9.671452203188414,0.24029736400112392,0.0756777141962794,9.671452203188414
0.46024816296994686,0.059185124933719635,0.1061583124101162,0.2544406047090888,0.7647337866947055,0.17916617263108492,0.07860138360410929,0.05871956795454025,0.0001634766039713665,9.438937163684058,0.2840955384445593,0.09540001454960184,9.438937163684058
0.3837368078529835,0.290087204426527,0.021343856118619442,0.0407884968444705,0.22984399739652872,0.8762528095394373,0.010323168709874153,0.07182474248111248,0.00016333813776340421,9.29747741000411,0.33004182562574264,0.12972360074640585,9.29747741000411
0.03251996170729399,0.03163311816751957,0.24144760239869356,0.898969947360456,0.6983325891196728,0.12136455159634352,0.00014149770140647888,0.32919684424996376,0.00016324165996376067,9.387552130951335,0.26722346775330325,0.1473492221327453,9.387552130951335
0.23621241841465235,0.025076910853385925,0.10547629185020924,0.21482143085449934,0.7320440942421556,0.9295427184551954,0.16167711094021797,0.9592990456148982,0.00016316952429816614,9.698949611907619,0.22859030224281135,0.07945249049712254,9.698949611907619
0.3042517201974988,0.4112114729359746,0.14171657618135214,0.1945129968225956,0.9484699135646224,0.791348036378622,0.06183447875082493,0.9777491902932525,0.00016311804966498845,9.59904269584188,0.25520561827599597,0.09187796146976314,9.59904269584188
0.0064809732139110565,0.7296447455883026,0.01889658998697996,0.12839505821466446,0.9459108952432871,0.42735734954476357,0.3419506959617138,0.7549546398222446,0.0001630567953464122,9.451765392578862,0.2903461953129087,0.11165769279542016,9.451765392578862
0.04933308344334364,0.03949554078280926,0.1389388907700777,0.037274738773703575,0.8096576724201441,0.10364209953695536,0.3908280497416854,0.05441352352499962,0.00016301663251406523,9.703920480047099,0.21993656631931482,0.05951248437677249,9.703920480047099
0.45576178934425116,0.012719881720840931,0.18517358414828777,0.055302937515079975,0.5739435767754912,0.5734788496047258,0.12485630530864,0.8366829883307219,0.0001627476629942001,9.542533938902114,0.2554444800898146,0.07950536275454949,9.542533938902114
0.034207891672849655,0.24336748383939266,0.06565306428819895,0.7370089115574956,0.9172390345484018,0.0034357188269495964,0.2429616628214717,0.40293099265545607,0.0001625527665193207,9.441484731773754,0.25745537186791606,0.11725062113792159,9.441484731773754
0.07072949595749378,0.23192302137613297,0.07609527371823788,0.8879505628719926,0.292871649377048,0.85565494466573,0.008438512682914734,0.692484893836081,0.000162518429179018,9.263155595894476,0.2407372112536958,0.15561332480416565,9.263155595894476
0.0023422641679644585,0.6728111021220684,0.05580198299139738,0.41160384844988585,0.8627887777984142,0.048925941810011864,0.14643208216875792,0.4375635012984276,0.0001624720171695105,9.448477220533194,0.2767774760706645,0.11431171215398529,9.448477220533194
0.08680500462651253,0.027157983742654324,0.22300467174500227,0.0017673633992671967,0.8651746334508061,0.8941251058131456,0.20141415484249592,0.46567864809185266,0.00016227073982913196,9.86159845058395,0.14258394808366384,0.043448766555406686,9.86159845058395
0.11281204223632812,0.5655563976615667,0.055711680091917515,0.9725550236180425,0.9563441220670938,0.10972073581069708,0.06684181652963161,0.7362992744892836,0.00016219888124386863,9.187834755854398,0.30912180324750244,0.16808929696718675,9.187834755854398
0.26087948121130466,0.03227740339934826,0.10396202187985182,0.008266573771834373,0.13088227715343237,0.80029705632478,0.18781906738877296,0.10370816756039858,0.00016218278749154422,9.569856389701457,0.2664525080630341,0.08757916991597905,9.569856389701457
0.03414872381836176,0.07865503989160061,0.32959246449172497,0.10096968244761229,0.8719910308718681,0.8611670024693012,0.11032725032418966,0.3641936583444476,0.00016155745652634873,9.774068669583903,0.19793008961281744,0.06213156798854537,9.774068669583903
0.018969272263348103,0.3373542809858918,0.036802698858082294,0.11170093156397343,0.8221668777987361,0.083221978507936,0.049118541181087494,0.20192183088511229,0.00016147207746032086,9.693208512848175,0.18549510970069832,0.10204170245447787,9.693208512848175
0.24822745844721794,0.11392098665237427,0.13083728030323982,0.015682675875723362,0.21946562081575394,0.36332858446985483,0.03835276607424021,0.2032248042523861,0.00016130206365867425,9.645959307895986,0.240592109788799,0.08856409432260123,9.645959307895986
0.28090379387140274,0.07775096967816353,0.2503261296078563,0.04394920077174902,0.8233446693047881,0.5646836329251528,0.15758455358445644,0.24941703956574202,0.00016125717984250432,9.782227292951767,0.17278430049143317,0.05090797310785999,9.782227292951767
0.005312795750796795,0.9340703282505274,0.0613864790648222,0.7564333463087678,0.7746079545468092,0.4101909352466464,0.022897646762430668,0.5459984336048365,0.00016105522760111142,9.108604516100877,0.36162215788225005,0.1648991755723474,9.108604516100877
0.04852062277495861,0.17513373866677284,0.014402560889720917,0.5545750744640827,0.0750039853155613,0.1077134758234024,0.05175869632512331,0.003796270117163658,0.00016099821359283876,9.368429016267578,0.29833982321719604,0.10496091976104265,9.368429016267578
0.022344237193465233,0.18679689429700375,0.039137586019933224,0.06049080193042755,0.952525214292109,0.13366052508354187,0.5470567466691136,0.051378969103097916,0.0001607701348762646,9.512108877189025,0.283640021915915,0.08184104041228561,9.512108877189025
0.33856878336519003,0.044745673425495625,0.08614352252334356,0.2397062024101615,0.47190396673977375,0.7817895980551839,0.0020716823637485504,0.5675656767562032,0.0001604073830297983,9.526737237009796,0.2642860957120582,0.08844711565141355,9.526737237009796
0.06328554730862379,0.05127069354057312,0.3161169169470668,0.07113408856093884,0.951885798946023,0.5634062103927135,0.1025837492197752,0.4569559311494231,0.00016020836706434415,9.829544784834798,0.16533403156172244,0.04922758799224405,9.829544784834798
0.04734488856047392,0.38543124962598085,0.05072031635791063,0.6078112460672855,0.9918181505054235,0.5990156307816505,0.09906723164021969,0.5743192974478006,0.00015969950171039213,9.509761814620097,0.19596002102833313,0.12217372912223692,9.509761814620097
0.02637758105993271,0.19221669901162386,0.5627941992133856,0.04362422414124012,0.8697800952941179,0.47761670034378767,0.03582550119608641,0.9289198648184538,0.000159488441468216,9.367856313381147,0.3321671744887539,0.09759081540067581,9.367856313381147
0.06378496903926134,0.24291879031807184,0.0012177638709545135,0.24892046116292477,0.9383395221084356,0.4678464224562049,0.018090532161295414,0.859990363009274,0.00015947970088991156,9.676390246026218,0.1800857957730377,0.11247367787133268,9.676390246026218
0.004535583779215813,0.6303894771263003,0.003492678515613079,0.8428454929962754,0.15856991335749626,0.921025219373405,0.06934978254139423,0.09461698494851589,0.00015936003280914667,9.061210041536494,0.346886013388149,0.14863686102247822,9.061210041536494
0.24382462073117495,0.20490532275289297,0.12431708537042141,0.25403196178376675,0.9876028727740049,0.02567475102841854,0.18171834107488394,0.10397553443908691,0.00015923344073390946,9.689356842153778,0.22539696535592174,0.07349123004335804,9.689356842153778
0.5188366658985615,0.061210223473608494,0.1715116836130619,0.24545050133019686,0.9128996338695288,0.10158078651875257,0.04598091449588537,0.8306091176345944,0.00015910541464116305,9.435735759373495,0.28440681759822306,0.09925775833503987,9.435735759373495
0.015971407294273376,0.8314627548679709,0.13470391649752855,0.7108514001592994,0.981727784499526,0.1636040573939681,0.07022518757730722,0.7597745237872005,0.00015900070929623054,9.248180317239083,0.3353238475943594,0.15103088563993544,9.248180317239083
0.006590593606233597,0.1192384772002697,0.06239172164350748,0.0539282551035285,0.02922037336975336,0.3157331170514226,0.13937543239444494,0.23980378173291683,0.00015895088277100087,9.634876327133417,0.249809963241689,0.09060223530270371,9.634876327133417
0.09848638065159321,0.05289479065686464,0.22118575870990753,0.8684874949976802,0.8139205435290933,0.8614086145535111,0.04582289606332779,0.2604660363867879,0.0001587610826543915,9.422960469118319,0.23204434808892097,0.14922738971417407,9.422960469118319
0.04213842283934355,0.08280360698699951,0.00026968587189912796,0.2642062362283468,0.6058306572958827,0.8161434670910239,0.020441855303943157,0.10501412488520145,0.00015849403964746857,9.602781908539576,0.2316936683887207,0.10309532515679651,9.602781908539576
0.060734836384654045,0.7427387228235602,0.10858452320098877,0.24806330539286137,0.9045043718069792,0.06075666192919016,0.13146709837019444,0.8410880248993635,0.0001584706704055214,9.502479549494282,0.27922870309441306,0.11658803493586821,9.502479549494282
0.3852855898439884,0.4354436378926039,0.06081774737685919,0.0017351191490888596,0.6836244044825435,0.018826084211468697,0.18007350713014603,0.8975115157663822,0.00015822464421338253,9.44728447334774,0.2920337169048065,0.10935440976525719,9.44728447334774
0.11889421660453081,0.01685874816030264,0.06836055871099234,0.8671302795410156,0.6678405087441206,0.4648882867768407,0.09563310723751783,0.8940623616799712,0.00015818983480249678,9.390451548642126,0.23218899011664823,0.14765755291149332,9.390451548642126
0.15262372232973576,0.05525254551321268,0.08633109647780657,0.842175011523068,0.9337312206625938,0.8177146287634969,0.1319033931940794,0.2960307216271758,0.00015811932619916105,9.403438522232094,0.2129209519467346,0.14546983773881608,9.403438522232094
0.037990834563970566,0.36963560432195663,0.029996986500918865,0.15505292359739542,0.9883150216192007,0.05058678984642029,0.5088796736672521,0.7948993351310492,0.00015802524442659502,9.508219134186746,0.2859389539769066,0.08821152527948625,9.508219134186746
0.1397721040993929,0.1474071042612195,0.399172387085855,0.0750673832371831,0.9326241239905357,0.9287199387326837,0.13373106066137552,0.8234197711572051,0.00015796524891002064,9.708042306499257,0.22679757094378744,0.0645574467069641,9.708042306499257
0.02904859185218811,0.38698083721101284,0.19139375258237123,0.052784088999032974,0.6024379786103964,0.8495562430471182,0.06885315105319023,0.8849124470725656,0.0001579411298404677,9.753119675316155,0.21385010312270192,0.0783339116729628,9.753119675316155
0.034587263129651546,0.1530343359336257,0.018599302507936954,0.20443257968872786,0.8618622161448002,0.23258752282708883,0.011185728013515472,0.9605798656120896,0.0001575667980435462,9.719238536486369,0.19533476958860463,0.10641884600008626,9.719238536486369
0.0235891817137599,0.9596434291452169,0.005105947144329548,0.5722998203709722,0.44200096745043993,0.22642027493566275,0.017986579798161983,0.9112877519801259,0.00015736267965690197,9.10204359655941,0.3900639216893637,0.16062534015967478,9.10204359655941
0.2640820015221834,0.040203909389674664,0.35341164842247963,0.07792215701192617,0.4608438378199935,0.0770554831251502,0.03945169132202864,0.7463013464584947,0.00015698326369747683,9.646163099864207,0.23117381325984723,0.07119647293281588,9.646163099864207
0.02922895271331072,0.9165382208302617,0.0737617863342166,0.550899401307106,0.9289296241477132,0.4905967488884926,0.11702480725944042,0.9558532144874334,0.00015668193508085637,9.246030134935234,0.3460400775714745,0.15445746588230025,9.246030134935234
0.008394064381718636,0.8570861732587218,0.04987501725554466,0.1296314587816596,0.1694871848449111,0.9899402484297752,0.15518362075090408,0.921785943210125,0.00015660379348719186,9.285224157017138,0.3510119209751531,0.12389927630787405,9.285224157017138
0.038954284973442554,0.10994530841708183,0.15402419585734606,0.8135022250935435,0.44118412025272846,0.7625186163932085,0.03263200633227825,0.6824372857809067,0.0001564727467963501,9.415239555928462,0.21577490800440494,0.13887239991967887,9.415239555928462
0.04919616971164942,0.864452512934804,0.015136941336095333,0.2561493832617998,0.8203925145789981,0.13383073173463345,0.1687400145456195,0.7123642358928919,0.00015645685483851833,9.344401057866511,0.3169888439456784,0.14152888710277622,9.344401057866511
0.003381216898560524,0.0060944026336073875,0.11066374834626913,0.07146823592483997,0.607701406814158,0.08085541613399982,0.22951564006507397,0.1273677023127675,0.00015628295198382165,9.749329002841588,0.20595523851741646,0.05748819963396298,9.749329002841588
0.010447218082845211,0.4682760965079069,0.14158170111477375,0.670590503141284,0.7861592676490545,0.7383471559733152,0.02860744297504425,0.040545870549976826,0.00015623877423724222,9.418496633622903,0.23354498485917807,0.13476777994946737,9.418496633622903
0.0503148315474391,0.5014132531359792,0.16927789710462093,0.029250537045300007,0.9416703479364514,0.35931328497827053,0.17835633177310228,0.8804296208545566,0.00015605117097851362,9.76027562878019,0.20927937855720302,0.07718885512659761,9.76027562878019
0.10521987825632095,0.9234043192118406,0.04546371754258871,0.035722119733691216,0.8007619241252542,0.8042869176715612,0.11046002060174942,0.8225153842940927,0.00015599069224068974,9.35234253458459,0.32359948058737614,0.1497523171490103,9.35234253458459
0.031225232407450676,0.8397248517721891,0.047016638331115246,0.06247290503233671,0.3062813961878419,0.6347598172724247,0.05333313252776861,0.5697700884193182,0.00015594317339349275,9.36598970779986,0.31677389983312837,0.1285634677283351,9.36598970779986
0.03949500992894173,0.052394392900168896,0.18351310398429632,0.22966186702251434,0.03142228815704584,0.702534013427794,0.02541875559836626,0.22327960282564163,0.00015585766612346636,9.620537088220738,0.2510275641167167,0.08261132456237619,9.620537088220738
0.03800342418253422,0.2708395682275295,0.28368153143674135,0.06343845091760159,0.6758860293775797,0.10495616775006056,0.06758954096585512,0.8251568786799908,0.00015577212359134428,9.767690109336671,0.1834175817252834,0.07506807090474292,9.767690109336671
0.10827091429382563,0.03810216300189495,0.06759264320135117,0.9499206282198429,0.8124455362558365,0.15652160439640284,0.1968732513487339,0.6202258700504899,0.00015520207825922802,9.339925646741126,0.25782417774485367,0.15631721315486474,9.339925646741126
0.027841193601489067,0.47465266194194555,0.05534305330365896,0.04310147184878588,0.8980950377881527,0.029540064744651318,0.4091715505346656,0.5427536321803927,0.00015513202776304064,9.581722289740968,0.2599025522899183,0.08259096091611258,9.581722289740968
0.1854284554719925,0.9849307956174016,0.016231130808591843,0.21847229357808828,0.9877180680632591,0.1376935001462698,0.07458024844527245,0.8739937590435147,0.00015513053292942145,9.213564197342217,0.36389945455165723,0.18191864331287189,9.213564197342217
0.0012832265347242355,0.1825446281582117,0.14589092414826155,0.7509295623749495,0.9607657128944993,0.1881344672292471,0.2190836612135172,0.5047241449356079,0.0001550113401853968,9.502256064294464,0.23033202561033161,0.12023099329989112,9.502256064294464
0.13589694164693356,0.014477550983428955,0.08917384035885334,0.9737772652879357,0.5391075816005468,0.5557647356763482,0.04628443066030741,0.19505222979933023,0.00015498879915366864,9.27460659778324,0.23423645007586807,0.16240583040205975,9.27460659778324
0.06608330737799406,0.023764056153595448,0.3510775910690427,0.23369017150253057,0.6775355972349644,0.03319770283997059,0.04490141291171312,0.577910877764225,0.00015496291710881294,9.685637655970764,0.21362429686058648,0.0651189042722877,9.685637655970764
0.026489914394915104,0.3916476797312498,0.05359880719333887,0.41966022457927465,0.585162166506052,0.9928296348080039,0.044764782302081585,0.862237773835659,0.00015488514359946235,9.530647262210902,0.2368606935511079,0.11506139694692234,9.530647262210902
0.06862804014235735,0.4884881740435958,0.006618582643568516,0.5908510275185108,0.9165655113756657,0.07130268402397633,0.14064935874193907,0.1559286629781127,0.00015483069227242974,9.402304283846501,0.26806920778072124,0.11847816042687317,9.402304283846501
0.19610256981104612,0.01986672729253769,0.41221621818840504,0.12989616766571999,0.09981609787791967,0.7923544524237514,0.02032074984163046,0.2011747695505619,0.00015463400097244327,9.48494144955716,0.2960665164182533,0.0926388857924486,9.48494144955716
0.18817926198244095,0.14215774927288294,0.2917849812656641,0.02430002950131893,0.5780328847467899,0.8545058099552989,0.06377017591148615,0.09488693810999393,0.00015457568213853292,9.728642246502332,0.20653769019251123,0.074466417127344,9.728642246502332
0.05616265535354614,0.515976732596755,0.009882627055048943,0.1641270685940981,0.9323764033615589,0.6852949988096952,0.07991832587867975,0.23842123057693243,0.00015457348346659876,9.592340541597926,0.2015177027668402,0.1113190540294838,9.592340541597926
0.09248865395784378,0.3820894518867135,0.034797970205545425,0.3246009675785899,0.9661524528637528,0.24119449127465487,0.003051592968404293,0.7902873167768121,0.00015433443764170055,9.627957720853669,0.19622746013445092,0.11327934837318249,9.627957720853669
0.2539035165682435,0.00266829039901495,0.34324962459504604,0.056194533593952656,0.8427253682166338,0.898372801952064,0.25989107601344585,0.9450236288830638,0.00015420693654553258,9.707759397802192,0.22016504231373735,0.06929396002460841,9.707759397802192
0.19832328986376524,0.5154282310977578,0.02276050578802824,0.05738906841725111,0.8057453893125057,0.33659434504806995,0.030634264461696148,0.9063506284728646,0.00015388097839960833,9.580462963048204,0.24406238993614393,0.12047750211718677,9.580462963048204
0.23653822392225266,0.01246268767863512,0.4009337881579995,0.25775762740522623,0.8785887537524104,0.08584211487323046,0.03801221027970314,0.43029176257550716,0.00015380951568369708,9.607750043404884,0.2504029444387259,0.07224976047599029,9.607750043404884
0.003091348335146904,0.04493921250104904,0.1864939657971263,0.7899818671867251,0.37551413755863905,0.8307232540100813,0.08069013059139252,0.4632235560566187,0.00015378000406974005,9.420698618821968,0.2333473145673438,0.13125862498912605,9.420698618821968
0.04546718206256628,0.5660219918936491,0.08700885716825724,0.5475564524531364,0.7413465715944767,0.7933299001306295,0.009873059578239918,0.8354724599048495,0.00015372104526138747,9.44289026580877,0.25299081487029595,0.12643291955068398,9.44289026580877
0.000613766722381115,0.01887267269194126,0.38268398120999336,0.3956499621272087,0.7504633320495486,0.9247711608186364,0.10194454900920391,0.7310818359255791,0.0001532404549614608,9.602026452977988,0.25742652180319203,0.07626066009174232,9.602026452977988
0.2894050693139434,0.1477663991972804,0.04307419341057539,0.05427575670182705,0.22041140869259834,0.48285925202071667,0.0984528074041009,0.1600015889853239,0.00015299009835301053,9.52574649335187,0.27276023740362504,0.10084721613246694,9.52574649335187
0.12408518325537443,0.0641575613990426,0.04348280932754278,0.9203955195844173,0.40922579169273376,0.6685676537454128,0.06312170717865229,0.1174820689484477,0.00015297705383499231,9.245143859191659,0.24313801551012998,0.15364561611934757,9.245143859191659
0.30803298484534025,0.016651034355163574,0.28426260966807604,0.0673475181683898,0.7581553366035223,0.5276064705103636,0.2056579515337944,0.9061307841911912,0.00015276673728804017,9.748543397943847,0.20310358136978,0.061033755035032354,9.748543397943847
0.041577551513910294,0.7561311908066273,0.041889654472470284,0.5225838618353009,0.8123314138501883,0.05366060230880976,0.06233109440654516,0.3589967153966427,0.00015269018852431219,9.322221346827021,0.3033627726878791,0.1323490731444324,9.322221346827021
0.03881687764078379,0.0865958807989955,0.08014328125864267,0.03207879699766636,0.5439844876527786,0.01240326277911663,0.1492157280445099,0.9716004794463515,0.00015255125521695617,9.783403150527187,0.19551335549370438,0.07355487175930459,9.783403150527187
0.31375876907259226,0.02337664272636175,0.009120609611272812,0.34413962718099356,0.0529843857511878,0.26932334899902344,0.03738836199045181,0.035970358178019524,0.00015248710129804824,9.333661087875537,0.32727575988182755,0.10867182945575674,9.333661087875537
0.10851899813860655,0.19043989479541779,0.445394697599113,0.026711841113865376,0.218113137409091,0.062359852716326714,0.011423279531300068,0.3754063807427883,0.00015239198336481518,9.468526970470537,0.2877436846952757,0.11138399246705229,9.468526970470537
0.05489993002265692,0.3152505923062563,0.03197107557207346,0.9235715875402093,0.7278363713994622,0.44624391198158264,0.12003733683377504,0.48456082586199045,0.00015231286807266699,9.282915269424672,0.21711439411725406,0.1633050300287376,9.282915269424672
0.037440212443470955,0.7832974418997765,0.17881455458700657,0.08658824861049652,0.14090282376855612,0.11874575540423393,0.010098541155457497,0.9362976606935263,0.00015228187949457945,9.386433019482908,0.31681838790730943,0.11478970876075635,9.386433019482908
0.014747793786227703,0.9461172819137573,0.19691707007586956,0.39118172228336334,0.9360189149156213,0.6523016458377242,0.0036386456340551376,0.7710346914827824,0.00015226046042855716,9.306501709881577,0.3396995357052639,0.1512420814366354,9.306501709881577
0.35400116443634033,0.10334103275090456,0.09029114991426468,0.1253658700734377,0.3272965429350734,0.09732921700924635,0.15362797491252422,0.8292027916759253,0.0001522090639331076,9.540299763959355,0.24825992117014525,0.08895348135827608,9.540299763959355
0.013217121362686157,0.5151876602321863,0.03527983371168375,0.49533097073435783,0.9191847173497081,0.1182794589549303,0.25514112040400505,0.7862077727913857,0.00015211044648610642,9.477571476503668,0.2763213378249589,0.106882767531689,9.477571476503668
0.36636442691087723,0.002937578596174717,0.10114738624542952,0.4499565567821264,0.893127053976059,0.28171500470489264,0.14871905744075775,0.7140202829614282,0.00015179429625769754,9.54538414246594,0.24641812199663654,0.08658916962289911,9.54538414246594
0.32264617551118135,0.23765062261372805,0.06072683446109295,0.023589479736983776,0.0819228645414114,0.21805921755731106,0.12220297008752823,0.004715370014309883,0.0001516554513678757,9.431309978274326,0.2993178870639266,0.11612698633819145,9.431309978274326
0.2967365216463804,0.0489695705473423,0.20964591298252344,0.2848967695608735,0.9865959454327822,0.12520104739814997,0.24365803506225348,0.025107579305768013,0.00015151298770732597,9.674780929608762,0.22121628475719995,0.07583708914019578,9.674780929608762
0.016034147702157497,0.7801044592633843,0.021940202452242374,0.8963094428181648,0.2131699863821268,0.8225508918985724,0.01361803337931633,0.024423373863101006,0.00015150940106263954,8.975352261202945,0.3776642473982694,0.15666739434204655,8.975352261202945
0.41286460869014263,0.1668054787442088,0.05925612710416317,0.3456675922498107,0.8661492047831416,0.024031050503253937,0.11158063914626837,0.3192901499569416,0.00015149988973136075,9.44413651148216,0.2800189309581775,0.09735450705284002,9.44413651148216
0.35626221261918545,0.05580075364559889,0.05366429686546326,0.08771802298724651,0.5702691795304418,0.7687877137213945,0.18371572718024254,0.1824441570788622,0.00015113498885099778,9.527926318814488,0.26609788827122705,0.08753481197829405,9.527926318814488
0.05514730978757143,0.1118515208363533,0.5059957262128592,0.018832387402653694,0.7783895367756486,0.8016660138964653,0.12516791932284832,0.8738547759130597,0.00015097329847843025,9.513013375854682,0.2867838827953247,0.07558727126724524,9.513013375854682
0.04882705491036177,0.6460954090580344,0.13163386844098568,0.0526789128780365,0.3936197152361274,0.7479271572083235,0.0042269593104720116,0.08892239723354578,0.00015083114166987468,9.514038705888652,0.2797354552333534,0.10380428100673132,9.514038705888652
0.03927652444690466,0.4378705797716975,0.44158284831792116,0.004496343433856964,0.895602866075933,0.8395522702485323,0.04881048295646906,0.007900377735495567,0.00015077514478001287,9.493409640155468,0.28815904032574813,0.12271185940486015,9.493409640155468
0.10317069478332996,0.3262236351147294,0.01854709256440401,0.8249445334076881,0.887150701135397,0.46481435745954514,0.18032695818692446,0.9679455766454339,0.0001503677817557775,9.34531911805474,0.2626242824241687,0.14326942968937678,9.34531911805474
0.13857478834688663,0.5520929722115397,0.037333689630031586,0.12158322148025036,0.9453363856300712,0.05461428128182888,0.11464941129088402,0.1011910354718566,0.000149917443550051,9.573588430098837,0.2449878379967977,0.10761203269932317,9.573588430098837
0.08361578360199928,0.34756782185286283,0.020369788631796837,0.05092535074800253,0.9306223094463348,0.307101639918983,0.08638025727123022,0.7590347351506352,0.0001498951233280377,9.739430355942792,0.16470465589079678,0.1038639613945152,9.739430355942792
0.0067099761217832565,0.5170159423723817,0.03912254702299833,0.8662731610238552,0.7394565101712942,0.05974751245230436,0.24019136279821396,0.9359222762286663,0.00014977319921356355,9.24140860503147,0.3216429694745317,0.14309014323247293,9.24140860503147
0.13667726889252663,0.08096498344093561,0.46274572517722845,0.18488292768597603,0.7231734804809093,0.8335962370038033,0.026643932797014713,0.8734419131651521,0.0001496875354823029,9.56515019514551,0.2719140700882847,0.06822427860696995,9.56515019514551
0.37057880219072104,0.3892875351011753,0.006972920149564743,0.05130436830222607,0.8170680301263928,0.397727832198143,0.1739375302568078,0.8428651886060834,0.00014965518929694124,9.452896205021215,0.28668794073837506,0.11401261227589038,9.452896205021215
0.04493558406829834,0.05607709661126137,0.33193286694586277,0.8543300563469529,0.9730953322723508,0.2064910540357232,0.015036157332360744,0.17843268439173698,0.0001495854863423149,9.391057707390251,0.28935189708769476,0.13875104075052105,9.391057707390251
0.2690924061462283,0.11938499566167593,0.12570769526064396,0.11793825775384903,0.7803295701742172,0.13682530634105206,0.2294176947325468,0.6297732181847095,0.00014910153442058223,9.74191445483777,0.2038947689585333,0.06648084916221217,9.74191445483777
0.043553393334150314,0.6747567476704717,0.03389664087444544,0.05794047098606825,0.11887754499912262,0.08202422596514225,0.0735684297978878,0.6896856976673007,0.0001491006128603781,9.42637091254151,0.30095743360471244,0.11977628686918118,9.42637091254151
0.06571791227906942,0.5069685485213995,0.05987243168056011,0.8972743302583694,0.8743582917377353,0.800283775664866,0.21410221979022026,0.9744149642065167,0.00014897855944274955,9.247058662583825,0.29168198075090934,0.157621128345357,9.247058662583825
0.10902211349457502,0.7385745532810688,0.09126205369830132,0.0029556183144450188,0.7451579449698329,0.044168935157358646,0.06721496023237705,0.36167805455625057,0.00014891800833012123,9.517100913673708,0.2648683447595317,0.11512755304320048,9.517100913673708
0.2600069660693407,0.14960083458572626,0.09947932232171297,0.1327457744628191,0.9161489410325885,0.6880999682471156,0.05306113976985216,0.03964531421661377,0.0001487311723858992,9.69093810723625,0.21737974455282955,0.07553853778272683,9.69093810723625
0.46162499114871025,0.027497252449393272,0.02621317468583584,0.1379485446959734,0.551948657259345,0.39982653595507145,0.14910605642944574,0.0404378566890955,0.0001485942730248914,9.351546983087589,0.31319300894267327,0.10886031541358193,9.351546983087589
0.3326224610209465,0.30137174762785435,0.01865743100643158,0.28637477941811085,0.8459945740178227,0.005608299747109413,0.15111324097961187,0.03087970893830061,0.00014856543046309765,9.447180755823725,0.29011163463726136,0.10542052945274669,9.447180755823725
0.04622784536331892,0.36385403107851744,0.034707194194197655,0.7607202278450131,0.8724447628483176,0.17648586258292198,0.20568680949509144,0.02408549841493368,0.00014853517058488477,9.35466097473532,0.26255503567769367,0.1269950186993205,9.35466097473532
0.29920966643840075,0.2609974890947342,0.04231215734034777,0.04351111128926277,0.8554622614756227,0.1748158484697342,0.3208823660388589,0.6226804284378886,0.00014843085237433397,9.595504647583377,0.25358581133937524,0.0948659555656408,9.595504647583377
0.059140557423233986,0.471957347355783,0.04842610005289316,0.3475035037845373,0.8584251506254077,0.4450835855677724,0.026298081502318382,0.8889254899695516,0.0001483432863740802,9.593197478468417,0.2095201796236924,0.11306153406727097,9.593197478468417
0.2492215521633625,0.19980648066848516,0.13508165068924427,0.1558478595688939,0.9498268775641918,0.13189789559692144,0.2043609321117401,0.14325178507715464,0.00014785607545532293,9.731522241108141,0.20720913121773152,0.06809429401626961,9.731522241108141
0.031363820657134056,0.04655398614704609,0.09018073882907629,0.4074740633368492,0.98202795535326,0.9786563534289598,0.2733423449099064,0.6833603717386723,0.0001476628489954423,9.665405657561417,0.21512518701997227,0.09297199782656823,9.665405657561417
0.44737338833510876,0.0842711366713047,0.08527620788663626,0.07038336526602507,0.4558083191514015,0.48891053441911936,0.08339513000100851,0.4278042456135154,0.00014731293513794213,9.447698582750693,0.2771817899444825,0.0984158633804737,9.447698582750693
0.07886636536568403,0.17791900131851435,0.16323630418628454,0.9979903614148498,0.6747369207441807,0.20670395903289318,0.0333090964704752,0.04277036339044571,0.00014728694454215095,9.283520964850682,0.2524756773628016,0.16515298320545993,9.283520964850682
0.0040901219472289085,0.7934278938919306,0.2488914392888546,0.22735603526234627,0.9646973833441734,0.8354172119870782,0.08673950098454952,0.8022896721959114,0.00014724937553121378,9.482606910549864,0.29539378091549867,0.1220157782076791,9.482606910549864
0.43982392270118,0.2065928103402257,0.21438231971114874,0.2089349115267396,0.9955387143418193,0.4267333084717393,0.0008831927552819252,0.27462995145469904,0.00014710277766944642,9.52915618975404,0.2572452790020595,0.09799859492855478,9.52915618975404
0.2978163566440344,0.19933056272566319,0.1941800955682993,0.06948790699243546,0.8679015738889575,0.5799879329279065,0.07659549545496702,0.5752192875370383,0.0001470268020232411,9.761654476980032,0.19165953363565003,0.0643116133971403,9.761654476980032
0.20349151827394962,0.07725019846111536,0.3250141693279147,0.23993025161325932,0.9992619603872299,0.14527910202741623,0.06097857374697924,0.5320510612800717,0.00014691271039466697,9.746050635151562,0.20211365613465845,0.06517050585192172,9.746050635151562
0.02289227955043316,0.02801280003041029,0.08429857902228832,0.0839352672919631,0.6260618725791574,0.8277140557765961,0.007338294759392738,0.7410825900733471,0.00014665812240253188,9.778481231620253,0.20243440798493037,0.08550194237899235,9.778481231620253
0.07788068614900112,0.6081713326275349,0.06168235279619694,0.1518514472991228,0.9763790722936392,0.14243388548493385,0.16077279672026634,0.5386549402028322,0.0001462982881428888,9.607387840098898,0.23211762305327865,0.1039511208679217,9.607387840098898
0.15110041946172714,0.06285437941551208,0.24734573159366846,0.22479987144470215,0.8381118513643742,0.8023813664913177,0.0312222708016634,0.9031426198780537,0.00014598879032604254,9.795813703546774,0.1962944320822567,0.06320559775597691,9.795813703546774
0.0032165832817554474,0.5678159864619374,0.16511687729507685,0.10239305347204208,0.8519025333225727,0.5437350943684578,0.04094207938760519,0.6423118263483047,0.00014594052356292102,9.68869427032334,0.2203578769115574,0.09734961419691777,9.68869427032334
0.3752735648304224,0.04400337766855955,0.16788442805409431,0.09592035133391619,0.5839684642851353,0.05579163506627083,0.24356056563556194,0.7304283017292619,0.00014568411658540955,9.62087771837842,0.23052107610682707,0.07808727955120383,9.62087771837842
0.07184291444718838,0.5724783949553967,0.2739747567102313,0.12045310623943806,0.9505552351474762,0.38836516439914703,0.00819840282201767,0.7946572909131646,0.00014565283896896775,9.657626568572613,0.24167728946806136,0.10217945611123522,9.657626568572613
0.4003449557349086,0.20165922958403826,0.076711799018085,0.1533917998895049,0.7195723345503211,0.6148980939760804,0.03698016423732042,0.06988109368830919,0.00014551287271183998,9.471507792681727,0.2735439251755274,0.09825469877575496,9.471507792681727
0.07235460169613361,0.11873357929289341,0.10006623528897762,0.9113779924809933,0.8717755535617471,0.24828912038356066,0.1819572988897562,0.27696198504418135,0.00014545450132482605,9.377023833296311,0.22712538893389364,0.14932925308977205,9.377023833296311
0.010418125428259373,0.5122386710718274,0.3508714344352484,0.06546968407928944,0.32806390803307295,0.4877135558053851,0.007703123614192009,0.154166828840971,0.00014536950427532043,9.501191993433961,0.27992140599710136,0.11959926588785849,9.501191993433961
0.28021616768091917,0.2523482395336032,0.10959249641746283,0.07537181954830885,0.9551236601546407,0.5370740434154868,0.12173430901020765,0.07956693321466446,0.0001451418485090801,9.69911368327259,0.21033866369144125,0.07611354276798264,9.69911368327259
0.005698968656361103,0.5861556427553296,0.0898829149082303,0.48773135524243116,0.8354812171310186,0.6734109232202172,0.06516684591770172,0.6029747957363725,0.00014510925265153024,9.49447869680171,0.23527134990135476,0.11877736853981663,9.49447869680171
0.020538202486932278,0.6315395729616284,0.05671467259526253,0.27953155245631933,0.7258958537131548,0.3264970127493143,0.060084518045186996,0.03958817385137081,0.0001450659089859011,9.492828773747677,0.2502155967378586,0.11035902317916209,9.492828773747677
0.190464423969388,0.22021224815398455,0.13717286381870508,0.9756357688456774,0.9922919124364853,0.10016125813126564,0.04840206541121006,0.06725261081010103,0.00014502787778961605,9.295826343513173,0.2712570517488447,0.1552538822804723,9.295826343513173
0.11350285168737173,0.16122486721724272,0.02734000701457262,0.7092203721404076,0.44402327481657267,0.843870485201478,0.027134389616549015,0.08622853364795446,0.00014495660489476046,9.341969506924585,0.23672534031346631,0.13065616045109815,9.341969506924585
0.08610389474779367,0.4004319841042161,0.20970234274864197,0.21076325327157974,0.9712155116721988,0.1051100306212902,0.10183843225240707,0.9546246007084846,0.00014493210356402895,9.749473640755276,0.21216621152819418,0.07933212520483522,9.749473640755276
0.23789846990257502,0.13796118088066578,0.06993797607719898,0.2382527943700552,0.1824065325781703,0.036946361884474754,0.022925255820155144,0.008618646301329136,0.00014487474058297884,9.500892894550857,0.2840961856986657,0.09593016509940713,9.500892894550857
0.034315768629312515,0.352976999245584,0.3562589092180133,0.06140157114714384,0.19504455663263798,0.370109211653471,0.03177062049508095,0.807702518068254,0.00014485720992580094,9.582472799198689,0.2398479913829736,0.10143429028701052,9.582472799198689
0.02398063614964485,0.05870188493281603,0.03143784776329994,0.4650776628404856,0.9328080080449581,0.5952727934345603,0.20245389826595783,0.7222525458782911,0.00014485445749327935,9.636268516679516,0.20401669666067185,0.10124517007034496,9.636268516679516
0.4431867925450206,0.057866502553224564,0.18619313929229975,0.1288134315982461,0.9683533543720841,0.8041480462998152,0.21062787808477879,0.672218382358551,0.00014474440990758217,9.582027418235771,0.24742433860107252,0.08430622772615205,9.582027418235771
0.21240302082151175,0.006726914085447788,0.12749556824564934,0.21717648208141327,0.4614576166495681,0.8236379874870181,0.01610853150486946,0.04366361442953348,0.00014456734742026062,9.637444037708288,0.24401166561896137,0.07467800837353591,9.637444037708288
0.3780557531863451,0.0018116887658834457,0.14049196429550648,0.19300782307982445,0.7954524550586939,0.5861298386007547,0.18514592666178942,0.36706153117120266,0.00014455280210684285,9.627005037346624,0.22577535420177558,0.07327210422090558,9.627005037346624
0.011665943078696728,0.3276651930063963,0.07908520102500916,0.3133896170184016,0.9764923602342606,0.007262427359819412,0.08097463008016348,0.29988672491163015,0.00014421187395871187,9.67333357373897,0.20181772867284084,0.09327447175176336,9.67333357373897
0.025926940143108368,0.26615381333976984,0.4804121572524309,0.08759497106075287,0.3577299453318119,0.8853604532778263,0.027602345682680607,0.6900758957490325,0.00014420657284970823,9.44918202033603,0.302967900124074,0.10758588623634215,9.44918202033603
0.005943494848906994,0.8912705546244979,0.026278935372829437,0.9072773531079292,0.5959551483392715,0.9424821930006146,0.08155606873333454,0.42499413061887026,0.0001442032642216665,8.990119535888606,0.3738061311963665,0.17173836082829372,8.990119535888606
0.524715012870729,0.046400683000683784,0.00870237872004509,0.07685981877148151,0.9612234150990844,0.9319720519706607,0.1956807402893901,0.03430491778999567,0.00014413957335812394,9.249617932066673,0.34429315072705013,0.12325077480128145,9.249617932066673
0.1895911218598485,0.02049149200320244,0.02761570643633604,0.5416863420978189,0.971910871565342,0.6174389813095331,0.13823982141911983,0.7709628762677312,0.00014397730308290184,9.566362855246377,0.23640663252451322,0.10560464790243833,9.566362855246377
0.021533947438001633,0.7030325019732118,0.07625795342028141,0.9006426632404327,0.8182880152016878,0.94034543633461,0.13553397729992867,0.4996094135567546,0.00014393858562663478,9.15648325980473,0.30569864589947393,0.1672560206290706,9.15648325980473
0.3349808547645807,0.20722880121320486,0.15070305112749338,0.021980732679367065,0.4309447491541505,0.6106734145432711,0.0489628491923213,0.6541999205946922,0.00014375384970321368,9.622275306377974,0.23114300058538195,0.08274424983763769,9.622275306377974
0.29057888872921467,0.4205634016543627,0.016922613605856895,0.10748489759862423,0.8387506362050772,0.9739782270044088,0.05139556713402271,0.7306442875415087,0.00014360117992347064,9.490062018028151,0.27719989157963265,0.11781400123551357,9.490062018028151
0.033051060512661934,0.3843722892925143,0.010196598246693611,0.046178655698895454,0.4244926795363426,0.1289686718955636,0.031206302344799042,0.5043366048485041,0.0001435389471238514,9.629162068988789,0.21483173374733458,0.11341597243251998,9.629162068988789
0.2564947158098221,0.14583625085651875,0.05423853639513254,0.4157555978745222,0.9799438789486885,0.3902174700051546,0.18209504149854183,0.9081846298649907,0.0001431532565325457,9.608203346936145,0.24368300733032563,0.08876070813994731,9.608203346936145
0.035557329654693604,0.0759365689009428,0.41076108254492283,0.4968985319137573,0.8156527224928141,0.9810162456706166,0.027030959725379944,0.3868680913001299,0.00014279916118497,9.510990333586612,0.2826001029830502,0.09777648609406288,9.510990333586612
0.013280645944178104,0.6408934462815523,0.07742029521614313,0.043659379705786705,0.5716352174058557,0.27735451702028513,0.09094967227429152,0.45834667421877384,0.00014253223018486822,9.584145678216073,0.23404460171308655,0.10298723909039458,9.584145678216073
0.3440314717590809,0.05202189087867737,0.098283302038908,0.3667281735688448,0.5064706634730101,0.0900477496907115,0.04710886534303427,0.8004810055717826,0.00014248524058763855,9.52099610270431,0.2426737309334876,0.08192804357668798,9.52099610270431
0.04991756659001112,0.41258110851049423,0.02321153413504362,0.6972549604251981,0.6376340314745903,0.004361158236861229,0.032718499191105366,0.4533148454502225,0.00014237495893238477,9.365621657036115,0.2560116836538539,0.13032570187864856,9.365621657036115
0.19124093651771545,0.18483009561896324,0.26463859900832176,0.18698593135923147,0.8013576362282038,0.25982869882136583,0.005607308819890022,0.9970763521268964,0.00014236737301400717,9.76289487402111,0.19778888705549919,0.07215093555887839,9.76289487402111
0.3588802395388484,0.3947281092405319,0.031373550184071064,0.03938665520399809,0.9179167943075299,0.6348665077239275,0.09238140750676394,0.292644415050745,0.00014235488098114223,9.489753403061695,0.2691899270500673,0.10852494977854672,9.489753403061695
0.014049923978745937,0.08758373279124498,0.2606594078242779,0.006610643118619919,0.9424994699656963,0.47571400832384825,0.3171812342479825,0.8359723091125488,0.00014231769631702036,9.808123072181841,0.19277479715473236,0.054903539426833355,9.808123072181841
0.007228963077068329,0.8252745354548097,0.0678140576928854,0.2631241399794817,0.3981106970459223,0.7145140683278441,0.08421264588832855,0.9322541747242212,0.0001422133203217037,9.353444259789137,0.320003032358976,0.12420761248186676,9.353444259789137
0.05518841743469238,0.05602945853024721,0.04008668102324009,0.1443192670121789,0.8159913523122668,0.930126384831965,0.36645574402064085,0.8184348866343498,0.0001419389464451265,9.678547580303688,0.19356737012792652,0.0876463291704499,9.678547580303688
0.49070344492793083,0.08163254801183939,0.15514716506004333,0.07943318504840136,0.5087466146796942,0.5207776110619307,0.011781501583755016,0.05495067313313484,0.00014170616726504482,9.391615831775944,0.2969068423319835,0.10409681949265105,9.391615831775944
0.5273689469322562,0.03871840890496969,0.26120373141020536,0.008825483731925488,0.6344433119520545,0.19452026579529047,0.031574878841638565,0.6768981041386724,0.00014162374416079972,9.439163142545995,0.2873342904380994,0.09852165436885776,9.439163142545995
0.05427886638790369,0.322613256983459,0.1498716687783599,0.33757508266717196,0.06020416133105755,0.975149187259376,0.011348607949912548,0.1848265640437603,0.0001415719822882773,9.494773696308972,0.2793506734831025,0.10260735637339712,9.494773696308972
0.06207693926990032,0.11707908287644386,0.4902282590046525,0.10327651351690292,0.6467331266030669,0.46854957938194275,0.06247031316161156,0.9822907457128167,0.0001415300772730593,9.519430818905981,0.2806176979575178,0.07461627707209757,9.519430818905981
0.31837252993136644,0.3000510688871145,0.18850432056933641,0.15852675959467888,0.9245690843090415,0.8805996933951974,0.028745081275701523,0.6444247020408511,0.00014124371100033203,9.649513861678777,0.23200090639001444,0.08879195003515078,9.649513861678777
0.2878190176561475,0.015497403219342232,0.08380190934985876,0.29859894420951605,0.7418944509699941,0.30025298055261374,0.08791159093379974,0.2384861195459962,0.00014115886464288854,9.632184569734711,0.2279531573967637,0.07436171695729982,9.632184569734711
0.4331762548536062,0.18761880602687597,0.007124987430870533,0.044342744164168835,0.41726261377334595,0.33914268389344215,0.11655938718467951,0.19995624106377363,0.00014103413985562202,9.348401812518636,0.3089257922463763,0.12040677406247294,9.348401812518636
0.09431830421090126,0.8332300521433353,0.025359381921589375,0.3406587038189173,0.8343236520886421,0.7451995462179184,0.04147163778543472,0.8537599416449666,0.00014103306215460323,9.32921772438738,0.3143731853102267,0.14672742425502763,9.32921772438738
0.04315520357340574,0.33619669638574123,0.0075628310441970825,0.9193156994879246,0.5059315273538232,0.708662735298276,0.1469059595838189,0.8794031366705894,0.00014085238678798756,9.225687988065637,0.2597207869475777,0.16078316921996402,9.225687988065637
0.032290770672261715,0.008169074542820454,0.0552658149972558,0.2434860821813345,0.28695754520595074,0.8712316146120429,0.18116517551243305,0.008922833018004894,0.00014079922841323856,9.592557462981702,0.2514711302197096,0.07670422397597053,9.592557462981702
0.13946887757629156,0.06182197201997042,0.13523298501968384,0.7119468552991748,0.8561184946447611,0.19270027242600918,0.0007461728528141975,0.9095166167244315,0.00014077235582992997,9.535455179696308,0.23074031377065865,0.1170215039463877,9.535455179696308
0.035224225372076035,0.48997820913791656,0.06714894995093346,0.07946579065173864,0.9385242536664009,0.3960726987570524,0.11942578200250864,0.6128669092431664,0.00014053531933167016,9.716627679571417,0.17973811100908524,0.09547607420207606,9.716627679571417
0.27889356296509504,0.29560195468366146,0.08208379987627268,0.22920756228268147,0.6655089436098933,0.06728229019790888,0.05501936376094818,0.9505095696076751,0.00014049834800681073,9.59514725031751,0.24136214799004205,0.09195315440813133,9.59514725031751
0.32786386646330357,0.016317611560225487,0.027321912348270416,0.42357196286320686,0.9415488131344318,0.1677940059453249,0.3134720679372549,0.6284059835597873,0.00014045057760717698,9.480485731996836,0.2808673127582963,0.10308983118048598,9.480485731996836
0.006331413984298706,0.9894156660884619,0.07309676706790924,0.3778452929109335,0.683161361142993,0.7897559115663171,0.15648596826940775,0.9922271957620978,0.00014039981315748767,9.22093904831513,0.3589806894584145,0.1517646832635337,9.22093904831513
0.08427866082638502,0.05146695766597986,0.05602421145886183,0.9236232992261648,0.8528862036764622,0.2928959093987942,0.26677788980305195,0.5344563154503703,0.0001400180646408422,9.339958602310055,0.2568687835844634,0.15434114870016577,9.339958602310055
0.15669084712862968,0.02094029914587736,0.09205244295299053,0.03805787302553654,0.8834237493574619,0.9109741803258657,0.10132645443081856,0.49346893560141325,0.0001399168356041615,9.80915842090517,0.18947099159670583,0.06882713458033698,9.80915842090517
0.41181557532399893,0.0252146627753973,0.11327468603849411,0.01745809242129326,0.978498219512403,0.7779085757210851,0.358220967464149,0.041576662100851536,0.00013991007846338404,9.507644153398493,0.26743795455295866,0.09352442078253581,9.507644153398493
0.06735419575124979,0.7343083759769797,0.08630873262882233,0.9383381381630898,0.839482338167727,0.4228155817836523,0.012164345942437649,0.07488854601979256,0.000139821957013462,9.106932664591582,0.3189832494338137,0.16940202567668355,9.106932664591582
0.4065980454906821,0.17922849487513304,0.19697381742298603,0.24438786134123802,0.8215277353301644,0.13062235806137323,0.024496324360370636,0.4357756348326802,0.00013979840301108363,9.563260214321403,0.23860123342965292,0.09085699400333871,9.563260214321403
0.26825131941586733,0.015685616061091423,0.12102849036455154,0.09659975860267878,0.7190439496189356,0.9920281870290637,0.26422437746077776,0.7861428838223219,0.00013971850894724404,9.68839696089738,0.22376799676985612,0.08174599520092005,9.68839696089738
0.07533055078238249,0.03200011607259512,0.5225847996771336,0.13256056886166334,0.5580365108326077,0.8687257431447506,0.048502251505851746,0.5481331115588546,0.00013954894078387525,9.435709696379211,0.30876341327034185,0.07771924650499382,9.435709696379211
0.4278810126706958,0.056629699654877186,0.1925511760637164,0.20178120955824852,0.4855565382167697,0.010319064371287823,0.06972928903996944,0.019562458619475365,0.00013949190058320948,9.4719225944148,0.2720011848179934,0.09116516899807549,9.4719225944148
0.3744077496230602,0.19872048310935497,0.11412880476564169,0.01866047363728285,0.6370744025334716,0.6385863637551665,0.1326417801901698,0.3505966532975435,0.0001393719938655965,9.592424244415417,0.2381571556779446,0.0823029534328636,9.592424244415417
0.014276954345405102,0.21084042824804783,0.12170269060879946,0.9482672996819019,0.4638274982571602,0.5033576646819711,0.09629885014146566,0.252556755207479,0.00013916317202617402,9.290741313294404,0.21862357657222123,0.15979227168199808,9.290741313294404
0.043335845693945885,0.8735951306298375,0.1404190342873335,0.4213367849588394,0.9627007488161325,0.06838708743453026,0.1633097706362605,0.9652674784883857,0.00013915208225751636,9.340577759588289,0.3270274559638615,0.13876078144652892,9.340577759588289
0.0769122876226902,0.18510754220187664,0.03850325755774975,0.8328237580135465,0.5343818115070462,0.027983132749795914,0.040936531499028206,0.29572653491050005,0.00013909914866629282,9.329881844730805,0.2484244803830778,0.13829986158668733,9.329881844730805
0.10649429820477962,0.3597385920584202,0.10224428493529558,0.07162651885300875,0.9827870018780231,0.17365668527781963,0.37574406806379557,0.8291802322492003,0.00013848820436267016,9.700643506482965,0.22899864173821324,0.07435394545841956,9.700643506482965
0.26575745455920696,0.4602670855820179,0.14688923861831427,0.0090445252135396,0.7373369112610817,0.2707387637346983,0.008219636045396328,0.7710994947701693,0.00013846128804280701,9.642719642014777,0.23354881214884748,0.09664516268253372,9.642719642014777
0.2522059688344598,0.028285183012485504,0.22757060546427965,0.02544821798801422,0.3788570165634155,0.6257329313084483,0.09750233124941587,0.1325149666517973,0.0001384434467591172,9.70791832627375,0.21319006120098333,0.06096442899932165,9.70791832627375
0.016020415350794792,0.2657734351232648,0.07975153159350157,0.7403494762256742,0.7298370627686381,0.7124212654307485,0.12989617884159088,0.2752257864922285,0.0001383223484207105,9.432599823483905,0.18239255446941158,0.13413825816384478,9.432599823483905
0.008109546266496181,0.1224221782758832,0.04424743074923754,0.22547170147299767,0.9839444849640131,0.24543851520866156,0.4766220757737756,0.580225664190948,0.0001380846681161361,9.596366905445796,0.24858872169212787,0.0840431773468035,9.596366905445796
0.04228172451257706,0.04813437256962061,0.07858107704669237,0.7943444922566414,0.6773163201287389,0.9200013829395175,0.2258911281824112,0.5319332480430603,0.00013806689139928504,9.408985854500509,0.2178132757723508,0.1416109661917828,9.408985854500509
0.09127293340861797,0.07795095723122358,0.0988790625706315,0.7793225571513176,0.7271628966554999,0.37739227805286646,0.017728847451508045,0.2373142959550023,0.00013806253072234977,9.44700704683821,0.1934216013068051,0.13435616466949563,9.44700704683821
0.3909807996824384,0.3615789758041501,0.2491136845201254,0.08737068343907595,0.8616506811231375,0.0613501975312829,0.03142530471086502,0.6634419104084373,0.00013801292294703495,9.56154627440918,0.25045500232265283,0.09779737502327883,9.56154627440918
0.01260560192167759,0.576155211776495,0.016474097035825253,0.6257636807858944,0.4342765165492892,0.002629469148814678,0.0865223566070199,0.9656130569055676,0.0001378302400840712,9.312128417825633,0.3113108695946844,0.12317490566896999,9.312128417825633
0.269771640188992,0.14311320893466473,0.22421227768063545,0.04571695625782013,0.8085639867931604,0.5152012193575501,0.060200382955372334,0.29444064665585756,0.0001377233027931666,9.780046793909749,0.17950538912147804,0.06216408699878841,9.780046793909749
0.03303822409361601,0.8822545846924186,0.0758586898446083,0.324727981351316,0.8786521861329675,0.273309457115829,0.14748728647828102,0.7545410636812449,0.00013767453032211113,9.362772930807026,0.30865615869252255,0.13840132213008263,9.362772930807026
0.024686613120138645,0.8953637927770615,0.04860136192291975,0.2988006742671132,0.9580988781526685,0.15279286913573742,0.32782729156315327,0.8407690525054932,0.0001376005767200577,9.291122478409825,0.3338491888562337,0.13715935461410073,9.291122478409825
0.19850768707692623,0.04003956355154514,0.15549485851079226,0.555510557256639,0.7253780728206038,0.9482454769313335,0.044962876476347446,0.9931304957717657,0.0001375863399368556,9.57973576866762,0.23986847584198892,0.10015998922344463,9.57973576866762
0.2777184993028641,0.19259716663509607,0.1540442481637001,0.037627204321324825,0.9387763133272529,0.19444290734827518,0.3694973671808839,0.09558210149407387,0.00013744812628942824,9.66878740853431,0.2222030005481832,0.07527218269355535,9.66878740853431
0.042444443330168724,0.6113517684862018,0.1330041689798236,0.7623287010937929,0.9253007844090462,0.4532163152471185,0.03684467915445566,0.05019189137965441,0.00013744025374602879,9.317445224825148,0.2660028624284819,0.14460775077970245,9.317445224825148
0.042492170818150043,0.42242327239364386,0.09625600092113018,0.9955663047730923,0.5340745402500033,0.08410896826535463,0.0636285487562418,0.04480310622602701,0.00013736797399809458,9.177610917134658,0.2875701849551406,0.1623550825356032,9.177610917134658
0.08929558005183935,0.9898188542574644,0.04179863631725311,0.07982714753597975,0.9061544984579086,0.11395948380231857,0.23274177499115467,0.5922398511320353,0.00013709440087324528,9.28278878490413,0.3289996920869738,0.15796969259552024,9.28278878490413
0.007730207405984402,0.304579827003181,0.32769728172570467,0.08505139034241438,0.1298627955839038,0.28566496074199677,0.08130785264074802,0.08942341525107622,0.00013698888023914473,9.555001213813801,0.2557107250981802,0.10971917148870043,9.555001213813801
0.011888189241290092,0.4402290340512991,0.09950604103505611,0.8018537508323789,0.7762133963406086,0.6028251713141799,0.11534459050744772,0.2043946348130703,0.00013698097059592135,9.356451630994666,0.21995725404213784,0.1443594975755252,9.356451630994666
0.5624891258776188,0.22458963468670845,0.00020474381744861603,0.01489736046642065,0.44957640394568443,0.11536070611327887,0.009146562777459621,0.15346686635166407,0.00013695462766842467,9.117687551457134,0.3609568881140602,0.14646314765355678,9.117687551457134
0.04810852836817503,0.1590128941461444,0.26921569649130106,0.044608643278479576,0.928965212777257,0.7334032068029046,0.0734458938241005,0.16528042685240507,0.0001368773795241187,9.821625912566985,0.1660121462773941,0.06673977804095715,9.821625912566985
0.0008242269977927208,0.41716698184609413,0.10108356364071369,0.055331251583993435,0.8772564316168427,0.449144946411252,0.009280792437493801,0.2686346126720309,0.00013671821231565855,9.734934768915801,0.17239443090074785,0.09985911063374917,9.734934768915801
0.007166056893765926,0.7506619757041335,0.2137818429619074,0.07743506599217653,0.6568961646407843,0.3031178554520011,0.027477880008518696,0.16565304156392813,0.00013660420840492143,9.499951408490581,0.2763667556035356,0.10692049158769987,9.499951408490581
0.06629246473312378,0.48200368601828814,0.023698612116277218,0.0009563332423567772,0.2509694788604975,0.4269106471911073,0.005884603597223759,0.6596212293952703,0.0001365900173144724,9.57140431658457,0.24565876280256888,0.11908809949016651,9.57140431658457
0.011714199557900429,0.8139120880514383,0.02260843850672245,0.034321753308176994,0.45995638612657785,0.3951492216438055,0.21298743318766356,0.05054939445108175,0.00013658247066228627,9.360807326269311,0.30346208920349715,0.1118771412409466,9.360807326269311
0.04386014398187399,0.06865473091602325,0.09203643631190062,0.6688881907612085,0.864259977824986,0.07081323023885489,0.3520319052040577,0.8687551347538829,0.0001364241440126663,9.488170680180223,0.2663373801771219,0.10741046908222078,9.488170680180223
0.3089542714878917,0.13843888696283102,0.010834449902176857,0.04227364342659712,0.014574486762285233,0.7374768666923046,0.13313778210431337,0.7103481879457831,0.00013641186876434604,9.424518593873184,0.29805673302078206,0.11816713573408895,9.424518593873184
0.4270049659535289,0.020664066076278687,0.21982156950980425,0.1025566728785634,0.13503064680844545,0.6049883114174008,0.0035020308569073677,0.8829486602917314,0.0001362434366481798,9.444398710255165,0.2786905795831352,0.09876336094698025,9.444398710255165
0.27174769807606936,0.006241645663976669,0.2012169249355793,0.006663342006504536,0.3561249077320099,0.4039293387904763,0.13996201660484076,0.7373083820566535,0.00013622279930977678,9.736026168463528,0.19070385923430672,0.06224984797024961,9.736026168463528
0.12703361455351114,0.026434817351400852,0.022967137396335602,0.14698110334575176,0.1906177056953311,0.1349851293489337,0.05203019827604294,0.36132942605763674,0.00013597423589444617,9.614625871377836,0.2554277270150265,0.0953141671710122,9.614625871377836
0.2523288344964385,0.20167738012969494,0.02926554623991251,0.1403553755953908,0.8286908250302076,0.00787980854511261,0.36101161036640406,0.34860740695148706,0.00013596868930043762,9.56781342727473,0.26185764300724995,0.09113054445587693,9.56781342727473
0.00010683666914701462,0.5352672021836042,0.01828026305884123,0.38816009275615215,0.2853196617215872,0.9063374381512403,0.038106233812868595,0.5298520792275667,0.00013586773313009197,9.404567985828084,0.2801057962567998,0.11848561376853975,9.404567985828084
0.13311070017516613,0.03322936315089464,0.12440738454461098,0.8151816129684448,0.8315241858363152,0.08597372379153967,0.10505765117704868,0.8394178505986929,0.00013579051715137448,9.47287686161047,0.24217102263185505,0.12696655121343262,9.47287686161047
0.02327093482017517,0.49308256432414055,0.05128480959683657,0.6562902899459004,0.7028081053867936,0.08795147575438023,0.08036355208605528,0.6725705554708838,0.00013552680550429796,9.405810185471427,0.2550600066057412,0.12428206536375376,9.405810185471427
0.16424050275236368,0.06520524993538857,0.03750942833721638,0.045591224916279316,0.8614143887534738,0.3558141039684415,0.28147388249635696,0.17693502642214298,0.0001354950934520033,9.727511656570607,0.21557224510413953,0.07389138094544684,9.727511656570607
0.24421261344105005,0.4717177264392376,0.0029010577127337456,0.1583702052012086,0.9952872283756733,0.22504254896193743,0.2509184191003442,0.7610310949385166,0.00013542734761880524,9.526760437013802,0.2699400469492975,0.11264931051850528,9.526760437013802
0.20560504216700792,0.047102068550884724,0.0635089073330164,0.3003702098503709,0.8577157855033875,0.014851285144686699,0.337339473888278,0.48435978032648563,0.00013533265963440975,9.629171496685382,0.24367256657284614,0.08156460729162118,9.629171496685382
0.07697920966893435,0.03347708843648434,0.07425791583955288,0.6281843474134803,0.9446430271491408,0.3688776334747672,0.36087459046393633,0.9673828771337867,0.00013527557724071938,9.519160476882876,0.26124804112211275,0.11261233899008354,9.519160476882876
0.008762858808040619,0.25666417367756367,0.03612637333571911,0.9419808946549892,0.5676952600479126,0.6365475188940763,0.22426086571067572,0.2226784247905016,0.00013527186492556526,9.235286202731622,0.24208706307016478,0.16043116058866747,9.235286202731622
0.006024924106895924,0.45692890603095293,0.1901147048920393,0.8759539294987917,0.8479708032682538,0.4327131947502494,0.14200572203844786,0.9071319922804832,0.00013511129750680854,9.358535833019483,0.2695112832147458,0.1497655670917635,9.358535833019483
0.05336206220090389,0.7957823406904936,0.0370999863371253,0.031549484468996525,0.9882460059598088,0.26421502605080605,0.35064778849482536,0.02778797410428524,0.00013499642808044787,9.38652648848484,0.2928256215097134,0.1081100777138578,9.38652648848484
0.08864341676235199,0.16320102848112583,0.00042316969484090805,0.8203815221786499,0.6996303545311093,0.7519229855388403,0.1928055491298437,0.8382572047412395,0.0001349204774249189,9.336677819019117,0.23983886310029542,0.1469985633193813,9.336677819019117
0.10349144600331783,0.3498097416013479,0.21615436766296625,0.04431812558323145,0.09643071703612804,0.7144568748772144,0.0009838892146945,0.6319228913635015,0.00013467486542555258,9.637099169649717,0.235897049065381,0.0980405705568286,9.637099169649717
0.32089348416775465,0.019228004850447178,0.3364904588088393,0.00933336652815342,0.2880416102707386,0.2828650427982211,0.06481252983212471,0.30829843785613775,0.00013461903080579684,9.588141063383533,0.25196851890879896,0.08013859441606166,9.588141063383533
0.07106379140168428,0.757620426826179,0.10241954680532217,0.02682231180369854,0.8323341701179743,0.47890199441462755,0.20861474890261889,0.8785570356994867,0.0001345126350197599,9.542671241340598,0.26056777290788524,0.10844871617821482,9.542671241340598
0.3259895397350192,0.026942800730466843,0.08887217938899994,0.07636816333979368,0.1162913404405117,0.59058350417763,0.16642602067440748,0.9196416018530726,0.0001344808824644871,9.527481886811334,0.2579789910475906,0.09570376330985153,9.527481886811334
0.06593122519552708,0.8817419037222862,0.015290540643036366,0.8133012391626835,0.9766912581399083,0.1985241463407874,0.12235370837152004,0.4771682135760784,0.00013447016260022417,9.089943620747807,0.36232143326450605,0.16594200154204053,9.089943620747807
0.03329175431281328,0.5781161161139607,0.011045445688068867,0.780181709676981,0.6781886285170913,0.09701061900705099,0.13109824620187283,0.21767415665090084,0.0001343648132247164,9.237976653639272,0.2975521886843541,0.13777273460116182,9.237976653639272
0.3555639935657382,0.43056606967002153,0.0039850203320384026,0.14044141210615635,0.7036233497783542,0.22952808067202568,0.02578805945813656,0.6792045487090945,0.00013433928691395457,9.406629273394826,0.287457602182984,0.12276918626989791,9.406629273394826
0.11785591766238213,0.6636183820664883,0.014121036045253277,0.6519947433844209,0.9286260632798076,0.43442457262426615,0.03037182055413723,0.7050518561154604,0.00013429983007721692,9.296569721042319,0.2850622573637712,0.14413079253227937,9.296569721042319
0.0008123870939016342,0.9119589179754257,0.03161405771970749,0.3392516616731882,0.425158753991127,0.08606941998004913,0.12641341518610716,0.019295851700007915,0.0001342562715700234,9.203886347321212,0.3525645111353344,0.1284808994787523,9.203886347321212
0.30199896544218063,0.17209418211132288,0.13319942727684975,0.05585422087460756,0.2608395470306277,0.8129122648388147,0.042790526524186134,0.5575179196894169,0.0001339420338001865,9.586553251904741,0.2480928681087386,0.09021891644036831,9.586553251904741
0.47192843817174435,0.03446352854371071,0.06497975718230009,0.08559018466621637,0.7743243686854839,0.6131169581785798,0.25479619577527046,0.9815365811809897,0.00013381249608307008,9.42387677377097,0.29649789957597367,0.10197453519713982,9.42387677377097
0.009927763603627682,0.6177142364904284,0.041416763328015804,0.11975730769336224,0.6071023298427463,0.9057992231100798,0.13516513258218765,0.6213160855695605,0.00013371258485617998,9.54465330108864,0.2530842845618733,0.10513090668742932,9.54465330108864
0.045995661057531834,0.06719254050403833,0.5049626911059022,0.1641166564077139,0.6340255355462432,0.5709664858877659,0.03940018359571695,0.6467690719291568,0.0001336402660625325,9.477294360703194,0.2931901915022804,0.07784078732457356,9.477294360703194
0.21155542228370905,0.7476305924355984,0.08338713273406029,0.10942567698657513,0.9870483633130789,0.19381981249898672,0.035714391618967056,0.6228410312905908,0.00013362274790482457,9.467621095783775,0.27969006423804943,0.13153949071576604,9.467621095783775
0.04528673365712166,0.016927029006183147,0.4026475828140974,0.010782331228256226,0.010485089384019375,0.9561185063794255,0.1784817213192582,0.4829593552276492,0.00013359549706329414,9.51880916187253,0.27458325453806237,0.08713651895024602,9.51880916187253
0.012041555717587471,0.11983465403318405,0.3805878907442093,0.649004528298974,0.8992971237748861,0.015932340174913406,0.023407546803355217,0.7958701839670539,0.00013350219749805081,9.459938843165009,0.287741223730528,0.10646975657633895,9.459938843165009
0.057149337604641914,0.08592568151652813,0.056420544162392616,0.8277719467878342,0.04046547133475542,0.40899317525327206,0.10783337522298098,0.03504314459860325,0.00013337830912102546,9.251297942995025,0.2813345521207777,0.1251983111097533,9.251297942995025
0.48936576023697853,0.12427781894803047,0.18253379128873348,0.2410193793475628,0.8628086671233177,0.11360792815685272,0.07117234170436859,0.9105811519548297,0.0001333555941017196,9.47249035545055,0.2654026732579943,0.09482071430217208,9.47249035545055
0.422579625621438,0.03584862221032381,0.04706574883311987,0.3331674849614501,0.4520453745499253,0.14823654480278492,0.04315465781837702,0.23120175208896399,0.0001333243900765299,9.36322649296737,0.2956867657935526,0.09801051445478792,9.36322649296737
0.0695629408583045,0.7885689409449697,0.029799592681229115,0.39328478556126356,0.6078307693824172,0.19188782759010792,0.028612990863621235,0.8973847255110741,0.00013326258225377705,9.3292765550718,0.31281215999695056,0.1385939501288856,9.3292765550718
0.021255108527839184,0.25928701367229223,0.07730516511946917,0.16789465211331844,0.06367651838809252,0.7868021633476019,0.018568018451333046,0.7861812999472022,0.0001331304308070422,9.599174545463178,0.25298247268746576,0.10042191931140507,9.599174545463178
0.05497610289603472,0.43027621041983366,0.02726405207067728,0.0681970315054059,0.957905706949532,0.06277257110923529,0.4543150970712304,0.3234864780679345,0.0001327497986821523,9.535228747675388,0.27080095861242043,0.08472311038581108,9.535228747675388
0.2877644933760166,0.14070714451372623,0.06124513503164053,0.22491041291505098,0.7693760683760047,0.08438525721430779,0.2523465296253562,0.5043898625299335,0.0001326109938723674,9.618219091169555,0.23838923408227897,0.08266304961856712,9.618219091169555
0.07560856733471155,0.2662223996594548,0.04857922624796629,0.7864149957895279,0.9523400338366628,0.3803747929632664,0.19865999650210142,0.18717458378523588,0.00013255387908054262,9.40185947583586,0.22605667869686547,0.13174484864573935,9.40185947583586
0.02501771319657564,0.635576730594039,0.10182499140501022,0.047274875454604626,0.6621308932080865,0.5013326359912753,0.17347902711480856,0.9081197334453464,0.00013254035791957733,9.617756485656681,0.23815759801197067,0.09267358791394273,9.617756485656681
0.04789029061794281,0.3350353790447116,0.10587249975651503,0.18955673091113567,0.0024086348712444305,0.8709402773529291,0.09451808407902718,0.06791359651833773,0.00013252453947890517,9.521228774392263,0.27743819337610537,0.09504112496359408,9.521228774392263
0.0666367830708623,0.34459804464131594,0.04429312888532877,0.614298359490931,0.4978183340281248,0.9639162663370371,0.03412428591400385,0.8136403234675527,0.00013240751813269904,9.414909356220138,0.2353855940019062,0.12750025135532236,9.414909356220138
0.04028718452900648,0.5792095940560102,0.007204643450677395,0.393370408564806,0.9829015750437975,0.0384786706417799,0.3657591510564089,0.06794820912182331,0.0001323734188910718,9.379584275567701,0.3071767216677689,0.10077415194187994,9.379584275567701
0.3454791260883212,0.10028752032667398,0.32547135185450315,0.02170097827911377,0.9810923188924789,0.6629306031391025,0.26935941632837057,0.8444487145170569,0.00013231540015038682,9.688931546436418,0.22099137794166068,0.07000620212383621,9.688931546436418
0.1102249976247549,0.043674261309206486,0.192859866656363,0.8491556849330664,0.9200877109542489,0.10868305992335081,0.1898561678826809,0.873067568987608,0.0001322512798830888,9.470632562233366,0.2528403015763997,0.12950379239796825,9.470632562233366
0.0005547292530536652,0.09268986061215401,0.27370791882276535,0.2100755413994193,0.054177320562303066,0.0929952198639512,0.03367937635630369,0.4996359692886472,0.00013209286881555929,9.608862751673781,0.22864703076512707,0.08874363544977996,9.608862751673781
0.4068137872964144,0.3029869543388486,0.2454409757629037,0.04332662373781204,0.9670737748965621,0.8730073114857078,0.18689832277595997,0.9252022244036198,0.00013195881137238044,9.586957756976133,0.2481736429456905,0.08685293477707175,9.586957756976133
0.42634779773652554,0.29376520309597254,0.21517721563577652,0.04736341256648302,0.7979413932189345,0.09439906198531389,0.08193903230130672,0.44517042208462954,0.00013176788716679833,9.557608905404992,0.24704904233117744,0.09461353210039966,9.557608905404992
0.3052207427099347,0.07212619762867689,0.07227529771625996,0.21364709176123142,0.3295091688632965,0.517292951233685,0.027271312661468983,0.7208728799596429,0.00013130983242192233,9.553091757002576,0.24733089258359933,0.08891741509506193,9.553091757002576
0.12604890298098326,0.5905205020681024,0.03550850972533226,0.8605409972369671,0.8287293780595064,0.895795482210815,0.010721754282712936,0.4118909686803818,0.00013122212769251914,9.177315558923091,0.27557481866570527,0.16478495419478642,9.177315558923091
0.039124323055148125,0.5926052089780569,0.16799539048224688,0.917010354809463,0.6962387319654226,0.9228703221306205,0.09501470066606998,0.9211964476853609,0.0001311872933657326,9.227549936358793,0.297548885433023,0.16356843968462184,9.227549936358793
0.040346862748265266,0.7019932921975851,0.10549746360629797,0.06763721816241741,0.5098637938499451,0.3149199681356549,0.04582141060382128,0.6776095181703568,0.00013118122848301714,9.541027394989303,0.253666049280919,0.10892056714969471,9.541027394989303
0.10970791336148977,0.7699972353875637,0.02005678042769432,0.09965131804347038,0.7528298180550337,0.09551471471786499,0.2628480149433017,0.9647848159074783,0.00013112456075259788,9.40547115107474,0.3030267713778787,0.12773094417723047,9.40547115107474
0.3934924826025963,0.10099854413419962,0.2250247048214078,0.1634826697409153,0.42428102530539036,0.08292256947606802,0.051442064344882965,0.8638296090066433,0.00013091468942284215,9.555120584024682,0.22973515798849964,0.08154462031940314,9.555120584024682
0.10580857563763857,0.06020046304911375,0.2742872843518853,0.04049383942037821,0.8665104787796736,0.20908306818455458,0.34103868529200554,0.9990627728402615,0.00013087532787913457,9.772198923823558,0.20019146696895393,0.05806274920297393,9.772198923823558
0.04583608079701662,0.039971391670405865,0.07710638176649809,0.3599628759548068,0.03123632352799177,0.5803197175264359,0.11066053248941898,0.02775335405021906,0.00013081165939815375,9.520484609882791,0.26425418803306383,0.0825329594655779,9.520484609882791
0.01918163150548935,0.21163553651422262,0.022739341482520103,0.16063174419105053,0.9673465834930539,0.9189924383535981,0.1447599995881319,0.6910070348531008,0.0001306188714122558,9.725315600242796,0.1945580646965608,0.09445440365114051,9.725315600242796
0.0380824850872159,0.1959539232775569,0.14264073502272367,0.9517791336402297,0.7342575695365667,0.7498091943562031,0.2103739446029067,0.7426544176414609,0.00013061592249766674,9.341174851329276,0.23256311256085838,0.16102860957666454,9.341174851329276
0.1730828434228897,0.007590377703309059,0.36993715167045593,0.12265264801681042,0.5528500787913799,0.9423193465918303,0.09711516555398703,0.2773172613233328,0.0001305047957062076,9.664512985647496,0.22927050991568718,0.06219797385393664,9.664512985647496
0.002969108521938324,0.2465467881411314,0.07229535933583975,0.934842249378562,0.8319150926545262,0.4633506955578923,0.31333468295633793,0.05577113199979067,0.00013048563086104665,9.262870323742748,0.2662183348929148,0.15340159056185862,9.262870323742748
0.012641366571187973,0.40521309431642294,0.47600760590285063,0.10686127841472626,0.9593349825590849,0.7556577455252409,0.06464111711829901,0.8521140925586224,0.00013027730876191473,9.484674719990814,0.29224682500087845,0.10603243528950841,9.484674719990814
0.521328647620976,0.03505429718643427,0.08861875534057617,0.34460831992328167,0.8995300717651844,0.23961850441992283,0.06665896624326706,0.916272085160017,0.00013026537679194334,9.349562491806292,0.30347777236227624,0.10027920826641301,9.349562491806292
0.38276778534054756,0.19312839396297932,0.2019330058246851,0.05095032323151827,0.6104023735970259,0.682290899567306,0.04509978462010622,0.31503286212682724,0.0001302097207678552,9.595713798368452,0.23557695800459133,0.08319773910480308,9.595713798368452
0.10622317623347044,0.7115219766274095,0.11843504942953587,0.16075864620506763,0.8754670294001698,0.574377148412168,0.00013320986181497574,0.7328496659174562,0.00013015067745768592,9.542919229022518,0.25581967791961335,0.11960328631126511,9.542919229022518
0.21620524488389492,0.13990676682442427,0.08989036828279495,0.35726666264235973,0.9219252010807395,0.06659997440874577,0.19713772181421518,0.7607383970171213,0.00013014970660384835,9.683203126552389,0.22451215993622278,0.0754862137242075,9.683203126552389
0.07868391089141369,0.6415869686752558,0.046218485571444035,0.499888869933784,0.8566396227106452,0.56252621114254,0.018859602510929108,0.11245222296565771,0.00012999211470777808,9.387395694324805,0.2544421920340914,0.12620738800914688,9.387395694324805
0.012104292400181293,0.053759148344397545,0.27551450952887535,0.9635617407038808,0.1717622224241495,0.9976711980998516,0.09167807828634977,0.060519011691212654,0.0001299227422592798,9.204447542320336,0.31656899563974755,0.1496526872294563,9.204447542320336
0.3544874843209982,0.029115269891917706,0.266932369209826,0.18159577064216137,0.6068309051916003,0.5149259474128485,0.016461603343486786,0.42284073028713465,0.00012986030584214177,9.633434886019929,0.2260738842535159,0.07304902965494361,9.633434886019929
0.04687488451600075,0.6544446051120758,0.006351596675813198,0.15313567407429218,0.25273054651916027,0.5497329570353031,0.015276222489774227,0.34188616648316383,0.0001297024611739938,9.41124277936309,0.2894549699594242,0.12390402969420163,9.41124277936309
0.42044628597795963,0.09637639299035072,0.046755360439419746,0.18571658618748188,0.6017953790724277,0.9268032312393188,0.10727217420935631,0.7449686890468001,0.0001296510117493728,9.413009045312961,0.29147976533563463,0.10017872402595482,9.413009045312961
0.08814439829438925,0.021986139938235283,0.5196198029443622,0.05955140944570303,0.9211509926244617,0.5057359039783478,0.15026120003312826,0.9627100015059114,0.0001296267724508289,9.491456889540132,0.2878456847597875,0.0676698094967413,9.491456889540132
0.2148215537890792,0.14262048434466124,0.16510812565684319,0.2406051056459546,0.8904892327263951,0.21231290977448225,0.15872898511588573,0.9865380702540278,0.00012941251617652028,9.780237452435824,0.19589001970405814,0.06232207862875217,9.780237452435824
0.05581642501056194,0.9883802765980363,0.10232912469655275,0.59171012789011,0.9887478612363338,0.414208609610796,0.0040263831615448,0.17412088438868523,0.00012938935356601985,9.153619847004583,0.3542518322775446,0.16240621604718838,9.153619847004583
0.4421939207240939,0.12840650510042906,0.17285739537328482,0.01219989825040102,0.23802554327994585,0.6918287351727486,0.03287066798657179,0.737246354110539,0.00012934949435156726,9.441873689849912,0.27823991673927667,0.10086435026479176,9.441873689849912
0.012924998067319393,0.863295060582459,0.044498810544610023,0.7122064344584942,0.5076906466856599,0.5093742487952113,0.008699582889676094,0.3937410647049546,0.00012926636714283556,9.124352599615577,0.345100989196126,0.1507612114551204,9.124352599615577
0.2860776502639055,0.20953251235187054,0.22053787391632795,0.08982108253985643,0.898331324569881,0.32492015417665243,0.15909805800765753,0.05635356716811657,0.00012926278856419628,9.73789809696164,0.1903468436406994,0.06872326879526644,9.73789809696164
0.0844004200771451,0.225347644649446,0.20081288274377584,0.785629372112453,0.4318706337362528,0.9094138285145164,0.0032523944973945618,0.9375145994126797,0.00012924753295434264,9.402328391955326,0.2532962316527692,0.13108819776497843,9.402328391955326
0.048638198524713516,0.7110720286145806,0.02473323978483677,0.3669824516400695,0.6602258114144206,0.26579869352281094,0.0764653105288744,0.8203672878444195,0.00012922312816394908,9.410690315024441,0.2791674436536063,0.1268201838821017,9.410690315024441
0.1684872331097722,0.1216732794418931,0.08998257853090763,0.7922716662287712,0.7658388847485185,0.006293493323028088,0.023796502500772476,0.05770796164870262,0.00012910053904497052,9.390631766936732,0.25721747845482656,0.12317193708194109,9.390631766936732
0.2459379779174924,0.06760696042329073,0.08282784186303616,0.29309976380318403,0.4102558232843876,0.8830765020102262,0.008679506368935108,0.9267339501529932,0.0001290053258056199,9.570056825361535,0.2564769852802251,0.09098717727225351,9.570056825361535
0.1045971866697073,0.5838209250941873,0.07455573603510857,0.7045210786163807,0.8723158771172166,0.03325380012392998,0.03596896771341562,0.7618769127875566,0.00012883257910010004,9.34769910267765,0.2841872029646413,0.13350961627041572,9.34769910267765
0.026769036427140236,0.09843379072844982,0.3214341951534152,0.31450515147298574,0.47070694901049137,0.6059525050222874,0.006023145280778408,0.9046405013650656,0.00012873298664969055,9.666697233983006,0.2262020993280379,0.07589652357442028,9.666697233983006
0.05567386094480753,0.005355842411518097,0.058756488375365734,0.29323963448405266,0.9780420148745179,0.27553402818739414,0.5239807246252894,0.8633816707879305,0.00012859358196014634,9.548182228684585,0.2599558780497026,0.09868436058544025,9.548182228684585
0.1228163056075573,0.812417633831501,0.03327050618827343,0.01591162197291851,0.38666447531431913,0.9304436407983303,0.0463214423507452,0.719187268987298,0.00012857852687497555,9.346383639424932,0.32397371314669643,0.13571087291208192,9.346383639424932
0.1166272684931755,0.19185151904821396,0.15656825061887503,0.8004062604159117,0.8856124384328723,0.7312072925269604,0.02063352521508932,0.21035743970423937,0.000128545400334799,9.444819153980639,0.19544567492269646,0.14036170465649367,9.444819153980639
0.035630746744573116,0.3908558199182153,0.020460326224565506,0.6120444843545556,0.7741707470268011,0.36741589941084385,0.13472157903015614,0.05533094238489866,0.00012830151151197675,9.427442234239004,0.22998738453713988,0.11710646447111495,9.427442234239004
0.06501446198672056,0.2970566926524043,0.0701814154163003,0.6684857727959752,0.7393431812524796,0.16758559178560972,0.003655034117400646,0.16688061598688364,0.00012823253041346563,9.449885071598196,0.215349612866987,0.1239768029447699,9.449885071598196
0.03888773359358311,0.059741200879216194,0.0020757922902703285,0.5031660087406635,0.7390401791781187,0.2198361698538065,0.10492978524416685,0.4158361377194524,0.00012815816546198514,9.566817137475086,0.21251667794685528,0.10734123214684398,9.566817137475086
0.12255636230111122,0.25843868777155876,0.4291683593764901,0.007902972400188446,0.9215179439634085,0.9161678878590465,0.09380947891622782,0.5178360342979431,0.000128152148236505,9.64142765582828,0.23915102478091094,0.08765156695630465,9.64142765582828
0.07428635936230421,0.9412392592057586,0.04099294450134039,0.22946470137685537,0.5115096550434828,0.2587788738310337,0.06850953865796328,0.9286402352154255,0.00012814473632002035,9.26575427109774,0.3409245442091499,0.15410778997399016,9.26575427109774
0.07095815800130367,0.8460006285458803,0.055487035773694515,0.5552520453929901,0.8881983645260334,0.2576084667816758,0.0372378583997488,0.44592180848121643,0.00012813087878484712,9.26391453665948,0.31440566164679035,0.14648750676093622,9.26391453665948
0.22832941077649593,0.05359936412423849,0.44915215857326984,0.1434410223737359,0.5848065596073866,0.5982744246721268,0.0026649609208106995,0.962298889644444,0.00012811218117677944,9.552899726313889,0.26906150376830523,0.07105656537868318,9.552899726313889
0.08288533240556717,0.488206441514194,0.2078654207289219,0.9632709864526987,0.8692569192498922,0.9463131660595536,0.023270942270755768,0.5193528672680259,0.00012805475626250263,9.25339628653864,0.2688459753272555,0.17943281698205527,9.25339628653864
0.002561495639383793,0.871619027107954,0.14488189294934273,0.04820699244737625,0.2060998436063528,0.038943514227867126,0.11876443400979042,0.21705343946814537,0.00012801059744752523,9.318431800287744,0.319247997072553,0.11022767808586295,9.318431800287744
0.003432312048971653,0.9420932410284877,0.1522942502051592,0.18629704043269157,0.9992032665759325,0.4579948540776968,0.14024136681109667,0.15323615912348032,0.0001279395974063214,9.36828338246536,0.30301691705161465,0.13081584570639385,9.36828338246536
0.09823986701667309,0.6398210879415274,0.0013929661363363266,0.16874018032103777,0.8699218705296516,0.129537221044302,0.3201685594394803,0.9082707688212395,0.0001278107566133558,9.459615251795329,0.28944456044941513,0.1145574089590303,9.459615251795329
0.059538399800658226,0.08907414320856333,0.4548745295032859,0.2015169793739915,0.9816359216347337,0.9363724719733,0.12015205528587103,0.11129092983901501,0.00012772975811184206,9.544682622365848,0.2710487164736901,0.08214988295360669,9.544682622365848
0.2010321533307433,0.05105786211788654,0.10365356598049402,0.9095521382987499,0.7120085107162595,0.834329997189343,0.06773803941905499,0.7502412190660834,0.00012769144662440988,9.333886765304163,0.23866146692985762,0.15214912461580068,9.333886765304163
0.4407196659594774,0.03714742884039879,0.0739413546398282,0.2737495247274637,0.9690295113250613,0.9161713635548949,0.18454535026103258,0.5708696329966187,0.00012753859491834967,9.447222391725349,0.2837640085722943,0.09781249487008867,9.447222391725349
0.3107499200850725,0.13171995896846056,0.07410869188606739,0.4577880762517452,0.9354126714169979,0.0041465749964118,0.3464355766773224,0.9938349639996886,0.00012750173784689838,9.478266196689413,0.2834638247246587,0.0986922096293484,9.478266196689413
0.2575462535023689,0.04435629863291979,0.054819642566144466,0.2872404996305704,0.194651048630476,0.12161824479699135,0.07465010788291693,0.9719909355044365,0.00012741844951633623,9.527315425461747,0.256252489984,0.0916497999391736,9.527315425461747
0.11722749657928944,0.8162167398259044,0.10609391331672668,0.10777731519192457,0.9925057990476489,0.6652927128598094,0.07306159194558859,0.6480143377557397,0.0001273123864027694,9.48524262997227,0.27534033489380966,0.12883526220466415,9.48524262997227
0.1679570209234953,0.27111141197383404,0.011647812090814114,0.9172401316463947,0.9098837869241834,0.3728588465601206,0.10290755797177553,0.4054206348955631,0.0001272978822124431,9.269984715717703,0.24579706549783206,0.15584756087325813,9.269984715717703
0.10687588527798653,0.3848421396687627,0.08192689437419176,0.9347601989284158,0.706998772919178,0.30603157076984644,0.04211388248950243,0.9788976302370429,0.0001272715525778475,9.27780360991935,0.2631481332535095,0.15743247567033344,9.27780360991935
0.3298179479315877,0.026402034796774387,0.15203967038542032,0.27393422089517117,0.8339829342439771,0.0985092893242836,0.3232968132942915,0.8812476824969053,0.0001272499631966546,9.620985276426929,0.23785084269199624,0.08941283087227651,9.620985276426929
0.33326082304120064,0.5035082390531898,0.10305975284427404,0.0307310214266181,0.7266149576753378,0.9036568254232407,0.06469279527664185,0.8288007965311408,0.00012694930973245955,9.488442203575035,0.27468541305430383,0.1042226003723644,9.488442203575035
0.07211416680365801,0.9374390207231045,0.10086163971573114,0.1454420778900385,0.11759798042476177,0.024876083247363567,0.03476366773247719,0.9385329177603126,0.00012694501013216545,9.223107018906198,0.35992123507131035,0.1429049755671262,9.223107018906198
0.38751132134348154,0.18616798520088196,0.14340737462043762,0.1522241784259677,0.9851501332595944,0.5187590103596449,0.2940944526344538,0.8934248890727758,0.0001266995517224625,9.60535328248206,0.24364158899297778,0.08793012381990388,9.60535328248206
0.002745162695646286,0.3381575411185622,0.027524584904313087,0.5501055382192135,0.2625389965251088,0.6760717015713453,0.07108037732541561,0.13152342569082975,0.00012656959399637714,9.397304709906056,0.2522896565144663,0.11253692586529708,9.397304709906056
0.4878026591613889,0.09574147686362267,0.07807924039661884,0.35691703017801046,0.8245443943887949,0.22759970370680094,0.034876919351518154,0.8404823858290911,0.00012651335814980067,9.364787353380638,0.292108014091036,0.09844975305384336,9.364787353380638
0.0021623577922582626,0.14670250471681356,0.17315929103642702,0.9134847512468696,0.6685875272378325,0.6579181030392647,0.1607909733429551,0.3994063129648566,0.00012648054751585955,9.373701132462731,0.21401359819323088,0.1547959533785917,9.373701132462731
0.05566156096756458,0.19050824269652367,0.01792297698557377,0.8512034313753247,0.6232756292447448,0.5476086866110563,0.2154418220743537,0.9974497407674789,0.00012643138797418979,9.328156339367668,0.2556695442899081,0.14573853724483038,9.328156339367668
0.2245764620602131,0.15327539667487144,0.03163647931069136,0.2662773095071316,0.9752486003562808,0.4527325099334121,0.2670036247000098,0.830734133720398,0.0001263644284389895,9.65077248726558,0.23493331502771497,0.08870852309305431,9.65077248726558
0.36327159218490124,0.19444106239825487,0.03763402532786131,0.3098713895305991,0.7002320475876331,0.44031514786183834,0.011663563549518585,0.7327924063429236,0.00012622822146506678,9.466297120275835,0.2655083030169166,0.09889345312473623,9.466297120275835
0.515805508941412,0.018036607652902603,0.136306868866086,0.09062299504876137,0.7165524289011955,0.5088799269869924,0.10536400601267815,0.20178481377661228,0.0001257777289356899,9.421204542365496,0.28463344982035965,0.09669545106407688,9.421204542365496
0.30602847039699554,0.35950964875519276,0.11650473531335592,0.12818468548357487,0.7287299502640963,0.025989857502281666,0.07384051196277142,0.16976143140345812,0.00012563142547750288,9.586281091271522,0.24504020318692074,0.09409636851703618,9.586281091271522
0.006314643658697605,0.4959573168307543,0.01271435059607029,0.21987117361277342,0.13536818977445364,0.6830900339409709,0.039854888804256916,0.7430300554260612,0.00012556860625584002,9.47370932363122,0.27581075055786264,0.1143109710586486,9.47370932363122
0.021780461072921753,0.11609100736677647,0.16896530613303185,0.07799105159938335,0.8733745319768786,0.05112296808511019,0.47265287581831217,0.8352040704339743,0.00012551253149232315,9.66045463988699,0.23516993093215519,0.06904895753313023,9.66045463988699
0.009003298357129097,0.4715121500194073,0.415881191380322,0.01902396697551012,0.4120840709656477,0.5198342362418771,0.038631631061434746,0.780712760053575,0.00012545643568254898,9.503117423092254,0.2744380619263463,0.11090759323422406,9.503117423092254
0.04745130054652691,0.4015368465334177,0.2957870177924633,0.11343941651284695,0.011781170964241028,0.22281425539404154,0.026629398576915264,0.725365481339395,0.0001254196738235247,9.54599561866277,0.23698337378009213,0.10533457694020558,9.54599561866277
0.09086106345057487,0.1773423943668604,0.09188295248895884,0.2289392165839672,0.9582124976441264,0.010499102994799614,0.4316231245175004,0.07074821460992098,0.00012538591056098454,9.599107113226351,0.24831858099608542,0.07051234615161196,9.599107113226351
0.35646173637360334,0.2508389074355364,0.011460472829639912,0.00032934360206127167,0.49672821070998907,0.2735185269266367,0.23088890220969915,0.739425016567111,0.0001253798893987452,9.47542843501574,0.27591656371196643,0.10861937404730218,9.47542843501574
0.0191984036937356,0.7092423615977168,0.0786968432366848,0.44500990491360426,0.4838992618024349,0.5612884862348437,0.02811272256076336,0.9406809825450182,0.0001253462767619655,9.382555092900594,0.29306356638713776,0.1218141173761329,9.382555092900594
0.0019293064251542091,0.8284774729982018,0.17229911871254444,0.14723984245210886,0.41453201323747635,0.5692895334213972,0.059984064660966396,0.8148531643673778,0.00012531457154115507,9.423130669232556,0.30022316210551403,0.11350345372238527,9.423130669232556
0.47703061532229185,0.08610453270375729,0.02986492309719324,0.2425842573866248,0.6495900070294738,0.7131770588457584,0.007694016210734844,0.30992859695106745,0.0001252575909720791,9.302470985652405,0.3148928474997653,0.10777182486205211,9.302470985652405
0.10087097529321909,0.9613888673484325,0.04385590832680464,0.7901828549802303,0.9173689298331738,0.1456960765644908,0.014161787927150726,0.6329091992229223,0.0001251443910666275,9.045052671405477,0.381928538878315,0.17654265873817115,9.045052671405477
0.07955652102828026,0.9733786480501294,0.13820182532072067,0.2230110503733158,0.9701048890128732,0.9129786640405655,0.008937044069170952,0.2967528384178877,0.00012489986000424944,9.299055790504184,0.332677079097421,0.15094316256807563,9.299055790504184
0.07031084131449461,0.16436139401048422,0.10520059242844582,0.0384832713752985,0.19536740332841873,0.6714036893099546,0.050571623258292675,0.15176959428936243,0.00012478503862367368,9.684581008000613,0.23229405255060748,0.08291102587489534,9.684581008000613
0.18743475247174501,0.20600162912160158,0.4028469920158386,0.05659516155719757,0.7725745672360063,0.2384239872917533,0.023191350512206554,0.5928799472749233,0.0001245839984816039,9.655143899502086,0.22958624736886393,0.08264290987686954,9.655143899502086
0.33724571112543344,0.11428171955049038,0.2979782223701477,0.10475719161331654,0.9316780306398869,0.7944205310195684,0.19863094482570887,0.8055565403774381,0.00012447061019016481,9.707837655060548,0.21130586940322352,0.0648519567391904,9.707837655060548
0.24871389009058475,0.0006329398602247238,0.4461432369425893,0.04066768754273653,0.9404005855321884,0.774347584694624,0.1668018689379096,0.548818732611835,0.000124436345517905,9.613474626658675,0.24359440987403397,0.05927021909236464,9.613474626658675
0.141805374994874,0.31318478751927614,0.16494623571634293,0.8550173621624708,0.8604786591604352,0.48118462786078453,0.0169457970187068,0.9948428673669696,0.0001244252124614727,9.40012888057606,0.24755189263909608,0.14228693458441924,9.40012888057606
0.4474399322643876,0.027291784062981606,0.19608321320265532,0.2599252872169018,0.7243513651192188,0.5248179892078042,0.030752034857869148,0.6612032223492861,0.00012426212270598538,9.523213348678652,0.24542383921580552,0.08087148442574814,9.523213348678652
0.070607740432024,0.06158238463103771,0.18074187822639942,0.774370688945055,0.9926824616268277,0.47351563535630703,0.27624026872217655,0.787420591339469,0.00012423593561180384,9.514046452603608,0.23684078111273169,0.12311223245554265,9.514046452603608
0.29869059566408396,0.056250195018947124,0.08486706018447876,0.3852733029052615,0.8472784338518977,0.07736628782004118,0.23676297720521688,0.27800316270440817,0.00012420222592898924,9.580997491658392,0.24413679666432145,0.0810911811522621,9.580997491658392
0.35158269107341766,0.24729267414659262,0.11710119992494583,0.16441830154508352,0.7738757664337754,0.9859811468049884,0.046538326889276505,0.14024221524596214,0.00012399038988110433,9.528725507809085,0.25793721582171864,0.10116125463639887,9.528725507809085
0.4209758825600147,0.17046934831887484,0.3568563284352422,0.00792747177183628,0.5999535545706749,0.04195128660649061,0.021809163503348827,0.08747868705540895,0.00012390531678871847,9.44524745490229,0.2897288568747615,0.11277338212898971,9.44524745490229
0.01845117285847664,0.07099268492311239,0.2102414108812809,0.8224900690838695,0.7778145102784038,0.3422348676249385,0.21446110773831606,0.9619369953870773,0.00012372204199766893,9.467011161699366,0.24515729821524243,0.12772179941821166,9.467011161699366
0.03405684232711792,0.9513862309977412,0.05630539916455746,0.9462696760892868,0.5322306612506509,0.9017438674345613,0.03152955695986748,0.7067498108372092,0.00012353974761822995,8.936440468793846,0.3944627490094885,0.1792907926863927,8.936440468793846
0.41800692677497864,0.306781193241477,0.1650515766814351,0.25198565796017647,0.9053804315626621,0.049796296283602715,0.05005242768675089,0.05668581370264292,0.00012344930696308383,9.473616787597278,0.26914789440626113,0.10400125186464144,9.473616787597278
0.298263318836689,0.0001324070617556572,0.37925804127007723,0.2354336977005005,0.8660736894235015,0.4512594398111105,0.052623409777879715,0.2327093156054616,0.00012326663299504684,9.616976988333727,0.24211480802706284,0.07022691329691974,9.616976988333727
0.035494483076035976,0.00046962499618530273,0.3076405730098486,0.18643834348767996,0.11349964700639248,0.0012304829433560371,0.07979964185506105,0.6554222693666816,0.0001232614354680335,9.620403114248155,0.21330200534591578,0.07382359942565887,9.620403114248155
0.29211143497377634,0.1034834161400795,0.24689072463661432,0.005590418353676796,0.8219148851931095,0.25750819128006697,0.29917677491903305,0.7155446540564299,0.00012321099654364603,9.757219418727226,0.1969990404838014,0.06282151519604891,9.757219418727226
0.07847005408257246,0.7668217159807682,0.029008956626057625,0.2910146927461028,0.9944034898653626,0.4298806469887495,0.176972271874547,0.6234948243945837,0.00012319546696667989,9.431855810610509,0.27683072073892495,0.12921885813436967,9.431855810610509
0.081986328586936,0.6837538545951247,0.011135629378259182,0.33640277571976185,0.5217368165031075,0.03230961970984936,0.08568946551531553,0.983448788523674,0.00012318355609507154,9.384377916113493,0.30144266090829047,0.12530039983970084,9.384377916113493
0.08180891070514917,0.7359035694971681,0.14550613891333342,0.025645037181675434,0.28247491735965014,0.9500458296388388,0.02895362488925457,0.24614368099719286,0.00012316914870075065,9.429372178901842,0.30400165479162,0.1083628673500665,9.429372178901842
0.05704266484826803,0.06884339544922113,0.285966913215816,0.3339084256440401,0.9559353543445468,0.7846762305125594,0.015985526144504547,0.13402639981359243,0.00012293658217576027,9.714572298852916,0.21044506649394892,0.08145176542280466,9.714572298852916
0.07068524789065123,0.7222000323235989,0.009975310415029526,0.7329669184982777,0.7763284463435411,0.7499961471185088,0.1253298632800579,0.9431628519669175,0.00012292454155947462,9.2024874657103,0.3201329096000882,0.14938223296493539,9.2024874657103
0.006605735048651695,0.1253165053203702,0.004598625935614109,0.9407397313043475,0.2815064461901784,0.19920663721859455,0.2865162743255496,0.07714706473052502,0.00012287917245637047,9.163741237305738,0.3039718159375496,0.1442894338161923,9.163741237305738
0.38968192134052515,0.05080819595605135,0.2648386163637042,0.1410145414993167,0.8697490217164159,0.14656794629991055,0.24038416612893343,0.7620642343536019,0.0001227656386937201,9.656633479180334,0.22285784130372607,0.08130223473931726,9.656633479180334
0.010966775938868523,0.201427161693573,0.09581312816590071,0.39741579350084066,0.8599685784429312,0.9993732515722513,0.23887952882796526,0.8108148705214262,0.00012255186293075294,9.65305931738295,0.21379269613092838,0.09148457723892008,9.65305931738295
0.02474512904882431,0.7608079090714455,0.08851503860205412,0.2250587409362197,0.5482926880940795,0.49356522131711245,0.0232683839276433,0.4186778385192156,0.00012254712995859296,9.443109728650567,0.2733769070683384,0.11840807591525504,9.443109728650567
0.027552024461328983,0.15382999926805496,0.04795319214463234,0.7640014411881566,0.5600317325443029,0.6081272233277559,0.17122984025627375,0.15419350005686283,0.00012250512793175134,9.384752305335859,0.20837018837953822,0.13060114145852308,9.384752305335859
0.3887500548735261,0.13694270886480808,0.25058448035269976,0.031248449347913265,0.08469984773546457,0.34866996109485626,0.00012696906924247742,0.8270878829061985,0.00012239639989562287,9.480084540752706,0.263123151091483,0.10625654670108314,9.480084540752706
0.36376584228128195,0.09612479247152805,0.2150851422920823,0.04040917754173279,0.46775846369564533,0.1686092996969819,0.14709528349339962,0.5820449618622661,0.00012222119277851404,9.64770694589666,0.21256137532294805,0.07013278844746622,9.64770694589666
0.026876105926930904,0.11453949008136988,0.08223258890211582,0.8361922400072217,0.5249574296176434,0.23164321947842836,0.11730843223631382,0.8012942476198077,0.00012213127741545434,9.398382896051576,0.22681508821945973,0.1377644191963153,9.398382896051576
0.007247463800013065,0.31629028636962175,0.002609502524137497,0.10814051236957312,0.9128152010962367,0.8207078175619245,0.2175663225352764,0.682092422619462,0.00012202946445581874,9.688419799063029,0.2041591017803472,0.09459815986276365,9.688419799063029
0.030122049152851105,0.40680457185953856,0.22635072749108076,0.14217445719987154,0.7691240683197975,0.2547646835446358,0.002381875179708004,0.02153734676539898,0.00012202455926318287,9.684611289424502,0.21900211262766608,0.09895115602696469,9.684611289424502
0.2514374228194356,0.02353682555258274,0.0025217821821570396,0.9651328101754189,0.7717756442725658,0.9704051921144128,0.15478885732591152,0.5660494025796652,0.00012170930944529766,9.172472048405494,0.29308494738562946,0.16681820237823214,9.172472048405494
0.47441971860826015,0.15799640491604805,0.2157709365710616,0.02697594463825226,0.6907854191958904,0.8863000078126788,0.05455287918448448,0.4741996265947819,0.00012149871697539485,9.476946856221472,0.2693188489689822,0.09549307270568824,9.476946856221472
0.026934919878840446,0.22901467327028513,0.06184348650276661,0.6404410442337394,0.9979631435126066,0.3829935174435377,0.28173035848885775,0.44218839053064585,0.00012143305702176741,9.514918679451263,0.2296949501148582,0.10818948625557635,9.514918679451263
0.3835592744871974,0.348349841311574,0.13502319436520338,0.3554658405482769,0.965206359513104,0.10597799904644489,0.06302962359040976,0.8384257731959224,0.00012138188139968651,9.497744105974853,0.2615526439286732,0.09669705099314939,9.497744105974853
0.02795117162168026,0.8664131192490458,0.019599501974880695,0.14881807006895542,0.06525073107331991,0.22746802307665348,0.11174729093909264,0.46421171072870493,0.00012135775208290428,9.247694844658788,0.3443213722719781,0.13231819415066795,9.247694844658788
0.2911325478926301,0.5634325100108981,0.21851438749581575,0.06092067901045084,0.9228203846141696,0.002436872571706772,0.02031453140079975,0.35791311506181955,0.00012134766201510725,9.54916835733222,0.258900302143301,0.10427533719100393,9.54916835733222
0.11961593758314848,0.4627208458259702,0.0008653197437524796,0.28669562470167875,0.9043734595179558,0.16456227842718363,0.1101906755939126,0.07204636465758085,0.00012134482270635067,9.535985897043563,0.23713824247134876,0.10862274946972444,9.535985897043563
0.41723838821053505,0.0298624774441123,0.09504283592104912,0.18772296514362097,0.026976484805345535,0.6607041647657752,0.008203667588531971,0.6379189603030682,0.00012134058493948033,9.345434391810521,0.30288962432563826,0.11226161858826347,9.345434391810521
0.004660312086343765,0.23334443382918835,0.020018422044813633,0.030496055260300636,0.5729971332475543,0.7043486433103681,0.05889687407761812,0.7920463345944881,0.00012127733176203033,9.725632113340932,0.19286464056640348,0.10035982408120303,9.725632113340932
0.057801258750259876,0.7553172055631876,0.0189433665946126,0.08404299896210432,0.37000594288110733,0.7104751095175743,0.06771400664001703,0.28902576491236687,0.00012122362421154812,9.39051938445241,0.2966534727908067,0.1220816570154041,9.39051938445241
0.39212433993816376,0.07395168021321297,0.1897893724963069,0.0009275423362851143,0.1963137872517109,0.5527143115177751,0.10972664784640074,0.22718858998268843,0.00012120006980119727,9.517741062354931,0.2607194562366695,0.09182179814168082,9.517741062354931
0.08908317517489195,0.09517951123416424,0.04503682069480419,0.25386341754347086,0.8396750940009952,0.04210606403648853,0.5014512781053782,0.9561509620398283,0.00012114706757483495,9.53808028747863,0.26357463101784484,0.09078286315655013,9.53808028747863
0.02038335334509611,0.4235808402299881,0.06299580167979002,0.03560294397175312,0.8565086210146546,0.7096677124500275,0.22365358751267195,0.8512192461639643,0.00012107018097465648,9.725041131020683,0.20635711247042482,0.08288119147766518,9.725041131020683
0.053165930323302746,0.06064729019999504,0.05823071114718914,0.06452399678528309,0.17379727959632874,0.5003995327278972,0.017547075636684895,0.4704379113391042,0.00012093259683438007,9.685010751441366,0.23089597119171834,0.09363599575426097,9.685010751441366
0.023706772364676,0.43540099542587996,0.018395877443253994,0.25988887064158916,0.7932281885296106,0.40012857411056757,0.10269077867269516,0.2331768637523055,0.00012090733693819136,9.603191544105243,0.19077790260572886,0.10345451807571646,9.603191544105243
0.003912881016731262,0.845463041216135,0.09499277174472809,0.41691321413964033,0.23130259290337563,0.18235220853239298,0.018351602368056774,0.0376407103613019,0.00012074669913467179,9.216097945554372,0.34814117358527696,0.12162962046992555,9.216097945554372
0.02801020536571741,0.8071758272126317,0.13626588229089975,0.4632283868268132,0.865059400908649,0.7550066281110048,0.055134289897978306,0.6956575699150562,0.00012072388687634827,9.380001805041529,0.2950625992227629,0.13266300567283668,9.380001805041529
0.031895303167402744,0.3321728305891156,0.08389728888869286,0.6281292364001274,0.5696046371012926,0.4010153291746974,0.025681311264634132,0.013556231744587421,0.00012071520091454603,9.442039096633895,0.220418371486255,0.11805549011277476,9.442039096633895
0.1613614298403263,0.028653068467974663,0.3416262501850724,0.09499167930334806,0.7121631912887096,0.21258869394659996,0.14059348683804274,0.8586882567033172,0.00012067388003127774,9.766766090771526,0.18243383672459784,0.04558958976612121,9.766766090771526
0.055019293911755085,0.7906648432835937,0.05402050446718931,0.2359179276973009,0.0015338119119405746,0.17830591462552547,0.001616569235920906,0.6834631143137813,0.00012053667758730382,9.274338274747583,0.3408818097586155,0.13121947711717225,9.274338274747583
0.032934047281742096,0.9716106336563826,0.02891865372657776,0.8587715188041329,0.8383248141035438,0.49457413610070944,0.09835953917354345,0.3277498334646225,0.00012041916630352443,9.003867066467116,0.37672651492620013,0.1732348708317248,9.003867066467116
0.032278201542794704,0.6497922176495194,0.01970540266484022,0.07527689728885889,0.7350430088117719,0.8857059981673956,0.35261298809200525,0.9938921043649316,0.0001201843674964536,9.461326474473662,0.281542473530085,0.10270373322191978,9.461326474473662
0.0036570196971297264,0.38278208021074533,0.06612667813897133,0.1554714348167181,0.7434053486213088,0.9169912002980709,0.07562999799847603,0.6398903764784336,0.00012005513105657088,9.68885089094522,0.1996321567144861,0.0980769616201557,9.68885089094522
0.018391895107924938,0.004924812354147434,0.07111040502786636,0.5078186877071857,0.042451380752027035,0.6755362255498767,0.1421024650335312,0.1972890915349126,0.00012004313976908586,9.461790417466439,0.25806126983188965,0.0926012075140175,9.461790417466439
0.01668806839734316,0.45078694354742765,0.013869096525013447,0.08826862182468176,0.27997657004743814,0.9445473542436957,0.12571419961750507,0.765890927053988,0.00011999292960215971,9.552267199092409,0.2601767496206483,0.10524915634574326,9.552267199092409
0.06634060386568308,0.9720726395025849,0.09335872996598482,0.34688846208155155,0.7987574217841029,0.03798727225512266,0.1396064581349492,0.9098092075437307,0.00011990794168665171,9.254559681927132,0.3443707882040431,0.15569451993079034,9.254559681927132
0.11047307774424553,0.19603776838630438,0.3206768501549959,0.1742123132571578,0.07667465414851904,0.235194880515337,0.0002519013360142708,0.13032374624162912,0.00011989964640014886,9.552391118047769,0.25673747981338724,0.10391543378840905,9.552391118047769
0.014814462512731552,0.8802936803549528,0.08421343751251698,0.20572937186807394,0.13424887973815203,0.36545520927757025,0.07190381269901991,0.0063866907730698586,0.00011981722951769194,9.241978164450536,0.34408227887826115,0.1195895826837413,9.241978164450536
0.11242778412997723,0.9134710812941194,0.08969937451183796,0.2715944265946746,0.9042413104325533,0.8493693517521024,0.01731604989618063,0.6792616965249181,0.00011979922803299914,9.320048569924875,0.322005386386533,0.1514423489098906,9.320048569924875
0.011735036037862301,0.5903077898547053,0.2634748499840498,0.1509068887680769,0.5695707174018025,0.6288928631693125,0.03776569291949272,0.8653174266219139,0.00011975025877578755,9.599662446565906,0.2523116187903869,0.09852356686009227,9.599662446565906
0.37151991482824087,0.12710926122963428,0.0008386308327317238,0.6478430889546871,0.7957813506945968,0.0013018371537327766,0.04747247230261564,0.1719460254535079,0.00011965212961110767,9.270236994543257,0.31791107855690387,0.10771732871199163,9.270236994543257
0.00575442798435688,0.5209975792095065,0.1909900987520814,0.1731741465628147,0.0942815039306879,0.340208881534636,0.008437742479145527,0.369575921446085,0.00011962942782741116,9.524282484638324,0.26540774493173375,0.10484556917289267,9.524282484638324
0.02527699526399374,0.6099853357300162,0.08112648874521255,0.9414115315303206,0.9020287962630391,0.8846971727907658,0.275850641541183,0.7759804604575038,0.00011959892469998689,9.169775296148314,0.31514810990757336,0.16473810338022227,9.169775296148314
0.0425516702234745,0.29616064485162497,0.00973438285291195,0.5439175721257925,0.9438479477539659,0.300034461542964,0.27467930782586336,0.7164752436801791,0.00011948290786068548,9.51658014449292,0.24615759181671443,0.10559941433685065,9.51658014449292
0.0008753547444939613,0.9769354443997145,0.18728547170758247,0.024778378196060658,0.6292720846831799,0.9276714399456978,0.19864837639033794,0.7507417108863592,0.00011938797564705891,9.327225964595007,0.32000044178704456,0.1268111961914075,9.327225964595007
0.43420773558318615,0.09064174443483353,0.29616675712168217,0.06527460273355246,0.6698747593909502,0.42591006122529507,0.04453234001994133,0.37916720379143953,0.00011934991826665886,9.557354284480802,0.24770903094291227,0.08452930840108824,9.557354284480802
0.03956983145326376,0.9913918292149901,0.07937639392912388,0.028099624440073967,0.4231387544423342,0.8216029824689031,0.12363464944064617,0.24428638443350792,0.00011929787922927495,9.256896493869968,0.33679945512766724,0.13479907614615622,9.256896493869968
0.22068537585437298,0.31922617368400097,0.05566297471523285,0.21944196056574583,0.9474627627059817,0.9220349295064807,0.1218439806252718,0.9013453768566251,0.00011927016866342989,9.632789787524848,0.23939114775261722,0.09669439728961952,9.632789787524848
0.3084602002054453,0.03976409137248993,0.23601866513490677,0.31191305443644524,0.7784163821488619,0.9037292180582881,0.020526538603007793,0.6064728824421763,0.00011914438883838004,9.648620140564145,0.22976652612321388,0.07914369887569203,9.648620140564145
0.3911960497498512,0.23780954908579588,0.20111382473260164,0.14005535934120417,0.9737645536661148,0.9442402264103293,0.131203206256032,0.1660711970180273,0.0001190067299596707,9.579303155062464,0.23417186788939218,0.09471244293526922,9.579303155062464
0.39932535123080015,0.11548763699829578,0.06361920852214098,0.01810919027775526,0.4501472068950534,0.8815748384222388,0.20687932148575783,0.005021475255489349,0.00011879222857740663,9.418337541464853,0.29082618030168755,0.10434958916187413,9.418337541464853
0.10208373982459307,0.4331415966153145,0.12773996498435736,0.6260853065177798,0.8977927900850773,0.9425393845885992,0.004613214172422886,0.13918954972177744,0.00011876550487178337,9.446135196706015,0.22427441140234702,0.13141915580241625,9.446135196706015
0.009448583237826824,0.07339706737548113,0.3325889427214861,0.9108653366565704,0.715091148391366,0.7305671749636531,0.05504823662340641,0.07236863020807505,0.00011872313527922528,9.319984049643114,0.29194853925186315,0.1513617326898442,9.319984049643114
0.01196995098143816,0.4133729552850127,0.05257353000342846,0.2724517388269305,0.9405330512672663,0.6297790287062526,0.13050199672579765,0.6508450116962194,0.00011871678933739039,9.670295028533596,0.1857064489180124,0.09664129566131624,9.670295028533596
0.13164026103913784,0.7050684774294496,0.016857275739312172,0.2546452824026346,0.919572314247489,0.49554306268692017,0.04497247561812401,0.06994601618498564,0.00011866062036087231,9.415815848638639,0.2666554102405897,0.12789327933479597,9.415815848638639
0.17688413988798857,0.31455135345458984,0.258960853330791,0.0879296837374568,0.9989550840109587,0.21705339197069407,0.08470811415463686,0.785048664547503,0.00011863414606233516,9.8047450721318,0.18745765495445113,0.07103599197499094,9.8047450721318
0.254747599363327,0.0017029047012329102,0.027429201640188694,0.3766840947791934,0.43372476287186146,0.5289092753082514,0.008300896733999252,0.12448895629495382,0.00011863072250739707,9.485798994649327,0.2735966337849895,0.0930910414281475,9.485798994649327
0.20657018199563026,0.02324351854622364,0.036894652992486954,0.10498315747827291,0.4121609088033438,0.1496197460219264,0.24125611037015915,0.840933826752007,0.00011861073259148615,9.65085417734959,0.2306870632595533,0.08738767363609853,9.65085417734959
0.041221776977181435,0.7207126719877124,0.07050805632025003,0.22153316345065832,0.8607539962977171,0.7845820738002658,0.10361806862056255,0.2909731110557914,0.00011856512659335051,9.492458031484425,0.2534431467967673,0.11282516329680278,9.492458031484425
0.3284837594255805,0.35867430828511715,0.056058526039123535,0.00316587183624506,0.9625792158767581,0.37717676907777786,0.32949622720479965,0.7134881010279059,0.00011850878720841209,9.558996491897513,0.2585707284369571,0.09885685933129422,9.558996491897513
0.23077258747071028,0.43652820214629173,0.24472165666520596,0.003185037523508072,0.8908727467060089,0.7206449545919895,0.07516834605485201,0.8146484196186066,0.00011847747260160455,9.726540752369084,0.21345851614115183,0.07961250412885863,9.726540752369084
0.369311336427927,0.19077689480036497,0.36651451885700226,0.08266592212021351,0.9665385773405433,0.4849210800603032,0.10927816107869148,0.9853777568787336,0.0001184681316946928,9.614614476916591,0.24271907511200264,0.07266332412549639,9.614614476916591
0.04898323584347963,0.2205453533679247,0.011060417629778385,0.08205781131982803,0.8868476003408432,0.2096213959157467,0.5663052080199122,0.8321347516030073,0.00011843778574224397,9.500003738416721,0.26537064992879217,0.09376729320368743,9.500003738416721
0.06557555869221687,0.5963233774527907,0.10692617855966091,0.4269243162125349,0.9127023266628385,0.967599336989224,0.03956282790750265,0.42086326982825994,0.00011841433774995887,9.496984905386908,0.24242708643114994,0.12069011491821185,9.496984905386908
0.2795106675475836,0.12854780722409487,0.06530147418379784,0.15156308468431234,0.8178631169721484,0.46656325552612543,0.213684999383986,0.590004906989634,0.0001184027135314282,9.684495131670573,0.21432860210163474,0.07648856866512713,9.684495131670573
0.15069411229342222,0.8777672834694386,0.023356962949037552,0.01743958704173565,0.6986069297417998,0.6753699667751789,0.12050604913383722,0.877274364233017,0.00011836944889230434,9.34384306484769,0.31575146527450026,0.14836849817326583,9.34384306484769
0.3085229964926839,0.09868871979415417,0.10762900486588478,0.12242668401449919,0.04111517779529095,0.11000878643244505,0.09288058988749981,0.37307405285537243,0.00011823333482150419,9.512513197079032,0.26073363302382,0.09939452235352456,9.512513197079032
0.2635537227615714,0.020007708109915257,0.07886778097599745,0.7364447303116322,0.8350553652271628,0.17062965035438538,0.018197295255959034,0.4480041665956378,0.00011814760585044645,9.427209466700186,0.25423832804651897,0.1134174210604056,9.427209466700186
0.20391879510134459,0.11585137341171503,0.15470838360488415,0.388797209598124,0.9789980538189411,0.27140766847878695,0.24402710609138012,0.9552859654650092,0.00011798329727219378,9.71853762519617,0.21641025122386823,0.07380686110050641,9.71853762519617
0.048880698159337044,0.7663090405985713,0.09344939049333334,0.7867764048278332,0.892426704056561,0.09828625805675983,0.09321823716163635,0.14287489652633667,0.00011791769325088663,9.195600430439294,0.32117941653047266,0.14612574238548834,9.195600430439294
0.03166664857417345,0.713950558565557,0.03205620218068361,0.8036092529073358,0.21986062545329332,0.98569321539253,0.051550012081861496,0.7503846846520901,0.00011789989824845093,9.087594949341108,0.3475758079562625,0.1484574633212575,9.087594949341108
0.07492106035351753,0.04042300209403038,0.012639252468943596,0.8718773722648621,0.11365051474422216,0.8893158994615078,0.15147537738084793,0.7346945023164153,0.00011781109163071513,9.222066869610963,0.2805973155156099,0.14738123056989297,9.222066869610963
0.34408739674836397,0.16655825823545456,0.015393275767564774,0.15629038959741592,0.9714518003165722,0.3058239296078682,0.35192515701055527,0.4413842083886266,0.00011780767657899048,9.505046627952948,0.27151599143963906,0.10321331150344841,9.505046627952948
0.23376618325710297,0.09968254063278437,0.4076233748346567,0.07366606313735247,0.34181952476501465,0.2697348305955529,0.03511723317205906,0.04948729369789362,0.00011778999479760254,9.520483528198778,0.27231939443822367,0.09494184172825199,9.520483528198778
0.062028379179537296,0.416127304546535,0.06794508453458548,0.9762282902374864,0.7009104145690799,0.8237273162230849,0.1695642899721861,0.587227500975132,0.00011778168517163466,9.217357249930961,0.24550149607906527,0.1706467118175117,9.217357249930961
0.12844914849847555,0.21013737469911575,0.3330676471814513,0.03192294202744961,0.2005252307280898,0.7712674960494041,0.07694438751786947,0.9543963437899947,0.00011763221292854268,9.659940277759786,0.2164598285141871,0.07699725983025409,9.659940277759786
0.008182726800441742,0.6580625986680388,0.15471510868519545,0.2662059925496578,0.763653707690537,0.9690382312983274,0.11184448655694723,0.6735659204423428,0.00011752976234621166,9.548273294232155,0.2605255128742236,0.106181756139829,9.548273294232155
0.008659020066261292,0.14705430250614882,0.2607875429093838,0.2585634086281061,0.2906823009252548,0.9869778612628579,0.0604482963681221,0.5659580137580633,0.00011745124272297312,9.658069319361655,0.2322597462912496,0.08085801420314903,9.658069319361655
0.01127192284911871,0.24216459691524506,0.4225141163915396,0.23182952031493187,0.8494698125869036,0.6234907573089004,0.049864811822772026,0.6998358555138111,0.00011737007081416476,9.60127199638922,0.25404175861357536,0.0923075489001748,9.60127199638922
0.01288156770169735,0.3700819546356797,0.10380560159683228,0.9321314701810479,0.0536627322435379,0.9007237711921334,0.12510265223681927,0.14443353656679392,0.00011731278461466513,9.140797773637235,0.29588326801567866,0.14725063754766612,9.140797773637235
0.10238826274871826,0.9035842744633555,0.010478244163095951,0.1279885908588767,0.5708396127447486,0.3344951793551445,0.052663723938167095,0.20939217321574688,0.00011718792381164772,9.282299172462938,0.3217572478236208,0.14805282977987907,9.282299172462938
0.010265864431858063,0.3928014039993286,0.015023825690150261,0.9810335570946336,0.017600426450371742,0.27525453828275204,0.085280348546803,0.8071479573845863,0.00011703429815819406,9.101576386504554,0.3262829366918588,0.15350692994141818,9.101576386504554
0.01751644816249609,0.0018606437370181084,0.15947150625288486,0.4514360539615154,0.6863064346835017,0.9558639610186219,0.10627773124724627,0.5137570248916745,0.0001170194656215022,9.66794219673303,0.19630971909580575,0.09059047377845383,9.66794219673303
0.25856320932507515,0.11899889726191759,0.25330425426363945,0.14675895404070616,0.7179756993427873,0.810977740213275,0.008946792222559452,0.2734309257939458,0.00011698880129678169,9.712984043319102,0.2081748248690347,0.07558552054490972,9.712984043319102
0.025700191035866737,0.3248974084854126,0.10300938691943884,0.7517330991104245,0.4090443532913923,0.7247153939679265,0.039483689703047276,0.37060180958360434,0.00011687825267595717,9.3723723257377,0.21397068111026155,0.13368720947196813,9.3723723257377
0.0017406921833753586,0.7791945179924369,0.04684261791408062,0.45799737982451916,0.6557317264378071,0.4172315653413534,0.11665547080338001,0.0795020442456007,0.00011672007284296805,9.314112055309867,0.29795263259552146,0.12125282471343607,9.314112055309867
0.289460226893425,0.2137808771803975,0.17530454602092505,0.3649267116561532,0.9596583917737007,0.5036609526723623,0.045685503631830215,0.9226963697001338,0.00011671279280143281,9.663403363134309,0.2224574896323868,0.07761654538564278,9.663403363134309
0.11972328368574381,0.6294629657641053,0.12612592335790396,0.005816801451146603,0.9795762980356812,0.07388604246079922,0.3243819447234273,0.6631190003827214,0.00011653790585050355,9.59411532924063,0.24628931082257416,0.08980952975450378,9.59411532924063
0.5516607901081443,0.07510845363140106,0.16487416252493858,0.051986660808324814,0.6552616590633988,0.585385830141604,0.023615555837750435,0.920071542263031,0.00011650081795223227,9.358927071328786,0.30423429811493924,0.10027347504578182,9.358927071328786
0.009856821037828922,0.058372572995722294,0.23649823013693094,0.08919872716069221,0.855210779234767,0.47025661543011665,0.07080899272114038,0.10930187068879604,0.00011640394268008613,9.81808454598071,0.15751323629478498,0.05785928478852153,9.81808454598071
0.017449773848056793,0.07457943726330996,0.05940561555325985,0.13719954621046782,0.38453738298267126,0.06153519544750452,0.037891142070293427,0.2784060165286064,0.00011637768906878334,9.690813051530826,0.2198053984926382,0.08613307105007101,9.690813051530826
0.033748981542885303,0.47749512642621994,0.1736929938197136,0.44815484061837196,0.9988927934318781,0.25859955605119467,0.016713647171854973,0.636090911924839,0.0001162701818964256,9.611690659278818,0.2229458153962368,0.10841974747843172,9.611690659278818
0.03919116500765085,0.5189615860581398,0.05040870700031519,0.7277814485132694,0.49994649924337864,0.09061431046575308,0.04231057967990637,0.1838921746239066,0.0001162436342382089,9.290908936797559,0.27807218515825843,0.1293631962249512,9.290908936797559
0.15248429123312235,0.09089762717485428,0.008140821941196918,0.3725874526426196,0.8495206590741873,0.9150130832567811,0.11394921410828829,0.8477531047537923,0.00011617204497812619,9.603102907538124,0.23135174055070906,0.10387181629681091,9.603102907538124
0.06256240699440241,0.10227593872696161,0.18871414475142956,0.7662485046312213,0.7521643787622452,0.793387089855969,0.09096558950841427,0.60369888599962,0.00011591544940480264,9.508763892423895,0.19835928283207885,0.12833789698643558,9.508763892423895
0.3421804467216134,0.22830319497734308,0.024584404192864895,0.004860153421759605,0.1843130048364401,0.9395348913967609,0.14223986491560936,0.6097676185891032,0.00011583433698380158,9.405554429787736,0.2964625020623474,0.11722729600515135,9.405554429787736
0.045418089255690575,0.07561531104147434,0.030051308684051037,0.8315378921106458,0.1935457857325673,0.6870751120150089,0.12786212656646967,0.585268716327846,0.00011567868899745203,9.29397259128424,0.24560547908400765,0.1395940198927674,9.29397259128424
0.0923036178573966,0.44822397734969854,0.18381775170564651,0.014036107808351517,0.22883663047105074,0.7765756519511342,0.07131592370569706,0.05688932165503502,0.0001156387106087594,9.604634588436149,0.24969014768985848,0.0921875756390455,9.604634588436149
0.18052901048213243,0.07640080340206623,0.1763248359784484,0.08427194133400917,0.017244513146579266,0.026659351773560047,0.07567506842315197,0.7730668727308512,0.00011559583086046217,9.649962143852933,0.20336889985516846,0.08567663020973515,9.649962143852933
0.11373736150562763,0.01847153529524803,0.18671305570751429,0.09417399298399687,0.9492414826527238,0.25525608379393816,0.49419037997722626,0.9846070352941751,0.00011552564138744221,9.666025270690268,0.2343153414282309,0.08242420582152332,9.666025270690268
0.30334837175905704,0.32867610082030296,0.0011535855010151863,0.2603022074326873,0.9532335987314582,0.3012938965111971,0.12823288701474667,0.18028834369033575,0.00011540638422093426,9.494651934051642,0.2644973626095477,0.10692555558380619,9.494651934051642
0.03526770044118166,0.9953976310789585,0.0030505266040563583,0.2993905860930681,0.48449640069156885,0.006203275173902512,0.23703246284276247,0.8625711658969522,0.00011533524943133512,9.145542464297543,0.37184359010872137,0.1541824367648749,9.145542464297543
0.34212117455899715,0.16058774199336767,0.13154619466513395,0.31909665558487177,0.8864735905081034,0.046724241226911545,0.21459838096052408,0.34707179479300976,0.00011521204248794896,9.602412070631761,0.23242696757107592,0.08067125151682818,9.602412070631761
0.23550934717059135,0.3988355677574873,0.09267655108124018,0.013577363453805447,0.6200368544086814,0.07805807888507843,0.003881363198161125,0.4638738129287958,0.00011514296661564335,9.633982141854977,0.2306139256480909,0.10347070300369876,9.633982141854977
0.02257016021758318,0.11834418959915638,0.006238481029868126,0.6153242671862245,0.5867726048454642,0.9084302969276905,0.23851400706917048,0.18544608913362026,0.00011505426074937385,9.420944542650115,0.23384665742706928,0.11747158676012384,9.420944542650115
0.0006929002702236176,0.45183386374264956,0.054394954815506935,0.5266587967053056,0.8393677091225982,0.28736657463014126,0.24437838420271873,0.8361177006736398,0.00011497752334884467,9.50620434362255,0.25270654190011044,0.10414841953477777,9.50620434362255
0.09886308014392853,0.31486318446695805,0.06314713601022959,0.5965998955070972,0.950338869355619,0.6454473668709397,0.051288945600390434,0.08428500220179558,0.00011489771393093449,9.498254917205367,0.190189520014552,0.11629729495856589,9.498254917205367
0.2398133957758546,0.3065857542678714,0.0779304513707757,0.7183076739311218,0.9967041062191129,0.0633302154019475,0.0976545037701726,0.9115731995552778,0.00011486391554404944,9.421753282791357,0.2739572427743137,0.1139229235306496,9.421753282791357
0.113053809851408,0.24428737629204988,0.21301208343356848,0.053205582313239574,0.9774911431595683,0.8817553464323282,0.2942060334607959,0.08727383147925138,0.00011482413936238879,9.765824692860853,0.13849864332434628,0.06421052852388713,9.765824692860853
0.0895718801766634,0.6136113405227661,0.02359824161976576,0.13245836552232504,0.758365398272872,0.8872288074344397,0.07044998556375504,0.08120677154511213,0.00011481069320670121,9.498125514863105,0.2532138841330861,0.1140578612644151,9.498125514863105
0.3315899148583412,0.05476095899939537,0.020396475680172443,0.8816619217395782,0.7578137507662177,0.3942207908257842,0.023671572096645832,0.9849414387717843,0.00011479226966524229,9.216193905872256,0.3091137076385881,0.13401328725365352,9.216193905872256
0.1550860982388258,0.03340696915984154,0.255427960306406,0.18324246257543564,0.9888733234256506,0.7998355617746711,0.26923257671296597,0.16719292290508747,0.00011477458451334846,9.772906514736773,0.1407360074183978,0.057677297393382954,9.772906514736773
0.0036864234134554863,0.06203674431890249,0.41007438488304615,0.2995544308796525,0.620154251344502,0.45692510809749365,0.04353789705783129,0.35990584548562765,0.00011475613172760111,9.575830337556672,0.2564743289601878,0.08029521406551637,9.575830337556672
0.07983285281807184,0.5990935219451785,0.18690359126776457,0.04907269775867462,0.8653151160106063,0.09261941723525524,0.17120784893631935,0.7837380236014724,0.00011471676287254387,9.671128117376256,0.22641966059205035,0.08556006021927078,9.671128117376256
0.05594736058264971,0.892187811434269,0.055640396662056446,0.12310007773339748,0.7946430165320635,0.3179074227809906,0.2418281240388751,0.7436196859925985,0.00011468305950935468,9.371097888065956,0.296835842884593,0.1343609623783383,9.371097888065956
0.019694335758686066,0.6125131584703922,0.16614974848926067,0.20666229352355003,0.7465476337820292,0.8286303766071796,0.12655724585056305,0.8682989161461592,0.00011467799028545132,9.612153965003083,0.2460663218281403,0.09429996921272601,9.612153965003083
0.033309418708086014,0.06351075414568186,0.07477718498557806,0.6222381079569459,0.1322184782475233,0.4849584447219968,0.01445385254919529,0.46699238382279873,0.00011464990788482738,9.440954817250686,0.24098028839853947,0.11144326265310887,9.440954817250686
0.06773709412664175,0.2838466791436076,0.025046794675290585,0.2646278450265527,0.9807441141456366,0.9068749127909541,0.3741898201406002,0.9306063652038574,0.00011464390998967002,9.591041973509506,0.2377305739408565,0.09292157347584627,9.591041973509506
0.5040592923760414,0.008708223700523376,0.16854686569422483,0.06256720516830683,0.5496862158179283,0.2698071738705039,0.13220643252134323,0.681710640899837,0.00011457718817360122,9.460526492994738,0.2647884841941339,0.09380174751360726,9.460526492994738
0.1609321916475892,0.1766685824841261,0.07755048386752605,0.7388441832736135,0.5145675670355558,0.9178533209487796,0.00758714135736227,0.8820692142471671,0.00011457061103990839,9.380116785955176,0.23932047771926926,0.13104408850990443,9.380116785955176
0.3863104544579983,0.25571170542389154,0.048766800202429295,0.1390355173498392,0.3907965933904052,0.4690988101065159,0.07655042503029108,0.958648488856852,0.00011452804424442004,9.425681270010385,0.2758174332198231,0.10311538509197606,9.425681270010385
0.14957124274224043,0.919924640096724,0.050652118399739265,0.17798055615276098,0.922055714763701,0.2055939082056284,0.062091412022709846,0.029783873818814754,0.00011433420940036271,9.287705912756275,0.3222107244295305,0.14947473031241187,9.287705912756275
0.10583687294274569,0.8094366546720266,0.026921586133539677,0.5794840678572655,0.9519075946882367,0.33759379852563143,0.08390631526708603,0.6641547027975321,0.00011430481277232384,9.263211558178504,0.3131825466663539,0.14825706070451877,9.263211558178504
0.04147115908563137,0.08888935297727585,0.16711781825870275,0.8039833018556237,0.8230660175904632,0.20883568935096264,0.25310009997338057,0.8762931022793055,0.00011430268830666339,9.471128241504983,0.24395190242971307,0.12345132065875762,9.471128241504983
0.005390770733356476,0.12398299388587475,0.20751489233225584,0.9858251875266433,0.6331355692818761,0.03344081249088049,0.11321711726486683,0.5484597068279982,0.00011424895174416798,9.320551459359951,0.26361528270407214,0.1571853389214324,9.320551459359951
0.2846220387145877,0.1132610971108079,0.026742474175989628,0.32796436734497547,0.12897337693721056,0.03412552922964096,0.06223756168037653,0.12874612398445606,0.0001141501174857693,9.398658181236545,0.2997558258941768,0.10066357561907488,9.398658181236545
0.017178076319396496,0.43124878872185946,0.3154917322099209,0.09744552057236433,0.5595165798440576,0.417806887999177,0.012881521135568619,0.48596987687051296,0.00011408008609358999,9.650795245615242,0.22755108346240116,0.10291749543832779,9.650795245615242
0.28267667535692453,0.02866208739578724,0.011384309269487858,0.6442831931635737,0.9833274437114596,0.5549845090135932,0.2876616707071662,0.9747603535652161,0.00011406432804964617,9.390802914555039,0.2947641428974917,0.11795032684351517,9.390802914555039
0.27176621183753014,0.5083671882748604,0.1346085648983717,0.3487502560019493,0.8415501350536942,0.013983088545501232,0.007447483949363232,0.9881222089752555,0.00011403144770792555,9.494038616986535,0.2719638690005253,0.10732495713726795,9.494038616986535
0.4076768606901169,0.064465606585145,0.08741665631532669,0.3045732518658042,0.8301747525110841,0.6514305910095572,0.16117623820900917,0.7339530484750867,0.00011402671551878392,9.51142434895052,0.25385494639726197,0.08353510847442311,9.51142434895052
0.03478730842471123,0.8420277116820216,0.24381021037697792,0.037828815169632435,0.7225737785920501,0.3516701040789485,0.10928748082369566,0.9464393081143498,0.00011400063008714268,9.465516449402992,0.287867388774733,0.11333033663189897,9.465516449402992
0.05886698421090841,0.09624224249273539,0.0033645126968622208,0.42753187008202076,0.9926186772063375,0.5624676225706935,0.18418199941515923,0.377997312694788,0.00011398532064888361,9.621059159126867,0.20162568677972967,0.09820732797246318,9.621059159126867
0.015193002298474312,0.594903782941401,0.05167508963495493,0.5384029122069478,0.19507684279233217,0.5972989546135068,0.027741508558392525,0.06336290575563908,0.00011387261141526318,9.292387151734113,0.3015987082872864,0.11630674116604471,9.292387151734113
0.18392155971378088,0.15831201616674662,0.0568744195625186,0.943462822586298,0.6571094514802098,0.9938595965504646,0.1009666696190834,0.6200418351218104,0.00011387223473748796,9.241692164941888,0.24206774018923052,0.1650214191278654,9.241692164941888
0.29197124671190977,0.2790183639153838,0.09182664006948471,0.2793221892789006,0.9433204624801874,0.22005087416619062,0.2892542164772749,0.8753010323271155,0.00011385281307535258,9.603427356954441,0.24492883773416702,0.08867842216496984,9.603427356954441
0.3124420549720526,0.28205350413918495,0.029096766375005245,0.08868386410176754,0.4715970866382122,0.8535548262298107,0.10432254895567894,0.8184733027592301,0.00011380740440738508,9.497820743261514,0.26835999893283075,0.10251010066161796,9.497820743261514
0.2765848385170102,0.37330497801303864,0.06107819173485041,0.05001942627131939,0.40787259954959154,0.8012197762727737,0.02451181598007679,0.037697973661124706,0.00011380230252179396,9.483691063760169,0.2763771520295887,0.10846557862508734,9.483691063760169
0.05997692793607712,0.14749804884195328,0.14380545914173126,0.11758484039455652,0.9720106469467282,0.03237443882972002,0.0005064904689788818,0.7057921700179577,0.0001136883019706076,9.826317595683895,0.16183182168732146,0.07853654482983757,9.826317595683895
0.004951030947268009,0.4599987408146262,0.04022301360964775,0.06908724643290043,0.48625647369772196,0.2132909120991826,0.10570782981812954,0.348599448800087,0.00011366019541969385,9.630576379184465,0.21317265307731767,0.09947735439857296,9.630576379184465
0.020338909700512886,0.9368073977530003,0.007190288044512272,0.32004192378371954,0.3398582190275192,0.8178598899394274,0.10738781001418829,0.6010160092264414,0.00011334713839195515,9.18873040812752,0.3553820717621716,0.14234721426347852,9.18873040812752
0.37489775754511356,0.1870088279247284,0.3066325020045042,0.041688679717481136,0.4200400849804282,0.21977018006145954,0.010104511864483356,0.8817345993593335,0.00011332160799968481,9.551184554240923,0.2456910438624899,0.09061927281714033,9.551184554240923
0.010095727629959583,0.6276904661208391,0.016842766664922237,0.8894351962953806,0.828143841587007,0.5226842919364572,0.2829144261777401,0.6946218637749553,0.00011331095576744006,9.163740613102297,0.32148189445931236,0.15389696192453475,9.163740613102297
0.015013077296316624,0.05066061392426491,0.4860732089728117,0.02824095357209444,0.5569960679858923,0.65324498526752,0.1569500770419836,0.7440520320087671,0.00011327419738225481,9.514723845165973,0.27428421494717886,0.07485341788441498,9.514723845165973
0.44238265976309776,0.2019260274246335,0.04550617467612028,0.32643664069473743,0.9421377191320062,0.29066403210163116,0.10516416095197201,0.4706442430615425,0.00011319535385589306,9.408242929258808,0.2799915255272723,0.10230912190676286,9.408242929258808
0.09729997906833887,0.34291023202240467,0.17745791096240282,0.9935205867514014,0.9872622760012746,0.509439006447792,0.0935772592201829,0.170435999520123,0.00011311424267085363,9.302717592021438,0.23756133698593107,0.1716899221153476,9.302717592021438
0.0500995647162199,0.8757014749571681,0.1559460060670972,0.1991530219092965,0.8312501339241862,0.6482989266514778,0.01643700059503317,0.3836539704352617,0.00011310460218216117,9.41023344882678,0.29364790822167697,0.13010172840523007,9.41023344882678
0.01082629058510065,0.5183333177119493,0.20433914382010698,0.09429327305406332,0.8934917757287621,0.22291574906557798,0.3574985219165683,0.9666583249345422,0.00011307591315997515,9.630457884880167,0.24025449796672235,0.08182655514076856,9.630457884880167
0.39496409241110086,0.11928002629429102,0.01899245474487543,0.309442057274282,0.38833608478307724,0.19697525911033154,0.09372943546622992,0.8869923250749707,0.00011297205884877721,9.370795869309267,0.2859345306600097,0.10146531462185326,9.370795869309267
0.03676143568009138,0.6632761992514133,0.10779232811182737,0.8212407790124416,0.6430723937228322,0.7195959985256195,0.07955857831984758,0.866727433167398,0.0001129561590558592,9.239434715239888,0.29356002489259836,0.1488542741400963,9.239434715239888
0.005220795050263405,0.03398963715881109,0.3349176701158285,0.16506965644657612,0.5672339117154479,0.32689825259149075,0.07007818855345249,0.3830685745924711,0.00011293979933958852,9.708917411964208,0.20298186735049828,0.0655742155840776,9.708917411964208
0.4023913685232401,0.24988829344511032,0.15591213945299387,0.4074706407263875,0.9106066701933742,0.13469894044101238,0.010225617326796055,0.7845973921939731,0.00011288860805457924,9.483262261716686,0.25517336415129166,0.09522397266244013,9.483262261716686
0.051862673833966255,0.5275682704523206,0.0862161684781313,0.3811253737658262,0.9956836020573974,0.48702080454677343,0.2167536560446024,0.8723425734788179,0.00011278318715191486,9.591033068341584,0.23988048648320962,0.09799376280887802,9.591033068341584
0.045207555405795574,0.44987301900982857,0.043100908398628235,0.8802631506696343,0.07937185000628233,0.31996489502489567,0.035742233507335186,0.08790372498333454,0.00011277573095059239,9.134597473221937,0.3122277521647985,0.13985076464094706,9.134597473221937
0.04676302894949913,0.014743369072675705,0.04124148655682802,0.03960633743554354,0.7106815027073026,0.6916487636044621,0.46797439083456993,0.6704507376998663,0.0001127171034858603,9.638316514508128,0.17693700227441617,0.08811689808736954,9.638316514508128
0.22451359499245882,0.0031709112226963043,0.07325151097029448,0.19448850117623806,0.502700530923903,0.16652510687708855,0.07133188843727112,0.4090596754103899,0.00011264471289749004,9.675137799107667,0.2186001692147584,0.0762632236998899,9.675137799107667
0.09023657348006964,0.7432655170559883,0.044149343855679035,0.7366455951705575,0.989909203723073,0.47131908405572176,0.10627719014883041,0.4233343079686165,0.00011262157503139386,9.236549844029884,0.2968613995062574,0.14784468573045415,9.236549844029884
0.014230618253350258,0.7119896542280912,0.057871787808835506,0.6648354167118669,0.9803725937381387,0.89134983997792,0.22893633972853422,0.002229779027402401,0.00011248253078477233,9.25393838479356,0.30355001768704437,0.1324519938683581,9.25393838479356
0.019379878416657448,0.03417067043483257,0.04308662377297878,0.8282054159790277,0.7218964332714677,0.5368614699691534,0.31240505538880825,0.6180721167474985,0.0001124628549344604,9.367982617529364,0.24825506073326287,0.14409265795646714,9.367982617529364
0.019892987795174122,0.44310550205409527,0.26331341452896595,0.029170243069529533,0.07746647391468287,0.18195283878594637,0.10210650134831667,0.3811097862198949,0.00011242772236351778,9.571278376036942,0.23467901393311924,0.10215002926634646,9.571278376036942
0.061111465096473694,0.778159111738205,0.01357490848749876,0.5117106586694717,0.953662222251296,0.7926532505080104,0.2063834322616458,0.7765431823208928,0.00011238916796949268,9.296901166572043,0.3117800711823237,0.1372775935473726,9.296901166572043
0.03931020479649305,0.11730833072215319,0.03559290152043104,0.4151275521144271,0.7726368578150868,0.28384408447891474,0.07824566215276718,0.9918338852003217,0.00011237582938439346,9.651199661760222,0.20573645568646032,0.09995352043852368,9.651199661760222
0.13337556645274162,0.12328208610415459,0.4979811692610383,0.026164372451603413,0.9062169212847948,0.3013052102178335,0.09348142333328724,0.22099330089986324,0.00011237373561365696,9.500183400144913,0.27736564617412984,0.08486951066360297,9.500183400144913
0.12269156239926815,0.33263943810015917,0.05272498354315758,0.8285049619153142,0.846855666488409,0.693999508395791,0.0821617254987359,0.41760192811489105,0.00011234076691879203,9.34411740125627,0.19959476700926004,0.14759955920701728,9.34411740125627
0.08631475456058979,0.10918072704225779,0.4154993090778589,0.05507124960422516,0.08564593363553286,0.4994790917262435,0.06611791625618935,0.8098048772662878,0.00011218627352234327,9.553202827906324,0.25175782747147185,0.08977319717389762,9.553202827906324
0.07595049403607845,0.7443085666745901,0.020223626866936684,0.17527911718934774,0.42246953770518303,0.7537441216409206,0.021814456209540367,0.49324046820402145,0.00011209401069871413,9.38175377152003,0.29280208423383464,0.1283281745202587,9.38175377152003
0.06279136706143618,0.06299617700278759,0.014251107349991798,0.1108266580849886,0.23141814954578876,0.04302770737558603,0.223145954310894,0.7988734394311905,0.0001118814465454156,9.63615951379198,0.23447866671330686,0.0889588873004768,9.63615951379198
0.052483465522527695,0.9926723632961512,0.05724837724119425,0.8630221672356129,0.9269363274797797,0.725761909969151,0.1330482019111514,0.8077976712957025,0.00011178201017682468,9.003758163039612,0.3859328492220808,0.18147896501246064,9.003758163039612
0.04060604237020016,0.31435995921492577,0.024650489911437035,0.48493825551122427,0.1684452435001731,0.7905280226841569,0.00042145978659391403,0.43003174010664225,0.00011161815838073995,9.416850970554037,0.2578746435240516,0.1155457751248596,9.416850970554037
0.025748255662620068,0.8147152252495289,0.045556400902569294,0.5957426205277443,0.8943475252017379,0.8650740524753928,0.1568452464416623,0.12076454516500235,0.00011161200742450729,9.232874859320043,0.3128470006266305,0.13667789283580642,9.232874859320043
0.25481033977121115,0.0742460023611784,0.12847438920289278,0.19092632457613945,0.6358697395771742,0.48470856435596943,0.06503667775541544,0.8559348229318857,0.00011146195372336841,9.726578791349622,0.19529318996042516,0.06682656571789021,9.726578791349622
0.1395316645503044,0.11227057408541441,0.0213705413043499,0.9015648625791073,0.08951336704194546,0.7896659057587385,0.07310254126787186,0.17221246846020222,0.00011140497675637322,9.158185511326813,0.28739802868163045,0.14387271020831086,9.158185511326813
0.04682586807757616,0.14143334701657295,0.06382782477885485,0.4990370562300086,0.8006309336051345,0.9073600824922323,0.13216761033982038,0.09253622964024544,0.00011130454904194764,9.568829130731153,0.19395667399912256,0.1016562795883542,9.568829130731153
0.027057267725467682,0.055605350993573666,0.1988999154418707,0.5258543211966753,0.2954608052968979,0.7509725810959935,0.04885598924010992,0.03859852813184261,0.00011123201459308235,9.533461300075027,0.2419010701394125,0.08946315439879281,9.533461300075027
0.025203309953212738,0.16806380171328783,0.21893410943448544,0.5492978459224105,0.8689936343580484,0.14350025821477175,0.12591679859906435,0.9931924603879452,0.00011121659761052236,9.646455284740814,0.22089154929203478,0.08570946078541282,9.646455284740814
0.1306585557758808,0.14684167597442865,0.03379794768989086,0.722115121781826,0.06059068348258734,0.7227679416537285,0.01727486401796341,0.14096459560096264,0.00011117558097732458,9.268049031356068,0.2825517043179021,0.12156494960880508,9.268049031356068
0.027182387188076973,0.5815643910318613,0.21508901193737984,0.33820042107254267,0.9436746155843139,0.6236536158248782,0.07157746702432632,0.8558775298297405,0.00011113656391284039,9.614519172022314,0.24329644645293563,0.10511488391437414,9.614519172022314
0.02977401576936245,0.06721736863255501,0.12999773770570755,0.598081617616117,0.8410032093524933,0.517069773748517,0.08566675893962383,0.07851382810622454,0.00011107483213405655,9.58556227665281,0.1821266896978862,0.10367671123440853,9.58556227665281
0.17417185753583908,0.04205348249524832,0.3426667954772711,0.2129040053114295,0.825617166236043,0.41209515929222107,0.038586560636758804,0.6326391929760575,0.00011107333602624876,9.748375777731754,0.19364935997011512,0.058744947584044936,9.748375777731754
0.14595383871346712,0.04427553713321686,0.020217842422425747,0.044695982709527016,0.33507754374295473,0.4906810140237212,0.15351830329746008,0.15097522269934416,0.00011105706009137185,9.654000669811145,0.24014945968691317,0.08442330978307648,9.654000669811145
0.5915800537914038,0.12689374573528767,0.017582490108907223,0.032175177708268166,0.3730995785444975,0.31943250354379416,0.01629498414695263,0.05678184051066637,0.00011101684372379556,9.082164538663323,0.3622207960625679,0.14553388876930506,9.082164538663323
0.16333742812275887,0.1345187984406948,0.3655373686924577,0.07156306318938732,0.138753866776824,0.8239730335772038,0.059572779573500156,0.1736253472045064,0.00011100379190198471,9.567208584380502,0.26001187737397297,0.09313229652102563,9.567208584380502
0.33234423864632845,0.17712141945958138,0.03319381456822157,0.4874360766261816,0.9894805205985904,0.9975979365408421,0.05936711002141237,0.518360847607255,0.00011099790297329616,9.415635208543318,0.27847812802492106,0.11073668955899853,9.415635208543318
0.037411127239465714,0.23542484920471907,0.3131531160324812,0.6768176220357418,0.7447577584534883,0.8739093029871583,0.016598988324403763,0.7603679290041327,0.00011076102731623165,9.500721475471115,0.2556443634643359,0.12266902500007393,9.500721475471115
0.34686070308089256,0.024966937489807606,0.06305178441107273,0.45323445182293653,0.8728675246238708,0.5597167136147618,0.11406079307198524,0.17148907482624054,0.00011075267089393341,9.492060566456288,0.25757352506364595,0.08507292458920084,9.492060566456288
0.024974238127470016,0.12903590686619282,0.046485232189297676,0.33168357424438,0.14754854887723923,0.8931403988972306,0.05599259864538908,0.6574577493593097,0.0001104386147864843,9.556125038804222,0.24684725552008321,0.09834436054464862,9.556125038804222
0.21614608261734247,0.19041044730693102,0.1909964717924595,0.046798803843557835,0.13188980799168348,0.9160151053220034,0.12868700549006462,0.025387353263795376,0.00011036772842078045,9.593100972043676,0.249743136513491,0.08961917942154538,9.593100972043676
0.09949463792145252,0.2796028656885028,0.43958956375718117,0.3072479972615838,0.7516246782615781,0.9926147907972336,0.0006435718387365341,0.9839573763310909,0.00011034403216004272,9.509136022210415,0.2818867114732661,0.09684331136757597,9.509136022210415
0.3722503734752536,0.017747344449162483,0.18833414744585752,0.36829516384750605,0.9805077919736505,0.736495248042047,0.12425556406378746,0.41651827562600374,0.00011026726946424332,9.610227205365417,0.22682186797196266,0.07574894708043053,9.610227205365417
0.024640957824885845,0.8579764598980546,0.01032476406544447,0.6929377997294068,0.7272914135828614,0.27028992865234613,0.2230725046247244,0.9760825112462044,0.00011025816305118741,9.137685333792987,0.36366262054148474,0.14990966204773895,9.137685333792987
0.24184468016028404,0.27629087679088116,0.1881088288500905,0.064317112788558,0.9075920125469565,0.42935420759022236,0.2976552154868841,0.9565535495057702,0.00011022091147808574,9.757973635640925,0.2045142908822725,0.0675981410518369,9.757973635640925
0.031103916466236115,0.8843483552336693,0.19224042352288961,0.16631575487554073,0.9792733108624816,0.0011596297845244408,0.2860348867252469,0.9103797757998109,0.00011001826204205884,9.374033238502811,0.30492215869694234,0.1260735691452896,9.374033238502811
0.10101261548697948,0.04011404234915972,0.11722872126847506,0.08647134155035019,0.9283267790451646,0.03827859181910753,0.5176447136327624,0.32647592574357986,0.00011000408921356099,9.60510445442517,0.24469006443569494,0.07383559367771012,9.60510445442517
0.10150141175836325,0.5587904928252101,0.07641143351793289,0.46568343602120876,0.9744584895670414,0.8756520682945848,0.0891458922997117,0.7016042219474912,0.0001099261012765504,9.501599680292054,0.23964763340465323,0.11707949655174528,9.501599680292054
0.018087519332766533,0.5349398870021105,0.18813190422952175,0.009835928678512573,0.48890895023941994,0.0313230799511075,0.1570716816931963,0.1434763167053461,0.00010989266888455854,9.616146873750916,0.23307185543130213,0.08776661092596466,9.616146873750916
0.1281310459598899,0.7191164307296276,0.18790411204099655,0.05559153854846954,0.7275614682585001,0.7569845980033278,0.0016325488686561584,0.7846545400097966,0.00010959755832913729,9.542427394300177,0.2690783852630067,0.11009134466074495,9.542427394300177
0.025343140587210655,0.7337226187810302,0.05513744056224823,0.5190902324393392,0.6247904887422919,0.7313942452892661,0.06455529853701591,0.47931642923504114,0.00010958380824773119,9.330706598429463,0.2816444877000025,0.12759271679524994,9.330706598429463
0.40421193093061447,0.3863669103011489,0.059998735785484314,0.1821294967085123,0.7892143996432424,0.35844318382442,0.015692501328885555,0.6245886478573084,0.00010957203914232584,9.420903040566808,0.27413727916168695,0.11079707615954051,9.420903040566808
0.046975971199572086,0.9705638140439987,0.035263641737401485,0.2952219611033797,0.28052057418972254,0.7763887029141188,0.029530377127230167,0.2577788233757019,0.00010949662522497263,9.155142820975435,0.3654620168189679,0.14490813117723197,9.155142820975435
0.26742082554847,0.059426176361739635,0.09360554628074169,0.19281068444252014,0.901602927595377,0.39723644126206636,0.3226385395973921,0.18082136008888483,0.00010940528787221973,9.660590520888034,0.21961216327605443,0.0761865404074125,9.660590520888034
0.006543305702507496,0.6141852661967278,0.11742593627423048,0.3329658377915621,0.5439172014594078,0.2036198517307639,0.006141859106719494,0.48959979973733425,0.00010927265921360846,9.506851600575859,0.2500682020695805,0.10987241000909084,9.506851600575859
0.015562362968921661,0.010114479809999466,0.03420425485819578,0.35105776600539684,0.5460123587399721,0.7790667889639735,0.10072544682770967,0.7608004063367844,0.00010913302259934327,9.644708477025308,0.20704150804917124,0.09746724046680973,9.644708477025308
0.12902481947094202,0.421530082821846,0.03108359407633543,0.6825816705822945,0.8802244486287236,0.23360222578048706,0.06421415042132139,0.7183855343610048,0.00010899547760808096,9.409921060906266,0.24131939542392325,0.12707856784351618,9.409921060906266
0.0319540873169899,0.4491504551842809,0.06108871474862099,0.8327381331473589,0.9093095660209656,0.24975325912237167,0.31463021505624056,0.7477221107110381,0.00010895486591069268,9.305625917995853,0.2924051610519381,0.1360664897352809,9.305625917995853
0.12578826490789652,0.04056497197598219,0.38063393998891115,0.018177131190896034,0.8488844251260161,0.9961155699566007,0.27368628792464733,0.4200956588611007,0.0001088259605035211,9.681743276290387,0.2040884429460502,0.06149766459432268,9.681743276290387
0.23136476892977953,0.08913037460297346,0.14873523730784655,0.7409491520375013,0.9677515402436256,0.4886911790817976,0.024603072553873062,0.7542542992159724,0.00010872249941541809,9.503297118867124,0.22957123649613223,0.11558733911402576,9.503297118867124
0.393369747325778,0.17687369789928198,0.01814051065593958,0.04967606905847788,0.8447950221598148,0.7150578536093235,0.28793184645473957,0.6482120780274272,0.0001086573084631992,9.46666588232019,0.277230237252255,0.10156536930905935,9.46666588232019
0.3313674870878458,0.09780898410826921,0.3968837335705757,0.21743129659444094,0.9419406102970243,0.24920168332755566,0.0430335970595479,0.07156452629715204,0.00010864318607889334,9.536685705393436,0.2631631437757593,0.09078293594065769,9.536685705393436
0.038832019083201885,0.15908732451498508,0.10281004849821329,0.957706255838275,0.7662451080977917,0.3789068618789315,0.29986919835209846,0.8375072618946433,0.00010857777350608933,9.312750170798505,0.265119684244757,0.1560321943736268,9.312750170798505
0.059321788139641285,0.4208432072773576,0.16997600067406893,0.03312963340431452,0.08595358487218618,0.5410724924877286,0.07906002085655928,0.15357348322868347,0.00010850593510990526,9.600614155020597,0.24564587630649523,0.09491438787631973,9.600614155020597
0.0056315697729587555,0.6952597321942449,0.054128256626427174,0.03602159861475229,0.6757054217159748,0.9575736615806818,0.2762194713577628,0.14963262807577848,0.0001084831590179761,9.465795629995794,0.27374335446877596,0.09388765503273488,9.465795629995794
0.459650207310915,0.32114585395902395,0.20155290234833956,0.0304710790514946,0.8782028751447797,0.3296600626781583,0.07234868314117193,0.3445803904905915,0.00010824685279889985,9.508102861722346,0.2539932499360377,0.09909122294978669,9.508102861722346
0.050988358445465565,0.7282646037638187,0.19577521830797195,0.0741251977160573,0.9694356760010123,0.9808533797040582,0.09562053345143795,0.04387586750090122,0.00010824269353675894,9.533832373116462,0.2670481512117182,0.10751139998145663,9.533832373116462
0.022966590709984303,0.9669452970847487,0.18451138865202665,0.15830037835985422,0.7660531718283892,0.6969113238155842,0.09679787699133158,0.7269097492098808,0.00010819734631317902,9.353168019733388,0.31541783577801635,0.1386765508633054,9.353168019733388
0.009079850278794765,0.582396512851119,0.014030017890036106,0.2160436948761344,0.7723273234441876,0.4986374080181122,0.20175812672823668,0.4688180573284626,0.00010816279305852864,9.544320846502238,0.23091581746429113,0.10365708227148329,9.544320846502238
0.044114488177001476,0.4692319566383958,0.007897859439253807,0.7841513454914093,0.2912219809368253,0.7878111936151981,0.09414876252412796,0.943515551276505,0.00010814276158213341,9.224156061043473,0.28929133545912783,0.13896447583632077,9.224156061043473
0.10356082674115896,0.2217936459928751,0.0040803998708724976,0.8097857804968953,0.5942077375948429,0.06530451029539108,0.08801799640059471,0.5764980083331466,0.0001081150057782298,9.331174327502653,0.25290184984003805,0.13547679808151464,9.331174327502653
0.04208320006728172,0.024853540584445,0.15612075570970774,0.07491822633892298,0.3392254253849387,0.17037214990705252,0.09273642115294933,0.8677099859341979,0.00010786213484391651,9.782634016873347,0.15597009263449002,0.06379572752062045,9.782634016873347
0.007674738764762878,0.36948601622134447,0.4532138789072633,0.27067946270108223,0.9257582342252135,0.6965648904442787,0.024759828113019466,0.820869117975235,0.00010784610924010035,9.494735432622635,0.2858487637765157,0.10813391004147593,9.494735432622635
0.02767867874354124,0.7411522092297673,0.038049763068556786,0.07665581814944744,0.20864512119442225,0.7664532400667667,0.20713125728070736,0.9590208679437637,0.00010782869400378398,9.386539991880028,0.30466509176343765,0.1097809561217036,9.386539991880028
0.6632607560604811,0.02700061723589897,0.12843567319214344,0.04666046146303415,0.9570676507428288,0.7210311545059085,0.011372165754437447,0.9386639120057225,0.00010775621318519099,9.164610121846321,0.363898456433034,0.11916619958958398,9.164610121846321
0.18598867487162352,0.030082423239946365,0.21683099772781134,0.14040487259626389,0.77488321531564,0.855330552905798,0.10566182062029839,0.24642555229365826,0.0001077316543587935,9.794795980958304,0.1602232622074254,0.05181111163429454,9.794795980958304
0.31696205399930477,0.23840029165148735,0.043470436707139015,0.19725485146045685,0.9077425124123693,0.35089628770947456,0.27693638764321804,0.6596590494737029,0.00010735163825271936,9.575362400588466,0.24636888799314605,0.09350023682127291,9.575362400588466
0.07364939153194427,0.6668621301651001,0.12324163503944874,0.10443675052374601,0.6799685526639223,0.11255712527781725,0.053809527307748795,0.5184179954230785,0.00010733538089927077,9.573349910054487,0.23806527423725754,0.10409241400847365,9.573349910054487
0.01485765352845192,0.269859017804265,0.11965252459049225,0.10050846636295319,0.839903449639678,0.3758974578231573,0.39960138499736786,0.9903256995603442,0.00010731525879823637,9.702307818760428,0.21654009139040192,0.07073870179072948,9.702307818760428
0.2540001757442951,0.8892161790281534,0.10270729660987854,0.05117961950600147,0.7756616594269872,0.1156011875718832,0.037131110206246376,0.8623025547713041,0.00010727868069459089,9.302500842756512,0.3252444617966503,0.15218135313246,9.302500842756512
0.08666735887527466,0.05074445158243179,0.042918301187455654,0.8438137220218778,0.15161071624606848,0.1444982122629881,0.11679759249091148,0.12976536713540554,0.0001072261541460791,9.263295898270654,0.2815642162700126,0.12475717725834727,9.263295898270654
0.4139740029349923,0.0930629838258028,0.16857103630900383,0.16829079762101173,0.8572085602208972,0.5061448868364096,0.20152573566883802,0.5228020511567593,0.00010718201057205081,9.614138335520511,0.22111200378246804,0.07765554936861574,9.614138335520511
0.12379601411521435,0.3674725592136383,0.017369458451867104,0.9921597950160503,0.5237994659692049,0.1637757457792759,0.016430379822850227,0.5543986698612571,0.00010715138274392476,9.160508666480084,0.27812139159607574,0.1655002974984296,9.160508666480084
0.07193239592015743,0.3235397348180413,0.02711212169378996,0.5032176552340388,0.8640747470781207,0.0019701477140188217,0.2507004551589489,0.6197843616828322,0.00010690143623625095,9.52825211674552,0.2524283239281853,0.0953212754463369,9.52825211674552
0.32975174114108086,0.12964688334614038,0.2351967105641961,0.20220648869872093,0.6734462296590209,0.2517206100746989,0.01896688435226679,0.3654126040637493,0.00010689161120293824,9.655296000177106,0.2098580081798029,0.07822897194101075,9.655296000177106
0.15636497642844915,0.11029441095888615,0.01411346159875393,0.5049899257719517,0.8295156303793192,0.821753041818738,0.14500683452934027,0.9242711821570992,0.00010686112613201359,9.54442053462034,0.2336912009962881,0.10694101423177634,9.54442053462034
0.25809338223189116,0.5031046038493514,0.009387447498738766,0.4493413958698511,0.9496062025427818,0.18882838729768991,0.012027080170810223,0.7410254422575235,0.00010684950990256239,9.395419359756211,0.28073858410726965,0.12477559255590791,9.395419359756211
0.32130993623286486,0.21832077950239182,0.02549710124731064,0.18724419362843037,0.28962451964616776,0.6858899667859077,0.056472103111445904,0.8994122268632054,0.00010684691496276835,9.444295755290861,0.27658134870505785,0.10371035484786627,9.444295755290861
0.013628991320729256,0.7400131849572062,0.030725368298590183,0.5149602219462395,0.6411973526701331,0.48601188976317644,0.170529805123806,0.9046749174594879,0.00010679039217748333,9.326007529395836,0.3021512321189229,0.1258129658394201,9.326007529395836
0.3592340024188161,0.10982648935168982,0.06539249233901501,0.7164815375581384,0.973910597153008,0.4057685062289238,0.011048693209886551,0.35718902107328176,0.00010672760903330137,9.342721185288362,0.27590551929619606,0.1093460038360373,9.342721185288362
0.0461544506251812,0.1654394306242466,0.39443696290254593,0.1294671930372715,0.7876907614991069,0.5312993479892612,0.06325490772724152,0.4181149732321501,0.0001067168415822637,9.683316789830858,0.22077440340408594,0.07886747699101336,9.683316789830858
0.18748336471617222,0.26469715870916843,0.04388017766177654,0.9293104270473123,0.8251019911840558,0.5943038538098335,0.13075655791908503,0.9800582127645612,0.00010659574955586049,9.270886518019314,0.2639722973005082,0.1537086259707685,9.270886518019314
0.08695340063422918,0.845197256654501,0.0012871474027633667,0.1188835110515356,0.44599449075758457,0.9753361344337463,0.09047228842973709,0.3759353309869766,0.00010655615654494851,9.287628076366541,0.32751548828552246,0.13693629863148943,9.287628076366541
0.2322076130658388,0.1706546414643526,0.008294305764138699,0.8077148916199803,0.9432278722524643,0.9792259484529495,0.1613139882683754,0.0839296830818057,0.00010652888549084992,9.2652290562745,0.27190932918643823,0.14245666594879489,9.2652290562745
0.03777986019849777,0.7328050062060356,0.025775511749088764,0.44975568633526564,0.7971111061051488,0.10583912767469883,0.224824626930058,0.6568267960101366,0.00010651412297137536,9.356035968879223,0.29970750785883105,0.12097441491970774,9.356035968879223
0.3491219822317362,0.07165909837931395,0.041100190952420235,0.2593444725498557,0.11426752619445324,0.3258712850511074,0.08350761793553829,0.8167227543890476,0.00010643893019701804,9.409830522236081,0.2759138298474518,0.10316976587237171,9.409830522236081
0.1329936720430851,0.5717311874032021,0.10208330117166042,0.00252628605812788,0.433246492408216,0.28750812355428934,0.016452503390610218,0.016102518886327744,0.00010642710153700107,9.545666616502727,0.25813174355618634,0.1048552999983661,9.545666616502727
0.0004155486822128296,0.20374712627381086,0.10761663410812616,0.776231518946588,0.5396167961880565,0.9330272702500224,0.2540735388174653,0.9113447461277246,0.00010642125523426114,9.3908697833086,0.246551471371114,0.13008618472512604,9.3908697833086
0.6218532724305987,0.15944431442767382,0.12495300080627203,0.05378419067710638,0.8270736923441291,0.008688602596521378,0.006697849370539188,0.7941938601434231,0.00010629567282215624,9.220408213774844,0.33838327585857925,0.12601763346416248,9.220408213774844
0.04826144315302372,0.8089848440140486,0.12062822375446558,0.8771498324349523,0.7291585905477405,0.5055780075490475,0.026876660995185375,0.7640622248873115,0.00010627017443382967,9.132236978260442,0.3309494385936828,0.16483709231724394,9.132236978260442
0.27158060763031244,0.04527715127915144,0.0015959590673446655,0.8506363742053509,0.6273327190428972,0.654287246055901,0.05366696510463953,0.9172176793217659,0.0001061991932220112,9.241417654788885,0.2901429102321546,0.13830726157828183,9.241417654788885
0.21914072334766388,0.3856077780947089,0.3695856770500541,0.08450022619217634,0.941728956066072,0.04671960324048996,0.007115584798157215,0.30636348482221365,0.0001061594152630446,9.588026435040053,0.2463771996786069,0.1085410370438578,9.588026435040053
0.5934950467199087,0.020599812269210815,0.05626316275447607,0.008728682063519955,0.7903819121420383,0.7080922117456794,0.15854157879948616,0.9732824927195907,0.00010614303171922945,9.228136859597567,0.34633101150891404,0.116931017542271,9.228136859597567
0.032781013287603855,0.12145672272890806,0.36494604498147964,0.18847558833658695,0.5074308719485998,0.26638355292379856,0.05081445351243019,0.7273128218948841,0.00010611717204649321,9.668487908615198,0.2096705399202985,0.07096177371655166,9.668487908615198
0.07643808703869581,0.011785382404923439,0.5498837996274233,0.0313981045037508,0.8126113219186664,0.2739263642579317,0.11460696440190077,0.41932036727666855,0.0001060916666161214,9.390639384453902,0.3089288931556857,0.07851586186946313,9.390639384453902
0.0367188872769475,0.2231366913765669,0.1778742792084813,0.8525546547025442,0.8950880393385887,0.1551470998674631,0.14415479078888893,0.34796896018087864,0.00010602963651267611,9.432989775358207,0.2284247384286167,0.13730694310585223,9.432989775358207
0.34825328178703785,0.23570497706532478,0.03686055913567543,0.3808901710435748,0.837060833349824,0.18620834685862064,0.1596871903166175,0.7568065086379647,0.00010602034712147823,9.47852768673631,0.2628377725592151,0.09573675200223679,9.47852768673631
0.15472166053950787,0.12917127087712288,0.1839087838307023,0.0231874817982316,0.5056141763925552,0.9601875925436616,0.1369666550308466,0.9156204555183649,0.0001058088963153347,9.786806480498527,0.19303869983051242,0.061222278051775623,9.786806480498527
0.23150305356830359,0.29591962322592735,0.05722494795918465,0.9814625317230821,0.8307323511689901,0.018120942637324333,0.0032678861171007156,0.5865570325404406,0.00010570688438296326,9.206760977799968,0.29014779433340804,0.1559329328379583,9.206760977799968
0.030441935174167156,0.07334552332758904,0.045381488278508186,0.0914495512843132,0.6207312978804111,0.3819299368187785,0.31296967528760433,0.932372179813683,0.00010545255994332204,9.728747636182696,0.18450145557354364,0.08044294910221794,9.728747636182696
0.01337192952632904,0.26460499223321676,0.28851301316171885,0.8780955197289586,0.7702049389481544,0.49092744663357735,0.013248465955257416,0.6113348435610533,0.00010527864464382524,9.383050309479133,0.2617184243976352,0.15327478472916223,9.383050309479133
0.07679483108222485,0.7099373741075397,0.047368135303258896,0.020414238795638084,0.19913900084793568,0.3464599419385195,0.08071737457066774,0.5988754099234939,0.00010520420338533665,9.438310865862421,0.2829579501179362,0.11855818075040572,9.438310865862421
0.28846239391714334,0.8054959690198302,0.0461529940366745,0.011274190619587898,0.8729955460876226,0.6675552995875478,0.12746725883334875,0.9327182369306684,0.00010517806549657286,9.321244445353239,0.3164151856098467,0.14207860933510238,9.321244445353239
0.12445631716400385,0.5417767055332661,0.058024910278618336,0.23274448420852423,0.8240507012233138,0.956043342128396,0.05852576158940792,0.8004162246361375,0.0001051620640642585,9.560617003922971,0.24238727489192832,0.11316825574764527,9.560617003922971
0.3943419586867094,0.6524567268788815,0.048346479423344135,0.008814984932541847,0.8986899806186557,0.9628556622192264,0.0002505108714103699,0.2870619632303715,0.00010511288608058071,9.252862953205407,0.32054148549968253,0.13444024369019456,9.252862953205407
0.4991274392232299,0.10783724393695593,0.028944609686732292,0.0656089736148715,0.7627021009102464,0.9121381267905235,0.1714647077023983,0.2087574740871787,0.00010504144053581483,9.299630696113864,0.31591129489677594,0.11733117045393934,9.299630696113864
0.042953082360327244,0.008732558228075504,0.3777344599366188,0.5849312720820308,0.6570533597841859,0.5461243446916342,0.031994196586310863,0.9554008487612009,0.00010501233573281095,9.5254685046356,0.2665128017153158,0.08722576217498951,9.5254685046356
0.11575656570494175,0.4220801955088973,0.002457810565829277,0.5391938472166657,0.7563943611457944,0.7599054090678692,0.01493001077324152,0.38634737953543663,0.0001049824757382371,9.418025834110658,0.21818728291686576,0.12669506382527843,9.418025834110658
0.22008556127548218,0.1588400611653924,0.0880505396053195,0.5208007553592324,0.879429298453033,0.16181315574795008,0.04009165149182081,0.9654017593711615,0.00010497479704009846,9.584034334292863,0.23612308483911215,0.09290320235494053,9.584034334292863
0.5083021195605397,0.07149286288768053,0.0950642628595233,0.043455133214592934,0.31710571702569723,0.4282729234546423,0.06382498703897,0.531683231703937,0.00010491821954074068,9.33180489812717,0.2983687016006066,0.11269157299452981,9.33180489812717
0.4482441898435354,0.23287406098097563,0.08689224813133478,0.19486656691879034,0.7486404292285442,0.007540284655988216,0.1595593225210905,0.48898651637136936,0.00010483903001976021,9.439644650103029,0.2701963669536369,0.10243794308055368,9.439644650103029
0.18774215038865805,0.7298843814060092,0.03146080020815134,0.3149634515866637,0.8405430065467954,0.14471188560128212,0.06661013793200254,0.875103292055428,0.00010480679834533628,9.3791479753937,0.29688485374369217,0.13683855468586775,9.3791479753937
