x1,x2,x3,x4,x5,x6,ensemble_ei,ensemble_mu_mean_model,ensemble_sigma_mean_model,ensemble_mu_std_model,ensemble_mu_mean_original_approx
0.08628448005765676,0.4782171817496419,0.38603982143104076,0.20468742959201336,0.37212692480534315,0.7594084525480866,5.5827520205365295e-09,1.2716505860589118,0.07568354196972621,0.18867194324284653,1.2716505860589118
0.07856093905866146,0.4289637114852667,0.5817176308482885,0.19906931463629007,0.3880881695076823,0.745204652659595,2.2335451535702566e-08,1.2299831805789398,0.09818574928077074,0.2457199153925015,1.2299831805789398
0.06805298943072557,0.37138131726533175,0.21090032160282135,0.23239995446056128,0.36499864142388105,0.7360250670462847,1.3916206889686574e-06,1.2219741245251945,0.12610000586102296,0.17647938825539514,1.2219741245251945
0.12480923254042864,0.48304456379264593,0.23306975048035383,0.21265576593577862,0.4335771184414625,0.7309373347088695,7.705259676797619e-09,1.2159200052206753,0.07579014061346982,0.2134307529160028,1.2159200052206753
0.05355635657906532,0.48996931686997414,0.08654931373894215,0.269568650983274,0.3852003635838628,0.7470502443611622,2.2634730862351147e-06,1.2120126254695198,0.10907811661522084,0.23120412698481402,1.2120126254695198
0.09209404233843088,0.4116862565279007,0.04857345577329397,0.17251062020659447,0.40498510375618935,0.7621742701157928,1.4513477078424731e-07,1.2091699382340197,0.10834423044400206,0.26941718282144866,1.2091699382340197
0.05862604733556509,0.39911969285458326,0.3487036442384124,0.2024779375642538,0.4481558231636882,0.7668902212753892,3.277804640806343e-07,1.1993155678713232,0.12760474057543786,0.20141330312322422,1.1993155678713232
0.0959192281588912,0.3704589968547225,0.4238951625302434,0.2242497643455863,0.4250154625624418,0.7699280753731728,5.370813518434265e-07,1.1987611442010355,0.12453850640466331,0.19081458462832876,1.1987611442010355
0.038683170452713966,0.5479180589318275,0.16807952523231506,0.24205525312572718,0.3631183337420225,0.7783852117136121,1.5090882378533405e-06,1.1936199429439838,0.12801895823823237,0.17409541187286937,1.1936199429439838
0.06152260769158602,0.417270733974874,0.8752581868320704,0.26394859701395035,0.36923929769545794,0.7639696355909109,2.0879484154924674e-06,1.184158196880448,0.13678585146221914,0.24959218538891215,1.184158196880448
0.016847414895892143,0.4869708474725485,0.3098438074812293,0.27765738870948553,0.3247242271900177,0.7745445650070906,3.4726419220071954e-06,1.1796926527323865,0.14939367786125526,0.20748867814567143,1.1796926527323865
0.16937907319515944,0.465160358697176,0.1470828391611576,0.19649336207658052,0.351311176083982,0.837702882476151,1.0282086575170267e-06,1.178450758729361,0.13907426630397177,0.21278731394704825,1.178450758729361
0.036180708557367325,0.49791272543370724,0.5776815293356776,0.22926320414990187,0.3698033271357417,0.8546538567170501,8.924110341268503e-07,1.1708289608159996,0.1364925435331688,0.24835738623896653,1.1708289608159996
0.11899921577423811,0.40870638377964497,0.33237812854349613,0.1806541346013546,0.3361859107390046,0.7282099993899465,1.4944257970647226e-06,1.1668139464206801,0.13639626019574436,0.21495658962515402,1.1668139464206801
0.13325759582221508,0.43010926339775324,0.2682330096140504,0.10730633325874805,0.37367223110049963,0.7527941539883614,6.442106643610832e-07,1.1599165119753219,0.11872408673099935,0.3320325376564046,1.1599165119753219
0.010449244640767574,0.4103915384039283,0.23687601648271084,0.2430163063108921,0.32440529577434063,0.8713621338829398,2.6607412624836488e-06,1.1580544837478919,0.14983808165139656,0.21625225864417952,1.1580544837478919
0.171759438700974,0.5162325594574213,0.6142972623929381,0.2071957951411605,0.35818073339760303,0.7968355854973197,9.477910455635293e-08,1.1578815227088728,0.12441402887914606,0.2091606259361925,1.1578815227088728
0.11708569154143333,0.42218296602368355,0.8030170602723956,0.190930032171309,0.3238049875944853,0.7800842085853219,1.1034799567301573e-06,1.1554231546528373,0.14344858405939967,0.2311905689736358,1.1554231546528373
0.11127609200775623,0.4965226287022233,0.6374249774962664,0.1589208049699664,0.41421970073133707,0.7764714201912284,1.5363579054245495e-08,1.1545858594993847,0.1097890861726581,0.28894467518889855,1.1545858594993847
0.27714356407523155,0.49668094888329506,0.27124343533068895,0.22545075416564941,0.3809974966570735,0.730443456210196,1.0795836215935054e-07,1.1523957097854844,0.10889991856756137,0.17682918660784874,1.1523957097854844
0.2032768428325653,0.44555631186813116,0.8304189527407289,0.23675494641065598,0.34386235382407904,0.8078878996893764,1.1449681353070424e-06,1.1480316637998242,0.14655174151142591,0.21450758092355615,1.1480316637998242
0.20577931217849255,0.5048306295648217,0.42364474572241306,0.23383068479597569,0.3529262561351061,0.8256743708625436,7.914716631888903e-07,1.1480074555586057,0.14234258034788597,0.19010426046397952,1.1480074555586057
0.12773918360471725,0.3805676670745015,0.5425757924094796,0.2140472400933504,0.3292360622435808,0.8267934815958142,1.340214158098991e-06,1.1479897846176026,0.1430630247088086,0.22480626511288893,1.1479897846176026
0.1673837723210454,0.39106049481779337,0.2933954419568181,0.16410263534635305,0.3789239004254341,0.839950549416244,1.271687685166905e-06,1.14768472565716,0.1317467509675086,0.25467693120961726,1.14768472565716
0.04212239198386669,0.34399470314383507,0.25399838015437126,0.28946724347770214,0.37767442781478167,0.7547928979620337,4.25225805850271e-06,1.1435872612651776,0.15113155494666805,0.21860361040305382,1.1435872612651776
0.05349141452461481,0.3700757399201393,0.3604853115975857,0.16979362722486258,0.3454124368727207,0.8479965478181839,1.3708806425348113e-06,1.1401602714220131,0.1282725194372854,0.25170439818332596,1.1401602714220131
0.05676037911325693,0.4575882535427809,0.21863427571952343,0.17032401636242867,0.2903590388596058,0.770136303268373,2.692641904550193e-06,1.13715704122183,0.14645815799871423,0.24508715095144973,1.13715704122183
0.084370918571949,0.49549325834959745,0.9779012491926551,0.16690004896372557,0.3582620806992054,0.74879399407655,2.1682988130181317e-07,1.1363932246928485,0.12311473465091913,0.29294691051552013,1.1363932246928485
0.2496050102636218,0.3924505915492773,0.4837542735040188,0.21919773425906897,0.3344733137637377,0.7931320173665881,7.725884651089239e-07,1.136318479201382,0.14850697750526748,0.1827724394087581,1.136318479201382
0.024813666008412838,0.4183196546509862,0.7242602920159698,0.2559335306286812,0.43449653685092926,0.7300664000213146,3.048026932667903e-06,1.13335692978216,0.14008987346490537,0.2671973142608832,1.13335692978216
0.13113828748464584,0.5052448939532042,0.36229492258280516,0.1631415504962206,0.43347568064928055,0.8098627114668489,4.5082362760390456e-07,1.1314100339351592,0.13557782756753478,0.24378881544620426,1.1314100339351592
0.25609919987618923,0.3529179058969021,0.07174900453537703,0.21362024638801813,0.3895600764080882,0.7694532591849566,5.709787351425449e-07,1.1306833854981715,0.14180317524881714,0.1950543805951287,1.1306833854981715
0.269421455450356,0.4086091360077262,0.7003292189911008,0.24669586773961782,0.36552474182099104,0.7747113360092044,1.0952042471157584e-06,1.1299195274794975,0.13837720149432411,0.20977461717713342,1.1299195274794975
4.3973326683044434e-05,0.5527480635792017,0.4472459824755788,0.24953721556812525,0.42688080947846174,0.7429563393816352,2.3833007744393684e-06,1.129901660507805,0.11834980228485353,0.20882100858697092,1.129901660507805
0.19642339926213026,0.41925778426229954,0.11792169231921434,0.21091644186526537,0.4534667572006583,0.8136262567713857,2.3440628609881695e-06,1.1283420812035232,0.1500253774375478,0.21088578066288322,1.1283420812035232
0.2230651769787073,0.4446230074390769,0.03181967604905367,0.25487585738301277,0.33418382331728935,0.8215890470892191,3.153649192605435e-06,1.1276328284671615,0.16173643295081097,0.22706785501843277,1.1276328284671615
0.1297344621270895,0.4468510299921036,0.8920126780867577,0.18170249462127686,0.42441557813435793,0.8236990673467517,7.588430349819887e-07,1.1275193913223454,0.14548082469962656,0.2591693222336608,1.1275193913223454
0.04659336991608143,0.437506714835763,0.36593983601778746,0.08989519160240889,0.33317979983985424,0.7884098682552576,4.186687412805091e-06,1.1270150799402108,0.12879039263460393,0.34918654612661,1.1270150799402108
0.1782339084893465,0.38552544731646776,0.3372381301596761,0.29467388801276684,0.3506258884444833,0.8092447482049465,1.1269407959389267e-06,1.124431994172259,0.15863768644418738,0.2233679034563152,1.124431994172259
0.17244673892855644,0.44424426555633545,0.22231977060437202,0.3247145228087902,0.37958056293427944,0.8061506766825914,1.6205073760756661e-06,1.1231390195569846,0.15533054393427687,0.2586017506167061,1.1231390195569846
0.15214143227785826,0.4695950672030449,0.2509835259988904,0.24875894840806723,0.4701219666749239,0.8015259755775332,2.2021012588733064e-06,1.120251109811064,0.14894019302381087,0.2132083872747267,1.120251109811064
0.06607704423367977,0.4366610385477543,0.06691772397607565,0.3018299238756299,0.3727825256064534,0.8562247976660728,3.854520077409466e-06,1.119698604462128,0.15780854193222513,0.27710890397411314,1.119698604462128
0.06621571816504002,0.56257045827806,0.06470344308763742,0.22761013451963663,0.4415998738259077,0.7558325277641416,6.850256271130944e-08,1.118424543399152,0.12048468711618404,0.23085614623933007,1.118424543399152
0.050906261429190636,0.4436086043715477,0.6854910543188453,0.2080961326137185,0.3071344969794154,0.7226528031751513,1.8708472595673024e-06,1.1137783345931132,0.1509216820408248,0.2533652946988733,1.1137783345931132
0.012344942428171635,0.4766749609261751,0.3207878014072776,0.1502926256507635,0.42142623011022806,0.8687264481559396,1.197242543697394e-06,1.110480804143477,0.14431147148538556,0.2857413991790034,1.110480804143477
0.08855167496949434,0.4631731817498803,0.8575409976765513,0.2661418616771698,0.4511655392125249,0.7721251752227545,2.059293607447264e-06,1.1092546123475893,0.14467214677982793,0.2570816845108859,1.1092546123475893
0.15807374007999897,0.5022433213889599,0.022562554106116295,0.1712243277579546,0.37214839924126863,0.7115027634426951,1.0482997008958305e-06,1.1076140864709685,0.12523859707877708,0.28907711363669375,1.1076140864709685
0.07379172928631306,0.3580024866387248,0.6776378909125924,0.14698810316622257,0.3496728278696537,0.7566568087786436,2.387061478701278e-06,1.1073567783764882,0.1509082780379043,0.2952807190487697,1.1073567783764882
0.1578699005767703,0.3615336138755083,0.3050471004098654,0.19776350818574429,0.2962577482685447,0.7900748495012522,1.217146416734566e-06,1.1052823654552721,0.16336012453149795,0.1677460652342496,1.1052823654552721
0.14753684680908918,0.3268838953226805,0.17164405342191458,0.24712229147553444,0.4155561048537493,0.8164236657321453,3.287343065853123e-06,1.1052574370188848,0.14582663810644259,0.18992951048249423,1.1052574370188848
0.08442823309451342,0.36345367785543203,0.6883453736081719,0.2687395242974162,0.37999909836798906,0.8499768087640405,2.501776541704247e-06,1.1048647385374488,0.14331776960110307,0.2431588872080934,1.1048647385374488
0.0805891789495945,0.3796141538769007,0.1786993546411395,0.2605217909440398,0.31014439184218645,0.7227298058569431,6.364091814361424e-06,1.1048461415474375,0.17147841504647005,0.19188148190621385,1.1048461415474375
0.210996569134295,0.39726414158940315,0.13547736499458551,0.22674043383449316,0.3910726448521018,0.697213233448565,7.202662383190469e-07,1.1043853134685029,0.14528281178240335,0.24438689127040053,1.1043853134685029
0.04767382051795721,0.3035505460575223,0.19903646875172853,0.20007864106446505,0.37698914390057325,0.8452606629580259,2.903329431251176e-06,1.1025358092884767,0.12045999083814418,0.2061489192407028,1.1025358092884767
0.12535142805427313,0.475208530202508,0.6975417146459222,0.11682488489896059,0.3894492080435157,0.7347747627645731,4.285472791018833e-08,1.1011532384158722,0.12036724961043005,0.344963651235102,1.1011532384158722
0.03069635108113289,0.35859889909625053,0.6160436868667603,0.2177575696259737,0.42634652368724346,0.8660897221416235,2.612479141570502e-06,1.0979824323178793,0.12655570808918368,0.24077265413943935,1.0979824323178793
0.24188528396189213,0.4523203643038869,0.554437804967165,0.24433936923742294,0.4129944909363985,0.7174014979973435,8.449299141139268e-07,1.0961023554114522,0.12373127992345534,0.23775972674356394,1.0961023554114522
0.19133455026894808,0.32723280880600214,0.10639155469834805,0.177194532006979,0.37012872844934464,0.800985861569643,1.3169232363128961e-06,1.094930697611047,0.1499071441454226,0.215936915011881,1.094930697611047
0.07356326468288898,0.462445929646492,0.5070000002160668,0.2096465528011322,0.39346560277044773,0.9115478359162807,1.3490924736289351e-06,1.0949146526806117,0.13895015840990238,0.2503187856048878,1.0949146526806117
0.07855354156345129,0.5240533342584968,0.08000137377530336,0.11942192539572716,0.33980763237923384,0.8006886150687933,2.7384138856007655e-06,1.093946712530771,0.1529235789735137,0.31335463196358765,1.093946712530771
0.17622870206832886,0.4308967450633645,0.9336158633232117,0.23107944428920746,0.46091832127422094,0.7848472921177745,7.306958255114803e-07,1.092499570774023,0.15830905452527252,0.242125458252906,1.092499570774023
0.19905293080955744,0.40494621358811855,0.6538745313882828,0.27235627453774214,0.34439502749592066,0.8419288415461779,1.3096637396733203e-06,1.0912190821156484,0.16254176554125824,0.24130637075711014,1.0912190821156484
0.1253587957471609,0.5717706112191081,0.19536698050796986,0.19354866445064545,0.3362872889265418,0.8052733158692718,1.0183725756738539e-06,1.0893845672698261,0.15711941702490817,0.1668704455752307,1.0893845672698261
0.1905863331630826,0.49220763333141804,0.21702717803418636,0.23960830830037594,0.3906059470027685,0.8979812022298574,2.230297967932402e-06,1.0891331353604112,0.15676993524867167,0.20882414107042752,1.0891331353604112
0.13564583007246256,0.4641114380210638,0.48777463380247355,0.1888979123905301,0.4075142312794924,0.6836786335334182,2.1269739726409818e-08,1.0859434144238667,0.12431446957465137,0.3010467100439463,1.0859434144238667
0.08617132436484098,0.5220018913969398,0.38822005689144135,0.2632820922881365,0.44191987812519073,0.8443473763763905,2.7584856696740344e-06,1.082474214115542,0.16097836472273788,0.21352228954512914,1.082474214115542
0.12243624962866306,0.38823575526475906,0.015111136250197887,0.11455411557108164,0.3477292684838176,0.830753069370985,2.3013580008609317e-06,1.0816163970520112,0.15363915452394367,0.34380525469951984,1.0816163970520112
0.20917078666388988,0.37902544625103474,0.7272124290466309,0.14386332966387272,0.3785698190331459,0.8111105086281896,1.087241160054067e-06,1.0813982224074667,0.15680312916114528,0.2912626382757968,1.0813982224074667
0.05557578336447477,0.4759896118193865,0.5573142496868968,0.3588543180376291,0.40003729797899723,0.7613343223929405,2.0781643202778145e-06,1.0806217135896445,0.146608174794181,0.295516188878089,1.0806217135896445
0.005975804291665554,0.458741856738925,0.6106559252366424,0.046054041013121605,0.37504183128476143,0.8026653341948986,3.962928862167419e-06,1.0802525245090409,0.1318302254470311,0.41236014295112483,1.0802525245090409
0.03654170781373978,0.5028486140072346,0.5715797813609242,0.3034811010584235,0.4405738562345505,0.7520319018512964,5.759428455378985e-06,1.0801929009612146,0.13500946534127808,0.27536503698850434,1.0801929009612146
0.0713539207354188,0.5440451065078378,0.3749520443379879,0.29912203550338745,0.379556342959404,0.7268443182110786,2.7841739574621736e-06,1.079698542489089,0.13678658428231746,0.22223409752707562,1.079698542489089
0.11267992481589317,0.5475991731509566,0.10857997927814722,0.18714354280382395,0.4075385071337223,0.8565681101754308,8.545559369174449e-07,1.0794413657696744,0.15377497487381123,0.20745894693342473,1.0794413657696744
0.20234735030680895,0.47015856858342886,0.4396488405764103,0.17848756816238165,0.3006712719798088,0.8173295585438609,1.1538110082133149e-06,1.079364538166355,0.16412134648492194,0.22266403798062517,1.079364538166355
0.0476089958101511,0.4312527561560273,0.47102109622210264,0.3644667686894536,0.35331457294523716,0.7433454189449549,2.822826032015258e-06,1.0786251369530613,0.16473427401322482,0.2835742437734088,1.0786251369530613
0.002481590025126934,0.36475198715925217,0.5038414150476456,0.3391711665317416,0.33555208798497915,0.7717948192730546,5.988700163619511e-06,1.078449362083852,0.17658644048608946,0.2668694475853465,1.078449362083852
0.08093391451984644,0.45744639728218317,0.6743062194436789,0.10091808252036572,0.33062165789306164,0.8182252235710621,2.7736816359182928e-06,1.0783204926904064,0.15068038953884075,0.3534119396921799,1.0783204926904064
0.034285033121705055,0.4238129211589694,0.9897175971418619,0.13670709822326899,0.39950186386704445,0.8583959126845002,8.596781642660898e-07,1.0776302984148627,0.1576093627899283,0.325044748076586,1.0776302984148627
0.26064990274608135,0.44435284473001957,0.4762962469831109,0.21194574423134327,0.4433936355635524,0.8468481199815869,1.294744329508222e-06,1.076963864358639,0.15914923736560918,0.2182107157048149,1.076963864358639
0.2714391378685832,0.48270690627396107,0.8670049123466015,0.15394157636910677,0.39644866064190865,0.7779268370941281,2.5739603807922605e-07,1.0758483777607244,0.13248582973276274,0.27643998808265685,1.0758483777607244
0.013870819471776485,0.5359525792300701,0.9178855083882809,0.1298556812107563,0.4130350388586521,0.7652895329520106,2.8256672656836245e-07,1.0753060111465522,0.13818843057461117,0.3172845945392872,1.0753060111465522
0.24371110368520021,0.46679031383246183,0.08367346692830324,0.1262601288035512,0.42698123026639223,0.7910155551508069,7.297135911976573e-07,1.0752940632542296,0.1524725751943268,0.3076673300769914,1.0752940632542296
0.022794261574745178,0.4360682172700763,0.1325246300548315,0.3724870206788182,0.421135894022882,0.7782860100269318,2.213997090661934e-06,1.0750823549165667,0.16833816517208586,0.2986653070231894,1.0750823549165667
0.021121473982930183,0.38813584204763174,0.5965794129297137,0.18403563182801008,0.28106210473924875,0.7538553467020392,5.945426705120034e-06,1.0747196255725948,0.1654192048765724,0.2508886425480618,1.0747196255725948
0.3069290891289711,0.4293661219999194,0.4480752581730485,0.14035178907215595,0.4095916235819459,0.7616763385012746,1.8334308941439317e-07,1.073820918846587,0.14312122419714587,0.28195766465803535,1.073820918846587
0.06383532658219337,0.38757234066724777,0.6580473724752665,0.23832723032683134,0.45047834794968367,0.8630507653579116,2.433839205957652e-06,1.0722552561358252,0.15593789526337384,0.24703149934032337,1.0722552561358252
0.3089468088001013,0.4956477638334036,0.10952384769916534,0.23293843865394592,0.31329825334250927,0.7638009516522288,2.0982322289385634e-06,1.0717820619275047,0.1597426325905798,0.16976742966593844,1.0717820619275047
0.2791617829352617,0.42258156184107065,0.1710965372622013,0.13270418532192707,0.3492375649511814,0.7325912928208709,1.21744932475956e-06,1.0709115791992052,0.1587014026972956,0.280768226247941,1.0709115791992052
3.657583147287369e-05,0.4002713290974498,0.9489629548043013,0.07626249268651009,0.34735217969864607,0.7970917392522097,5.518924979988425e-06,1.070274715182616,0.1559185983162673,0.3714714771787932,1.070274715182616
0.282874446362257,0.35785567574203014,0.293576268479228,0.2059507081285119,0.3204255532473326,0.7404290214180946,1.1175389284081232e-06,1.0701199336003793,0.16560996015689777,0.14960299356903167,1.0701199336003793
0.1520282095298171,0.5311734322458506,0.2575925840064883,0.2839161856099963,0.33685238752514124,0.8417892213910818,2.6782972783356786e-06,1.0689930648390078,0.1766134542466621,0.2066814036590585,1.0689930648390078
0.14168541878461838,0.3885110458359122,0.05927705764770508,0.2870064955204725,0.4081995151937008,0.7123496439307928,2.0494143445541994e-06,1.0668508372084138,0.15978370665207067,0.2574165826655878,1.0668508372084138
0.13326544221490622,0.5230016186833382,0.7665310595184565,0.2152742212638259,0.41425935830920935,0.6974377976730466,2.186874634526943e-08,1.0667384239271236,0.11519552522088627,0.2909243106945437,1.0667384239271236
0.04486498236656189,0.401808412745595,0.011866231448948383,0.2592641171067953,0.3964831717312336,0.9086937187239528,4.146337105012558e-06,1.0665518881097231,0.13897900103559185,0.24805776337533753,1.0665518881097231
0.40384339168667793,0.4528982937335968,0.4206829024478793,0.18586986046284437,0.3836861774325371,0.7953966250643134,3.1817040966972047e-07,1.0661920262442244,0.14767922655429375,0.23220961785817665,1.0661920262442244
0.04085395857691765,0.3317716717720032,0.970005408860743,0.2279851883649826,0.29912406485527754,0.7772742509841919,3.028103953486493e-06,1.0652006379792676,0.17919043175485622,0.20637761336538465,1.0652006379792676
0.02884072344750166,0.45654672011733055,0.4316653339192271,0.16230227425694466,0.4840339059010148,0.7356189014390111,1.3724615353599282e-07,1.0651747746596347,0.1469897570461451,0.2882349931175576,1.0651747746596347
0.14964785519987345,0.4562009312212467,0.9729649499058723,0.3121500099077821,0.32967815920710564,0.7927498258650303,2.1611872114431016e-06,1.0649780570081626,0.17243365075562087,0.25371994928504615,1.0649780570081626
0.18450704962015152,0.5318829184398055,0.4935886934399605,0.20617342833429575,0.37610096763819456,0.8781557027250528,1.1131120964319004e-06,1.0649433889011277,0.15978356743128752,0.20699047585256752,1.0649433889011277
0.26025557704269886,0.5548783019185066,0.4702062448486686,0.2549134623259306,0.37451376020908356,0.7598376348614693,1.0704867277445938e-06,1.064938924527883,0.11989966431891372,0.17275092812737258,1.064938924527883
0.3645250042900443,0.4693094762042165,0.19353748951107264,0.28447260055691004,0.3606990100815892,0.7799138613045216,9.387050077654368e-07,1.0648690001618522,0.15551727895500458,0.21905546384641686,1.0648690001618522
0.22556762769818306,0.511257098056376,0.6904445197433233,0.27527048252522945,0.3430661419406533,0.8119726404547691,1.2763916798776542e-06,1.0639909067307125,0.1578620071976675,0.21436223386055028,1.0639909067307125
0.03904416225850582,0.4513207171112299,0.1668491493910551,0.2928355308249593,0.44762123841792345,0.863463468849659,7.627120196082329e-06,1.0623619398471547,0.17154212971322338,0.25182816932159724,1.0623619398471547
0.04065417870879173,0.3868449395522475,0.1995080430060625,0.05976282153278589,0.4283129060640931,0.7836985178291798,2.40059344444819e-06,1.0616285680429454,0.15022288772409848,0.3757286274402025,1.0616285680429454
0.1252200696617365,0.42801031563431025,0.20194153115153313,0.2755807898938656,0.47053438052535057,0.8297399077564478,4.413286192533261e-06,1.0609297896900705,0.17117989892274266,0.23705814604643857,1.0609297896900705
0.1638606684282422,0.47027552872896194,0.921568688005209,0.12498109508305788,0.3205516505986452,0.77118019759655,1.7642252937244168e-06,1.0608325476708977,0.15791996170073383,0.3113128079164112,1.0608325476708977
0.17140975687652826,0.48404381424188614,0.6130900019779801,0.2579780323430896,0.46026080939918756,0.8191353846341372,1.5741890469893173e-06,1.060653403906776,0.1588305217475238,0.2391222760531687,1.060653403906776
0.08866483811289072,0.5366076258942485,0.8523891093209386,0.19973457977175713,0.3637319337576628,0.8746079904958606,1.3878905911174205e-06,1.0598857695427482,0.16778231898303467,0.23321471919826686,1.0598857695427482
0.021318422630429268,0.33096925914287567,0.3280314430594444,0.10176590271294117,0.4014454213902354,0.8072460098192096,2.7577911522704163e-06,1.0595702775329168,0.15107822675203936,0.3100894939935849,1.0595702775329168
0.012409824877977371,0.35090204887092113,0.09570296201854944,0.2814403157681227,0.3166823536157608,0.7199130849912763,9.932893174935978e-06,1.0587960528462297,0.18509433508013157,0.22044821051863878,1.0587960528462297
0.040661548264324665,0.5349205862730742,0.7012252518907189,0.13734092190861702,0.3437799895182252,0.7289448911324143,8.227159539053409e-07,1.0586008159230056,0.14572866737609777,0.3084024160021005,1.0586008159230056
0.30122470017522573,0.41159282345324755,0.9148131832480431,0.2390372371301055,0.4225823115557432,0.7466636458411813,5.868697572045984e-07,1.0562678944350405,0.147434658230123,0.22498803718910065,1.0562678944350405
0.044083540327847004,0.4093602569773793,0.3978593898937106,0.23487374559044838,0.38551929872483015,0.6500199185684323,1.7611584277531879e-06,1.0550877428528498,0.15476619385805127,0.33530645910137247,1.0550877428528498
0.23104350082576275,0.40809726249426603,0.5968942670151591,0.22583526466041803,0.4310545725747943,0.8758710902184248,1.0908143269597985e-06,1.0549241500288928,0.15653478907994106,0.23481133195860338,1.0549241500288928
0.03939546085894108,0.4670235048979521,0.11566290818154812,0.22153599746525288,0.5103903682902455,0.7428694413974881,4.86306817172904e-07,1.0547260078537493,0.15493990184354853,0.2606124922432767,1.0547260078537493
0.0757107250392437,0.28390840999782085,0.764730654656887,0.24192439764738083,0.380531775765121,0.7529458552598953,3.3859913600269376e-06,1.0546286717412556,0.16351981081773886,0.2306168713863623,1.0546286717412556
0.21689009573310614,0.4637937480583787,0.29715604335069656,0.13385653216391802,0.36309774965047836,0.6993692507967353,2.378927988790771e-07,1.0541396655685862,0.14833676110629562,0.3152876061182266,1.0541396655685862
0.3581134807318449,0.42776286974549294,0.25966883450746536,0.19509784318506718,0.3612649468705058,0.8708718167617917,8.071583782124693e-07,1.0541173228075609,0.1663492583988667,0.22554586328298376,1.0541173228075609
0.1742033939808607,0.48936524614691734,0.5068014347925782,0.13830226846039295,0.301026426255703,0.787575569935143,1.1682676694215243e-06,1.0535609748359034,0.1613874890968194,0.2791473442483445,1.0535609748359034
0.0741224242374301,0.5301588894799352,0.9010098287835717,0.2376247476786375,0.30112807266414165,0.7415018891915679,1.541769857007262e-06,1.0528255462896674,0.16584592673625473,0.21803929458422644,1.0528255462896674
0.31602084171026945,0.5343465087935328,0.3354036044329405,0.19605892803519964,0.3262133030220866,0.7759496560320258,6.624588865793417e-07,1.0521408925788183,0.15456438698085742,0.16277945659581838,1.0521408925788183
0.22878117859363556,0.33871341217309237,0.8545181695371866,0.19369431678205729,0.42006260342895985,0.7876460421830416,8.233108905441229e-07,1.0519473522526643,0.16597873126316226,0.20350575682631383,1.0519473522526643
0.19261937867850065,0.42592456843703985,0.34844744112342596,0.14491621032357216,0.35571950767189264,0.8929341658949852,8.006642315331664e-07,1.0504190740256611,0.16135675116968437,0.27694611073622943,1.0504190740256611
0.17176683619618416,0.4369980124756694,0.11650275066494942,0.09934348054230213,0.43001786060631275,0.7256047744303942,3.3899776521595983e-07,1.050245123859562,0.14754455875615885,0.3392288064206284,1.050245123859562
0.06810999661684036,0.48732287529855967,0.4984938632696867,0.3322064345702529,0.40429709292948246,0.8526116367429495,4.099775541056058e-06,1.0495163464999693,0.17381636903426012,0.27224197308193765,1.0495163464999693
0.01925584301352501,0.43879576958715916,0.9610235411673784,0.21611352358013391,0.4965363126248121,0.7560102948918939,9.292454918917706e-07,1.0491864042082921,0.17197744075813998,0.2825242162330247,1.0491864042082921
0.4019700977951288,0.37880046386271715,0.019730674102902412,0.21818399522453547,0.35485736932605505,0.7926378855481744,1.3408093440120373e-06,1.0480191750408359,0.16521598102457055,0.23628331106082184,1.0480191750408359
0.024465316906571388,0.49663821421563625,0.2198710385710001,0.10498941037803888,0.45698808412998915,0.8226055465638638,2.111379047213392e-06,1.04785396962304,0.16443129555250036,0.3333681483004521,1.04785396962304
0.19655051734298468,0.5804729983210564,0.12307733576744795,0.26169675681740046,0.3533397428691387,0.7891615927219391,1.8308992860074419e-06,1.0474457747824448,0.16056098899065968,0.16733495120667766,1.0474457747824448
0.16385279223322868,0.5765867838636041,0.4198364606127143,0.20157773792743683,0.4049635697156191,0.7160686524584889,1.0888809333997247e-07,1.0466251390517267,0.1214179159074331,0.20360761653379095,1.0466251390517267
0.16355732548981905,0.38381316885352135,0.04724424984306097,0.23005708865821362,0.3047963734716177,0.8900207187980413,1.1822588707109126e-06,1.0460587022007086,0.17495392443441574,0.21640901227092124,1.0460587022007086
0.10026806127279997,0.4639606038108468,0.4381765518337488,0.3923601973801851,0.34829427022486925,0.8045215876773,1.5518375546169421e-06,1.0456766646114979,0.17686736417366994,0.2832960192300328,1.0456766646114979
0.026975628919899464,0.4058844605460763,0.0009355936199426651,0.19438782893121243,0.2618261706084013,0.7388425348326564,1.1111052312247291e-05,1.0449798567076447,0.17763421477816138,0.24426967994977533,1.0449798567076447
0.3668888481333852,0.45645701978355646,0.5346662811934948,0.22101646568626165,0.4391310987994075,0.7516025407239795,8.881201151294603e-08,1.04427900696682,0.1379659327462524,0.23130294859956296,1.04427900696682
0.004449912346899509,0.5244668573141098,0.14340776577591896,0.04903564229607582,0.3842240059748292,0.8162480127066374,2.3200017791395042e-06,1.044053830632372,0.15058098673701414,0.3857313625806136,1.044053830632372
0.10555281955748796,0.47536246199160814,0.7436601389199495,0.2881177980452776,0.3233944773674011,0.8707658350467682,4.226269091484586e-06,1.0433957325675625,0.18597079469174413,0.2449887591407676,1.0433957325675625
0.11709353793412447,0.5309585304930806,0.3008277788758278,0.11139785870909691,0.40333552472293377,0.7092256508767605,2.0254887958459843e-07,1.0407375973927535,0.13191184900256156,0.3222049803172076,1.0407375973927535
0.34770964179188013,0.5353746870532632,0.049392121843993664,0.18808105494827032,0.383787764236331,0.7493057744577527,6.68729458614146e-07,1.0406393124737088,0.1382117939355932,0.2152307200298956,1.0406393124737088
0.1390523612499237,0.4885798506438732,0.1644003987312317,0.012568429112434387,0.4034169241786003,0.7568714525550604,2.8649718313882537e-06,1.0402953615253288,0.1521648916089253,0.3945251163487662,1.0402953615253288
0.323914828710258,0.4553035357967019,0.13849613536149263,0.09675411600619555,0.35248761158436537,0.7820716202259064,1.9010442066897651e-06,1.039968426255587,0.16302027873152117,0.3333203593762091,1.039968426255587
0.28875654097646475,0.41906273271888494,0.4374354565516114,0.25981178414076567,0.3128858357667923,0.8547581601887941,1.651858195505366e-06,1.0393237700580467,0.17950773830514932,0.20126359531996948,1.0393237700580467
0.15543500240892172,0.40529824141412973,0.5924218306317925,0.34238928090780973,0.4240021063014865,0.7949969116598368,1.9431623910045332e-06,1.03909836664658,0.1721300793073139,0.2707754488755723,1.03909836664658
0.2582695335149765,0.5115121193230152,0.7540760207921267,0.19149354100227356,0.4525758158415556,0.7705965852364898,1.993939246678828e-07,1.0389848041129859,0.1392400904353342,0.22564926802432647,1.0389848041129859
0.049041129648685455,0.3851376073434949,0.7568450774997473,0.17593449633568525,0.46214214339852333,0.7247702972963452,9.264157630496023e-07,1.03868720860371,0.16278534788489307,0.28055324540800325,1.03868720860371
0.07545174285769463,0.3961629243567586,0.9353951588273048,0.17927022464573383,0.3606647374108434,0.9069594759494066,8.302056828329106e-07,1.0385029423714625,0.1564785245435387,0.26476316846599557,1.0385029423714625
0.1738505531102419,0.5099268537014723,0.5001888042315841,0.32970945350825787,0.388459081761539,0.8274114429950714,1.7938497220274841e-06,1.0383553956723317,0.16666432223876332,0.2570459586874223,1.0383553956723317
0.05274319741874933,0.4510745359584689,0.4413403384387493,0.2323912950232625,0.39579694904386997,0.945209326222539,1.8768743685559564e-06,1.0371728748095768,0.14900940412043132,0.26428489577140074,1.0371728748095768
0.2306144218891859,0.4467068752273917,0.49703681468963623,0.11248115636408329,0.4465499809011817,0.775594912469387,3.581597322233104e-07,1.0370798219409965,0.15784159345365023,0.31786486322597585,1.0370798219409965
0.19139185547828674,0.43784226197749376,0.31781967729330063,0.2623513825237751,0.39136213157325983,0.6685415953397751,8.802951314731647e-07,1.0353131425455233,0.1545299207090904,0.2865410904682095,1.0353131425455233
0.17218692228198051,0.36128475051373243,0.07950777187943459,0.2623612340539694,0.3596525713801384,0.901131883263588,2.37005071125341e-06,1.0349136072746759,0.14998005840171116,0.21289399423928973,1.0349136072746759
0.20587326772511005,0.4958657054230571,0.42874299362301826,0.3002358879894018,0.4540326902642846,0.7854130677878857,1.3574196572621653e-06,1.0348295288002312,0.15363182341006162,0.22758583248195655,1.0348295288002312
0.03624534700065851,0.3618906084448099,0.8496430339291692,0.3311322582885623,0.3920269552618265,0.7378307757899165,5.116048019967424e-06,1.0346466819301758,0.17909647864169068,0.2781043390058676,1.0346466819301758
0.03076104912906885,0.469219833612442,0.8431063573807478,0.3507556263357401,0.34310180600732565,0.7326800990849733,3.646989418176984e-06,1.0343946453375077,0.17533774310970268,0.2893881228326146,1.0343946453375077
0.1444104490801692,0.5173842255026102,0.2144936304539442,0.08341412711888552,0.4449461717158556,0.7641861476004124,4.07961906763102e-07,1.0341909424094953,0.14552133361742164,0.34336024290503814,1.0341909424094953
0.06613441091030836,0.29728586226701736,0.35646619740873575,0.13747137505561113,0.39694418385624886,0.7386693023145199,3.271045248783961e-06,1.0340285615839004,0.16362060913498713,0.26105985668600395,1.0340285615839004
0.31944998633116484,0.40993818640708923,0.5137387402355671,0.1766435643658042,0.4109213734045625,0.8530153958126903,1.1469014470705674e-06,1.033788746330863,0.16197992782560441,0.24312688114589906,1.033788746330863
0.2992064440622926,0.4778757095336914,0.5177915254607797,0.14645824301987886,0.3310693437233567,0.7434094389900565,7.825666717474793e-07,1.0333926887498368,0.1526660527761477,0.27030460905193665,1.0333926887498368
0.10793316643685102,0.5410492597147822,0.025469751097261906,0.30672821402549744,0.31481599528342485,0.7632499951869249,4.371158201703524e-06,1.032606638980937,0.17722897036062782,0.22484543925771142,1.032606638980937
0.06821105256676674,0.5119120879098773,0.49286898970603943,0.1329867048189044,0.2886065924540162,0.7501745475456119,1.6447859371083017e-06,1.0325762614013612,0.16285480411248,0.2853423666993093,1.0325762614013612
0.1595424795523286,0.3142626266926527,0.9658793760463595,0.2613389268517494,0.40593983326107264,0.8027830766513944,2.0836291658202486e-06,1.0325370706775845,0.17210327822794888,0.21207279089674314,1.0325370706775845
0.18888944201171398,0.5122833726927638,0.9129798514768481,0.26731674931943417,0.40012287721037865,0.7135516572743654,8.083660425342501e-07,1.031854933803843,0.12875946056607498,0.2536977674484648,1.031854933803843
0.16166754718869925,0.43260765075683594,0.7081983704119921,0.2915458530187607,0.38371293991804123,0.8910072231665254,1.6438614246793785e-06,1.0318499111042356,0.16989912520445485,0.25176012789279445,1.0318499111042356
0.10549556463956833,0.35306853149086237,0.9531303457915783,0.1551512274891138,0.4071267629042268,0.7217159606516361,2.499449004953572e-06,1.0311289456742563,0.17194576170801465,0.2861465133800909,1.0311289456742563
0.14747202955186367,0.4394111651927233,0.3811038816347718,0.31723804399371147,0.31471897196024656,0.7154811695218086,2.257718393033885e-06,1.0293728833748474,0.17597409620718757,0.23521241851184332,1.0293728833748474
0.007946805097162724,0.6024783561006188,0.5166972475126386,0.2243953999131918,0.3176577864214778,0.7602433087304235,1.6010823396919887e-06,1.0290165608938415,0.16219425840670534,0.19564510305204597,1.0290165608938415
0.36261405143886805,0.41864965856075287,0.3719388470053673,0.3148947088047862,0.39343895949423313,0.776811758056283,7.450579021123752e-07,1.028127093619637,0.16386241145589167,0.2426635977152299,1.028127093619637
0.034220038913190365,0.3112321710214019,0.7158047296106815,0.29899356607347727,0.3621415914967656,0.740588647313416,5.974726833652419e-06,1.0273998498458428,0.18021740416285656,0.2428695579324166,1.0273998498458428
0.2578182155266404,0.3707889560610056,0.5423904377967119,0.15796292200684547,0.40354252234101295,0.7231828402727842,8.092185996800521e-07,1.0271567412041653,0.16238056985811816,0.260119752837057,1.0271567412041653
0.1690294137224555,0.5345633830875158,0.14097369648516178,0.27071298006922007,0.46700453385710716,0.7977907508611679,1.833632910194025e-06,1.0269210336376426,0.1623442816638443,0.205073337368562,1.0269210336376426
0.09855487290769815,0.3754046792164445,0.1818203516304493,0.19210498686879873,0.4106063013896346,0.9238317050039768,2.055962879107644e-06,1.0267731326015643,0.12087662415410826,0.2175265180810466,1.0267731326015643
0.10828290786594152,0.4582471111789346,0.028149439953267574,0.22469593212008476,0.49593898467719555,0.8483264436945319,2.6668311683564272e-06,1.026633706888162,0.17648809465110615,0.2691275575180458,1.026633706888162
0.1819264581426978,0.41790642496198416,0.46687781903892756,0.14830916095525026,0.4415604844689369,0.7078190883621573,2.1418052143280878e-07,1.0262737505579407,0.15540390560313053,0.2950781377421067,1.0262737505579407
0.12039563432335854,0.43913832772523165,0.4272859636694193,0.019968624226748943,0.3824829049408436,0.8353494573384523,3.6929953168643696e-06,1.0254330321717386,0.1628714782296482,0.3983945704975094,1.0254330321717386
0.06961488164961338,0.4384730653837323,0.7765048025175929,0.1457024598494172,0.295839536935091,0.8653207356110215,2.0635306049467324e-06,1.0253123378325295,0.18180054548993765,0.2996331681753515,1.0253123378325295
0.05133941676467657,0.501143460161984,0.7817079713568091,0.2352651348337531,0.40253914054483175,0.9237044751644135,2.981210071526523e-06,1.0245695364434466,0.16659349358398665,0.26406111541428817,1.0245695364434466
0.13685804791748524,0.4211280085146427,0.4558365922421217,0.3375827269628644,0.3415981698781252,0.8777971109375358,2.5488384394265093e-06,1.0244557646640051,0.18308327502862579,0.2633574770498092,1.0244557646640051
0.08253440167754889,0.3201556606218219,0.03666931018233299,0.20525596756488085,0.30266943853348494,0.868553040549159,1.7943229692641552e-06,1.023717960110706,0.16648771141973284,0.20794741982624582,1.023717960110706
0.29647241812199354,0.37171509116888046,0.8267200877889991,0.16563013568520546,0.3396576130762696,0.7512913085520267,1.215176407030044e-06,1.02337278750126,0.17208454150612035,0.24731452123709288,1.02337278750126
0.08551482018083334,0.5064535988494754,0.3292364105582237,0.1920111896470189,0.5043653249740601,0.7304748529568315,1.8723779250389449e-07,1.022928181500911,0.15017699397344703,0.24684751430746693,1.022928181500911
0.1580658657476306,0.41961381305009127,0.5208608405664563,0.030044562183320522,0.4174959110096097,0.7660120259970427,2.842530156711462e-06,1.0225205123872534,0.1558719527283144,0.39346242272329524,1.0225205123872534
0.20779184624552727,0.4295842479914427,0.01365422923117876,0.33037570491433144,0.30013774894177914,0.7828002739697695,3.7070953645167966e-06,1.0222277109166027,0.18868403640867076,0.2505581728744875,1.0222277109166027
0.227242024615407,0.3527083629742265,0.3890073364600539,0.2571149980649352,0.280107107013464,0.806186837144196,1.5760842052813083e-06,1.0216229551173777,0.18083179556239873,0.16461001803002084,1.0216229551173777
0.0079389289021492,0.4444092884659767,0.018917998299002647,0.08236131351441145,0.3943801103159785,0.6899886429309845,1.8567330359063191e-06,1.0210138003468145,0.14371601782549337,0.4069379196699263,1.0210138003468145
0.2578752301633358,0.48925684951245785,0.7528497539460659,0.27352387830615044,0.3661822499707341,0.8712520990520716,2.0179692012003732e-06,1.020848263620137,0.17520940065116036,0.2272858066731681,1.020848263620137
0.10590253863483667,0.5253410479053855,0.749288585036993,0.24514813534915447,0.4869980541989207,0.7681457670405507,1.7316222259707164e-06,1.0207297093559315,0.155709200616324,0.2508958140312563,1.0207297093559315
0.03312734514474869,0.3769829636439681,0.2657841509208083,0.3231281181797385,0.2909222487360239,0.8613088633865118,3.4286630643965895e-06,1.0201519122957008,0.19198721428381735,0.24159111116873086,1.0201519122957008
0.18395230267196894,0.47637748159468174,0.09853363782167435,0.24109388049691916,0.28864604141563177,0.7042071977630258,3.6995506991615136e-06,1.0192619726455738,0.1766963183808743,0.223381043570353,1.0192619726455738
0.21581599861383438,0.34994805697351694,0.7466888232156634,0.2361790193244815,0.29002903308719397,0.8237356878817081,1.2220039868143916e-06,1.019154082996551,0.18064817115308265,0.19607074477868125,1.019154082996551
0.04414823651313782,0.2933385828509927,0.18644378054887056,0.3216135911643505,0.3447557780891657,0.7512106010690331,5.767013077403821e-06,1.0189403539626114,0.18478472803255627,0.22572903905202818,1.0189403539626114
0.01675337739288807,0.5132983662188053,0.308106348849833,0.18781449180096388,0.48930716793984175,0.8594854203984141,1.649706474765597e-06,1.0172615723383105,0.1795112177444074,0.24122835987027857,1.0172615723383105
0.3308754311874509,0.4760754397138953,0.4099479131400585,0.29208068642765284,0.42937612533569336,0.7455795686691999,7.602436685231946e-07,1.0159506730712082,0.14021506190316566,0.21516315441446396,1.0159506730712082
0.18626140616834164,0.33933652378618717,0.9142620963975787,0.13882479164749384,0.37170565873384476,0.8347076866775751,1.2906886465722193e-06,1.0148025219498862,0.17328241717099835,0.2891903681547263,1.0148025219498862
0.32728710677474737,0.3617971008643508,0.24945506639778614,0.2729068845510483,0.43689922988414764,0.7533412771299481,7.809220667021383e-07,1.0144340453335816,0.1687326806443043,0.19815680088202636,1.0144340453335816
0.04231478925794363,0.5158459115773439,0.04234602674841881,0.325919920578599,0.4540686225518584,0.7397046443074942,4.984912488263638e-06,1.0142058414605075,0.15318225878757485,0.28238591768992466,1.0142058414605075
0.07136179506778717,0.3779030665755272,0.8727618148550391,0.37877038586884737,0.33029983937740326,0.7819546805694699,3.283088979165686e-06,1.0133608441007373,0.19098185216645608,0.27469374516352163,1.0133608441007373
0.15947754308581352,0.45166649110615253,0.7388156400993466,0.17411711812019348,0.36369531601667404,0.6705905804410577,3.3269586310635243e-07,1.0132337646629064,0.1578580072582723,0.32548482064477463,1.0132337646629064
0.15396601427346468,0.36270024068653584,0.8974004527553916,0.07398660853505135,0.38088665809482336,0.7582782963290811,3.4415103991265934e-06,1.0131689486859263,0.16721207324678222,0.35373232211985195,1.0131689486859263
0.18619634490460157,0.4572322126477957,0.6266755955293775,0.3046864653006196,0.3978360006585717,0.7012866269797087,1.1920744978179714e-06,1.0131076846818532,0.15031438236947237,0.28254014819151185,1.0131076846818532
0.24345116782933474,0.35442016273736954,0.22596657741814852,0.18885730858892202,0.31421885918825865,0.8850182658061385,1.0320319326124415e-06,1.0131055780655236,0.17427738204347398,0.1953255737071002,1.0131055780655236
0.11433006636798382,0.378583587706089,0.4561582412570715,0.25255494471639395,0.4954949766397476,0.7517538201063871,2.8333883954218235e-06,1.0129397275338865,0.17876826737711046,0.22196931347754847,1.0129397275338865
0.09783824626356363,0.3041736576706171,0.008677158504724503,0.12951162178069353,0.32866665069013834,0.7673232760280371,3.7696702698501366e-06,1.0123270087310854,0.1785546063332835,0.2908368764044186,1.0123270087310854
0.21683266200125217,0.3336299853399396,0.02518751285970211,0.2976303594186902,0.3984904149547219,0.8325385404750705,2.691638154303367e-06,1.011537936926569,0.1686774007916764,0.2500377683407586,1.011537936926569
0.024821540340781212,0.5036346949636936,0.22644932940602303,0.42920730728656054,0.35399194061756134,0.7845758805051446,1.881408331768614e-06,1.0114840614911755,0.17946624670460917,0.293537919794882,1.0114840614911755
0.09600101225078106,0.5108655476942658,0.15364631731063128,0.12545133661478758,0.470203522592783,0.7245685020461679,2.0975975457811767e-07,1.011086065369197,0.14831612022158158,0.3145433579704031,1.011086065369197
0.06951381824910641,0.5622920906171203,0.779188540764153,0.32148457039147615,0.39792247768491507,0.7804275192320347,3.374198446748868e-06,1.010940934374563,0.1565515974639692,0.2436564916567861,1.010940934374563
0.10351982992142439,0.41689199209213257,0.8158615184947848,0.3185703903436661,0.41466262098401785,0.8735322635620832,3.6549506531422323e-06,1.0105076847444634,0.17685969989124672,0.2690374888298287,1.0105076847444634
0.25015946477651596,0.2863906780257821,0.4878374729305506,0.18310664873570204,0.3567597158253193,0.7717236541211605,7.908348901054884e-07,1.010058499361504,0.16839969643697,0.21104629913731704,1.010058499361504
0.2024673530831933,0.5295689897611737,0.44233996607363224,0.3542679427191615,0.38517513405531645,0.7947265785187483,1.005260353812169e-06,1.0099283097888765,0.16254506912089595,0.24149226131815885,1.0099283097888765
0.027323968708515167,0.4525963608175516,0.5043520992621779,0.4166133841499686,0.3466956438496709,0.833361598663032,2.782082019224355e-06,1.0099173478606678,0.18974071960919495,0.3068595286362955,1.0099173478606678
0.046586002223193645,0.6092641083523631,0.8642531409859657,0.23204067908227444,0.378652123734355,0.7340304916724563,3.949668679218579e-07,1.0097578173514998,0.14417260140411084,0.24608848719484736,1.0097578173514998
0.14407318737357855,0.48338034003973007,0.2162007838487625,0.3841963643208146,0.3731366703286767,0.8512881929054856,1.824369780401227e-06,1.0091991265667388,0.18782439924416724,0.2804245348621592,1.0091991265667388
0.13757562823593616,0.27361857052892447,0.3437934648245573,0.27492839004844427,0.4152371697127819,0.7825965853407979,2.7113158615976796e-06,1.0088042685346523,0.17300643838805144,0.20646811155864803,1.0088042685346523
0.4259098479524255,0.46291059628129005,0.6652234857901931,0.2006268110126257,0.3415637779980898,0.8093471461907029,8.585051657518316e-07,1.0080464736426828,0.1667649498018314,0.2431718065795752,1.0080464736426828
0.032759133726358414,0.6222599791362882,0.2723930263891816,0.1473479000851512,0.3910521203652024,0.7741859657689929,2.1147999535058066e-07,1.007598759641648,0.1433714230885091,0.25279206256684517,1.007598759641648
0.20099862851202488,0.3415728872641921,0.5145306056365371,0.20121847931295633,0.35236193146556616,0.6907507106661797,2.6687655679497496e-06,1.0069699890929618,0.17462453026796376,0.23792626261001365,1.0069699890929618
0.055234513245522976,0.523802638053894,0.5590481283143163,0.1752616073936224,0.28141430858522654,0.8463363396003842,2.9551115448418002e-06,1.0067756626056343,0.18499432167873928,0.2524785704301431,1.0067756626056343
0.2393907131627202,0.4179822001606226,0.7094043232500553,0.08470100071281195,0.36816598381847143,0.8440714981406927,1.552979236893491e-06,1.006110120903213,0.17060559259532365,0.35555548343879234,1.006110120903213
0.1541667776182294,0.4189350800588727,0.1835438571870327,0.1557831959798932,0.25279656518250704,0.7979356991127133,5.253259001490076e-06,1.0056944284378364,0.1839471319553598,0.24764434970758553,1.0056944284378364
0.09666637238115072,0.44950394704937935,0.25083979684859514,0.16165209282189608,0.32012663781642914,0.9295264426618814,2.755345395238837e-06,1.0055447295855122,0.1776810376911383,0.2744422995766105,1.0055447295855122
0.17000511474907398,0.4818347189575434,0.2006530612707138,0.18195507023483515,0.5042837765067816,0.8097835956141353,2.734636157034231e-06,1.004725032775215,0.1780581942384078,0.2277474746481823,1.004725032775215
0.10250337515026331,0.3995301388204098,0.4122316297143698,0.13199513964354992,0.2738564098253846,0.8451942214742303,2.8873684744238856e-06,1.0044463889326238,0.18477254076327682,0.2866499669181609,1.0044463889326238
0.09599315281957388,0.4109019339084625,0.655347315594554,0.04873369447886944,0.30461687222123146,0.7939608655869961,8.49437535766105e-06,1.003882094238456,0.1726998213009212,0.3692036960903368,1.003882094238456
0.12481660023331642,0.5637210514396429,0.7313842475414276,0.1018791301175952,0.3568567018955946,0.7856885921210051,1.2887732784774673e-06,1.003744790319558,0.15632445385585256,0.3061972527574794,1.003744790319558
0.44674606807529926,0.45156924333423376,0.3573832903057337,0.2404000861570239,0.3382627237588167,0.8420915668830276,1.8983107208882341e-06,1.003483441906281,0.17959885078886426,0.2311467970201889,1.003483441906281
0.13496243581175804,0.47179020289331675,0.1017681872472167,0.3052378064021468,0.4359791921451688,0.8818665901198983,3.7834128709561032e-06,1.0033594745643524,0.18006421520467242,0.24909910054218865,1.0033594745643524
0.23938285186886787,0.5037867156788707,0.20718476828187704,0.22574886120855808,0.4214514037594199,0.6646923674270511,1.0329495526072964e-07,1.0032889139698637,0.1334726989131026,0.30603645628350906,1.0032889139698637
0.09800369385629892,0.4774310113862157,0.7869888162240386,0.07894977554678917,0.4573660073801875,0.7898603100329638,1.1267874261733615e-06,1.0030060703038908,0.16553050351121698,0.36191002257380606,1.0030060703038908
0.0510460464283824,0.3970492361113429,0.18109511025249958,0.43019890040159225,0.33359314501285553,0.8146382225677371,2.9198349762259086e-06,1.0026946160423533,0.18871216935965285,0.3041244557339821,1.0026946160423533
0.08865697681903839,0.3853734228760004,0.35412062518298626,0.12215552572160959,0.4090817105025053,0.6791091915220022,2.201663876992158e-06,1.0025745415154521,0.16819545453317988,0.33483002791445426,1.0025745415154521
0.1296694604679942,0.3192023001611233,0.680575018748641,0.25369102507829666,0.33726414665579796,0.7068645497784019,5.061992944324537e-06,1.0024829413325174,0.18294508426585498,0.225948919543063,1.0024829413325174
0.012464907951653004,0.5226252228021622,0.32688549254089594,0.31826033629477024,0.27149262465536594,0.766287487000227,7.699612907570415e-06,1.0023443053947891,0.19000542788830826,0.20546561037209832,1.0023443053947891
0.18034500628709793,0.27281138952821493,0.5183388311415911,0.23348661046475172,0.40537580754607916,0.8314539678394794,2.2666518237921872e-06,1.0016465364496483,0.15886429660067958,0.2317411270152467,1.0016465364496483
0.04409095272421837,0.5124987550079823,0.895684652030468,0.06355214212089777,0.34017142932862043,0.8295270279049873,3.083983844247353e-06,1.001036581418717,0.17201092004603835,0.36781294883626664,1.001036581418717
0.09055462013930082,0.39689166471362114,0.7079315576702356,0.36105521209537983,0.2951847855001688,0.7689926102757454,3.912075467666414e-06,1.0006378975795296,0.19027580991244214,0.2534508165271877,1.0006378975795296
0.17578859627246857,0.3502430822700262,0.14162831287831068,0.05556707177311182,0.33117968309670687,0.7761348402127624,6.180239848503382e-06,1.0006103303148972,0.17827106551742997,0.35068513911030674,1.0006103303148972
0.2008214769884944,0.5446644509211183,0.7828597342595458,0.16783091146498919,0.3072351263836026,0.7995964298024774,1.0647629948650605e-06,1.0002679840963296,0.17315092505598315,0.21618024572004294,1.0002679840963296
0.3135183798149228,0.4842758299782872,0.9266462298110127,0.20885097701102495,0.3197715263813734,0.8561169179156423,2.2669202316839288e-06,1.000220404257069,0.18609650538559108,0.21841315124950653,1.000220404257069
0.019349858164787292,0.5609351322054863,0.9675942175090313,0.251268801279366,0.3183458121493459,0.8584951125085354,5.828684338426898e-06,1.0001950643997806,0.19964909476042192,0.21987443742076393,1.0001950643997806
0.16597996931523085,0.5905745392665267,0.9530999641865492,0.17683472204953432,0.38816957641392946,0.79114003572613,3.187552114197183e-07,1.00017821723485,0.15035169945559407,0.21656021008726875,1.00017821723485
0.0386910168454051,0.4052210161462426,0.6702695218846202,0.06865017488598824,0.4113969635218382,0.7088636383414268,2.5798412297031926e-06,0.9999821303711737,0.1555143274625969,0.3879134781373229,0.9999821303711737
0.13571053370833397,0.33209087885916233,0.21383804734796286,0.36789644975215197,0.32278948556631804,0.7858496932312846,2.1672056455561295e-06,0.9999327909197518,0.18881878745269629,0.24051080024479388,0.9999327909197518
0.12229256238788366,0.4661594955250621,0.5116917174309492,0.2742787003517151,0.26078465580940247,0.7377908788621426,3.516118111979834e-06,0.9999042915357761,0.1812558777446347,0.21117861013195705,0.9999042915357761
0.2546744532883167,0.33847281336784363,0.6681277435272932,0.276983960531652,0.31063973624259233,0.7626273008063436,9.762209743325565e-07,0.9998553275320908,0.1785167537503603,0.1947832517721724,0.9998553275320908
0.13114565704017878,0.41673955973237753,0.8600896671414375,0.02209464367479086,0.3568781688809395,0.7399825491011143,7.454043498296333e-06,0.9996287478362997,0.17381682880525903,0.3893631989278372,0.9996287478362997
0.25613568630069494,0.5245151985436678,0.3498400030657649,0.1869227634742856,0.46546409372240305,0.7211561454460025,1.80176913828828e-07,0.9990790288962379,0.1402382663387643,0.21656729395726773,0.9990790288962379
0.11894178949296474,0.2947246413677931,0.12290005758404732,0.2511397786438465,0.42530494928359985,0.860398911871016,4.82506651392781e-06,0.9990435932798502,0.1485461574875516,0.20490054911109004,0.9990435932798502
0.013925885781645775,0.3326761145144701,0.6295730285346508,0.21990598738193512,0.48898650519549847,0.7482500169426203,2.802667911617194e-06,0.9989582577311589,0.1810144317890407,0.2522275367139361,0.9989582577311589
0.21972369216382504,0.3506265813484788,0.0802826602011919,0.10995972994714975,0.3766032597050071,0.8544393321499228,1.785005356134076e-06,0.9986297660491994,0.16242298246427794,0.31516745163867727,0.9986297660491994
0.37051637936383486,0.372125050984323,0.8884168993681669,0.22060075029730797,0.38407790940254927,0.8607318662106991,6.173809032377999e-07,0.998420174538831,0.17136807771382132,0.24128884970639516,0.998420174538831
0.22520657628774643,0.48895480018109083,0.6931320652365685,0.19324027933180332,0.4753600526601076,0.8342705713585019,1.2955939075918435e-06,0.9983266828564665,0.1775218615650515,0.2389494724930167,0.9983266828564665
0.26263757050037384,0.3858822649344802,0.09109897166490555,0.17989833652973175,0.2868128754198551,0.850559483282268,1.5947628404737962e-06,0.9980093368244254,0.18833677769931892,0.22214782549861165,0.9980093368244254
0.2509075626730919,0.39288616366684437,0.3137440327554941,0.24576505366712809,0.40006417967379093,0.9272593390196562,1.8697319198772501e-06,0.9974840988359762,0.1551553769934355,0.21352238171013257,0.9974840988359762
0.19333707820624113,0.2531386725604534,0.4589951178058982,0.20732666365802288,0.3991460194811225,0.7987082693725824,1.4587302449883432e-06,0.9973482890076998,0.16462015640076758,0.21826215734892876,0.9973482890076998
0.35224654246121645,0.3646546648815274,0.40096649434417486,0.280453160405159,0.3687437744811177,0.7252938440069556,8.235796158486183e-07,0.9973085516233285,0.16924035999676118,0.1996922494814224,0.9973085516233285
0.18889681156724691,0.40963434614241123,0.4107745960354805,0.40641053300350904,0.32730763778090477,0.7679293742403388,1.2589200361172825e-06,0.9972117828367542,0.18068692497733901,0.2613481832906672,0.9972117828367542
0.16381726134568453,0.3106271168217063,0.12761492934077978,0.16771529987454414,0.45009060949087143,0.7938092686235905,3.516655266384627e-06,0.9969724401058747,0.17235488226758863,0.21398375866026548,0.9969724401058747
0.33884311094880104,0.4311058707535267,0.6202800013124943,0.2981813605874777,0.3200923651456833,0.759573083370924,8.904124312246995e-07,0.9969669267843848,0.17163071436684316,0.2277278411122417,0.9969669267843848
0.16147242672741413,0.37756919767707586,0.8266570381820202,0.2065001893788576,0.39827810134738684,0.6674594273790717,1.613360294943465e-06,0.9966819935540543,0.1722028800660285,0.2985157974529114,0.9966819935540543
0.09445824846625328,0.5555249350145459,0.6172038614749908,0.31387606728821993,0.32964148558676243,0.7450596820563078,2.067406184840381e-06,0.9966680111891003,0.16716595810122764,0.2250929726997313,0.9966680111891003
0.35218189656734467,0.4942919993773103,0.17488706205040216,0.1630580648779869,0.39290543273091316,0.8731113327667117,1.252907934648739e-06,0.996517213358374,0.17793282967871404,0.24751961168454586,0.996517213358374
0.30361245572566986,0.4436874631792307,0.8213666155934334,0.08621953427791595,0.3587109623476863,0.8148169200867414,1.956463712645578e-06,0.9959490886936955,0.17433469791363243,0.34589497521887147,0.9959490886936955
0.1893260395154357,0.44921336881816387,0.558034430257976,0.30104463547468185,0.3115673139691353,0.8833533460274339,2.8453098576681995e-06,0.9958134319359477,0.19505437884560942,0.24044042683323089,0.9958134319359477
0.20094150211662054,0.4556081099435687,0.7884614700451493,0.3670486668124795,0.3780047055333853,0.8398120366036892,1.2992822862151992e-06,0.995633643263925,0.18601275350973562,0.2851272953545543,0.995633643263925
0.3754169149324298,0.4584410972893238,0.4648297829553485,0.30847483314573765,0.3553919503465295,0.8269545286893845,1.2042562198398679e-06,0.9953973610442864,0.17824362179937123,0.25311298579306574,0.9953973610442864
0.0029226792976260185,0.41612023022025824,0.2958290306851268,0.3896834198385477,0.4563018651679158,0.7961328746750951,2.9588206172362744e-06,0.9953038168304599,0.1929345631301181,0.2834680381320593,0.9953038168304599
0.0022532446309924126,0.4400132102891803,0.6729839742183685,0.2767570773139596,0.40955711249262094,0.9276604754850268,5.757999843015896e-06,0.9951339518397977,0.17173738986469214,0.26200324379713,0.9951339518397977
0.2666798969730735,0.3921575425192714,0.03949793428182602,0.31007095519453287,0.4440789194777608,0.7561351098120213,1.1472793550143017e-06,0.9951004231014057,0.17659391620359802,0.25284214064878224,0.9951004231014057
0.17279955744743347,0.5564635116606951,0.22400000132620335,0.14111971855163574,0.30978665221482515,0.8283742656931281,1.726835049892308e-06,0.9950942060561695,0.18648301019730532,0.24715850834810024,0.9950942060561695
0.11899184621870518,0.5130644096061587,0.834094145335257,0.009201222099363804,0.38947073463350534,0.782587930560112,3.989849652786188e-06,0.9937661636402026,0.1664379124508865,0.3840043069670714,0.9937661636402026
0.20764487981796265,0.5711155645549297,0.010974246077239513,0.13897044211626053,0.3856172161176801,0.820955797098577,1.2502935221881952e-06,0.9937377545614184,0.17059050814380927,0.2760136098232693,0.9937377545614184
0.33278682362288237,0.4176045525819063,0.02463666070252657,0.3224190501496196,0.33211084362119436,0.7487030327320099,2.2653952928733793e-06,0.9932204752113638,0.18385453358328147,0.24838423905517568,0.9932204752113638
0.05237607657909393,0.32398142479360104,0.2917788401246071,0.21750451903790236,0.5023771347478032,0.7506106626242399,2.8528146251714433e-06,0.992221934533892,0.1814245903524946,0.2304472617430967,0.992221934533892
0.45558373909443617,0.39940636418759823,0.15843944530934095,0.2681885212659836,0.33870672807097435,0.8077742960304022,1.5537039897855655e-06,0.9916321106713246,0.18076706740529985,0.23484035215857926,0.9916321106713246
0.149761070497334,0.5430306848138571,0.9712806697934866,0.22230539191514254,0.4766820212826133,0.8154005343094468,1.1314985796078354e-06,0.9915012525190255,0.1745827773804096,0.24697857677038476,0.9915012525190255
0.20229021459817886,0.35766067635267973,0.23016410507261753,0.2647204017266631,0.4610636392608285,0.7151546841487288,1.0037731066554014e-06,0.9914643048466183,0.17375799865419972,0.2143535390079814,0.9914643048466183
0.2211766429245472,0.3861525971442461,0.40078137442469597,0.34936962090432644,0.42730316054075956,0.8248122371733189,2.0412110980413897e-06,0.9913353408185247,0.1834855133242782,0.2564331794144898,0.9913353408185247
0.04908549040555954,0.3339667785912752,0.04101816285401583,0.09417212195694447,0.34168229810893536,0.7180413315072656,9.289660971334237e-06,0.9911451165438869,0.17923681960675047,0.3287377349239667,0.9911451165438869
0.00047766510397195816,0.318826112896204,0.22533510345965624,0.15070064831525087,0.4759920621290803,0.7591124232858419,4.359990135770634e-06,0.9899828883683243,0.1815506471905431,0.25802799094206186,0.9899828883683243
0.13764069136232138,0.39783027302473783,0.07180799543857574,0.15656088944524527,0.3153756307438016,0.6814097100868821,5.911678925369082e-06,0.9899554901757736,0.18249332424739514,0.3014700067804632,0.9899554901757736
0.11232714354991913,0.4526814864948392,0.10342451836913824,0.3473006533458829,0.27426797803491354,0.7540243715047836,6.488924726901717e-06,0.9897714775303406,0.1937821026388157,0.23756832114619011,0.9897714775303406
0.3537077736109495,0.5536273336037993,0.5786253977566957,0.18349500931799412,0.4015397811308503,0.7579785520210862,1.562958308859483e-07,0.989298373689914,0.12485713464480977,0.21975531174265286,0.989298373689914
0.06967189814895391,0.32782249990850687,0.5494670690968633,0.29384103510528803,0.4425762565806508,0.7331129880622029,5.8768095353817795e-06,0.9890699438686196,0.17911005741202365,0.23594193401059615,0.9890699438686196
0.1248662993311882,0.34562917333096266,0.44449895340949297,0.3438330050557852,0.3283447241410613,0.8641104465350509,2.5811529460592755e-06,0.9889092751809586,0.18267611292926877,0.2486975519678505,0.9889092751809586
0.1441303137689829,0.3454166539013386,0.48913885466754436,0.047597543336451054,0.39632297307252884,0.7491288157179952,4.203243089277172e-06,0.9881003646292953,0.1636096173574707,0.36186560551646846,0.9881003646292953
0.11653820797801018,0.461765319108963,0.16554788500070572,0.08586202748119831,0.30829506553709507,0.8790271496400237,3.841627314052086e-06,0.9875398874965707,0.18550779128436454,0.33503967764834663,0.9875398874965707
2.785027027130127e-05,0.467693580314517,0.6251457436010242,0.18010444100946188,0.2458951771259308,0.8410817766562104,7.717804136162576e-06,0.9873398852354207,0.18990313815337223,0.27149211144823215,0.9873398852354207
0.24523697327822447,0.5167998718097806,0.6779510136693716,0.1526679089292884,0.43384698778390884,0.8435234045609832,8.878254969460209e-07,0.9867707547759599,0.17407927216357638,0.2672279319130707,0.9867707547759599
0.0025390302762389183,0.5831795008853078,0.2892237426713109,0.0810906495898962,0.3542813342064619,0.8183734863996506,1.4595860760952839e-06,0.9854866862037613,0.16866933572135448,0.3190141931923352,0.9854866862037613
0.10357696376740932,0.2867817096412182,0.6044401871040463,0.24988170713186264,0.31579369120299816,0.7254513148218393,4.898828305806421e-06,0.9851837201333887,0.1858273193911942,0.20472638763626255,0.9851837201333887
0.3477170243859291,0.38657545298337936,0.5476911216974258,0.11038684286177158,0.34222359769046307,0.8044256195425987,2.143958412899366e-06,0.9848513632874516,0.1792875108257755,0.3199745367461782,0.9848513632874516
0.030374471098184586,0.422540376894176,0.33968697767704725,0.010487842373549938,0.29717281833291054,0.8276831526309252,1.1487552891186532e-05,0.9846355280319643,0.19135570621890893,0.37545639084886173,0.9846355280319643
0.04218744765967131,0.48345761001110077,0.04453771002590656,0.14232524298131466,0.3530242331326008,0.6526332749053836,2.9884590865627842e-06,0.9845435485782674,0.16116085091089632,0.38183367049731465,0.9845435485782674
0.20399442315101624,0.3741939179599285,0.969318144954741,0.17409695871174335,0.3954065451398492,0.8993957946076989,9.246694205630939e-07,0.9844180809777989,0.16638321047908566,0.2423336532859804,0.9844180809777989
0.14601099211722612,0.627407506108284,0.5745458640158176,0.21882266364991665,0.40722456481307745,0.7990720700472593,1.4699435065485472e-07,0.9842987109202636,0.14677143064245501,0.229435341647604,0.9842987109202636
0.3833649596199393,0.4256550371646881,0.8987474562600255,0.2113023241981864,0.37961495481431484,0.8822319693863392,5.946153132487786e-07,0.9841690409531308,0.17996674906263282,0.24274893310467174,0.9841690409531308
0.3308107256889343,0.352355825714767,0.1350481379777193,0.143312924541533,0.3402570867910981,0.8475141171365976,1.6129573542770576e-06,0.9839404309223516,0.1807217761379556,0.27643270029121153,0.9839404309223516
0.05902018677443266,0.6010923245921731,0.34749262873083353,0.26888332702219486,0.36267539858818054,0.8676354326307774,2.7132296862002496e-06,0.9838011545541404,0.18868012059473288,0.19393342293201032,0.9838011545541404
0.27475580107420683,0.40597333293408155,0.488343414850533,0.07258347328752279,0.33769492618739605,0.8332038875669241,3.1670381278020104e-06,0.983699231104817,0.17701344926211846,0.35146694744846635,0.983699231104817
0.07411453314125538,0.42286235466599464,0.3993090707808733,0.06519521307200193,0.4714760612696409,0.8122448865324259,4.500256691972042e-06,0.9827864659740154,0.17484190196248292,0.35915443517593476,0.9827864659740154
0.29403484612703323,0.5616492722183466,0.12949533946812153,0.26301555149257183,0.43111416418105364,0.7341705579310656,6.818146438374279e-07,0.9827176224579967,0.13872518012931914,0.18374291892275232,0.9827176224579967
0.053416565991938114,0.4115591486915946,0.5899725100025535,0.11874731443822384,0.4740369450300932,0.8410229720175266,3.173017115219299e-06,0.9825116728026321,0.18250613815225628,0.3229710621707732,0.9825116728026321
0.061128475703299046,0.5825173677876592,0.8813634552061558,0.20535582676529884,0.4409854393452406,0.8510161889716983,6.541765852100449e-07,0.9824910813476095,0.17881214365730472,0.2339628453584052,0.9824910813476095
0.026967737823724747,0.5471306070685387,0.5026375437155366,0.11583310645073652,0.4634260665625334,0.8089694064110518,1.374591008876813e-06,0.982109647549814,0.17453650163005002,0.29888839018625757,0.982109647549814
0.01387869380414486,0.3859402583912015,0.4156952789053321,0.05216045770794153,0.3597521223127842,0.6946767251938581,9.603806589490551e-06,0.9817931822768148,0.16638554956960433,0.3836760704410479,0.9817931822768148
0.2227041181176901,0.5551649751141667,0.03742546867579222,0.2119080349802971,0.48411647882312536,0.7816787427291274,1.2222581566953168e-06,0.9816307718576515,0.16528492009934528,0.2238170041940294,0.9816307718576515
0.38893087301403284,0.32121810130774975,0.6410515196621418,0.24344330187886953,0.3945138892158866,0.7822843715548515,8.682685998247707e-07,0.981361979095629,0.16579086668738643,0.22260565600157253,0.981361979095629
0.0007060104981064796,0.48575215693563223,0.0824719937518239,0.21335172560065985,0.2691133236512542,0.9169045276939869,1.07528790721997e-05,0.9812624116003381,0.20308813912054013,0.23610519391354204,0.9812624116003381
0.3012320827692747,0.5103596784174442,0.4165148986503482,0.06771569140255451,0.3497662376612425,0.8011636696755886,1.9224423784967156e-06,0.9812401993386993,0.16892955021087563,0.3360316638684161,0.9812401993386993
0.1655925801023841,0.4097060011699796,0.9465289860963821,0.3526170188561082,0.30171253345906734,0.8155454806983471,2.007026657928514e-06,0.9807919020441938,0.19803181313920448,0.2565204744946335,0.9807919020441938
0.024878719821572304,0.2842573234811425,0.9493677699938416,0.18727439641952515,0.3351386124268174,0.8625070825219154,3.344654427605454e-06,0.9806756138645347,0.1748583855602137,0.22875840051677906,0.9806756138645347
0.03460402227938175,0.35781436786055565,0.21140397433191538,0.09348472952842712,0.279103172942996,0.8355227084830403,4.1170141912820815e-06,0.9805166408065099,0.18683864675383222,0.31356286453785404,0.9805166408065099
0.49729611724615097,0.4385853400453925,0.5304943975061178,0.2507123714312911,0.3557460317388177,0.793232275173068,1.280188307109862e-06,0.9804533355945466,0.1677947755680534,0.2531529614290056,0.9804533355945466
0.0045074718073010445,0.3062796192243695,0.9307717317715287,0.30707032326608896,0.42590442299842834,0.7690595155581832,9.500352181217283e-06,0.9803926780838979,0.1928133586438019,0.2484147353066928,0.9803926780838979
0.40361492708325386,0.36801068764179945,0.27738488744944334,0.2485244506970048,0.3712043818086386,0.8884342135861516,1.482018460330826e-06,0.9799950843822358,0.16856549591098755,0.22381646852788975,0.9799950843822358
0.19891797378659248,0.45165823120623827,0.14947861153632402,0.12056625820696354,0.26532389409840107,0.7499275971204042,4.597358605886725e-06,0.9798379979763961,0.18483071018145897,0.2795865971945323,0.9798379979763961
0.17147452011704445,0.3446294106543064,0.8381908005103469,0.173815849237144,0.3091302886605263,0.7171970214694738,3.723619477333888e-06,0.9797808696621471,0.18857573255662807,0.23413110683210198,0.9797808696621471
0.008375884033739567,0.5004641907289624,0.3894898500293493,0.11099610943347216,0.3021628623828292,0.8912846548482776,5.037545071583475e-06,0.979568894957281,0.19353032398278308,0.30333959195427257,0.979568894957281
0.005968404933810234,0.6192750995978713,0.11234237626194954,0.15500504057854414,0.33457379415631294,0.7471799263730645,1.941210429867293e-06,0.979403096936262,0.1659275105436847,0.2333290570030774,0.979403096936262
0.018582474440336227,0.41587097756564617,0.07016739342361689,0.07142549194395542,0.38704765774309635,0.903283185325563,1.057907981420744e-06,0.9790340935983677,0.1476796249235349,0.36502663005558456,0.9790340935983677
0.22555975336581469,0.4105447456240654,0.18874280620366335,0.4144971249625087,0.3846313813701272,0.7417167918756604,5.585371081077915e-07,0.9787844322741001,0.17711876544162597,0.2757840601787766,0.9787844322741001
0.07203738018870354,0.5207780431956053,0.22337995655834675,0.19892588444054127,0.4019177919253707,0.9563890974968672,3.3847626818110686e-06,0.978539977448915,0.16355139670593236,0.2594839308654029,0.978539977448915
0.19444499537348747,0.43702220544219017,0.5261860303580761,0.16847310215234756,0.44095993787050247,0.6780041614547372,1.2753864536373593e-07,0.9783127707652942,0.15779298713366086,0.3114249453143021,0.9783127707652942
0.08297450747340918,0.3987274579703808,0.7583558103069663,0.006256502121686935,0.42305288556963205,0.8125377092510462,5.97154229814684e-06,0.978221140620651,0.1874634692070174,0.38809683661853706,0.978221140620651
0.25681678019464016,0.4672244628891349,0.24580820184201002,0.1509661478921771,0.369204786606133,0.9222042411565781,1.6565388949583458e-06,0.978152989544836,0.18012283076659213,0.2701536275888505,0.978152989544836
0.08654334302991629,0.34241716377437115,0.3061664532870054,0.142273161560297,0.38473058957606554,0.9161362601444125,2.1440516470181557e-06,0.9780441969091995,0.13053698224941684,0.2597707527813711,0.9780441969091995
0.042869655415415764,0.46027941908687353,0.42854907736182213,0.35182004049420357,0.36549786012619734,0.9134127618744969,4.57569417162791e-06,0.9776431053986773,0.1933668842827526,0.2690802351254541,0.9776431053986773
0.09788766968995333,0.5232764324173331,0.7843320304527879,0.3875444382429123,0.3572986572980881,0.814391671679914,1.4065574264707692e-06,0.9774244951090103,0.18801456581442577,0.27289253686069165,0.9774244951090103
0.2503642598167062,0.5832303455099463,0.21563454903662205,0.21713121887296438,0.31161552481353283,0.7262114034965634,7.233055287793529e-07,0.9774165263762193,0.16767382662278416,0.14786801267064653,0.9774165263762193
0.12238011043518782,0.4477768884971738,0.31727430783212185,0.12813999690115452,0.24649280309677124,0.8123043393716216,6.852826277829435e-06,0.9767239228184489,0.1893430343321684,0.2845209810681928,0.9767239228184489
0.033192348666489124,0.2629717094823718,0.05631574336439371,0.23750955518335104,0.4395971177145839,0.7278804052621126,3.845456201080641e-06,0.97659777010343,0.17037682880175786,0.25215637085424486,0.97659777010343
0.27284297067672014,0.5337181650102139,0.39480054285377264,0.12571883853524923,0.40288663748651743,0.8541401689872146,9.378898245736926e-07,0.9762693860916756,0.17705559876703025,0.26987326287781077,0.9762693860916756
0.10389979742467403,0.4943274660035968,0.32025363110005856,0.04262723866850138,0.4448445923626423,0.7184472214430571,8.638008437651871e-07,0.976103640249157,0.14690920427884477,0.3835360775267572,0.976103640249157
0.14637889061123133,0.37232004292309284,0.5728236827999353,0.30866734124720097,0.2748681865632534,0.8388717947527766,1.647829297788497e-06,0.9757950336074761,0.19282723453091374,0.23659973096111425,0.9757950336074761
0.2231225511059165,0.3203311888501048,0.2588738752529025,0.18472864851355553,0.4355104314163327,0.7050062995404005,1.4509813687478557e-06,0.9754551776472183,0.17274281564762284,0.2208419980468435,0.9754551776472183
0.1416927883401513,0.5334128495305777,0.5614815978333354,0.3949753297492862,0.3666361831128597,0.7671030415222049,5.650018400422281e-07,0.9748517199232345,0.16573150055046537,0.26783641535411407,0.9748517199232345
0.0008494453504681587,0.5140358405187726,0.0807648180052638,0.2563194213435054,0.41611485555768013,0.9412527466192842,6.3975357084004565e-06,0.9744025867272218,0.17449953426762907,0.2537317657264642,0.9744025867272218
0.02890542708337307,0.3406347781419754,0.14406239707022905,0.28114792332053185,0.2542903274297714,0.8534149611368775,3.8689421748413166e-06,0.9722947643677461,0.20286971805721682,0.20576811135777495,0.9722947643677461
0.038979518227279186,0.31387571059167385,0.37827272713184357,0.14261912275105715,0.28283313289284706,0.7310039512813091,7.723390853436527e-06,0.9719059677171888,0.19086274316593563,0.23452755027665276,0.9719059677171888
0.2359839202836156,0.5438801581040025,0.38969272188842297,0.041604950092732906,0.39429781306535006,0.7692644987255335,1.6308711469368738e-06,0.9718697871834557,0.15001419552956638,0.34979515896861657,0.9718697871834557
0.2746438216418028,0.45252322405576706,0.9849316030740738,0.28882781974971294,0.30354578513652086,0.7392462994903326,1.022986136974484e-06,0.9714451534993297,0.18206265592884915,0.21684220700411838,0.9714451534993297
0.4284123172983527,0.5222493354231119,0.07290240004658699,0.20355107262730598,0.33274112548679113,0.8232350004836917,2.5932824503275145e-06,0.9712548148536755,0.18304640173009926,0.22660759172838313,0.9712548148536755
0.06369666010141373,0.6131960395723581,0.6631493754684925,0.28910940047353506,0.36402225494384766,0.776356989517808,2.327631413457515e-06,0.9711040580903562,0.16679025058357116,0.22042948302841048,0.9711040580903562
0.2290104776620865,0.4821964707225561,0.9626902434974909,0.13134132605046034,0.3387332521378994,0.880071371793747,2.504267417978568e-06,0.9707955982041676,0.1944645249179531,0.29667318141485044,0.9707955982041676
0.1335607897490263,0.4540068106725812,0.6380799505859613,0.2437082612887025,0.26416715513914824,0.8984896671026945,6.201792110385305e-06,0.9707090504255668,0.20602051951194178,0.2316244279688741,0.9707090504255668
0.18388724699616432,0.3520540203899145,0.3255822267383337,0.3273582002148032,0.4495274033397436,0.8219918208196759,3.929111325591026e-06,0.9704462532044512,0.18648431472740343,0.23903374707613662,0.9704462532044512
0.2227120092138648,0.3980637528002262,0.5352361872792244,0.10296258050948381,0.30583308544009924,0.7270555291324854,4.023777528861491e-06,0.9702098523598939,0.18019271734996042,0.30715196233653225,0.9702098523598939
0.3443446643650532,0.2925855051726103,0.5649003004655242,0.2553037768229842,0.3847651006653905,0.7695612730458379,9.65590104218331e-07,0.970058151724738,0.1658502203864764,0.21691971942695262,0.970058151724738
0.3258334370329976,0.4044027589261532,0.30384383723139763,0.0021230271086096764,0.3860177733004093,0.7861417215317488,5.09519581602199e-06,0.9698557262318961,0.1934403939626715,0.3702760265017413,0.9698557262318961
0.013990762643516064,0.46474711410701275,0.9191194642335176,0.3368860110640526,0.28074208553880453,0.8501845728605986,9.13344242847899e-06,0.9697649523293091,0.2120752392770234,0.26261604114842124,0.9697649523293091
0.3746072016656399,0.38828648068010807,0.4957132674753666,0.24226147681474686,0.29859826248139143,0.7373682791367173,9.755082380959138e-07,0.9697393183779317,0.175862862229001,0.17766920130655664,0.9697393183779317
0.13832799904048443,0.22844506707042456,0.3240154068917036,0.24356945045292377,0.3833109363913536,0.724896271713078,2.934496272502499e-06,0.9694432778931664,0.17554628468606226,0.2406767902741331,0.9694432778931664
0.006693384610116482,0.3465088279917836,0.6909274822100997,0.10840345546603203,0.3642079923301935,0.8967901449650526,1.7454425091558712e-06,0.9690559269832032,0.15365187759810436,0.3130783151245855,0.9690559269832032
0.09201537910848856,0.3691862439736724,0.7780759669840336,0.0985111566260457,0.27581153623759747,0.8018626598641276,6.0215839247118564e-06,0.9685141547842396,0.1894461698188264,0.303941944087366,0.9685141547842396
0.17585353180766106,0.5683997450396419,0.9323817323893309,0.2974865697324276,0.3578588180243969,0.8228217046707869,1.359824066281935e-06,0.9677945661969417,0.18012500230659506,0.22402844731567156,0.9677945661969417
0.11055934615433216,0.3236206267029047,0.5609916020184755,0.22127425763756037,0.34064177330583334,0.9303229423239827,2.9876056684018263e-06,0.9672622120580702,0.15134817553150312,0.22320381574432543,0.9672622120580702
0.002546412870287895,0.49492712691426277,0.7914292346686125,0.2212830064818263,0.4339325111359358,0.6395985158160329,1.547368867141245e-07,0.9671718831452614,0.14604175051060822,0.3945165704384474,0.9671718831452614
0.026542354375123978,0.5867108218371868,0.40379361249506474,0.22163359075784683,0.41668092645704746,0.912794791162014,1.028161384711183e-06,0.9670766495190044,0.17156929660449335,0.23112315475395506,0.9670766495190044
0.3813260989263654,0.3997240597382188,0.09478542394936085,0.33874452859163284,0.38312297128140926,0.8233341705054045,1.1030558764381618e-06,0.9664620962721575,0.18819698776860988,0.2808759349344021,0.9664620962721575
0.07168459892272949,0.3412013938650489,0.07882515713572502,0.33555183187127113,0.45983939804136753,0.775225386954844,6.236721114213088e-06,0.9664197758456348,0.19207008382280763,0.25796283814318555,0.9664197758456348
0.08259170688688755,0.44589716847985983,0.26177904196083546,0.3554427968338132,0.46696759201586246,0.7204837743192911,2.3743656121789165e-06,0.9662828512732483,0.17118357899991582,0.28067239108622355,0.9662828512732483
0.2254904368892312,0.35559790674597025,0.15953212790191174,0.22642824798822403,0.24452706705778837,0.7523013446480036,2.6986853183849998e-06,0.9661807878149521,0.18899406909413652,0.16769226034407597,0.9661807878149521
0.23599179461598396,0.3779822438955307,0.8879917236045003,0.1514094267040491,0.3176983939483762,0.7141543691977859,2.573837196553954e-06,0.9659348353174704,0.1897797916192863,0.26848878710872104,0.9659348353174704
0.23755413573235273,0.31223177909851074,0.06408646516501904,0.22242100164294243,0.27966310270130634,0.8407493494451046,1.1576110677509078e-06,0.965711740584775,0.1897651091643033,0.1900024375946834,0.965711740584775
0.37504178937524557,0.5412902738898993,0.4660486625507474,0.22644265554845333,0.45545834489166737,0.7890164377167821,5.277975333204599e-07,0.9656997569726871,0.15479595719784064,0.20726232072700065,0.9656997569726871
0.47537409607321024,0.39798477850854397,0.9540481260046363,0.22284623607993126,0.3564332267269492,0.8214167943224311,7.732219746812172e-07,0.9656665200817409,0.18113638934527132,0.2621847779160939,0.9656665200817409
0.2474967772141099,0.4083452317863703,0.7598131904378533,0.28263741824775934,0.47503921017050743,0.7999855466187,1.6605158722216927e-06,0.9655185747881074,0.18584209254001585,0.23214236003900393,0.9655185747881074
0.10590992122888565,0.427796071395278,0.24708428885787725,0.07285098265856504,0.28540006559342146,0.7132781594991684,9.452380073714922e-06,0.965028772550492,0.1804698764062625,0.3389149012383263,0.965028772550492
0.15764048229902983,0.4425297835841775,0.3853300120681524,0.13541839644312859,0.464501247741282,0.8854546621441841,1.5053911194728427e-06,0.9643753307834655,0.18388253257899895,0.27802410967873326,0.9643753307834655
0.12972197495400906,0.5326989777386189,0.21163619868457317,0.24803107045590878,0.24652939103543758,0.7333784969523549,4.194489613500381e-06,0.9643357407551353,0.1844325631599176,0.17344650912417078,0.9643357407551353
0.5024561984464526,0.4832494016736746,0.13224162720143795,0.2440693872049451,0.3339283261448145,0.7557534109801054,2.2610576420240605e-06,0.9639428712026501,0.17055591202399256,0.22879610890592947,0.9639428712026501
0.27720087114721537,0.3631221130490303,0.05885212402790785,0.3428163006901741,0.3573229257017374,0.8626512112095952,1.4593010767004374e-06,0.9636530184502853,0.18633969369693812,0.27046977779934317,0.9636530184502853
0.002530289813876152,0.5177256315946579,0.0973530039191246,0.16157484520226717,0.23701098281890154,0.7924801213666797,8.520416542160993e-06,0.9636473595124858,0.19160213120194547,0.25152091229361817,0.9636473595124858
0.13110227975994349,0.36440715193748474,0.09152829181402922,0.1902827974408865,0.4781923908740282,0.7000194936990738,9.987826497537576e-07,0.9635491021955448,0.17396046640181456,0.25805358881931867,0.9635491021955448
0.14441783167421818,0.43572245817631483,0.7127766581252217,0.22361727058887482,0.26666087098419666,0.6938153887167573,3.006795283726517e-06,0.9631219643197076,0.18727497669053783,0.2594387825459577,0.9631219643197076
0.1520406622439623,0.3674804735928774,0.8511728225275874,0.21535735297948122,0.24782615434378386,0.8445566780865192,1.976616278663088e-06,0.9630306808727951,0.1970357869926208,0.21533823197643967,0.9630306808727951
0.16148028802126646,0.5441983249038458,0.3244362911209464,0.09657918568700552,0.31374458875507116,0.8472104240208864,2.093543421060679e-06,0.9626663227358867,0.1911293789939358,0.2963149978633322,0.9626663227358867
0.09287098050117493,0.21397501602768898,0.30077942553907633,0.22814043704420328,0.33279072586447,0.832028086297214,2.6026433291339547e-06,0.9625113168688492,0.17852830725060848,0.245584033604646,0.9625113168688492
0.05731155816465616,0.4336995277553797,0.8126786025241017,0.05666527058929205,0.3373483717441559,0.8889743098989129,2.661414948544433e-06,0.9624291056344602,0.1792695208957215,0.37036281949161726,0.9624291056344602
0.3283808548003435,0.37957296520471573,0.31455230340361595,0.38241936825215816,0.351832983084023,0.818065837956965,5.69778435916931e-07,0.9620429822993946,0.19005789069994836,0.2709983919756022,0.9620429822993946
0.05710164178162813,0.5426193736493587,0.21205954253673553,0.36172934621572495,0.3914626156911254,0.8726820293813944,3.480713583729607e-06,0.9620334375829037,0.19862440244441731,0.2462189936066062,0.9620334375829037
0.2749583488330245,0.5078455554321408,0.6065396219491959,0.25218215584754944,0.3910178476944566,0.9129503639414907,2.929758025451678e-06,0.9620171749096808,0.17966786591835393,0.2210424213439141,0.9620171749096808
0.16620949283242226,0.2333964230492711,0.045094999484717846,0.2355413306504488,0.3266291217878461,0.7534932782873511,1.8202019965936661e-06,0.9617723344335777,0.18516721528016003,0.22038758423044416,0.9617723344335777
0.18381596822291613,0.5243876799941063,0.09583107195794582,0.2918742699548602,0.40439846739172935,0.6798304133117199,1.2531103832600414e-06,0.9614465149334603,0.15116148668563206,0.27777580856103506,0.9614465149334603
0.01038447953760624,0.2924272296950221,0.46391602605581284,0.3135334365069866,0.4140123790130019,0.7235329551622272,9.097496335709323e-06,0.9611311297633438,0.18814226834844772,0.234295531757046,0.9611311297633438
0.06370405945926905,0.46488388162106276,0.16146292444318533,0.40001352317631245,0.40851670503616333,0.7051240419968963,8.48226311484322e-07,0.9610696292890577,0.1708531927770053,0.3010248457154356,0.9610696292890577
0.29621248226612806,0.4489201409742236,0.9963455637916923,0.22822345606982708,0.4211090123280883,0.9091158416122198,9.858204018034293e-07,0.960861477605811,0.1848609283309657,0.23989693552090663,0.960861477605811
0.07191306352615356,0.47894568368792534,0.22116943821310997,0.27314562909305096,0.2832952179014683,0.9320428101345897,9.652172519982161e-06,0.9603595794393587,0.21334812942845344,0.22746350063740356,0.9603595794393587
0.13876007497310638,0.292803387157619,0.8802274940535426,0.21151818428188562,0.27515958435833454,0.8109335023909807,1.4000608805429142e-06,0.9603199636160188,0.19198717207988586,0.18278801614757154,0.9603199636160188
0.15977189783006907,0.49107871670275927,0.8591415388509631,0.3239362854510546,0.35482297744601965,0.8961830949410796,4.258828304927993e-06,0.9602262766874222,0.19941079320007774,0.25415229780288645,0.9602262766874222
0.1039647338911891,0.36474365647882223,0.10786432772874832,0.3930123606696725,0.293241229839623,0.8194090221077204,2.708099488915136e-06,0.9600344718196538,0.19800315418884043,0.266931633169017,0.9600344718196538
0.3359911348670721,0.3852844312787056,0.15476825181394815,0.23465202003717422,0.49141995422542095,0.7722478387877345,1.890846997681294e-06,0.9599728231888415,0.18700809824281392,0.2081320763988296,0.9599728231888415
0.16597256995737553,0.4876584839075804,0.4509249897673726,0.004414662718772888,0.33976804185658693,0.7215033732354641,4.84965589030539e-06,0.9599019094413278,0.17953607878869562,0.3642159897065457,0.9599019094413278
0.06363936141133308,0.33131843712180853,0.3875346863642335,0.03153433836996555,0.3218385959044099,0.8229351220652461,5.724771362204682e-06,0.9596071437826792,0.18516268964159022,0.3558314112499126,0.9596071437826792
0.05564054660499096,0.3517092000693083,0.7687529893592,0.20959539897739887,0.3616994945332408,0.6437709592282772,6.754235765348448e-06,0.959579569213223,0.1823228914866536,0.32329213833808473,0.959579569213223
0.017520783469080925,0.40051944740116596,0.6587249301373959,0.38304581120610237,0.3092297501862049,0.8788600191473961,3.346427055046672e-06,0.959312014319298,0.20544978367013333,0.27672851154128386,0.959312014319298
0.04592384584248066,0.4145831447094679,0.727995254099369,0.19568780809640884,0.28619072772562504,0.935078602284193,1.6912191177252432e-06,0.9592525437398851,0.1963104474200831,0.2453353566448228,0.9592525437398851
0.2526047769933939,0.44642127491533756,0.058442506939172745,0.4207463525235653,0.3373750150203705,0.7972070192918181,2.2377660134119022e-06,0.9591169866523892,0.19155330840198434,0.29173283976127745,0.9591169866523892
0.4491264335811138,0.5025847116485238,0.8890508348122239,0.22969765309244394,0.3311518570408225,0.7895131455734372,9.642153475465343e-07,0.9590601771177166,0.16687031860611,0.21826001262822714,0.9590601771177166
0.37249268405139446,0.43591751717031,0.7800807589665055,0.3057157751172781,0.37617206294089556,0.7305490728467703,7.935550267730413e-07,0.9590148745399596,0.16471099626838903,0.2471629630295982,0.9590148745399596
0.02854526974260807,0.5204255292192101,0.03863206785172224,0.12871124781668186,0.32136861700564623,0.909571086987853,6.022702668672597e-06,0.9588310990064602,0.1976132754781681,0.3017995554455438,0.9588310990064602
0.13281269185245037,0.35151839815080166,0.5621696058660746,0.1813018647953868,0.4946053372696042,0.808290209621191,4.4862039136317625e-06,0.958795401784528,0.18849567988679197,0.22229113515141471,0.958795401784528
0.3687060493975878,0.4391867881640792,0.0639018239453435,0.14958357252180576,0.4555397517979145,0.7409882014617324,2.973596880738418e-07,0.9586254685525709,0.17307999361399382,0.27696050585634274,0.9586254685525709
0.2134911473840475,0.4901237217709422,0.10489668045192957,0.067021943628788,0.3277506697922945,0.8664264213293791,4.021388551233036e-06,0.9585656746709003,0.19160607463379564,0.34602609141797747,0.9585656746709003
0.1804097117856145,0.3985155923292041,0.8078767023980618,0.33471944462507963,0.3641087915748358,0.6990170925855637,1.7307293586494161e-06,0.9584714961204098,0.18672593742478064,0.2771938343108513,0.9584714961204098
0.04695612099021673,0.37673445604741573,0.11827660072594881,0.13748527970165014,0.36615548748522997,0.9396429620683193,1.7283181688771074e-06,0.9582720573283805,0.14617512665451426,0.2875051583124707,0.9582720573283805
0.19438780192285776,0.29765738546848297,0.8001248706132174,0.2708267271518707,0.28934183809906244,0.7957961754873395,1.1657207526808404e-06,0.9580474878452886,0.19035969702906066,0.1705016535052563,0.9580474878452886
0.09971688222140074,0.4253607438877225,0.5932546043768525,0.2555303806439042,0.27004044596105814,0.9189656628295779,4.622181471274328e-06,0.9575667996101797,0.20803675514454226,0.23629491307719186,0.9575667996101797
0.2637574141845107,0.30426334496587515,0.8921942515298724,0.18846898339688778,0.37353892903774977,0.7200898677110672,1.3598231813314618e-06,0.9572028619705164,0.1842141084412759,0.22394787598224086,0.9572028619705164
0.18199115432798862,0.28576683532446623,0.24178442265838385,0.294959899969399,0.2967923292890191,0.8246347708627582,1.2494905806358445e-06,0.9571548004914667,0.1901210962275297,0.19541513624551818,0.9571548004914667
0.07717161532491446,0.5949516259133816,0.19238408375531435,0.33148966915905476,0.3506501680240035,0.7320436146110296,2.5887365614253772e-06,0.9569477316662168,0.17556088621506924,0.21385644656424727,0.9569477316662168
0.4053692612797022,0.5029646437615156,0.8255073204636574,0.15946208033710718,0.3765791105106473,0.8362086089327931,9.409569121060411e-07,0.9563700585172425,0.177092814060025,0.2761869289077927,0.9563700585172425
0.2724746922031045,0.466497091576457,0.3930706540122628,0.3405617279931903,0.2861562166363001,0.7535304967314005,1.2415480479461966e-06,0.9561730864960084,0.18460440469316558,0.20416703332983738,0.9561730864960084
0.2374450471252203,0.3588141007348895,0.5674982545897365,0.3889903472736478,0.36080943141132593,0.7472037188708782,7.827912192667907e-07,0.9560409797796424,0.18559830465415897,0.2638537264108635,0.9560409797796424
0.16375243663787842,0.4231974808499217,0.4171679178252816,0.26798301562666893,0.2882336238399148,0.6762690246105194,3.1233129682690366e-06,0.95563750203085,0.19302873833877474,0.2479405683465387,0.95563750203085
0.41326678171753883,0.47875813487917185,0.28645848482847214,0.19752930849790573,0.4239677144214511,0.8906704597175121,1.1505027300209162e-06,0.9554115116491307,0.18564770638429717,0.22823995704761674,0.9554115116491307
0.23322870302945375,0.5834559742361307,0.27722239308059216,0.2535468051210046,0.421037913300097,0.7009332571178675,9.229406932976335e-07,0.9551894707878358,0.1394390978655964,0.2279755756914656,0.9551894707878358
0.2977952491492033,0.38521896954625845,0.7381874928250909,0.056117596104741096,0.3876163996756077,0.8198639452457428,3.156374647686656e-06,0.9549724074111166,0.18202579012171388,0.362378878208828,0.9549724074111166
0.2905326606705785,0.2973717348650098,0.7387563791126013,0.19594564102590084,0.4301358740776777,0.7544239405542612,7.493205518640473e-07,0.9544253312601103,0.1787695213005261,0.21509179038840387,0.9544253312601103
0.1460035778582096,0.29451062623411417,0.07624781783670187,0.07959893625229597,0.3656580140814185,0.744928958825767,3.9251244400183e-06,0.9543094218715565,0.18215110461257855,0.32581550126957254,0.9543094218715565
0.3942518038675189,0.4659109767526388,0.9500409904867411,0.19254647754132748,0.4015791704878211,0.7120283721014857,1.410683768433128e-07,0.9541900254039848,0.15641151504350911,0.2556291229065767,0.9541900254039848
0.34189266711473465,0.44400343764573336,0.28567756712436676,0.142057741060853,0.27006708923727274,0.7686656238511205,1.5944646108792624e-06,0.9539736489016074,0.1865223692636574,0.25457735474989096,0.9539736489016074
0.1020584711804986,0.31886502634733915,0.6358747975900769,0.0814790716394782,0.40304535906761885,0.836023529060185,2.9076490479882148e-06,0.953809529831141,0.16632961389699985,0.33314221308285025,0.953809529831141
0.2099188845604658,0.29985198471695185,0.588286742568016,0.20651796460151672,0.3665763344615698,0.9034958174452186,1.8248642915156663e-06,0.9537028397567856,0.15170637605606488,0.21552642497707006,0.9537028397567856
0.29676375072449446,0.4093933394178748,0.09721938893198967,0.12291130889207125,0.4678536681458354,0.804926261305809,3.5214068106438037e-06,0.9536943842709065,0.19054703827865674,0.2956629743130858,0.9536943842709065
0.07757812552154064,0.2668579090386629,0.4787776814773679,0.3033673372119665,0.30210350174456835,0.7773498436436057,3.1752069473780744e-06,0.9536912849387775,0.19295002506684297,0.19674069383198522,0.9536912849387775
0.17446321062743664,0.3145120283588767,0.676007323898375,0.20089159160852432,0.43820289336144924,0.8806455871090293,2.3558807377762537e-06,0.9536433523086625,0.15909647921369457,0.21397412597647392,0.9536433523086625
0.38918973598629236,0.49999327678233385,0.5338228978216648,0.18103280384093523,0.35059912595897913,0.8776355776935816,1.8261540598958029e-06,0.9536275990929477,0.18792343174481285,0.2417777364112221,0.9536275990929477
0.2888136673718691,0.28351356368511915,0.14689817186444998,0.17564280610531569,0.41762971226125956,0.7381828036159277,1.0521142359320447e-06,0.9532388886404283,0.17692761504669857,0.20652265217182186,0.9532388886404283
0.23750980477780104,0.4688847130164504,0.8560683550313115,0.05421758908778429,0.40110107511281967,0.8491265848278999,1.7511510461201907e-06,0.9531982196308517,0.1812844526411662,0.36445109532213693,0.9531982196308517
0.20917815621942282,0.5429537845775485,0.22941696923226118,0.03394137229770422,0.333220399916172,0.7406105101108551,3.8134139369315837e-06,0.952979488296558,0.17672469638776964,0.336410522693114,0.952979488296558
0.4873871523886919,0.34033374954015017,0.3326815003529191,0.18952701427042484,0.39486737456172705,0.8159450348466635,1.1918130115203148e-06,0.9529336260635346,0.1770691799881286,0.25798094904060015,0.9529336260635346
0.03750958014279604,0.4501046910881996,0.5198998814448714,0.15004005189985037,0.5248463694006205,0.7654543006792665,2.1105360332167084e-06,0.9527459147300781,0.18753772579607464,0.3004401194660438,0.9527459147300781
0.040424760431051254,0.3078090734779835,0.1235594917088747,0.12217685114592314,0.3148791706189513,0.8762058671563864,2.4827014652123373e-06,0.9526731854339949,0.17792352667091607,0.2714912891589015,0.9526731854339949
0.04420284274965525,0.5899400701746345,0.3922728495672345,0.2934683635830879,0.30010175704956055,0.7349856719374657,3.3631507967824167e-06,0.9523967648153497,0.1852588792352831,0.16519180320349397,0.9523967648153497
0.14162048418074846,0.2525422601029277,0.27069207839667797,0.15253703854978085,0.32249914575368166,0.8142763245850801,2.0074680406393e-06,0.9522374351755498,0.18661101629362306,0.24268394257902254,0.9522374351755498
0.07174203265458345,0.4552469728514552,0.36836587078869343,0.23271672055125237,0.3097003875300288,0.6264310972765088,3.592924414811599e-06,0.9521888572705076,0.18414932918472718,0.34655975989186905,0.9521888572705076
0.05485915672034025,0.32859246525913477,0.6332898316904902,0.296257421374321,0.35679398849606514,0.9142111632972956,4.975733078942519e-06,0.9517766339637761,0.16420391627695494,0.23149520780495553,0.9517766339637761
0.05929926689714193,0.48460168298333883,0.7449871487915516,0.08908651489764452,0.43241654988378286,0.8863315572962165,1.8838562600749118e-06,0.9516727061181878,0.1779799609638436,0.3415207892407233,0.9516727061181878
0.283078764565289,0.5293292254209518,0.0037675928324460983,0.17890674341470003,0.27572599425911903,0.7575007835403085,2.8397062508451035e-06,0.9516384210098977,0.18548983650864492,0.20828986683663486,0.9516384210098977
0.02057020552456379,0.4745893804356456,0.4972336068749428,0.039172299206256866,0.35930070001631975,0.8995492989197373,3.622615873876776e-06,0.9515257285839469,0.17106881729276252,0.37912595107885755,0.9515257285839469
0.3258260227739811,0.5488011436536908,0.8021430810913444,0.17552911676466465,0.34164539352059364,0.7323725102469325,5.004812032586627e-07,0.9514071910197929,0.15693209557976856,0.2192287238097726,0.9514071910197929
0.37791936565190554,0.5251319203525782,0.8050952479243279,0.28808020800352097,0.3462645672261715,0.805627005174756,1.2629112446377721e-06,0.9511365590463445,0.1683019525141333,0.21650034811786167,0.9511365590463445
0.241828097961843,0.3128765681758523,0.7795330081135035,0.31629832088947296,0.3253564490005374,0.8185957642272115,1.0522574045593851e-06,0.9509532621421009,0.18927382504957943,0.22641603501621393,0.9509532621421009
0.02513853646814823,0.3945579994469881,0.8739420110359788,0.24992857314646244,0.40999824460595846,0.9536468926817179,4.968038427344078e-06,0.9505125431303145,0.1649859554454377,0.25726095135139415,0.9505125431303145
0.24710257817059755,0.5908934250473976,0.7624967535957694,0.24748210329562426,0.34372281935065985,0.8379580760374665,1.9895725057708826e-06,0.9499954237093848,0.17984534893025056,0.19809746114774388,0.9499954237093848
0.32141241151839495,0.5302378674969077,0.6076940800994635,0.12309716548770666,0.345254672691226,0.8348846454173326,1.3212777483692705e-06,0.9496003011144272,0.1830123330259448,0.29765619607447724,0.9496003011144272
0.15401675645262003,0.43275352101773024,0.9891721643507481,0.25432594027370214,0.23998505342751741,0.7477027308195829,5.169380192514536e-06,0.9495758166461262,0.19458235321821377,0.2219401624242263,0.9495758166461262
0.37944755610078573,0.4166663037613034,0.6292660525068641,0.15210417471826077,0.30530504137277603,0.8321446338668466,1.5874848022210574e-06,0.9492191674531318,0.1911835172683034,0.2803188291741677,0.9492191674531318
0.39612456131726503,0.3918116493150592,0.6153743742033839,0.16023987904191017,0.36772603541612625,0.7156095625832677,4.850027289102741e-07,0.9489502965312248,0.1742313931869685,0.27934940929825236,0.9489502965312248
0.544175535440445,0.4289306243881583,0.55706128757447,0.23043796606361866,0.3470919346436858,0.768096974119544,5.87001806612588e-07,0.9485442133095823,0.1671413641979794,0.275277568088392,0.9485442133095823
0.059069967828691006,0.3194893188774586,0.5703749395906925,0.02643162664026022,0.32636786345392466,0.7892141165211797,8.649277135637331e-06,0.9484080238318022,0.19094770484726115,0.35905306437928,0.9484080238318022
0.03275128919631243,0.45588142797350883,0.7701725158840418,0.03852534852921963,0.31933408323675394,0.7033288236707449,8.284295711441786e-06,0.9482529938847722,0.1787037328168407,0.3848336710384211,0.9482529938847722
0.1224288372322917,0.5336246499791741,0.5129371136426926,0.19224838539958,0.4243290452286601,0.6506412634626031,4.1611397044598963e-08,0.9477230618433268,0.1403813212583129,0.33668401412361915,0.9477230618433268
0.5555484844371676,0.37127959355711937,0.18575212825089693,0.20100970938801765,0.4021333670243621,0.773614420555532,4.718347576136964e-07,0.9474255636556286,0.17505521420952896,0.2794680744231307,0.9474255636556286
0.25021654088050127,0.4160623522475362,0.21292411163449287,0.2522883964702487,0.38140991050750017,0.6392715200781822,1.6465836523790217e-06,0.9470442076273762,0.1728498931151274,0.31716730795824216,0.9470442076273762
0.07611722219735384,0.5808150470256805,0.5315605774521828,0.14299365505576134,0.46081673447042704,0.7369134807959199,2.2200769507706742e-07,0.9469673015134811,0.15565476568723624,0.26965553439116846,0.9469673015134811
0.03280835598707199,0.3414199650287628,0.5597361214458942,0.4049248229712248,0.419180765748024,0.8208881337195635,2.842879545952647e-06,0.9467092087928747,0.19444885347524057,0.281904365365787,0.9467092087928747
0.09446609485894442,0.39767711982131004,0.11939385812729597,0.4853280186653137,0.3819503430277109,0.7988346545025706,1.1411280112452572e-06,0.9467062647233171,0.19368420727042804,0.33934418926250504,0.9467062647233171
0.21537207812070847,0.43140472285449505,0.4546859487891197,0.036737168207764626,0.41811898816376925,0.8622333258390427,2.3024498664349248e-06,0.9465176676360159,0.17644544024247044,0.3662044170226484,0.9465176676360159
0.006264275871217251,0.26011104229837656,0.3401375748217106,0.2455379730090499,0.2547027450054884,0.7622144743800163,6.372962697282048e-06,0.946457773163977,0.19959238312848082,0.17479589098160117,0.946457773163977
0.08038643095642328,0.4344689445570111,0.29462498892098665,0.23751853872090578,0.28386021591722965,0.9678230453282595,4.1845583300939274e-06,0.9464456348779486,0.21063554521568723,0.24298611892406954,0.9464456348779486
0.183808583766222,0.4288109699264169,0.5941453324630857,0.4017962347716093,0.32084211334586143,0.8601843724027276,1.8919546127141584e-06,0.9462423178309969,0.20206493118411448,0.27518763067170937,0.9462423178309969
0.029227307066321373,0.3782567596063018,0.9360650908201933,0.4488667519763112,0.37572699226439,0.8286496670916677,1.710272102316077e-06,0.9453172185030367,0.20195397661946946,0.31820788566670644,0.9453172185030367
0.15209328662604094,0.31179582979530096,0.5429806169122458,0.041977619752287865,0.34935610741376877,0.7633635541424155,6.099878762585909e-06,0.9451354760668705,0.1831601975543585,0.3563133093548423,0.9451354760668705
0.28293169382959604,0.4699633289128542,0.004990279674530029,0.35468701366335154,0.41003263648599386,0.8579733185470104,1.7991125161943656e-06,0.9450233361222875,0.1966087970027351,0.27704125386323564,0.9450233361222875
0.23078368417918682,0.27242813259363174,0.7050398467108607,0.1634856266900897,0.3257993655279279,0.784521471709013,1.2643690988452311e-06,0.944277851586592,0.1888804107178598,0.22828867733177677,0.944277851586592
0.4710059994831681,0.5228433506563306,0.13435531128197908,0.14850012585520744,0.3810981856659055,0.807430955581367,1.287181560410921e-06,0.9438889684980384,0.177477068577271,0.2852568702875408,0.9438889684980384
0.1723820948973298,0.3219313435256481,0.4474054370075464,0.2395872212946415,0.3588371118530631,0.6580661591142416,3.910900170957948e-06,0.9438394945432899,0.18762782895961327,0.2634882177945923,0.9438394945432899
0.10834015347063541,0.3383221300318837,0.3020643154159188,0.34351009503006935,0.26570641156286,0.7461401177570224,4.526515626880827e-06,0.943181011152154,0.19749983463934545,0.19730282385205314,0.943181011152154
0.012085006572306156,0.3428273508325219,0.49481654074043036,0.21270688995718956,0.3393034404143691,0.9630686668679118,4.610292540771836e-06,0.9431702105776725,0.1534180784295749,0.2284990038009485,0.9431702105776725
0.010526983998715878,0.3707553967833519,0.9683129684999585,0.04357815254479647,0.4462083913385868,0.8175442172214389,5.861332852609591e-06,0.9430785375104889,0.18781614189497514,0.36800406765309923,0.9430785375104889
0.14578157383948565,0.5521402982994914,0.7486284859478474,0.15647349879145622,0.3320598313584924,0.892098244279623,2.7428849033140197e-06,0.942990263110529,0.19771719044556882,0.24920834354999888,0.942990263110529
0.2551716435700655,0.46005253307521343,0.307681598700583,0.2656823517754674,0.5067978827282786,0.7340742275118828,3.660524443582661e-07,0.9428159421843876,0.17189539483380858,0.22042546812716207,0.9428159421843876
0.17391584627330303,0.29152979981154203,0.2929238621145487,0.08774411957710981,0.42246426828205585,0.7803578460589051,2.6144945595084277e-06,0.9425527538011731,0.1825808055168528,0.30700867778273994,0.9425527538011731
0.42403659131377935,0.39662901405245066,0.7692999970167875,0.1682666279375553,0.43600595463067293,0.805726177059114,1.22176544170312e-06,0.9425222453564867,0.18534982971431455,0.26005238492909677,0.9425222453564867
0.08800434041768312,0.4245745437219739,0.2361460030078888,0.37979270052164793,0.4354111785069108,0.8871695846319199,2.422505371003738e-06,0.9423498931534966,0.1934226362735664,0.26536050943535344,0.9423498931534966
0.05340868979692459,0.5103032346814871,0.09219325706362724,0.1953489063307643,0.30075652711093426,0.6462573194876313,4.337676441761509e-06,0.942191629021669,0.18167397296751048,0.3124846154388507,0.942191629021669
0.21383957844227552,0.41134537011384964,0.6092974506318569,0.2902233311906457,0.28176058921962976,0.709929971024394,1.7978096877280302e-06,0.9421159274903687,0.19020867878873204,0.22845170661162353,0.9421159274903687
0.35572415217757225,0.38084664195775986,0.9811692135408521,0.25668836012482643,0.43859842140227556,0.8483904544264078,1.3502677849025225e-06,0.9420450015191466,0.188409439269672,0.22789013316291423,0.9420450015191466
0.10211604554206133,0.5997620802372694,0.40713319927453995,0.3390273619443178,0.4081025514751673,0.7580733262002468,2.5052699586510126e-06,0.941940990464446,0.16273476378898707,0.22379760006303515,0.941940990464446
0.3407540861517191,0.4895745450630784,0.9393065990880132,0.32852743938565254,0.4106329446658492,0.7618129421025515,6.445222077538628e-07,0.9419346721344171,0.1486450083303926,0.25220456143174863,0.9419346721344171
0.2211196282878518,0.25404430739581585,0.17567829973995686,0.21492974273860455,0.3420898783951998,0.7072452902793884,1.8505403055493507e-06,0.9419225101234063,0.183402917127819,0.21110496166817885,0.9419225101234063
0.2805729852989316,0.45663332752883434,0.07703952863812447,0.042405505664646626,0.43209099117666483,0.829003594815731,3.6827219923189897e-06,0.9417218534503503,0.18489912030902877,0.37247776183306147,0.9417218534503503
0.26704106014221907,0.6080621043220162,0.045614948496222496,0.2202281253412366,0.3742253463715315,0.8588507110252976,8.239465175480568e-07,0.941679995279319,0.1828756461033143,0.21345586945054573,0.941679995279319
0.08215521555393934,0.5155785325914621,0.14211508817970753,0.3261995716020465,0.3677923660725355,0.925685659982264,6.683497938092141e-06,0.9415928892388391,0.20136877710201234,0.24658434537385224,0.9415928892388391
0.21928260289132595,0.4302378874272108,0.8742344537749887,0.16100997477769852,0.2553651975467801,0.8316581500694156,3.7682041151893046e-06,0.94145851975649,0.1983775374180073,0.25389636796807213,0.94145851975649
0.11086650379002094,0.2850744407624006,0.4079434433951974,0.11619053222239017,0.29389585833996534,0.7836581422016025,3.259580487077394e-06,0.9414542084080879,0.19366659317659846,0.2534923557148467,0.9414542084080879
0.2791045969352126,0.31246421206742525,0.38153272308409214,0.3107460681349039,0.3890254916623235,0.8657832322642207,1.9133985753386156e-06,0.9412378193754202,0.17518243939120728,0.2270334049373551,0.9412378193754202
0.18857782240957022,0.3720009298995137,0.634402628056705,0.36369539983570576,0.4491711761802435,0.7921753926202655,1.8874272980151022e-06,0.9406659486204002,0.195029545374314,0.25934705656123463,0.9406659486204002
0.2637000400573015,0.43053975235670805,0.6797798173502088,0.3683230858296156,0.39576255716383457,0.8691280670464039,1.0905886246827136e-06,0.9406276632816342,0.19428366930032037,0.2704648633817494,0.9406276632816342
0.2694135643541813,0.5132189150899649,0.20253447256982327,0.07524384744465351,0.40709081571549177,0.7048214580863714,4.692588145083053e-07,0.9405885887082573,0.1583030522622545,0.34217093466871196,0.9405885887082573
0.09416394773870707,0.5005167815834284,0.9719641339033842,0.1802617972716689,0.32687265891581774,0.9393869265913963,5.961112592517046e-06,0.9405861121459709,0.20178587876871343,0.2604158934306548,0.9405861121459709
0.15563576575368643,0.31309653632342815,0.362919257953763,0.385611766949296,0.3036790946498513,0.7729482483118773,1.7182518792915891e-06,0.9397681087732643,0.1926862416010706,0.22416061801681464,0.9397681087732643
0.31132716685533524,0.5539805516600609,0.6442325143143535,0.23789128847420216,0.32193640153855085,0.8672893652692437,2.781532925286073e-06,0.9394261888419884,0.19315633253332887,0.19756571527690628,0.9394261888419884
0.1818782826885581,0.3637286573648453,0.7373961079865694,0.06601284816861153,0.3134243804961443,0.7320654941722751,7.456689632103543e-06,0.9383578271106203,0.19065995951570522,0.33044812291258907,0.9383578271106203
0.4217031002044678,0.3872716100886464,0.8505565207451582,0.29099438805133104,0.34127238020300865,0.8375284746289253,1.144683077668161e-06,0.9382680032215934,0.1926980998346111,0.25280088987544025,0.9382680032215934
0.027298138476908207,0.3832960342988372,0.8280568886548281,0.34072208032011986,0.2456039022654295,0.804812990128994,7.462129654267162e-06,0.9380165382035165,0.20404693871608395,0.22978511307039026,0.9380165382035165
0.07850374560803175,0.30474051274359226,0.8693185523152351,0.36138723883777857,0.35023794509470463,0.8473716666921973,2.8948622205481122e-06,0.9377499152510046,0.19602635741040902,0.263654040984487,0.9377499152510046
0.1147052962332964,0.6216926667839289,0.458849661052227,0.21739777456969023,0.31535141449421644,0.8524972079321742,1.069781055101863e-06,0.9377056736666902,0.19038710014143997,0.19442482211212986,0.9377056736666902
0.4940018244087696,0.436307979747653,0.3130947817116976,0.1568427039310336,0.311533160507679,0.8033047756180167,1.0132204559035604e-06,0.9375301828526201,0.18877914458005252,0.2767827389360197,0.9375301828526201
0.07373430486768484,0.4705489119514823,0.9027322670444846,0.29621744342148304,0.3884986760094762,0.6547336969524622,2.6896724429022185e-06,0.9372869001278166,0.1729150262846166,0.34139743931745326,0.9372869001278166
0.019339432008564472,0.33765755593776703,0.43609053269028664,0.24945384543389082,0.21956454869359732,0.8302912544459105,6.495581815594256e-06,0.9368506400618837,0.2028858086672109,0.20912627522453797,0.9368506400618837
0.040106695145368576,0.47329969983547926,0.8315608212724328,0.16539540328085423,0.4440520377829671,0.9299928117543459,2.257458777188942e-06,0.9368452222850404,0.17799837788507347,0.28887210081013664,0.9368452222850404
0.4336281418800354,0.3798474809154868,0.3611586829647422,0.21014538500458002,0.41959688253700733,0.7016059858724475,3.272370357962899e-07,0.936588232986064,0.17314402495173697,0.2434872488429173,0.936588232986064
0.36438638251274824,0.5309019675478339,0.18838971760123968,0.2493154974654317,0.4461189340800047,0.8668193006888032,1.3045820324442931e-06,0.9365446894040014,0.1873459316793711,0.2014566835013851,0.9365446894040014
0.15801661368459463,0.6377094388008118,0.31113360077142715,0.2719831857830286,0.39730171486735344,0.8127122884616256,1.1733094828227484e-06,0.9365363773925399,0.17289815397687489,0.2046315177501843,0.9365363773925399
0.15142373275011778,0.3357500834390521,0.42558438051491976,0.18610836286097765,0.2711167447268963,0.897945293225348,1.0777162908410958e-06,0.9360925627243555,0.1954004197346935,0.1905387961908116,0.9360925627243555
0.3775442475453019,0.47513682395219803,0.8112083878368139,0.2451104111969471,0.4639716139063239,0.8298666318878531,1.4516180241727163e-06,0.936066680389009,0.18308059640615668,0.23267853100050653,0.936066680389009
0.18564161099493504,0.5189141584560275,0.7775819199159741,0.2675849562510848,0.2986454563215375,0.9025825606659055,6.140918951142988e-06,0.9360027666072612,0.21077880200718846,0.20292377626797736,0.9360027666072612
0.4074420277029276,0.41222864761948586,0.1559082129970193,0.16745788790285587,0.3297049216926098,0.8963579703122377,1.3136457925254428e-06,0.9359124154648701,0.19627457903529144,0.24955726948663717,0.9359124154648701
0.4190876353532076,0.4369325051084161,0.3785761324688792,0.2274342207238078,0.4819564837962389,0.8189876889809966,2.111958729247008e-06,0.935808247352537,0.19038270231170795,0.2308209713279974,0.935808247352537
0.23311683535575867,0.5054940739646554,0.7806455669924617,0.10760853439569473,0.4377311188727617,0.8555257264524698,1.1358768689148538e-06,0.9357713007410026,0.18924589302605108,0.3075939331843506,0.9357713007410026
0.04633343406021595,0.36628192011266947,0.4418539060279727,0.027484514750540257,0.4080393612384796,0.8797957226634026,2.383144392421156e-06,0.9353603321762318,0.1587154795230686,0.3643510228637633,0.9353603321762318
0.230726252309978,0.4001188315451145,0.9926399411633611,0.28002706449478865,0.4124618135392666,0.683571107685566,1.0798485186577616e-06,0.9352040096440484,0.18308224254597175,0.27193520359350115,0.9352040096440484
0.14233711082488298,0.4272810369729996,0.41405479423701763,0.21494748815894127,0.43629909586161375,0.9711166322231293,1.7738298226687243e-06,0.9352023809910885,0.1613170003880228,0.2718224068171092,0.9352023809910885
0.1989258350804448,0.5953228808939457,0.6516981702297926,0.1981385787948966,0.46204145438969135,0.8038191786035895,7.600105345029841e-07,0.9348618357153323,0.1709994557923521,0.2076484587459963,0.9348618357153323
0.18051525205373764,0.44604966044425964,0.3122773924842477,0.05792845971882343,0.27710308600217104,0.8535337150096893,6.484302836548048e-06,0.9348107372178766,0.1993252287076954,0.33923331638026294,0.9348107372178766
0.0979958325624466,0.5693378485739231,0.288720328360796,0.22000639978796244,0.2527149496600032,0.718873961828649,2.239148094750395e-06,0.9345812094567223,0.18314204954808733,0.19073767336033637,0.9345812094567223
0.15417463704943657,0.5030460022389889,0.6813536277040839,0.045001253485679626,0.4573266254737973,0.7440465167164803,9.066868038188514e-07,0.9341709720091015,0.16399687234826135,0.37509515913359287,0.9341709720091015
0.049142745323479176,0.46358021907508373,0.25343238841742277,0.46261985041201115,0.42787093576043844,0.8202121602371335,1.3201848418387937e-06,0.9340242585027922,0.19595060834372757,0.31173477610250333,0.9340242585027922
0.21098872274160385,0.5558443935588002,0.6337766069918871,0.08764568902552128,0.3192336102947593,0.7509884648025036,1.9308120829101862e-06,0.9339147022652093,0.17217610276311443,0.30280413383965504,0.9339147022652093
0.19102294370532036,0.5619500121101737,0.3161203768104315,0.20375659316778183,0.2903186995536089,0.6930272104218602,6.49600188112267e-07,0.9337873932474757,0.18034944594227936,0.20612308871149587,0.9337873932474757
0.21105364337563515,0.2749168798327446,0.4094008496031165,0.3300515478476882,0.3708167430013418,0.829413597472012,1.8450353629053375e-06,0.9334223524644348,0.18482705584765757,0.24303180712488404,0.9334223524644348
0.011624341830611229,0.21356577705591917,0.4851573780179024,0.15809056255966425,0.38111727219074965,0.7849658755585551,4.044514855133516e-06,0.9332684913629227,0.18037304551005426,0.28261726520231334,0.9332684913629227
0.12760783452540636,0.4583997931331396,0.045995231717824936,0.4284595800563693,0.31077295634895563,0.7338158832862973,4.054187912872757e-06,0.9332281665096431,0.19358675718656126,0.2729986671857678,0.9332281665096431
0.09063328336924314,0.3222051365301013,0.49407502356916666,0.4121053395792842,0.4166215509176254,0.7911333106458187,2.051230485853281e-06,0.9330822210629978,0.19669198977795088,0.2658930848802168,0.9330822210629978
0.12411820143461227,0.45996004343032837,0.36513919848948717,0.28148020431399345,0.4108948493376374,0.9603447811678052,3.4775575190432793e-06,0.9329777224824245,0.18216335051718896,0.24610152992703122,0.9329777224824245
0.0945400195196271,0.3209316087886691,0.8352076560258865,0.28588605020195246,0.2536916881799698,0.7611604249104857,4.2005455056615286e-06,0.9328776296520189,0.19885996968485414,0.19016844331007424,0.9328776296520189
0.08758001774549484,0.519808110781014,0.8000018233433366,0.18738115578889847,0.5231125121936202,0.7767338352277875,2.1509008997418742e-06,0.9328524685581171,0.18770191901884217,0.25187164456681455,0.9328524685581171
0.25259688775986433,0.6003475813195109,0.5562684899196029,0.2805530959740281,0.3905358612537384,0.7428219858556986,8.87736399702969e-07,0.932819231854672,0.14244591198129464,0.1986729794004915,0.932819231854672
0.4361384576186538,0.47641056030988693,0.39063659217208624,0.12084806524217129,0.361580996774137,0.8600919879972935,1.3447391021701935e-06,0.9325442585592324,0.1922440360772827,0.30767399400446105,0.9325442585592324
0.14203007239848375,0.4658224619925022,0.5548801841214299,0.07075571175664663,0.4520532479509711,0.8679111357778311,2.010954450999973e-06,0.9325008820272588,0.18242047631092662,0.35246970005563505,0.9325008820272588
0.2153641888871789,0.5216103261336684,0.9569057477638125,0.14458852913230658,0.3698390470817685,0.6817477019503713,3.6043153898013605e-07,0.9324949542135408,0.16734621655462653,0.31684858685068834,0.9324949542135408
0.006523138843476772,0.43485196866095066,0.4829127974808216,0.18289120215922594,0.48453062772750854,0.9211280737072229,2.213958780536371e-06,0.9324789381241572,0.17764822052067547,0.262013278164597,0.9324789381241572
0.4826276274397969,0.4854971934109926,0.3939091498032212,0.25738043431192636,0.37859634310007095,0.8755321754142642,2.299326008328036e-06,0.9324549319245355,0.1898548417079762,0.2349005849865099,0.9324549319245355
0.29926351830363274,0.34970055148005486,0.8083061715587974,0.29314629454165697,0.43042726814746857,0.8455957574769855,1.7269367885474274e-06,0.9321451221532052,0.18761089268589745,0.232134504534097,0.9321451221532052
0.11676762625575066,0.3591703651472926,0.026645027101039886,0.023215018212795258,0.4524295963346958,0.7887055920436978,6.7615935716666686e-06,0.9320499977140613,0.1922734980424581,0.37477532527296975,0.9320499977140613
0.008073982782661915,0.3982180980965495,0.5233101798221469,0.30642578937113285,0.49682770669460297,0.8469390720129013,1.1275283312839085e-05,0.9318184615576208,0.20373865850530393,0.26048283792168114,0.9318184615576208
0.010576399974524975,0.5889121266081929,0.23855654150247574,0.2859840765595436,0.48996193427592516,0.7709679175168276,1.0183663847872981e-05,0.9315979277420451,0.18592106905309574,0.22561380514064408,0.9315979277420451
0.10022902674973011,0.40241944417357445,0.13590860273689032,0.35130432341247797,0.24693669192492962,0.8385347481817007,5.492510476768158e-06,0.9314821950409524,0.21035416078933988,0.2440511024346744,0.9314821950409524
0.022647377103567123,0.5642042243853211,0.12641530483961105,0.15764418337494135,0.272179801017046,0.8650275142863393,5.19487820780095e-06,0.9310414957408301,0.20981211866579336,0.23158799247808176,0.9310414957408301
0.09069024678319693,0.6028926204890013,0.7052441872656345,0.16964798979461193,0.39824142400175333,0.8694307105615735,4.4418367881532136e-07,0.930934774862897,0.1802330228420401,0.22807063047207488,0.930934774862897
0.04222852177917957,0.4140783818438649,0.3496153121814132,0.1013459013774991,0.2353690778836608,0.7355642020702362,1.4630253025984609e-05,0.9308203937480503,0.19300204102560786,0.29766772485287457,0.9308203937480503
0.19479837361723185,0.48373403307050467,0.029606343246996403,0.4385571191087365,0.41852961014956236,0.7729840883985162,5.09631517425478e-07,0.9306489601428096,0.1816814782743087,0.30566059633048365,0.9306489601428096
0.07124483864754438,0.3434329004958272,0.7324739741161466,0.22450227849185467,0.5056620957329869,0.8458563536405563,4.050843520846152e-06,0.9305827738562806,0.19397587986557283,0.24603910757322003,0.9305827738562806
0.033507960848510265,0.20258073415607214,0.7414331324398518,0.20584023371338844,0.3314379686489701,0.7983058141544461,3.3127920215697135e-06,0.9304561280113921,0.19174616116706628,0.2385635796068745,0.9304561280113921
0.15403121057897806,0.5818299567326903,0.18477393873035908,0.3159404927864671,0.43294299207627773,0.8360930904746056,2.9500932093354807e-06,0.9301012489097702,0.1893737000423661,0.2148608038425279,0.9301012489097702
0.010441383346915245,0.5115909781306982,0.7351437853649259,0.07156434748321772,0.40100316517055035,0.6764793414622545,8.546790927181051e-07,0.9293096299728247,0.1574436690948719,0.3942075515913115,0.9293096299728247
0.5104191694408655,0.42204068321734667,0.8432982843369246,0.22233611531555653,0.41171797551214695,0.7415181957185268,1.9988471804828668e-07,0.9292638747349181,0.16559703696924774,0.268991889625257,0.9292638747349181
0.0923223877325654,0.2680751709267497,0.12835899647325277,0.2349205818027258,0.3538071755319834,0.9216715143993497,4.260456188832253e-06,0.9290574440075683,0.1456061887224532,0.2112514519164372,0.9290574440075683
0.4696021741256118,0.46451384853571653,0.6035261955112219,0.12993918173015118,0.3899170383810997,0.8251506695523858,1.297332632078725e-06,0.9289519298877807,0.1814987117302968,0.3255823088418324,0.9289519298877807
0.10184090584516525,0.4283313499763608,0.8617770820856094,0.2238622959703207,0.23457461409270763,0.8973048888146877,5.836817003580246e-06,0.9286294778712003,0.21593502148410312,0.23658102849325474,0.9286294778712003
0.029292533174157143,0.6601303685456514,0.1457619247958064,0.19130508601665497,0.43547387700527906,0.7508367784321308,1.2307928021401677e-07,0.9284897402664172,0.14412448740527048,0.240311541063864,0.9284897402664172
0.36839486192911863,0.506655627861619,0.46572176832705736,0.18439530208706856,0.3640567660331726,0.9110300950706005,2.314592566990807e-06,0.9284719966554522,0.19289799876201838,0.22177837140180293,0.9284719966554522
0.3179240869358182,0.608442036435008,0.2319610482081771,0.16600276250392199,0.4196181483566761,0.7805470833554864,1.8400537054137733e-07,0.9283567053754612,0.15996885035991099,0.21010352759666734,0.9283567053754612
0.022597312927246094,0.3447963409125805,0.9167109476402402,0.41520584747195244,0.29286199528723955,0.7867244370281696,4.84052233727326e-06,0.9282589632636288,0.20354339347767678,0.24947119563864667,0.9282589632636288
0.4139835275709629,0.3409911934286356,0.39804423600435257,0.13517959602177143,0.3192007588222623,0.8004996161907911,1.4836983680943858e-06,0.9282254484192203,0.19254030452075718,0.2694320011118764,0.9282254484192203
0.25826213601976633,0.410320189781487,0.2562662521377206,0.11477488745003939,0.2752704154700041,0.7166981641203165,4.128555257866714e-06,0.9280668855532254,0.19418860641543162,0.27752784020685284,0.9280668855532254
0.3481266424059868,0.33227753546088934,0.2791413990780711,0.16143697034567595,0.46358442679047585,0.764493178576231,1.2237034221716704e-06,0.9277724040130296,0.19065014798223012,0.23717918912755237,0.9277724040130296
0.21965863090008497,0.4768257336691022,0.37081509456038475,0.4465900072827935,0.3539064284414053,0.7366396887227893,2.463218744986773e-07,0.9276452698784073,0.17568513941847486,0.26633866128262995,0.9276452698784073
0.22870343923568726,0.3801777381449938,0.06837464217096567,0.017644070088863373,0.2919877842068672,0.7811307068914175,1.0424161699612867e-05,0.9275715423825462,0.20631821684214635,0.34585170490542566,0.9275715423825462
0.06785017997026443,0.31649633683264256,0.3249229770153761,0.26954827923327684,0.35446180775761604,0.9479323513805866,5.364500257285308e-06,0.9273637230816523,0.155434751342363,0.20317615842872574,0.9273637230816523
0.20581626053899527,0.3638138612732291,0.15482727624475956,0.13540133647620678,0.30779946595430374,0.6844514980912209,5.098704228968566e-06,0.9272778629100067,0.19902123120656223,0.2797997377142365,0.9272778629100067
0.13904451671987772,0.5895287143066525,0.6661328701302409,0.18487482238560915,0.3237653896212578,0.7030948055908084,7.601252865508764e-07,0.9272607437387186,0.17099673125625547,0.22768865259736165,0.9272607437387186
0.5044744508340955,0.4091500146314502,0.31015542056411505,0.14923990424722433,0.42802411038428545,0.7501871436834335,3.733859198345508e-07,0.9272444107055914,0.1793103835108658,0.2921038350589935,0.9272444107055914
0.29402698669582605,0.3913719682022929,0.6316996375098825,0.4343361360952258,0.35927405674010515,0.7883117636665702,3.125172538719745e-07,0.9266594259928137,0.18947037725552324,0.2837639001367585,0.9266594259928137
0.36877099331468344,0.3271085126325488,0.3524631140753627,0.2822103966027498,0.3063782723620534,0.8578112749382854,7.72309895890688e-07,0.9264753640147667,0.19398012015337385,0.20504816224935415,0.9264753640147667
0.28448259364813566,0.4558324944227934,0.7190440269187093,0.16619098838418722,0.2687343591824174,0.8609205959364772,3.260076813244477e-06,0.9261746048655908,0.20433663846639002,0.24247575943349373,0.9261746048655908
0.2909766109660268,0.4834931958466768,0.4623957024887204,0.02821155544370413,0.30926402285695076,0.8104691635817289,4.493082263461222e-06,0.9260791009611489,0.19571076498394085,0.34388893912617,0.9260791009611489
0.07876368146389723,0.38976568821817636,0.9461787268519402,0.29897650610655546,0.3929319567978382,0.9375329734757543,4.362647345200433e-06,0.9258530235968374,0.18303408135991014,0.25002878593337075,0.9258530235968374
0.23322130367159843,0.49471412878483534,0.7750474186614156,0.42401373758912086,0.36885410640388727,0.7550665205344558,2.1873250113565865e-07,0.9258082802586695,0.16919589294567444,0.2741070265406626,0.9258082802586695
0.3919069729745388,0.345351031050086,2.231542021036148e-05,0.18543864786624908,0.43751970678567886,0.8425134792923927,2.593000992009319e-06,0.9257849218279978,0.18258004185218893,0.24696957348415255,0.9257849218279978
0.08406025264412165,0.635846515186131,0.6934588989242911,0.2023323019966483,0.30916610173881054,0.7650092504918575,9.42827888223068e-07,0.9257848705814381,0.17385760996613212,0.19763142030501712,0.9257848705814381
0.33285188488662243,0.2860684674233198,0.2975815488025546,0.23827965091913939,0.4373432379215956,0.8496686555445194,2.2899428620162403e-06,0.9256049946428978,0.17676705667942053,0.22213594626852348,0.9256049946428978
0.07788143865764141,0.36893669329583645,0.6147910710424185,0.4089773269370198,0.31784304324537516,0.8816539729014039,2.0978402591026935e-06,0.925079883552529,0.20114962845979353,0.27184630057873727,0.925079883552529
0.3461164887994528,0.2738050390034914,0.1632233653217554,0.1918361270800233,0.3057226715609431,0.7607516516000032,5.055650852721301e-07,0.9248360647057887,0.1869941845121127,0.18199557154704163,0.9248360647057887
0.24519223999232054,0.4940013000741601,0.49989376962184906,0.2145961904898286,0.23697541188448668,0.7444213638082147,1.8300315774376273e-06,0.9243334519445012,0.1824131580198301,0.19215412088338746,0.9243334519445012
0.20771699771285057,0.35204336885362864,0.7822020184248686,0.38089189399033785,0.4292505346238613,0.7743928488343954,1.0773646071053568e-06,0.9241596095658877,0.19595842991485843,0.2579045225146823,0.9241596095658877
0.13525777030736208,0.5356080122292042,0.48997776862233877,0.2787406826391816,0.2741817692294717,0.7081624213606119,1.717278037272121e-06,0.9238182963661699,0.18632311773500418,0.2046964681763034,0.9238182963661699
0.43175542168319225,0.44613042660057545,0.1983668264001608,0.1777928052470088,0.32623462844640017,0.698871542699635,9.414700219724673e-07,0.9236287337846045,0.18118942516419412,0.25056535601210544,0.9236287337846045
0.24019594583660364,0.5583356283605099,0.3275409424677491,0.2801075503230095,0.4225265011191368,0.8942692996934056,1.6119678885724748e-06,0.9236076479434681,0.1926386036811427,0.19021989749002988,0.9236076479434681
0.21349903848022223,0.5878975782543421,0.602707402780652,0.23944104928523302,0.3994662035256624,0.6872907606884837,8.290346989360957e-07,0.9234963921416951,0.14402534057845437,0.26053800476856065,0.9234963921416951
0.0846576513722539,0.4406677819788456,0.6113898018375039,0.33115360978990793,0.3612307934090495,0.9432280538603663,4.137163591680042e-06,0.9234123795358599,0.19816583748901512,0.2694773140720618,0.9234123795358599
0.26222413778305054,0.3327573537826538,0.859664018265903,0.10590268764644861,0.4076251219958067,0.8433419158682227,1.7537954093685038e-06,0.9234031624173192,0.18874283080831047,0.3011999757195264,0.9234031624173192
0.16744864732027054,0.2805082695558667,0.005785810761153698,0.2674452355131507,0.3591560432687402,0.6921099340543151,3.6802156424726644e-06,0.9230450794346646,0.19557721235039593,0.2403965284925441,0.9230450794346646
0.33009397983551025,0.46861526370048523,0.05520522780716419,0.20596702676266432,0.41462846752256155,0.937894769012928,1.461379058896523e-06,0.9228314712899198,0.18358477149759525,0.23709310678773896,0.9228314712899198
0.0029152650386095047,0.5058299209922552,0.7936244904994965,0.311127751134336,0.2556791277602315,0.7263648211956024,8.211657301231745e-06,0.9228287276987066,0.19981324880375223,0.2296712005955498,0.9228287276987066
0.5248437914997339,0.42998218443244696,0.3209315678104758,0.278709901496768,0.33327165618538857,0.8442395916208625,1.7758790643963075e-06,0.9226065444677622,0.19617252296065232,0.26400345480611837,0.9226065444677622
0.3582265693694353,0.5714762564748526,0.2647749539464712,0.2771300729364157,0.44570544362068176,0.7685359343886375,6.155038914572891e-07,0.9225307802834503,0.15785472814722265,0.20271751224011986,0.9225307802834503
0.004442527890205383,0.4286460215225816,0.6412327950820327,0.1285668620839715,0.34363723639398813,0.6358942715451121,5.856188993539316e-06,0.9222070461581561,0.1838126425972359,0.3963506403856756,0.9222070461581561
0.25035638362169266,0.49497022293508053,0.7173210019245744,0.10915677435696125,0.4780591707676649,0.7962138131260872,1.478122928802797e-06,0.9221927493069697,0.18708617103500033,0.3095070243349603,0.9221927493069697
0.31601295061409473,0.387483948841691,0.8331990661099553,0.11847981251776218,0.39902746956795454,0.7054588962346315,9.05157240346752e-07,0.9219222241124523,0.18649878044547863,0.30849591479556676,0.9219222241124523
0.27916919719427824,0.5306170582771301,0.6693945890292525,0.053172907792031765,0.4248618520796299,0.7879531923681498,1.2994069831109846e-06,0.9217143772859646,0.16670179540075455,0.3451862632495331,0.9217143772859646
0.39174937177449465,0.5174350664019585,0.2961473250761628,0.21113698557019234,0.3928809482604265,0.6710456172004342,8.86590036787929e-08,0.9215423876838246,0.15459660250018348,0.2769347895201261,0.9215423876838246
0.08296712301671505,0.5543791996315122,0.2605295889079571,0.17966253403574228,0.3512142086401582,0.6337612932547927,9.610502494081702e-07,0.9214919242561598,0.16711923636327997,0.3404050569892131,0.9214919242561598
0.3214847156777978,0.31089077331125736,0.3178791804239154,0.3655239958316088,0.34066865500062704,0.7565873069688678,8.781490904641752e-07,0.9209921534125012,0.18998824479780096,0.23367928952879014,0.9209921534125012
0.3193852286785841,0.29349304363131523,0.7886463794857264,0.26289988216012716,0.3271890878677368,0.7362035280093551,1.270722130812227e-06,0.9205973751385595,0.18569356208385865,0.18820785129869075,0.9205973751385595
0.01251420471817255,0.3042282359674573,0.5991147719323635,0.07580869551748037,0.2922989008948207,0.8134745405986905,5.2671871163107285e-06,0.9205896165352466,0.19322799235091534,0.31507591706725524,0.9205896165352466
0.22183355409651995,0.24013816379010677,0.14857801981270313,0.3095478443428874,0.37499058805406094,0.768630363047123,1.4744263350627094e-06,0.9205842013946117,0.18887511230802187,0.24007653396439138,0.9205842013946117
0.07576779369264841,0.4198885578662157,0.5376849230378866,0.32658641040325165,0.3578191641718149,0.6520069427788258,3.913027449859773e-06,0.920561366645288,0.19124346002217085,0.326413138112547,0.920561366645288
0.07716373912990093,0.4520028131082654,0.6946048345416784,0.47157063242048025,0.4233422642573714,0.7865507258102298,4.87363798142311e-07,0.9205467754513761,0.19296881340753613,0.31018080900198086,0.9205467754513761
0.2607069117948413,0.3206015881150961,0.2013906529173255,0.34460405446588993,0.2947187665849924,0.7456652978435159,1.1309991615279752e-06,0.9205294370875566,0.19406360624508,0.19397056720035172,0.9205294370875566
0.1561832195147872,0.28914585150778294,0.7308898428454995,0.27997900638729334,0.31917423475533724,0.8883606567978859,2.2448520276787487e-06,0.9204657180737681,0.18931620513745454,0.19963024445759045,0.9204657180737681
0.04664059169590473,0.28086523432284594,0.5895772203803062,0.1331022996455431,0.4550444073975086,0.7795143108814955,4.328659480381527e-06,0.9202720622884654,0.19009544559331856,0.2748016340660948,0.9202720622884654
0.05747700575739145,0.34717313665896654,0.10661361925303936,0.23266961984336376,0.4664760623127222,0.9288458423689008,3.660361043022997e-06,0.9197549689693618,0.14494289224234014,0.23943030580123414,0.9197549689693618
0.15183430444449186,0.3831338696181774,0.6550852563232183,0.10433084890246391,0.3918671067804098,0.9199940832331777,1.1359818434125196e-06,0.9196943848984231,0.16648408395613234,0.30935049336302456,0.9196943848984231
0.019300173968076706,0.280064788646996,0.23933507595211267,0.008828535676002502,0.36785219982266426,0.8118115263059735,7.926904783466556e-06,0.9193038724830096,0.19638698238607094,0.36510978648729825,0.9193038724830096
0.5307263592258096,0.3702480774372816,0.46466871351003647,0.19292651489377022,0.3410555962473154,0.7480121897533536,6.392206324547898e-07,0.9191468387256583,0.17432959762711772,0.2527714358917037,0.9191468387256583
0.10316016525030136,0.2261475995182991,0.16053277999162674,0.21686747204512358,0.4551951475441456,0.811473292298615,4.604859368810411e-06,0.9191203984173133,0.17780127326441375,0.2628588738570656,0.9191203984173133
0.13728334195911884,0.4450286477804184,0.5752322049811482,0.4509290438145399,0.2948372717946768,0.77348677162081,1.5847424570882278e-06,0.9186832717302742,0.19518235090156685,0.2639536409273627,0.9186832717302742
0.35014701820909977,0.3513006893917918,0.992698697373271,0.3479664521291852,0.3537802938371897,0.7674061236903071,6.983980906089796e-07,0.9184492292026809,0.19296874444374493,0.25329076033961956,0.9184492292026809
0.38740673940628767,0.3702037949115038,0.11449790839105844,0.3050226205959916,0.28422527108341455,0.8105869656428695,8.362907250148296e-07,0.9183653397217177,0.19841665660154942,0.21664077702295562,0.9183653397217177
0.45251796767115593,0.377231540158391,0.20998707693070173,0.14753907267004251,0.4315002905204892,0.8394488031044602,2.1746405717468863e-06,0.9181796403578001,0.1924202033695107,0.28595806987517386,0.9181796403578001
0.4996764715760946,0.513493419624865,0.2467626528814435,0.27894619572907686,0.3488169275224209,0.8383730463683605,2.408291176749294e-06,0.9181263640743836,0.1931700509722576,0.24921241326858617,0.9181263640743836
0.35377857740968466,0.3189233774319291,0.8747855741530657,0.21698748879134655,0.446683737449348,0.7438613176345825,4.981530326218509e-07,0.9181245499613905,0.18753551750661746,0.22662512513275226,0.9181245499613905
0.2640413772314787,0.5702248150482774,0.6864003194496036,0.16129268892109394,0.2937420243397355,0.7663667583838105,7.655420292767155e-07,0.9178027895800704,0.17999646339882377,0.20965771707313333,0.9178027895800704
0.2455781763419509,0.4824431901797652,0.6728487089276314,0.31282328348606825,0.2556536300107837,0.8036894593387842,3.4399895447212764e-06,0.9177211418599995,0.1927010999744424,0.2013809213515776,0.9177211418599995
0.2116619423031807,0.5797385657206178,0.27265840861946344,0.20099192950874567,0.30349385272711515,0.9021712932735682,2.552446217644088e-06,0.917680351822701,0.2093219622180893,0.1775046995989193,0.917680351822701
0.1146481316536665,0.340032740496099,0.7481457339599729,0.4598208572715521,0.37472995556890965,0.8053277377039194,9.98166889474669e-07,0.917616312790607,0.19977702697525782,0.29763863951821556,0.917616312790607
0.28647023905068636,0.4051707712933421,0.8386160619556904,0.19831447768956423,0.48494584672152996,0.8635258199647069,1.4081551674875172e-06,0.9173484511551038,0.20200860135900342,0.22517650857067073,0.9173484511551038
0.24516477342694998,0.29845985770225525,0.40428757201880217,0.39460079558193684,0.3760382542386651,0.7652217727154493,7.367745312260282e-07,0.9172732824269176,0.19030752467735465,0.25456913557728406,0.9172732824269176
0.3483864590525627,0.47199950739741325,0.42099966388195753,0.22402240429073572,0.29521905817091465,0.9193517845124006,4.4151990312035124e-06,0.9170250260385476,0.2108081074100269,0.19423939079298014,0.9170250260385476
0.10792579688131809,0.38078304566442966,0.5237525422126055,0.3862594412639737,0.3953224988654256,0.6927497824653983,1.6035001217368686e-06,0.9167879098039667,0.194921993647767,0.28447990553118446,0.9167879098039667
0.04897631425410509,0.2550588482990861,0.5454140976071358,0.2636699778959155,0.2997815730050206,0.8735719779506326,4.416216993166949e-06,0.916327403966784,0.19646006948095462,0.20021566901824323,0.916327403966784
0.11471318732947111,0.456535997800529,0.9605504227802157,0.1084477286785841,0.3950006840750575,0.6562666576355696,8.266889194112555e-07,0.9162875595286204,0.1762915539951479,0.3873652385811972,0.9162875595286204
0.014578917995095253,0.4886654829606414,0.36862221732735634,0.3075455129146576,0.24134577810764313,0.8918276904150844,1.474398832922772e-05,0.916263327607858,0.2259880098221385,0.22120684540088822,0.916263327607858
0.030925650149583817,0.4610894611105323,0.6915039867162704,0.15509911626577377,0.31291259825229645,0.9583662785589695,4.439279425595602e-06,0.9161446171136213,0.20121680173342094,0.29508707300561,0.9161446171136213
0.05704432725906372,0.661055788397789,0.4850056003779173,0.19896890223026276,0.37021508626639843,0.7236474137753248,1.5346208434319466e-07,0.9159851573928673,0.1444080175169741,0.24088387126953348,0.9159851573928673
0.11487754993140697,0.47962504252791405,0.5750288562849164,0.397410836070776,0.3859908916056156,0.9014666751027107,2.350647093193629e-06,0.9157732013497996,0.20415052625067012,0.2716729175489216,0.9157732013497996
0.43169822823256254,0.3199226390570402,0.4713278040289879,0.26547619234770536,0.4119349978864193,0.8310831049457192,1.5233397271589882e-06,0.915675565048122,0.18228863217710792,0.23002512623450164,0.915675565048122
0.012363151647150517,0.5009383764117956,0.5015886658802629,0.21684902906417847,0.22009884752333164,0.7149598067626357,8.162010103274683e-06,0.9155769391332348,0.18821758990476858,0.2521146567964771,0.9155769391332348
0.3754740487784147,0.33812790364027023,0.23681347537785769,0.12716482765972614,0.3751598075032234,0.7094064243137836,1.246195105914638e-06,0.9153863600794885,0.19105898241343,0.28458112050542744,0.9153863600794885
0.11822420917451382,0.40124158281832933,0.20222551003098488,0.313489256426692,0.3198056798428297,0.9557558400556445,3.38060273639848e-06,0.9153751994200146,0.20447529027626443,0.2343633249424672,0.9153751994200146
0.1786091011017561,0.6151781817898154,0.34333600383251905,0.23607914336025715,0.46729295141994953,0.8335738191381097,1.1655601198265671e-06,0.9151717219678733,0.1840569860733398,0.22122939841017442,0.9151717219678733
0.32141977921128273,0.4229335840791464,0.10547428298741579,0.20274449326097965,0.42881019227206707,0.6544088562950492,3.1796238624673667e-07,0.9151200096388883,0.17203877602431045,0.29917971010221345,0.9151200096388883
0.21744911931455135,0.5288321115076542,0.16968149691820145,0.16888378839939833,0.458487194031477,0.9043273515999317,1.1546984027408985e-06,0.9147957413410982,0.1923197043558055,0.22178684224079634,0.9147957413410982
0.1765357404947281,0.45479307044297457,0.034952941350638866,0.11797728668898344,0.4139128280803561,0.9311479078605771,1.5685775963952435e-06,0.9144596641689747,0.17647491181020594,0.31014660298171304,0.9144596641689747
0.016746009700000286,0.40868083853274584,0.8064196575433016,0.11109589599072933,0.2847767500206828,0.6805940996855497,1.1004063476941297e-05,0.9143938455837047,0.20170878506439696,0.3375914517333355,0.9143938455837047
0.3505640057846904,0.523203176446259,0.7107044290751219,0.2514905193820596,0.3047453314065933,0.7190538439899683,1.1606319899004918e-06,0.9137446464895059,0.1711802596993365,0.18742062671697227,0.9137446464895059
0.10027590580284595,0.6142399534583092,0.9403970623388886,0.2815845226868987,0.4240387203171849,0.7491678446531296,2.2371779599964073e-06,0.9135806653936868,0.16125139542174582,0.22995190997133816,0.9135806653936868
0.3197375042364001,0.3714455133304,0.28425324615091085,0.09437764994800091,0.2813212601467967,0.8281890666112304,3.5800509503984845e-06,0.9133771390302674,0.2017949365493679,0.3008443301967978,0.9133771390302674
0.10038407798856497,0.5353320715948939,0.44381261244416237,0.07595291547477245,0.4660003613680601,0.8426905572414398,1.8737734525449814e-06,0.9133464563122743,0.18502194528381963,0.32462818044861724,0.9133464563122743
0.1304222485050559,0.17882538214325905,0.6437129583209753,0.22184375394135714,0.36808208376169205,0.7705060010775924,1.6877769697689972e-06,0.9132161775676892,0.18390611633079396,0.2903425591639637,0.9132161775676892
0.31119993701577187,0.4457427207380533,0.6459588231518865,0.2964840065687895,0.48450374603271484,0.7667406164109707,7.772412244150829e-07,0.9126252086197839,0.18049526128732174,0.24676210054016892,0.9126252086197839
0.1048180852085352,0.20743151381611824,0.5636731879785657,0.2803208129480481,0.346611687913537,0.7831706870347261,2.5302396794936626e-06,0.9125828655603447,0.1952998385288108,0.24207230839280972,0.9125828655603447
0.32600365299731493,0.31396916043013334,0.5255130818113685,0.20938893966376781,0.2652054261416197,0.7777643296867609,5.822757383365506e-07,0.9125660466070759,0.18776140410473982,0.17252582380858947,0.9125660466070759
0.23310946766287088,0.41627147048711777,0.27847154438495636,0.2183895232155919,0.27214387245476246,0.6611317014321685,2.6005250446035666e-06,0.9119285406519165,0.19710350396490026,0.25646188406945825,0.9119285406519165
0.3458058377727866,0.6016600988805294,0.38318207301199436,0.1578649701550603,0.35475572291761637,0.7447479469701648,2.2580041754665924e-07,0.9119201402804218,0.16284003374275116,0.20726800450456612,0.9119201402804218
0.3724848246201873,0.5170975616201758,0.2778752688318491,0.38341093342751265,0.3355838628485799,0.7860272629186511,9.205599788500858e-07,0.911860324161445,0.1873077967714645,0.23955020678534036,0.911860324161445
0.12223548628389835,0.3301670094951987,0.7836742997169495,0.15726912766695023,0.46951712016016245,0.8553351685404778,3.0997282283047557e-06,0.9117449275756627,0.187495481220395,0.2427880752690663,0.9117449275756627
0.10801619850099087,0.3258664859458804,0.6194276595488191,0.19156923703849316,0.22603955026715994,0.797606959939003,3.5652866295928126e-06,0.9115977716362046,0.1943296242052936,0.20607029984175554,0.9115977716362046
0.41153076849877834,0.42314902041107416,0.09354818426072598,0.4054753156378865,0.36226721201092005,0.7713608043268323,9.340921819288288e-07,0.9115793926956509,0.19006797066003617,0.28870975119790127,0.9115793926956509
0.004795943386852741,0.47483726032078266,0.14464936591684818,0.48262835294008255,0.29783044196665287,0.7919016359373927,4.978218294036702e-06,0.9115703360754531,0.2079782827205977,0.294020831759978,0.9115703360754531
0.3705813139677048,0.4865798903629184,0.6603937894105911,0.33613022044301033,0.34622768498957157,0.7282723411917686,5.811431289792628e-07,0.9115639979968106,0.17143788977254965,0.2397455945210321,0.9115639979968106
0.16140761133283377,0.26360644679516554,0.6015482414513826,0.3541389349848032,0.3711702283471823,0.800636108033359,1.972151114980206e-06,0.9114898285992333,0.19488098892266428,0.25350406474428777,0.9114898285992333
0.2273773681372404,0.6465837312862277,0.3833636427298188,0.21414711605757475,0.4134372463449836,0.8288261443376541,2.958705315369209e-07,0.9113248776921438,0.16813654824045923,0.22487214582063872,0.9113248776921438
0.21345412638038397,0.42471821419894695,0.28216857090592384,0.17466705571860075,0.2108398536220193,0.7756506102159619,6.681491258212822e-06,0.9111715282628969,0.19109606374482296,0.22925029939033645,0.9111715282628969
0.09064169880002737,0.376663813367486,0.4023109246045351,0.2288353517651558,0.2120641116052866,0.7185098258778453,9.143029107218433e-06,0.9111098598638641,0.19561206554469915,0.23123018457757769,0.9111098598638641
0.21575857419520617,0.47762844432145357,0.9581015603616834,0.3203707514330745,0.4406715091317892,0.7061875760555267,1.1968857928687668e-06,0.9111003923465636,0.1661333094622051,0.2768278362205827,0.9111003923465636
0.12476050574332476,0.5061483038589358,0.9135331409052014,0.15445538610219955,0.239320513792336,0.8222345011308789,4.4870804901869156e-06,0.9110419703038494,0.2015063159500754,0.2583122437739091,0.9110419703038494
0.07854298688471317,0.3740475093945861,0.5485396655276418,0.3793561775237322,0.24889943841844797,0.7644395567476749,5.1689039723923204e-06,0.9110211818265812,0.2008406700769501,0.23307365305816438,0.9110211818265812
0.18895419966429472,0.6287675788626075,0.6400427417829633,0.16447770409286022,0.36180098820477724,0.8145094122737646,2.1915050512439198e-07,0.9099897759313805,0.17288147476603608,0.22946318166038612,0.9099897759313805
0.33666435442864895,0.4707097075879574,0.7516666892915964,0.09780693333595991,0.38191583193838596,0.8868178026750684,1.2637338791973003e-06,0.9099327620983331,0.1951916240331659,0.31828353242368046,0.9099327620983331
0.24189316015690565,0.5945367403328419,0.05270629283040762,0.07387339789420366,0.35983447916805744,0.7719083614647388,2.252679377042708e-06,0.9099175773004881,0.17310293816533742,0.316182210488282,0.9099175773004881
0.2804380804300308,0.3781849341467023,0.5726425880566239,0.3193261884152889,0.45842757262289524,0.7355110123753548,8.722161142443273e-07,0.9098379034153404,0.18700232956107732,0.23891050282251822,0.9098379034153404
0.44121335819363594,0.4879960594698787,0.5827892292290926,0.06337722670286894,0.3651167144998908,0.767775708809495,1.462886960836908e-06,0.909796848478039,0.17112508601550394,0.356104058902751,0.909796848478039
0.14606082532554865,0.409040798433125,0.35113724414259195,0.4768898291513324,0.40398108027875423,0.8461194103583694,1.0809951872285247e-06,0.9097012374709225,0.19862955616640882,0.3094925407456042,0.9097012374709225
0.021284742280840874,0.40105281863361597,0.294917362742126,0.28866749349981546,0.2272224510088563,0.7023978419601917,1.3346200458911571e-05,0.9094329755606434,0.2084930321020882,0.24274692872359477,0.9094329755606434
0.1885205078870058,0.4879242340102792,0.9063862906768918,0.20090957917273045,0.2814397504553199,0.675367577932775,9.4402604560605e-07,0.9094185529158341,0.19307125284266188,0.2648029316546299,0.9094185529158341
0.3998172804713249,0.42199547681957483,0.73573864903301,0.2797443112358451,0.4645356396213174,0.8014407437294722,1.315343401774031e-06,0.9087723569965931,0.1891978347258217,0.23415980988109736,0.9087723569965931
0.1825884785503149,0.6059770081192255,0.06602633092552423,0.17395084630697966,0.34629109129309654,0.8817673958837986,1.4686468715468577e-06,0.9085741905284831,0.19619664977338888,0.20454946591766776,0.9085741905284831
0.385160175152123,0.37514203414320946,0.3720722049474716,0.27466309163719416,0.3010608181357384,0.8988130791112781,9.71175605769154e-07,0.9083591849140272,0.2047567335239704,0.19931057605438546,0.9083591849140272
0.11060656793415546,0.3954842807725072,0.26900616381317377,0.053540170192718506,0.46097968239337206,0.8767491364851594,2.962063383594867e-06,0.9080242861806377,0.18021893781102657,0.3503741599444601,0.9080242861806377
0.12450947239995003,0.5408084113150835,0.3624287573620677,0.24632307887077332,0.2786023113876581,0.9358915165066719,8.486169368532204e-06,0.9079511981320912,0.22030598930151551,0.20669925071949669,0.9079511981320912
0.1482839910313487,0.4938125582411885,0.02837661560624838,0.1847085189074278,0.3413068912923336,0.9762928765267134,5.9482975732572565e-06,0.907943193376564,0.20102614348259537,0.2617505894547454,0.907943193376564
0.2946865977719426,0.507309009321034,0.28108489140868187,0.23894412443041801,0.41241360642015934,0.9578404612839222,2.8876863268971282e-06,0.9076701250376389,0.18957918375887547,0.23744693751254198,0.9076701250376389
0.12298358418047428,0.47364839538931847,0.8913200348615646,0.2198589164763689,0.26971863862127066,0.9456833992153406,7.34898364623968e-06,0.9075477575877202,0.22125345697728743,0.23979811765774586,0.9075477575877202
0.24748936295509338,0.5134522346779704,0.2580959815531969,0.3915819264948368,0.29773273691534996,0.7459648186340928,8.296862208647814e-07,0.9075064297364538,0.18844422372506517,0.20548347313233975,0.9075064297364538
0.536212564446032,0.4783099628984928,0.4712430639192462,0.23604836035519838,0.39357081707566977,0.7189815081655979,3.29395389632099e-07,0.9074389865083252,0.15642001253457485,0.26120087703506595,0.9074389865083252
0.004248608835041523,0.3893509563058615,0.7615415835753083,0.36948105972260237,0.31332513503730297,0.9220946924760938,3.8550077197445946e-06,0.9072487445426511,0.21375414358544897,0.25960799731211726,0.9072487445426511
0.2967559043318033,0.512554844841361,0.5955021819099784,0.19951283931732178,0.2592982677742839,0.7351677091792226,7.026761183776006e-07,0.9071188309012572,0.18234975720605573,0.19072768096426618,0.9071188309012572
0.1837589517235756,0.6481578834354877,0.3238636180758476,0.14376345556229353,0.3650841014459729,0.7817649617791176,2.699773538252897e-07,0.9067396143124613,0.16268346193431024,0.24070672501834128,0.9067396143124613
0.35021947883069515,0.5694268401712179,0.20631128828972578,0.10555868595838547,0.3350493786856532,0.8139657322317362,1.6566204213114648e-06,0.906637100017933,0.19374305243020656,0.2811407817096828,0.906637100017933
0.4998037610203028,0.487210544757545,0.24454050790518522,0.18910343293100595,0.4655463984236121,0.8000514665618539,1.2763508545644208e-06,0.9066234522523549,0.18454224448415943,0.25428460332210545,0.9066234522523549
0.23615819588303566,0.34042035695165396,0.15655322186648846,0.07744441460818052,0.4389973720535636,0.7208532867953181,2.404716849548445e-06,0.9063071661943158,0.19071277263605807,0.31273404358567275,0.9063071661943158
0.03857916500419378,0.33467981219291687,0.6994725838303566,0.2596477707847953,0.20994848385453224,0.7814923888072371,8.336236988964251e-06,0.9060118878330098,0.2008620347136995,0.19990359876683117,0.9060118878330098
0.3163310158997774,0.3313692780211568,0.11737415008246899,0.16902258526533842,0.27759010437875986,0.7295523341745138,1.7884357433086396e-06,0.9059864915205939,0.1949386623574587,0.1886375669668357,0.9059864915205939
0.36702744755893946,0.5433314172551036,0.5368347782641649,0.31086118798702955,0.36732445657253265,0.8521532919257879,1.6404555846183603e-06,0.9058104824894839,0.19176133218571295,0.23308957080699533,0.9058104824894839
0.11882899980992079,0.372165878303349,0.6185002559795976,0.10618546325713396,0.4654355375096202,0.7038725102320313,1.9426248557052086e-06,0.9057359175736983,0.1892996566936452,0.32772665266481854,0.9057359175736983
0.2273197639733553,0.4284305851906538,0.6595048792660236,0.4561143424361944,0.40044536255300045,0.7508740359917283,1.7278781376856234e-07,0.9055999347376216,0.18248077432853468,0.29071928113293255,0.9055999347376216
0.016912410967051983,0.3729547653347254,0.02028220985084772,0.1616424834355712,0.4133557165041566,0.626471484079957,5.312438907062584e-06,0.9055905633613222,0.18219913496737722,0.3752672654250977,0.9055905633613222
0.2327922247350216,0.39269993361085653,0.1312618236988783,0.2874744972214103,0.25936459470540285,0.906135500408709,2.0738600701529813e-06,0.9052731054476353,0.21854234392078087,0.19814020600895513,0.9052731054476353
0.45356446597725153,0.41701571084558964,0.5697509776800871,0.20678296498954296,0.4786584097892046,0.7853261614218354,1.1857622501577785e-06,0.9051721269768239,0.19065498119926008,0.24666227348921077,0.9051721269768239
0.08028955478221178,0.5662346994504333,0.2924409909173846,0.2961131567135453,0.40150527004152536,0.9279318889603019,5.1761875558239136e-06,0.9051661143119973,0.19814488427825394,0.21850795667929404,0.9051661143119973
0.30545235611498356,0.33964134752750397,0.002471170388162136,0.4012453528121114,0.3977098735049367,0.7945454325526953,1.6298163718357065e-06,0.9051171846670711,0.19890974181880225,0.28676431560527377,0.9051171846670711
0.16943142749369144,0.4017079705372453,0.4658437827602029,0.061824848875403404,0.249777402728796,0.8014624621719122,9.793545140799354e-06,0.904851209357659,0.19597574413863939,0.318788341842176,0.904851209357659
0.12259230576455593,0.5255832653492689,0.8969182055443525,0.3097036611288786,0.41965265944600105,0.9075927352532744,4.2038971908483e-06,0.9047047596266664,0.20120074846819908,0.23920573305789872,0.9047047596266664
0.40818929113447666,0.26664777752012014,0.04435658548027277,0.2298109233379364,0.4115225840359926,0.8031124472618103,1.6468174853759082e-06,0.9043905135583522,0.18324807247619693,0.24570001756834642,0.9043905135583522
0.30540516413748264,0.3792116856202483,0.7964058257639408,0.3268071971833706,0.26914783474057913,0.770451607182622,7.282964356726333e-07,0.9038011932036797,0.1938765892532729,0.2035916392152558,0.9038011932036797
0.09215129539370537,0.29186516627669334,0.27367521170526743,0.2592208869755268,0.36470915097743273,0.6453433213755488,6.859903960187761e-06,0.9037324150209008,0.1983159374358905,0.2787797383722895,0.9037324150209008
0.290303242392838,0.3823907133191824,0.5690354462713003,0.1333480440080166,0.32475873827934265,0.9133089259266853,1.2624071541741587e-06,0.903691380461223,0.19657018636223292,0.27810970942917534,0.903691380461223
0.2863761568441987,0.5955333122983575,0.8403077367693186,0.2725323075428605,0.3214028896763921,0.7788042277097702,1.0805112088376123e-06,0.9036147351857892,0.1758578157708597,0.1722101394925454,0.9036147351857892
0.13103728368878365,0.4945392720401287,0.3635062323883176,0.3701737355440855,0.25235555600374937,0.8324675746262074,6.0937532551017e-06,0.9035957026677068,0.20861910784279764,0.22490305888290865,0.9035957026677068
0.3163959002122283,0.4649574914947152,0.3297863006591797,0.27027865033596754,0.491709440946579,0.8629619497805834,1.4174330739858928e-06,0.9035819174441475,0.20237012951696076,0.21441172329145763,0.9035819174441475
0.3917414955794811,0.4357655504718423,0.7939723525196314,0.10316903982311487,0.3172572571784258,0.8514091931283474,2.1777909508169185e-06,0.9032436078380924,0.20469066864546234,0.3156811988831829,0.9032436078380924
0.2625802056863904,0.254314879886806,0.3640532698482275,0.25183453410863876,0.4516009809449315,0.7483924767002463,1.4260864414872217e-06,0.9032216290412967,0.18706450229861202,0.21451878413248895,0.9032216290412967
0.12851898465305567,0.2453568959608674,0.7908717086538672,0.12702955957502127,0.40167331602424383,0.7667644256725907,2.3538303294713887e-06,0.9029237857831918,0.19261186475512282,0.28533766252038156,0.9029237857831918
0.2973847072571516,0.33390890061855316,0.46767287142574787,0.23162985127419233,0.2580010425299406,0.8739261515438557,8.125184703247554e-07,0.9028854187752647,0.20425854555353115,0.17779705693141548,0.9028854187752647
0.057051741518080235,0.2607760960236192,0.9871955933049321,0.11932348180562258,0.4194712322205305,0.7948705134913325,4.201978824210833e-06,0.9025787978187507,0.1982683190808681,0.279712889054655,0.9025787978187507
0.2706909207627177,0.3372569242492318,0.9424956701695919,0.21635161247104406,0.3447824213653803,0.9366649901494384,1.5865497193369108e-06,0.9025766744441961,0.18676036761048273,0.21155586260919404,0.9025766744441961
0.44911905098706484,0.41921516507864,0.3868617955595255,0.0885188989341259,0.38040561880916357,0.7192667797207832,7.575748474957558e-07,0.9020758343269308,0.17999086167683948,0.32454615081825705,0.9020758343269308
0.48933225218206644,0.40618519857525826,0.4451680313795805,0.27635182440280914,0.4024681309238076,0.7177187167108059,7.64684334260061e-07,0.9016568941276464,0.1739163231885858,0.23711337051674827,0.9016568941276464
0.25463798362761736,0.5418751668184996,0.8783466052263975,0.37349803280085325,0.3557820236310363,0.7475104965269566,5.327468260963585e-07,0.9013920006644328,0.1698974699118831,0.24243423635011252,0.9013920006644328
0.0906981062144041,0.4440899258479476,0.20354319270700216,0.027501548640429974,0.3138310546055436,0.6745503172278404,9.001511622472694e-06,0.9011731882170239,0.1960539317169864,0.381558058765881,0.9011731882170239
0.21034493204206228,0.24469921551644802,0.9794038664549589,0.1976769408211112,0.32210045028477907,0.8448314974084496,1.480481309961446e-06,0.9011099985420311,0.19938476385421555,0.215074464926435,0.9011099985420311
0.07709678262472153,0.4030902348458767,0.6225509215146303,0.3096133954823017,0.5133850453421474,0.7493842337280512,5.464769228572879e-06,0.9009831758101573,0.19854288389808786,0.26725155005747697,0.9009831758101573
0.2974417759105563,0.4635145924985409,0.24160311743617058,0.33291549514979124,0.47260794695466757,0.724876269698143,7.05415682723737e-07,0.9009592256300901,0.17316412127505962,0.2470083337064392,0.9009592256300901
0.27648424450308084,0.44215800892561674,0.1392137436196208,0.2804056126624346,0.3995286263525486,0.9540065517649055,1.7869690637009006e-06,0.9006741037367516,0.19136841831913723,0.22104867008574555,0.9006741037367516
0.1655276957899332,0.29372546914964914,0.7194730173796415,0.20387177262455225,0.4679798474535346,0.7145913019776344,1.3645335625576825e-06,0.9002236665786272,0.19202259998419488,0.24168798943488148,0.9002236665786272
0.16020756494253874,0.24626229237765074,0.5744536835700274,0.1350706135854125,0.3414508569985628,0.739205258898437,2.59743832894656e-06,0.9000598569864274,0.1952517424784087,0.26912261624722544,0.9000598569864274
0.10008073505014181,0.5748584037646651,0.5876222914084792,0.21256076265126467,0.4189950469881296,0.9416334982961416,1.2902458171328408e-06,0.8999995073911196,0.1805885790747896,0.25774816406139756,0.8999995073911196
0.3935705740004778,0.5258686793968081,0.579463416710496,0.21956097334623337,0.3100809855386615,0.8859766945242882,3.5165852431109417e-06,0.8997984203337244,0.205382084108403,0.20819489508205488,0.8997984203337244
0.36098727863281965,0.40555451437830925,0.8999508367851377,0.12834609765559435,0.2832685746252537,0.7543380158022046,1.6842313452835244e-06,0.8997620644936454,0.1965630750235342,0.2713489517799597,0.8997620644936454
0.44304987229406834,0.3438073927536607,0.19064051657915115,0.23985473066568375,0.26807269640266895,0.7954517751932144,7.660896140774283e-07,0.8997325058112439,0.19245230127514162,0.18015236585605457,0.8997325058112439
0.007996243424713612,0.32066578045487404,0.3074810579419136,0.4819380445405841,0.36728804744780064,0.838073406368494,2.3887653467660233e-06,0.8995720403544756,0.19939481976534285,0.3138492323890348,0.8995720403544756
0.4446769133210182,0.33198872674256563,0.5375003116205335,0.3012793119996786,0.4086347781121731,0.7983982106670737,1.173063253754049e-06,0.8995244888482721,0.1895131551400045,0.24548926122640524,0.8995244888482721
0.6613822197541595,0.3971852781251073,0.22214167192578316,0.19531859830021858,0.3735340489074588,0.7816645316779613,7.6008379703019e-07,0.8995079136526917,0.17968551050677933,0.3254966224268137,0.8995079136526917
0.19292650651186705,0.4655004842206836,0.7451176606118679,4.561152309179306e-05,0.2777234213426709,0.7583484929054976,8.507332887568676e-06,0.8994265080338755,0.20760101598745856,0.3382489145039715,0.8994265080338755
0.11272656545042992,0.46126294415444136,0.7880381708964705,0.24246761109679937,0.2341081267222762,0.6959731830283999,5.66630635306352e-06,0.8993458976270161,0.19877284741889636,0.25877815547477695,0.8993458976270161
0.19480574131011963,0.5631898324936628,0.5274316091090441,0.3598802126944065,0.3691537780687213,0.7182330898940563,8.252921438989149e-07,0.8993094937528389,0.16817898361770203,0.23530337170267565,0.8993094937528389
0.24715305864810944,0.30732741951942444,0.3560350304469466,0.25326438527554274,0.24493851233273745,0.8508268548175693,1.4613931638256563e-06,0.899075756094402,0.20398759931148472,0.17094216575945617,0.899075756094402
0.23604910168796778,0.26197197660803795,0.6609453884884715,0.2840451914817095,0.4204731099307537,0.8163175610825419,2.174380338010888e-06,0.8989516266028241,0.18769534583342065,0.22633007366490104,0.8989516266028241
0.20784921292215586,0.305340887978673,0.2856147615239024,0.23007844015955925,0.4615076472982764,0.6808697786182165,1.252205369742797e-06,0.8988843850393377,0.1878554893610908,0.2657257854666955,0.8988843850393377
0.14785491209477186,0.39172468427568674,0.877692136913538,0.04032570589333773,0.294302798807621,0.8724690303206444,3.19772832555476e-06,0.8986815817457989,0.20853125264952777,0.3437133929500791,0.8986815817457989
0.2033708207309246,0.5537472339347005,0.8326371079310775,0.29534776881337166,0.4624824784696102,0.8305366169661283,1.6951004493537041e-06,0.8985335319524537,0.18928943877125817,0.22613276529399226,0.8985335319524537
0.48334425408393145,0.3185632834210992,0.28278107289224863,0.31997356098145247,0.3665419425815344,0.7843866432085633,5.348051533210975e-07,0.8983604636924842,0.19035524518072044,0.2583455030928835,0.8983604636924842
0.30362302903085947,0.3763338839635253,0.5024969847872853,0.1701178876683116,0.24137242138385773,0.7960320459678769,2.3622234296034625e-06,0.8982093892381364,0.19348674421988996,0.21547614353635736,0.8982093892381364
0.2843355154618621,0.5448748283088207,0.7251380858942866,0.3654088778421283,0.41665428318083286,0.7740933429449797,5.614876521482159e-07,0.898139786754269,0.16049153710509143,0.23983804753834198,0.898139786754269
0.32800480630248785,0.4427858777344227,0.07591463811695576,0.3353175763040781,0.3238316308706999,0.9070668881759048,3.2487429688441614e-06,0.8981158322309694,0.21637223899314853,0.242282899392022,0.8981158322309694
0.4285508571192622,0.4785115346312523,0.07459031976759434,0.26214586943387985,0.48163754865527153,0.7849153634160757,1.4822075209810494e-06,0.8980862012076658,0.18536709646112773,0.23103310448277095,0.8980862012076658
0.07612511143088341,0.4972000503912568,0.03329185675829649,0.03514676634222269,0.25140433851629496,0.807037953287363,1.2110784716057124e-05,0.8978383476422378,0.20771478143216693,0.3443984408442066,0.8978383476422378
0.2151995338499546,0.5454024598002434,0.5708685414865613,0.35736545640975237,0.3491713274270296,0.8759855134412646,2.7183011843249866e-06,0.897695325438555,0.20846996914169605,0.2367299300095907,0.897695325438555
0.14021982811391354,0.4124306784942746,0.01795608177781105,0.2062630532309413,0.532399158924818,0.7160428529605269,4.105165882729643e-07,0.8976573797663033,0.18960206062884205,0.2695399921307225,0.8976573797663033
0.17390798684209585,0.6302715111523867,0.7907183701172471,0.22684082947671413,0.3496477175503969,0.7108439542353153,3.523652545906951e-07,0.8976386510739687,0.16349611387666627,0.23759551015440855,0.8976386510739687
0.3068818971514702,0.3517499081790447,0.7264058981090784,0.08983953576534986,0.28876400273293257,0.7994116032496095,3.4483174390275188e-06,0.8975698286227501,0.20074049187197185,0.2946953416261903,0.8975698286227501
0.07374216429889202,0.5763730760663748,0.4044339768588543,0.4050400024279952,0.33912248630076647,0.8344873255118728,1.905341662000223e-06,0.8974681594375205,0.20580347119145725,0.24327371387387217,0.8974681594375205
0.19825631100684404,0.5088726729154587,0.25449269730597734,0.09233010187745094,0.41505191288888454,0.9197294050827622,2.2445140592995084e-06,0.8974487031696579,0.18790479227855086,0.3092785360779729,0.8974487031696579
0.06620830576866865,0.4843190452083945,0.5625294242054224,0.0864403210580349,0.2681988161057234,0.7002322152256966,4.876498780899481e-06,0.8972382664275464,0.18713064887327913,0.33925106211769956,0.8972382664275464
0.021496140398085117,0.1875228276476264,0.38082196563482285,0.2854844108223915,0.34892753697931767,0.8159151189029217,5.377426574293035e-06,0.8970251466303527,0.20354095572085973,0.24989674723370825,0.8970251466303527
0.3286901991814375,0.5186198633164167,0.7139322319999337,0.2030931869521737,0.408129433169961,0.9280857834964991,1.8766925183322353e-06,0.8969465484049357,0.19351416587693948,0.22729414539311113,0.8969465484049357
0.24937559198588133,0.28789437282830477,0.3413732163608074,0.15660387743264437,0.40866154059767723,0.8902246588841081,2.1017139599569156e-06,0.8966723386482935,0.16251675154839745,0.2225243316125639,0.8966723386482935
0.28630383778363466,0.31396469846367836,0.11693150456994772,0.030595649033784866,0.36358487978577614,0.8253633016720414,3.999552285238218e-06,0.8965216745767836,0.19898231771131386,0.35677864428303047,0.8965216745767836
0.06591237522661686,0.5396566558629274,0.9663654360920191,0.1225499976426363,0.4258460197597742,0.9054303495213389,1.8121096031012357e-06,0.8965036722053503,0.1995162629802946,0.2889320669383474,0.8965036722053503
0.049033270217478275,0.5366313420236111,0.2551433639600873,0.005589520558714867,0.265303585678339,0.7957590445876122,8.6634998773574e-06,0.8964147402466293,0.21343401051199323,0.3276863002603195,0.8964147402466293
0.419200686737895,0.5628560511395335,0.38030619639903307,0.3016539057716727,0.3320863554254174,0.7964876089245081,1.0635210696306899e-06,0.8962299839573822,0.18471607435952048,0.20006645815052365,0.8962299839573822
0.10390718188136816,0.5838159043341875,0.8180798487737775,0.15060078725218773,0.2666821964085102,0.7727126209065318,1.7301428730698266e-06,0.8957496740275595,0.1938700425338463,0.22034239457271723,0.8957496740275595
0.12901771627366543,0.3735352782532573,0.7848146334290504,0.24436048604547977,0.31873310636729,0.9773331517353654,3.547119092290116e-06,0.8957258121946762,0.20248145656028874,0.22988274704552952,0.8957258121946762
0.33210462145507336,0.39451779145747423,0.37739754747599363,0.17562124226242304,0.32342100143432617,0.9430629517883062,1.3926567892475838e-06,0.8956753551700684,0.1990963851197775,0.2199094591446708,0.8956753551700684
0.018996860831975937,0.36548215989023447,0.8543518949300051,0.1537066651508212,0.2583466172218323,0.9117214856669307,1.9388381042041e-06,0.8956729769934408,0.21308970587025997,0.2594064162645954,0.8956729769934408
0.41731980443000793,0.512197507545352,0.06212526932358742,0.3338462384417653,0.4294006731361151,0.791318017989397,1.3371632895778855e-06,0.895551998964626,0.1841509306616554,0.2559807790203449,0.895551998964626
0.25022438541054726,0.5057948119938374,0.7112386142835021,0.4255621116608381,0.32812556345015764,0.8187729613855481,1.3893212327559777e-06,0.8954476191578327,0.19701556270877846,0.2584001539313548,0.8954476191578327
0.21177038922905922,0.4204734368249774,0.26753352489322424,0.26739720720797777,0.38995131105184555,0.987228593789041,1.995868572210175e-06,0.8953971150907398,0.18989720233142157,0.24186268363427088,0.8953971150907398
0.2804952757433057,0.2617695266380906,0.8475408023223281,0.2491869516670704,0.3112037656828761,0.8530665151774883,1.4645561303886395e-06,0.8952529656758537,0.19745986640925112,0.20059883544258605,0.8952529656758537
0.5785298524424434,0.4095020331442356,0.49870295636355877,0.20378690864890814,0.348447791300714,0.8593759015202522,1.0598432040152235e-06,0.8951527007864511,0.19106429818397075,0.2940063749996622,0.8951527007864511
0.3222329327836633,0.3840694362297654,0.49151482712477446,0.3031099811196327,0.4141854280605912,0.9111445480957627,1.791945167718119e-06,0.8950141638734047,0.18730640425230738,0.22013675423006493,0.8950141638734047
0.3011672664433718,0.29122614953666925,0.6262498553842306,0.32526209857314825,0.3393375938758254,0.8478657798841596,1.191490536580598e-06,0.8947374984958336,0.19378030860133816,0.24454361615592987,0.8947374984958336
0.12529399432241917,0.353342866525054,0.972454278729856,0.4516272218897939,0.3486709501594305,0.8523378949612379,1.3090918911557522e-06,0.8946399439140117,0.2078504417480797,0.2966083768374673,0.8946399439140117
0.3282727813348174,0.4575023679062724,0.8189405957236886,0.2285532047972083,0.2571978848427534,0.723131419159472,1.133911646939085e-06,0.8945458253508168,0.18989550609085673,0.1954427774987331,0.8945458253508168
0.4708589809015393,0.47687657829374075,0.13996879290789366,0.31646794080734253,0.31222117505967617,0.8319775145500898,3.4278965709057966e-06,0.8943828156481257,0.20633788604771486,0.2503477677642639,0.8943828156481257
0.27107088174670935,0.5170777142047882,0.8604418057948351,0.3140968466177583,0.2934525227174163,0.864891491830349,4.326873921356226e-06,0.8942838481918355,0.21202723468185689,0.21184074112158716,0.8942838481918355
0.05312321800738573,0.5496218437328935,0.44253996200859547,0.2987966099753976,0.2937153810635209,0.9207542529329658,7.761557287367155e-06,0.8940353003726035,0.22476320235277863,0.20359799432720366,0.8940353003726035
0.38126884400844574,0.271602232940495,0.320846613496542,0.2217119336128235,0.34724178817123175,0.7067702505737543,8.543177221481499e-07,0.8939895882645976,0.1838812346774721,0.2141238564857926,0.8939895882645976
0.21317421831190586,0.5960585670545697,0.9867057166993618,0.2625055154785514,0.3810714231804013,0.8797280685976148,1.607058620429413e-06,0.8939357106792265,0.19693088754327345,0.20652589353964534,0.8939357106792265
0.48090681340545416,0.4163370970636606,0.22828168328851461,0.08105195686221123,0.3159044999629259,0.755248786881566,1.9331198125141706e-06,0.8938537111034702,0.19311870158520678,0.32833081564489885,0.8938537111034702
0.010584289208054543,0.48916976526379585,0.7402878208085895,0.3957840921357274,0.2843356253579259,0.7163459053263068,5.281827525743218e-06,0.8935386521093135,0.2037059062120698,0.2508067130073377,0.8935386521093135
0.22731236647814512,0.5247408961877227,0.15729939099401236,0.3463089046999812,0.3248221483081579,0.6953898258507252,1.695152072146082e-06,0.8931977921264772,0.18903948065742657,0.23511632943947286,0.8931977921264772
0.15036555472761393,0.34785865899175406,0.8345846459269524,0.3745645610615611,0.4115567374974489,0.8832830991595984,2.2180446765133846e-06,0.8931257138761061,0.19414071212149914,0.25363434314164346,0.8931257138761061
0.08437831792980433,0.5825261045247316,0.47958698496222496,0.026820046827197075,0.4299782104790211,0.8029270246624947,1.9471964115709057e-06,0.8930413646490394,0.17485505204692106,0.33961578845796897,0.8930413646490394
0.19327989034354687,0.38718196749687195,0.24951835069805384,0.35703605972230434,0.36277582310140133,0.6652950774878263,1.9221707673841506e-06,0.8928254993729674,0.20006495741815086,0.2823202600094004,0.8928254993729674
0.14821929298341274,0.3661130825057626,0.3013217383995652,0.2548354621976614,0.42845808435231447,0.6241258624941111,2.5202748348758196e-06,0.8928119478099785,0.18424658526580182,0.34281001372215275,0.8928119478099785
0.4729937082156539,0.5891300663352013,0.3001986853778362,0.24334481172263622,0.3491369355469942,0.8116230042651296,1.3082236461033683e-06,0.8925509894628599,0.18428308116356354,0.21404596218248428,0.8925509894628599
0.34427256137132645,0.5109520358964801,0.3532123062759638,0.012850174680352211,0.4264433719217777,0.8167306818068027,2.738475910417855e-06,0.8923953859621514,0.19953065874389403,0.34699181371298643,0.8923953859621514
0.19662317913025618,0.3621026547625661,0.8337506335228682,0.0036506466567516327,0.3325335131958127,0.8674742067232728,3.056801751347269e-06,0.8923738678528943,0.21256342897619138,0.3518628775716134,0.8923738678528943
0.18802385404706,0.37318023946136236,0.05381377227604389,0.19344180077314377,0.5242916950955987,0.8289051447063684,5.632717101454263e-06,0.8922520124941329,0.2035864429346656,0.22270509403618563,0.8922520124941329
0.04218003340065479,0.5634028846397996,0.5467429617419839,0.031421112827956676,0.4374365098774433,0.8327436354011297,2.0501078025927683e-06,0.8920469935439159,0.18329528538454087,0.35352374773293016,0.8920469935439159
0.35231735929846764,0.5049505932256579,0.17755918111652136,0.3700903542339802,0.29283808823674917,0.7726369258016348,1.666923126289584e-06,0.8917951390910425,0.19539779918218134,0.2153991619808829,0.8917951390910425
0.042257772758603096,0.6557247620075941,0.25280636735260487,0.23868702538311481,0.30782091431319714,0.8572641927748919,1.843050487401122e-06,0.8917636292594662,0.2039250767700899,0.21460444702394227,0.8917636292594662
0.31793197616934776,0.4383859848603606,0.734135065227747,0.023856379091739655,0.37023957446217537,0.7106586508452892,2.553734299232992e-06,0.8917186052087129,0.19091170072997143,0.3616323950159438,0.8917186052087129
0.39253075420856476,0.5405521458014846,0.1758418744429946,0.28299899958074093,0.3881430523470044,0.8947481578215957,2.543960203826387e-06,0.8915373428063234,0.20220589839613085,0.2054817545577831,0.8915373428063234
0.0734389703720808,0.5378304589539766,0.5018788715824485,0.26042867824435234,0.29236161056905985,0.9495317349210382,9.419584382681993e-06,0.8914056649320393,0.22447710661786818,0.21757778567407535,0.8914056649320393
0.03610576223582029,0.5001431312412024,0.2421496994793415,0.1296184854581952,0.5156617229804397,0.8690495891496539,2.406581769483921e-06,0.891144639977271,0.21019048517938113,0.29204731435497117,0.891144639977271
0.36115275602787733,0.3133060736581683,0.17632474564015865,0.08512754365801811,0.4128840696066618,0.8096818039193749,3.0282168618082907e-06,0.8907791701866055,0.1951266049479126,0.31563481274067495,0.8907791701866055
0.051053935661911964,0.5561189595609903,0.682826385833323,0.25887825805693865,0.3779640942811966,0.6355051901191473,2.721823599909763e-06,0.8905189210048995,0.16628688892663213,0.3427744898526108,0.8905189210048995
0.27322290930897,0.354134333319962,0.28154245112091303,0.27791470382362604,0.4550710506737232,0.9063749089837074,1.8642371918004506e-06,0.8904013833147623,0.18173707794552174,0.20161318255806943,0.8904013833147623
0.4789038607850671,0.475054076872766,0.33124382607638836,0.05053812079131603,0.4070082502439618,0.7505294047296047,1.0624536899866854e-06,0.8899877244476966,0.1772553062182581,0.3503549709862633,0.8899877244476966
0.0891058798879385,0.4614454535767436,0.4537547919899225,0.15917379595339298,0.5300988797098398,0.8567943489179015,2.584845500335437e-06,0.8896606317905635,0.2086319029758222,0.26364533210596913,0.8896606317905635
0.29919905960559845,0.569074341095984,0.01605929620563984,0.03555405139923096,0.38044601026922464,0.7985268849879503,3.331877019271924e-06,0.8895598331714036,0.1869770692079491,0.3454373924993684,0.8895598331714036
0.0466040326282382,0.38187564071267843,0.05970066599547863,0.1664731651544571,0.20052596647292376,0.8224208513274789,1.1625585646510194e-05,0.889365674517469,0.2020476909983712,0.2636749748873684,0.889365674517469
0.05863342992961407,0.5540236476808786,0.8509091325104237,0.12380621116608381,0.2778059272095561,0.7126271910965443,2.2233421363971715e-06,0.8890712195577933,0.19713003654810554,0.27976559482987257,0.8890712195577933
0.1554997581988573,0.26590404380112886,0.8663357784971595,0.225879299454391,0.33782817609608173,0.6784062962979078,3.1915659270897904e-06,0.8890403883259366,0.20311721190736198,0.24815864760486792,0.8890403883259366
0.31358325481414795,0.3443971583619714,0.6536934701725841,0.35550944972783327,0.4186404561623931,0.7383208507671952,7.138454303289208e-07,0.888992653891817,0.19186916884019461,0.24242007114837705,0.888992653891817
0.39184954110533,0.4833224657922983,0.29055292066186666,0.2541048154234886,0.29275155160576105,0.6934521608054638,1.244717643749948e-06,0.8888919773748326,0.18718698241086465,0.20718735429000879,0.8888919773748326
0.11889364384114742,0.48665874544531107,0.8289615577086806,0.4584209518507123,0.304050812497735,0.8206805707886815,1.976667837445643e-06,0.888874328606023,0.2087047193719944,0.2691669408007898,0.888874328606023
0.39946766570210457,0.5773086426779628,0.7418325254693627,0.18989962618798018,0.3458529878407717,0.8413778273388743,8.568617920933693e-07,0.8885395838223082,0.19055419276531668,0.21615735288656698,0.8885395838223082
0.022654746659100056,0.4827801585197449,0.6281325174495578,0.016586605459451675,0.4376458115875721,0.6847863048315048,2.4969875070875935e-06,0.8885368679014065,0.17968283741320287,0.4073407882321668,0.8885368679014065
0.03689828887581825,0.3230573581531644,0.747337463311851,0.1669097477570176,0.3889989675953984,0.9458909081295133,3.945033514112948e-06,0.8883842070279797,0.13900555953485236,0.23744894912053457,0.8883842070279797
0.0695714745670557,0.28066237457096577,0.052882611751556396,0.06392482668161392,0.416178522631526,0.827616554684937,5.4513999684231056e-06,0.8883640637117187,0.17453673622784735,0.33802111607904245,0.8883640637117187
0.1659153839573264,0.3711665887385607,0.22288576047867537,0.4348866268992424,0.42205091938376427,0.8695766851305962,1.7105380719464074e-06,0.8883118689236251,0.19612273132649513,0.27335266916413387,0.8883118689236251
0.288850630633533,0.580233302898705,0.43081901129335165,0.20903157349675894,0.4940694449469447,0.7524242242798209,2.75319755677208e-07,0.888278581618723,0.16904469684779944,0.20176174204992414,0.888278581618723
0.3556189024820924,0.4581677792593837,0.47676941007375717,0.10476864594966173,0.4199522715061903,0.6924435291439295,2.8957210556329536e-07,0.8881913555381737,0.17275544462006728,0.32283270101615585,0.8881913555381737
0.2437683492898941,0.33075668569654226,0.37126568984240294,0.30529012251645327,0.34274547919631004,0.6732042292132974,2.094073860400139e-06,0.8881907485876197,0.2011267127233859,0.23412336359870256,0.8881907485876197
0.16847926005721092,0.5328814871609211,0.5457812873646617,0.16337874811142683,0.5127945644780993,0.823290036059916,2.010202891690314e-06,0.8880579693876496,0.19915869895144553,0.24332883592952056,0.8880579693876496
0.3186400104314089,0.21610843017697334,0.7620363179594278,0.23227391578257084,0.3581387884914875,0.8036674996837974,7.07520790180444e-07,0.8878876864067881,0.18820290144432167,0.23773895591096417,0.8878876864067881
0.048100342974066734,0.24931329675018787,0.37048042844980955,0.20893780328333378,0.4340898245573044,0.9040279537439346,4.608995831766131e-06,0.8878835766382817,0.1331804732576853,0.23060825240303492,0.8878835766382817
0.24882507510483265,0.23371792025864124,0.23156736977398396,0.18096310831606388,0.4032719423994422,0.8629247909411788,2.2314801858965193e-06,0.887881896798036,0.17058857543714623,0.23608272417666384,0.887881896798036
0.11051840241998434,0.5437167305499315,0.09196122922003269,0.2779921283945441,0.24411304015666246,0.8804020127281547,9.727685307179301e-06,0.8878716022341671,0.22633003961902948,0.19061161204702912,0.8878716022341671
0.1693143155425787,0.33116664737463,0.43664383329451084,0.3602376403287053,0.3871923591941595,0.6888933265581727,2.2543108904799645e-06,0.8877900749479438,0.2013804992017259,0.2518776729801237,0.8877900749479438
0.1547782253473997,0.22025993186980486,0.8407036801800132,0.25744798593223095,0.3675495143979788,0.8609463181346655,3.2115807792136824e-06,0.8877159442505217,0.18886894132699347,0.24041976645541593,0.8877159442505217
0.18603294156491756,0.4808666938915849,0.7763439072296023,0.20117778610438108,0.38314985297620296,0.9892592057585716,2.9796801894094105e-06,0.8875692931017598,0.20011140910750494,0.2675178900332218,0.8875692931017598
0.05528442095965147,0.30561522115021944,0.2731412798166275,0.4328041924163699,0.27878326177597046,0.7997710220515728,3.4790961732214723e-06,0.887559393936902,0.19923320194472732,0.23083077950067002,0.887559393936902
0.5341948857530951,0.41202832106500864,0.0864208061248064,0.14115003403276205,0.3601018041372299,0.7245236579328775,1.3041631436275997e-06,0.8873743419721113,0.18565971047137292,0.30783620337820167,0.8873743419721113
0.11092333309352398,0.5031968308612704,0.6352487914264202,0.3737655347213149,0.26721679605543613,0.8614714909344912,6.186902406580267e-06,0.887325901921216,0.21904135175318312,0.23549399244180333,0.887325901921216
0.026650749146938324,0.41405038349330425,0.40208280459046364,0.3114764131605625,0.268699967302382,0.9526878939941525,5.325131878865971e-06,0.8872371825474626,0.22643545413626637,0.2332829944161598,0.8872371825474626
0.3364054914563894,0.3330798288807273,0.9252676758915186,0.03521005157381296,0.3632086254656315,0.796524859033525,4.567752783199779e-06,0.887177286645145,0.20572447523254536,0.3436417740460375,0.887177286645145
0.24961240775883198,0.5607824018225074,0.981549977324903,0.07997203804552555,0.3750623483210802,0.7234939094632864,7.634231953025607e-07,0.8870812814167046,0.1675882736473071,0.3147979814713468,0.8870812814167046
0.020464579574763775,0.23827424924820662,0.844387267716229,0.2239109929651022,0.4587316997349262,0.8403125582262874,4.736034383928781e-06,0.8869419396467823,0.1885215540980668,0.26301182987775085,0.8869419396467823
0.14224027190357447,0.5729952324181795,0.40744948387145996,0.25010477006435394,0.2571306601166725,0.8860574038699269,5.5624244237974405e-06,0.8868832794728746,0.22033082735244974,0.173397321294191,0.8868832794728746
0.3457984533160925,0.44529237318784,0.8849135870113969,0.015831775963306427,0.4353842968121171,0.7992493864148855,3.5548995948750194e-06,0.8868348878552443,0.20436757203516095,0.3529271900746246,0.8868348878552443
0.21646551322191954,0.45656078308820724,0.2352768648415804,0.2534502996131778,0.5148055907338858,0.8942875182256103,1.7163236044224897e-06,0.8867908432173714,0.20839986328353494,0.22475599521177683,0.8867908432173714
0.12760045006871223,0.6196515252813697,0.5443094959482551,0.2570169847458601,0.47721552941948175,0.7886818125844002,2.079088166588307e-06,0.8867690777579124,0.18170336073112991,0.21285908343655946,0.8867690777579124
0.13526562973856926,0.3863115580752492,0.992166806012392,0.4189428798854351,0.45149014983326197,0.7791514014825225,1.0497959023265143e-06,0.886760164168773,0.20834779085401112,0.27931119187574244,0.886760164168773
0.15213357098400593,0.5773874977603555,0.7532042767852545,0.07731539197266102,0.3046563137322664,0.7462859656661749,2.3828775661580117e-06,0.886678120536232,0.18453779274798787,0.2912421761046108,0.886678120536232
0.13327965792268515,0.49940959736704826,0.08710255846381187,0.1519593456760049,0.22543464228510857,0.8590093133971095,9.908125490667749e-06,0.8866196997529046,0.21504268343680685,0.2589192452922692,0.8866196997529046
0.24121979158371687,0.508085310459137,0.9162287004292011,0.21854557655751705,0.25034440122544765,0.8874471355229616,6.686803961227641e-06,0.886584171194428,0.22060273565016023,0.20090807831205829,0.886584171194428
0.08290235977619886,0.6805440271273255,0.03446640260517597,0.2638505706563592,0.3871098756790161,0.7659728555008769,2.2058213439648016e-06,0.8865044758946198,0.16530927584239827,0.2637609923596597,0.8865044758946198
0.0365338483825326,0.4189818473532796,0.07328077964484692,0.3821518663316965,0.27120111882686615,0.698142952285707,9.33833886074549e-06,0.8860645285299471,0.21342925129136225,0.26917130801323585,0.8860645285299471
0.08829281199723482,0.3567859400063753,0.9656469402834773,0.3287921641021967,0.3056881604716182,0.9268578626215458,2.936823155629512e-06,0.8860117712536786,0.2133181174432863,0.23418563513718746,0.8860117712536786
0.12466553598642349,0.4359988756477833,0.7286699544638395,0.42609891947358847,0.45789965707808733,0.8258868930861354,1.5080092120161743e-06,0.8859762085424728,0.20803793944910143,0.2873993074948039,0.8859762085424728
0.18633270170539618,0.5420027412474155,0.6322658909484744,0.2304686950519681,0.2958149928599596,0.6632111547514796,7.279758561859879e-07,0.8854898843890819,0.18621829909446408,0.264743201430866,0.8854898843890819
0.20515568740665913,0.3250403553247452,0.25563741102814674,0.3626425825059414,0.28524002339690924,0.8828070741146803,1.2894434715697638e-06,0.8854840467924778,0.20884684884561025,0.21514795289471444,0.8854840467924778
0.1295690145343542,0.27152135130017996,0.18399445246905088,0.10775274131447077,0.3029928794130683,0.8614342501387,2.109481404973313e-06,0.8852065775931465,0.1993300210208165,0.26689017135195997,0.8852065775931465
0.20082933641970158,0.37731802463531494,0.2850487716495991,0.025675587356090546,0.4805132793262601,0.7443550042808056,3.5514089937556007e-06,0.8851182426331887,0.20268235244534122,0.35015555607787147,0.8851182426331887
0.39773220010101795,0.2944465531036258,0.43258239328861237,0.2156855184584856,0.28491055872291327,0.8392903413623571,5.603262812671885e-07,0.8849545780303508,0.19510869367068462,0.19057604638267317,0.8849545780303508
0.13764858059585094,0.5551909971982241,0.5740285096690059,0.017334239557385445,0.3949036644771695,0.8605429716408253,1.5016053469165261e-06,0.8849525478037689,0.19490181767118395,0.35249397538183985,0.8849525478037689
0.013889028690755367,0.44943342357873917,0.22091198898851871,0.19050216861069202,0.22665936406701803,0.6661569820716977,1.1663649265741309e-05,0.8847416532345318,0.2028943391283828,0.2933763274612037,0.8847416532345318
0.25205359794199467,0.4078791420906782,0.910244501195848,0.3073396598920226,0.2903859205543995,0.9165300885215402,1.6213900948213256e-06,0.8847056277822005,0.22005439609348534,0.21995481818155657,0.8847056277822005
0.4157939534634352,0.43817226588726044,0.7148874020203948,0.3210655143484473,0.43632597755640745,0.8402868416160345,1.2813622192679087e-06,0.8846485052691644,0.19847336134282037,0.26035507532673074,0.8846485052691644
0.1130438894033432,0.36777075193822384,0.2140108784660697,0.2847111662849784,0.4805973106995225,0.9137085396796465,5.515205579535887e-06,0.8844867920287882,0.18390796147717495,0.2204689135880718,0.8844867920287882
0.3538432139903307,0.447130193002522,0.5842462740838528,0.35146467946469784,0.2838336918503046,0.8448076285421848,2.3111765144416537e-06,0.8844101459069116,0.20968079344129453,0.24045615204458312,0.8844101459069116
0.13287738990038633,0.4772790465503931,0.7716448046267033,0.25042961072176695,0.26731837913393974,0.6592555865645409,3.5501417678528085e-06,0.8841376035688745,0.2003094123693553,0.2798487199263758,0.8841376035688745
0.05354851204901934,0.5882326485589147,0.5887691089883447,0.41171508468687534,0.3407040061429143,0.8008266622200608,1.6046175383119327e-06,0.8839425425730149,0.20053787001207596,0.24454201287504965,0.8839425425730149
0.04419545829296112,0.4882586505264044,0.8944466318935156,0.4033950390294194,0.4744780659675598,0.8049976723268628,2.093180028505164e-06,0.8838836049807745,0.20900178583133036,0.2812169137242541,0.8838836049807745
0.21543672401458025,0.3032743651419878,0.24228805862367153,0.4026251006871462,0.3202108256518841,0.7288160808384418,1.2522332713039463e-06,0.8838174735248927,0.19493189459595392,0.22152513219255984,0.8838174735248927
0.2850998807698488,0.4973443066701293,0.05087540578097105,0.19552773144096136,0.24556962959468365,0.8810754548758268,8.475189112549767e-06,0.8835221653260134,0.221223124232948,0.2016236448653787,0.8835221653260134
0.03075317293405533,0.5777283692732453,0.3408867986872792,0.4597056796774268,0.3845458095893264,0.7877919068560004,6.90756370751198e-07,0.8834352200036784,0.19395973074745296,0.27479196521490834,0.8834352200036784
0.2844077153131366,0.26305819395929575,0.45049996487796307,0.12345690093934536,0.39839609246701,0.8212632900103927,1.8698080453704763e-06,0.88330713754397,0.1892193818290306,0.27549375136338067,0.88330713754397
0.07821619790047407,0.4761620434001088,0.08513038884848356,0.4123915880918503,0.4711875021457672,0.8387200934812427,2.542078058895424e-06,0.883284135022352,0.21014748287646093,0.29127091377592,0.883284135022352
0.5511440923437476,0.5443191006779671,0.271670856513083,0.26795270573347807,0.3541279770433903,0.751796935684979,9.535939716363083e-07,0.8832083904439538,0.17171063332442657,0.2380236653715159,0.8832083904439538
0.3662154795601964,0.4334745602682233,0.4342688163742423,0.11546798422932625,0.4233767753466964,0.9018165590241551,1.2124931013870827e-06,0.8829935878805796,0.19441907440183062,0.2835732278279297,0.8829935878805796
0.049336464144289494,0.5752376094460487,0.6509216632694006,0.14241929072886705,0.3745480328798294,0.9258218090981245,1.7082927598678794e-06,0.8829698282926145,0.19643781116330092,0.2687215004583036,0.8829698282926145
0.0978955589234829,0.42989698611199856,0.28259956277906895,0.3098492221906781,0.43292151391506195,0.6339062619954348,3.8115541181358766e-06,0.8829593304822897,0.17820558595872923,0.3541295780251055,0.8829593304822897
0.12525859754532576,0.2957500917837024,0.6643744800239801,0.3047402035444975,0.2475062506273389,0.7555812643840909,3.0467731554248297e-06,0.8829059739561523,0.19808353140240897,0.1851742243233827,0.8829059739561523
0.38307941891252995,0.38623842503875494,0.503050240688026,0.2828429462388158,0.40187056455761194,0.6840575952082872,9.009576297238173e-07,0.8828485270785406,0.1841485785240683,0.24529126290190248,0.8828485270785406
0.1819190438836813,0.5039540212601423,0.9651606101542711,0.03741152584552765,0.26828042417764664,0.7775873560458422,4.998537911985538e-06,0.8827954894373313,0.20360254673620773,0.3223262564464619,0.8827954894373313
0.18266343418508768,0.3920762035995722,0.7459783609956503,0.21518480498343706,0.5080498531460762,0.8947002217173576,1.4963534680144923e-06,0.8825635268714237,0.2032920617765066,0.24177507658245495,0.8825635268714237
0.39419437758624554,0.33041528798639774,0.7239566780626774,0.3720599990338087,0.3603121545165777,0.8142032539471984,3.9756176898250303e-07,0.8822531869953852,0.19911565348004193,0.2643259175462999,0.8822531869953852
0.35561104118824005,0.6199141088873148,0.9789431942626834,0.2137187495827675,0.3677654843777418,0.7636668747290969,2.103959026635559e-07,0.8821287057331303,0.15587173097628645,0.2172162417100486,0.8821287057331303
0.18918254505842924,0.5515479557216167,0.5602223025634885,0.22682686522603035,0.3813627166673541,0.9704093970358372,2.901159744777323e-06,0.8820969841524067,0.19849333375994846,0.25420201643544976,0.8820969841524067
0.008138738572597504,0.2739633759483695,0.8109052525833249,0.12506106682121754,0.27246996108442545,0.7459734566509724,7.088347588137425e-06,0.8819831799123624,0.21333313879936686,0.25122433396207544,0.8819831799123624
0.3779272250831127,0.4280968038365245,0.30681150685995817,0.39788463432341814,0.425794031471014,0.7344019999727607,2.0775279610467866e-07,0.8819448627964758,0.1837287284337856,0.2513580222177938,0.8819448627964758
0.30139573104679585,0.403459208086133,0.5503314044326544,0.2629093425348401,0.4213994676247239,0.9448668425902724,1.539137677714023e-06,0.8818340131325221,0.18236693039134572,0.21738082806973064,0.8818340131325221
0.1593465143814683,0.404620879329741,0.23442728072404861,0.4686085367575288,0.27681180369108915,0.7650177637115121,1.6694959625591277e-06,0.8817171315472819,0.1974615870791951,0.2543289334451579,0.8817171315472819
0.30323601234704256,0.3969851592555642,0.3257673727348447,0.30258476082235575,0.2502819746732712,0.7222318779677153,1.354882795316195e-06,0.8815914183941684,0.19559154895238706,0.18210786157266154,0.8815914183941684
0.43063602689653635,0.363655524328351,0.7577628837898374,0.20192753244191408,0.27064049430191517,0.8242295812815428,1.0530570464591746e-06,0.8815339663464692,0.19903430308027414,0.2098383012331279,0.8815339663464692
0.06815340369939804,0.2935720216482878,0.7065120311453938,0.3754097279161215,0.27622297406196594,0.8286097515374422,2.7722522038429317e-06,0.8813927989462199,0.20749048805485054,0.2245381839410548,0.8813927989462199
0.08363032899796963,0.2253468558192253,0.5105469832196832,0.09309054259210825,0.3703908212482929,0.7807679232209921,3.7147670791393243e-06,0.881291364339623,0.18862806091754714,0.3141643677697694,0.881291364339623
0.2863687723875046,0.4513561800122261,0.3420392507687211,0.4126123748719692,0.40581373590976,0.7085552485659719,2.042572218033939e-07,0.881276023045252,0.17911234026977055,0.2589574482092689,0.881276023045252
0.42159794736653566,0.4651095177978277,0.3461682079359889,0.06681546941399574,0.29924976732581854,0.7426092252135277,1.5881395427890563e-06,0.881111379448546,0.19250143315145135,0.30938900183898865,0.881111379448546
0.2771361516788602,0.5815229834988713,0.772975904867053,0.08525845874100924,0.3288126168772578,0.7842102684080601,1.9990884417866356e-06,0.8810544227645536,0.1846648462413398,0.285083979364934,0.8810544227645536
0.37418966460973024,0.5731827830895782,0.09968975558876991,0.21672469936311245,0.39789559599012136,0.9074102211743593,1.1737184149501626e-06,0.8810193065543735,0.19672753807064422,0.21215910441383928,0.8810193065543735
0.08610638789832592,0.6501772282645106,0.1601977776736021,0.17608068324625492,0.2961602145805955,0.7424280792474747,1.3327792489439042e-06,0.8808780740431308,0.18370594622894118,0.17825893311102273,0.8808780740431308
0.48089892230927944,0.5055824695155025,0.7299976982176304,0.2220998788252473,0.396408261731267,0.7008616169914603,7.933354059728151e-08,0.8808306022078071,0.15428775586657253,0.26954708682635176,0.8808306022078071
0.05106999911367893,0.4547108691185713,0.4872216349467635,0.327135126106441,0.20106043200939894,0.7961916625499725,1.2919531759194491e-05,0.8804716279310894,0.2002251455340919,0.22145792599446434,0.8804716279310894
0.45315392408519983,0.3638793649151921,0.3539352985098958,0.007783620618283749,0.35839585214853287,0.7785668345168233,4.50428198428701e-06,0.8804605335112757,0.2122291773266159,0.352074922340711,0.8804605335112757
0.5000758366659284,0.5332845076918602,0.5986210750415921,0.22358702775090933,0.3403691863641143,0.8631567172706127,2.2011505115772817e-06,0.8803944994827161,0.1970757133079354,0.24683116077053638,0.8803944994827161
0.17763740103691816,0.4335470972582698,0.2526852870360017,0.342625105753541,0.5047247931361198,0.836256118491292,4.05575400672099e-06,0.8801337035146719,0.2106871413685717,0.2544505613592312,0.8801337035146719
0.12034748867154121,0.2795089799910784,0.6489591086283326,0.18769889511168003,0.2533708494156599,0.8574592527002096,1.5429959970493857e-06,0.8800873456325418,0.20558249148158775,0.19661660478280535,0.8800873456325418
0.5168804358690977,0.35345878452062607,0.9314075941219926,0.18646542821079493,0.3270844789221883,0.7603432619944215,6.434866391670423e-07,0.8797802884111876,0.1894889094126694,0.2520355642559004,0.8797802884111876
0.021128888241946697,0.5337537508457899,0.0943741574883461,0.013560181483626366,0.4466506624594331,0.6982574034482241,2.079499129151047e-06,0.879655442077341,0.1799059989490129,0.3864999064708808,0.879655442077341
0.4575942875817418,0.45787497889250517,0.27422636188566685,0.3629113454371691,0.4310887260362506,0.8115085437893867,1.0633555324146316e-06,0.8796170885644159,0.198245982392618,0.2669177607023702,0.8796170885644159
0.2037021368741989,0.4069454772397876,0.2007680032402277,0.09961314778774977,0.26586640905588865,0.907803107984364,3.0701976879197482e-06,0.8795151144650781,0.21733817918403733,0.2896917900619266,0.8795151144650781
0.1841157115995884,0.46833611000329256,0.4996675606817007,0.264768217690289,0.30533192306756973,0.9785384004935622,6.4194738577837245e-06,0.8793092112064422,0.22450068293863246,0.22585599205068807,0.8793092112064422
0.25463009253144264,0.3798923259600997,0.37614206690341234,0.45303027145564556,0.432382277213037,0.8022546553984284,9.701838843888602e-07,0.8792351002983125,0.20204336528791667,0.2764673313725995,0.8792351002983125
0.21895505394786596,0.39753086026757956,0.417369551025331,0.19413135945796967,0.2315977681428194,0.9103536363691092,3.1382164807915285e-06,0.8791165081049787,0.2199163527574675,0.20281081933202466,0.8791165081049787
0.14958297833800316,0.34024787694215775,0.7010021414607763,0.1313015827909112,0.4319652961567044,0.675190269947052,2.82588248058544e-06,0.8790534104517421,0.19878842847300834,0.3044584888170978,0.8790534104517421
0.3177033066749573,0.4372523473575711,0.5616036346182227,0.2733515137806535,0.24646592140197754,0.8767889151349664,4.398744720053921e-06,0.8790495977257702,0.2164472150615102,0.20504448142170392,0.8790495977257702
0.19101556111127138,0.3911628481000662,0.8144041197374463,0.0949287386611104,0.499852092936635,0.7630375325679779,2.1219448512197548e-06,0.8789269276655766,0.20547433653843616,0.31745971876974444,0.8789269276655766
0.2137825097888708,0.2914738394320011,0.8187590558081865,0.14150957111269236,0.448516421020031,0.8264938835054636,2.9005881686927816e-06,0.8788381732582434,0.19905945702996078,0.250789688370734,0.8788381732582434
0.12046027276664972,0.32703728321939707,0.15237853303551674,0.419574904255569,0.35587936360388994,0.7029049601405859,2.6391037695055807e-06,0.8787863949468399,0.20407841610749528,0.26645136127200514,0.8787863949468399
0.03465323708951473,0.5769440168514848,0.9880334921181202,0.33592493552714586,0.28185830172151327,0.757574338465929,4.429437993384351e-06,0.8787224092809603,0.20347021080311997,0.20547626057146945,0.8787224092809603
0.11355025228112936,0.24721616134047508,0.20444341748952866,0.33950413949787617,0.29791433829814196,0.8420543987303972,2.5673980873558857e-06,0.8786979892757827,0.2053206301501171,0.2148807992390785,0.8786979892757827
0.0702791390940547,0.4838753752410412,0.4525820957496762,0.2413581172004342,0.19400424044579268,0.8766905702650547,1.569572603389474e-05,0.8786928236177755,0.21986800727803665,0.2343116318084269,0.8786928236177755
0.0823049833998084,0.48512928932905197,0.1477092020213604,0.14260489400476217,0.43856426794081926,0.9637154154479504,2.7950522811417575e-06,0.8784959501606825,0.1768782031555564,0.29524010534160283,0.8784959501606825
0.26887397188693285,0.4481347752735019,0.33097985945641994,0.10248866304755211,0.25627954956144094,0.878525641746819,5.536412304766174e-06,0.878494009104294,0.21849418746107474,0.28529286255240477,0.878494009104294
0.009610472247004509,0.39554318878799677,0.1654233504086733,0.13646942377090454,0.5467988913878798,0.7741679409518838,5.559938792811723e-06,0.878455129903074,0.2119336508233187,0.28257761643590407,0.878455129903074
0.047507389448583126,0.4778407234698534,0.9754141625016928,0.02407810464501381,0.256665431894362,0.8367923442274332,1.1664572215293219e-05,0.8782461566645711,0.2186526904461431,0.34294025238392883,0.8782461566645711
0.0943772429600358,0.34324896056205034,0.02378765493631363,0.1868475330993533,0.23890875279903412,0.6951843164861202,9.632330882791791e-06,0.8782349812703795,0.2054847937868638,0.24495833293367772,0.8782349812703795
0.14407802186906338,0.4159580962732434,0.39743602741509676,0.3740855548530817,0.22502210922539234,0.7605144400149584,4.300653232168397e-06,0.8781748757838198,0.1989307249101297,0.21416532732146976,0.8781748757838198
0.09210191667079926,0.5102013582363725,0.5507624931633472,0.0011899704113602638,0.3204502798616886,0.6919181887060404,5.091554257663034e-06,0.8781329427848845,0.2000170270083704,0.3661955806057986,0.8781329427848845
0.3077389309182763,0.19643619563430548,0.19588669296354055,0.20948546286672354,0.3526325412094593,0.8325067022815347,1.0946196693851632e-06,0.8780808719052697,0.1886419936772739,0.2519673963742028,0.8780808719052697
0.11126824747771025,0.5816164165735245,0.1396447727456689,0.018727494403719902,0.3737535709515214,0.706947447732091,2.2755431547583136e-06,0.8776933784091864,0.17925122432111174,0.348246878110699,0.8776933784091864
0.29059784207493067,0.5158032923936844,0.4684821469709277,0.43836682569235563,0.380034557543695,0.8328453181311488,6.204913218538384e-07,0.8775811826202989,0.19645883649057003,0.27446272609086303,0.8775811826202989
0.5421573203057051,0.4952135104686022,0.8756007943302393,0.1355319768190384,0.3758189082145691,0.7728164866566658,6.098553148223601e-07,0.8774518340548512,0.17415316002746148,0.31431867436346644,0.8774518340548512
0.34988720156252384,0.45376597344875336,0.8225544523447752,0.28561705257743597,0.4050193764269352,0.9242521533742547,1.8637629381344683e-06,0.8772768420230748,0.20136120047472567,0.22431831022809692,0.8772768420230748
0.2920016488060355,0.4657097887247801,0.8087749108672142,0.46678768936544657,0.3870819304138422,0.7841110983863473,1.9887068184460587e-07,0.877252330237213,0.18663380470728966,0.2893344697636637,0.877252330237213
0.3961816281080246,0.2797573274001479,0.8434138121083379,0.27906132861971855,0.3938563773408532,0.816815503872931,1.150942870052662e-06,0.8772508593636945,0.19161318668520746,0.23182494020890734,0.8772508593636945
0.31065260246396065,0.4072017502039671,0.26047234050929546,0.43355796206742525,0.37501518800854683,0.8866792861372232,8.417696227112516e-07,0.8772238744355947,0.20153325768672192,0.2745750526459341,0.8772238744355947
0.31134523171931505,0.32898540794849396,0.23821331094950438,0.2633267901837826,0.23095805291086435,0.817582088522613,1.2504529504497734e-06,0.8770228868996705,0.2002759607065602,0.1708063114608384,0.8770228868996705
0.5757387392222881,0.4315243810415268,0.38629469089210033,0.33310692571103573,0.38257466070353985,0.766301698051393,6.253136434244315e-07,0.8770119653242209,0.1868836820866125,0.2845289672435398,0.8770119653242209
0.042487071827054024,0.5394481243565679,0.42194406874477863,0.17603977769613266,0.45293188095092773,0.9515816420316696,2.3263858531176255e-06,0.8769894740787878,0.18216757908879802,0.25619680843063175,0.8769894740787878
0.2471748972311616,0.37280131597071886,0.03814207203686237,0.48943018913269043,0.3463537897914648,0.7600230574607849,1.1520779106255341e-06,0.8766844530751439,0.20171178826651567,0.31285099090399765,0.8766844530751439
0.047616842202842236,0.521947830915451,0.9688318148255348,0.44204581528902054,0.43687152303755283,0.7987015312537551,8.610695366315107e-07,0.8765272946979112,0.20285094761254807,0.28185855273839894,0.8765272946979112
0.31827680114656687,0.3908578120172024,0.22973907832056284,0.36522254440933466,0.2697451626881957,0.8656977973878384,1.169453721299825e-06,0.8764748446817776,0.21553923164095362,0.22439473608178037,0.8764748446817776
0.1394776552915573,0.4031066820025444,0.8042904762551188,0.14911514054983854,0.48167194053530693,0.90414659678936,1.5439162475271225e-06,0.876363767766576,0.19842151581555792,0.2676727709092364,0.876363767766576
0.37498725298792124,0.4661245057359338,0.9991374099627137,0.39600485656410456,0.34263503551483154,0.830929615534842,1.6049469441247465e-06,0.8762702030775293,0.20572349801834158,0.27040423682136017,0.8762702030775293
0.44321627356112003,0.4370953422039747,0.9826261354610324,0.03306195978075266,0.3968338146805763,0.7733420766890049,2.4221158826621747e-06,0.876214485625983,0.19297739422462867,0.3548143962372387,0.876214485625983
0.3343048356473446,0.4458544300869107,0.2430831091478467,0.47525015845894814,0.3867048416286707,0.8128899773582816,4.565300390043831e-07,0.8761308748830939,0.19751816391830856,0.30429679349171196,0.8761308748830939
0.003349088132381439,0.41487243492156267,0.8909604046493769,0.0599980503320694,0.5004143808037043,0.832771074026823,6.253598633747234e-06,0.8760783808932353,0.21056906800330075,0.3531636621815354,0.8760783808932353
0.4636124288663268,0.32154031191021204,0.5814106808975339,0.17306102719157934,0.3139648186042905,0.8293383717536926,9.713369283522414e-07,0.8759423080634999,0.19532512921166542,0.2597670365747895,0.8759423080634999
0.5509973047301173,0.4554122481495142,0.26656878646463156,0.20154749508947134,0.4562109177932143,0.8524543270468712,1.570102273418682e-06,0.8758647194219833,0.20044260914729392,0.27891467768080297,0.8758647194219833
0.33265588991343975,0.4955663913860917,0.5290373638272285,0.03879190422594547,0.30766623094677925,0.8431534618139267,3.825129893768225e-06,0.8758575295511342,0.20797562992242097,0.3382459212476152,0.8758575295511342
0.0070166392251849174,0.24569885525852442,0.3667481429874897,0.27686632610857487,0.2865049336105585,0.6988915354013443,8.304963621471055e-06,0.8757531575560938,0.21368725694073581,0.19712719123153252,0.8757531575560938
0.16706096846610308,0.328036455437541,0.5013926904648542,0.12138368748128414,0.25084918923676014,0.8490902548655868,2.2447644713513472e-06,0.8757036099909441,0.20790763527172412,0.2619895592231276,0.8757036099909441
0.1537375496700406,0.44185221288353205,0.7853911509737372,0.01163768582046032,0.36230136547237635,0.9177545635029674,2.8737914896352407e-06,0.8756755243515113,0.20612613619934828,0.36065245825879005,0.8756755243515113
0.10620573256164789,0.6108197225257754,0.34428015258163214,0.10879138577729464,0.37749346252530813,0.8830760968849063,3.8640366895299903e-07,0.8753288557261303,0.19095845155477423,0.256623535324534,0.8753288557261303
0.031953186728060246,0.24662213306874037,0.017986305989325047,0.26938299275934696,0.4722479647025466,0.7953593973070383,1.2568843878191867e-05,0.8753194943522642,0.19979995299926936,0.24298694952331407,0.8753194943522642
0.4136960096657276,0.37764805275946856,0.6822286797687411,0.09195710998028517,0.4394785901531577,0.760598162189126,9.62024828085389e-07,0.8752102662296584,0.19395203977489622,0.3237110234545594,0.8752102662296584
0.4590474208816886,0.3054050803184509,0.20372479036450386,0.10037003178149462,0.3879621019586921,0.7740083960816264,1.1582745193164534e-06,0.8750118223378394,0.19665467508217346,0.3186321442517866,0.8750118223378394
0.2599026393145323,0.3594635659828782,0.33346371445804834,0.14954311400651932,0.2997474195435643,0.9380565648898482,1.0552357487994557e-06,0.8749990788861894,0.20291110309064891,0.23380377873699468,0.8749990788861894
0.20326947513967752,0.6014281120151281,0.32824493385851383,0.06640073377639055,0.4282723655924201,0.738005368039012,2.534044036028553e-07,0.8748448013832725,0.15729781542872698,0.3022036636240424,0.8748448013832725
0.24405231419950724,0.5339667433872819,0.08145889174193144,0.3411028841510415,0.2624011542648077,0.8132371380925179,4.456351446958418e-06,0.8747787243878469,0.20823666935382906,0.20310855841231037,0.8747787243878469
0.061135873198509216,0.4957132674753666,0.3796464866027236,0.0975098917260766,0.2705149035900831,0.6713927295058966,3.943784399326917e-06,0.8746159434697693,0.197304655239878,0.329830999679205,0.8746159434697693
0.1202900568023324,0.3920602332800627,0.9228966450318694,0.36903213150799274,0.47724007721990347,0.7408838886767626,1.5368032066426484e-06,0.8745448244557733,0.2061793763302086,0.27270928664075594,0.8745448244557733
0.10000824462622404,0.35551124997437,0.3618046883493662,0.45501431077718735,0.39098845701664686,0.8949327608570457,1.6346205325537202e-06,0.8745265852653163,0.19012001972686968,0.276109343015387,0.8745265852653163
0.11591046024113894,0.20201840996742249,0.5508141862228513,0.15109282359480858,0.3768347082659602,0.8137441845610738,2.484381593992578e-06,0.8743703716621272,0.1913931172579147,0.2859613508673496,0.8743703716621272
0.02805220987647772,0.24789780657738447,0.6843466758728027,0.393159918487072,0.3230511909350753,0.7646552780643106,4.59145120176384e-06,0.8741724290238174,0.2076827563439954,0.24208886659897424,0.8741724290238174
0.06590499263256788,0.38229724299162626,0.4685394549742341,0.20012213941663504,0.3461935315281153,0.5857867132872343,6.285893026179547e-06,0.8739243986415434,0.19569488454162148,0.3788466493838896,0.8739243986415434
0.5738273728638887,0.4899952681735158,0.04823275562375784,0.30092978850007057,0.3481258684769273,0.7708905274048448,2.4473589114815427e-06,0.8737344427130602,0.19009050238896352,0.2815421842453715,0.8737344427130602
0.08988518547266722,0.4989146813750267,0.3233775282278657,0.4744545752182603,0.3421890866011381,0.8844112288206816,2.7918021149839096e-06,0.8735640098510367,0.21664138454647572,0.28093434514221693,0.8735640098510367
0.05349992960691452,0.310541276820004,0.057349362410604954,0.08949631825089455,0.2439287370070815,0.7589318556711078,9.00880121553815e-06,0.8730324539090426,0.2083106832664544,0.2855232125860121,0.8730324539090426
0.20490898098796606,0.5525158932432532,0.47865654341876507,0.15243029408156872,0.5104729337617755,0.790545298717916,2.0863753307943756e-06,0.872957514699979,0.19315905677552198,0.23027314387571465,0.872957514699979
0.17822603415697813,0.5362701751291752,0.8389391284435987,0.4025252414867282,0.42343922052532434,0.7386321583762765,4.4549418118507006e-07,0.8728257778475323,0.16920870667266183,0.255811787571382,0.8728257778475323
0.18008602410554886,0.40652667358517647,0.6562914419919252,0.1711369687691331,0.35535743925720453,0.9851891156286001,1.6874802911766425e-06,0.8727981776702801,0.1939371752987784,0.26412093341953236,0.8727981776702801
0.005710148252546787,0.1956927003338933,0.893424698151648,0.2134864665567875,0.39606114104390144,0.7077011605724692,5.019112896833986e-06,0.872507099415348,0.20082176908074473,0.2905739550686525,0.872507099415348
0.3341817706823349,0.5544146662577987,0.24821969401091337,0.057280488312244415,0.2992712343111634,0.7903785277158022,2.888587923002497e-06,0.872499941633289,0.20151140341495904,0.302123582226616,0.872499941633289
0.0677930535748601,0.4485787656158209,0.09886154532432556,0.1697534667328,0.3761985870078206,0.5801288932561874,4.059953443847996e-06,0.8724990915426106,0.18178073224186875,0.42299413129199614,0.8724990915426106
0.20924563519656658,0.3393778698518872,0.44302629213780165,0.069421480409801,0.2573163826018572,0.7578118676319718,6.581972382670889e-06,0.8724330716919715,0.199770932700118,0.29154361176756033,0.8724330716919715
0.3094941433519125,0.3935649264603853,0.984285312704742,0.12002737354487181,0.29780379869043827,0.8954468118026853,1.2339604085059606e-06,0.872416374853123,0.21838935990074265,0.2794717624311266,0.872416374853123
0.4511215491220355,0.47011726070195436,0.05355178099125624,0.05821123532950878,0.3498065695166588,0.723946800455451,2.617824517596081e-06,0.8723244969144784,0.19087050647573311,0.3421599561382388,0.8723244969144784
0.4336360329762101,0.5420744474977255,0.8628758899867535,0.100224319845438,0.37034121342003345,0.7563498970121145,7.60146103975903e-07,0.8723105105632659,0.16759470495690545,0.3045075669391142,0.8723105105632659
0.05937319155782461,0.29651468992233276,0.46081218775361776,0.14013664051890373,0.31061309296637774,0.9247681302949786,3.1436043808512076e-06,0.872233193246806,0.183786823844368,0.23517318112393096,0.872233193246806
0.28667949978262186,0.5091353254392743,0.191127204336226,0.3784090746194124,0.3059079283848405,0.8825037386268377,4.510082019264875e-06,0.8720802959720712,0.2219954004821621,0.224597256498011,0.8720802959720712
0.38201209530234337,0.22642545122653246,0.3469766192138195,0.2538028182461858,0.3145832819864154,0.7700819689780474,8.430457191916186e-07,0.8720473689862984,0.18623778269280478,0.19906744725024894,0.8720473689862984
0.10433247592300177,0.5599152948707342,0.21335508488118649,0.014007708989083767,0.344936728477478,0.8882453190162778,3.5452004142106846e-06,0.8719700205385551,0.21133457719611426,0.3398570066790557,0.8719700205385551
0.022786864079535007,0.517011733725667,0.6308083729818463,0.450181283056736,0.3688289439305663,0.7070554615929723,7.47928015987239e-07,0.8718666254319907,0.18910418785384756,0.2900743197693699,0.8718666254319907
0.27530313562601805,0.491450316272676,0.6053436379879713,0.21702690050005913,0.29094901122152805,0.9530132114887238,6.275355857648815e-06,0.871755023097169,0.2217836616683795,0.2171077277100509,0.871755023097169
0.1464437134563923,0.4863846581429243,0.8467451222240925,0.13063392229378223,0.4870193200185895,0.6910504912957549,1.7468782127115377e-07,0.8717348914630696,0.18149068644069805,0.33854587115546053,0.8717348914630696
0.5886938981711864,0.5482587078586221,0.1932316618040204,0.21088565327227116,0.4041734877973795,0.7388302907347679,3.0571499381491e-07,0.8715396776861928,0.163306952830436,0.27296957809543565,0.8715396776861928
0.013612084090709686,0.1470343228429556,0.07250261399894953,0.18834479432553053,0.3495832420885563,0.7872130842879415,4.295419603251112e-06,0.8715188131489913,0.19877996518776578,0.28837479621395734,0.8715188131489913
0.08009044546633959,0.4914952777326107,0.3604346374049783,0.5451971916481853,0.3889357065781951,0.781070957891643,3.8092949743595207e-07,0.8714957457933553,0.18739288641996601,0.33887552470288357,0.8714957457933553
0.060849388130009174,0.44116493593901396,0.030810692347586155,0.4005416063591838,0.25999412778764963,0.8951410353183746,7.352276884833082e-06,0.8714714546967687,0.22938048631384308,0.2594728924734111,0.8714714546967687
0.30551741924136877,0.4575399123132229,0.2920098388567567,0.034391929395496845,0.371595311909914,0.676997559145093,1.9362583173901937e-06,0.8711966333854879,0.19014053714396387,0.3691422059679899,0.8711966333854879
0.47289956640452147,0.4105930868536234,0.30237105675041676,0.2863126862794161,0.46489079389721155,0.8341250121593475,2.1072854712411186e-06,0.8711922530924727,0.20266108776429914,0.2528309476115321,0.8711922530924727
0.38746229745447636,0.5111674182116985,0.3383563691750169,0.34130936581641436,0.3606023145839572,0.7027275245636702,3.948669043193081e-07,0.8710614612843198,0.17688135308959324,0.23950059263975848,0.8710614612843198
0.17623659316450357,0.5223382040858269,0.4358058599755168,0.09100904036313295,0.251383020542562,0.7298520933836699,2.4040155194631096e-06,0.8710401307921606,0.1924067693013426,0.2753921321338878,0.8710401307921606
0.32324530463665724,0.43232223857194185,0.7676948066800833,0.2416862901300192,0.2742337053641677,0.9316662307828665,3.4587578544270046e-06,0.8703960037949439,0.2223030090020903,0.19875259177230978,0.8703960037949439
0.659509458579123,0.4634682238101959,0.3374410243704915,0.1652777548879385,0.40407193824648857,0.7868408728390932,8.493581641313389e-07,0.8700256435425351,0.18317956466261417,0.3299809985791512,0.8700256435425351
0.23953046649694443,0.49691295716911554,0.20599252823740244,0.3077810313552618,0.27157793566584587,0.6890710946172476,1.6270739612778246e-06,0.8699611261874922,0.198137440820352,0.21740045841490208,0.8699611261874922
0.10358437802642584,0.635044907219708,0.10225090943276882,0.07660513836890459,0.39629792980849743,0.7950971042737365,1.1828370545937365e-06,0.8698508433321567,0.1650869308308132,0.2997603687428267,0.8698508433321567
0.1989956833422184,0.2674774918705225,0.9258504640311003,0.17109389137476683,0.3861510381102562,0.6938517149537802,2.298394394785308e-06,0.8698477913518307,0.20261205717358685,0.25079929776775056,0.8698477913518307
0.08627660386264324,0.5686757452785969,0.8838202627375722,0.09378425311297178,0.41759734135121107,0.688793245702982,3.803750911383033e-07,0.8698204775422299,0.16756166898442296,0.3322968690767046,0.8698204775422299
0.2927489122375846,0.3554091425612569,0.889537014067173,0.40412922482937574,0.36782531812787056,0.8762961057946086,7.385421024323635e-07,0.8696091068983656,0.20486844910239926,0.2689129571260119,0.8696091068983656
0.13914650306105614,0.30863301176577806,0.19751448463648558,0.31587071251124144,0.23303534276783466,0.7371468031778932,3.6084087456043274e-06,0.8694801008883377,0.20260820899657805,0.1685443864558371,0.8694801008883377
0.15862787328660488,0.5108796181157231,0.46069104596972466,0.28691375628113747,0.5019023371860385,0.8822756810113788,2.840396588354714e-06,0.8694569246366792,0.21053576929687864,0.22513094872306702,0.8694569246366792
0.6146821063011885,0.4447362283244729,0.11973837297409773,0.11374562233686447,0.3728734916076064,0.7920629503205419,1.914058972802868e-06,0.8693613156395547,0.19227663596687336,0.3563118913280945,0.8693613156395547
0.3030649721622467,0.4207753073424101,0.20982045959681273,0.1993673099204898,0.2807153230533004,0.9614812359213829,2.4566932408188722e-06,0.8693379712738704,0.22313511836381975,0.1990712305020801,0.8693379712738704
0.4513727771118283,0.2468478288501501,0.45826868433505297,0.20135214552283287,0.36294668167829514,0.7539680795744061,4.208606326649276e-07,0.8693291459047147,0.1810870064117462,0.23494078169239652,0.8693291459047147
0.3855892540886998,0.4772205725312233,0.7214928744360805,0.38787207938730717,0.31681613251566887,0.7526383521035314,6.504653539510437e-07,0.8692575973089329,0.18763823360326398,0.23270169798593726,0.8692575973089329
0.2644666712731123,0.5462674321606755,0.282290481030941,0.0481222802773118,0.340730887837708,0.8848405918106437,2.6662254631167213e-06,0.8692469541044027,0.20814156006043522,0.32407168419813903,0.8692469541044027
0.5614876793697476,0.2969374815002084,0.25466523692011833,0.16886315308511257,0.36762386560440063,0.7792790988460183,4.058971786394948e-07,0.8691494516852069,0.18787033002896616,0.2909146858530178,0.8691494516852069
0.08683181460946798,0.3761920118704438,0.5200252206996083,0.06832328904420137,0.26286668237298727,0.8939954480156302,2.6696690460339425e-06,0.868974363823163,0.2076508855708673,0.31863288727950845,0.868974363823163
0.05023629777133465,0.4227992072701454,0.03414388094097376,0.2496912581846118,0.5206818021833897,0.9128756839782,6.703968047926968e-06,0.8689299919346882,0.20532965425051222,0.25991453349197385,0.8689299919346882
0.49528554640710354,0.3879254627972841,0.911906554363668,0.3452366190031171,0.3905717935413122,0.7905889004468918,4.954088298297197e-07,0.8685132654610744,0.1976749963586144,0.2703458049147277,0.8685132654610744
0.0004128478467464447,0.44649500399827957,0.45238237362354994,0.2846943410113454,0.26236075162887573,0.6425449270755053,9.488630256516789e-06,0.8683440358488778,0.21288955117321462,0.30015719762734056,0.8683440358488778
0.34227994456887245,0.5562695926055312,0.2835050206631422,0.3256524112075567,0.4189606551080942,0.8692772835493088,1.3929169028105308e-06,0.8681551283658173,0.20331453042876257,0.21576604958051737,0.8681551283658173
0.08398812729865313,0.4176934212446213,0.4822972286492586,0.4447896499186754,0.2517253076657653,0.8428202765062451,3.7159228481862195e-06,0.8681037164951251,0.21078321395659302,0.25446858753102497,0.8681037164951251
0.2354326518252492,0.5668003978207707,0.516376075334847,0.18648293986916542,0.47253783140331507,0.8842001967132092,5.684670432493423e-07,0.8679026142314983,0.20070049671276224,0.19896289532466732,0.8679026142314983
0.07327180914580822,0.39271750394254923,0.5894047217443585,0.5115879382938147,0.3105537360534072,0.8493074523285031,2.020760641828936e-06,0.8678849387214295,0.21438243753840733,0.30691309778878095,0.8678849387214295
0.1314124735072255,0.4589026467874646,0.9066744921728969,0.2745180334895849,0.22870251163840294,0.9100339198485017,1.0014667247110992e-05,0.8677908870463878,0.23280567998402318,0.22008888503553273,0.8677908870463878
0.032742831856012344,0.3963365266099572,0.5929675092920661,0.20413871575146914,0.21730130352079868,0.6848495872691274,1.2663702915769917e-05,0.867713151743648,0.20577581344449972,0.2810309590656051,0.867713151743648
