x1,x2,x3,x4,x5,ensemble_ei,ensemble_mu_mean_model,ensemble_sigma_mean_model,ensemble_mu_std_model,ensemble_mu_mean_original_approx
0.5158531172201037,0.9660604698583484,0.994057260453701,0.9482766957953572,0.09625351894646883,0.00030947035122290715,-0.8629200869526715,0.2789058462148915,0.35299288387807204,-0.8629200869526715
0.5450504375621676,0.9994379431009293,0.9821400865912437,0.8571298364549875,0.03992690984159708,0.00029724580443373145,-0.9413983491177238,0.28348253437740883,0.3300158326224145,-0.9413983491177238
0.5595084456726909,0.8233521860092878,0.9767805440351367,0.998274396173656,0.02056494913995266,0.00027928644233786307,-0.8768820340818277,0.25356561900704105,0.3076023276284562,-0.8768820340818277
0.5129521647468209,0.9524041414260864,0.9412917494773865,0.9546435531228781,0.17785644065588713,0.0002776745585913708,-0.8579788063242545,0.26990735825147244,0.35039147587396474,-0.8579788063242545
0.5328037971630692,0.8372847037389874,0.9552724538370967,0.9733761996030807,0.18896981328725815,0.0002726430657388544,-0.8045236935696471,0.2627789762997547,0.3272601713200453,-0.8045236935696471
0.5220331251621246,0.9842551974579692,0.8110993457958102,0.9861880913376808,0.20267704129219055,0.0002700194185504965,-0.88463177579988,0.27958681377842043,0.33857926829825574,-0.88463177579988
0.45911725889891386,0.9774036779999733,0.9992932816967368,0.9901214484125376,0.010079687461256981,0.00026634027159635023,-0.9622825324616499,0.286311303929713,0.31820943358996034,-0.9622825324616499
0.5739879673346877,0.9963129544630647,0.965417024679482,0.9226722111925483,0.16064561624079943,0.00025907121566251675,-0.9071214234664546,0.28246022957962774,0.35501890092119814,-0.9071214234664546
0.5082755861803889,0.8950961036607623,0.9884992241859436,0.721209661103785,0.04600146226584911,0.00025792120064149055,-0.906284633520396,0.2699551379758811,0.3166270632053091,-0.906284633520396
0.5299510871991515,0.27109592221677303,0.9682508064433932,0.9991797301918268,0.23070671781897545,0.0002577517198425585,-0.6105490340552406,0.23267729744825524,0.3178807589856107,-0.6105490340552406
0.5538185480982065,0.893140378408134,0.9971641497686505,0.8989402232691646,0.22556758299469948,0.00025314157641801084,-0.8947441247668871,0.26402761333066466,0.3224933456558014,-0.8947441247668871
0.5846981080248952,0.9826833326369524,0.9752106415107846,0.9163509048521519,0.10943602304905653,0.0002524890774980276,-0.9002289265053985,0.27595097597854384,0.35139143966053255,-0.9002289265053985
0.5062090298160911,0.9161174362525344,0.8740489790216088,0.9705730220302939,0.20316462591290474,0.0002497377847550685,-0.8457408074371635,0.25768779576875395,0.330945794195911,-0.8457408074371635
0.5413996577262878,0.8759101703763008,0.9444093825295568,0.8769715800881386,0.049272650852799416,0.00024920733358434926,-0.8527122784574973,0.25001292659211743,0.31655734898554,-0.8527122784574973
0.5240977965295315,0.9545220574364066,0.9274264220148325,0.7368255760520697,0.047469863668084145,0.0002486632338764185,-0.9254744742315293,0.27032202207777517,0.32590816749841456,-0.9254744742315293
0.5200150460004807,0.9089232264086604,0.956357073970139,0.7858836194500327,0.11721167527139187,0.0002460358121407641,-0.8445996059131321,0.255725503684714,0.3516278705997146,-0.8445996059131321
0.44858664367347956,0.9947566716000438,0.9426780557259917,0.9837855407968163,0.21764331310987473,0.0002459566101026291,-0.9184705521805309,0.2903774456241669,0.3280985345300568,-0.9184705521805309
0.5327008049935102,0.9743313929066062,0.8710481934249401,0.9241605708375573,0.08240168262273073,0.0002445283488803114,-0.8648902576816171,0.26317016877028454,0.346999754034307,-0.8648902576816171
0.4644098114222288,0.9368718629702926,0.8797417404130101,0.9994042571634054,0.1888316087424755,0.00024360751582330962,-0.8482610630784775,0.26687994013003064,0.33066289607419774,-0.8482610630784775
0.5028904555365443,0.852838640101254,0.996479700319469,0.8364329151809216,0.09324711002409458,0.00024295467979645272,-0.8063404329834242,0.2594342125817709,0.3384391893544525,-0.8063404329834242
0.5470483163371682,0.9557684287428856,0.9842597413808107,0.9338340740650892,0.26347460877150297,0.0002409296493687041,-0.9562043778542849,0.2895439940678187,0.32446390473315,-0.9562043778542849
0.4767786664888263,0.9478106377646327,0.9795941254124045,0.8313908549025655,0.06262406148016453,0.00023874975932250503,-0.8833761107089971,0.27305980210155784,0.3287284681147328,-0.8833761107089971
0.4853713009506464,0.9135172665119171,0.9958038348704576,0.9125085957348347,0.13888997491449118,0.0002381609996592685,-0.8203528929455091,0.25938877931554083,0.3610285731758611,-0.8203528929455091
0.5481076743453741,0.7779350439086556,0.8941824520006776,0.9889911031350493,0.21680350229144096,0.00023779761030251365,-0.7906318761168497,0.2621137013723882,0.3035881601910809,-0.7906318761168497
0.595003399066627,0.9727294873446226,0.9101305473595858,0.9783765198662877,0.23036370240151882,0.00023663192085778798,-0.9615615475413369,0.2830125235509504,0.3035150100352219,-0.9615615475413369
0.495082157664001,0.8740182491019368,0.9829929135739803,0.938296478241682,0.12285194266587496,0.00023631704860988038,-0.7927063655675142,0.25326344404921036,0.35300963438761773,-0.7927063655675142
0.4885220006108284,0.9967271191999316,0.9496339578181505,0.6458834735676646,0.022696765139698982,0.00023589686032391698,-1.0141664289728811,0.3070614692731543,0.31117473746421254,-1.0141664289728811
0.5614843554794788,0.932214755564928,0.9180917758494616,0.8727641077712178,0.05408633965998888,0.00023555514201889705,-0.8872330805115776,0.25369560641111627,0.32184582770420217,-0.8872330805115776
0.5021034022793174,0.042932101525366306,0.9683130225166678,0.6623429013416171,0.019552829675376415,0.00023550678367169244,-0.8207743478565077,0.24754598780749704,0.2830783016213175,-0.8207743478565077
0.5009145475924015,0.8991884728893638,0.9301615376025438,0.9639268759638071,0.12213410530239344,0.00023513589693425276,-0.8010744257712931,0.2494153900031104,0.35237609360848077,-0.8010744257712931
0.5302200466394424,0.8431639643386006,0.963940804824233,0.6550130117684603,0.008184375241398811,0.00023488160497078778,-0.9532706738985637,0.28133671935504073,0.30815287404708697,-0.9532706738985637
0.0649013938382268,0.22773402743041515,0.9531030096113682,0.9844614751636982,0.00609531719237566,0.00023421897244579345,-1.0684735384000523,0.2810135816198704,0.2784128931377888,-1.0684735384000523
0.43422257248312235,0.014878056943416595,0.9551175283268094,0.5929672140628099,0.035319605842232704,0.00023405164323369272,-0.894017850420724,0.27257932341522584,0.26820965216830345,-0.894017850420724
0.5265014367178082,0.930081557482481,0.817434006370604,0.9954642541706562,0.004416773095726967,0.0002338359247716352,-0.9243700309341094,0.24089024373392864,0.3279577771715484,-0.9243700309341094
0.5506077948957682,0.7239601276814938,0.984603070653975,0.9766684304922819,0.08134341239929199,0.0002335195149513466,-0.7369914033435799,0.2551164866770766,0.3025522176381951,-0.7369914033435799
0.5687844026833773,0.9177193995565176,0.9131317129358649,0.9319507209584117,0.10894415434449911,0.00023319781554989038,-0.8417849655760504,0.25094807024165566,0.34324240427804986,-0.8417849655760504
0.5045571615919471,0.9758565044030547,0.8934064721688628,0.801483191549778,0.10109959729015827,0.0002326347564196178,-0.8718918371729827,0.26757788451188413,0.35801046750086785,-0.8718918371729827
0.5431965999305248,0.7645530346781015,0.9157077232375741,0.982654731720686,0.010307477787137032,0.00022952572876485454,-0.8365637449080051,0.23800325719548215,0.31130947183839514,-0.8365637449080051
0.04842937830835581,0.29083277843892574,0.9906845670193434,0.9515608819201589,0.0019680727273225784,0.0002294578840841519,-1.072755664932767,0.29701095031052427,0.2934900898366594,-1.072755664932767
0.5598228629678488,0.04486492369323969,0.9596435967832804,0.9650658303871751,0.21669616643339396,0.00022919683239517815,-0.7593383674858858,0.26239793803392786,0.3133292521841278,-0.7593383674858858
0.29868246894329786,0.011885366402566433,0.942660472355783,0.7554048029705882,0.004150555469095707,0.0002291886501398838,-0.9768294026826965,0.2489616613728763,0.20515087745051774,-0.9768294026826965
0.4967414131388068,0.9853163799270988,0.8751591444015503,0.9188579097390175,0.06759039778262377,0.00022897619452669094,-0.8763038511206654,0.2681559374471538,0.3391357793474563,-0.8763038511206654
0.5626849811524153,0.7868300564587116,0.9469908205792308,0.9593833452090621,0.08540920820087194,0.00022822371269413694,-0.7739912677607044,0.251305492941024,0.3083408556000137,-0.7739912677607044
0.5573153337463737,0.9424617402255535,0.8813672279939055,0.8925875565037131,0.04487787000834942,0.00022770334557284714,-0.8947837557797734,0.2510716745507976,0.3209298757591763,-0.8947837557797734
0.5088130626827478,0.9226120933890343,0.9778008060529828,0.8107669837772846,0.16849472373723984,0.00022649117127631892,-0.8596514474788158,0.2571090820513012,0.34993829660862485,-0.8596514474788158
0.4809482842683792,0.9268071455881,0.9392084125429392,0.9345082184299827,0.08858721796423197,0.00022623036368053575,-0.8333766015786078,0.2599020344474222,0.3385536431198041,-0.8333766015786078
0.5306632351130247,0.9452113695442677,0.8590394668281078,0.7704367097467184,0.029372372664511204,0.00022519845407019558,-0.9215324233957211,0.26032861340780006,0.32568744691659623,-0.9215324233957211
0.6109500043094158,0.9081157837063074,0.9711270704865456,0.9940076861530542,0.23866473324596882,0.00022510953555897046,-0.9547861846765392,0.2823193930943166,0.2853370876882163,-0.9547861846765392
0.6039767190814018,0.14586902130395174,0.9883129056543112,0.974512530490756,0.2531401328742504,0.00022478086038130518,-0.7792127765083017,0.26951134206804034,0.29017007366126607,-0.7792127765083017
0.5767852980643511,0.4815143430605531,0.9835240840911865,0.9709831029176712,0.21275203488767147,0.00022416875172331458,-0.6389470912771038,0.24210349362380085,0.29319337284892827,-0.6389470912771038
0.48484044056385756,0.8780678687617183,0.9753788923844695,0.6199564496055245,0.013350666500627995,0.00022373495173113768,-0.9843330981778802,0.29374683130711016,0.3016554561154088,-0.9843330981778802
0.48950271401554346,0.9618650004267693,0.9541678642854095,0.8221397455781698,0.14519957080483437,0.00022351486526218223,-0.8622380860516411,0.26431992882855926,0.3633689793069134,-0.8622380860516411
0.5496250651776791,0.9803617922589183,0.7474132440984249,0.9967953274026513,0.0943880220875144,0.00022284461287272174,-0.8559423006855091,0.26253490354216646,0.34899689358104063,-0.8559423006855091
0.5116854254156351,0.9976707175374031,0.7544976798817515,0.9798444090411067,0.026386825367808342,0.00022226634566576285,-0.9208159914175351,0.25781663194177257,0.3303761994403972,-0.9208159914175351
0.5553392097353935,0.8013873752206564,0.9400493185967207,0.7671356732025743,0.01523167360574007,0.00022190964728499037,-0.8765067286175546,0.2563279183083937,0.3083816756239229,-0.8765067286175546
0.09282343741506338,0.2454181807115674,0.9901805780827999,0.9790714522823691,0.2057587830349803,0.0002217470439532666,-1.0082264106774368,0.2990914506310982,0.26309811142628986,-1.0082264106774368
0.18468850944191217,0.0066766561940312386,0.9646571576595306,0.9602554347366095,0.014516063034534454,0.00022089308843320027,-1.085644586627915,0.15938181338926616,0.1812970508468064,-1.085644586627915
0.5388499395921826,0.9603626197203994,0.9341391464695334,0.8833213932812214,0.2436361461877823,0.0002208867148756334,-0.9375457916520686,0.2668197964110931,0.3303669227723947,-0.9375457916520686
0.5501448223367333,0.9815114391967654,0.9606856107711792,0.8664109418168664,0.24651024397462606,0.0002208577314269918,-0.9645884051273916,0.2777438743971479,0.32956056539159856,-0.9645884051273916
0.3548534270375967,0.009250706061720848,0.9973490601405501,0.6591047681868076,0.06422012951225042,0.00022045218845083759,-0.906955827359642,0.2703682630807163,0.239411983499852,-0.906955827359642
0.5570809664204717,0.10726361908018589,0.9417328806594014,0.9927025027573109,0.3035388048738241,0.00021999171554049077,-0.8129207325639612,0.2872982910212802,0.3141536694749548,-0.8129207325639612
0.49841733649373055,0.0661792540922761,0.976412040181458,0.7049389565363526,0.04310411121696234,0.0002196821165334439,-0.7555941630079559,0.22827896210174653,0.2737519211353713,-0.7555941630079559
0.48311399947851896,0.006097179837524891,0.9124104892835021,0.6893202494829893,0.05042854975908995,0.00021937735719798057,-0.792341205855253,0.2350784144606896,0.2809210724823645,-0.792341205855253
0.38274796959012747,0.01081409864127636,0.9361140122637153,0.4297681087628007,0.002106204628944397,0.0002193726118770248,-1.063295421080478,0.32987024777065416,0.27098970935614686,-1.063295421080478
0.4705252395942807,0.9712342359125614,0.9317717775702477,0.9281541286036372,0.1423105774447322,0.00021908365187487305,-0.8471718970631261,0.26419364828661074,0.3638605508113349,-0.8471718970631261
0.5757926506921649,0.8615153385326266,0.923989505507052,0.9657331658527255,0.15281206835061312,0.00021877885401473454,-0.8172213199681483,0.2517860372175297,0.3304143056808927,-0.8172213199681483
0.5735175274312496,0.7387616466730833,0.9951799847185612,0.7968723922967911,0.01137862540781498,0.0002185365214557177,-0.8541573194447066,0.2597953995195588,0.3036833576450248,-0.8541573194447066
0.5308120036497712,0.8703134786337614,0.943782645277679,0.8144788956269622,0.1366714872419834,0.00021838714404813053,-0.8126010687045923,0.2448508103795869,0.34988102050073094,-0.8126010687045923
0.3332702722400427,0.0421575577929616,0.9776195054873824,0.5042348830029368,0.011414441280066967,0.00021786978819289833,-1.0344294504008884,0.3137538222506367,0.23428629586015537,-1.0344294504008884
0.44862222112715244,0.0046982066705822945,0.8275290243327618,0.569526887498796,0.00026021525263786316,0.00021778410002919795,-0.921696870686323,0.2854500728284104,0.2773496846856922,-0.921696870686323
0.566854034550488,0.8380926661193371,0.971750607714057,0.8065154748037457,0.07606358453631401,0.0002168499344079523,-0.8361735438741249,0.2538291161147802,0.31771121895727905,-0.8361735438741249
0.6063403096050024,0.9253726908937097,0.9613227099180222,0.9720238605514169,0.032147180289030075,0.0002167209983161977,-0.9465645296637484,0.25441766151052125,0.2945002188293542,-0.9465645296637484
0.3142914790660143,0.016919136978685856,0.8770984187722206,0.7459990885108709,0.014308292418718338,0.00021658775204200134,-0.9371796420569386,0.24472310488925686,0.20192802445651456,-0.9371796420569386
0.5425421912223101,0.6689421497285366,0.9979583034291863,0.6890488583594561,0.03003301750868559,0.0002164678469958468,-0.817500461805527,0.2666679159526718,0.29151401091334606,-0.817500461805527
0.5395456170663238,0.8607360739260912,0.8779684342443943,0.7515055816620588,0.015716866590082645,0.00021637797221782027,-0.9010780421436703,0.2535121922137314,0.3154495814962037,-0.9010780421436703
0.25746001303195953,0.0005444018170237541,0.6667787097394466,0.9507112298160791,0.0033032409846782684,0.0002160970400510763,-0.9842461798646169,0.20955443726007178,0.20204570318775042,-0.9842461798646169
0.5260891718789935,0.7821213947609067,0.9860465107485652,0.6103977560997009,0.018521816469728947,0.00021566508890989169,-0.9421975345619225,0.2862729264819733,0.30107254556417856,-0.9421975345619225
0.525215988047421,0.9894831441342831,0.9148673554882407,0.7951626358553767,0.17483926936984062,0.00021546580617899918,-0.9059885563162218,0.2693722356035125,0.3539872503650237,-0.9059885563162218
0.41426746267825365,0.05201781168580055,0.9308827612549067,0.6567526673898101,0.032456365413963795,0.0002149769422560148,-0.8384776165562409,0.2492725638363884,0.2413182410994316,-0.8384776165562409
0.45547404885292053,0.8978221863508224,0.9588770512491465,0.7757177725434303,0.016373788006603718,0.00021427014844312497,-0.9220346768532285,0.27083199126898766,0.3056527114320539,-0.9220346768532285
0.4111796226352453,0.9651304110884666,0.07061383221298456,0.9861377086490393,0.11461810953915119,0.00021353982479563202,-1.001949097071954,0.3352556858389248,0.38474222785262424,-1.001949097071954
0.5465409811586142,0.9937669411301613,0.6946496404707432,0.9747961405664682,0.17593751940876245,0.00021348911865772118,-0.8671070142511829,0.2769996576284046,0.3550669132866522,-0.8671070142511829
0.07797779887914658,0.1862366059795022,0.9261761363595724,0.994717039167881,0.2003884231671691,0.00021300264727514164,-1.0269940432725069,0.3042261871843931,0.25322692147310244,-1.0269940432725069
0.542760138399899,0.2246222412213683,0.993677731603384,0.9062701109796762,0.24475056398659945,0.00021299467814302802,-0.6636163862221583,0.23546170422389623,0.323188910737128,-0.6636163862221583
0.5805270047858357,0.6499105067923665,0.9802200580015779,0.9636837476864457,0.19311331864446402,0.00021292595147893355,-0.7235682905717811,0.2641002650652589,0.29100469097153975,-0.7235682905717811
0.2124171294271946,0.03304592426866293,0.9917708784341812,0.7095480468124151,0.0011500958353281021,0.00021233085761248257,-1.073816138055125,0.26648557173922516,0.18320784748584956,-1.073816138055125
0.5910983718931675,0.8044862141832709,0.9880225611850619,0.9501325152814388,0.1288841525092721,0.0002121160572032309,-0.7989326553086811,0.25547222220827276,0.3237599277400605,-0.7989326553086811
0.018059544265270233,0.017315507866442204,0.9996640672907233,0.9819000791758299,0.050628951750695705,0.00021180257859146708,-1.158788755742715,0.3043069190658012,0.20557069330593253,-1.158788755742715
0.5646150792017579,0.957262335345149,0.8883614335209131,0.8338887253776193,0.11435342207551003,0.0002116837890016014,-0.8705173567893741,0.25608335829387924,0.3565891969653257,-0.8705173567893741
0.5134619567543268,0.6943647926673293,0.9730522269383073,0.8267888808622956,0.024632956832647324,0.00021166872720028055,-0.7735503664240031,0.24843097170248832,0.3039497257458251,-0.7735503664240031
0.528896925970912,0.8854718245565891,0.8774094227701426,0.9389981338754296,0.1656458219513297,0.00021146465628760347,-0.8030380904741881,0.24436460347857275,0.34238680885469136,-0.8030380904741881
0.5455708205699921,0.7413642620667815,0.9474489698186517,0.9869264857843518,0.1325837355107069,0.00021129849099734153,-0.717486149943944,0.24816039441163645,0.3236887631210228,-0.717486149943944
0.23345667403191328,0.01545848697423935,0.9214312601834536,0.8219102267175913,0.02473480347543955,0.00021102513969372937,-1.0116349758324852,0.2218769533493087,0.18031521158287547,-1.0116349758324852
0.26930272579193115,0.023747075349092484,0.9906108025461435,0.5986663345247507,0.02459545899182558,0.00021030630169199582,-1.0438662663718745,0.29349581773454225,0.19429035895916455,-1.0438662663718745
0.4161975923925638,0.19219393841922283,0.9971932796761394,0.5342321107164025,0.003237476572394371,0.00020890914937754385,-0.8821400771671414,0.2971179437718344,0.272229745265439,-0.8821400771671414
0.5842899326235056,0.8306370303034782,0.8274970296770334,0.9968127207830548,0.22454705648124218,0.0002088541710405904,-0.8502462853322263,0.2629585969954082,0.2842074229703665,-0.8502462853322263
0.5062350519001484,0.08247502241283655,0.9894106928259134,0.5718176448717713,0.014235347509384155,0.00020881870033692397,-0.8682161698442044,0.27408861624633674,0.2875369530764921,-0.8682161698442044
0.21236056089401245,0.0033617429435253143,0.6875435942783952,0.8766374168917537,0.02974681928753853,0.00020875560626909507,-0.9941413393636553,0.21566530303496032,0.19961523196453304,-0.9941413393636553
0.47745694871991873,0.13301926758140326,0.9462390942499042,0.6698187384754419,0.011081787757575512,0.00020862351730212592,-0.7636949299787418,0.23868725073328204,0.26422601105442306,-0.7636949299787418
0.3184760957956314,0.007660025730729103,0.8360647242516279,0.7788394149392843,0.0314290439710021,0.00020859382645143507,-0.9047680724156802,0.23158576906678757,0.20106866993028552,-0.9047680724156802
0.0026025986298918724,0.0822792099788785,0.935735915787518,0.9975036466494203,0.04330781381577253,0.0002083879404927216,-1.129522631255012,0.3077584836028954,0.22327440736238682,-1.129522631255012
0.42758261505514383,0.900089468806982,0.009615416638553143,0.9704922894015908,0.1043644305318594,0.00020838360497219932,-0.9828527335312351,0.33026444576270014,0.387528374901303,-0.9828527335312351
0.5539752813056111,0.4613611772656441,0.993617869913578,0.7432271642610431,0.0025794152170419693,0.000208262027739714,-0.7052888967158872,0.23955265912853654,0.2960812722733677,-0.7052888967158872
0.5221230136230588,0.24605040159076452,0.9585211705416441,0.950888367369771,0.31376770604401827,0.00020735443126082749,-0.7237847956624398,0.2606841186523199,0.32836878349357823,-0.7237847956624398
0.5586119927465916,0.9919847883284092,0.8144525177776814,0.9148568157106638,0.1259104711934924,0.0002070908994867784,-0.864331655473514,0.25893036673978403,0.37032701028059334,-0.864331655473514
0.12847588397562504,0.29370491299778223,0.9766431385651231,0.983249245211482,0.23001484852284193,0.00020655708609402783,-0.9772260149179323,0.2860513228627008,0.26179336458301455,-0.9772260149179323
0.48669448867440224,0.861993514932692,0.9089997094124556,0.7435136800631881,0.04665897227823734,0.00020653771267176323,-0.8658364667664502,0.2540823657038448,0.310323094387315,-0.8658364667664502
0.5988981733098626,0.30770743545144796,0.9805094785988331,0.9880637628957629,0.3178191278129816,0.00020647640075112866,-0.779553546161235,0.2697526786111051,0.2961366747467242,-0.779553546161235
0.5177069567143917,0.7936577806249261,0.9354984322562814,0.8208291633054614,0.0634645652025938,0.00020646355664447267,-0.786609922888916,0.2476309519108401,0.3131912815168549,-0.786609922888916
0.49309099093079567,0.8900946294888854,0.9165529208257794,0.8157909158617258,0.09338553063571453,0.00020625450461924855,-0.8212497492479562,0.24932138776478424,0.3390721721739831,-0.8212497492479562
0.44356190226972103,0.005754852667450905,0.9960952391847968,0.8900211211293936,0.26460343040525913,0.0002060438003939822,-0.8482721404040515,0.28587303023548793,0.3473223255456834,-0.8482721404040515
0.4899108912795782,0.8477980215102434,0.8680100217461586,0.780474147759378,0.0012794220820069313,0.00020587159628047898,-0.8936033428113325,0.25795681196651454,0.3174985349150784,-0.8936033428113325
0.4697987800464034,0.07254423387348652,0.9931139815598726,0.9657418802380562,0.38537328969687223,0.00020541305525156138,-0.921926446961975,0.32153890953389946,0.3287406871607707,-0.921926446961975
0.6197993373498321,0.20375287625938654,0.9273612163960934,0.9901130581274629,0.2780451104044914,0.0002050361327678092,-0.7781795063020577,0.26600623729343287,0.2735943397528726,-0.7781795063020577
0.4713915688917041,0.8040324123576283,0.9719493426382542,0.7278939485549927,0.04714846424758434,0.00020475856012674775,-0.8495482161276742,0.2639285339006989,0.3014583300533243,-0.8495482161276742
0.2455168543383479,0.022505893371999264,0.7374307103455067,0.7198987398296595,0.00303061306476593,0.0002041127294232973,-1.0036626642701807,0.25421860818307157,0.19167853246107852,-1.0036626642701807
0.09934037458151579,0.025667231529951096,0.8464908506721258,0.989715407602489,0.023158893920481205,0.00020408998313285618,-1.1125303657725214,0.24642768623032624,0.1951268888536768,-1.1125303657725214
0.24985967203974724,0.07244279608130455,0.9825355485081673,0.8375415178015828,0.006671515293419361,0.0002036571375297088,-0.9875771992293321,0.22520941418075358,0.19527556420232436,-0.9875771992293321
0.4761287057772279,0.8559698965400457,0.9576355256140232,0.9632256841287017,0.1652958644554019,0.00020326781862044327,-0.7883288474754034,0.25412548385053824,0.3406038734543685,-0.7883288474754034
0.13612634129822254,0.010204874910414219,0.6760858101770282,0.7805284848436713,0.009752918966114521,0.00020323505515358609,-1.0850972388952398,0.25955207575121064,0.2096111203816034,-1.0850972388952398
0.5115964999422431,0.22806308045983315,0.9839374329894781,0.9601543182507157,0.3962551010772586,0.00020311057328686725,-0.8562684980895874,0.29204028956439243,0.31697790431353373,-0.8562684980895874
0.48680839594453573,0.9813229516148567,0.5591413155198097,0.9927321253344417,0.16161928419023752,0.00020298005710819148,-0.8317846037590594,0.2750105402668245,0.3628603601165255,-0.8317846037590594
0.034399730153381824,0.04023355711251497,0.8727789623662829,0.894688056781888,0.0050401752814650536,0.00020255739663791893,-1.160142054416638,0.28736221238961407,0.20133310041699545,-1.160142054416638
0.4538515107706189,0.20125896856188774,0.9562150770798326,0.9876661347225308,0.2905819173902273,0.00020246683324557431,-0.7194344886910008,0.2652880373362845,0.328536071349364,-0.7194344886910008
0.03983430936932564,0.23509713262319565,0.8521440820768476,0.9868830237537622,0.24107566941529512,0.00020231696595001802,-1.0506983125176514,0.3142097347178123,0.27820158324976735,-1.0506983125176514
0.5271308589726686,0.7545824851840734,0.981245344504714,0.9196220384910703,0.14198879059404135,0.0002022801698217295,-0.7230797986129651,0.24861369603595357,0.3389563625378252,-0.7230797986129651
0.5001680608838797,0.04690145794302225,0.9948004856705666,0.9233812699094415,0.34981607738882303,0.0002020791109542152,-0.896723922776159,0.31091877890492675,0.34227934733387083,-0.896723922776159
0.4963484928011894,0.82434390950948,0.7909518470987678,0.9941503340378404,0.20394223928451538,0.000202055893869174,-0.7728609920095114,0.2531366497066501,0.3116413265926358,-0.7728609920095114
0.4735543495044112,0.9310155054554343,0.8886517509818077,0.6302674449980259,0.008534004911780357,0.00020205341680501802,-1.0017326529025226,0.2938274318056525,0.3037470367820891,-1.0017326529025226
0.4443002827465534,0.9190928153693676,0.9363436298444867,0.9745056005194783,0.021311359480023384,0.00020193635914820163,-0.9129470777089698,0.2612087700227833,0.30203811568198774,-0.9129470777089698
0.5776619873940945,0.8786440948024392,0.9904294982552528,0.8431677343323827,0.18563209287822247,0.00020183822971944936,-0.8749995497522854,0.2568670954192587,0.32115836707810236,-0.8749995497522854
0.5179672669619322,0.9536307733505964,0.020450618118047714,0.982391239143908,0.14541746862232685,0.00020135314622272006,-0.997148260606404,0.32996957231067,0.4083533799901444,-0.997148260606404
0.5358176482841372,0.7526481729000807,0.9745260654017329,0.7106567388400435,0.0864475341513753,0.00020130227801009353,-0.8030468461139558,0.25951157992184354,0.30953379983276463,-0.8030468461139558
0.5101448930799961,0.8487482974305749,0.9219982111826539,0.5947673683986068,0.013151456601917744,0.0002008503144863973,-0.9825499543136,0.2860977525785737,0.30367859485840537,-0.9825499543136
0.5250020883977413,0.33373157400637865,0.9507005773484707,0.9644386535510421,0.256870630197227,0.00020034696982143847,-0.6154964534551189,0.2240196199022397,0.3313458349938148,-0.6154964534551189
0.5810471531003714,0.8923596683889627,0.9494361728429794,0.8182383086532354,0.10410262644290924,0.0001999554184321122,-0.8583156088489777,0.2513881110273482,0.33430769909177044,-0.8583156088489777
0.000672459602355957,0.16190846171230078,0.9942966513335705,0.874023019336164,0.013871915638446808,0.00019985984177862425,-1.1309568130531475,0.31182538354211603,0.24275950115228098,-1.1309568130531475
0.5294220857322216,0.029169843532145023,0.9931452590972185,0.8437779294326901,0.06552505027502775,0.0001996480701903015,-0.7232749692438243,0.2219702974277877,0.3006274380341352,-0.7232749692438243
0.3998495265841484,0.013481080532073975,0.807767866179347,0.7127605779096484,0.023244601674377918,0.0001995586943528381,-0.8391601160395571,0.2348905253045351,0.23597343808192497,-0.8391601160395571
0.5026338109746575,0.8959912899881601,0.08340216241776943,0.9979909416288137,0.13614130578935146,0.00019937611777833157,-0.9407937613531255,0.31164366848227176,0.3992747049261057,-0.9407937613531255
0.2571619339287281,0.03336045891046524,0.903631885536015,0.6510992189869285,0.02756264992058277,0.0001993217677587116,-1.010522072833172,0.26930025126239504,0.1772060314756465,-1.010522072833172
0.08300362341105938,0.03394065052270889,0.9695447105914354,0.8868783926591277,0.03249985072761774,0.00019919874948670028,-1.1251972474250649,0.2532189211996675,0.19168220279349218,-1.1251972474250649
0.26194868236780167,0.27499688416719437,0.9519607685506344,0.9913009293377399,0.26631598733365536,0.00019919321290947197,-0.8513362069115794,0.2773041347451624,0.25688523618509235,-0.8513362069115794
0.4782158341258764,0.9496936304494739,0.6894479570910335,0.9617752404883504,0.21573989279568195,0.00019879610261805712,-0.8575478705452534,0.26755593273170836,0.33342430370607906,-0.8575478705452534
0.5718444073572755,0.41914953477680683,0.9979004925116897,0.9442914100363851,0.2997315311804414,0.00019876955614990148,-0.730977048748863,0.25746669079219253,0.31529997225245326,-0.730977048748863
0.2729531479999423,0.10139117762446404,0.9656059285625815,0.6354958787560463,0.0036376025527715683,0.0001986807024438782,-0.9913644503869817,0.279374676821103,0.19285256083171637,-0.9913644503869817
0.5218690996989608,0.83126285020262,0.8977896608412266,0.9132722551003098,0.08829791564494371,0.00019864784519663063,-0.771917106588717,0.2422821887587091,0.3267048106496023,-0.771917106588717
0.6067257700487971,0.20846989564597607,0.9755291352048516,0.9388262359425426,0.2265637395903468,0.00019859645394190904,-0.7006507827696974,0.24371683151203197,0.27701027840632714,-0.7006507827696974
0.11630126740783453,0.2760407915338874,0.977545621804893,0.9211238361895084,0.016221467405557632,0.0001985632874796459,-1.0076690414644451,0.2546695642357507,0.2749690083902266,-1.0076690414644451
0.48905159160494804,0.9668025970458984,0.7460536463186145,0.9398060496896505,0.008199166506528854,0.00019839751439427964,-0.9243994237045865,0.24262361131480056,0.3313612135367578,-0.9243994237045865
0.4674837402999401,0.9731914512813091,0.924819421954453,0.6996194282546639,0.08628053311258554,0.00019837079424211298,-0.9257176879407661,0.2803983797423031,0.32942558951298595,-0.9257176879407661
0.19809609837830067,0.012838661670684814,0.8189946198835969,0.9524457631632686,0.041700972244143486,0.00019787992848890445,-1.0133849422763952,0.20054091335295535,0.19125760966505417,-1.0133849422763952
0.45153993647545576,0.9076781943440437,0.9868993377313018,0.7152696754783392,0.07016417104750872,0.00019775487198492086,-0.9018816709405298,0.27268474776606977,0.31103230465541226,-0.9018816709405298
0.5033019902184606,0.986136119812727,0.8211609432473779,0.705899141728878,0.07134480867534876,0.00019772374032726351,-0.9242268269634196,0.27163596195752754,0.3408428897353574,-0.9242268269634196
0.5650705266743898,0.7153016859665513,0.9161708233878016,0.9480334501713514,0.21313306968659163,0.00019743683624848127,-0.7605124985386539,0.25729002972048426,0.29493065646894484,-0.7605124985386539
0.3668819675222039,0.029260088689625263,0.732081743888557,0.5506926765665412,0.009304800070822239,0.00019743073235228573,-0.9525782003969635,0.28742808391270913,0.2345843140199083,-0.9525782003969635
0.4759723078459501,0.9534505419433117,0.8724082661792636,0.8874369915574789,0.05921565555036068,0.00019736030280253215,-0.867972717602943,0.2585931075606304,0.32676156973952547,-0.867972717602943
0.5204677386209369,0.6669630594551563,0.9890497513115406,0.9331704080104828,0.21008598897606134,0.00019720761756507446,-0.7132714253511052,0.25756728863357614,0.3205874459223136,-0.7132714253511052
0.5347188841551542,0.9149608304724097,0.8966506961733103,0.8507795389741659,0.22258709650486708,0.00019710779675624228,-0.8893742776324456,0.24026951236656216,0.3269020900817725,-0.8893742776324456
0.5578779699280858,0.7275581881403923,0.9340769303962588,0.7046533869579434,0.00122083630412817,0.00019658272813769068,-0.8735822192153978,0.266657288081983,0.3029568956309583,-0.8735822192153978
0.5153288254514337,0.8770726472139359,0.7951599862426519,0.7548063108697534,0.001538214273750782,0.0001965009770269343,-0.9104932146620421,0.2528846306249096,0.32492725994116817,-0.9104932146620421
0.37569335103034973,0.05334054213017225,0.9721368569880724,0.982663600705564,0.27775390073657036,0.0001964783289010823,-0.8670829365915771,0.2938020081899661,0.2988184050670401,-0.8670829365915771
0.2762260530143976,0.018506206572055817,0.6413719691336155,0.959961430169642,0.21087019331753254,0.0001962150408582575,-0.8877278650021394,0.27250011001762336,0.21326528462637134,-0.8877278650021394
0.05435472074896097,0.018840395845472813,0.7720137275755405,0.8550722962245345,0.00024293363094329834,0.00019619608655789086,-1.1489871866670938,0.2868752148904892,0.21130277233595354,-1.1489871866670938
0.3476688889786601,0.019174777902662754,0.8545350609347224,0.6221010079607368,0.0598198352381587,0.00019613326920280753,-0.9062174341062869,0.26283291807932463,0.2169659010440534,-0.9062174341062869
0.5771987801417708,0.636718263849616,0.9547923663631082,0.9377783257514238,0.01678765658289194,0.00019608878149976534,-0.765180664767388,0.22893725702441198,0.28973547367784797,-0.765180664767388
0.3336873222142458,0.009326240047812462,0.717333598062396,0.8314546402543783,0.020418954081833363,0.00019594072842459942,-0.873431706917631,0.21129152213309105,0.20510497527856925,-0.873431706917631
0.16971801035106182,0.06559787038713694,0.9007319156080484,0.9446243802085519,0.016959156841039658,0.00019577964085726917,-1.0501453533874001,0.19293677759414365,0.19127966383846173,-1.0501453533874001
0.5733966827392578,0.8134136078879237,0.8645657319575548,0.9748359750956297,0.048218220472335815,0.00019557812751180758,-0.8225456870668079,0.23874913859224925,0.2901003776302143,-0.8225456870668079
0.286858799867332,0.02046293020248413,0.650277809239924,0.6689725099131465,0.029351867735385895,0.00019550940281202418,-0.9426597256911887,0.2580580989673092,0.18932298819628698,-0.9426597256911887
0.46941545233130455,0.9442064976319671,0.9134515644982457,0.6043222453445196,0.017743070609867573,0.00019544389055798232,-1.018090026346163,0.3001217231146414,0.2998813294514071,-1.018090026346163
0.16558672953397036,0.059258089400827885,0.9228366455063224,0.7900246707722545,0.011519013904035091,0.00019531878058576463,-1.0677560490377542,0.23538265793039376,0.1834680614364984,-1.0677560490377542
0.4245597403496504,0.9529894310981035,0.9561591735109687,0.7385123614221811,0.005502302199602127,0.0001951408002074238,-0.9852453987535962,0.29333707372277595,0.2932429440927453,-0.9852453987535962
0.39768754690885544,0.07706048525869846,0.9990340815857053,0.41413712315261364,0.02896428480744362,0.00019505501439928582,-1.0263866364710748,0.3220454637762472,0.2798479942136982,-1.0263866364710748
0.3856148663908243,0.003513973206281662,0.685098959133029,0.6476941807195544,0.03422244545072317,0.00019481797782527031,-0.8624837554527717,0.24977979695662772,0.2238759351262608,-0.8624837554527717
0.26874906197190285,0.05758166220039129,0.6894341884180903,0.799034952186048,0.006313378922641277,0.00019469947252616197,-0.9287405529621873,0.22457050005551152,0.1944468072548591,-0.9287405529621873
0.5138185610994697,0.7759874993935227,0.9008986614644527,0.6393931703642011,0.023321351036429405,0.0001942185106575812,-0.9003483602397198,0.2703447178301259,0.2985113776924953,-0.9003483602397198
0.5489731654524803,0.9465503469109535,0.9479990201070905,0.6675151027739048,0.12499925587326288,0.00019405608867126213,-0.9385246530651834,0.27167855722740836,0.3370518556622261,-0.9385246530651834
0.5065332725644112,0.7722653420642018,0.959717957302928,0.9289187472313643,0.0682762498036027,0.00019403956505267703,-0.7576361033851862,0.24872661437217047,0.3107934080056108,-0.7576361033851862
0.1552856732159853,0.018236948177218437,0.9774377765133977,0.6794936200603843,0.019236724823713303,0.00019401176745817647,-1.1211941355990043,0.2732712635022515,0.1719014343906071,-1.1211941355990043
0.34744419250637293,0.0050422269850969315,0.9228990422561765,0.9017608305439353,0.019322678446769714,0.0001939571384306855,-0.89951968586509,0.20374937950345298,0.22464394934735846,-0.89951968586509
0.24572052713483572,0.052414897829294205,0.942110744304955,0.9278101464733481,0.02759927324950695,0.00019389759753937354,-0.9751009725389561,0.1965202146348014,0.18141139803695594,-0.9751009725389561
0.2415640102699399,0.16798544116318226,0.940797034651041,0.9883671943098307,0.2543956069275737,0.0001936086270856351,-0.9168237463555822,0.28415780564231263,0.2218243596394356,-0.9168237463555822
0.38442357536405325,0.07052547112107277,0.8698162771761417,0.6971255354583263,0.008108609355986118,0.00019359324892634394,-0.8467324479936424,0.2427140421473114,0.2271654775884299,-0.8467324479936424
0.06119619309902191,0.13241972401738167,0.9828677587211132,0.9612030014395714,0.06667568162083626,0.0001935218852093332,-1.0604927118023035,0.2830162204750915,0.24869769703164862,-1.0604927118023035
0.5221787942573428,0.017145116813480854,0.9265077412128448,0.5874490570276976,0.016675103455781937,0.00019344329300436931,-0.8838810577778285,0.26940685990671265,0.2918677989965816,-0.8838810577778285
0.39403713028877974,0.04825878329575062,0.9586474150419235,0.31996215507388115,0.007075524888932705,0.00019343139864276155,-1.1170707445997294,0.34124895138279276,0.3000003932704657,-1.1170707445997294
0.3291085185483098,0.08267748821526766,0.9411028493195772,0.7303524175658822,0.01674705743789673,0.00019330983087802948,-0.8872558201277695,0.24225179373619507,0.20228875413151637,-0.8872558201277695
0.0048421574756503105,0.21317060943692923,0.9536648923531175,0.8918772460892797,0.020150880329310894,0.0001932659136412953,-1.092543843754818,0.3052571657794513,0.2741782971354784,-1.092543843754818
0.43890285585075617,0.055086723528802395,0.9080927390605211,0.4622032344341278,0.0163253303617239,0.00019323383299906866,-0.9730023435909664,0.30292271147111405,0.27967232552453297,-0.9730023435909664
0.5422426536679268,0.9443131582811475,0.48164341133087873,0.99424849729985,0.23368150275200605,0.00019312716029328006,-0.9031881363024666,0.2894405276282343,0.3424493665236838,-0.9031881363024666
0.3885623626410961,0.05440482124686241,0.8282031873241067,0.5375247281044722,0.018415475264191628,0.00019306384710169724,-0.9329824959465225,0.28460960055606555,0.24172832628575042,-0.9329824959465225
0.578994975425303,0.8440434783697128,0.8829406434670091,0.9437798261642456,0.07124882470816374,0.00019304842912461984,-0.8224954857564853,0.2417243714589534,0.3036033802653735,-0.8224954857564853
0.43054878897964954,0.11009979248046875,0.9928558617830276,0.6723839491605759,0.061267086304724216,0.0001929593402391021,-0.7613984952667323,0.2405497188607488,0.2482837439140363,-0.7613984952667323
0.4713500216603279,0.915183138102293,0.6221691835671663,0.977082896977663,0.1826151581481099,0.00019276805099510425,-0.8032438616346862,0.25800889831158996,0.33585784306047184,-0.8032438616346862
0.20026607811450958,0.027034099213778973,0.9029609253630042,0.5401717750355601,0.004133504815399647,0.0001925878940052782,-1.1337410872880809,0.3130862462422762,0.18295582490355713,-1.1337410872880809
0.25299231614917517,0.09147284924983978,0.929644763469696,0.6143127651885152,0.006528795696794987,0.00019247331049052977,-1.0188379971588657,0.28336549674555295,0.18518262756470352,-1.0188379971588657
0.2695889640599489,0.014504923485219479,0.7933574132621288,0.878326216712594,0.0543507244437933,0.0001924590904531137,-0.9138235393206636,0.21426818627333827,0.19751156443447912,-0.9138235393206636
0.15621127746999264,0.04691786039620638,0.7182496525347233,0.9696801099926233,0.012612404301762581,0.00019221031627353344,-1.0465608379246314,0.21385138096805967,0.21298517673754128,-1.0465608379246314
0.3028064975515008,0.026004474610090256,0.7805767962709069,0.72256441693753,0.04177929647266865,0.00019192860800261894,-0.9023283224816009,0.23640048899025287,0.19064459824199187,-0.9023283224816009
0.5356433754786849,0.06255673058331013,0.9433687841519713,0.790079340338707,0.019516710191965103,0.00019178726391435287,-0.7459931329209407,0.21271288581028286,0.28254239781226137,-0.7459931329209407
0.5133374538272619,0.8628731016069651,0.8536644568666816,0.8822232699021697,0.03515495918691158,0.00019172622053808318,-0.8404013790744648,0.23756649431879634,0.3139823066242815,-0.8404013790744648
0.5889585390686989,0.9314093412831426,0.9033208852633834,0.9070676192641258,0.18261995259672403,0.00019158656012893357,-0.8910823239783763,0.2559319806602979,0.3225062477481197,-0.8910823239783763
0.4416446378454566,0.029373446479439735,0.9620434567332268,0.6492551825940609,0.12185555696487427,0.00019147662327472745,-0.8002475946345378,0.26174641241321145,0.28944375139152945,-0.8002475946345378
0.2766829049214721,0.01953853666782379,0.9317924603819847,0.8403459349647164,0.07338031567633152,0.0001914552370346089,-0.9136567772116247,0.22996202161414533,0.21084579078521895,-0.9136567772116247
0.5322003047913313,0.8977617882192135,0.9203783348202705,0.9181835884228349,0.2678707977756858,0.00019142538477923384,-0.9114665923346749,0.26400924644181545,0.3215191367174146,-0.9114665923346749
0.18921389803290367,0.10203618463128805,0.994391568005085,0.9991379026323557,0.0748527655377984,0.00019120634176925696,-0.972267347376347,0.23104771169163307,0.2150476126509005,-0.972267347376347
0.14390320051461458,0.352763463743031,0.9155397741124034,0.9988948935642838,0.23831919487565756,0.00019112363440857813,-0.9435922900578773,0.27521624419928736,0.27294493800256375,-0.9435922900578773
0.541653098538518,0.03923290781676769,0.8806304698809981,0.9770572064444423,0.2903521228581667,0.00019105334841511864,-0.8226155429084419,0.2861697739705908,0.32264218904296105,-0.8226155429084419
0.0806958694010973,0.16873627342283726,0.8890852611511946,0.9688111124560237,0.02513564471155405,0.00019089028483055024,-1.049550517450388,0.26200442647750527,0.25354756763310254,-1.049550517450388
0.1153173977509141,0.019639313220977783,0.723036115989089,0.9331940514966846,0.03460950683802366,0.00019069137709709996,-1.0675580646639775,0.24042438303065874,0.2200602146667604,-1.0675580646639775
0.4183417335152626,0.15697011910378933,0.9869569102302194,0.9639203930273652,0.3554276069626212,0.0001906783637239115,-0.8492748263729984,0.30256767676497043,0.31902187878181104,-0.8492748263729984
0.06292551197111607,0.024144399911165237,0.8866093875840306,0.8628876227885485,0.03546636365354061,0.00019061801779394715,-1.1269811018113984,0.2717469624182923,0.20168384260082162,-1.1269811018113984
0.5093303779140115,0.680197267793119,0.9519145004451275,0.9073108686134219,0.003599165938794613,0.00019055311299636887,-0.7833744343859173,0.23730654615416874,0.3167986197718766,-0.7833744343859173
0.44013871159404516,0.9557060487568378,0.8949803709983826,0.7600838681682944,0.014910624362528324,0.00019033914160181438,-0.9573987392333515,0.2799842335158475,0.30197299434760466,-0.9573987392333515
0.41467544715851545,0.8865239834412932,0.05061063449829817,0.9954210016876459,0.1858566626906395,0.00019004784569348894,-0.9912056337069657,0.3312263640772482,0.37036712124915966,-0.9912056337069657
0.43419271893799305,0.9856675397604704,0.836078492924571,0.9915989674627781,0.24482357315719128,0.00018984274686222914,-0.9290743540894788,0.2856179237756388,0.311979894298884,-0.9290743540894788
0.23479397408664227,0.23060586396604776,0.9546856312081218,0.9537799572572112,0.23409726843237877,0.00018984061436642198,-0.8762029408586751,0.2665167074086097,0.2338839200879525,-0.8762029408586751
0.3310955800116062,0.0774913327768445,0.9751663105562329,0.9964234037324786,0.34676223434507847,0.0001897336348019282,-0.9536978684441249,0.32507477571677046,0.27491119383189777,-0.9536978684441249
0.587795190513134,0.9888878436759114,0.8602283159270883,0.8649433245882392,0.01225468423217535,0.00018951519905876593,-0.9771394171662797,0.25892988311720283,0.32049417356836,-0.9771394171662797
0.43883209861814976,0.5148906204849482,0.9790930198505521,0.6975699542090297,0.0015729619190096855,0.00018923856949530158,-0.7623754486942257,0.26430951723128837,0.28302141170953454,-0.7623754486942257
0.47443972155451775,0.8449449269101024,0.05617254972457886,0.9967390103265643,0.09299958869814873,0.00018901490468703903,-0.9285634693205597,0.3102234292853382,0.3795444942082222,-0.9285634693205597
0.4013996599242091,0.3211258864030242,0.9858354488387704,0.6441331533715129,0.01504213735461235,0.00018892324350907238,-0.7579492274418895,0.2655195930972514,0.26356743615839934,-0.7579492274418895
0.43260099459439516,0.12617618776857853,0.934289419092238,0.5498468931764364,0.02813860960304737,0.0001881651943873446,-0.8569259389405498,0.271384542025992,0.25479236742792694,-0.8569259389405498
0.30487116891890764,0.03533279895782471,0.8949587345123291,0.9694776656106114,0.2088368460536003,0.00018809074897768347,-0.8804274494613031,0.2694638611296355,0.225619695734578,-0.8804274494613031
0.46115797385573387,0.03929431922733784,0.9983808295801282,0.8426980394870043,0.04282718151807785,0.00018805832383192222,-0.7575663014418309,0.21359841277484332,0.28267641401931287,-0.7575663014418309
0.5363514171913266,0.9005930637940764,0.8294122153893113,0.8416767297312617,0.07711418531835079,0.00018778473497225081,-0.8281717547590205,0.2387231020764668,0.33514965709862304,-0.8281717547590205
0.4834194155409932,0.9986650971695781,0.5063641518354416,0.9707407131791115,0.11126782651990652,0.00018737469547417334,-0.8451655492390182,0.27452694269389094,0.3730175449669906,-0.8451655492390182
0.45489596016705036,0.0002179192379117012,0.9213230926543474,0.9334494285285473,0.2443989971652627,0.00018731923619565516,-0.806430991658545,0.26820430465143263,0.33458175573951826,-0.806430991658545
0.3615460302680731,0.006620372645556927,0.46360297594219446,0.9877664921805263,0.20455577690154314,0.00018724803630318823,-0.8059714275877085,0.24971295411563776,0.24498861539040268,-0.8059714275877085
0.15664061438292265,0.02018645964562893,0.9704773351550102,0.9509665491059422,0.21320717595517635,0.00018723247089785054,-1.0702946642893911,0.29045602725188824,0.18938723358002654,-1.0702946642893911
0.49284028075635433,0.8625669851899147,0.0034736022353172302,0.9747857004404068,0.13643263466656208,0.000187205973729382,-0.9490165621798254,0.3161899780389585,0.40512860750691326,-0.9490165621798254
0.5484929541125894,0.906543861143291,0.8070161249488592,0.9085141476243734,0.07410398218780756,0.00018688404050550274,-0.8286446655568667,0.23665915346737076,0.33024374374030174,-0.8286446655568667
0.43013329431414604,0.9513811049982905,0.11159192863851786,0.979770821519196,0.15802676603198051,0.00018684410751177507,-0.9802929167644195,0.3262040660824315,0.3880298974437023,-0.9802929167644195
0.20418255310505629,0.04445654433220625,0.9334398675709963,0.9834926100447774,0.08120258618146181,0.00018682504317488402,-0.9748406232940328,0.21906661673300454,0.2122940851386187,-0.9748406232940328
0.11792710516601801,0.008016563020646572,0.8366914819926023,0.9843174666166306,0.19064809288829565,0.00018653835986231606,-1.0708294801952851,0.29890347630695774,0.21198863904736612,-1.0708294801952851
0.4748546537011862,0.8967353263869882,0.3354195551946759,0.988910106010735,0.22032816614955664,0.00018621553571731113,-0.8925478894574189,0.2948429348563985,0.33729329071677794,-0.8925478894574189
0.60007394105196,0.9103570478037,0.9228518502786756,0.9505872428417206,0.25080513302236795,0.00018612695400768586,-0.9514408434831424,0.2685987835048949,0.2903283994628227,-0.9514408434831424
0.5640774024650455,0.0657768351957202,0.9913408923894167,0.9886818723753095,0.15587951242923737,0.0001861074073724995,-0.6959989275468124,0.24872817525767246,0.31081598076765543,-0.6959989275468124
0.2957183737307787,0.14303460717201233,0.9885267578065395,0.4825094984844327,0.0076597100123763084,0.00018603094300385586,-1.0331873058384147,0.3198483199111711,0.22537760295886852,-1.0331873058384147
0.2751780701801181,0.03609507344663143,0.774301428347826,0.49554839450865984,0.009628980420529842,0.00018590144742812532,-1.068389578615652,0.31307331802136956,0.21311435394185668,-1.068389578615652
0.543914956972003,0.16224978491663933,0.9799803448840976,0.8796098744496703,0.2672447804361582,0.00018577562714279847,-0.7334119930537527,0.2493303717295413,0.3271570756788702,-0.7334119930537527
0.3700919272378087,0.028188133612275124,0.592550054192543,0.9958323817700148,0.25704657938331366,0.00018571966114785802,-0.8161197110316659,0.27219080621570213,0.2598901523128265,-0.8161197110316659
0.4548175763338804,0.1226293919607997,0.9691980108618736,0.44658423122018576,0.01485978253185749,0.0001856222446735203,-0.9525467590145661,0.3020586197081757,0.2882628550792556,-0.9525467590145661
0.5185054242610931,0.1074687959626317,0.9044001596048474,0.6779617331922054,0.0112508749589324,0.00018561917725652902,-0.7586601492875888,0.22979421478283135,0.26860445076575395,-0.7586601492875888
0.2010665126144886,0.055699750781059265,0.6672074403613806,0.873154466971755,0.026745262555778027,0.00018560734694886578,-0.9711143205584647,0.21129495363790643,0.204875875247016,-0.9711143205584647
0.5358297452330589,0.9031055411323905,0.6208093510940671,0.9593621073290706,0.2053124289959669,0.0001854631021149876,-0.8258439056660533,0.2583115005814826,0.32966992085014674,-0.8258439056660533
0.18101459182798862,0.11848472524434328,0.9857576983049512,0.8056433834135532,0.01981858443468809,0.00018544003410669502,-1.020764078681057,0.23384277260904401,0.19556097484429819,-1.020764078681057
0.48113785311579704,0.2418976193293929,0.9710370283573866,0.5647709593176842,0.017391562461853027,0.00018518986689592217,-0.7863771810935276,0.26775959517538694,0.28184417355007557,-0.7863771810935276
0.37481640465557575,0.04980894364416599,0.8969500437378883,0.5911763468757272,0.06721503287553787,0.00018513771366047887,-0.8827260192411686,0.26687458073951087,0.22896577934110307,-0.8827260192411686
0.14803287852555513,0.030260005965828896,0.9107668837532401,0.8889398612082005,0.06418398302048445,0.00018509687749684615,-1.042474866813694,0.2266912657356938,0.21192708095376478,-1.042474866813694
0.4722158908843994,0.9835867146030068,0.0851794146001339,0.8911780556663871,0.10132509842514992,0.0001850754948021751,-0.9959652917541907,0.32350790229497123,0.406773027185465,-0.9959652917541907
0.5560589740052819,0.47547033801674843,0.8616080367937684,0.9944215910509229,0.24776194989681244,0.00018504281182838943,-0.6261998827304093,0.2294557483375121,0.29095961092063205,-0.6261998827304093
0.5660542137920856,0.9558646734803915,0.6633701827377081,0.967183724977076,0.2283458523452282,0.00018484450240513885,-0.903553181975809,0.2751933325734065,0.32472845969818687,-0.903553181975809
0.529051179997623,0.15495721250772476,0.8529123803600669,0.9979491038247943,0.2884285245090723,0.00018472273407860293,-0.7211925148729691,0.26333264025644865,0.3063841885066577,-0.7211925148729691
0.4050030503422022,0.02663701307028532,0.9698493555188179,0.8122056080028415,0.05592854134738445,0.00018467284599180535,-0.7904850879483842,0.21784922692458583,0.2566342279053616,-0.7904850879483842
0.4623993616551161,0.9863549983128905,0.8525565220043063,0.791039259172976,0.11603484489023685,0.00018466321802810238,-0.875460099388039,0.2673565213342042,0.3568586823194872,-0.875460099388039
0.12749196216464043,0.03365613333880901,0.7240869961678982,0.9945861855521798,0.21132641658186913,0.00018454426711385797,-1.0443041495699488,0.3040430779740902,0.21114109996927521,-1.0443041495699488
0.510850009508431,0.8137642908841372,0.9193037413060665,0.9352713841944933,0.13954715710133314,0.00018452758168184197,-0.7449677221183307,0.2390891409611974,0.34359037212004806,-0.7449677221183307
0.4206256838515401,0.9940972570329905,0.9886970985680819,0.7988545931875706,0.08080748841166496,0.00018446759630750295,-0.9228102378008152,0.2921199947715336,0.31990433760903203,-0.9228102378008152
0.014673860743641853,0.003688165917992592,0.94303975161165,0.9921270804479718,0.22592026833444834,0.00018442387604949788,-1.1824019835865653,0.34799692302290824,0.18254434127874636,-1.1824019835865653
0.13739921431988478,0.12747912388294935,0.9844656391069293,0.9931355072185397,0.16972460318356752,0.000184329050089326,-0.9974995003760793,0.28016597534969756,0.2422309823911554,-0.9974995003760793
0.28641027864068747,0.05305368732661009,0.9203940853476524,0.9943613912910223,0.001308029517531395,0.0001841713186687832,-0.9643019153557769,0.20759105063840352,0.20907273209838712,-0.9643019153557769
0.3179349834099412,0.1082208389416337,0.9145640106871724,0.5198384560644627,0.019717386923730373,0.00018414670716405783,-0.9859266874203442,0.29826354481956263,0.21407293257793747,-0.9859266874203442
0.2822785936295986,0.07208831887692213,0.8797556282952428,0.7710512913763523,0.027103339321911335,0.00018414204170894477,-0.9150617163964772,0.2298988012081807,0.18121189990344394,-0.9150617163964772
0.3574793264269829,0.04592015873640776,0.8804165394976735,0.4721137806773186,0.044627332128584385,0.0001839795962729986,-0.9997174901875856,0.30296165053004304,0.24168398600967947,-0.9997174901875856
0.5341280614957213,0.8874448351562023,0.8860707422718406,0.6831654636189342,0.09423540998250246,0.00018394599586307988,-0.8855491418630141,0.2526890362745512,0.3271767934098454,-0.8855491418630141
0.14920061826705933,0.004058648832142353,0.7996911657974124,0.8297199001535773,0.05979515518993139,0.00018393421602054042,-1.0437519571918366,0.2388723074295161,0.22037615506953823,-1.0437519571918366
0.5928762052208185,0.35037142410874367,0.9560080775991082,0.9324155133217573,0.27108262944966555,0.00018389313576610392,-0.6926801590550253,0.23529351873359655,0.30231278405977613,-0.6926801590550253
0.28370483685284853,0.032077595591545105,0.8637562822550535,0.5276752170175314,0.04674861300736666,0.00018378052282308312,-1.0310563653763656,0.29694264289414685,0.20125619466570469,-1.0310563653763656
0.043883818201720715,0.30828067380934954,0.9496988411992788,0.9578968044370413,0.20951981469988823,0.00018364287089708028,-1.0232616069176874,0.30337026870981104,0.29775965041142677,-1.0232616069176874
0.30216268822550774,0.07915527001023293,0.7113801939412951,0.6845762617886066,0.0015205703675746918,0.0001835547908301797,-0.9135595668476697,0.24973594235652274,0.19626301359757037,-0.9135595668476697
0.5409337664023042,0.9784238142892718,0.804387791082263,0.6365825328975916,0.006266171112656593,0.00018353485712760048,-1.0223181559195067,0.2912328431937586,0.32454516658704297,-1.0223181559195067
0.5619964981451631,0.933975737541914,0.6316084545105696,0.9904417367652059,0.16763315070420504,0.00018350125139833962,-0.8312782875571011,0.2609339112529848,0.3430921968009286,-0.8312782875571011
0.5367215229198337,0.3812473379075527,0.9040570156648755,0.9986641313880682,0.3584875352680683,0.00018324013813669684,-0.7527301766363957,0.26609824996843384,0.3007895289638587,-0.7527301766363957
0.04744373168796301,0.03847567085176706,0.7451941920444369,0.9636605847626925,0.04876368958503008,0.00018313996230591288,-1.089280973314251,0.28194005362847463,0.2449821086696826,-1.089280973314251
0.5462593454867601,0.9640865651890635,0.9851516606286168,0.6729051461443305,0.16742125060409307,0.0001830084620644228,-0.9627979718387691,0.27865290335428083,0.3326906255076379,-0.9627979718387691
0.019657690078020096,0.15595741849392653,0.8917079893872142,0.8762776050716639,0.010874270461499691,0.00018299974432182899,-1.1062544585187255,0.2961348608714763,0.25470343399608697,-1.1062544585187255
0.5332206962630153,0.9200205570086837,0.6843853648751974,0.9811449702829123,0.124174858443439,0.00018295854979971714,-0.7931329845091597,0.2406246307406189,0.3549372257220679,-0.7931329845091597
0.2980317687615752,0.04545649513602257,0.7371270339936018,0.580773001536727,0.0264607360586524,0.00018287772222875222,-0.9727320893217133,0.27846642827244056,0.1981103152297395,-0.9727320893217133
0.5247558038681746,0.7475568307563663,0.8899719323962927,0.9229153357446194,0.027525166980922222,0.00018267855711192387,-0.7846994425496182,0.23370846245234916,0.30093146807089677,-0.7846994425496182
0.3059655763208866,0.00047068577259778976,0.8838411765173078,0.5586079731583595,0.08427315764129162,0.00018266365186934218,-0.9946590825740043,0.29517982272012067,0.21964074841916903,-0.9946590825740043
0.2273120442405343,0.024776908569037914,0.8647952415049076,0.671684006229043,0.05455086566507816,0.00018260271602749532,-1.009652182709803,0.25629714443588525,0.18296786054836336,-1.009652182709803
0.5832708086818457,0.7125461455434561,0.993437273427844,0.9984850771725178,0.29544077068567276,0.0001823340546823632,-0.8725293126006012,0.30081769242786416,0.28793229364412243,-0.8725293126006012
0.6278935819864273,0.12441320065408945,0.9251188030466437,0.9902595933526754,0.2493904698640108,0.000182206762525306,-0.8022694282381007,0.26830122907220544,0.2639207743833784,-0.8022694282381007
0.5922421934083104,0.4149482371285558,0.9206183198839426,0.9866325175389647,0.19370785541832447,0.00018210684957476765,-0.5854192333526128,0.22107522780904168,0.27336773573101925,-0.5854192333526128
0.16756284423172474,0.2003343654796481,0.989156698808074,0.9174280362203717,0.04067685082554817,0.00018188771742687622,-0.9639930105474425,0.2298647141402147,0.23361596528647285,-0.9639930105474425
0.5302982795983553,0.6127621615305543,0.9706145022064447,0.965978316962719,0.03596881311386824,0.00018187319750908557,-0.7017552644037369,0.22724075339764618,0.2892128092902329,-0.7017552644037369
0.5415636962279677,0.8088095355778933,0.8582372535020113,0.9579440886154771,0.16365363355726004,0.00018148670401960335,-0.7536838755060424,0.24313185301362378,0.32492514352312807,-0.7536838755060424
0.22548939008265734,0.03888602461665869,0.9987314390018582,0.9185362346470356,0.19609564542770386,0.00018146552753218686,-0.9821375723102266,0.2773516889496867,0.21157160433203864,-0.9821375723102266
0.4780210042372346,0.016315719112753868,0.8713746080175042,0.7887652199715376,0.02848697453737259,0.00018125171582194756,-0.7645159879820059,0.21174282836017055,0.2756547214453924,-0.7645159879820059
0.2343508070334792,0.04438711982220411,0.6485063089057803,0.5298926224932075,0.005907452665269375,0.0001811674952303947,-1.0725535369972954,0.3081610289858936,0.20641023572039482,-1.0725535369972954
0.001779729500412941,0.031188947148621082,0.6182022830471396,0.9097594451159239,0.006951463408768177,0.00018115824329920208,-1.1420881273848422,0.30893495516801645,0.24133454156883538,-1.1420881273848422
0.09141826163977385,0.25244205445051193,0.8969068042933941,0.990418991073966,0.09372095670551062,0.00018109572964633704,-0.9465569202170231,0.27294211569216215,0.3195073570465046,-0.9465569202170231
0.45241614896804094,0.4529999941587448,0.9800049653276801,0.5949768824502826,0.031329636462032795,0.0001810450704379864,-0.7649360425787826,0.26622628685908123,0.27882819264402475,-0.7649360425787826
0.4528334876522422,0.9431360345333815,0.23356901109218597,0.98758614808321,0.13061190582811832,0.0001810104257741297,-0.9120318799052427,0.30502166876202297,0.376607946663061,-0.9120318799052427
0.4882360342890024,0.9786884635686874,0.7718948014080524,0.8623552499338984,0.05635798070579767,0.000180950798283143,-0.8747460261555766,0.2572142864753202,0.3386530198866989,-0.8747460261555766
0.12794689927250147,0.03566127084195614,0.9527094662189484,0.8612948814406991,0.06707616522908211,0.00018092188909680335,-1.0614630943286354,0.2402776161365367,0.21613174332061114,-1.0614630943286354
0.18964188918471336,0.7530957879498601,0.04082888085395098,0.9959769435226917,0.11153147462755442,0.00018077988815305145,-1.1059550299681324,0.34757339065103793,0.2897397269062007,-1.1059550299681324
0.3528665443882346,0.018102874979376793,0.9613365232944489,0.9271076899021864,0.30072564352303743,0.0001807027659127745,-0.9299760297765175,0.30597070263469955,0.29210267203731444,-0.9299760297765175
0.24057507328689098,0.030762610025703907,0.9846161352470517,0.4511915370821953,0.03342201467603445,0.00018062007995509492,-1.1372724191776973,0.3281126348637614,0.2065826161426448,-1.1372724191776973
0.11050449218600988,0.031435415148735046,0.7597560817375779,0.7605247180908918,0.0181888397783041,0.00018058462298404268,-1.097565288649996,0.26468560902332805,0.20638465236931547,-1.097565288649996
0.5520558543503284,0.4410385414958,0.9651775201782584,0.9830603757873178,0.35995355248451233,0.00018057740723990184,-0.7916786824255928,0.2770934493575046,0.2988952211839933,-0.7916786824255928
0.5314738415181637,0.06206105090677738,0.9811061341315508,0.944080950692296,0.00919411238282919,0.00018048110140654196,-0.7702252665840112,0.20290285309202308,0.2988028443410804,-0.7702252665840112
0.2899335492402315,0.09553671255707741,0.9588868860155344,0.9850785527378321,0.19760755822062492,0.00018047583058730248,-0.8587561177990015,0.2658904292330827,0.2214953808977461,-0.8587561177990015
0.5119494572281837,0.9795766351744533,0.9673930006101727,0.5128915039822459,0.052296158857643604,0.00018043801257713917,-1.0752854047069162,0.31094114742233153,0.3071373789143232,-1.0752854047069162
0.21906528435647488,0.020568138919770718,0.8064327593892813,0.8967533418908715,0.09945521224290133,0.00018034284971056144,-0.937693926416427,0.22834733905645435,0.23688162526507234,-0.937693926416427
0.45370011031627655,0.9629018008708954,0.8049174956977367,0.9523320933803916,0.16336271446198225,0.00018027404545102827,-0.837655522881174,0.2577084309974617,0.34663358519679216,-0.837655522881174
0.49425436928868294,0.939608252607286,0.8196537224575877,0.8967107506468892,0.22673297673463821,0.00018021831396797388,-0.878792611890755,0.2506410809918923,0.33133231030313665,-0.878792611890755
0.5387107515707612,0.9167590597644448,0.9878725307062268,0.4942099740728736,0.01177640538662672,0.00018021486152680757,-1.094937122656877,0.3119766116489856,0.3001281790527109,-1.094937122656877
0.11467375233769417,0.0934549942612648,0.7845158390700817,0.974065225571394,0.008018587715923786,0.0001800637144180891,-1.0665517553209307,0.23915363970754167,0.23150989137032682,-1.0665517553209307
0.0699642077088356,0.01386274304240942,0.829971726052463,0.6464535463601351,0.010595102794468403,0.00018006274734755758,-1.1771098078974362,0.31255942236230344,0.1843366779343156,-1.1771098078974362
0.42342134192585945,0.007536927238106728,0.7041794545948505,0.3594771772623062,0.004920107312500477,0.000180048790279502,-1.0698333810071097,0.32866685147223346,0.29818785211173987,-1.0698333810071097
0.4317973041906953,0.9409664925187826,0.9056320758536458,0.9508971134200692,0.08560892473906279,0.0001800421208113233,-0.8534721776497278,0.2636102710999076,0.3183579771765531,-0.8534721776497278
0.07734075095504522,0.0023299260064959526,0.7789363199844956,0.9184437924996018,0.08674159087240696,0.000180020269462631,-1.0721859289517264,0.27842142390607305,0.26430769437640333,-1.0721859289517264
0.4998209048062563,0.9329537218436599,0.5694053564220667,0.9863870879635215,0.10785198491066694,0.0001800110153435397,-0.7947223521658874,0.25068616262438753,0.348481738542006,-0.7947223521658874
0.5818799659609795,0.4994502682238817,0.9581724628806114,0.9929751558229327,0.013016171753406525,0.000179970127292941,-0.696403679068064,0.20962416585122398,0.2913924980253452,-0.696403679068064
0.05243985168635845,0.22143818717449903,0.8306414606049657,0.9766479888930917,0.03352066408842802,0.0001797434170486387,-1.0209566039221956,0.28062460031504594,0.3013263406208372,-1.0209566039221956
0.27793112862855196,0.0024821562692523003,0.8438740205019712,0.6825432488694787,0.09928917232900858,0.00017969123681620334,-0.9408641940149696,0.2663325922418734,0.21408873548549517,-0.9408641940149696
0.368102646432817,0.1497662616893649,0.9743485758081079,0.9822767227888107,0.2497421558946371,0.00017963502823861689,-0.778984595069196,0.267032397531238,0.2830948852834567,-0.778984595069196
0.016007347963750362,0.21893877815455198,0.9333439972251654,0.8583728894591331,0.0172901414334774,0.00017961797631559738,-1.0841431711409497,0.30178213997057207,0.27645651324524595,-1.0841431711409497
0.41839846037328243,0.07302131876349449,0.8941505840048194,0.5773482667282224,0.05826622061431408,0.00017959020121556828,-0.8464104575462048,0.2594019493501482,0.24401668399815774,-0.8464104575462048
0.569018766283989,0.003404870629310608,0.9744692044332623,0.953934483230114,0.3639282127842307,0.00017951792036914453,-0.9637795453595495,0.3218090859159768,0.31855564914533285,-0.9637795453595495
0.23954023327678442,0.0405479995533824,0.6173043148592114,0.9711458571255207,0.24613606370985508,0.0001793983385422964,-0.9439512250520976,0.2895784188330212,0.21234474441975493,-0.9439512250520976
0.1404696675017476,0.08529133535921574,0.9154780423268676,0.6638622656464577,0.011910371482372284,0.00017939435301631704,-1.0993946556423624,0.2773607443591208,0.18059299909531468,-1.0993946556423624
0.4942779978737235,0.05886195693165064,0.950675718486309,0.5609593940898776,0.0534263513982296,0.00017937384563104157,-0.8514113472599288,0.2624924140664828,0.2794090461295724,-0.8514113472599288
0.5512431152164936,0.8196262661367655,0.9106303537264466,0.6950103044509888,0.06935600284487009,0.00017933472521803855,-0.8603313609188369,0.2498562469600327,0.30827183379622697,-0.8603313609188369
0.5569910779595375,0.8689068760722876,0.7961573377251625,0.9422984998673201,0.17976427357643843,0.00017930729039803504,-0.8059020554495886,0.2440609341565523,0.32161935670805764,-0.8059020554495886
0.18545556534081697,0.03559002839028835,0.7307994747534394,0.6254417477175593,0.01711181364953518,0.00017930022935650175,-1.0724228945947163,0.28006766539982236,0.19094953716385218,-1.0724228945947163
0.13292120303958654,0.06432287488132715,0.8627485642209649,0.814104937016964,0.033912683837115765,0.0001792928706285071,-1.0569059807859633,0.23769092079985057,0.1999285045345266,-1.0569059807859633
0.23855743650346994,0.28828170523047447,0.8647335022687912,0.9910588515922427,0.20303307939320803,0.0001792685286807511,-0.793167837642223,0.2501031330062773,0.25622355508538996,-0.793167837642223
0.4377544214949012,0.9062224365770817,0.868813207373023,0.9679814949631691,0.18045233841985464,0.0001791851251236421,-0.8278477196083093,0.25187189690287165,0.3212942326484049,-0.8278477196083093
0.26539489906281233,0.045387040823698044,0.9541809177026153,0.9093729890882969,0.07636587042361498,0.0001791692883920333,-0.9082775739718996,0.2196544410539546,0.20821093432389223,-0.9082775739718996
0.34096137154847383,0.0057225096970796585,0.6433480195701122,0.6043842555955052,0.06922549195587635,0.00017900505108220757,-0.901039093439392,0.26694032082282226,0.2169049524792256,-0.901039093439392
0.09044959861785173,0.011924988590180874,0.6514151180163026,0.9712993437424302,0.1055472195148468,0.00017896990276126674,-1.0321798525426564,0.2809643805478267,0.28940791608258526,-1.0321798525426564
0.2967111701145768,0.03315713908523321,0.9444546969607472,0.9570516413077712,0.2826494453474879,0.00017886214850309273,-0.9608665286550658,0.3038363894834554,0.24750994641081162,-0.9608665286550658
0.1701837843284011,0.04115820862352848,0.8544744485989213,0.7017326531931758,0.03639068827033043,0.00017878673597031315,-1.0570117204202745,0.25332118061677966,0.18200589782386867,-1.0570117204202745
0.22617195919156075,0.0034354887902736664,0.9724685698747635,0.6095341602340341,0.07360715232789516,0.0001787247476072338,-1.0576881766004669,0.2875659106407447,0.19397811941676943,-1.0576881766004669
0.5874265171587467,0.5625517666339874,0.998655310831964,0.9340496668592095,0.05301936436444521,0.00017842611296289585,-0.6830606965326643,0.2335006765121566,0.26544058359054046,-0.6830606965326643
0.32809230498969555,0.046744865365326405,0.7588863456621766,0.9929123297333717,0.2360523920506239,0.00017842574213966823,-0.8427590695539009,0.2721308043700788,0.2298002154025629,-0.8427590695539009
0.2261085007339716,0.22850907407701015,0.8778922241181135,0.9727179082110524,0.2763699507340789,0.00017837405880386352,-0.9056450828687389,0.2816556084959566,0.23914849490777249,-0.9056450828687389
0.23293506912887096,0.008937746286392212,0.6303088795393705,0.9395802263170481,0.13048735354095697,0.00017834266840324923,-0.8966058610692411,0.23875052491056203,0.2596561005850284,-0.8966058610692411
0.26485160645097494,0.012567407451570034,0.7251488249748945,0.738328249193728,0.07950717490166426,0.0001782994966515943,-0.9128525299471576,0.24304500398573275,0.20930428307958607,-0.9128525299471576
0.47937422804534435,0.14431275334209204,0.9822518639266491,0.9319576770067215,0.36857035104185343,0.00017827744464125872,-0.8541097586188741,0.2979550740002339,0.32858865281334393,-0.8541097586188741
0.2289404720067978,0.0529898377135396,0.4209533119574189,0.9668498514220119,0.21776093821972609,0.00017825414895137907,-0.9469265896283957,0.2845733023445947,0.20834927589343774,-0.9469265896283957
0.5369350630789995,0.787975681014359,0.9927656706422567,0.7607845682650805,0.21395617257803679,0.00017819547753609,-0.8490029242719482,0.25260143557749287,0.31641429616952604,-0.8490029242719482
0.4193268893286586,0.018770658411085606,0.9394366592168808,0.46984223555773497,0.07548570167273283,0.00017814847185174782,-0.9690276829897638,0.30083274478278277,0.2811914667038115,-0.9690276829897638
0.6195644931867719,0.8675791537389159,0.9915106799453497,0.9056598413735628,0.007390215992927551,0.0001781442860242135,-0.9576680038297795,0.24854367734421728,0.2949405282250882,-0.9576680038297795
0.5293156690895557,0.8728097584098577,0.7309986492618918,0.9467974519357085,0.02268199250102043,0.00017803626082962639,-0.8524144046094827,0.21826738936501644,0.31636497858023177,-0.8524144046094827
0.5504843350499868,0.8298620590940118,0.8735162010416389,0.7830808609724045,0.10307873226702213,0.0001779791266607444,-0.7997591673465143,0.24029987435586325,0.32876415052530417,-0.7997591673465143
0.25060386024415493,0.05140103679150343,0.8196673719212413,0.871913849376142,0.04950463864952326,0.00017797647345176064,-0.9194420092067297,0.20962027491914564,0.18857351658991686,-0.9194420092067297
0.23827407136559486,0.02671442460268736,0.6869064774364233,0.9615719029679894,0.07916948106139898,0.00017792722054825124,-0.9047100925163992,0.22039036971433887,0.2208996618417868,-0.9047100925163992
0.17724149115383625,0.039190175011754036,0.6563256187364459,0.9316125139594078,0.06597320083528757,0.00017788851717116585,-0.9648330890417565,0.22421425227714006,0.23450427143384434,-0.9648330890417565
0.35655320528894663,0.024417405016720295,0.5133447768166661,0.9521518237888813,0.23779581859707832,0.00017784906129544723,-0.8178171842295202,0.2586917161490645,0.251134573882841,-0.8178171842295202
0.03856160305440426,0.08465882856398821,0.8350702207535505,0.8707227110862732,0.031003449112176895,0.0001777822362402771,-1.1020883885276176,0.2814581194216414,0.23188382908373403,-1.1020883885276176
0.5349322175607085,0.25823150388896465,0.9877818608656526,0.8931582439690828,0.3358682356774807,0.0001776396670948602,-0.7685354658348558,0.2633620422643958,0.32520760349688527,-0.7685354658348558
0.4916478721424937,0.059987274929881096,0.873162399046123,0.9904770795255899,0.3047080133110285,0.00017763274806273057,-0.8085362046784128,0.2882996811705358,0.32524356750534544,-0.8085362046784128
0.6212770277634263,0.9906570659950376,0.9003395233303308,0.9876578953117132,0.061934493482112885,0.000177624658631898,-0.9565314621390667,0.2679108089051957,0.3026492566942389,-0.9565314621390667
0.5559042748063803,0.9180823406204581,0.8653833754360676,0.6522022010758519,0.02530793659389019,0.00017759077310449154,-0.9761199326498982,0.2698761696086028,0.31155652285070057,-0.9761199326498982
0.15273314341902733,0.19477765914052725,0.9233460882678628,0.9775321148335934,0.17412078473716974,0.00017756287762857797,-0.9326560324817035,0.2667772117359224,0.2586429362977488,-0.9326560324817035
0.35178977996110916,0.2154788365587592,0.9103308273479342,0.9979223823174834,0.2189811635762453,0.00017749498184082467,-0.7052443477806877,0.24384119623882342,0.2574869549990397,-0.7052443477806877
0.06435502227395773,0.02958650514483452,0.6572543540969491,0.9922917503863573,0.1802793424576521,0.00017748085419645127,-1.0615749744682785,0.317718860186012,0.2653474208156228,-1.0615749744682785
0.36974481865763664,0.020987159572541714,0.9831272531300783,0.2780790748074651,0.03968868963420391,0.0001771602416064194,-1.1639660393304638,0.3476344638511349,0.31079936435672423,-1.1639660393304638
0.11735109053552151,0.1766489716246724,0.9853643337264657,0.9307688185945153,0.08481249399483204,0.00017713143630514278,-0.9843628172499987,0.25840010528253843,0.2650032990303103,-0.9843628172499987
0.3723959308117628,0.003871675580739975,0.8015123344957829,0.2448119195178151,0.006027651019394398,0.00017704757619199665,-1.1854768731101608,0.3571664984796497,0.31366497096658896,-1.1854768731101608
0.13705970719456673,0.06091276649385691,0.8377122469246387,0.9199948105961084,0.054855816066265106,0.00017697210236623884,-1.0265473206461335,0.22668096985840167,0.2183397263511692,-1.0265473206461335
0.3469181852415204,0.038628616370260715,0.6314309649169445,0.6995613370090723,0.01227518729865551,0.00017683769550900616,-0.8699454724381823,0.24102342337628865,0.19800088532801693,-0.8699454724381823
0.28365101013332605,0.002439434640109539,0.5663037663325667,0.8236393062397838,0.04738737177103758,0.0001767544481611631,-0.8945945963116507,0.22261774629189227,0.20138571475674924,-0.8945945963116507
0.5141565427184105,0.32849125750362873,0.9051943132653832,0.9835752071812749,0.23803163319826126,0.00017672934924028573,-0.5708942482330971,0.20778895770174152,0.320171982797424,-0.5708942482330971
0.10164476744830608,0.07598623912781477,0.7747336514294147,0.9999628877267241,0.21555211674422026,0.00017672437011557532,-1.0518815014035894,0.3072037434200403,0.2149324246813455,-1.0518815014035894
0.4626971762627363,0.25407967530190945,0.9420624310150743,0.5288044884800911,0.007257902063429356,0.0001766844185176806,-0.822663565575247,0.28020728270224654,0.28636332985836194,-0.822663565575247
0.40556950122117996,0.30404294934123755,0.9647053517401218,0.6212158659473062,0.021427794359624386,0.00017666285766573052,-0.7589243441598618,0.2635232462020701,0.25831018322268157,-0.7589243441598618
0.6015492156147957,0.9597677942365408,0.8481586733832955,0.9560920223593712,0.06933087389916182,0.0001765337129430589,-0.9077120864787175,0.2523987187834491,0.31531901176243915,-0.9077120864787175
0.5237883850932121,0.9880740977823734,0.6271624742075801,0.9118522582575679,0.0466441847383976,0.0001765198090281542,-0.8804114007620495,0.2544215523992566,0.34388374293849244,-0.8804114007620495
0.43797067180275917,0.09529929049313068,0.9878102960065007,0.6165847610682249,0.0999209014698863,0.00017648818050629707,-0.7877345569082926,0.2615365766025264,0.2674146700518124,-0.7877345569082926
0.2165794363245368,0.09212106373161077,0.9660326289013028,0.5558028854429722,0.027082019485533237,0.00017633474352750752,-1.0717773393684977,0.2958237551856251,0.18010124212932638,-1.0717773393684977
0.47180305887013674,0.9217201359570026,0.8359297346323729,0.8467252142727375,0.037311931140720844,0.0001761991939724777,-0.8752247496705787,0.24852408796509554,0.3155860589615108,-0.8752247496705787
0.44230911415070295,0.8405036684125662,0.9949100874364376,0.8500163657590747,0.05443655792623758,0.00017611404130018983,-0.8383445380610165,0.2635661062655165,0.30248217337797956,-0.8383445380610165
0.5396333485841751,0.950877271592617,0.7917970372363925,0.8353316923603415,0.13082986697554588,0.0001760423326421564,-0.8384353024181144,0.24444015238375802,0.3670821373036993,-0.8384353024181144
0.6896106395870447,0.1895302403718233,0.9400401990860701,0.9954898310825229,0.20802707597613335,0.00017592041997586654,-0.8019302334855384,0.25988432884137025,0.23003804529678257,-0.8019302334855384
0.2947937101125717,0.056653901003301144,0.9709421638399363,0.6911113830283284,0.08141083363443613,0.0001758946086052199,-0.9092767459969646,0.25864181653768686,0.20341925055928825,-0.9092767459969646
0.2170747723430395,0.05406781658530235,0.7945157047361135,0.797840004786849,0.04652892891317606,0.00017584631070746468,-0.9597090143713615,0.22129308797013994,0.19335111931896237,-0.9597090143713615
0.49188700411468744,0.8961772695183754,0.809383244253695,0.9030567118898034,0.03431686945259571,0.00017583190806815807,-0.8533054116760126,0.23541239033796127,0.31600482261370094,-0.8533054116760126
0.521450293250382,0.9104553265497088,0.7438177028670907,0.9211317440494895,0.2234352957457304,0.0001757540518789788,-0.8508147534482897,0.2505646243724802,0.32618726460563024,-0.8508147534482897
0.45897932816296816,0.002017001621425152,0.9480593325570226,0.2880660193040967,0.021123782731592655,0.00017565707907126656,-1.1358963992452598,0.33896120350027364,0.3302319933023909,-1.1358963992452598
0.4687002133578062,0.06124691013246775,0.7854643492028117,0.6801873315125704,0.005198861472308636,0.00017555827398834848,-0.787167374813429,0.23016939198837494,0.2579200676865939,-0.787167374813429
0.269369063898921,0.236495865508914,0.8978054113686085,0.9855398144572973,0.32171857729554176,0.0001754217909950952,-0.8919086592707702,0.29527339232546246,0.24973804891005086,-0.8919086592707702
0.5284291850402951,0.6279209880158305,0.9120547203347087,0.8424341809004545,0.006567247211933136,0.0001754143468983447,-0.7424424856453699,0.23068161993679656,0.3024998129384911,-0.7424424856453699
0.34305028337985277,0.022996514104306698,0.7574072265997529,0.40057334676384926,0.0266250753775239,0.00017531436044953465,-1.070994795781873,0.3231676038286061,0.25994998043215134,-1.070994795781873
0.09782916773110628,0.12772989738732576,0.9594315551221371,0.6241496196016669,0.0017252210527658463,0.0001752979680202028,-1.1365329388831311,0.3051501159151543,0.19380324707548663,-1.1365329388831311
0.37388416286557913,0.10449066665023565,0.9415189092978835,0.4877601554617286,0.049019706435501575,0.00017524710033944718,-0.9464078417765674,0.29328236050141593,0.24215116578644305,-0.9464078417765674
0.508360049687326,0.9279312193393707,0.691041954793036,0.9274681694805622,0.047132715582847595,0.00017503914072259435,-0.8440479258686144,0.2327166864661482,0.3286256459860761,-0.8440479258686144
0.45585270691663027,0.9606649773195386,0.2081582322716713,0.9783280966803432,0.07928692176938057,0.00017490032743854733,-0.9449763768455501,0.31273469770118323,0.3615541595917981,-0.9449763768455501
0.2297758385539055,0.10970461368560791,0.8800613349303603,0.9121911898255348,0.0036698970943689346,0.00017485233098635817,-0.9708531358721131,0.20674502256284163,0.20739530722427,-0.9708531358721131
0.196623126976192,0.09782746713608503,0.9277521464973688,0.6939293900504708,0.02995891682803631,0.0001748412032343734,-1.0189212505736138,0.2527535066443422,0.176711183680476,-1.0189212505736138
0.20656061079353094,0.4573089014738798,0.9612157363444567,0.9880122877657413,0.21721186581999063,0.00017483491114804074,-0.8777911859784879,0.26839058515227404,0.24118546314782874,-0.8777911859784879
0.15163485053926706,0.10662277601659298,0.9396975561976433,0.5864049764350057,0.008929564617574215,0.00017473087759893897,-1.1142457433252284,0.29827804431519667,0.18207692078017448,-1.1142457433252284
0.5542892226949334,0.6512145437300205,0.9634958617389202,0.7574935518205166,0.07213470619171858,0.0001745021146489331,-0.7244289165705101,0.24601171728681512,0.28618197230766085,-0.7244289165705101
0.5382205117493868,0.8552218349650502,0.7707825750112534,0.9672202216461301,0.10606229025870562,0.00017448395987131472,-0.7647402186694042,0.23305756853594395,0.3321382259218053,-0.7647402186694042
0.11891002114862204,0.25636013597249985,0.5836469335481524,0.9954710891470313,0.23519015312194824,0.00017434736862674522,-0.9266810151506661,0.29349517676404835,0.3140333903792919,-0.9266810151506661
0.1928876405581832,0.02343031670898199,0.9539972813799977,0.7662721648812294,0.08416810818016529,0.00017432955860915918,-1.01425610572269,0.2472479278326327,0.21191120348416864,-1.01425610572269
0.4964998932555318,0.08613952342420816,0.9404030833393335,0.9437730191275477,0.3418616699054837,0.0001743246123292364,-0.8460828386198493,0.29565953411927265,0.33086450613504526,-0.8460828386198493
0.334374139085412,0.002701099030673504,0.024854829534888268,0.9981296006590128,0.1233931053429842,0.00017424986739546746,-0.9810159195877983,0.28244039663168424,0.3132151745777262,-0.9810159195877983
0.4987327829003334,0.7514517651870847,0.9415924632921815,0.7962929885834455,0.10093296132981777,0.00017420702198128385,-0.7382640543762049,0.24824821574398306,0.3223815870868376,-0.7382640543762049
0.5670104343444109,0.9754753019660711,0.8230758989229798,0.8585993684828281,0.2109519550576806,0.00017416236633814588,-0.9236992973387974,0.26117463470782065,0.3276078691147215,-0.9236992973387974
0.13630045019090176,0.039873795583844185,0.878747733309865,0.5707860831171274,0.022110546939074993,0.00017414515695388447,-1.1487888250052611,0.3048424238400317,0.17483479050252154,-1.1487888250052611
0.26480362191796303,0.1432494129985571,0.8679893389344215,0.990086336620152,0.2146703600883484,0.00017412874165822006,-0.8520360860665622,0.26475911174663763,0.20860507741491072,-0.8520360860665622
0.4861092045903206,0.01533176563680172,0.9310483708977699,0.9501261552795768,0.39562885370105505,0.00017408824903504286,-0.9535036238173159,0.3253580915346744,0.322596274094249,-0.9535036238173159
0.6427115788683295,0.057235789485275745,0.9870766149833798,0.9746101209893823,0.21960744820535183,0.00017408548623424981,-0.8442657517113729,0.277453214564632,0.27002265137804843,-0.8442657517113729
0.07687758281826973,0.5431428756564856,0.004356834106147289,0.9714724412187934,0.12394680362194777,0.00017406510169333235,-1.1323110516597443,0.3544310542053944,0.2924545359613949,-1.1323110516597443
0.47276881616562605,0.9023271836340427,0.6820187130942941,0.955422074533999,0.023337088525295258,0.0001740104664840876,-0.8635436265676211,0.22534839418343647,0.3140302503320308,-0.8635436265676211
0.009470888413488865,0.04794585891067982,0.7527723349630833,0.9503265619277954,0.07256124541163445,0.00017400931411039544,-1.086826292557343,0.30627657151468596,0.27650047567833236,-1.086826292557343
0.172554362565279,0.07941404171288013,0.9065653998404741,0.9666004572063684,0.19318404980003834,0.00017399368060674693,-0.9931024397759499,0.2735607029371266,0.20531256302770784,-0.9931024397759499
0.27976060938090086,0.1617895970121026,0.9812315311282873,0.9957920406013727,0.37744091264903545,0.00017397023658664203,-0.9883727416306683,0.3264433958551857,0.2506351470367384,-0.9883727416306683
0.16243483684957027,0.33811342902481556,0.7484119478613138,0.9979065200313926,0.25247744284570217,0.00017389446310781394,-0.894232281620448,0.27267904117374714,0.2924048166739107,-0.894232281620448
0.16897160466760397,0.4290494183078408,0.020374460145831108,0.9971494562923908,0.10394156631082296,0.00017375583654039484,-1.0140440822227306,0.32177016993130053,0.28760085384111544,-1.0140440822227306
0.045403569005429745,0.18983127176761627,0.9217625167220831,0.9455689182505012,0.08962368965148926,0.00017369033399522503,-1.0143226429415029,0.29087082090818106,0.3028281363503765,-1.0143226429415029
0.3748731128871441,0.21238616108894348,0.9914663191884756,0.9466734798625112,0.27006175462156534,0.00017366618074770852,-0.7568198596617408,0.2656016923990292,0.303648202647198,-0.7568198596617408
0.2558530466631055,0.012896886095404625,0.3201415166258812,0.9799568261951208,0.23935684096068144,0.0001736606908158172,-0.9999263537504673,0.3051434272497593,0.2127018597023703,-0.9999263537504673
0.001115439459681511,0.05984673462808132,0.8267350252717733,0.7389260036870837,0.023707482032477856,0.0001736234235143681,-1.1548068550986321,0.3128606334464308,0.21779810480552897,-1.1548068550986321
0.3786679357290268,0.009015187621116638,0.96403469145298,0.7863380312919617,0.23221926391124725,0.00017350980395983238,-0.8749618992633293,0.2712553822129906,0.29364854681838753,-0.8749618992633293
0.06854482553899288,0.14716020785272121,0.973996595479548,0.7808877881616354,0.027999041602015495,0.00017350227315900395,-1.0889434699321803,0.27908125764073594,0.22270659765039907,-1.0889434699321803
0.505017789080739,0.9704143842682242,0.6799210412427783,0.9367505088448524,0.2454101089388132,0.00017349540785312632,-0.9022835879922299,0.27562437727087064,0.3395202635876212,-0.9022835879922299
0.2464182423427701,0.03432857897132635,0.7800288600847125,0.5786014785990119,0.04960158187896013,0.00017335546213420632,-1.0208544824741075,0.2790307774565731,0.19062977462456518,-1.0208544824741075
0.07547302916646004,0.3198013864457607,0.9609102811664343,0.9748183945193887,0.06295996438711882,0.0001733175930488227,-0.9778494103998073,0.28180572681491217,0.3083790275009858,-0.9778494103998073
0.5756515078246593,0.952053458429873,0.7772701065987349,0.884776035323739,0.009378708899021149,0.00017322882724087564,-0.9430921416093381,0.23672692660759384,0.32505363138428395,-0.9430921416093381
0.5577283296734095,0.16013132315129042,0.9297514911741018,0.9218899579718709,0.22375138197094202,0.00017319783408706161,-0.6654861553140071,0.23200971595070974,0.29484204059116176,-0.6654861553140071
0.32774686999619007,0.080529416911304,0.8183732507750392,0.3849231032654643,0.004651722498238087,0.00017318572456045386,-1.0813594181487505,0.3297259241558697,0.2553148561602392,-1.0813594181487505
0.17060190718621016,0.008311868645250797,0.5911979228258133,0.900077810510993,0.05674396641552448,0.00017302932131126714,-0.9952645484222836,0.23205396246912688,0.23419394391860496,-0.9952645484222836
0.5861040661111474,0.2879651477560401,0.9375404175370932,0.9047473547980189,0.24866423942148685,0.0001729539260007183,-0.6583087003750873,0.22165812356057427,0.2963601098282433,-0.6583087003750873
0.3599328612908721,0.04087287653237581,0.7502145431935787,0.6276588831096888,0.05502137914299965,0.0001728467276839673,-0.8599327081738327,0.24604632179721603,0.20820694935104686,-0.8599327081738327
0.305037141777575,0.08742486499249935,0.9642723146826029,0.3927365895360708,0.031912083737552166,0.0001728377267255551,-1.0939211265445996,0.3282577796331217,0.2430723576201483,-1.0939211265445996
0.49838565196841955,0.9352211346849799,0.8573844339698553,0.8687017103657126,0.2370402617380023,0.0001727993118067213,-0.8960867543427983,0.24565959739637194,0.3310381493953196,-0.8960867543427983
0.5633372897282243,0.899783356115222,0.8441812060773373,0.8754998948425055,0.19002467580139637,0.00017278249337753155,-0.8530961334387583,0.24112654708940576,0.3229837804861741,-0.8530961334387583
0.4111487865447998,0.060363223776221275,0.6817910028621554,0.39030361641198397,0.00011887587606906891,0.00017275006224674319,-1.023855117390007,0.3168057236776594,0.2811168618862043,-1.023855117390007
0.21057578176259995,0.03061069082468748,0.8717551091685891,0.958781935274601,0.2482762187719345,0.0001726964432125587,-1.0210506355570106,0.29235596611417386,0.1901757079076991,-1.0210506355570106
0.4269053740426898,0.08844941202551126,0.9493739381432533,0.1958754127845168,0.0007604062557220459,0.0001726442565387594,-1.1804491841068911,0.35302044764974705,0.3416273707075781,-1.1804491841068911
0.5863755401223898,0.8555760569870472,0.9417914105579257,0.7498982651159167,0.0263625867664814,0.00017263247151927226,-0.9190534034521421,0.2539170497437288,0.30153434500299964,-0.9190534034521421
0.503404451534152,0.8591162534430623,0.7094772076234221,0.9560636691749096,0.19112499244511127,0.0001725373254001162,-0.7751578886424649,0.24606862893153558,0.3239315375364483,-0.7751578886424649
0.12657940108329058,0.019972100853919983,0.8567758612334728,0.459006872959435,0.006193236447870731,0.00017234416135096653,-1.2184373785668259,0.34274988448044835,0.1895349826870071,-1.2184373785668259
0.2119019003584981,0.005385894328355789,0.979429011233151,0.7599438605830073,0.1276840828359127,0.00017233375127425558,-1.0036911820580428,0.26738697023535113,0.23432547988357516,-1.0036911820580428
0.158140754327178,0.017919091507792473,0.698367390781641,0.8186403634026647,0.06894144229590893,0.00017230385509414258,-1.0053751545173772,0.241869807016413,0.23765121480244822,-1.0053751545173772
0.07500268891453743,0.30226133670657873,0.7524241674691439,0.9925298178568482,0.256184340454638,0.00017226673330643784,-0.9909047299881497,0.3005540261626847,0.31346554713962727,-0.9909047299881497
0.29409997537732124,0.02406672015786171,0.7086450634524226,0.89506646245718,0.07424095924943686,0.00017226500934483698,-0.8446417763801101,0.2127774545499437,0.20980828304545251,-0.8446417763801101
0.48589517269283533,0.6711026793345809,0.9650352252647281,0.8059351099655032,0.03234747052192688,0.00017225756704932382,-0.7499255966760949,0.24778522401990163,0.29510690363384384,-0.7499255966760949
0.037996746599674225,0.2013699896633625,0.9723201282322407,0.7361158616840839,0.009574546478688717,0.00017224086196366832,-1.1095180233216075,0.30635799262463104,0.24259914897211335,-1.1095180233216075
0.4844976682215929,0.9701139600947499,0.4546687416732311,0.9672249397262931,0.08108377270400524,0.00017223380425311543,-0.8615549416229265,0.27126614108872565,0.35821403214569597,-0.8615549416229265
0.12609306536614895,0.2080620490014553,0.8862704420462251,0.9867904549464583,0.1003534784540534,0.00017214089079722308,-0.9306122398474217,0.2554300672849439,0.2954437232915294,-0.9306122398474217
0.5144677115604281,0.8049163687974215,0.6690541701391339,0.9624172896146774,0.008518271148204803,0.00017202341064064593,-0.8245098508168273,0.21101067682642102,0.31558694750656957,-0.8245098508168273
0.12095189653337002,0.96846320386976,0.033743295818567276,0.9354404052719474,0.10184640623629093,0.0001719896906393437,-1.2487705338942507,0.3725342298354865,0.30179968172195715,-1.2487705338942507
0.5201873891055584,0.21876588370651007,0.9850124502554536,0.7128992900252342,0.050292341969907284,0.00017198659079918765,-0.6420265375008024,0.21529340692894283,0.25870442505153973,-0.6420265375008024
0.2831852361559868,0.10494252294301987,0.675075713545084,0.5651265094056726,0.004487822763621807,0.00017191656493776235,-0.9725154563945574,0.2840063273545954,0.20641748526286235,-0.9725154563945574
0.4618343114852905,0.8540197890251875,0.9665520945563912,0.6565583543851972,0.09437322709709406,0.00017182921223367166,-0.8906203707716435,0.2693395509202836,0.31050871887698195,-0.8906203707716435
0.3665505098178983,0.06183558516204357,0.9631326589733362,0.8484734538942575,0.02233786042779684,0.00017181074731247012,-0.8387461765848365,0.20878306152034093,0.22779555413208852,-0.8387461765848365
0.25474291760474443,0.07336534094065428,0.8573742415755987,0.8939260961487889,0.039212318137288094,0.00017177797072881956,-0.9181892698445059,0.2051396309842697,0.18232570378021515,-0.9181892698445059
0.1320862267166376,0.08889131061732769,0.9738405244424939,0.9045445648953319,0.09201627131551504,0.00017175388375577087,-1.0151244488695328,0.24569367574757536,0.24352782924558924,-1.0151244488695328
0.06337031815201044,0.2665933249518275,0.918355543166399,0.9811686696484685,0.13619931135326624,0.0001717426214406405,-0.9612728970798541,0.2827346484850947,0.3420772525521186,-0.9612728970798541
0.5062984321266413,0.18560234736651182,0.8945959098637104,0.9665031479671597,0.34257750306278467,0.0001717057845551064,-0.7714793813693145,0.27638181760708064,0.3151608596861536,-0.7714793813693145
0.5173923755064607,0.7355319252237678,0.9404971189796925,0.6334070479497313,0.07631001248955727,0.00017164133256856673,-0.841855390517213,0.26297323940579387,0.2983825983088421,-0.841855390517213
0.35186805203557014,0.1572793209925294,0.9797053346410394,0.38992344960570335,0.02078349981456995,0.000171602142716704,-1.0371560256141021,0.3265133484596474,0.26704124318628736,-1.0371560256141021
0.05071205087006092,0.10623484943062067,0.8087755003944039,0.8790882425382733,0.02603794913738966,0.00017157237227663122,-1.0827732725689514,0.2738043878646592,0.24331413356936377,-1.0827732725689514
0.06656867358833551,0.1008128933608532,0.9074943885207176,0.9025248140096664,0.061307271011173725,0.00017153937174332776,-1.0626047607366735,0.2705506964974969,0.24179538426549502,-1.0626047607366735
0.09568935632705688,0.09940605238080025,0.8207211224362254,0.7761242920532823,0.012820856645703316,0.00017144089059420903,-1.0818906479186088,0.2631314496379897,0.2198242801694,-1.0818906479186088
0.5514364317059517,0.005817284807562828,0.8824008526280522,0.8057103371247649,0.012194648385047913,0.0001714078609831044,-0.786633191421405,0.21975769243870646,0.29561714820603496,-0.786633191421405
0.09365122020244598,0.06991933193057775,0.8400539485737681,0.9340597670525312,0.06964959017932415,0.00017140370925055118,-1.0429996587080739,0.2562344938751934,0.24412469165134035,-1.0429996587080739
0.49354975763708353,0.8843014976009727,0.6253996575251222,0.9461563471704721,0.19083443842828274,0.0001713894772845144,-0.787781327252554,0.24891117839788224,0.3335933929517086,-0.787781327252554
0.3240737849846482,0.04487794917076826,0.8561048861593008,0.34923909697681665,0.02962288074195385,0.00017136784152672356,-1.1206513202448385,0.33439742231333985,0.2656608933805337,-1.1206513202448385
0.3624119143933058,0.06330827437341213,0.9849627604708076,0.8861145749688148,0.011999640613794327,0.00017120533382334254,-0.8618135461016765,0.20850563763259605,0.23820754580062342,-0.8618135461016765
0.18245609384030104,0.015981575474143028,0.7517408337444067,0.5479813870042562,0.03157601784914732,0.0001711974150259271,-1.1136492624913212,0.30194770613517935,0.19442952292111712,-1.1136492624913212
0.3776804292574525,0.04436654131859541,0.9436886357143521,0.7436855779960752,0.10775761865079403,0.00017116666467287267,-0.7852700880994,0.24253478341771456,0.2544756678646991,-0.7852700880994
0.09221097361296415,0.6033613253384829,0.06823920551687479,0.9871178492903709,0.09513509925454855,0.0001711502493220226,-1.1273433417940095,0.3521372792350098,0.2730517318659938,-1.1273433417940095
0.0962092699483037,0.04530450329184532,0.6399558270350099,0.8165519516915083,0.03749948367476463,0.00017111281475500246,-1.0568208054818953,0.26262545094790546,0.2421144083244961,-1.0568208054818953
0.4607785874977708,0.6921890042722225,0.9431045679375529,0.6781643182039261,0.037987387739121914,0.0001710870301304214,-0.8167462171319307,0.2656204562038621,0.2807569434210374,-0.8167462171319307
0.12092987913638353,0.37793850246816874,0.9832509998232126,0.9816829720512033,0.25817465130239725,0.0001710546158952866,-1.0016790694263857,0.29171933411208445,0.26099565669165303,-1.0016790694263857
0.1043876688927412,0.0005609272047877312,0.9888165015727282,0.7915788143873215,0.10469612199813128,0.00017103592054263636,-1.0977013190726794,0.2815142385035695,0.24306553078666823,-1.0977013190726794
0.5293922638520598,0.9723523622378707,0.862143331207335,0.6956182448193431,0.15381304826587439,0.00017096191628286018,-0.9252995662161346,0.26418171118156264,0.3473651574776282,-0.9252995662161346
0.07884206343442202,0.09107743203639984,0.9477127408608794,0.847284291870892,0.05841723270714283,0.00017095233167653288,-1.072141427315916,0.2650212035992857,0.22698895062937982,-1.072141427315916
0.2242373526096344,0.10595420654863119,0.5561866601929069,0.9867654023692012,0.2222133707255125,0.00017094682656573244,-0.8934140557033505,0.27796277891164756,0.2211323915338741,-0.8934140557033505
0.47560842521488667,0.5984183410182595,0.9873975785449147,0.8178424760699272,0.006247755140066147,0.00017081951280864896,-0.7445345899797128,0.24585957768652786,0.3052430025952058,-0.7445345899797128
0.46374682430177927,0.860796494409442,0.9927916135638952,0.929593070410192,0.2681308938190341,0.00017077509127884434,-0.8883521992051616,0.27317382100828386,0.32460869580997437,-0.8883521992051616
0.4274742482230067,0.0054869093000888824,0.6764341844245791,0.9816671097651124,0.22941215056926012,0.00017067282846289962,-0.7594973874244302,0.25433544741211256,0.284899408813357,-0.7594973874244302
0.1334866527467966,0.0012050755321979523,0.11297963839024305,0.9240710167214274,0.09698052145540714,0.0001706580373859173,-1.1440826710943417,0.31436978160960793,0.27691988655296335,-1.1440826710943417
0.5526627991348505,0.9685639319941401,0.7663843361660838,0.8260733969509602,0.07955914922058582,0.00017065476950736542,-0.8711434042063136,0.25245565321267643,0.35123114425784274,-0.8711434042063136
0.05991370975971222,0.9812571983784437,0.06052448693662882,0.965556999668479,0.11995643004775047,0.00017065330970991683,-1.2806014867026752,0.38478301362866274,0.3034271042236728,-1.2806014867026752
0.5669667413458228,0.8934693606570363,0.6774437883868814,0.9949660263955593,0.2528229830786586,0.000170625272505846,-0.8880786490080647,0.27306484422136473,0.3047187710526188,-0.8880786490080647
0.10393983591347933,0.25863485410809517,0.9560942901298404,0.9274751236662269,0.19148224033415318,0.0001706241534599523,-0.9743507496026419,0.279412803893513,0.2771970193203911,-0.9743507496026419
0.5714818453416228,0.9232374960556626,0.7981331450864673,0.8493237122893333,0.01860256027430296,0.00017058355569214213,-0.9171293670376974,0.2353924885240245,0.3197964275969237,-0.9171293670376974
0.5465912269428372,0.8514997297897935,0.8369651902467012,0.7264617513865232,0.06109689362347126,0.00017056015263450225,-0.855541998285946,0.23952452909293215,0.31589986344775256,-0.855541998285946
0.24256041273474693,0.2522486448287964,0.9642436113208532,0.9709125747904181,0.3152046548202634,0.00017040357352808612,-0.9290290365260016,0.2976544310757587,0.24863125564960348,-0.9290290365260016
0.12349683977663517,0.057537361048161983,0.9060032488778234,0.9581400500610471,0.10755769349634647,0.0001702963557781082,-1.022295578682091,0.2515588528201613,0.2563968640307008,-1.022295578682091
0.16888252459466457,0.005098480731248856,0.42233981564641,0.936840245500207,0.19959661830216646,0.0001702925741165209,-1.026409614689115,0.2981523142829002,0.2254096049256332,-1.026409614689115
0.551166526041925,0.9621490640565753,0.5567744364961982,0.9437472112476826,0.20091859437525272,0.00017026907237230416,-0.870334031404095,0.2727948985421457,0.3461182230185547,-0.870334031404095
0.032773508690297604,0.14879829622805119,0.05604599416255951,0.9728868892416358,0.100284812040627,0.00017023610806301867,-1.161148019135237,0.3474363353504106,0.2842088701473797,-1.161148019135237
0.013690058141946793,0.2631261246278882,0.6960987169295549,0.9720307532697916,0.2077458556741476,0.00017016497186545795,-0.9951462937072243,0.31602568753795307,0.35378216618929864,-0.9951462937072243
0.43595905788242817,0.9336492102593184,0.9277167692780495,0.78320452850312,0.07543855160474777,0.00017007313980044178,-0.8831804047217289,0.26521493158199155,0.3148964400396968,-0.8831804047217289
0.5124915651977062,0.9469668194651604,0.7275614999234676,0.8379423674196005,0.04183031897991896,0.00017000658801710988,-0.8725752463528651,0.24348301792687188,0.3348903844484105,-0.8725752463528651
0.28514353558421135,0.00444734375923872,0.8525438262149692,0.9383988110348582,0.16825959365814924,0.00017000492279722133,-0.8860901502562458,0.2547766133392053,0.23654368343249735,-0.8860901502562458
0.23021208867430687,0.08100081514567137,0.6745277773588896,0.7355176927521825,0.027933184057474136,0.00016992582616531975,-0.9408799013604379,0.23412968679454607,0.19243937286184706,-0.9408799013604379
0.3199133099988103,0.0011392254382371902,0.6120806355029345,0.8965284880250692,0.18446543719619513,0.00016992080390386717,-0.8246454502802475,0.2513219919706872,0.2358943282461744,-0.8246454502802475
0.16550250444561243,0.029333824291825294,0.6322238799184561,0.6247664149850607,0.020092681981623173,0.00016990871139646252,-1.0826915881507373,0.28832536408230386,0.2020421131451372,-1.0826915881507373
0.1674751089885831,0.11127653811126947,0.840955757535994,0.9976572431623936,0.1838661367073655,0.00016986447702792447,-0.9576746692901444,0.2720555682918683,0.2240224972437719,-0.9576746692901444
0.4770485991612077,0.803462665528059,0.06454831548035145,0.9903892194852233,0.14472982846200466,0.0001697710189029469,-0.8954126948424549,0.3005886092747355,0.3899682316656406,-0.8954126948424549
0.030751390382647514,0.5453148018568754,0.6794952834025025,0.9544495781883597,0.003726107068359852,0.000169742167859073,-1.079702930468878,0.30771282664512956,0.2616816463561496,-1.079702930468878
0.23902814276516438,0.04635539185255766,0.8310337448492646,0.8534833677113056,0.09448804147541523,0.00016968930043522582,-0.9064042065310026,0.2268280823691604,0.2222089119794926,-0.9064042065310026
0.5310474885627627,0.881848351098597,0.1088131945580244,0.9760371716693044,0.09365498274564743,0.00016958999451825645,-0.9351027095901056,0.3009782093543161,0.3818046702885787,-0.9351027095901056
0.3912429930642247,0.9645041832700372,0.9689370263367891,0.89525047224015,0.02422289550304413,0.0001695892363277679,-0.9629683773993272,0.2821310555224267,0.2762099644561938,-0.9629683773993272
0.0804962320253253,0.3366608340293169,0.0008854959160089493,0.9631925728172064,0.09624953754246235,0.00016958162766188801,-1.0970731688717499,0.33947829927399986,0.30054619585249404,-1.0970731688717499
0.5673782806843519,0.5805070204660296,0.9419733127579093,0.9130272213369608,0.22145466040819883,0.00016953215982055313,-0.6869995641872371,0.24290714800079868,0.2910022113185536,-0.6869995641872371
0.19690512027591467,0.06889120489358902,0.6265756515786052,0.8922560699284077,0.0019111931324005127,0.00016951755228814599,-0.9935539236356229,0.21702700154406834,0.21387669874733026,-0.9935539236356229
0.30871092714369297,0.0371392797678709,0.9861424406990409,0.37267370894551277,0.05686786025762558,0.0001695086695047853,-1.122445617162763,0.3354272176384066,0.2565646873148137,-1.122445617162763
0.17635973077267408,0.400639689527452,0.7546043554320931,0.9958460684865713,0.22413201164454222,0.0001694581591640145,-0.8557579132017722,0.25961407882191695,0.28281296740837275,-0.8557579132017722
0.03918962460011244,0.0746279377490282,0.9388372097164392,0.9106251550838351,0.09691185504198074,0.00016938284864927494,-1.0800535723521514,0.29318284199411637,0.267687450337992,-1.0800535723521514
0.49917556904256344,0.9003894440829754,0.8599074808880687,0.6613217983394861,0.11050532478839159,0.00016937741006994872,-0.8937675824787357,0.2552843413575464,0.3308180511315456,-0.8937675824787357
0.3215464847162366,0.028333877213299274,0.9515512976795435,0.939866122789681,0.09050532709807158,0.0001693338551011633,-0.8436669953388383,0.2213596039760513,0.23470880713490802,-0.8436669953388383
0.01867540553212166,0.6280603762716055,0.07784446515142918,0.989416235126555,0.12500532250851393,0.0001693302484562452,-1.182107543701612,0.37088503292728014,0.2910292789872713,-1.182107543701612
0.2510664416477084,0.04913655947893858,0.6071281423792243,0.9915370931848884,0.17039189580827951,0.00016932374579973385,-0.8622367300121349,0.2568262740969439,0.22891113911622757,-0.8622367300121349
0.4524814812466502,0.28676564432680607,0.8854924896731973,0.9897157913073897,0.35966475680470467,0.00016929563696945374,-0.7485493777438915,0.27148724081160364,0.310460494025896,-0.7485493777438915
0.5709482217207551,0.7909165769815445,0.8808082053437829,0.7342681102454662,0.005364328622817993,0.00016927464851869327,-0.8934857429775284,0.25511082369608606,0.3054895108986762,-0.8934857429775284
0.03149944543838501,0.09629825968295336,0.682137698866427,0.9480570750311017,0.04534880165010691,0.00016925660002548867,-1.0574614124736978,0.28628840124045535,0.27768097031718075,-1.0574614124736978
0.40953268203884363,0.26460978761315346,0.9791496424004436,0.9503691606223583,0.2946185553446412,0.0001692200901535692,-0.7225039322112538,0.2608644341161143,0.32578010588857487,-0.7225039322112538
0.5321368873119354,0.8722687121480703,0.9524508770555258,0.5546941952779889,0.06452819518744946,0.0001690991567205391,-0.9932651795326305,0.27810135367374267,0.30669384655381965,-0.9932651795326305
0.5670459503307939,0.02397194504737854,0.9384566713124514,0.6947168130427599,0.006447304971516132,0.0001690782799225836,-0.8308765344721536,0.2414390636734738,0.2930149337655051,-0.8308765344721536
0.2607921985909343,0.33764399867504835,0.9650559080764651,0.9567055935040116,0.24561444763094187,0.00016904572536839395,-0.8211331652676899,0.258908521770498,0.26310708453383497,-0.8211331652676899
0.33600720204412937,0.04101698286831379,0.8383434005081654,0.9492401201277971,0.2548837559297681,0.00016893437454062972,-0.8688910823734491,0.27672366580470636,0.2510295370158194,-0.8688910823734491
0.5147142698988318,0.4046019269153476,0.9713672939687967,0.913737241178751,0.2816902091726661,0.0001689119732212572,-0.6569797780924719,0.23313494106727575,0.33968190447930313,-0.6569797780924719
0.5437649888917804,0.9240148663520813,0.750403268262744,0.9305061073973775,0.1556944539770484,0.00016886816993794425,-0.8116346415256035,0.24203827396035746,0.35234091263397777,-0.8116346415256035
0.18132424168288708,0.08979618363082409,0.6942895017564297,0.6091476986184716,0.010817949660122395,0.00016885639365969178,-1.052774772737668,0.28074821968593977,0.2041573068352153,-1.052774772737668
0.22784547414630651,0.12681669928133488,0.9386888276785612,0.7867242377251387,0.03289258573204279,0.00016882266897672493,-0.9441515098022211,0.2290524476447996,0.18687723198864506,-0.9441515098022211
0.46908804029226303,0.9731201194226742,0.6413821615278721,0.8104764996096492,0.013136680237948895,0.0001688128660026759,-0.9270022225281211,0.2621640098246579,0.33212719185073,-0.9270022225281211
0.03248230181634426,0.35562981851398945,0.9295668937265873,0.9671758357435465,0.028820430859923363,0.0001686316807372718,-1.033623746333561,0.29627790882568683,0.30929456017150686,-1.033623746333561
0.3702386086806655,0.9863737383857369,0.05293800309300423,0.9776862245053053,0.1886561345309019,0.00016860610521303663,-1.0708191475770794,0.35088683046809876,0.3558662493188838,-1.0708191475770794
0.16291217505931854,0.0375583004206419,0.7878350270912051,0.9913041219115257,0.11648609023541212,0.00016859712420964716,-0.9766116672773479,0.2443894835890602,0.2594827599557115,-0.9766116672773479
0.47419836930930614,0.9033548198640347,0.8911399962380528,0.8377444455400109,0.13592438399791718,0.00016858535060547517,-0.8112491483783185,0.2394517780489492,0.3526786152351172,-0.8112491483783185
0.2467193016782403,0.0014669783413410187,0.5401850659400225,0.7570880893617868,0.04450343828648329,0.00016857833376673293,-0.9534844499470938,0.24265811261008152,0.20113474115139435,-0.9534844499470938
0.3410247815772891,0.23403454571962357,0.7382247764617205,0.9988790163770318,0.27220191340893507,0.0001685478379315288,-0.7188626629521531,0.2580344313525187,0.2599296099933551,-0.7188626629521531
0.4257553480565548,0.021391755901277065,0.8166827419772744,0.625818663276732,0.08658338151872158,0.00016850542002593363,-0.8117064520617038,0.24985639008081267,0.2566615255385776,-0.8117064520617038
0.3322596987709403,0.015130801126360893,0.9886805880814791,0.9618353303521872,0.13294545281678438,0.00016849685157946558,-0.8364497023422605,0.2387200826852572,0.27455143460676734,-0.8364497023422605
0.006772499531507492,0.042736795730888844,0.8950993865728378,0.7683343840762973,0.0535239577293396,0.00016842890716625816,-1.143611259370696,0.3066524922411555,0.22406244894512764,-1.143611259370696
0.19445351790636778,0.038123839534819126,0.8614544430747628,0.4290582276880741,0.020294941030442715,0.00016838063026253992,-1.1747774213067794,0.3327195041737063,0.20188228634927724,-1.1747774213067794
0.45110456086695194,0.9457972450181842,0.7521651275455952,0.9587067849934101,0.1130646737292409,0.0001683627144605581,-0.8140672468566007,0.24743837620801173,0.345600059575428,-0.8140672468566007
0.36410192772746086,0.08432253915816545,0.7916159117594361,0.6065011844038963,0.03394163306802511,0.00016835415535977686,-0.8642008295328233,0.25318779256823426,0.20657448550640792,-0.8642008295328233
0.42032879684120417,0.18290825746953487,0.9604696836322546,0.6999286590144038,0.025172014720737934,0.00016826159868064006,-0.7342604803767963,0.23329955753116646,0.2397003923864898,-0.7342604803767963
0.08126020058989525,0.05106379371136427,0.8074611909687519,0.6037860279902816,0.015440436080098152,0.00016816898181851406,-1.1603740452747522,0.31062703924749885,0.19300568432899678,-1.1603740452747522
0.48119361884891987,0.02910944540053606,0.8783546537160873,0.959391612559557,0.3140260735526681,0.00016816240464253475,-0.8411003443395841,0.2943881462293524,0.3322785284556701,-0.8411003443395841
0.5517816068604589,0.8467757785692811,0.9306714795529842,0.7764194356277585,0.1919846972450614,0.0001681584696765602,-0.8553977806384289,0.24100709173031837,0.31792429902211444,-0.8553977806384289
0.40856515523046255,0.0002590073272585869,0.7263339813798666,0.9624089626595378,0.2796499188989401,0.0001681294638201496,-0.832658305343902,0.28349049348519184,0.29615750767062055,-0.832658305343902
0.11843922361731529,0.014434306882321835,0.611456798389554,0.8480965942144394,0.09370110090821981,0.0001681045966702493,-1.0170619718657314,0.2677563472071375,0.2776480707140239,-1.0170619718657314
0.29063213896006346,0.06787603255361319,0.9459067722782493,0.5429881354793906,0.07206443883478642,0.00016809859682512994,-0.992425815047569,0.29141528645427683,0.20099890611534627,-0.992425815047569
0.34101185761392117,0.3306450918316841,0.9509750064462423,0.453512828797102,0.0038213804364204407,0.00016806903618500315,-0.9584487997033757,0.31840341658787585,0.27130286899314215,-0.9584487997033757
0.4621844934299588,0.012122840620577335,0.9718406498432159,0.6272631650790572,0.16433721594512463,0.0001679633360911268,-0.8384479498646984,0.27711414716632576,0.311309922914674,-0.8384479498646984
0.40810247510671616,0.971859578974545,0.8458830770105124,0.9823099365457892,0.04515337944030762,0.0001679423934291868,-0.9175618812286703,0.27309313243901023,0.2844272619967476,-0.9175618812286703
0.20135660097002983,0.049078372307121754,0.1062291394919157,0.9564257208257914,0.11115043982863426,0.0001678415062988333,-1.0628280827334944,0.2921595330689885,0.2785272468359071,-1.0628280827334944
0.1548732928931713,0.13494715746492147,0.8402031129226089,0.8101646257564425,0.005617088638246059,0.00016783993660373725,-1.0210984306954616,0.23646810410203808,0.22384038186289074,-1.0210984306954616
0.5871807094663382,0.47735454700887203,0.9338979991152883,0.959911311045289,0.29435783345252275,0.00016780093809205888,-0.7373336703236708,0.25699963626948685,0.2905417043000305,-0.7373336703236708
0.26125600188970566,0.08006193116307259,0.9957949537783861,0.8247262742370367,0.08265979401767254,0.00016778790907324447,-0.9000072052836363,0.23947458582696132,0.213077165775723,-0.9000072052836363
0.5961486492305994,0.37030115351080894,0.9989776192232966,0.9604331608861685,0.17018546629697084,0.00016778499104006837,-0.5797574100053485,0.2233208704451228,0.2893897407121762,-0.5797574100053485
0.5051851300522685,0.5324001545086503,0.946389396674931,0.9717531632632017,0.2767860312014818,0.00016778409773967037,-0.6894755973292017,0.25443235034016026,0.3264427671530457,-0.6894755973292017
0.4537928206846118,0.03556840680539608,0.9239002978429198,0.600980051793158,0.11896269675344229,0.00016776942935668078,-0.8194009262542055,0.266644723522251,0.2868721873751062,-0.8194009262542055
0.2213711841031909,0.0433075986802578,0.542425848543644,0.9597762804478407,0.2585320333018899,0.00016771613909954465,-0.9732999443648951,0.295452267887239,0.21988018916070046,-0.9732999443648951
0.019029108807444572,0.28032332472503185,0.7370825354009867,0.9939998397603631,0.00020175427198410034,0.00016760428908429485,-1.041683548632782,0.3038201529935729,0.35092345415991866,-1.041683548632782
0.177277198061347,0.010280379094183445,0.8979891259223223,0.7331786127761006,0.09066373761743307,0.00016758341537827446,-1.0350870558159184,0.2586419236978273,0.21446741939629932,-1.0350870558159184
0.021710100583732128,0.10763969365507364,0.9580175671726465,0.752687718719244,0.04033680632710457,0.00016758298319755147,-1.1264031314840648,0.29937592415494696,0.21958148532571273,-1.1264031314840648
0.6021781982854009,0.9493058854714036,0.9870666610077024,0.7626251904293895,0.05711816158145666,0.0001675624788508334,-0.9534139269976812,0.2683887390466213,0.3133972174598473,-0.9534139269976812
0.31627957057207823,0.0103904465213418,0.9131150087341666,0.9807768575847149,0.37166337482631207,0.0001675126880273035,-1.015736052021672,0.33877067893630136,0.259168741061706,-1.015736052021672
0.22601108253002167,0.03236054535955191,0.7073647016659379,0.7881747372448444,0.08205846697092056,0.00016749951443728603,-0.9255530802030671,0.2354566253582132,0.21951092265493014,-0.9255530802030671
0.3416217276826501,0.03855740372091532,0.9114397512748837,0.8104144707322121,0.08762935921549797,0.0001674518194630463,-0.8123749166111398,0.22932586456783574,0.2308323750866258,-0.8123749166111398
0.4682740680873394,0.34411544911563396,0.9483982725068927,0.9741158485412598,0.35917288064956665,0.00016735809872192787,-0.7517118251788392,0.26893587885893727,0.32206138278985613,-0.7517118251788392
0.15204153675585985,0.07767125684767962,0.7400883296504617,0.7649095878005028,0.02195873949676752,0.00016734484563738373,-1.029106691417192,0.24100713113724517,0.2119579385031564,-1.029106691417192
0.31361121498048306,0.050738463178277016,0.6774890730157495,0.9187996564432979,0.017571860924363136,0.00016733210518928243,-0.8649001064921193,0.18929281349398103,0.19371103029974743,-0.8649001064921193
0.20497070904821157,0.01477641612291336,0.6370165003463626,0.679833672940731,0.07470052968710661,0.00016728356386770852,-0.9931320305864725,0.26341622940919185,0.2156733646233821,-0.9931320305864725
0.39666661340743303,0.02254661824554205,0.9193317983299494,0.5060796588659286,0.10479325149208307,0.0001672781388961415,-0.941127694623413,0.2971558360962424,0.2701018684016158,-0.941127694623413
0.18286864180117846,0.133660732768476,0.9271969757974148,0.933063255622983,0.052886009216308594,0.0001672690007308886,-0.9584597291360245,0.2119904776993925,0.21181419770766124,-0.9584597291360245
0.49929542280733585,0.5443616071715951,0.9988225745037198,0.6064061708748341,0.07415208872407675,0.00016722915442654097,-0.7563038326457463,0.26303569483364586,0.28482874597030383,-0.7563038326457463
0.6006756564602256,0.8536199294030666,0.9504596423357725,0.8807461941614747,0.20617286674678326,0.0001672115084318406,-0.8872740229556244,0.25279781828575293,0.2944035703791324,-0.8872740229556244
0.00525463093072176,0.06522476486861706,0.8478651223704219,0.5264840656891465,0.002749800682067871,0.0001672114640394137,-1.2329219713525734,0.35568008059014944,0.1936845581402473,-1.2329219713525734
0.19581786449998617,0.0006101923063397408,0.16771559137851,0.9782219370827079,0.21562077943235636,0.00016718919057749724,-1.1086782785194156,0.3273309980064898,0.2170244481964392,-1.1086782785194156
0.13990144710987806,0.9783869618549943,0.03476336412131786,0.9961238401010633,0.14391785580664873,0.00016718162400940383,-1.234853907708449,0.37321593971663064,0.30027819725935784,-1.234853907708449
0.4838957441970706,0.6278604110702872,0.9671853939071298,0.9773350348696113,0.25409463234245777,0.00016715303494626527,-0.7237064850033934,0.2626127203919729,0.3260951048897626,-0.7237064850033934
0.035173351876437664,0.02843551803380251,0.6407744772732258,0.7865938907489181,0.05173475481569767,0.00016713835330501531,-1.0966900472719057,0.29673263032650876,0.2633171930897394,-1.0966900472719057
0.209140514023602,0.025065588764846325,0.5842638434842229,0.8420769348740578,0.09664323180913925,0.00016711744708326783,-0.9241711827390244,0.24111805339289563,0.24783050965951367,-0.9241711827390244
0.084857695735991,0.2063408214598894,0.9109239084646106,0.7652879068627954,0.003094533458352089,0.0001671171560765071,-1.0651418001023543,0.2820070949814827,0.2526843847706132,-1.0651418001023543
0.04725639056414366,0.0056214649230241776,0.9497586954385042,0.6386381601914763,0.04562218766659498,0.000167107855922859,-1.1863129261687566,0.31400910774243473,0.18356664290277394,-1.1863129261687566
0.25924576073884964,0.027983132749795914,0.7719048745930195,0.9002720871940255,0.2218322828412056,0.00016707186731331435,-0.930374754040072,0.2719817917721592,0.1991605022978069,-0.930374754040072
0.11610102374106646,0.05345101188868284,0.9570090910419822,0.731116397306323,0.058746849186718464,0.0001670603783796289,-1.0861858195935916,0.2609537627973662,0.20054771782274208,-1.0861858195935916
0.05480244290083647,0.17703017219901085,0.7900927802547812,0.9712823750451207,0.22789184842258692,0.00016703782807988714,-1.042835578054443,0.31022938452453114,0.2631434675178909,-1.042835578054443
0.059539695270359516,0.1349006900563836,0.0033560767769813538,0.9987618066370487,0.17406738083809614,0.00016702968697141074,-1.1811498655890247,0.35687060875230286,0.2519851821212236,-1.1811498655890247
0.4817836508154869,0.9873979296535254,0.48010050132870674,0.9423490948975086,0.13235533237457275,0.00016701914598774934,-0.8429696488309232,0.2698022605225029,0.38619040086127115,-0.8429696488309232
0.240428002551198,0.09586937259882689,0.9366649081930518,0.9341523228213191,0.21025748923420906,0.00016688963180799094,-0.9258382784356449,0.26778800306404726,0.2008420780108809,-0.9258382784356449
0.10803804267197847,0.12408916186541319,0.9669540142640471,0.9425202030688524,0.11097496561706066,0.0001667792007545692,-1.0058303931769033,0.2608324558279955,0.2704813966098628,-1.0058303931769033
0.29258963372558355,0.04148338362574577,0.5184249132871628,0.9202806474640965,0.21984493918716908,0.00016677690885507794,-0.8612422087503044,0.26243261533427853,0.22219307341751912,-0.8612422087503044
0.4204165395349264,0.007424425333738327,0.8733048820868134,0.6507015842944384,0.13686715811491013,0.00016675300632187654,-0.8147661175283604,0.26280296628662525,0.28177025607989636,-0.8147661175283604
0.35105745308101177,0.08598499093204737,0.6681545907631516,0.5350891575217247,0.021513995714485645,0.0001667446053307787,-0.9226425822902639,0.27852592408874194,0.21751045206686595,-0.9226425822902639
0.3063732087612152,0.03404586762189865,0.6861116550862789,0.8547259094193578,0.0713624507188797,0.00016674104377751263,-0.8224736945894396,0.2116853838309681,0.20380236950971856,-0.8224736945894396
0.17863848060369492,0.21811507642269135,0.9520822744816542,0.9237875770777464,0.24722490645945072,0.00016673091067209687,-0.9636190132677142,0.27436723686109654,0.22743507697698045,-0.9636190132677142
0.2630354603752494,0.029838601127266884,0.8631037725135684,0.2546386793255806,0.012492217123508453,0.00016670943560932725,-1.2330333667157998,0.36245632088108615,0.27412778980740077,-1.2330333667157998
0.13693923503160477,0.38554947450757027,0.9605176914483309,0.8514067120850086,0.0028489697724580765,0.00016646247348359525,-0.9935347724737242,0.26426504332193657,0.2680142040459866,-0.9935347724737242
0.05988479219377041,0.012978807091712952,0.7027118830010295,0.4090544627979398,0.015214938670396805,0.00016638781548433917,-1.2601549486506018,0.36438186370467335,0.22081737379957078,-1.2601549486506018
0.2665061019361019,0.04857798106968403,0.0058753592893481255,0.905560496263206,0.10622197762131691,0.00016636701841539492,-1.0344467591467756,0.29037529780698346,0.29241760730788396,-1.0344467591467756
0.5608782265335321,0.41286522056907415,0.8444221150130033,0.9677298292517662,0.27198110427707434,0.00016634849615725965,-0.6299673798922335,0.22102921546686205,0.2971294365765391,-0.6299673798922335
0.48491262551397085,0.9077289327979088,0.7044071834534407,0.794842291623354,0.018506093882024288,0.00016626711313018458,-0.8863464160002477,0.2419326396762443,0.324344813022851,-0.8863464160002477
0.06744218710809946,0.032409206964075565,0.38613360188901424,0.9728694958612323,0.2226329855620861,0.0001662216364581825,-1.1220963319717916,0.33610866374540654,0.2250099447119621,-1.1220963319717916
0.1423758352175355,0.1415562555193901,0.9473728416487575,0.9711899161338806,0.11842344235628843,0.00016617281877148615,-0.9605774642118772,0.2477977019361231,0.2684062824424219,-0.9605774642118772
0.6158970957621932,0.9705144623294473,0.9849489172920585,0.9661867683753371,0.2805938543751836,0.00016615414431873983,-1.0300544451495222,0.306881832903431,0.28342408586557133,-1.0300544451495222
0.07219675928354263,0.07528312969952822,0.8962466418743134,0.4728757804259658,0.0007202588021755219,0.00016614256627062486,-1.2254661932309752,0.348399251348504,0.18887068018736053,-1.2254661932309752
0.662287125363946,0.2569981263950467,0.91453140322119,0.9859977588057518,0.2866695895791054,0.0001661086745242969,-0.8214284881588972,0.26320471097104525,0.25530557417956085,-0.8214284881588972
0.4133970020338893,0.9550219299271703,0.9114603148773313,0.9601474795490503,0.12807623017579317,0.00016609243305937298,-0.8548532444885467,0.26186279854834704,0.33384142818015855,-0.8548532444885467
0.3901693457737565,0.3992614606395364,0.9955643564462662,0.992306673899293,0.33806918002665043,0.00016602003070520377,-0.7776400734177151,0.2816065309083075,0.3142371449811434,-0.7776400734177151
0.5936021879315376,0.7011946309357882,0.8907602829858661,0.9534238623455167,0.01434412319213152,0.00016601986242912507,-0.8138814998661559,0.22812344550159366,0.28409643520595745,-0.8138814998661559
0.4428425105288625,0.9415888329967856,0.8266103770583868,0.7306989422068,0.033006684854626656,0.00016601827423307723,-0.9320595203048657,0.2681560101391068,0.3030257017401015,-0.9320595203048657
0.5546539695933461,0.7951867217198014,0.8328796420246363,0.9515698570758104,0.11240921262651682,0.00016597990697753118,-0.7390666942715386,0.23334747012869705,0.3212351278835696,-0.7390666942715386
0.20559289399534464,0.21386318001896143,0.7081713145598769,0.975667248480022,0.2319344487041235,0.00016594424687106546,-0.8608147077211525,0.26921026618064425,0.24851513187659108,-0.8608147077211525
0.503507443703711,0.9564595585688949,0.6242973580956459,0.8807746144011617,0.08431273605674505,0.0001659338559499465,-0.8255142247115457,0.25074540191475303,0.35688927957081595,-0.8255142247115457
0.4255405431613326,0.9800161877647042,0.9515642318874598,0.7895581712946296,0.13104446418583393,0.00016593232445264122,-0.8970779321902961,0.27490141847265104,0.3407692930861459,-0.8970779321902961
0.4292220138013363,0.894574829377234,0.9734029164537787,0.9445430161431432,0.15297930035740137,0.00016582943985217,-0.8229774465498657,0.2567646003876348,0.33532230957087983,-0.8229774465498657
0.07830937020480633,0.33303832169622183,0.9823723565787077,0.9967721197754145,0.14547402132302523,0.00016581050587545097,-0.9549984110955786,0.2862241948508786,0.3345687907533935,-0.9549984110955786
0.06965015456080437,0.043539050966501236,0.6000890601426363,0.9402201985940337,0.021003718487918377,0.00016576900808898002,-1.0853206626696013,0.2667057596152053,0.2390002284195156,-1.0853206626696013
0.09673090279102325,0.039638254791498184,0.9118215041235089,0.9527805726975203,0.18229742720723152,0.00016562434495384613,-1.0768136453226107,0.2948992182963761,0.22235705181898288,-1.0768136453226107
0.5180772561579943,0.29774479009211063,0.8607301386073232,0.9802484344691038,0.344835352152586,0.00016560135996049268,-0.7160632028719014,0.256493843964671,0.3067907798371701,-0.7160632028719014
0.05296678002923727,0.1365119069814682,0.9083919953554869,0.720516043715179,0.021778489463031292,0.00016554645869396774,-1.1088997115585422,0.2911587281487701,0.22077154440777627,-1.1088997115585422
0.16138353385031223,0.20415249094367027,0.5705692302435637,0.9991057347506285,0.1972002536058426,0.00016554431985835248,-0.8754267439527448,0.2788171455129044,0.2840481077555051,-0.8754267439527448
0.2588966675102711,0.09477310068905354,0.8373569380491972,0.4799486342817545,0.021838615648448467,0.00016546894973356845,-1.0606152919256904,0.30802499213804907,0.205228006890057,-1.0606152919256904
0.5564802894368768,0.7664024727419019,0.9686353309080005,0.700384046882391,0.13675695937126875,0.0001654657091800461,-0.8208178993966279,0.2572450790978206,0.3152675075124802,-0.8208178993966279
0.365379985421896,0.026386153884232044,0.9445907464250922,0.6800966849550605,0.14580291602760553,0.00016543597643101188,-0.8474931993909894,0.2694977423060221,0.25801305599849467,-0.8474931993909894
0.16917566396296024,0.09525916166603565,0.6696808813139796,0.6410727985203266,0.01369171030819416,0.00016538302132328487,-1.0413436315130387,0.2730259568903894,0.20932118383043827,-1.0413436315130387
0.5467117065563798,0.7065319158136845,0.9602571912109852,0.5450501590967178,0.004237763583660126,0.00016533304454851308,-0.9654095966615012,0.29196266745521277,0.29725353430820867,-0.9654095966615012
0.4965632585808635,0.17412630002945662,0.9099193550646305,0.5804061880335212,0.01397671177983284,0.0001653308001541457,-0.7887743649371068,0.25442233423615784,0.27054722504348727,-0.7887743649371068
0.17365839332342148,0.6911945389583707,0.015881366096436977,0.9429405303671956,0.11527819000184536,0.00016532808848940028,-1.106861908557548,0.34152655733938075,0.2930746487910508,-1.106861908557548
0.08902229368686676,0.2972346395254135,0.8291789731010795,0.950081410817802,0.23719299770891666,0.00016531939405013178,-0.9832574405522394,0.27998326042828114,0.29551017309138994,-0.9832574405522394
0.4425463620573282,0.07023082580417395,0.8860109066590667,0.303697245195508,0.009893541224300861,0.00016529834300081303,-1.094204797431499,0.33124260495743124,0.31804073288206586,-1.094204797431499
0.2782295411452651,0.34022093936800957,0.8899866994470358,0.9756516395136714,0.264853747561574,0.00016522345551303562,-0.794264879316132,0.257142651791844,0.2682626692638145,-0.794264879316132
0.3177731605246663,0.07467259652912617,0.6553757674992085,0.8158510634675622,0.011139952577650547,0.0001652085060286336,-0.8476456457038738,0.20841307669115963,0.19198718195682574,-0.8476456457038738
0.36500359419733286,0.015282176434993744,0.8681441303342581,0.44056924246251583,0.08218246884644032,0.00016508157329854986,-1.0189804184728464,0.30990175472694953,0.2625343328606533,-1.0189804184728464
0.39006172586232424,0.8678871439769864,0.15517814550548792,0.9982260959222913,0.17173044756054878,0.00016507980102717506,-0.9485697532139551,0.3178718083423462,0.34754693494519057,-0.9485697532139551
0.48104365821927786,0.7596241096034646,0.8520246492698789,0.9785314481705427,0.2024795599281788,0.0001650554216532576,-0.735352175742721,0.24853986527122804,0.309123231305808,-0.735352175742721
0.2059518275782466,0.8191590690985322,0.1019035940989852,0.9803764699026942,0.10713863093405962,0.00016496798212922766,-1.1029223733552878,0.3400945776417956,0.29331967076105925,-1.1029223733552878
0.10565237049013376,0.3817137237638235,0.9352661436423659,0.9624246014282107,0.24698411114513874,0.00016492608811812605,-0.9966290247662002,0.2812855647876234,0.27119989551005697,-0.9966290247662002
0.4169821795076132,0.8813116569072008,0.96756128128618,0.9664968159049749,0.07046957220882177,0.0001649243627254612,-0.8483584971652917,0.26582535170307386,0.29398247941672534,-0.8483584971652917
0.5914455084130168,0.8858535634353757,0.8383591212332249,0.9004061939194798,0.021585043519735336,0.00016491602907100513,-0.9079247501926158,0.22910708771234575,0.3022721179985393,-0.9079247501926158
0.5210998468101025,0.5984789403155446,0.8833472272381186,0.987388321198523,0.2548112478107214,0.00016489891569905824,-0.6927182385653584,0.25187732421337183,0.30706398248097205,-0.6927182385653584
0.45979395415633917,0.9477349845692515,0.6961635407060385,0.6590446820482612,0.020549215376377106,0.0001648981858907516,-0.9705642164212169,0.2782701112752346,0.31599464451461884,-0.9705642164212169
0.04448878671973944,0.9152394477277994,0.12150669377297163,0.9499372104182839,0.09895769506692886,0.00016487549942166929,-1.2598105000447712,0.37645292022791316,0.28993965777269315,-1.2598105000447712
0.1572568928822875,0.6310526141896844,0.07991537172347307,0.9585747364908457,0.10307140834629536,0.00016482718713679324,-1.0783582012707509,0.33281638499960337,0.2785373202383668,-1.0783582012707509
0.005957402288913727,0.00917329452931881,0.6592304045334458,0.5683317463845015,0.04061297886073589,0.00016475969741489436,-1.200163996687137,0.34465836193487803,0.22890801434730942,-1.200163996687137
0.39099766220897436,0.11268924828618765,0.9090641960501671,0.9982679411768913,0.25382789224386215,0.00016475378821478222,-0.7727893530771967,0.26571164000279923,0.28654980660327456,-0.7727893530771967
0.39776960387825966,0.05006168410181999,0.9219700386747718,0.9633971052244306,0.22740191873162985,0.0001646955699329462,-0.7887536594746001,0.2585682624120926,0.29011426532135937,-0.7887536594746001
0.05562260374426842,0.009343808516860008,0.8757664412260056,0.9262553118169308,0.12181159481406212,0.00016464417451001977,-1.08969083948289,0.29150506377305285,0.2779127755510597,-1.08969083948289
0.5779362069442868,0.2844159007072449,0.8939425004646182,0.916799777187407,0.25985094998031855,0.00016463782518272418,-0.6510639051357304,0.22022520918505503,0.2978044861339138,-0.6510639051357304
0.41824899334460497,0.9264258835464716,0.7750952877104282,0.9759639231488109,0.2238310370594263,0.0001645902205089041,-0.8754359221363535,0.26243565653761447,0.29788717714715185,-0.8754359221363535
0.09982057102024555,0.11255629267543554,0.8929913239553571,0.7467628801241517,0.034823701716959476,0.00016457277417324473,-1.0698352834175113,0.26229787983046204,0.21151189743389,-1.0698352834175113
0.08713341411203146,0.008717254735529423,0.9573662225157022,0.48852208256721497,0.030503250658512115,0.0001645499187442941,-1.2305586909158857,0.3382200228924074,0.17425903490358013,-1.2305586909158857
0.6042306367307901,0.8101673601195216,0.9285619668662548,0.8900295095518231,0.023505154997110367,0.0001645116335297117,-0.8833663356303677,0.23886906596058172,0.28700381924151824,-0.8833663356303677
0.29751203395426273,0.039545152336359024,0.961141349747777,0.7121188100427389,0.13264053221791983,0.00016450257796244775,-0.8980197769482798,0.2662854789756574,0.22910906772404543,-0.8980197769482798
0.4920783694833517,0.021889515221118927,0.9941194653511047,0.06882799789309502,0.008602132089436054,0.00016448070702000217,-1.2862769471987026,0.3670084046678117,0.37385792458890615,-1.2862769471987026
0.48867182340472937,0.4280795454978943,0.9453228702768683,0.989201451651752,0.23768162354826927,0.00016448010608283544,-0.5909140599848784,0.21590539027440456,0.3289057768212398,-0.5909140599848784
0.22459987737238407,0.9846804728731513,0.12986482586711645,0.9985360903665423,0.09740591514855623,0.00016446549131784012,-1.1419577669428929,0.3588391662175979,0.2953231267378533,-1.1419577669428929
0.02845695335417986,0.011110810562968254,0.8534154994413257,0.7993903355672956,0.0774977458640933,0.00016443283310412743,-1.1241712981274619,0.3024431971336206,0.24718703212159432,-1.1241712981274619
0.5600429745391011,0.9566649114713073,0.8403413007035851,0.6136980643495917,0.0034038545563817024,0.00016426715926325195,-1.0381751620650648,0.29106869309166916,0.31653679354241443,-1.0381751620650648
0.5400449465960264,0.833198175765574,0.9047529855743051,0.7160333348438144,0.14408477302640676,0.00016425462591527658,-0.8353073544407623,0.2432807361022102,0.32830687366477324,-0.8353073544407623
0.025966590270400047,0.7809647135436535,0.14141229819506407,0.9627519631758332,0.10485441982746124,0.0001642317791383196,-1.2194259077350145,0.3725198360798751,0.28411734697804375,-1.2194259077350145
0.5383450221270323,0.7179482579231262,0.9014007057994604,0.7731125010177493,0.08434056397527456,0.00016416486794377277,-0.7351695673955647,0.2424163703554688,0.3022079147663294,-0.7351695673955647
0.13248677272349596,0.22638075426220894,0.8251363728195429,0.9459665287286043,0.19907316006720066,0.00016415593780758439,-0.9327320461706193,0.26827009059859275,0.2714288695529825,-0.9327320461706193
0.02480623684823513,0.11414552293717861,0.8156762402504683,0.9659605985507369,0.08379196375608444,0.00016410857162030133,-1.0474078258669024,0.2982859496911979,0.29193686139497105,-1.0474078258669024
0.47864776477217674,0.8076345259323716,0.9209129866212606,0.9539428455755115,0.09599338565021753,0.00016407134652325736,-0.7511841230012215,0.24473747946291627,0.3228843662068779,-0.7511841230012215
0.15524183213710785,0.31126796640455723,0.9551962921395898,0.9886474059894681,0.06154901999980211,0.00016406192810244701,-0.9083942661293857,0.24746863233730942,0.28204060123282215,-0.9083942661293857
0.42521716840565205,0.9174170680344105,0.2017914280295372,0.963970098644495,0.19508493226021528,0.00016404525143092714,-0.9552668222162539,0.31415971141691457,0.3542482161737102,-0.9552668222162539
0.16148503962904215,0.07762469071894884,0.9590915367007256,0.7487828973680735,0.06575782876461744,0.00016396771107437549,-1.0266003271213962,0.24442043252596726,0.20106893257081002,-1.0266003271213962
0.5587633857503533,0.22252998501062393,0.9169066855683923,0.8952593356370926,0.26382608525455,0.00016393071276827668,-0.6777747507420655,0.22978644377694224,0.30855345667697603,-0.6777747507420655
0.5781824495643377,0.9654346499592066,0.783109312877059,0.8911348143592477,0.21590097807347775,0.00016392590634301769,-0.9207462928397148,0.2620774483621342,0.31933277283410194,-0.9207462928397148
0.11933801230043173,0.6072574127465487,0.3810168784111738,0.9996476927772164,0.2014419212937355,0.00016392094095255629,-1.01813703046902,0.31526401694653605,0.23628088714126325,-1.01813703046902
0.48432760778814554,0.9648650959134102,0.7979658776894212,0.6769681693986058,0.1080655986443162,0.00016389460017470089,-0.9134653883422327,0.2676808624178324,0.3437795252400153,-0.9134653883422327
0.03216156642884016,0.5105285467579961,0.8842373685911298,0.9964705184102058,0.20840635243803263,0.00016388034913835048,-1.0463945618849047,0.3162182810500541,0.2636757172690573,-1.0463945618849047
0.5771243618801236,0.9139954466372728,0.979792115278542,0.6287618651986122,0.06007657200098038,0.00016380926651531408,-0.9843478288759921,0.27489975048204873,0.3060657318332419,-0.9843478288759921
0.04959429241716862,0.041855987161397934,0.2715417733415961,0.9963041078299284,0.1949119959026575,0.00016380195773285343,-1.148118413846118,0.34952867175497276,0.22991939506404283,-1.148118413846118
0.37064648512750864,0.07471913285553455,0.9344461532309651,0.6747243730351329,0.09204904269427061,0.00016376488787105904,-0.8076915376441651,0.2501048193804288,0.22601775979926944,-0.8076915376441651
0.49155513010919094,0.7905024159699678,0.8955384772270918,0.9475764483213425,0.1784806391224265,0.00016373401145356476,-0.74289831518877,0.2448307640110632,0.32583992589419875,-0.74289831518877
0.3762949500232935,0.9612132832407951,0.3862601574510336,0.996714442037046,0.21333172637969255,0.00016370939118458516,-0.9589479362594693,0.3095628132717793,0.31312580396066536,-0.9589479362594693
0.46634039748460054,0.3707858305424452,0.9824576787650585,0.7370960060507059,0.02926831878721714,0.00016361590594024221,-0.6337531466285207,0.2230408062761236,0.2764289718238486,-0.6337531466285207
0.08805381320416927,0.061433746479451656,0.5902954135090113,0.9612352065742016,0.18853104580193758,0.00016359453895715848,-1.0281671876700533,0.3035260298061868,0.2681528651095399,-1.0281671876700533
0.5358734475448728,0.9773442186415195,0.8797103436663747,0.8159788651391864,0.2586465887725353,0.00016356840741417009,-0.9688630937323383,0.2646441951887004,0.3307577599222049,-0.9688630937323383
0.20771185401827097,0.04039468336850405,0.7388189742341638,0.49388036504387856,0.031304982490837574,0.00016355826407688477,-1.1075404969549452,0.30960950160297507,0.20318114508011642,-1.1075404969549452
0.1296327719464898,0.35635153390467167,0.9950426202267408,0.9476540861651301,0.2507266215980053,0.00016349265384315562,-0.992186389412482,0.28280867495418816,0.26016482219561243,-0.992186389412482
0.14291838090866804,0.10112346149981022,0.6610162016004324,0.9789519812911749,0.1952095404267311,0.0001634679610512368,-0.965048099556568,0.28508439541478386,0.24357845044977525,-0.965048099556568
0.6236636536195874,0.515258826315403,0.9945593420416117,0.9843646129593253,0.17395706847310066,0.0001633992102455086,-0.6752618610873832,0.2534503549105469,0.2654387391394153,-0.6752618610873832
0.49742611963301897,0.7157266987487674,0.9324424378573895,0.7338705975562334,0.10303528234362602,0.00016337149914321135,-0.7408158067435153,0.25052135657536334,0.31044659090200283,-0.7408158067435153
0.07119827251881361,0.24860904552042484,0.9127152571454644,0.9669577525928617,0.2871318832039833,0.0001633613212439367,-1.0716016950624523,0.3145990693363604,0.2525368103850068,-1.0716016950624523
0.1576082082465291,0.27550496999174356,0.7311053844168782,0.9623031932860613,0.22826402727514505,0.00016330345727618475,-0.888597931573004,0.26707845985307516,0.2891813831946512,-0.888597931573004
0.1514740213751793,0.01507260650396347,0.4893685011193156,0.9969458607956767,0.08548174798488617,0.00016329439645257438,-0.9960119527500388,0.25408799424079076,0.2514726952867401,-0.9960119527500388
0.4232318550348282,0.03619495127350092,0.9751503439620137,0.038224090822041035,0.025700691156089306,0.00016329211428860229,-1.296148972473202,0.37099425867446373,0.3740856216604811,-1.296148972473202
0.11009301338344812,0.1803730959072709,0.9348381934687495,0.6255497131496668,0.0047099413350224495,0.00016327703233554033,-1.0993771437934106,0.30011174451769707,0.21334140465769733,-1.0993771437934106
0.43621726334095,0.020312227308750153,0.9913782496005297,0.8208204433321953,0.3340810090303421,0.00016326275875614175,-0.9206535688773766,0.31056803728630294,0.33941212397396664,-0.9206535688773766
0.5729854088276625,0.9613508824259043,0.9393768087029457,0.6058864835649729,0.03815711569041014,0.00016322957350478493,-1.0308241815417798,0.2888214313212569,0.30685679240528424,-1.0308241815417798
0.030390534549951553,0.42410399578511715,0.010491051711142063,0.9664674615487456,0.12880421243607998,0.00016321509048265555,-1.130638622528241,0.3539859109134387,0.3163844946443976,-1.130638622528241
0.21294317860156298,0.07116598263382912,0.7570224879309535,0.9680609591305256,0.051953697577118874,0.00016316014847466087,-0.9362532341652465,0.20484842053569932,0.20482523604781636,-0.9362532341652465
0.49546500109136105,0.02351147122681141,0.9531262936070561,0.9715017359703779,0.1769085768610239,0.00016311186116207274,-0.714657048463195,0.2430811778486383,0.32671308152641865,-0.714657048463195
0.49003455974161625,0.7038258900865912,0.9908115994185209,0.9599024439230561,0.05814236681908369,0.00016304294206203308,-0.7308463558964801,0.24815277276657646,0.3001480869046916,-0.7308463558964801
0.010895614512264729,0.0018893815577030182,0.906324215233326,0.3543120138347149,0.008504488505423069,0.00016302853456271978,-1.3230055105216538,0.38878898700368836,0.19786191664155478,-1.3230055105216538
0.5282288854941726,0.9208223139867187,0.9053121348842978,0.5285253562033176,0.04106877092272043,0.00016301810467619874,-1.0449275843238073,0.29014091881421084,0.3059962545352293,-1.0449275843238073
0.40854371525347233,0.4350033653900027,0.9628650862723589,0.4914482068270445,0.010777798481285572,0.00016299066519779407,-0.8896909239749666,0.299131618677429,0.28645762803262126,-0.8896909239749666
0.05384609289467335,0.276422468945384,0.7979010017588735,0.9889820888638496,0.17099454160779715,0.00016298896544179916,-0.9514159225251783,0.291903882891049,0.35172566243525166,-0.9514159225251783
0.10034825466573238,0.07998079434037209,0.6620710752904415,0.9175475649535656,0.05951067712157965,0.0001629589305324932,-1.0083522790309711,0.2532614676905285,0.2653690689882306,-1.0083522790309711
0.5094396760687232,0.9845238598063588,0.22802803572267294,0.950815781019628,0.23192305210977793,0.000162953299861425,-1.0036632853494953,0.32087647545781484,0.36506920032375756,-1.0036632853494953
0.25101619213819504,0.16809600032866,0.9882112229242921,0.7407230837270617,0.03590367175638676,0.00016292752991100466,-0.9117979269157055,0.24754792276787632,0.19420929894999764,-0.9117979269157055
0.24224877171218395,0.09047398623079062,0.8008823972195387,0.6872987868264318,0.03941678814589977,0.00016292251841243144,-0.9451678494857658,0.2404835314967786,0.17968261560854412,-0.9451678494857658
0.3823417527601123,0.1159418597817421,0.985895280726254,0.9477631319314241,0.24156566243618727,0.00016291519178305162,-0.7817953075633207,0.2628614913601789,0.2922571575504335,-0.7817953075633207
0.13977687899023294,0.11517745349556208,0.6551922541111708,0.9853114606812596,0.018961748108267784,0.00016285965859284498,-1.0015323754840038,0.22970879513165884,0.24600074561530438,-1.0015323754840038
0.18975614476948977,0.0014242269098758698,0.7606349987909198,0.7409920319914818,0.11788964364677668,0.0001628092893534097,-0.9969327061735948,0.2612950359963928,0.23818351878099595,-0.9969327061735948
0.5549386730417609,0.8830907009541988,0.8548382231965661,0.8197312131524086,0.1508510485291481,0.0001628067745381959,-0.8224600736848023,0.23329534987821252,0.342787661945283,-0.8224600736848023
0.36841622181236744,0.9997008480131626,0.9640436917543411,0.9529738444834948,0.05404298845678568,0.00016279074016381176,-0.9601911383103575,0.2952277172478814,0.26763791186178365,-0.9601911383103575
0.08206192590296268,0.000392409972846508,0.7102429969236255,0.7139555085450411,0.060665770433843136,0.00016278698183988728,-1.103147059718254,0.28430973180601,0.2385198050312807,-1.103147059718254
0.4728121506050229,0.017204576171934605,0.9523087609559298,0.7342593362554908,0.269148675724864,0.0001626956538831783,-0.8688651398782844,0.2744995629057795,0.3447081659934424,-0.8688651398782844
0.4569850843399763,0.7654936546459794,0.84506456553936,0.6406370066106319,0.006557418033480644,0.0001626394696196145,-0.9095951936023013,0.27719625333756787,0.29013176611118535,-0.9095951936023013
0.2373388111591339,0.056627482175827026,0.8837806871160865,0.6402308978140354,0.07645134720951319,0.00016250534429779843,-0.9853910103450794,0.26514564040183974,0.18465206326149008,-0.9853910103450794
0.02043652255088091,0.3552546603605151,0.030882290564477444,0.932685031555593,0.10943809524178505,0.00016247099683130428,-1.1274725904569163,0.3471113236838076,0.3230567794941215,-1.1274725904569163
0.4041036907583475,0.036022596061229706,0.9623871091753244,0.9889841414988041,0.44618301279842854,0.0001624335082038882,-1.028027419448609,0.33864824734840654,0.29786508749177804,-1.028027419448609
0.34803768899291754,0.4132694639265537,0.9739225404337049,0.6765603432431817,0.007353329099714756,0.00016242925380621513,-0.8051814644272517,0.2720148582339756,0.24736765909962144,-0.8051814644272517
0.020523574203252792,0.21255425922572613,0.4328433396294713,0.9934939602389932,0.20909184776246548,0.00016238697422597662,-1.0251380023922843,0.3310292815637091,0.3228073338207773,-1.0251380023922843
0.3389188852161169,0.10161716397851706,0.7941308580338955,0.36483862064778805,0.001791069284081459,0.0001622677235672971,-1.0756813352366055,0.3298976007237922,0.26642501582576145,-1.0756813352366055
0.5162978321313858,0.7084748260676861,0.967209161259234,0.8321786094456911,0.20089277811348438,0.00016219256325219732,-0.7426612055780142,0.24953400064204523,0.3195020560217227,-0.7426612055780142
0.3198650907725096,0.15562112908810377,0.9810566790401936,0.648311423137784,0.05308666452765465,0.0001621696316483432,-0.8592318065560497,0.2593637163169793,0.19668249641449873,-0.8592318065560497
0.3532875571399927,0.056209415197372437,0.843309978954494,0.00500083714723587,0.003154570236802101,0.0001621668309951654,-1.3148794528784264,0.3880749122326557,0.355352970108052,-1.3148794528784264
0.30235598236322403,0.11295170988887548,0.9843050260096788,0.9787576356902719,0.03011353500187397,0.00016216489859837487,-0.8792758125294502,0.21088007368221218,0.20252512637685485,-0.8792758125294502
0.03615602571517229,0.2691956851631403,0.9035835722461343,0.7986638620495796,0.0069161104038357735,0.0001621319163830199,-1.0671858748718208,0.30147969468203173,0.29014610187368345,-1.0671858748718208
0.45229530427604914,0.12041346449404955,0.8493905896320939,0.6645723776891828,0.026192321442067623,0.00016208587318304975,-0.7460198215193731,0.22323198372368824,0.23604477234027085,-0.7460198215193731
0.06629057507961988,0.11102380510419607,0.8703669738024473,0.6193858981132507,0.01592802070081234,0.00016208524058119723,-1.1427770733758755,0.30730998123412295,0.20127972812266628,-1.1427770733758755
0.21124280244112015,0.06777139101177454,0.2286825692281127,0.9938570931553841,0.19071675557643175,0.00016206754513192463,-1.0144642155198451,0.30405605643311184,0.2180715365599654,-1.0144642155198451
0.29717252869158983,0.14517426304519176,0.8612806769087911,0.6404960369691253,0.017771685495972633,0.0001620028674535438,-0.9040686945089145,0.2597315729060026,0.1922733940572034,-0.9040686945089145
0.32508914079517126,0.025240707211196423,0.6261908048763871,0.4578215219080448,0.04640867095440626,0.00016199370680920047,-1.0219062324313701,0.30676602003395936,0.23750178975698044,-1.0219062324313701
0.14493571035563946,0.29015068523585796,0.933082852512598,0.963270116597414,0.2805120274424553,0.00016198175014350697,-0.9926807821427863,0.28982899882680685,0.25377945028868115,-0.9926807821427863
0.06014417950063944,0.5241470690816641,0.925286722369492,0.9754862068220973,0.00186083372682333,0.00016194175542087174,-1.0864175882245697,0.3063078619189972,0.23650720420593682,-1.0864175882245697
0.39917838387191296,0.9895695876330137,0.6522741848602891,0.9941753270104527,0.08361370954662561,0.0001619369866857421,-0.8807096618767172,0.2785358027563166,0.31236743455039584,-0.8807096618767172
0.4618795542046428,0.9892183681949973,0.5662863021716475,0.907736630178988,0.2286213655024767,0.00016189387903121417,-0.9012760995224616,0.27935367212710366,0.34590754134174867,-0.9012760995224616
0.4907998824492097,0.9567713933065534,0.27239359822124243,0.9732760135084391,0.24815853964537382,0.00016185032349259033,-0.9806232515108445,0.3153442972076877,0.3519458317694985,-0.9806232515108445
0.08304746076464653,0.2644687555730343,0.9630579482764006,0.7028619321063161,0.013625532388687134,0.0001618329053499415,-1.0644345003155968,0.2944724225834705,0.25085334564891654,-1.0644345003155968
0.4264893727377057,0.2608963204547763,0.9314309041947126,0.9937364216893911,0.21194440312683582,0.00016175120591756747,-0.5960994502261536,0.21442736837558823,0.29852536701868315,-0.5960994502261536
0.4660421656444669,0.888203545473516,0.8160474728792906,0.9430602369830012,0.10574258212000132,0.00016163230736756699,-0.7837315118136722,0.23626504900897083,0.3368013036157802,-0.7837315118136722
0.49935220554471016,0.6944274706766009,0.9062031609937549,0.9929663762450218,0.27704458497464657,0.0001616238933932473,-0.7778860819599148,0.2743913292536873,0.31425427679397094,-0.7778860819599148
0.40460185520350933,0.05652312934398651,0.7096923002973199,0.6020972412079573,0.037223249673843384,0.00016160159638619356,-0.8358410217182778,0.24696371771904158,0.2223606906931826,-0.8358410217182778
0.23597645852714777,0.022344229742884636,0.33056374080479145,0.9983853967860341,0.16348964720964432,0.00016153093091444403,-0.9581144615223459,0.28198062409075525,0.23346904500584847,-0.9581144615223459
0.052100338973104954,0.09188354853540659,0.9954426754266024,0.9365156292915344,0.17939536832273006,0.0001614945606949168,-1.0934357832924781,0.31278566626562904,0.23972028901069384,-1.0934357832924781
0.3710748953744769,0.26798776257783175,0.8316931324079633,0.9834874430671334,0.30161963403224945,0.0001614588568205634,-0.7201515134657807,0.25838752166205486,0.28643409449511203,-0.7201515134657807
0.12196469865739346,0.4405741412192583,0.9962159665301442,0.9467906318604946,0.22208247147500515,0.0001614191387322419,-0.9849824097204752,0.28061401931338814,0.2512818714645847,-0.9849824097204752
0.11313295271247625,0.10686025023460388,0.9727894207462668,0.9683956438675523,0.16130393743515015,0.00016141033301221987,-1.0222180723419219,0.2790076647935532,0.25185506023677073,-1.0222180723419219
0.07420676853507757,0.3648850806057453,0.7661215560510755,0.9657155610620975,0.23182025365531445,0.0001614097780299807,-0.9681600657211908,0.28202351945097015,0.32360487572290786,-0.9681600657211908
0.514455609023571,0.9123935429379344,0.8000634042546153,0.7112675942480564,0.1269602132961154,0.00016139984205422252,-0.8609979180339563,0.24418788771341526,0.3466025630343004,-0.8609979180339563
0.48295873403549194,0.992495353333652,0.793336134403944,0.8530668988823891,0.23166799452155828,0.0001613790206478913,-0.9221085524823376,0.26503239702210407,0.3383358174274378,-0.9221085524823376
0.1013331264257431,0.3430796815082431,0.9146417612209916,0.9367588786408305,0.014757826924324036,0.00016136541616738523,-0.9963112618604978,0.26071229710723876,0.2978960660665442,-0.9963112618604978
0.5688645141199231,0.77286022529006,0.7644538879394531,0.9811814893037081,0.24456537701189518,0.00016134006095577298,-0.808471122899858,0.2623433492553486,0.28332947695568217,-0.808471122899858
0.1901607969775796,0.03498391713947058,0.5600366909056902,0.9081740947440267,0.10144279804080725,0.00016129528342439842,-0.9303292932168516,0.2390994028366836,0.260867700224321,-0.9303292932168516
0.5241126408800483,0.8272694926708937,0.5429081730544567,0.9876366276293993,0.1817747438326478,0.00016128413224241936,-0.7496073934583076,0.2512726692288184,0.31952366182321434,-0.7496073934583076
0.02799251675605774,0.013252293691039085,0.5654368018731475,0.9307285146787763,0.20661162119358778,0.00016125289156313597,-1.1134161723613902,0.334775984786151,0.2615989933236877,-1.1134161723613902
0.49724024441093206,0.8770112358033657,0.8336567617952824,0.9243407398462296,0.25303568597882986,0.0001612306426828307,-0.8617693083896079,0.24993386001722726,0.3211367263584446,-0.8617693083896079
0.18775948509573936,0.025901097804307938,0.7966401390731335,0.9701593834906816,0.26029812823981047,0.0001611214958101634,-1.0420319331421748,0.303772893506005,0.18832843494105816,-1.0420319331421748
0.39541291259229183,0.9102966422215104,0.9478317266330123,0.8701598206534982,0.0023040352389216423,0.00016110488718410843,-0.9580170323663181,0.27251132729675354,0.2820884989014223,-0.9580170323663181
0.5755582833662629,0.21381808537989855,0.9853322608396411,0.9281477630138397,0.38218812365084887,0.00016102651776841434,-0.8807103064700825,0.28527625978469795,0.29714382455550115,-0.8807103064700825
0.5664894515648484,0.7330566504970193,0.8567594438791275,0.9844780964776874,0.11635333858430386,0.00016100885835621022,-0.7094204801953427,0.2371090648157647,0.3029989739562685,-0.7094204801953427
0.45614966098219156,0.9248489169403911,0.9459167262539268,0.6942471386864781,0.14388528745621443,0.00016099441779214119,-0.9017579910734236,0.2614208144451642,0.32980021358678613,-0.9017579910734236
0.10865700617432594,0.004181717522442341,0.6834375718608499,0.30877987388521433,0.023551364429295063,0.00016096417223067494,-1.285267925683803,0.37007355506073414,0.24951010009777436,-1.285267925683803
0.022063901647925377,0.04577311500906944,0.20876403898000717,0.9857006734237075,0.10227513778954744,0.0001609567489652076,-1.1538344506609883,0.34632978122997926,0.27575196253456224,-1.1538344506609883
0.47447342332452536,0.31011821050196886,0.9900572281330824,0.918409307487309,0.31170576717704535,0.0001609563719581606,-0.7034601097685842,0.2531549553916071,0.3436755449609571,-0.7034601097685842
0.19145807065069675,0.016650176607072353,0.7441433081403375,0.9015279188752174,0.19822032190859318,0.00016094162623100878,-0.990030983612361,0.2758999402442027,0.20393204423830927,-0.990030983612361
0.1897678878158331,0.15529196429997683,0.6452512415125966,0.991287212818861,0.23633110709488392,0.00016081594057974283,-0.9133740888539045,0.28452283770700776,0.23562193005654228,-0.9133740888539045
0.4120592512190342,0.03067141491919756,0.888423191383481,0.21150681376457214,0.030546773225069046,0.0001607355820020711,-1.1863891434842146,0.3461509554443671,0.34197025849845913,-1.1863891434842146
0.15119179245084524,0.23992025759071112,0.8661931324750185,0.9552475893869996,0.030602965503931046,0.0001607251811797221,-0.9451349683866208,0.23039008965519192,0.27223569950286736,-0.9451349683866208
0.42802425008267164,0.8581923674792051,0.35073058120906353,0.9782915776595473,0.2074908958747983,0.00016069482182065148,-0.865436641351191,0.2861753874845257,0.31869540887480124,-0.865436641351191
0.12294861674308777,0.20075949747115374,0.735603891313076,0.9660008726641536,0.20363388303667307,0.0001606696544186904,-0.939107329022326,0.280306174730039,0.27726915817349657,-0.939107329022326
0.3766480041667819,0.1299848072230816,0.9532800046727061,0.457202878780663,0.05744429677724838,0.00016064393653015814,-0.9526917640989692,0.2976656207506607,0.25209034522819634,-0.9526917640989692
0.5342062311246991,0.6569209918379784,0.9235140113160014,0.9922997141256928,0.07499410584568977,0.00016061905318539145,-0.6767209997837152,0.2364528088942487,0.2837662878677098,-0.6767209997837152
0.6298995548859239,0.8979627825319767,0.9721516538411379,0.9299271553754807,0.01508272159844637,0.00016059464552123517,-0.9729636576871401,0.24310302885141608,0.28638840174983154,-0.9729636576871401
0.42108815908432007,0.9990463573485613,0.7173199485987425,0.9311731494963169,0.20161956921219826,0.0001605481398401758,-0.8968351736675451,0.2783965340188208,0.3222830613311326,-0.8968351736675451
0.040055627934634686,0.010253368876874447,0.479973379522562,0.9652194082736969,0.18555615935474634,0.00016053864258844152,-1.0938679087196044,0.32903255621836747,0.27665729357339364,-1.0938679087196044
0.4803949473425746,0.9392323177307844,0.29384424444288015,0.9981895694509149,0.041576181538403034,0.00016046314629104185,-0.9273421014645647,0.28770446553017437,0.32749430942778057,-0.9273421014645647
0.5024341717362404,0.5947649497538805,0.9647335577756166,0.945001426152885,0.2347210319712758,0.0001604344178547728,-0.6807413469954006,0.24588864274839914,0.3234342441791606,-0.6807413469954006
0.2896112632006407,0.02783130295574665,0.9013531506061554,0.37713295314460993,0.06169699039310217,0.0001603884761302447,-1.1276742743036983,0.3302098056906482,0.24615629489560314,-1.1276742743036983
0.5511796567589045,0.9191542267799377,0.9426447218284011,0.8315786235034466,0.2728055641055107,0.00016036383202475623,-0.9575595863518379,0.26069490507758286,0.3190018362720304,-0.9575595863518379
0.48196874745190144,0.6495260884985328,0.9953777994960546,0.7495018290355802,0.11524542421102524,0.00016033907271735746,-0.6968094410297644,0.25338889933426595,0.311970685823777,-0.6968094410297644
0.3008785620331764,0.0012831948697566986,0.8070604559034109,0.9885865235701203,0.33689770847558975,0.00016032706471695604,-0.9895114476310944,0.3287535554695611,0.24091738072032362,-0.9895114476310944
0.25039911456406116,0.02150704711675644,0.6101656947284937,0.5428772810846567,0.04483733978122473,0.0001602931220311038,-1.0352303816487713,0.2956145787379491,0.20611401401477408,-1.0352303816487713
0.5679340893402696,0.6527084428817034,0.9304885752499104,0.9828660665079951,0.2978857718408108,0.00016023530732974127,-0.8139196916637245,0.2847548289597934,0.29071808949427336,-0.8139196916637245
0.46557385195046663,0.999499436467886,0.8966153357177973,0.9647174281999469,0.2914215801283717,0.00016023081583141024,-0.9728422559828792,0.3033005931932864,0.3216615458068467,-0.9728422559828792
0.5662215547636151,0.5179138034582138,0.9594038501381874,0.8772494411095977,0.2597140558063984,0.0001602138728899282,-0.7061197702359234,0.2408521926215818,0.3061599423051823,-0.7061197702359234
0.5090879080817103,0.26589802745729685,0.8867876883596182,0.9488043785095215,0.2739635920152068,0.00016018485524296657,-0.6308206924095291,0.2271714192933697,0.32394087724392523,-0.6308206924095291
0.15107215475291014,0.313717694953084,0.9929031617939472,0.7772535597905517,0.036684675142169,0.00016004185028871827,-0.9624842928020008,0.2615708108024032,0.25309583516462014,-0.9624842928020008
0.02119843102991581,0.007020706310868263,0.7867455566301942,0.5108339469879866,0.028626102954149246,0.0001600025115625525,-1.2371339985779548,0.35223759545903854,0.19721704843122057,-1.2371339985779548
0.32198177371174097,0.06214915029704571,0.7441208688542247,0.6458234414458275,0.066367675550282,0.00015991768030497526,-0.8639715233413261,0.24237280606772138,0.19024345010720317,-0.8639715233413261
0.4079275717958808,0.09464410413056612,0.9131915336474776,0.05384291894733906,0.005682847462594509,0.00015990129468666556,-1.2701422966674973,0.37052722020465567,0.36612157743712853,-1.2701422966674973
0.21945819351822138,0.16587009746581316,0.8906840914860368,0.9381604045629501,0.2345876768231392,0.00015987929672343806,-0.9175148564033393,0.26688316352876795,0.21106804439755003,-0.9175148564033393
0.12786377035081387,0.9358885493129492,0.08595552667975426,0.9907467747107148,0.0862444257363677,0.00015987695383544594,-1.2172700909950087,0.36969530918921856,0.27832637767134916,-1.2172700909950087
0.5674221180379391,0.8734202077612281,0.998470994643867,0.7240077704191208,0.2016047928482294,0.00015986554047887073,-0.9245613431639021,0.25295842192988305,0.31054806146759345,-0.9245613431639021
0.5337056117132306,0.7054065568372607,0.8478319412097335,0.9750446835532784,0.2606463860720396,0.00015986485535471564,-0.7682012553133428,0.26270265500482,0.3011223144971557,-0.7682012553133428
0.3785783462226391,0.11383402906358242,0.8947211895138025,0.33558092545717955,0.024163234047591686,0.0001598640383734572,-1.0697680042256295,0.32642912761798404,0.2896262781783533,-1.0697680042256295
0.5762304672971368,0.880164691247046,0.7156647928059101,0.9579042317345738,0.0340431984513998,0.00015982433374251283,-0.8637244086607413,0.21838052932428123,0.3046742741264304,-0.8637244086607413
0.11262014880776405,0.34878680761903524,0.941058536991477,0.8130367007106543,0.009804761968553066,0.0001598232903134716,-1.0052749061681983,0.27056269697303187,0.2745228257428474,-1.0052749061681983
0.30602421797811985,0.22852224949747324,0.9767657769843936,0.9142843820154667,0.2559381565079093,0.00015981819245639378,-0.8127882484989218,0.2647729599930589,0.26190713955834094,-0.8127882484989218
0.23130526673048735,0.0045036571100354195,0.35200721956789494,0.9735093470662832,0.11318354867398739,0.00015980014646272417,-0.9581978038754392,0.2607995939934441,0.24509483079923944,-0.9581978038754392
0.537742780521512,0.7746838461607695,0.9382767863571644,0.9375059278681874,0.29171068128198385,0.0001597334513086559,-0.8618701882514028,0.2786916165795693,0.31019048392294984,-0.8618701882514028
0.08539105113595724,0.07400561403483152,0.7660616943612695,0.6308031873777509,0.020849228836596012,0.0001597297487122883,-1.1257719025381887,0.2964994511346545,0.20881471356389245,-1.1257719025381887
0.28786699287593365,0.09311965852975845,0.8426281167194247,0.7381639964878559,0.052035337314009666,0.0001596917610924202,-0.8673097389477051,0.22519915580551203,0.18000364796828136,-0.8673097389477051
0.2970478991046548,0.2814717022702098,0.9997072471305728,0.5684586549177766,0.03999502956867218,0.00015964531894975417,-0.9025932163288393,0.29339428192232236,0.22734178061385937,-0.9025932163288393
0.5778859984129667,0.874555392190814,0.09296194184571505,0.9942315286025405,0.10352654941380024,0.0001596279700783259,-0.9592707117266877,0.3019605731118293,0.37149790715854786,-0.9592707117266877
0.33798669558018446,0.04877019114792347,0.8743561683222651,0.7145478948950768,0.11640824284404516,0.0001596063043097177,-0.8243796907803472,0.2484310697213054,0.22773645596918016,-0.8243796907803472
0.5043657151982188,0.16210177075117826,0.9230403183028102,0.6972843995317817,0.043942044489085674,0.0001596002024270771,-0.6728857175069213,0.20898232208704254,0.24586527023702168,-0.6728857175069213
0.10662699863314629,0.02157706767320633,0.7954525835812092,0.700182318687439,0.06810498051345348,0.00015959575499779576,-1.0883761585649017,0.2720686510855388,0.22174404776100717,-1.0883761585649017
0.2961612306535244,0.010698446072638035,0.8134579267352819,0.09790085349231958,0.017232012003660202,0.00015958711937602446,-1.3025808309614624,0.38015092269039485,0.32841974480503316,-1.3025808309614624
0.08948905300348997,0.0547900116071105,0.8657931592315435,0.8318388275802135,0.09156857151538134,0.00015956103745470233,-1.0547807106929268,0.2675109656968251,0.2529514822001524,-1.0547807106929268
0.46661818213760853,0.7981689469888806,0.9789087334647775,0.893898131325841,0.2438034750521183,0.00015955735665524045,-0.8304451124350095,0.25742913518488897,0.32548240967933795,-0.8304451124350095
0.26768301520496607,0.00870297197252512,0.2702488349750638,0.9685147665441036,0.251642182469368,0.0001595536424506528,-1.018783511335513,0.3090140288656819,0.2223743563136661,-1.018783511335513
0.487423506565392,0.8349429164081812,0.9371849400922656,0.7870134729892015,0.16829584166407585,0.00015953456393422088,-0.8052719040679273,0.24235329325381655,0.33358174676135627,-0.8052719040679273
0.492368346080184,0.03878313396126032,0.9769150009378791,0.7908774623647332,0.316920792683959,0.00015952090504927152,-0.8844058303277091,0.29111052615149224,0.3471167700007713,-0.8844058303277091
0.2603228660300374,0.007832602597773075,0.9158562244847417,0.2213715836405754,0.033458600752055645,0.00015951822294223402,-1.2614992728482015,0.364541876585121,0.28623281273204126,-1.2614992728482015
0.4751655273139477,0.7463565692305565,0.8199582016095519,0.7023261897265911,0.015714547596871853,0.00015951730558264824,-0.8413063549004451,0.25682297681086935,0.2939551725769072,-0.8413063549004451
0.10253358725458384,0.2354483539238572,0.9224442346021533,0.9151529129594564,0.07163201831281185,0.0001594772321158604,-0.9621894377192028,0.2604971234214853,0.29099918349460174,-0.9621894377192028
0.017517403699457645,0.11786791868507862,0.7646703980863094,0.7233263663947582,0.007592073641717434,0.00015941099419005758,-1.123778821462319,0.3056120878170542,0.24881919200568473,-1.123778821462319
0.174084160476923,0.02739606983959675,0.8257340379059315,0.7584586860612035,0.11168977990746498,0.00015939775631547675,-1.0030509823964642,0.2538859703393097,0.23408722581508856,-1.0030509823964642
0.27719662711024284,0.27760865446180105,0.903938234783709,0.9410860519856215,0.22266643960028887,0.00015938783724572878,-0.7727843723359146,0.24515532253570751,0.24927426301342995,-0.7727843723359146
0.06724727619439363,0.06798157747834921,0.6473372140899301,0.698309083469212,0.03283637296408415,0.00015933804138220306,-1.093446294000106,0.289369830410933,0.24046699228997437,-1.093446294000106
0.10298165865242481,0.7181023992598057,0.16529221925884485,0.9762304425239563,0.1087676277384162,0.00015933229939661897,-1.1318990959677613,0.3458417884106001,0.27356815352013086,-1.1318990959677613
0.03652465436607599,0.16330947633832693,0.7685768222436309,0.992251506075263,0.06037826742976904,0.00015928947680704915,-1.0198767426038169,0.2916197597821535,0.3030703919611309,-1.0198767426038169
0.21766707580536604,0.11692693177610636,0.0442550964653492,0.9408261450007558,0.10773316770792007,0.00015923519013640166,-1.033282976430761,0.28968493561530834,0.274867837151894,-1.033282976430761
0.10439986735582352,0.5392410065978765,0.4450651444494724,0.9840280320495367,0.20485776290297508,0.00015921160582953254,-0.9805296859690806,0.30302459904009316,0.2749365930294845,-0.9805296859690806
0.5264110714197159,0.16840919852256775,0.9200255088508129,0.9445347767323256,0.38502152170985937,0.0001592082541659016,-0.8550682262849056,0.28975827712748126,0.3072434043742989,-0.8550682262849056
0.20831353217363358,0.0800941837951541,0.892039424739778,0.7506677052006125,0.0719637181609869,0.00015919632139081501,-0.961564063546672,0.23614127045987654,0.1973505427320289,-0.961564063546672
0.018100257962942123,0.04991389252245426,0.6955501344054937,0.6819220883771777,0.043459379114210606,0.0001591913645020079,-1.1315965581922733,0.3090541264152674,0.24448086385014353,-1.1315965581922733
0.3584396569058299,0.15283933654427528,0.9285452924668789,0.9622895065695047,0.26078749913722277,0.00015919128341987702,-0.7857831164115718,0.2655362518420138,0.27550811445709056,-0.7857831164115718
0.527683780528605,0.8598469225689769,0.2515327436849475,0.9838703675195575,0.2199780298396945,0.00015917554674482534,-0.910635895441176,0.29785362464789045,0.34114545517321987,-0.910635895441176
0.13479029387235641,0.17220901977270842,0.8041275218129158,0.9396162461489439,0.0008185356855392456,0.00015912674808173295,-1.014206662866449,0.2363736723153592,0.2661057940099636,-1.014206662866449
0.4384929807856679,0.068126798607409,0.9833725020289421,0.9178333980962634,0.2243777858093381,0.00015908698181604962,-0.7528900559588698,0.2525189440682382,0.320275297422018,-0.7528900559588698
0.1996369743719697,0.062484629452228546,0.876817474141717,0.9898669775575399,0.13248233031481504,0.000159058186715139,-0.9396693462730437,0.23785842407599184,0.24592683853990277,-0.9396693462730437
0.44292613212019205,0.9751294292509556,0.6190618267282844,0.9326273445039988,0.0611116848886013,0.00015905168194392988,-0.8637760819635928,0.2616178043995012,0.3243011881602568,-0.8637760819635928
0.08384660445153713,0.09847178030759096,0.44818488880991936,0.9884692542254925,0.24655567854642868,0.00015902854547199415,-1.0694925062347367,0.3235146578707954,0.24507176855395463,-1.0694925062347367
0.26293243281543255,0.022640041075646877,0.6910891765728593,0.9723958028480411,0.2845223480835557,0.00015900618235891928,-0.9641911996355755,0.30559152045241106,0.2176960527159953,-0.9641911996355755
0.34401821345090866,0.10559362266212702,0.814141696318984,0.6433093072846532,0.03890787065029144,0.000159000177456299,-0.8446666455542656,0.24107906891992936,0.19028812795413239,-0.8446666455542656
0.3640375304967165,0.18372527416795492,0.8238744204863906,0.993374664336443,0.36193295381963253,0.0001589817698721152,-0.8397926136484197,0.29746724827762694,0.2682387520618618,-0.8397926136484197
0.4699492175132036,0.8421524148434401,0.7694267993792892,0.96925956197083,0.0042478423565626144,0.00015894343515885617,-0.8642560739783449,0.22774820749835795,0.31400800528379513,-0.8642560739783449
0.5260257320478559,0.9478709986433387,0.891169753856957,0.9738370887935162,0.31509576737880707,0.00015892517234282512,-0.9675951254355989,0.2991444170707734,0.3101675129224134,-0.9675951254355989
0.31157661508768797,0.01563464105129242,0.619075714610517,0.8300133571028709,0.22269402910023928,0.00015891119183044034,-0.8691981611433225,0.26392011387596953,0.22795464664688508,-0.8691981611433225
0.3818195927888155,0.08097978960722685,0.9813964515924454,0.5217249607667327,0.11406751442700624,0.0001589087099416273,-0.9128724051898885,0.29480684278365876,0.25804536337808376,-0.9128724051898885
0.43957328237593174,0.8928323844447732,0.14520667679607868,0.9939288087189198,0.07684478163719177,0.00015887815974458628,-0.9399827937788614,0.3106836075900693,0.3571114605844507,-0.9399827937788614
0.04233398847281933,0.007590213790535927,0.5062446594238281,0.994737770408392,0.07077965699136257,0.00015887350680822556,-1.0808422999549057,0.30022233872892307,0.27130678389134494,-1.0808422999549057
0.5930897770449519,0.943608989007771,0.929341422393918,0.8275220785290003,0.15780126489698887,0.00015884764435927253,-0.9008655777253908,0.2547947091538548,0.3380617864151834,-0.9008655777253908
0.23152657225728035,0.24840565212070942,0.9800520790740848,0.9474360756576061,0.057832809165120125,0.0001588411087106006,-0.8485519249467585,0.22930864551221825,0.23787433544257414,-0.8485519249467585
0.29718045704066753,0.010593636892735958,0.7340577347204089,0.8887150613591075,0.14896544162184,0.0001588268681982834,-0.8343039910143675,0.23630181545154538,0.2454283509607414,-0.8343039910143675
0.20597391575574875,0.27578443940728903,0.9102083677425981,0.9328521015122533,0.2633103858679533,0.00015880227118384964,-0.910121973285787,0.26861355833590145,0.24965731382248296,-0.910121973285787
0.46816977858543396,0.8752416912466288,0.17063460685312748,0.9719825824722648,0.15063407830893993,0.00015879042385576281,-0.8987026689809651,0.2982035844500329,0.38386749466163855,-0.8987026689809651
0.4388721799477935,0.9628156656399369,0.33158310502767563,0.9132618186995387,0.09957428090274334,0.00015878762260998152,-0.898173948074095,0.2922984071535689,0.358613961142473,-0.898173948074095
0.5164215080440044,0.8456153431907296,0.8282961016520858,0.9041846804320812,0.2416386380791664,0.00015874114412799234,-0.8363825453809105,0.24319281681066088,0.3179230332563203,-0.8363825453809105
0.10607791878283024,0.9829255696386099,0.638922262005508,0.9835525806993246,0.007747473195195198,0.0001587291756089953,-1.1959725860965462,0.30832795866116613,0.18264550232115717,-1.1959725860965462
0.5378090254962444,0.9875351078808308,0.9081545118242502,0.5822453061118722,0.12002994678914547,0.00015870946795040457,-1.0127653912467465,0.2905151436308076,0.33333656501244974,-1.0127653912467465
0.09741603676229715,0.46570688113570213,0.04217892978340387,0.9902137471362948,0.18908013310283422,0.00015870464754512068,-1.102428659088011,0.3425913958704791,0.26621739232598896,-1.102428659088011
0.06170456111431122,0.23962766584008932,0.8085604384541512,0.9435231387615204,0.2523613404482603,0.00015864731356405828,-1.0339827146848726,0.30081458922451765,0.2809637630669943,-1.0339827146848726
0.3094801288098097,0.004518006928265095,0.6936911102384329,0.041629121638834476,0.03651093505322933,0.00015864530873708119,-1.3167498727354305,0.381082689183391,0.35561968474465977,-1.3167498727354305
0.04419752024114132,0.5910650808364153,0.9872140502557158,0.9911020584404469,0.02969073038548231,0.00015861971227127292,-1.104449354446659,0.32236044954239956,0.19727230893088374,-1.104449354446659
0.052560435608029366,0.3342976700514555,0.9656501216813922,0.7830290636047721,0.024009541608393192,0.00015859375407076257,-1.0478783521849935,0.29566553236060517,0.2792339505681614,-1.0478783521849935
0.49132533743977547,0.9582872809842229,0.05863292794674635,0.8585279528051615,0.09652392845600843,0.0001585408096026796,-0.9989125021183248,0.31934060498583544,0.40797280492405436,-0.9989125021183248
0.5040323175489902,0.7334078103303909,0.9271205198019743,0.917570716701448,0.19592370558530092,0.0001584264378202579,-0.727362268129932,0.24757577093054323,0.3200995495098305,-0.727362268129932
0.5020702965557575,0.9585895827040076,0.8336327560245991,0.7640772433951497,0.19786258693784475,0.00015842322791424595,-0.9038415491215622,0.2500962481444348,0.3369364243117296,-0.9038415491215622
0.08178864233195782,0.5608533890917897,0.06102668773382902,0.9924877323210239,0.1663985075429082,0.00015840207388867969,-1.128737230047492,0.35169775233787137,0.27170546384483335,-1.128737230047492
0.4606589423492551,0.859739781357348,0.8242110358551145,0.6247120331972837,0.02746920008212328,0.00015837234263562297,-0.9479170599370316,0.27248805033769913,0.29559930340234153,-0.9479170599370316
0.3229495482519269,0.8655554195865989,0.02922710683196783,0.9439206598326564,0.09593998175114393,0.00015837083681624883,-1.038367136672406,0.3381620806889048,0.34030333488890285,-1.038367136672406
0.1373884230852127,0.028291257098317146,0.6076988251879811,0.7433390757068992,0.038530608639121056,0.0001583393676038849,-1.047549233194458,0.2610973776951211,0.22514665432124695,-1.047549233194458
0.03608167078346014,0.06223195604979992,0.9138128133490682,0.6115956325083971,0.04260817542672157,0.0001583140521340105,-1.1737528740381447,0.3172303030399177,0.18953231843268828,-1.1737528740381447
0.34019407257437706,0.03274995181709528,0.6403366858139634,0.9280960336327553,0.19281739369034767,0.00015829324246094276,-0.7815322468631,0.2436935701585482,0.2279238372842382,-0.7815322468631
0.03107775468379259,0.0685920249670744,0.8791288109496236,0.9765263665467501,0.24300893861800432,0.00015825180153524073,-1.1462902346203847,0.3337405145380902,0.19448482061874134,-1.1462902346203847
0.27329702116549015,0.0054421741515398026,0.480082917958498,0.7950230445712805,0.09090329054743052,0.00015823095745855708,-0.8873403136882687,0.2399284090409839,0.22246862786041688,-0.8873403136882687
0.5262134587392211,0.6449851915240288,0.8749652402475476,0.6804510932415724,0.0392519636079669,0.00015822716971091003,-0.7672172116858066,0.24533513678740293,0.2773383604326032,-0.7672172116858066
0.42410715855658054,0.9819183135405183,0.7231551315635443,0.9091889252886176,0.02634781040251255,0.00015822019079910648,-0.92434446720387,0.2604917280734878,0.3033088028701576,-0.92434446720387
0.25293363723903894,0.1795113179832697,0.9597632419317961,0.9699400523677468,0.33490146696567535,0.00015821787212451808,-0.9648120290226827,0.31031883550422523,0.23933073603113147,-0.9648120290226827
0.4897227380424738,0.03771124593913555,0.8391103856265545,0.7202470898628235,0.07247506082057953,0.00015821409588409166,-0.713727778550419,0.21151752734434248,0.267535268476972,-0.713727778550419
0.42186933662742376,0.03497099783271551,0.8469166122376919,0.8192634349688888,0.015335200354456902,0.0001581779642163712,-0.7940832814454281,0.20286346810930167,0.25101828299150347,-0.7940832814454281
0.6226729117333889,0.14112486876547337,0.9134807242080569,0.9544563926756382,0.24170163925737143,0.00015811464242948396,-0.7684221015314716,0.25282210689116985,0.2635526610056013,-0.7684221015314716
0.46744494047015905,0.8701088102534413,0.544298286549747,0.9509140597656369,0.20593721605837345,0.0001581114721083254,-0.7967513622847996,0.2563450825533643,0.3245687338806725,-0.7967513622847996
0.5482619283720851,0.008358892984688282,0.8678696416318417,0.9461248191073537,0.3288859808817506,0.00015807632262195847,-0.8861309447312827,0.30164708043003663,0.32219323337420513,-0.8861309447312827
0.040783362463116646,0.0539027564227581,0.6607692949473858,0.3412404805421829,0.010263177566230297,0.00015807340000222224,-1.2833593476282708,0.37664608206092814,0.24354374896801884,-1.2833593476282708
0.35693802032619715,0.06840812414884567,0.8644171934574842,0.22916161455214024,0.025073730386793613,0.00015804120636509557,-1.179269652223295,0.3473935716489335,0.31838605971383843,-1.179269652223295
0.43428689893335104,0.22390338964760303,0.9249981148168445,0.9482855331152678,0.363730545155704,0.00015800672004918893,-0.7970801764182321,0.2823524595966408,0.31232358592035986,-0.7970801764182321
0.5497621037065983,0.1367056705057621,0.9776921132579446,0.8332137642428279,0.05129357427358627,0.00015795602130969728,-0.6533525324134325,0.2051804261358758,0.26284161959133095,-0.6533525324134325
0.03195011988282204,0.06272712908685207,0.8878018036484718,0.6542416661977768,0.04806286748498678,0.00015793304522772602,-1.1532563791954653,0.3076159382579611,0.20367251672266268,-1.1532563791954653
0.19073839485645294,0.3922839257866144,0.9002630934119225,0.9724113969132304,0.18937767762690783,0.00015791722665648312,-0.842083686338746,0.24909672332739474,0.2749547699226632,-0.842083686338746
0.40842398069798946,0.0096553023904562,0.8356685675680637,0.3115006238222122,0.04864355083554983,0.0001579030085216715,-1.109487904386085,0.32762614482327934,0.31662959714996464,-1.109487904386085
0.0007968805730342865,0.26694400794804096,0.8636785838752985,0.9289391646161675,0.05170715041458607,0.0001578713551451944,-1.0233773799003683,0.3061920355158312,0.3333807243138665,-1.0233773799003683
0.19478367920964956,0.08850957360118628,0.8097963137552142,0.9431619783863425,0.22044727578759193,0.0001578634116547753,-0.9667165198602238,0.27317215419117796,0.19353155082825968,-0.9667165198602238
0.4219841742888093,0.0012412238866090775,0.9960344806313515,0.49570198357105255,0.15016043651849031,0.00015785643471913867,-0.9659785437013761,0.3157167109066686,0.3041575049941471,-0.9659785437013761
0.5758825372904539,0.0997511362656951,0.8371431715786457,0.9692678907886147,0.2682953476905823,0.00015778950997895368,-0.7629996345428287,0.2611209408615206,0.2900576420669403,-0.7629996345428287
0.24723147973418236,0.007271479815244675,0.7536711078137159,0.8874573353677988,0.17318775784224272,0.0001577589253118659,-0.9160221074972948,0.25876816618371545,0.22381495910245158,-0.9160221074972948
0.5581888323649764,0.8779303887858987,0.418600314296782,0.9786182828247547,0.23514851089566946,0.00015774509399230275,-0.8947091933197978,0.2787281069922499,0.34125013321312103,-0.8947091933197978
0.4390133172273636,0.8488552598282695,0.49443236645311117,0.9861050564795732,0.23446122091263533,0.00015765323560361542,-0.831482128911203,0.27204173353877115,0.31447680565258757,-0.831482128911203
0.3681108094751835,0.007010737434029579,0.6209906553849578,0.7305166758596897,0.11427569855004549,0.000157639620305803,-0.7778966348102005,0.23659591095714613,0.23709604708157742,-0.7778966348102005
0.17169391456991434,0.17446235101670027,0.9670414803549647,0.8171611791476607,0.04999231453984976,0.00015763460767151898,-0.9623960409756702,0.2348557346362157,0.2201365845963611,-0.9623960409756702
0.3940756982192397,0.019337781704962254,0.7209398681297898,0.016215660609304905,0.023827561177313328,0.00015760120937175466,-1.3015975640512436,0.37642643611845533,0.3757663834581658,-1.3015975640512436
0.40353095810860395,0.11163254827260971,0.7670979304239154,0.5531399184837937,0.01304413191974163,0.00015758415653757349,-0.8668302836986244,0.26535108672067426,0.23847642349653,-0.8668302836986244
0.5210354495793581,0.639333582483232,0.9782287487760186,0.6007556365802884,0.08271086867898703,0.00015754701009825338,-0.8135126310560784,0.2687076911519105,0.29051569020486245,-0.8135126310560784
0.2840696657076478,0.3948150100186467,0.994370587170124,0.7085679098963737,0.020599707029759884,0.00015748707660355845,-0.8502494092532621,0.2704349130354842,0.22818414932777395,-0.8502494092532621
0.04279090743511915,0.7883181944489479,0.01837268378585577,0.9067594306543469,0.09149035811424255,0.00015748642779877354,-1.2541847366715884,0.37864451722918735,0.2867509768408095,-1.2541847366715884
0.22325164638459682,0.3464716896414757,0.8016770277172327,0.9754583798348904,0.20351824257522821,0.00015747945409589706,-0.7825248983177299,0.2398289620658848,0.2738053306149559,-0.7825248983177299
0.4480726681649685,0.996413673274219,0.7340449197217822,0.8485374161973596,0.06454296410083771,0.00015747452045715128,-0.8841545609902414,0.26707457749618085,0.3343716211840404,-0.8841545609902414
0.32554745581001043,0.0007325885817408562,0.4566459693014622,0.6342699388042092,0.0240140026435256,0.00015741785630524828,-0.9548762245524688,0.2666485996955425,0.1910188683716291,-0.9548762245524688
0.20176952425390482,0.11196764558553696,0.8554836474359035,0.7822049567475915,0.047018867917358875,0.00015740538652211317,-0.9517343852116771,0.22336276351746784,0.19718979240405354,-0.9517343852116771
0.3266916638240218,0.011263994500041008,0.7699135802686214,0.5351694943383336,0.11147057265043259,0.00015725858103618533,-0.9614317992263188,0.29267523785502014,0.23404911158219346,-0.9614317992263188
0.13328866939991713,0.4895602874457836,0.9972708588466048,0.883180832490325,0.023913518525660038,0.00015721748882912298,-1.0061226548943638,0.2730786888606877,0.2244197975882802,-1.0061226548943638
0.40988284070044756,0.9829913526773453,0.1398469228297472,0.9483502535149455,0.21119942422956228,0.0001572093968948695,-1.038259030393489,0.33445749259001123,0.3587669774443146,-1.038259030393489
0.27066859044134617,0.07110212929546833,0.256123723462224,0.9956031301990151,0.22909934725612402,0.00015718166010449542,-0.9645451260412844,0.2972052799209921,0.21475426906843867,-0.9645451260412844
0.5556914182379842,0.08051734510809183,0.996130689047277,0.8003447158262134,0.1947766486555338,0.00015713091267839408,-0.72980801611776,0.24394267584509463,0.31107584340778277,-0.72980801611776
0.3826824240386486,0.5588569967076182,0.9901157543063164,0.6670576427131891,0.018569481559097767,0.00015709319797146626,-0.8263743002047872,0.2801620705302,0.2496953589023649,-0.8263743002047872
0.05157484486699104,0.08680765423923731,0.7047779392451048,0.8022401332855225,0.04245385341346264,0.00015708619342927446,-1.065154227016997,0.27710285763421044,0.2613879291774782,-1.065154227016997
0.06866527535021305,0.28333943616598845,0.8546126401051879,0.9593705460429192,0.03752540424466133,0.00015703867536491118,-0.9884361687889813,0.27313366217219587,0.3160348249069844,-0.9884361687889813
0.5777688063681126,0.22230582498013973,0.7209581779316068,0.9911090722307563,0.2287267977371812,0.00015702956450090548,-0.5931328540533712,0.2209999039786237,0.247639800262676,-0.5931328540533712
0.5674729635939002,0.9688124191015959,0.5939348535612226,0.9733549393713474,0.06717545632272959,0.00015701975445431786,-0.8678117031545816,0.25306087381594516,0.33326848665098546,-0.8678117031545816
0.23096231557428837,0.10045313369482756,0.8429317930713296,0.562966488301754,0.044228323735296726,0.00015701071859131394,-1.0190818243627833,0.2790962874113873,0.18376718229329,-1.0190818243627833
0.5531124202534556,0.9284908622503281,0.9691357612609863,0.5666454341262579,0.0990364570170641,0.00015700543923614314,-1.0093586357997217,0.28416019288592603,0.3171143541333723,-1.0093586357997217
0.5408452916890383,0.022983727045357227,0.9351799385622144,0.7847108654677868,0.2118662428110838,0.00015699862695968715,-0.7780002905529507,0.2485822675823155,0.3228756504334802,-0.7780002905529507
0.030980424024164677,0.05819445103406906,0.9483659928664565,0.39588090125471354,0.013319162651896477,0.00015699383721729302,-1.282345273660409,0.36912797667149577,0.19203890610669522,-1.282345273660409
0.2777675101533532,0.03142222762107849,0.585667229257524,0.9822478331625462,0.12007333990186453,0.0001569501633344965,-0.8304314254560701,0.22528967565728905,0.24102308998685867,-0.8304314254560701
0.012288577854633331,0.23900657147169113,0.6673021782189608,0.9999917475506663,0.08783472515642643,0.00015688960730486114,-0.9626649065969507,0.30789681823121506,0.37895228284991284,-0.9626649065969507
0.5192486364394426,0.9259930029511452,0.7590638948604465,0.6902526607736945,0.08452767599374056,0.00015687727937759393,-0.8884512225715152,0.25263957550944044,0.33861671128025395,-0.8884512225715152
0.31105118058621883,0.022400446236133575,0.8310962645336986,0.9633045420050621,0.1179334195330739,0.00015686887198005148,-0.8265407802847062,0.22181884937657706,0.24530900366148706,-0.8265407802847062
0.2036760924383998,0.09326161444187164,0.8577425386756659,0.9858087347820401,0.27055130805820227,0.000156863377786831,-1.0016689487261334,0.29911654449032665,0.19884165390200245,-1.0016689487261334
0.216003711335361,0.12202243879437447,0.729179572314024,0.8575233528390527,0.004775724373757839,0.00015684892290146279,-0.9455109097238544,0.21393652505263558,0.22155191409946712,-0.9455109097238544
0.27985597774386406,0.024880017153918743,0.8173867845907807,0.9192942036315799,0.27306950371712446,0.00015678930092483952,-0.9573336374930926,0.29357164563425037,0.22412226259070517,-0.9573336374930926
0.09185583982616663,0.4902071449905634,0.74275126401335,0.998281866312027,0.22008750960230827,0.00015673756304490527,-0.9708193193325103,0.29292813646677046,0.27582102142654064,-0.9708193193325103
0.5782766221091151,0.19585747085511684,0.9481855807825923,0.9188661826774478,0.331863003782928,0.00015672888130846506,-0.8099609882141299,0.2687926146099386,0.30042762021691155,-0.8099609882141299
0.2937422590330243,0.09764860011637211,0.9222152726724744,0.3570271013304591,0.03684760257601738,0.00015670971554316605,-1.1163767263056306,0.3317328190577393,0.2504568580612511,-1.1163767263056306
0.46705202013254166,0.9435263341292739,0.6294955052435398,0.9017027504742146,0.06934121903032064,0.00015665180406441065,-0.8304892788276659,0.24807131078980915,0.3359305270880521,-0.8304892788276659
0.2828422272577882,0.009001633152365685,0.1290058484300971,0.9746911218389869,0.08808957412838936,0.00015664626414146413,-1.0019352337058791,0.27358787537370466,0.2723225286816521,-1.0019352337058791
0.29358399752527475,0.029626157134771347,0.9992792746052146,0.7803336605429649,0.20391745772212744,0.00015653157018558666,-0.9372192988988935,0.2816843263033055,0.2310928138311872,-0.9372192988988935
0.25602094549685717,0.006332720629870892,0.8751681447029114,0.8183774147182703,0.15592769160866737,0.00015651595338524881,-0.9285968642554758,0.25748173683000375,0.23326137532077898,-0.9285968642554758
0.1119620855897665,0.07151003461331129,0.9935276750475168,0.5030455850064754,0.03783506713807583,0.00015650863894644905,-1.1859648072666154,0.3269037975597169,0.17805063931706736,-1.1859648072666154
0.14092905167490244,0.22075609397143126,0.780882797203958,0.9961582943797112,0.31194444093853235,0.00015650687500077425,-1.0060719335595534,0.31055201493127826,0.24664968435752427,-1.0060719335595534
0.4346495857462287,0.9918230678886175,0.6120640058070421,0.8719720281660557,0.10007252357900143,0.00015646046562917967,-0.8536210682286988,0.2699229870136001,0.3520969851498224,-0.8536210682286988
0.3782840743660927,0.08419562596827745,0.659822198562324,0.0005968939512968063,0.007715967483818531,0.00015639596136779555,-1.2922038862825147,0.38029376781609225,0.37331944775962805,-1.2922038862825147
0.17921182420104742,0.017053538002073765,0.924484227783978,0.9935978120192885,0.2957971664145589,0.00015638573742528792,-1.096423677933294,0.32711924374039947,0.19187060440425044,-1.096423677933294
0.3585040243342519,0.1161926668137312,0.9608629215508699,0.575546195730567,0.08919128403067589,0.0001563462621267785,-0.8678807674403951,0.2748561599758583,0.22360865558154347,-0.8678807674403951
0.02325317356735468,0.3146082581952214,0.9843483921140432,0.5637903418391943,0.0058382051065564156,0.00015623146382932204,-1.1575772589311821,0.34694297547785524,0.2463018998421018,-1.1575772589311821
0.40167995169758797,0.7521106861531734,0.9893215708434582,0.9863468362018466,0.2297064233571291,0.0001562192758429434,-0.8147395142640892,0.272429469036408,0.2951553773008292,-0.8147395142640892
0.048198968172073364,0.216448737308383,0.11811254359781742,0.9885057732462883,0.11835477594286203,0.00015620175604651906,-1.1016398255165374,0.3355433084800689,0.3079857748649956,-1.1016398255165374
0.2271912219002843,0.4197294693440199,0.9958960432559252,0.59964694455266,0.012797921895980835,0.00015617207302144186,-0.9856294410807669,0.3023916547728446,0.22156604341396086,-0.9856294410807669
0.3252197038382292,0.09619807917624712,0.9734119167551398,0.7947841426357627,0.06858616322278976,0.00015616270600847708,-0.8180746731052077,0.23040436447590323,0.20761950709008795,-0.8180746731052077
0.20660304930061102,0.028755043633282185,0.7744831722229719,0.3212051847949624,0.01745171844959259,0.000156151581912594,-1.2224235820951577,0.3526837676029194,0.24635020068723057,-1.2224235820951577
0.27291840221732855,0.06782767828553915,0.7298523243516684,0.966314566321671,0.028202496469020844,0.00015613787634068238,-0.8957282840535143,0.19379797457854764,0.18915035287439216,-0.8957282840535143
0.0300930542871356,0.3208418944850564,0.6341265961527824,0.9876505406573415,0.198469715192914,0.000156101257462844,-0.9526366963898504,0.30592576769329044,0.38042314504340324,-0.9526366963898504
0.319246131926775,0.03661941085010767,0.6091041183099151,0.5729633895680308,0.061975025571882725,0.0001560765341134476,-0.9268231716881431,0.2729972229339541,0.20558637616276787,-0.9268231716881431
0.18417071923613548,0.00013967324048280716,0.7355157695710659,0.8406323101371527,0.14266636967658997,0.0001559520395751317,-0.977061532406705,0.2548156151775846,0.2577181943807075,-0.977061532406705
0.4362823134288192,0.9969814671203494,0.17700126208364964,0.954693965613842,0.012493588961660862,0.00015594111334409392,-1.0344089848085605,0.32269966393041327,0.3301373050271956,-1.0344089848085605
0.5205153906717896,0.8817517459392548,0.9513663873076439,0.7422021422535181,0.24568447470664978,0.00015593258557117733,-0.9310265554490869,0.2339058324389888,0.3223067623800895,-0.9310265554490869
0.34050454944372177,0.0031079743057489395,0.9298622459173203,0.7200935008004308,0.21304849721491337,0.00015592358196380625,-0.9183373712619084,0.2796673919400678,0.25286536378146024,-0.9183373712619084
0.5070959720760584,0.5574838304892182,0.9806967545300722,0.7389093823730946,0.10289876908063889,0.00015592108648547563,-0.6386059721415475,0.23782805347762973,0.2910840751619518,-0.6386059721415475
0.3459536246955395,0.003766680136322975,0.6522538596764207,0.766497447155416,0.1396607980132103,0.00015591657504842842,-0.7924781172498683,0.2386660739788315,0.24475399721061045,-0.7924781172498683
0.4738484425470233,0.9667328530922532,0.1408832659944892,0.9162701908499002,0.19810149166733027,0.00015589641874497743,-1.000318944157109,0.32057256555275404,0.38614290467741,-1.000318944157109
0.5392712485045195,0.45496522169560194,0.9749628221616149,0.9884052071720362,0.41024824790656567,0.00015583983439552005,-0.8643048487348527,0.2894442848801526,0.28708983882992384,-0.8643048487348527
0.074503468349576,0.07206809800118208,0.7134816823527217,0.9869190137833357,0.11287074163556099,0.00015580753318585028,-1.0125744705896995,0.2812854975152661,0.2993110284021071,-1.0125744705896995
0.5677002025768161,0.3013826794922352,0.9941454213112593,0.8798257187008858,0.04119255021214485,0.00015572856538515693,-0.5933811699368877,0.2027604872878568,0.27437344724711626,-0.5933811699368877
0.18537364155054092,0.4869483010843396,0.08329551294445992,0.9815142331644893,0.11517085414379835,0.0001557161862542282,-0.9870138428171435,0.3103040741352888,0.2893432074073798,-0.9870138428171435
0.5863617705181241,0.986746315844357,0.5881182672455907,0.9982308140024543,0.14089231844991446,0.00015568130624875603,-0.8680806653952783,0.26925300070752556,0.35688159462711155,-0.8680806653952783
0.07170675974339247,0.13712554518133402,0.8624170171096921,0.9377645822241902,0.09390361793339252,0.00015565447567442555,-1.009546166533763,0.27327999578234236,0.2877711514141818,-1.009546166533763
0.04983085859566927,0.2032427443191409,0.8963979911059141,0.9558264054358006,0.13993036560714245,0.00015565208850092864,-0.9926721048547209,0.28778144932498756,0.3264484067026132,-0.9926721048547209
0.08770531695336103,0.04130038060247898,0.7224671123549342,0.15918678510934114,0.0003840979188680649,0.0001556229980505326,-1.3510581003391737,0.3976042701202666,0.280988142562197,-1.3510581003391737
0.6078714970499277,0.5726095847785473,0.9335770905017853,0.9999843910336494,0.16956037282943726,0.00015560125626689874,-0.6718946009141191,0.25067654584625687,0.26337291376949923,-0.6718946009141191
0.456616522744298,0.6829185523092747,0.9834912624210119,0.587673457339406,0.05902177467942238,0.00015558425153933326,-0.8684364825015802,0.281360802517795,0.28371504197680675,-0.8684364825015802
0.058821018785238266,0.37338169757276773,0.888594564050436,0.942277074791491,0.19633742421865463,0.00015557826661268914,-0.9811548765340905,0.2836906422950838,0.3176944860180378,-0.9811548765340905
0.22219341807067394,0.02956799603998661,0.49825566820800304,0.8078459175303578,0.015037083998322487,0.0001555574021485975,-0.986134269572569,0.23143152410392404,0.18377380854651687,-0.986134269572569
0.5902660731226206,0.33728939946740866,0.9791869102045894,0.8610904226079583,0.22286904696375132,0.0001555330239109132,-0.6363654039545651,0.21488450627970385,0.2913312404562455,-0.6363654039545651
0.016538966447114944,0.4770122282207012,0.9025600990280509,0.9861713564023376,0.18610429298132658,0.0001555271224978955,-1.0306811419395119,0.3178048030619043,0.29858375897206246,-1.0306811419395119
0.17775729205459356,0.0972271952778101,0.8507398376241326,0.9757032981142402,0.10232854541391134,0.00015547152274819728,-0.9384676390757855,0.23017196664455067,0.24651176733989932,-0.9384676390757855
0.2710993103682995,0.14682487212121487,0.89928681217134,0.5089763086289167,0.03303912002593279,0.00015546801059358227,-1.0052953048588988,0.29743390453863033,0.20176198545996274,-1.0052953048588988
0.2910971362143755,0.04348846152424812,0.8049083761870861,0.786977899260819,0.12288437224924564,0.0001554607550339096,-0.8433662105306108,0.2370283278459225,0.22759995841161507,-0.8433662105306108
0.12025560811161995,0.027922259643673897,0.9760653292760253,0.14526077453047037,0.0022724978625774384,0.00015540573517671446,-1.3596759576786221,0.3971038059655729,0.26701932747922363,-1.3596759576786221
0.47474558278918266,0.010187515057623386,0.9785597221925855,0.9925166117027402,0.09536818042397499,0.0001554014749900448,-0.7295344396111471,0.2199750693678043,0.30729429593818147,-0.7295344396111471
0.14173115603625774,0.043098779395222664,0.8475147001445293,0.9263458410277963,0.2310930546373129,0.00015535360310643301,-1.0665743401256462,0.290364974655632,0.18232116918593905,-1.0665743401256462
0.5149893220514059,0.8113150093704462,0.8827841961756349,0.8300797790288925,0.144971564412117,0.00015531917408071643,-0.7555239738460845,0.23382957402507565,0.33996981183031566,-0.7555239738460845
0.26191562693566084,0.8175595756620169,0.002540798857808113,0.9138709995895624,0.10999155510216951,0.00015531553504629161,-1.083681902489485,0.3403401448362451,0.3260001673481908,-1.083681902489485
0.03355189319700003,0.14363989885896444,0.7486387267708778,0.8215370504185557,0.011731984093785286,0.00015530158897134752,-1.0788751388915059,0.2868507414462948,0.2736066249081881,-1.0788751388915059
0.5091522457078099,0.4943744717165828,0.9816091433167458,0.5934255234897137,0.07113260589540005,0.00015525025913278707,-0.7393073091192328,0.25456534413544996,0.28207988406215573,-0.7393073091192328
0.639616459608078,0.8262185985222459,0.9905778281390667,0.9673108831048012,0.246597564779222,0.00015524796490191912,-0.9528421420305558,0.280820354190763,0.2576292231288086,-0.9528421420305558
0.33643978741019964,0.0010037757456302643,0.9663793733343482,0.12134118750691414,0.05253458954393864,0.0001552220124406641,-1.2820916397106725,0.3666039871981813,0.34271364695842965,-1.2820916397106725
0.25436241179704666,0.011499239131808281,0.10665583983063698,0.8447047676891088,0.10334627609699965,0.0001551641769385203,-1.0432084114117128,0.2831441805436571,0.28725550225005014,-1.0432084114117128
0.015186422504484653,0.26123924273997545,0.9708634596318007,0.8524151388555765,0.07074443809688091,0.0001551459147032596,-1.0334010530159308,0.3071508243585724,0.3106653430802282,-1.0334010530159308
0.5815115822479129,0.8976596612483263,0.7254519872367382,0.9515525009483099,0.2405531331896782,0.0001551293226992193,-0.8940281975890363,0.2602503776162343,0.2988394354227664,-0.8940281975890363
0.569864435121417,0.6072609201073647,0.9968589516356587,0.8573991404846311,0.2689376687631011,0.0001551289652815959,-0.7865736007482711,0.2638626959597716,0.3073017451755652,-0.7865736007482711
0.17732923198491335,0.14547517150640488,0.5096022672951221,0.9834718191996217,0.20940465107560158,0.00015509638501135203,-0.9109350982987136,0.28173717504063245,0.24730458224530527,-0.9109350982987136
0.24417886976152658,0.16912607569247484,0.8593899523839355,0.5588578535243869,0.0099498825147748,0.00015505317335643245,-1.0007222547931651,0.29080325011240765,0.20572624694441247,-1.0007222547931651
0.1343602705746889,0.06951702479273081,0.5874643595889211,0.9474153146147728,0.18597577791661024,0.0001550322476888289,-0.9824143005883986,0.28435150049264013,0.257132224614238,-0.9824143005883986
0.3865850232541561,0.2628748593851924,0.922762761823833,0.6284829713404179,0.01650913804769516,0.00015500856510356896,-0.7746951319565326,0.2615254095538074,0.24347368989855062,-0.7746951319565326
0.14127895701676607,0.5023706844076514,0.11919214390218258,0.9942671870812774,0.19785512890666723,0.0001549696601606833,-1.0504896011973512,0.32889235901033687,0.25071653172384734,-1.0504896011973512
0.4649626733735204,0.9487977791577578,0.35303252935409546,0.935215063393116,0.17331497371196747,0.0001549683988530638,-0.8831586103708687,0.2875989114321093,0.3652150044763098,-0.8831586103708687
0.058158562518656254,0.06469563953578472,0.5702643636614084,0.9791036797687411,0.08591662533581257,0.00015496597953578036,-1.0262491208094204,0.28864981782557075,0.2963975928855139,-1.0262491208094204
0.4645688133314252,0.0636814096942544,0.7646089401096106,0.5851616859436035,0.031024090945720673,0.00015487105034233122,-0.8200250820091978,0.24651347824328906,0.2521609815870054,-0.8200250820091978
0.3059757212176919,0.678432977758348,0.03552833665162325,0.9930436853319407,0.09960993751883507,0.0001548580372899992,-0.9566346922102644,0.32118730476578783,0.3075429186415324,-0.9566346922102644
0.5632164524868131,0.5448698876425624,0.982611769810319,0.8215608075261116,0.2425045445561409,0.0001548370887060011,-0.7182280329986724,0.2388813761882776,0.3053496617952264,-0.7182280329986724
0.41258613485842943,0.11560496501624584,0.8721804777160287,0.4543977100402117,0.04233365133404732,0.0001548254724931162,-0.9341158008876456,0.2889082290574702,0.26328178681387215,-0.9341158008876456
0.01159221027046442,0.034457250498235226,0.6479904660955071,0.060479083098471165,0.02336848434060812,0.00015482421347833112,-1.4044464766932743,0.41809269229626295,0.30709880436714726,-1.4044464766932743
0.028963034972548485,0.2530678743496537,0.8265531230717897,0.9196655098348856,0.21922707185149193,0.00015477480407882093,-1.0302096706333261,0.30146879251371916,0.30361047149673026,-1.0302096706333261
0.08036399353295565,0.015744119882583618,0.7887368509545922,0.9286941308528185,0.13707539811730385,0.000154761362266217,-1.0554365119346705,0.28113836940028025,0.28477719889922054,-1.0554365119346705
0.4794328212738037,0.11888276506215334,0.8876173216849566,0.5453283451497555,0.04024345427751541,0.00015473006389147168,-0.8252139826396332,0.25642128910637685,0.26325933664389845,-0.8252139826396332
0.48763740435242653,0.4907147539779544,0.9638515636324883,0.9534151460975409,0.27376446407288313,0.0001547183483011467,-0.6670676562606532,0.24396407631340813,0.33571921863274296,-0.6670676562606532
0.45751613192260265,0.9740253062918782,0.01793516706675291,0.956163739785552,0.24625511560589075,0.00015469992787099846,-1.0859144295753778,0.34351268910641464,0.3780278451995621,-1.0859144295753778
0.08041042648255825,0.13909427914768457,0.6816023802384734,0.6788901593536139,0.006735420785844326,0.0001546988405749529,-1.078331470974656,0.2878975262747177,0.25269115523687086,-1.078331470974656
0.02964441478252411,0.06328724883496761,0.6707698414102197,0.8559151161462069,0.09776776004582644,0.000154691992542784,-1.0490333261161924,0.29884931060240005,0.30742512364159547,-1.0490333261161924
0.29916369356215,0.098765779286623,0.8026538975536823,0.5120250293985009,0.047234282828867435,0.0001546837566955808,-0.976981318381286,0.28461983919941647,0.20560292584510143,-0.976981318381286
0.12912497576326132,0.01626843772828579,0.533256440423429,0.9381353296339512,0.1147428983822465,0.00015466739038893053,-0.9958435246982728,0.26445473035019273,0.2913951584304005,-0.9958435246982728
0.09414785914123058,0.2473509581759572,0.9968885267153382,0.6411998989060521,0.026681416667997837,0.00015463539772271002,-1.0787118903409378,0.3034140878940585,0.23087498346916188,-1.0787118903409378
0.3494728673249483,0.0030317939817905426,0.38460369035601616,0.9450782472267747,0.2868675198405981,0.00015463065640400594,-0.9183237118949363,0.29068678157592825,0.2584490294908111,-0.9183237118949363
0.04335135966539383,0.05069526471197605,0.980453192256391,0.824025341309607,0.11881546210497618,0.00015460625655353615,-1.1031259378338012,0.30093894046341313,0.2648038015202658,-1.1031259378338012
