x1,x2,ensemble_ei,ensemble_mu_mean_model,ensemble_sigma_mean_model,ensemble_mu_std_model,ensemble_mu_mean_original_approx
0.04057873226702213,0.4850027533248067,0.01778293015165999,-0.021379444978500275,0.11616122146963917,0.05049856557588385,-1.721652229067393e-05
0.04135139472782612,0.4859994212165475,0.017909649602506853,-0.021421305750184288,0.1248343867011697,0.05019546605879743,-1.7250237246063607e-05
0.039957037195563316,0.4866335615515709,0.018355396943035614,-0.021531772451183016,0.13743136624816832,0.04996815516316109,-1.7339208037293065e-05
0.03947856090962887,0.48408315144479275,0.017889782897447852,-0.021689411061637003,0.11695564764209619,0.05063209298231504,-1.746617183977168e-05
0.03789392299950123,0.4861963391304016,0.01930628929231429,-0.021955774018342606,0.1459776182787465,0.049964106813261695,-1.768070436745756e-05
0.04223255626857281,0.48766057565808296,0.019298800317826468,-0.021956346623176595,0.14651529000792476,0.04954273919155753,-1.7681165552910623e-05
0.03873702697455883,0.48746458161622286,0.019624487266357345,-0.021956861305570154,0.15250246156767214,0.04960279800322549,-1.7681580086672127e-05
0.043359581381082535,0.4872351801022887,0.01918541585188044,-0.022175068784290194,0.1485807563202389,0.04959138494514696,-1.7857328443248295e-05
0.04269571416079998,0.4831472132354975,0.01788410836539693,-0.02223804274464372,0.12399195624112408,0.05068068714222756,-1.79080489983934e-05
0.043950848281383514,0.484471695497632,0.018421686250516697,-0.02226267615299893,0.12638435404914897,0.05034259263110889,-1.792788928406147e-05
0.008092937991023064,0.5376014476642013,0.01916250651083739,-0.022339010194199878,0.1355139736700165,0.05546210425910887,-1.7989370458934298e-05
0.006871482357382774,0.5390358809381723,0.018896092989347,-0.022354147583495215,0.11894042271701165,0.05560590310721431,-1.8001562469386886e-05
0.03826051764190197,0.48319443594664335,0.018700872467512834,-0.022373777832421934,0.13411556023511548,0.05061691526042071,-1.801737314112343e-05
0.006665156222879887,0.5394386304542422,0.01889307107695624,-0.022418008766189605,0.12097619115591844,0.055629190254101596,-1.805299781795316e-05
0.0383598143234849,0.4887972744181752,0.02152223011847033,-0.02252348743293727,0.16625759174121416,0.049119308472225606,-1.8137953060938277e-05
0.043827448040246964,0.4834543550387025,0.018367166125978034,-0.022527605960570917,0.1291502246630197,0.05050885228597497,-1.8141270233574034e-05
0.006280282512307167,0.5361847272142768,0.019106677546161376,-0.02259187179674563,0.139412598025447,0.055381374601905946,-1.8193031701860883e-05
0.010034860111773014,0.5391472671180964,0.020335011655726615,-0.022607516983217838,0.1362483170047726,0.055409453625503514,-1.8205632775805853e-05
0.03622757829725742,0.4851691536605358,0.02090109137409045,-0.022635280096980917,0.1468885332432189,0.050107896100223495,-1.8227993980752497e-05
0.004746152088046074,0.5380415823310614,0.01888954800170227,-0.022659225008861198,0.12378354428013984,0.05548198054937501,-1.8247279908110182e-05
0.009353303350508213,0.5401435252279043,0.0198606098114413,-0.02268143688736936,0.14069277461014087,0.05551717530177379,-1.82651700094185e-05
0.008966507390141487,0.5356001872569323,0.020149529322734464,-0.022723005193548258,0.15545789900890689,0.05523863744091068,-1.829865037202912e-05
0.042794772423803806,0.48921163007616997,0.02144204641544071,-0.022741859483418635,0.16364132453472624,0.04894037651617141,-1.831383619393962e-05
0.01072683371603489,0.5365952681750059,0.02107303787227544,-0.022781717012507273,0.15542560076409795,0.05517720350818505,-1.8345938688747505e-05
0.011341070756316185,0.5386262638494372,0.021444947819957223,-0.02281489156540462,0.14272472753034873,0.05525714631090262,-1.837265852869275e-05
0.03610513173043728,0.4841608917340636,0.02102184400033593,-0.02288547359544951,0.13899733577348822,0.05030029253669252,-1.8429507607704418e-05
0.04007754661142826,0.4817194966599345,0.018374427498363526,-0.022890118930727142,0.1371589957759812,0.050785334685910136,-1.8433249116118567e-05
0.03564382158219814,0.4864680850878358,0.02194989681829361,-0.02292478248029176,0.16117047053876807,0.04972532637504681,-1.8461168310960833e-05
0.004906752146780491,0.5404654061421752,0.01889832389857011,-0.02292540975848112,0.12854305109463363,0.05562225869791995,-1.846167354222793e-05
0.009536300785839558,0.5350143853574991,0.020892278826555276,-0.02293757675725632,0.1622752174502071,0.055148327443152824,-1.847147325982335e-05
0.00559680350124836,0.5351591287180781,0.01961850432135618,-0.022960695654949383,0.1469670168008305,0.05526031033322276,-1.8490094019501156e-05
0.007523489184677601,0.5415879469364882,0.019214531223800253,-0.02299338688163423,0.14350194750802228,0.055699886987462345,-1.8516424680840096e-05
0.04170756507664919,0.4902629042044282,0.02281625801298397,-0.02302641125982387,0.16803156682388462,0.04868679872595999,-1.8543023694186077e-05
0.039089576341211796,0.4902295768260956,0.023113041661363756,-0.023039527582203227,0.17444827054212028,0.048711416291199565,-1.8553588054164767e-05
0.012472283095121384,0.5373426750302315,0.0224790254351097,-0.023079271040830282,0.15672852790580444,0.05507021137030234,-1.858559889129678e-05
0.0034383870661258698,0.5383484857156873,0.01902317720559493,-0.023104065170693636,0.12843877782000512,0.05538707192825055,-1.8605569006408992e-05
0.045730799436569214,0.4854279141873121,0.020317563358123084,-0.02311482924893008,0.1466332199966939,0.049888678815342806,-1.8614238799255474e-05
0.04349926393479109,0.48951496090739965,0.02215890491400031,-0.02312349325279694,0.16964676758284153,0.0487805868837662,-1.862121711490495e-05
0.005212028510868549,0.5348450941964984,0.01984609536453078,-0.023138351117094794,0.1505853003520991,0.05520984673918979,-1.8633184202724298e-05
0.009851929731667042,0.5340255107730627,0.021932058073198046,-0.023283773993688348,0.1707207444411079,0.05504479156937308,-1.8750313524461867e-05
0.00635982770472765,0.533825702033937,0.020747229703916306,-0.023297892485312797,0.15967997836219922,0.05515098804317256,-1.876168513566805e-05
0.04445692151784897,0.4823998026549816,0.019123889725239276,-0.02337826103673252,0.143399549353037,0.05047987128513948,-1.882641732880592e-05
0.01331542432308197,0.5359257282689214,0.023453698076115935,-0.023460845764970494,0.16988744302221176,0.05489905760542397,-1.8892934650137916e-05
0.0028166398406028748,0.5368053466081619,0.019395161987462127,-0.023478715209809743,0.14410874614859723,0.055197928983813684,-1.8907327492844516e-05
0.040405732579529285,0.4912495659664273,0.02428504440025843,-0.023480269530310318,0.17701572333161927,0.04847585023585114,-1.8908579411736268e-05
0.01087027508765459,0.541880234144628,0.021389758599805787,-0.02349526514198573,0.16046388918049487,0.05548083837855419,-1.892065754696678e-05
0.012816946022212505,0.5406749928370118,0.022792283365864266,-0.023529935593606752,0.15907820667173306,0.05522988645408184,-1.8948582693109196e-05
0.014129437506198883,0.5368840107694268,0.023895159315978586,-0.023532636840620045,0.16570046538809208,0.05490012830263371,-1.895075840029589e-05
0.008746837265789509,0.542907658033073,0.020460951941093056,-0.023636110739975402,0.15925036114534338,0.05573380989264822,-1.9034101088675016e-05
0.014713127166032791,0.5382707454264164,0.02430072485575607,-0.023641929288680932,0.15736885946330312,0.054946204465697104,-1.9038787624313263e-05
0.013000152073800564,0.5345729785040021,0.02395896383739771,-0.02369631596433506,0.17818314901108992,0.05483086648671877,-1.908259326865625e-05
0.034956942312419415,0.4885046947747469,0.024515357143578206,-0.023702149524576496,0.18072904034131634,0.04910331312905051,-1.9087291901994054e-05
0.03723448980599642,0.4906763359904289,0.025064856268511557,-0.023719416457512615,0.18630448249915768,0.04854808862258532,-1.9101199533969685e-05
0.014444815926253796,0.5397183643653989,0.02409820739364645,-0.02373223261225532,0.15742300584092409,0.05504716455442348,-1.9111522295269592e-05
0.041867898777127266,0.4807538231834769,0.01923170538293804,-0.023738834448768134,0.14476234027639265,0.05072071541825692,-1.9116839740285613e-05
0.007909895852208138,0.543217952363193,0.02031763883012242,-0.02374150161442453,0.1581784387820765,0.055809225139731994,-1.9118988007401728e-05
0.003144144080579281,0.541182772256434,0.019273336869546912,-0.02374308912829182,0.14314171215872878,0.055503194667023775,-1.9120266669640617e-05
0.0023162392899394035,0.539914358407259,0.01952923976076332,-0.023765125338519832,0.13729442812316836,0.05536066697493539,-1.913801572896557e-05
0.008441531099379063,0.5324032595381141,0.022815893297204938,-0.02380035563454091,0.17700676891787367,0.05500222636147379,-1.916639198028761e-05
0.034327130764722824,0.4878701660782099,0.024518635578580788,-0.023821691813685833,0.17871471448253018,0.04930271804414261,-1.918357722303162e-05
0.035715908743441105,0.48978470358997583,0.025302955224008196,-0.02385312069374435,0.18675211465936603,0.0487460517846708,-1.9208891655795863e-05
0.004277248866856098,0.542584853246808,0.01961174965728434,-0.023905031579825108,0.14953723954587025,0.05568928349266277,-1.925070338880248e-05
0.03674211539328098,0.4816408324986696,0.020888874159100065,-0.02392850065569106,0.1579583482319679,0.05051432189258267,-1.9269606622626888e-05
0.012179932557046413,0.5423056297004223,0.022690580339257263,-0.02395499441207219,0.16852608192818713,0.055401540028890126,-1.9290946106718563e-05
0.016040845774114132,0.5381986303254962,0.02527342211491032,-0.0239970957197333,0.16164881386161128,0.054856083855346176,-1.932485677269992e-05
0.033453479409217834,0.485720201395452,0.024198750895737753,-0.024015157177762626,0.16539986808440654,0.04994220641818897,-1.933940445651991e-05
0.04120655823498964,0.4803622579202056,0.019674536967686385,-0.024017465040003027,0.14656629888288186,0.05072512949994156,-1.9341263335151262e-05
0.011874894611537457,0.532789334654808,0.024706709740793364,-0.02405161727410337,0.18626746223155952,0.05480583967819873,-1.9368771426784256e-05
0.04625868331640959,0.48857954423874617,0.023274039800430763,-0.0240717567521083,0.17617945366121185,0.04886059981520715,-1.9384992882936712e-05
0.03479684516787529,0.48287706449627876,0.022695683351718742,-0.02408199784457599,0.1573010914231856,0.0503763641099384,-1.9393241631643214e-05
0.046581413596868515,0.48816152941435575,0.02312914725701993,-0.02411528416275707,0.17449527039730314,0.048979671954180515,-1.9420052308221984e-05
0.004440890625119209,0.5431745443493128,0.020029957552397223,-0.024146084766406083,0.15374142749849512,0.05575448037682349,-1.9444860869395428e-05
0.007706508971750736,0.5315844137221575,0.023506772283043,-0.024165730074858106,0.18026337433661055,0.054968538803990975,-1.9460684329830833e-05
0.016639786772429943,0.5370219480246305,0.025698704332636328,-0.02418025298195414,0.17169096538216636,0.054746305620878774,-1.94723819186598e-05
0.0071767959743738174,0.544161444529891,0.020998590822362967,-0.02425923130228439,0.1626680884120596,0.05595307809902793,-1.953599569492419e-05
0.04609834775328636,0.48243692982941866,0.020876947014806645,-0.024264288088774996,0.1530669007138682,0.05028447881671031,-1.9540068731810542e-05
0.014261557720601559,0.5336084896698594,0.025728280188803368,-0.024273937055559996,0.1883489486627779,0.054673476065964476,-1.9547840585479723e-05
0.037070062942802906,0.49169351533055305,0.026624695126393517,-0.02430077325560117,0.19404452587636237,0.04835098306652239,-1.956945607206656e-05
0.004094281233847141,0.5325734745711088,0.022179695510079273,-0.02432509823739556,0.17195455208232893,0.054919392074301555,-1.9589048884896587e-05
0.03977377153933048,0.49274343624711037,0.02650738429951486,-0.024378841873435794,0.19001518067839043,0.048242446346105514,-1.963233730380171e-05
0.001504148356616497,0.5408404693007469,0.02013689406269245,-0.024396242615230344,0.14836554935612306,0.05533014805808834,-1.9646352940039463e-05
0.03739458508789539,0.48070567660033703,0.02102657087268878,-0.024411584567730113,0.16271191801980042,0.050549642780794185,-1.9658710304674535e-05
0.015310659073293209,0.5413796901702881,0.024869903395372227,-0.024413074335157332,0.17207865702287195,0.05509087066840763,-1.9659910256447335e-05
0.0011868476867675781,0.5358775816857815,0.020703680008754603,-0.02444808927821474,0.1588868117647204,0.05496019851060908,-1.9688113492036748e-05
0.045239925384521484,0.4814125895500183,0.020495278115919592,-0.02446108875716131,0.1573100007210669,0.05038188523785344,-1.969858409545158e-05
0.03279442340135574,0.4847945002838969,0.02484297036061619,-0.0244698989654404,0.16038489663166428,0.05019387222458042,-1.970568039691658e-05
0.017301209270954132,0.5395740065723658,0.026099978453637752,-0.02447930273800147,0.1640344650694773,0.054873393764892656,-1.9713254794451345e-05
0.011175514198839664,0.5313836811110377,0.02576795669098124,-0.024513587643160854,0.19284590326039336,0.05478196438225017,-1.9740870056125888e-05
0.04701077938079834,0.4886619262397289,0.02417229498893479,-0.024556964323119834,0.18051812790988056,0.04881334681118246,-1.977580844963185e-05
0.04514086898416281,0.49094647727906704,0.02539637440251143,-0.024576216786117166,0.18854576153705627,0.04826999992797375,-1.9791315644875577e-05
0.043176643550395966,0.49235693644732237,0.02612704137097628,-0.024582175204289895,0.1896897670471404,0.04815475512872718,-1.9796114946792148e-05
0.0018092161044478416,0.5342549122869968,0.021392725729797696,-0.02459761980069353,0.16828905812942435,0.05486233488501031,-1.980855504389003e-05
0.00030576810240745544,0.5373898977413774,0.021037706833253806,-0.024693618761071914,0.15135466694726107,0.05502909987300007,-1.988587904741189e-05
0.00663372129201889,0.5306257382035255,0.02449133043863073,-0.024701301822265126,0.18376451621099804,0.0549147972432895,-1.989206750828557e-05
0.018430600874125957,0.5360271651297808,0.02690210897034696,-0.024735287890189153,0.18251267779907152,0.054595035118291606,-1.9919442216694805e-05
0.016420114785432816,0.5414525410160422,0.02565578515771725,-0.0247397361334911,0.17552935103243683,0.05503534100210253,-1.9923025138421542e-05
0.032180238515138626,0.48691329918801785,0.025934063531543105,-0.02474980985320566,0.1800578448765145,0.04973775633292793,-1.9931139208014222e-05
0.011524045839905739,0.5442353701218963,0.023640702813776712,-0.02476449609908197,0.17938468276801658,0.05570770682988619,-1.9942968528362555e-05
0.012289091944694519,0.5439320392906666,0.023970213789822975,-0.024764749078912462,0.18002838425178655,0.055596139798537496,-1.9943172295890017e-05
0.04766461905092001,0.488088209182024,0.024227042032713437,-0.024773099848039607,0.1791986669710935,0.048991074393310616,-1.99498985861061e-05
0.0033273128792643547,0.5321444990113378,0.022891455525507233,-0.0247877718914749,0.17761419742095108,0.05481965801587621,-1.9961716473637903e-05
0.010129250586032867,0.5304297739639878,0.02619846754237771,-0.024821568161891273,0.19533212798325095,0.054807797620471894,-1.998893836433591e-05
0.01925849076360464,0.5371735161170363,0.027161465301684225,-0.024825193404059115,0.17612143736076522,0.05464614796047166,-1.9991858390440443e-05
0.04715562518686056,0.48259750939905643,0.02207970475759984,-0.024836382671697018,0.15747851081843534,0.05020497339630679,-2.0000871018587214e-05
0.0020112385973334312,0.5333209410309792,0.022186522834910277,-0.024846599550939458,0.17421049496547972,0.0547971448497749,-2.0009100418480444e-05
0.01795227825641632,0.540570443496108,0.026503876219679933,-0.024874920179449193,0.17279647208555546,0.05490724354094887,-2.0031911874238054e-05
0.01776931807398796,0.5344653371721506,0.027322410054155873,-0.024875967417307847,0.1914566481165914,0.05451791235938463,-2.0032755394670268e-05
0.03774884808808565,0.48004419170320034,0.021460970054209456,-0.024877884033386963,0.16668114961330066,0.05055578260559992,-2.0034299174690892e-05
0.048499966971576214,0.48557274136692286,0.02358068315906749,-0.02491510076813164,0.16269312352020837,0.04975456726419188,-2.006427621606753e-05
0.040921938605606556,0.47940563689917326,0.020958019313805212,-0.024937166092387112,0.15709733011057203,0.050676388383386554,-2.0082049232185743e-05
0.04484590794891119,0.4919127020984888,0.026513952892729904,-0.024973853172076076,0.19388551844791058,0.04810685027284786,-2.0111599694655518e-05
0.017484236508607864,0.5334767606109381,0.02794118300696378,-0.025073707481392447,0.19703499002509203,0.05447132783669489,-2.0192029810082387e-05
0.0037434324622154236,0.5444545531645417,0.021358875910123816,-0.025074036628702463,0.1661112190766601,0.05587601720219212,-2.019229493023111e-05
0.02038970310240984,0.5386976636946201,0.027664152515748785,-0.02511950416292953,0.16705989009507202,0.054719805743884235,-2.022891794367567e-05
0.000905192457139492,0.5421392293646932,0.020963346315074877,-0.025166290843411446,0.16074939973493077,0.055367465607928344,-2.0266603541596083e-05
0.0338622247800231,0.4910204028710723,0.02870339225462932,-0.025191772629070967,0.2026250284630904,0.048557023186019496,-2.028712855409102e-05
0.015615749172866344,0.5318560265004635,0.02839674183512562,-0.02519371924813131,0.20250726871850128,0.054494382914927,-2.028869651305853e-05
0.04241575486958027,0.4937625899910927,0.027862180529609436,-0.02522047283435352,0.19585520697925834,0.048095065113280794,-2.031024594789769e-05
0.03904208727180958,0.49405013862997293,0.02849170538197595,-0.02522465535908576,0.20093067896521938,0.04817671860636232,-2.0313614882386513e-05
0.009271858260035515,0.5456154029816389,0.023501022135187483,-0.025240831328197766,0.18042585389283025,0.05616439288847623,-2.0326644283935198e-05
0.00931619107723236,0.5294404225423932,0.02693465772810463,-0.025246679675351536,0.19870139535247439,0.05481518085772138,-2.0331355005383044e-05
0.02101919148117304,0.5364561388269067,0.027956334654382024,-0.0252629031715886,0.18387206100791453,0.05454196928075141,-2.0344422696299014e-05
0.020734364166855812,0.539290432818234,0.02780890656661784,-0.025270696392215432,0.16839589620221398,0.05475070418740248,-2.0350699976349368e-05
0.01611477881669998,0.5319333849474788,0.028627846832422837,-0.025275494134159405,0.20321725557818301,0.05446776207603876,-2.0354564460113384e-05
0.778880343772471,0.2053695283830166,0.01931314789495236,-0.025293671815023976,0.1260957033868611,0.05266619457010675,-2.0369206217378573e-05
0.005779756233096123,0.5456597348675132,0.02253538696639484,-0.02532084971691498,0.16994061223013268,0.056245788609130785,-2.0391097484678518e-05
0.031695205718278885,0.4838639721274376,0.025935331295648796,-0.025327419850786636,0.16178284902942777,0.050459939427174756,-2.039638960100084e-05
0.7782813431695104,0.20383068267256021,0.019295959817054745,-0.025327569089851055,0.12703560153200782,0.05291983229347251,-2.039650981020378e-05
0.014478111639618874,0.5308425035327673,0.02875664649587642,-0.02535431499468385,0.2054722310372067,0.05452883987333779,-2.0418053130711646e-05
0.780398209579289,0.20479451585561037,0.01931222405061238,-0.025399968518215865,0.12381588954824135,0.05260179230794602,-2.0454826214241423e-05
0.7770261531695724,0.20413377322256565,0.0194903524495014,-0.025433476610916644,0.12970251878289538,0.05291902343816566,-2.048181640108367e-05
0.03091712575405836,0.48514551389962435,0.02660765262578789,-0.0254345020091019,0.17026556080026034,0.05036114285097133,-2.048264234187955e-05
0.012718738988041878,0.5298784915357828,0.028652950903843,-0.025445578211553986,0.2061534757080494,0.05462025211679215,-2.049156403591801e-05
0.040883829817175865,0.4945264169946313,0.028778451077150193,-0.025450936371163354,0.19740674875851372,0.048166542500169,-2.049587994390572e-05
0.007499609142541885,0.5289641143754125,0.02675511393562438,-0.02548936577356127,0.19638304026536077,0.054849819190021784,-2.0526834202327034e-05
0.0050029754638671875,0.5296058692038059,0.025757555090237694,-0.025517610803037237,0.18966150560765674,0.05480183972938213,-2.0549585133375586e-05
0.02266103494912386,0.5377694144845009,0.02842660589462116,-0.02552654882460914,0.17666707805578433,0.054608140280913375,-2.055678457386799e-05
0.010957080870866776,0.529161062091589,0.02829823213210208,-0.025531085908322173,0.20510588444902778,0.05471932273003802,-2.056043912645041e-05
0.02180271688848734,0.5354980351403356,0.028485808160310475,-0.02553432050555369,0.19126212711892177,0.05444737303089407,-2.0563044546051566e-05
0.01887930929660797,0.532953261397779,0.02912306620489017,-0.025539087000407378,0.2027923300678468,0.05437715074827956,-2.056688388662477e-05
0.04930311720818281,0.4845757754519582,0.02440764009469686,-0.025562312297012346,0.15777922310068837,0.05003026591574132,-2.058559152361823e-05
0.779570379294455,0.20630349218845367,0.019433974403304955,-0.025566647489626882,0.1375896686910169,0.052349709935231484,-2.058908345914284e-05
0.0007219566032290459,0.5331083247438073,0.023256483835049385,-0.025576069971871854,0.18068420506847846,0.05468323061288204,-2.059667313489487e-05
0.035338813439011574,0.4930615024641156,0.02994649855858876,-0.02560768332128544,0.20936685005994607,0.04823823270845247,-2.062213725264706e-05
0.7784028211608529,0.20281619019806385,0.01939059763307963,-0.025613474625146467,0.1381544376008888,0.05292711678808629,-2.0626802070414848e-05
0.020917540416121483,0.5341584319248796,0.028962788055149503,-0.02562808600851589,0.1986418494013128,0.054374739999097976,-2.063857134728184e-05
0.013620447367429733,0.5449527958407998,0.026001960292440368,-0.025654035988039278,0.19079494758212426,0.05570066385942109,-2.0659473724880866e-05
0.022209493443369865,0.5351227419450879,0.028778695621772394,-0.025669005998235735,0.1941450566221046,0.054407323619395626,-2.067153188352744e-05
0.01857404038310051,0.5424797860905528,0.027286078566860404,-0.02569798677741574,0.18730348580183623,0.055050456729693414,-2.069487555701751e-05
0.0022238288074731827,0.5311338370665908,0.02462066581241373,-0.025717481034871613,0.18825562416514008,0.054654468419026,-2.0710577959685814e-05
0.019883697852492332,0.5418066680431366,0.02764906510649494,-0.025752143848917598,0.18511890808262624,0.05494917613757986,-2.073849848161532e-05
0.03136726003140211,0.4894706290215254,0.02902894992179875,-0.025755564423637006,0.20120186520592057,0.04917656776845531,-2.0741253718917773e-05
0.033961519598960876,0.4809715310111642,0.024563438697104673,-0.025801997817308065,0.17764237990167164,0.05042110736790619,-2.077865535781748e-05
0.022392721846699715,0.5402473593130708,0.028389009611352226,-0.025805778193550982,0.1775820287463921,0.05478749052356594,-2.0781700415425552e-05
0.02388249058276415,0.5388984279707074,0.028733658827389156,-0.025812793148468124,0.17010938607390677,0.05467743976677161,-2.0787350896606e-05
0.03008930291980505,0.4865622818470001,0.027527806525104195,-0.025815002624054322,0.184262452906004,0.050175767241489345,-2.078913060892801e-05
0.02448894176632166,0.5362563580274582,0.028894482443065486,-0.02587553412222647,0.18869424652732542,0.054451628954016236,-2.0837888215089332e-05
0.036410754546523094,0.494207426905632,0.030454227707333505,-0.02587908389851471,0.21172204424361937,0.048187809458563366,-2.0840747532020287e-05
0.017267913557589054,0.5309785241261125,0.030299788573139416,-0.025884857592500133,0.21096386520132984,0.05436640847398181,-2.084539819775734e-05
0.008717190474271774,0.5281419605016708,0.02824040743949557,-0.02590011422723962,0.20432592665494212,0.05480798119523133,-2.0857687302087297e-05
0.014896370470523834,0.5448679849505424,0.02685282775621748,-0.02592718408382326,0.19390200763230026,0.0556029074588118,-2.0879491879555663e-05
0.03230170160531998,0.4819892616942525,0.025628141899699947,-0.025962167014570544,0.17593784304827204,0.05051431622575964,-2.0907670404799242e-05
0.7823365461081266,0.20416884403675795,0.01997717402291965,-0.025968417385082595,0.13396818757221537,0.05233362686404967,-2.091270504065477e-05
0.0060972776263952255,0.5466774431988597,0.023760321698414976,-0.02597028368192583,0.17769373000941485,0.0565516368849518,-2.091420833169581e-05
0.045646763406693935,0.479834608733654,0.022575471941274027,-0.026004692535197552,0.17336610748000225,0.05030386400464424,-2.0941924472037234e-05
0.04990965034812689,0.4870614930987358,0.025659499944676575,-0.026025346315632088,0.18100743755252702,0.04947881389035087,-2.09585609894549e-05
0.010421549901366234,0.5466025937348604,0.02542049697887372,-0.02604427988405589,0.1906124510326424,0.056388789548522285,-2.0973811892507818e-05
0.04104636423289776,0.49551571626216173,0.029995210523347294,-0.026053863171788816,0.20243958568969395,0.04822520252123824,-2.0981531189954928e-05
0.02508086897432804,0.5393653102219105,0.028948208577011476,-0.026059782043589354,0.1733906808743017,0.05470356911701752,-2.098629881694029e-05
0.034632399678230286,0.4934904780238867,0.031085556513458915,-0.02608899297451296,0.21428934898459764,0.048261349375245524,-2.100982811289132e-05
0.02698462177067995,0.5379396611824632,0.029078887737040524,-0.026124167289066743,0.17811710707345724,0.05458164064027807,-2.1038160915915376e-05
0.03771069459617138,0.49522724375128746,0.030700908210554486,-0.026125865110997914,0.21231064825542323,0.04822642835523961,-2.103952850695756e-05
0.7761677755042911,0.20701956655830145,0.020474578501656224,-0.026127029908113643,0.154864397812361,0.05227375534747993,-2.104046674796608e-05
0.0326909264549613,0.49195611011236906,0.030882602080607727,-0.02612875249272212,0.2123129713679048,0.04854476132617583,-2.1041854285383066e-05
0.015857833437621593,0.5447851335629821,0.02742920668420725,-0.026129780652682726,0.19588867631929674,0.05553409309409602,-2.1042682465584035e-05
0.7800325835123658,0.20179115049540997,0.01994114752702076,-0.026179643579619036,0.1498964625271563,0.05272077047666847,-2.1082846951560055e-05
0.026149221695959568,0.5353287719190121,0.029370486929778106,-0.02618086727974897,0.19554717635740007,0.05434115703520117,-2.1083832640178164e-05
0.04811334237456322,0.49081165436655283,0.028012491657316608,-0.02618362442516545,0.20070043756993097,0.04829320119569499,-2.108605351678886e-05
0.03657102305442095,0.479118088260293,0.023814842152821147,-0.02621857634431747,0.18061282846845164,0.05045898635279553,-2.1114207250577494e-05
0.025557441636919975,0.5346816517412663,0.029654280090231685,-0.026222859815746454,0.19939501471291765,0.054292170513860774,-2.111765758404182e-05
0.019578689709305763,0.5313070379197598,0.03104522157951087,-0.026225011500416208,0.21315499938698337,0.054266135480688815,-2.1119390764797208e-05
0.7745314268395305,0.20600016694515944,0.021114788551084812,-0.026235643004915245,0.15090281746228382,0.05258704900032758,-2.1127954436949446e-05
0.04802929889410734,0.48130257334560156,0.0236935135107597,-0.02623582699402447,0.17299755219170032,0.050215553252644166,-2.1128102640116233e-05
0.7817223537713289,0.2069291677325964,0.020183577154480874,-0.026241689462802448,0.1522150933125473,0.051816680031270435,-2.113282485715743e-05
0.028929385356605053,0.5367344310507178,0.02903235082791792,-0.026267527488839374,0.18648986499545908,0.05447374006052378,-2.1153637388913987e-05
6.556510925292969e-07,0.5434880899265409,0.02256704505631297,-0.02626970357919685,0.17400967433202555,0.05546332814553217,-2.115539023049175e-05
0.028292386792600155,0.5384871307760477,0.029094141446355578,-0.02627299847091878,0.17436478450639606,0.05464033658389103,-2.11580442671679e-05
0.013824362307786942,0.5459184916689992,0.02716812125607633,-0.02629046209384595,0.19719359640094067,0.05594328081151675,-2.117211122666074e-05
0.030448204837739468,0.5374925341457129,0.028868640370615144,-0.02632894228151582,0.18079947956113668,0.05458808726750151,-2.120310706535751e-05
0.029574706219136715,0.4842455070465803,0.027675853199761635,-0.02634110561759554,0.16690350155148667,0.05078344897235076,-2.1212904654121552e-05
0.04435533192008734,0.47883834317326546,0.022744805956875874,-0.02634873131974978,0.17517339843461258,0.05040949968327254,-2.121904717231901e-05
0.025862472131848335,0.5402917191386223,0.029061764810915908,-0.026361809900164054,0.18057413609780493,0.05477336580979718,-2.122958199763422e-05
0.7799485456198454,0.20794520527124405,0.020654396130196068,-0.026361957594762044,0.15680513467897003,0.051738280823785,-2.1229700965978773e-05
0.012089310213923454,0.5277592232450843,0.030703666618724014,-0.026373317588250563,0.21551046807313848,0.0546300522949811,-2.1238851468724418e-05
0.029582376591861248,0.535709130577743,0.029155406786603052,-0.026373938307889505,0.19308071763104173,0.054372191577819466,-2.123935146000198e-05
0.03229406103491783,0.5378435403108597,0.028532586526317544,-0.026388468919866376,0.17717523014143377,0.054716015810888155,-2.125105590793916e-05
0.025385966524481773,0.5337478592991829,0.030274773124597004,-0.026393549276971018,0.2049594516871808,0.05421543493335906,-2.1255148150627138e-05
0.03480451554059982,0.5363528961315751,0.027813083672090046,-0.026406830296006708,0.18456317122287785,0.054741335895512944,-2.1265846053370196e-05
0.7755389176309109,0.20734501536935568,0.021073235283620664,-0.026427452209031265,0.16042720658705295,0.0521778462356744,-2.128245707682096e-05
0.036734504625201225,0.5375886550173163,0.02712089331581566,-0.02642921076440825,0.17326982046244654,0.055145928191281016,-2.1283873599779152e-05
0.01805048529058695,0.5299894707277417,0.031755790986371386,-0.026432345339797773,0.21757063639797278,0.054295797794120165,-2.128639851218658e-05
0.7818249063566327,0.20731954090297222,0.020512804357864005,-0.02644561947800084,0.15657255172178858,0.051666973922331334,-2.1297090883353136e-05
0.036112742498517036,0.5356797818094492,0.02749143893744792,-0.026461910599362447,0.18693842949879846,0.05479826975249807,-2.1310213451593512e-05
0.01533648930490017,0.528693008236587,0.03170883779589506,-0.026466423887018156,0.21872875067735353,0.05442783575875197,-2.131384892518875e-05
0.03170284628868103,0.5353581206873059,0.02893814597591797,-0.02646907813387319,0.19417738578728816,0.05439076293921096,-2.131598693322365e-05
0.03826809860765934,0.5366378929466009,0.02658752563359038,-0.026479878610926044,0.1767174829389505,0.05523370893637724,-2.1324686768654283e-05
0.7750002471730113,0.20222036261111498,0.021022624027626207,-0.026487876538781298,0.15747097406157723,0.052957779968774196,-2.133112913903288e-05
0.001539396122097969,0.5302003426477313,0.026163391328788227,-0.026491211281339064,0.19642072548441658,0.054551210682962606,-2.1333815291032088e-05
0.019441436044871807,0.5437678946182132,0.028550251235971266,-0.026501028861183298,0.19716293138458393,0.05521224043507987,-2.1341723402636707e-05
0.773901998065412,0.2031447198241949,0.02152162108244696,-0.026501576764938098,0.1524188764163134,0.05299520971430325,-2.134216474202026e-05
0.03395384922623634,0.5388686619699001,0.028133089026041266,-0.02651196859086845,0.1689623417828301,0.054968489856426536,-2.1350535414195233e-05
0.03738700412213802,0.538516896776855,0.026940369203681272,-0.02652616079863805,0.1657650150581522,0.05536635489130638,-2.1361967318288134e-05
0.044256094843149185,0.49496824853122234,0.03011715989993545,-0.026526445634485328,0.2098544173423062,0.04800382154411456,-2.136219675522748e-05
0.023288996890187263,0.5322405248880386,0.03125708922167104,-0.026532167561733842,0.21227579240300085,0.05416780252508755,-2.1366805801427952e-05
0.028452984988689423,0.539988393895328,0.029131899572767992,-0.026539089405025248,0.17883977586182248,0.05477464420536348,-2.1372381388024377e-05
0.03184438403695822,0.5347681762650609,0.02918639630162759,-0.02654818449317137,0.19771638638174957,0.05432716260275501,-2.137970753803986e-05
0.02993657812476158,0.5344171626493335,0.02973040481127813,-0.026566005160652016,0.20097907059806364,0.054236833840353965,-2.1394062201555097e-05
0.004366036504507065,0.5279755303636193,0.02787348282182059,-0.026567369097858652,0.20092727903492086,0.05470926950113681,-2.139516086212241e-05
0.024207284674048424,0.5417327741160989,0.028980451431660784,-0.026580915658543817,0.18975424409718541,0.05489819793998642,-2.140607270976666e-05
0.039486201480031013,0.5361237032338977,0.026409032847068907,-0.026593266087516474,0.17734095025855176,0.055334491566620056,-2.1416021068526894e-05
0.029264941811561584,0.4888862259685993,0.029935926696242364,-0.026599213830534027,0.20327458004241958,0.04973890466538419,-2.1420812019179302e-05
0.007813672535121441,0.5268538072705269,0.029450764971459962,-0.026606284832059856,0.20883487423173464,0.05481374733088614,-2.1426507763789935e-05
0.03429660480469465,0.5393932433798909,0.02805112487034605,-0.02660637577042389,0.17088463362025094,0.055062806000286124,-2.1426581015329237e-05
0.05040332581847906,0.48353314958512783,0.025538688969675344,-0.026615434569427873,0.164227660572078,0.050317105560824076,-2.143387794725765e-05
0.007683584466576576,0.54771339148283,0.025275778144910985,-0.026617293344563673,0.18855665264393578,0.05694250620952276,-2.1435375205072965e-05
0.0352472560480237,0.5343306381255388,0.028436917039758827,-0.02661924386408003,0.19652009256634653,0.054516917194973064,-2.1436946363779347e-05
0.0013701282441616058,0.5453976690769196,0.023520646680385962,-0.026631063790013856,0.18150528895591453,0.05589037766586872,-2.144646740819201e-05
0.040069906041026115,0.5371437501162291,0.026347257551359568,-0.026640144866758718,0.16921698134399182,0.05557619007481134,-2.1453782289820124e-05
0.0026334263384342194,0.5463328473269939,0.023911977226146325,-0.02667839466522396,0.18299786441300636,0.056239731193178336,-2.1484592834907632e-05
0.016394284553825855,0.5286113582551479,0.03239886033872784,-0.026700413007271537,0.22130392635670443,0.054363189450848066,-2.1502328815037534e-05
0.034479825757443905,0.5337795922532678,0.029071122079468475,-0.026712875892674043,0.20078955588222538,0.05437399181732157,-2.151236779022915e-05
0.012253844179213047,0.5271082883700728,0.03154974718769738,-0.02672106668410236,0.2190743929467207,0.05461823669599278,-2.1518965554067093e-05
0.028758231550455093,0.5333980685099959,0.030582987938486593,-0.02672222913943092,0.20731951471948662,0.05412925222221529,-2.1519901923495523e-05
0.04676440358161926,0.49329066928476095,0.029971376815043787,-0.0267250805332481,0.21048983869185903,0.04792639425854525,-2.1522198749942426e-05
0.7726786350831389,0.20457769464701414,0.02238237690672786,-0.026726227169188915,0.14335373575115837,0.05296962551839543,-2.1523122376794188e-05
0.028422466479241848,0.48748863860964775,0.02920521449139827,-0.026726830342978264,0.1956129747776401,0.050312701809916024,-2.1523608239395655e-05
0.03187490254640579,0.4925262276083231,0.03220460575996671,-0.02673933730023191,0.21800611016612126,0.04860537274166889,-2.1533682722006738e-05
0.038820826448500156,0.47792116086930037,0.023632444964790028,-0.026745337199276818,0.17954332297362152,0.05059290259028869,-2.1538515703548268e-05
0.03956014383584261,0.5344970701262355,0.027029616839264477,-0.02675873411517844,0.18719362191986144,0.055091978194728886,-2.1549307062465044e-05
0.027609828859567642,0.5410391371697187,0.029192108094851357,-0.026763742087286733,0.18638903715832908,0.054852843188485524,-2.155334103850595e-05
0.026659922674298286,0.5326806316152215,0.031241298450754743,-0.026768989695753892,0.2114149455357758,0.05409755170174124,-2.155756804482213e-05
0.022983936592936516,0.5427323095500469,0.02911833589213155,-0.02677195329719725,0.19534475586050074,0.0550155573817549,-2.1559955258630957e-05
0.7756837559863925,0.20129203889518976,0.02128264950606642,-0.026777120970569935,0.16400855002855466,0.05289929126449991,-2.1564117877260025e-05
0.00305916927754879,0.5284006912261248,0.027674948199606097,-0.02678085400757391,0.20212332714081926,0.05461129939775845,-2.1567124880626218e-05
0.02063997369259596,0.5302925612777472,0.032488848578604144,-0.026782251576730504,0.21984710570786115,0.05417994066728505,-2.1568250638405342e-05
0.02402401901781559,0.5317166270688176,0.03189230849653507,-0.026784440541662936,0.21561534164112162,0.05410951977880464,-2.1570013874526882e-05
0.029429860413074493,0.4898216351866722,0.03082832594665343,-0.026788019420108847,0.20891959015171577,0.04948045518431926,-2.157289670199673e-05
0.04978910367935896,0.48226854484528303,0.02507434776734715,-0.02679409522467617,0.17268792625958923,0.0503114082980243,-2.1577790832612612e-05
0.011030608788132668,0.5475441003218293,0.026955039622928983,-0.02679770385262608,0.19808493045364325,0.056709640313265426,-2.1580697624400607e-05
0.7839724030345678,0.2032355358824134,0.021154603767118155,-0.026801395583153965,0.14993250109644427,0.0520981150145351,-2.1583671356572592e-05
0.03202765714377165,0.5403896728530526,0.028692110790942808,-0.02680796911643593,0.18033986852492004,0.05496561067354119,-2.1588966415338414e-05
0.7788073029369116,0.2088729776442051,0.02179951646346115,-0.026854746101890897,0.16534065341519116,0.05151433087900257,-2.1626645857035417e-05
0.03656334523111582,0.5330316489562392,0.028889819659958817,-0.026860643319786624,0.2017473613789919,0.05449051454025033,-2.1631396142517854e-05
0.03864546213299036,0.5399604607373476,0.02663786560031052,-0.026866081303634028,0.16769543103662754,0.055752461240238464,-2.1635776509686296e-05
0.01812534686177969,0.5450664144009352,0.029045814348452423,-0.026870622559048672,0.20257755483695328,0.055516093422149713,-2.163943455085485e-05
0.03100857138633728,0.5330004524439573,0.030603270004682805,-0.02687063372904273,0.2085745209128814,0.05410491840023039,-2.1639443548433026e-05
0.0388284744694829,0.5333663355559111,0.027894291421608864,-0.0268800627398482,0.1953549625738842,0.05482507831437,-2.1647038742501406e-05
0.7777811111882329,0.2005446320399642,0.021314035066841326,-0.026889433162731447,0.1643615505066135,0.05278861918255084,-2.1654586745123014e-05
0.030539918690919876,0.49160510022193193,0.03211124561052936,-0.026928937013108542,0.21666530526712752,0.04893158765782456,-2.1686407652875244e-05
0.03024187684059143,0.5410153483971953,0.029033872746363973,-0.02693380878079652,0.185836114920075,0.05492733528455145,-2.1690331932692874e-05
0.027823458425700665,0.48610172513872385,0.028867846864114078,-0.02693427155826256,0.18652735019242125,0.050834091261205354,-2.169070470670772e-05
0.051036675460636616,0.487734611146152,0.02723236898713596,-0.02693847923409108,0.19042234764815252,0.04948911907102999,-2.1694094051318294e-05
0.04189074877649546,0.4968522684648633,0.03154284234299135,-0.026941454709191546,0.21079278358114326,0.04837258858836427,-2.1696490840396672e-05
0.0331910802051425,0.5326494351029396,0.03036982736310581,-0.026951561882794812,0.20860193995926013,0.0541493488949078,-2.1704632319238254e-05
0.020206482149660587,0.5443189367651939,0.02933894713888266,-0.026960280868534275,0.2017697414077029,0.05530289056345869,-2.1711655593865605e-05
0.027426891028881073,0.5320110935717821,0.0318536277616911,-0.027000085061349495,0.21509421093562986,0.05402699959094088,-2.1743718493002966e-05
0.04186022840440273,0.5381025094538927,0.02648013723151852,-0.027012286343832147,0.16183523485174636,0.055952878253419436,-2.1753546823548488e-05
0.03753959480673075,0.4967745281755924,0.032539101708224154,-0.027012827239333483,0.22033081072454294,0.04842747982641507,-2.17539825237054e-05
0.7753434516489506,0.20837060641497374,0.022210935003251837,-0.027020054116487016,0.17091764280255972,0.05184352349933945,-2.1759803891848264e-05
0.03543020132929087,0.540917394682765,0.027755164485429393,-0.027020700586379995,0.1804168726652262,0.05537569622170544,-2.176032463401124e-05
0.042316594161093235,0.4776021707803011,0.023647318873105845,-0.027025414523197035,0.17631751712578286,0.05059534419712665,-2.1764121788153496e-05
0.02284430805593729,0.543383289128542,0.029491051936055925,-0.027039684996934543,0.19936260410558407,0.055110049823377985,-2.177561689393587e-05
0.7822141218930483,0.20119599252939224,0.021128188858679155,-0.02704205109127241,0.16346216922586812,0.05233667204461768,-2.1777522823011553e-05
0.019796892069280148,0.5292419968172908,0.03328783151118117,-0.02704684375090666,0.2239015199420341,0.054190270915427205,-2.17813833919181e-05
0.028921744786202908,0.4832280743867159,0.028164450319597516,-0.027073768054134008,0.1760744207077643,0.05104123253329241,-2.1803071385722614e-05
0.04748138319700956,0.49321282655000687,0.030502839306950937,-0.027077688238297797,0.21284810211991548,0.04795285833165281,-2.1806229163460436e-05
0.03774120006710291,0.5320981545373797,0.029250949681397107,-0.027087781952321283,0.20444069080910596,0.05451190893535869,-2.181435983032454e-05
0.0032434388995170593,0.5472643589600921,0.0247868834902948,-0.02709362465278493,0.18687115056820527,0.056611558415174526,-2.181906623088202e-05
0.7848460469394922,0.2059646788984537,0.02184927768069738,-0.027141183261541788,0.1543140882612456,0.05156725758918744,-2.1857375575358056e-05
0.016945107840001583,0.546053783968091,0.029378227351852373,-0.02715916573744278,0.20578867373490628,0.055832776931575484,-2.1871860807247387e-05
0.03986548725515604,0.5405983766540885,0.026529594532653113,-0.02715924182944796,0.16952802606131998,0.05603490805415014,-2.1871922100843233e-05
0.04270338453352451,0.5370512967929244,0.02647699367441542,-0.02717737661857035,0.1715921568635415,0.05586953860150887,-2.18865300311692e-05
0.03804652113467455,0.541137627325952,0.026881044699545654,-0.027177421356230923,0.1774280661844015,0.05580793793852278,-2.1886566068246087e-05
0.008418651297688484,0.5484704421833158,0.026475703443526188,-0.027195733356444807,0.19519623174742665,0.05727374052791778,-2.1901316752923172e-05
0.0333620635792613,0.53162956610322,0.03122576873459527,-0.027196728112645497,0.21372419328672015,0.05405008793850646,-2.1902118049271247e-05
0.04091435018926859,0.5328662004321814,0.028212843603661653,-0.027217875987479278,0.19302104142969664,0.05500683036438799,-2.1919153097622373e-05
0.025112303905189037,0.530706918798387,0.03302458941826642,-0.02721944097300696,0.2213450671057294,0.05401103123290493,-2.1920413726058038e-05
0.030455875210464,0.48160773050040007,0.027437162180982425,-0.027221746743682627,0.1854867385503805,0.05078013600821601,-2.192227107245616e-05
0.03336968179792166,0.4796653175726533,0.02648495595813841,-0.027226411291839333,0.19059015995309594,0.05044246242027297,-2.1926028463696714e-05
0.011790946125984192,0.5479733143001795,0.027991540713427368,-0.027240209171791964,0.20278787095183617,0.056852705113502267,-2.193714294779226e-05
0.033667116425931454,0.5416342839598656,0.028429524202484378,-0.027243624380055006,0.1876484523535069,0.05525184932983826,-2.1939893970916727e-05
0.7744090249761939,0.20107371360063553,0.02229219620452259,-0.027259945426026024,0.17042189304066496,0.05292268509723094,-2.1953040925214516e-05
0.05190257076174021,0.48585578612983227,0.026949431588278557,-0.02726361242487236,0.17869658458239474,0.05020861364560066,-2.195599477262462e-05
0.026476724073290825,0.5426889332011342,0.029659366082945823,-0.027268793315169782,0.19732366602306584,0.05502178018177139,-2.1960168093062872e-05
0.7810585964471102,0.2090875031426549,0.022274662846319022,-0.027270246027750532,0.17139607180944236,0.05115815092299597,-2.196133828492263e-05
0.011555480770766735,0.5258285142481327,0.03252880297332146,-0.02728829774154771,0.2232029792180257,0.05466686945519807,-2.1975879340350625e-05
0.04201892111450434,0.5396719602867961,0.026574476010837404,-0.027300040008923693,0.1619514754507775,0.05620256444222672,-2.198533800073437e-05
0.030825581401586533,0.5420358646661043,0.029177761759425255,-0.0273246606070885,0.19260897325867116,0.055073832211320624,-2.2005170455967104e-05
0.028545395471155643,0.5310533717274666,0.03270851040278067,-0.027325750021114256,0.219876617681967,0.053931786678358705,-2.2006048004202778e-05
0.040222481824457645,0.4978468054905534,0.03258932363644801,-0.027330022441114595,0.21617262758792927,0.04862491690398348,-2.2009489537742224e-05
0.7843389604240656,0.20219052210450172,0.021718707051906424,-0.027342490018505507,0.1614322879454271,0.052044469786427815,-2.201953246319355e-05
0.015409715473651886,0.5469462927430868,0.029374726068444216,-0.027344176933682695,0.20715766833548155,0.05620975493551458,-2.2020891313121894e-05
0.7765343254432082,0.200115654617548,0.022228805261512295,-0.027354209271151727,0.17232471864853896,0.052792755494596104,-2.202897259866563e-05
0.032977450639009476,0.4947980334982276,0.033910866313253074,-0.027366263915351845,0.22616868409452032,0.04844322504238594,-2.203868290313173e-05
0.038617782294750214,0.5310884425416589,0.02989437632135674,-0.027369034892784447,0.20757696774121634,0.05449287097438856,-2.2040914992237724e-05
0.04302405472844839,0.535091008991003,0.026896660837822436,-0.02736958818844321,0.18510437802348942,0.05556254290997147,-2.2041360685246245e-05
0.05074652284383774,0.48967957496643066,0.029025307246686404,-0.02737735349316461,0.2031806854396085,0.04890460406008151,-2.2047615826349344e-05
0.7718432946130633,0.20657466165721416,0.02319240518270018,-0.02738168934270928,0.1653898269312547,0.05265915762262537,-2.2051108458791738e-05
0.04232421237975359,0.5335632851347327,0.027738690439339207,-0.02739317980627277,0.19185334881368254,0.05524684034669922,-2.206036430913911e-05
0.0044780028983950615,0.5264098877087235,0.029762622382312327,-0.027395661656785593,0.20903686866793159,0.054701973123941115,-2.206236350100799e-05
0.022429834119975567,0.529328728094697,0.03398448406490743,-0.027404792432509515,0.22634011535573825,0.05406643101167271,-2.2069718567476613e-05
0.03420783020555973,0.5306718479841948,0.031845085756500226,-0.027438569510783727,0.21736575721437565,0.05400541875627508,-2.209692685836068e-05
0.007082405500113964,0.5254151122644544,0.030956668507399854,-0.027442761388796488,0.21426167021052359,0.054816012508121244,-2.210030352388429e-05
0.03625809121876955,0.5420632613822818,0.027720847101178024,-0.02745248609018834,0.18707652890850565,0.05565053243506968,-2.210813702239894e-05
0.7710396526381373,0.20558577962219715,0.0235611734706611,-0.02745579343680638,0.1582034752821734,0.053025163787339666,-2.2110801176125497e-05
0.04938462749123573,0.49179861415177584,0.03042431699255513,-0.027463794382117372,0.21175721473676212,0.04826127965089823,-2.211724614668238e-05
0.04119894001632929,0.5319021884351969,0.029044376322983526,-0.02747470577147609,0.1975367384630942,0.05489227379723812,-2.212603555826781e-05
0.7721688859164715,0.2071795668452978,0.023257074820045003,-0.027479002017745714,0.17008230816854095,0.05244825836601116,-2.2129496298543953e-05
0.02357740793377161,0.5440266216173768,0.030157685146700454,-0.02748253560757294,0.20401357580129115,0.055221870429213296,-2.2132342699141635e-05
0.027289637364447117,0.5430604564025998,0.029915273712114145,-0.027518483201766718,0.1999069504322501,0.05508860196948538,-2.2161299458165943e-05
0.7835036423057318,0.20117029640823603,0.02190867998177667,-0.027520198987704133,0.16820483221043278,0.05212513455531511,-2.216268157084333e-05
0.01866466272622347,0.5275919586420059,0.034556281491567704,-0.027544265262901144,0.22983184478632915,0.054227429556342646,-2.218206762310223e-05
0.7766183614730835,0.20962092466652393,0.023262947497581624,-0.027557470951271226,0.17835396005655632,0.051374216760403366,-2.2192705176862528e-05
0.035515159368515015,0.5301246168091893,0.03188834062616513,-0.027570676651248193,0.21799564006524946,0.0540516859640771,-2.2203342743842694e-05
0.045425500720739365,0.495932312682271,0.03204061307338372,-0.027574830836916555,0.21919908146387562,0.048044726071198994,-2.2206689059368853e-05
0.014988780952990055,0.5261806948110461,0.03420113604268266,-0.027578656607678845,0.2294365760218999,0.0544481836095696,-2.2209770827621788e-05
0.02576624881476164,0.5297736031934619,0.03400274090015479,-0.027583942283742547,0.22604265545740707,0.053937297308063514,-2.2214028592068906e-05
0.04383505880832672,0.5354014970362186,0.026983479321995834,-0.027588825546715087,0.18558690780152112,0.05568369210185192,-2.2217962201721702e-05
0.009183070622384548,0.5249445261433721,0.032178488770263886,-0.02760796539739341,0.2212937206600322,0.0547897265769199,-2.223337991048573e-05
0.034167478792369366,0.4961533648893237,0.03441579387606084,-0.027609288517179188,0.22864555428911026,0.048462956766931096,-2.2234445722420175e-05
0.051535059697926044,0.4829859184101224,0.026597550371247877,-0.02761780592350117,0.17322339136555243,0.05057767507031452,-2.224130674486056e-05
0.05145101435482502,0.4891285328194499,0.028985685568869945,-0.027635021501997436,0.20183351819970685,0.04920144500122017,-2.2255174406903165e-05
0.005809403024613857,0.5253894291818142,0.03089295441899104,-0.02763981618449344,0.21182405305656693,0.05478361554690752,-2.2259036667859668e-05
0.03288597520440817,0.5426615364849567,0.02904555307616417,-0.0276431327900329,0.19529680685116627,0.055318660528551084,-2.2261708293672095e-05
0.006565859541296959,0.5490087540820241,0.026615232281066454,-0.027648925057477198,0.1932378679651755,0.057584933551079985,-2.2266374140418218e-05
0.03020662907510996,0.5300338007509708,0.0334871690608792,-0.0276637076903627,0.22409977401734213,0.05383854175767506,-2.227828200203321e-05
0.015765422955155373,0.5262561477720737,0.03454675794954393,-0.027666567823506925,0.23064332449646296,0.05439907680223941,-2.228058592706833e-05
0.04301637690514326,0.47717295680195093,0.0244283507978907,-0.027670226273469694,0.18271581945884602,0.05056255110325157,-2.2283532921069582e-05
0.04138192255049944,0.5414251442998648,0.02669212047019425,-0.027677968927996392,0.17263612025290492,0.05637745591217774,-2.228976986848571e-05
0.04859903082251549,0.47993557807058096,0.02556907015041229,-0.027686211398725666,0.18664709258229892,0.050225567014122514,-2.229640943476233e-05
0.01633607130497694,0.5471164071932435,0.030136132643602,-0.027686631387257403,0.210227085843306,0.05623741651411936,-2.2296747748614784e-05
0.026507229544222355,0.4848181400448084,0.029474831630028158,-0.027694182554266592,0.17884126500007394,0.05148244565297821,-2.2302830449665426e-05
0.036765010096132755,0.4977995827794075,0.034094888744046065,-0.027704714574411735,0.22722925070545524,0.04863745094108997,-2.2311314323212678e-05
0.7723139626905322,0.20158053934574127,0.023284722030224306,-0.027707796890790302,0.1723866223817083,0.053112147193111366,-2.2313797226488395e-05
0.03817654121667147,0.4983173618093133,0.033690189762888276,-0.027711020145413507,0.22469375230152383,0.048743413574794496,-2.2316393660202022e-05
0.033270519226789474,0.49573158007115126,0.03466517731399994,-0.02771134413832519,0.22949944963431881,0.048493297587948056,-2.2316654646769493e-05
0.027895551174879074,0.49063886795192957,0.032619509261503456,-0.02772895374192649,0.21733244478368163,0.049687979829301135,-2.233083974457467e-05
0.770433141849935,0.2035581236705184,0.023918221297132624,-0.027738900136282347,0.15911893476702513,0.05341353488482584,-2.2338851885780452e-05
0.04444931074976921,0.5377991804853082,0.027001831405313145,-0.027750766613966124,0.17162730264720838,0.05615743912679986,-2.2348410718878456e-05
0.0312222084030509,0.4941723579540849,0.03450583235073177,-0.027754248371167408,0.22811229939071218,0.048668005192882176,-2.235121538795945e-05
0.7774379048496485,0.21004608366638422,0.023661038693369482,-0.027754844405577506,0.17984414658485698,0.05119292251851613,-2.2351695513160364e-05
0.03205152042210102,0.5296827871352434,0.03342985881789033,-0.02775899161176023,0.22432326928688956,0.053827329681210755,-2.2355036223527072e-05
0.03983964025974274,0.5299543999135494,0.03077457401792498,-0.02776095693700525,0.20991510627154564,0.054497891177936075,-2.235661935749427e-05
0.03247728943824768,0.5429757945239544,0.02932483127488157,-0.02777306159664772,0.1976806840453727,0.05533191552277099,-2.2366370059894287e-05
0.02423116471618414,0.5288285631686449,0.03480626510050626,-0.027789155202098157,0.2297992130152907,0.05396574765191528,-2.237933399472272e-05
0.04332907032221556,0.5402194261550903,0.026756634478476638,-0.027798658340473414,0.1699414952433258,0.05642066612607106,-2.2386989091695444e-05
0.0037101367488503456,0.5261067990213633,0.030247090305777907,-0.02780229069037017,0.2124729301603031,0.054641835989278464,-2.23899150720059e-05
0.01947668381035328,0.5272817388176918,0.0351846388338919,-0.027803911385673875,0.23227857604157953,0.05418126771326682,-2.239122059681184e-05
0.04248975683003664,0.4982386976480484,0.033022348232461446,-0.027825006781937636,0.21894879546695706,0.048627047408674545,-2.2408213656363255e-05
0.7809137599542737,0.19954980444163084,0.022733846577663086,-0.02782531340328108,0.17495991023228796,0.052403547803564744,-2.2408460650363008e-05
0.02990605216473341,0.4931518994271755,0.0342587895699597,-0.027839631689324178,0.22644410754778657,0.048925424510390794,-2.241999452279069e-05
0.7861016988754272,0.20639389101415873,0.022835371078358948,-0.027849550477099753,0.16256587764306943,0.05131959333769904,-2.2427984450571213e-05
0.009935801848769188,0.5491789691150188,0.028131076313011708,-0.027854910545272987,0.20362366450165953,0.057587670426480025,-2.2432302172421963e-05
0.02301358338445425,0.5283080330118537,0.03513416743372789,-0.02785964052355272,0.23137778926198135,0.05401014211461709,-2.2436112335423834e-05
0.7866854630410671,0.20475944504141808,0.023083092910891695,-0.02787530752506579,0.14840775409909923,0.051651131837567296,-2.2448732656901757e-05
0.04532390367239714,0.4965629819780588,0.032654124999649946,-0.027884257173028212,0.2217657253200278,0.04813729714544125,-2.2455941915996078e-05
0.02149761188775301,0.5455024996772408,0.030912759214550473,-0.027891274930822968,0.2104299497715311,0.05557675441788474,-2.246159497024758e-05
0.003949301317334175,0.5486702509224415,0.026286479822719498,-0.02790012649948702,0.19322328929943677,0.057298865833259174,-2.2468725226150315e-05
0.7844382645562291,0.20827782340347767,0.023002941396979844,-0.027900842344648732,0.17477476904469127,0.05090859190927831,-2.246930186516928e-05
0.025648859329521656,0.4868191024288535,0.030158611719625982,-0.02791026049513946,0.1961888572531001,0.051267389589844864,-2.2476888525130915e-05
0.04210955649614334,0.530887708067894,0.029999288304861305,-0.027914056164922502,0.20492234385971947,0.054821078402393184,-2.2479946074626144e-05
0.03447220753878355,0.47837061807513237,0.02695051882928656,-0.027916486956002014,0.19591719957250453,0.050425698091721025,-2.24819041650578e-05
0.78282062523067,0.20014495868235826,0.022675511908295885,-0.027925831608370654,0.17539707502849272,0.052162397868539156,-2.2489431622909412e-05
0.04073131550103426,0.5423812959343195,0.026983540586314983,-0.027931583922350907,0.17975638115577308,0.05644206714104912,-2.2494065322318682e-05
0.033570876345038414,0.52891896199435,0.0337066247084258,-0.027957762532125854,0.22600302122846394,0.05381985179591669,-2.251515315986712e-05
0.7705536661669612,0.2025393806397915,0.0239626724194169,-0.027980448067312178,0.16850110719757214,0.0534170663801155,-2.2533427209233906e-05
0.03955255541950464,0.4766762536019087,0.025148990281202224,-0.02800880150335592,0.1863308514357826,0.05068405739618997,-2.255626698160977e-05
0.0307535482570529,0.5436014626175165,0.03007675518876309,-0.02800953554399241,0.20274604229418447,0.0553140593213433,-2.2556858279533997e-05
0.780558543279767,0.1991897700354457,0.023202928905818553,-0.028037326250524616,0.17730009985139344,0.05242463283063296,-2.257924476991806e-05
0.7855862081050873,0.20188719686120749,0.022759184860904356,-0.028049355512775674,0.16840935203051785,0.051890356471622476,-2.2588934811934683e-05
0.08198956679552794,0.3708650441840291,0.021487462569687716,-0.028058650484493478,0.17071958125868048,0.060453927815103704,-2.2596422278043365e-05
0.038011256605386734,0.5284470357000828,0.032501268824262464,-0.028060138249709016,0.22047947862213832,0.05414003484014858,-2.259762073175057e-05
0.039394658990204334,0.49926405772566795,0.034049242791736864,-0.02806706650986691,0.22441581403260957,0.04898342254380065,-2.2603201719909335e-05
0.7852582698687911,0.2079706797376275,0.023235716598314186,-0.028096193446086257,0.17457904028505022,0.050911986254159006,-2.262666463335188e-05
0.05009281914681196,0.4921934939920902,0.031506497860096884,-0.02810285705066062,0.21653161383509623,0.04832673432177884,-2.263203243636194e-05
0.027694803662598133,0.5285374345257878,0.03521393314768391,-0.028105082126322723,0.23163153754846916,0.05380568922207891,-2.263382482503006e-05
0.08114797994494438,0.3715005563572049,0.021968389443241188,-0.028111249034776353,0.17683256869489802,0.06027169422111111,-2.263879252043077e-05
0.769245539791882,0.2048378922045231,0.024637878094768646,-0.02811212149938501,0.15549769005811845,0.05357719856827768,-2.263949532620209e-05
0.013592754490673542,0.5246232766658068,0.034974746079334165,-0.02812777892437443,0.2328758815365109,0.05455478857702818,-2.265210802257268e-05
0.045232344418764114,0.5387937845662236,0.027397154759959047,-0.028131142783546274,0.16748562047512228,0.056399900463650475,-2.265481774947489e-05
0.08268886897712946,0.3695851545780897,0.02100203128660135,-0.028131155008791837,0.1634902782602104,0.06068741622477666,-2.2654827597413424e-05
0.04466292541474104,0.49752180837094784,0.03320005592163319,-0.0281353595642747,0.22358201206749911,0.04833950133830379,-2.2658214540129564e-05
0.026057595387101173,0.489433697424829,0.03216477754251592,-0.028141530356577266,0.2134105149991213,0.050450065450758426,-2.266318536836027e-05
0.006010471843183041,0.5243643075227737,0.03203070057477129,-0.02816182053337781,0.21691040343537996,0.05480081757247208,-2.2679529950425202e-05
0.01044542994350195,0.5239499220624566,0.033855735648011746,-0.028165796230349097,0.22847609206660383,0.054749016895884316,-2.2682732540932136e-05
0.026141640730202198,0.4837793568149209,0.029672831285025715,-0.028170558782748118,0.17732344167438224,0.051738036707797835,-2.2686568976930284e-05
0.04672625195235014,0.4782004030421376,0.025789667710831066,-0.02817824177738308,0.19166087955636946,0.050240707602817875,-2.2692757952901034e-05
0.036917464807629585,0.5436861244961619,0.028442932501078825,-0.028197074047841067,0.19641897204087674,0.05604955685791336,-2.2707928146089016e-05
0.0009328853338956833,0.527436388656497,0.029896409983420545,-0.02822682718375004,0.21369472093420566,0.05443566100885973,-2.2731895576348e-05
0.04434765409678221,0.5323275858536363,0.02920850780159868,-0.02824530206816379,0.20448281697081833,0.05518664112260821,-2.274677790022666e-05
0.024989311583340168,0.487846109084785,0.031073658092254847,-0.02826334443080685,0.2045787056437595,0.051181451073731524,-2.276131181647841e-05
0.033198668621480465,0.47863853443413973,0.02786290379782129,-0.02828446689502776,0.19899595203198903,0.05046783977389689,-2.2778326899367545e-05
0.03377067297697067,0.5439930260181427,0.02972411641786391,-0.028284650942186206,0.202777114962305,0.055660987033450356,-2.2778475157571076e-05
0.026387936435639858,0.5278640817850828,0.035889854495601926,-0.028288860596778306,0.2345017191154489,0.05383265384380665,-2.278186622250989e-05
0.03291742317378521,0.5278995698317885,0.03485233608674442,-0.028288923037083788,0.23091563669844628,0.053725650419852944,-2.2781916520969976e-05
0.7831485653296113,0.20971317123621702,0.02406451756368698,-0.028304697395358833,0.18346095259715411,0.05060889376375847,-2.2794623475263044e-05
0.7873750068247318,0.20373986661434174,0.023536431667322662,-0.0283106110258966,0.15610493796668853,0.05175288183178012,-2.279938717180746e-05
0.036350514739751816,0.5275130644440651,0.03395308536659741,-0.028320060876030242,0.22736068647632432,0.053899867932007406,-2.2806999454638965e-05
0.08227924071252346,0.37290251813828945,0.023288888427142437,-0.028323627752646838,0.18160134251385623,0.060064460296830186,-2.280987273604021e-05
0.04610592871904373,0.5364267900586128,0.02772933194413286,-0.02832737985195712,0.18506249625872764,0.05608391752695229,-2.281289522306172e-05
0.027987095527350903,0.5445881839841604,0.031099509533178357,-0.028334356449518972,0.2092985924954918,0.055399218143349284,-2.2818515191256797e-05
0.041480112820863724,0.5286468463018537,0.03202207753312003,-0.028367024237854515,0.2127291698597017,0.05449408891571097,-2.284483060259296e-05
0.08063539024442434,0.3683493956923485,0.021105462914563076,-0.02837379794718974,0.16591496532313552,0.0606525667517842,-2.2850287141164175e-05
0.02488580532371998,0.4884157432243228,0.03159550184107927,-0.028387975495343266,0.2085984444005451,0.05105522474970278,-2.2861707820367602e-05
0.07824872713536024,0.3699085870757699,0.022067008568526406,-0.028410743880271636,0.17617722222250382,0.060266887979760216,-2.2880048830658732e-05
0.7708971090614796,0.20817464031279087,0.024876366404027205,-0.02843160807888482,0.18255070047820748,0.052376753309744374,-2.2896855939278916e-05
0.02132424432784319,0.5464684935286641,0.03181474021409693,-0.028432612129086696,0.215475104008297,0.0558859138319531,-2.289766474992913e-05
0.7731876289471984,0.19982813764363527,0.024514364398856965,-0.02845003402202713,0.1852318122150405,0.052946669824089035,-2.2911698924935107e-05
0.024359875358641148,0.4858148153871298,0.030313636772843884,-0.028450750285225125,0.1903901690942436,0.05191261340024578,-2.2912275909634634e-05
0.03079788852483034,0.5275485524907708,0.0357230959220866,-0.02845243181691221,0.23426343677211559,0.05368535209786745,-2.291363046490289e-05
0.08409926760941744,0.36870293971151114,0.0209955331914898,-0.028455198292808532,0.16512173502874103,0.06081211975445658,-2.291585899545376e-05
0.07890715077519417,0.3724670195952058,0.02353259007166048,-0.02846675197978213,0.18863422398724145,0.05985296055752555,-2.2925166052737405e-05
0.053652034141123295,0.48489938862621784,0.028215801756228336,-0.02846690207896877,0.176096940235627,0.05093939347208752,-2.2925286964959114e-05
0.022940531373023987,0.5266815489158034,0.0366973652036523,-0.028482024953895287,0.238033734992863,0.053985325066141086,-2.2937469181561272e-05
0.040375204756855965,0.5437342990189791,0.027826686223110474,-0.028495763492716476,0.18926718797347314,0.056657741619000286,-2.2948536252161303e-05
0.040698032826185226,0.527682357467711,0.03284525266676379,-0.028500738094748467,0.21698440001325334,0.05433340327078164,-2.2952543540511607e-05
0.03694331180304289,0.526866152882576,0.034276296192332995,-0.02850849436035119,0.22860099555001656,0.053904427989130345,-2.29587915977892e-05
0.777125209569931,0.19850805029273033,0.024371783741451342,-0.028510532083393932,0.18502874789688165,0.05266986472364928,-2.296043308516417e-05
0.027137046679854393,0.4920445252209902,0.034519054341528604,-0.028518831449254843,0.22649590095298192,0.04966773258391294,-2.296711863859919e-05
0.08056430518627167,0.373650461435318,0.02425214654892335,-0.028519790178267238,0.19089320111819666,0.05977128966837319,-2.2967890942772224e-05
0.7732714265584946,0.2097873566672206,0.02532690440063621,-0.028540580243405052,0.18978254943830916,0.05153724535947239,-2.2984638385308614e-05
0.07750547677278519,0.3700129073113203,0.022460800825805836,-0.028541004360650865,0.17842519204680898,0.06018064959971996,-2.298498003317287e-05
0.02017504721879959,0.5257537765428424,0.03689580442488028,-0.02854574876323567,0.23921999472585515,0.05413952627209889,-2.2988801889383174e-05
0.08542289678007364,0.3705820608884096,0.021643646921827995,-0.028545798134718563,0.17585501103280837,0.06060022524806585,-2.298884166061212e-05
0.04029024671763182,0.5273072132840753,0.033155081234893344,-0.028551941492798907,0.2194108371010182,0.054263088426387954,-2.29937904469962e-05
0.005295975133776665,0.5499344328418374,0.027642056179601127,-0.028553720732392342,0.1970615430755719,0.058107854244432995,-2.299522371485303e-05
0.009742287918925285,0.5501351654529572,0.02909226125099264,-0.028579088566909133,0.2079165086369024,0.05819241547304779,-2.3015658801862305e-05
0.04038282297551632,0.4760982682928443,0.02583829825958116,-0.028596430581858647,0.18754463327645965,0.05075706581838284,-2.302962868961046e-05
0.03589912969619036,0.49931220430880785,0.03604071531129851,-0.028618292921671423,0.23545744028471424,0.04902616847464764,-2.3047239942117676e-05
0.04324224777519703,0.5293637989088893,0.03153164767124358,-0.028619283247203184,0.21521507757972677,0.05467896716161308,-2.304803770113404e-05
0.013909337110817432,0.5236645173281431,0.03606022238756215,-0.02862826645656695,0.23713917136944748,0.05454847629165254,-2.305527414718999e-05
0.07782362308353186,0.37235269509255886,0.02393840136739771,-0.028632226971840903,0.19065374063800397,0.05976595972126864,-2.3058464550450284e-05
0.046428817324340343,0.5391924791038036,0.02797456383333604,-0.02863965927012212,0.17105223715682577,0.05660184810887689,-2.306445165841332e-05
0.03238560538738966,0.49708167370408773,0.03658410612220969,-0.02864617714013581,0.2373694902792404,0.048793175770786096,-2.3069702147263162e-05
0.03065534122288227,0.5269589358940721,0.036283322400946096,-0.028648868211057103,0.23660664243845733,0.05365875175365816,-2.3071869947434043e-05
0.01973885390907526,0.5473732706159353,0.032140662489559615,-0.028667722845685684,0.21794350358347253,0.056256585475364156,-2.3087058359028826e-05
0.08552741818130016,0.3719156179577112,0.022649452071631337,-0.028675782219161405,0.18371803913026663,0.06035142799853586,-2.3093550615768933e-05
0.768379651941359,0.20625913236290216,0.025198629284729063,-0.02868092266945052,0.17123192142756982,0.05355949695268001,-2.309769152442038e-05
0.03720397688448429,0.5446217795833945,0.029124181185529195,-0.028686910388990326,0.20151326532111294,0.05632341212714939,-2.31025149547049e-05
0.02699220273643732,0.48202236369252205,0.029487860347141986,-0.028694754791875495,0.19087514576413891,0.05158335743756097,-2.31088340445844e-05
0.7882181033492088,0.2054050164297223,0.024088298087442374,-0.028694771393946387,0.15909283628567927,0.05151416513639052,-2.3108847418450007e-05
0.7779531572014093,0.19820114877074957,0.024698693205925923,-0.028696336458650006,0.18557687501371287,0.052615304493324314,-2.3110108162704678e-05
0.08315285481512547,0.37420162837952375,0.024770556016613,-0.02869675789328638,0.19004251731177402,0.059834838992644274,-2.311044765110438e-05
0.03256411198526621,0.5266079297289252,0.03610221481008112,-0.02870865502757772,0.2361421225749306,0.053644760510666814,-2.3120031438118617e-05
0.08378368336707354,0.36767616402357817,0.0211059665997846,-0.02871239240299477,0.16512361831756234,0.060843157922051166,-2.3123042097420895e-05
0.053775412030518055,0.4840031648054719,0.028302207648482527,-0.028723433656417413,0.1714399414496558,0.051120397444899934,-2.3131936429851453e-05
0.047163295559585094,0.536502487026155,0.028222606102780982,-0.02872950224757141,0.1870147846008272,0.056226588539282626,-2.313682501254235e-05
0.04891413822770119,0.47897865902632475,0.02698122050392463,-0.02873621441644967,0.19526513401658618,0.05024858163689368,-2.3142232033346123e-05
0.028605650179088116,0.4940856248140335,0.03596461054772495,-0.028737371827414617,0.23365030864198008,0.04918978327939712,-2.3143164391572934e-05
0.007804654538631439,0.5228630462661386,0.03380185293590025,-0.028741940132350218,0.22682682670081977,0.05484562395207793,-2.3146844412903812e-05
0.08491313643753529,0.37318392004817724,0.02376744997850186,-0.028756675522249312,0.18944306189780838,0.06007928997474937,-2.3158714584653007e-05
0.03477399703115225,0.49900530092418194,0.03657946902240035,-0.02876659840434671,0.23770569336935424,0.04899442930533718,-2.3166708017965357e-05
0.03711334150284529,0.5259383879601955,0.034974572700350925,-0.028782485860735466,0.23142692601043374,0.053854736324199494,-2.3179506252292396e-05
0.02939934190362692,0.545231862924993,0.03162568985763559,-0.028788970916452796,0.21284574009688653,0.05561852647284243,-2.318473032890829e-05
0.047504276037216187,0.47802980430424213,0.026783609122627706,-0.02879302153564067,0.19636002019982596,0.05023236093986124,-2.3187993330663366e-05
0.04673389997333288,0.5340719074010849,0.028961063812011956,-0.02879667055432097,0.20100252506377306,0.055709155339658555,-2.319093282093025e-05
0.027252525091171265,0.5265151467174292,0.03712014402557011,-0.02880042454801651,0.23972540357808658,0.05375143501997916,-2.3193956874812306e-05
0.01815303973853588,0.5245175482705235,0.03731213804522058,-0.028808281568251368,0.24126957193716125,0.05426843551792255,-2.3200286149297415e-05
0.0259660379961133,0.5458243489265442,0.032169133422298886,-0.028811903607142492,0.21583041094553373,0.055690633512152206,-2.320320390710403e-05
0.052522970363497734,0.4903965350240469,0.031247231048336398,-0.028812392574899336,0.21344330218939894,0.04919610564546925,-2.3203597798394836e-05
0.07937396969646215,0.36742328479886055,0.021644985761278827,-0.028823633173565056,0.17130043680753806,0.060550950455349604,-2.3212652740369972e-05
0.7790632965043187,0.21147844195365906,0.0257844458769026,-0.028832060931291696,0.18865421792822484,0.05063152125678537,-2.3219441780801844e-05
0.08615796361118555,0.369141205213964,0.021567902577492762,-0.028837313924497256,0.1714700001885185,0.060804353517626517,-2.3223673367832333e-05
0.07975027710199356,0.3745856396853924,0.025594966428426975,-0.028839230739428873,0.19821916233661457,0.05949684089495004,-2.322521747225534e-05
9.886268526315689e-05,0.527064910158515,0.030822005034111952,-0.02883967019329918,0.2180391448176491,0.054393927362058,-2.3225571477577766e-05
0.04380455520004034,0.49952228646725416,0.03458768149316119,-0.02885129615971335,0.22838418314662065,0.048879568970713966,-2.323493686262268e-05
0.03692511282861233,0.47651262395083904,0.02709751593497646,-0.028867964558569627,0.198952329609168,0.05058725472163191,-2.3248364222681442e-05
0.05428899545222521,0.4868084406480193,0.029021696222090783,-0.02889381590820192,0.19335711342930584,0.050709857124756806,-2.3269188993885277e-05
0.011140324175357819,0.5225745439529419,0.03554125115981849,-0.028894310399913525,0.23524733046272128,0.05473277478174813,-2.3269587335976506e-05
0.7740045413374901,0.2106152307242155,0.026077358071543145,-0.02890398830603402,0.1944872663643593,0.051230070436171254,-2.3277383458416435e-05
0.041987139731645584,0.5006979508325458,0.03512673137188746,-0.02891873786602902,0.22629666504262771,0.04933556575975069,-2.32892651004586e-05
0.03751758113503456,0.5007413569837809,0.0361052700306448,-0.028926188807201155,0.23517634436024043,0.04940879389520147,-2.3295267275731806e-05
0.04563911538571119,0.5313382344320416,0.030661382727498757,-0.028929512750267908,0.21285887462600572,0.05511438458492785,-2.329794490954101e-05
0.018978516571223736,0.5480425702407956,0.03249820895291102,-0.02894200413188142,0.22004775441918192,0.05657532787789065,-2.330800746257232e-05
0.04899811651557684,0.495075405575335,0.033941766272720886,-0.028960615168859265,0.2278608338752108,0.04810825374838659,-2.3322999769798468e-05
0.035807473585009575,0.5451986845582724,0.030141436729397272,-0.028960757399831515,0.20716384147598593,0.05625306537266992,-2.3323114345413702e-05
0.07967212609946728,0.3750427309423685,0.02616626971720764,-0.0289779051464249,0.2007861735109792,0.05939957718169883,-2.3336927891623273e-05
0.0005159676074981689,0.5482608629390597,0.027395954124927065,-0.02897955206216877,0.2015744926601046,0.05688323888347007,-2.333825458214786e-05
0.023671798408031464,0.5255568567663431,0.03783201135674505,-0.028981720457480563,0.24263231780861086,0.05393134104201516,-2.334000135619105e-05
0.03374101314693689,0.5255823312327266,0.03657125920922986,-0.02898471373590505,0.23820317262243862,0.053622363336195515,-2.3342412623831443e-05
0.021586399525403976,0.5250509697943926,0.03790893591871722,-0.02899715133163776,0.2431165460119878,0.05405559521930432,-2.335243186513383e-05
0.02802039124071598,0.525963862426579,0.03755190979616307,-0.029005988453640486,0.24155087564035252,0.05370108536253272,-2.335955070763111e-05
0.04416447039693594,0.5428307997062802,0.02769856630393786,-0.029014759053118153,0.19032094794232826,0.056937176235339775,-2.3366615963967796e-05
0.01428448036313057,0.5497061936184764,0.031595734693293645,-0.029036599428208406,0.21822986980865994,0.05766741093020446,-2.3384209734771246e-05
0.04158266168087721,0.5263489307835698,0.033999691200606766,-0.02903677305671945,0.22146038981390498,0.05426334239356988,-2.338434960330333e-05
0.03523957822471857,0.47696472611278296,0.028049497473650008,-0.02903993708304141,0.2028938753789711,0.0505046111575407,-2.3386898422825592e-05
0.7833435395732522,0.21064124163240194,0.025547526297801226,-0.02904689159096794,0.1918523166177781,0.05028618570869117,-2.3392500711293146e-05
0.031016189604997635,0.47902006190270185,0.029331192389817313,-0.02905230647095775,0.2037511664338271,0.050694769599586215,-2.339686273452881e-05
0.7826799834147096,0.19859461952000856,0.024800598492648672,-0.029055114865190114,0.18849949190246768,0.05209852872238056,-2.339912507134558e-05
0.7699394663795829,0.2007556790485978,0.025471416482755794,-0.029063670046149778,0.18597120318269184,0.05352415807743748,-2.3406016804646642e-05
0.0283000273630023,0.48062052484601736,0.02962627224460819,-0.02906511199839787,0.199237064098814,0.05123635873965776,-2.3407178387530365e-05
0.016860133036971092,0.523523242212832,0.037646902103810054,-0.029074089806718995,0.2428478540463066,0.05436063861399162,-2.3414410575747266e-05
0.002156142145395279,0.5493872035294771,0.027767072249930438,-0.02908365463965061,0.20240898441644956,0.057577591125933435,-2.3422115651216868e-05
0.04793006181716919,0.4964255290105939,0.03451621077943259,-0.029090945665345473,0.23037227769028856,0.04815599571548069,-2.3427989033156437e-05
0.7747147073969245,0.21112097706645727,0.02644183047397596,-0.02909395915157305,0.1965491371278237,0.05103549605895098,-2.3430416587107947e-05
0.015519464388489723,0.5230717500671744,0.03741594476934573,-0.02910415053714302,0.24219491451442854,0.05445277373093407,-2.3438626395016414e-05
0.039303211495280266,0.545151493512094,0.029066695860344095,-0.02911073536922664,0.2001986738452123,0.056850522336175116,-2.344393089648368e-05
0.04751189425587654,0.5339900245890021,0.02938391181402784,-0.029112653524466525,0.20321291989388549,0.0557875028705868,-2.3445476092840102e-05
0.03584075625985861,0.5248654382303357,0.036321460439417905,-0.02912028802807541,0.23718588861813725,0.05369024994533576,-2.3451626173164297e-05
0.07611040398478508,0.3682763194665313,0.023043428847170862,-0.029120396690282012,0.17706533485109133,0.060241189033284466,-2.3451713707522565e-05
0.08310548588633537,0.37569769192487,0.02653019696255262,-0.029121066672643935,0.19750610138039967,0.05955271721371324,-2.3452253421178328e-05
0.04020620509982109,0.5016924804076552,0.035858701830848876,-0.02914491641846677,0.22990332460294294,0.04970260175259297,-2.347146592412488e-05
0.08674879930913448,0.37273611780256033,0.023978929167901942,-0.029152647245525895,0.19162562110603684,0.060203382406802036,-2.347769360500156e-05
0.07474096119403839,0.3710096348077059,0.024302082804611616,-0.029152820131977886,0.18943245257443864,0.0598018404129856,-2.3477832876229165e-05
0.011906268075108528,0.522145333699882,0.03633133402173725,-0.02915400254223284,0.2383758085566641,0.05469493176801694,-2.34787853842429e-05
0.047817207872867584,0.5391232101246715,0.02861394685448793,-0.029160239173377414,0.17380316648028873,0.05678472675654903,-2.348380939495436e-05
0.04802162852138281,0.5386522728949785,0.028682729683918537,-0.029166704214724334,0.17467328309197733,0.056738778215702904,-2.348901740585599e-05
0.022301179356873035,0.4872592370957136,0.031341277202684495,-0.0291703941796057,0.2034884414530772,0.05215092334945008,-2.3491989912780954e-05
0.07872394472360611,0.3668454186990857,0.02210618785561999,-0.029177384681828396,0.17560497532650177,0.060472411540073746,-2.3497621218273043e-05
0.023136512376368046,0.48437708150595427,0.030657799388755964,-0.029179587960164514,0.18021538465660808,0.0525707787719361,-2.3499396102918392e-05
0.04582236614078283,0.5418340647593141,0.027962114638292207,-0.029181495627547974,0.18803413622182164,0.05694061183523237,-2.3500932853720528e-05
0.7666296968236566,0.20529465097934008,0.02595734197765855,-0.029188956721514777,0.16550003242435796,0.05439610058752418,-2.350694325354427e-05
0.08209624327719212,0.3663159254938364,0.02161428375651602,-0.02919366631488805,0.16924825249964123,0.060736808455578696,-2.3510737140115455e-05
0.04407009296119213,0.5282176341861486,0.0328213859687812,-0.029194745053892808,0.22227147318664894,0.05456803301996557,-2.351160613525904e-05
0.0803257878869772,0.37600102089345455,0.02706528364554861,-0.029198154583074155,0.20362323943115296,0.059298295065182104,-2.3514352735207226e-05
0.0246721925213933,0.5467598251998425,0.03293343824317754,-0.02920081025854252,0.22011497757238652,0.055998770283962204,-2.3516492056609542e-05
0.03149216342717409,0.5251904372125864,0.037578910595873365,-0.0292025608259183,0.2420277301928583,0.0535774122689917,-2.351790225395431e-05
0.04155498184263706,0.5447004716843367,0.028697187913184943,-0.029205330453388655,0.19400400526223407,0.05707880618163102,-2.3520133371485946e-05
0.07460599299520254,0.37136597372591496,0.024626627404685734,-0.029211436017142538,0.1917204860203787,0.05972326764906957,-2.35250518062728e-05
0.7887183949351311,0.2028460307046771,0.024409955847537183,-0.029217613219860564,0.16828544614372695,0.051831292732860614,-2.3530027951868437e-05
0.7670900532975793,0.20298643689602613,0.025751734692054305,-0.02922156802300426,0.17216134720216533,0.05443971818120494,-2.353321380800033e-05
0.016211063601076603,0.5230022370815277,0.037800243299324764,-0.029222361244053304,0.2435734907749036,0.05440877585818119,-2.3533852800189437e-05
0.025936391204595566,0.5252164481207728,0.03827625230245937,-0.02923104135282045,0.24438834556191597,0.053792641078689384,-2.3540845204736825e-05
0.04595333989709616,0.4985947599634528,0.03509654670836721,-0.029240296251425026,0.23236269809230087,0.048543671296567455,-2.3548300642656212e-05
0.03139778599143028,0.5458575272932649,0.03197028044897012,-0.02924163498815459,0.2154541663091204,0.0559340380838242,-2.3549379084522444e-05
0.7679040962830186,0.20199191477149725,0.025640759678556054,-0.02925255802617485,0.17967510759037983,0.05415054289963579,-2.3558178322908062e-05
0.025465876795351505,0.4924358306452632,0.03557060562064367,-0.029268503796147163,0.2310397146956968,0.05006668250664172,-2.3571023713182864e-05
0.039210787974298,0.5244253017008305,0.0354720986732269,-0.029270763571503502,0.23139519680487758,0.0539374949879677,-2.35728441147167e-05
0.7866124166175723,0.2089952565729618,0.02522606827034134,-0.029284418648507293,0.18744117760512463,0.0504752888783303,-2.358384420321736e-05
0.0244813309982419,0.4828434260562062,0.030350212839284678,-0.029309534070132353,0.18819577632980974,0.052297577238952134,-2.3604076386261197e-05
0.053191677667200565,0.4818500392138958,0.028149617410604347,-0.029313018062773644,0.18806472981169375,0.051046155951945414,-2.3606882980847646e-05
0.03507242817431688,0.5241961386054754,0.03712456937702751,-0.029345160941390586,0.24044887353777672,0.05360953029589363,-2.363277628359393e-05
0.07800658326596022,0.36674373783171177,0.022483319578151872,-0.02934756163128389,0.17789408427146022,0.06039866520700123,-2.3634710205643502e-05
0.07699574809521437,0.37475049775093794,0.02710458854113457,-0.02935236806344188,0.20597979254279233,0.05917025933174542,-2.3638582120187224e-05
0.021300364285707474,0.5240923892706633,0.03866356448566569,-0.029354965255731308,0.24615728066369408,0.05407436756177301,-2.364067433898072e-05
0.029112367890775204,0.5462497500702739,0.03263172098621986,-0.029358389103212312,0.2184465868235618,0.05592548902704063,-2.364343248619526e-05
0.07404165901243687,0.3694820264354348,0.023998939846706847,-0.02935897047506529,0.18322422579193906,0.06002056442846276,-2.364390082167459e-05
0.00853399932384491,0.5215475969016552,0.035257402807415426,-0.029368558390153274,0.23323658090415134,0.05485172935420759,-2.365162455555617e-05
0.04880503471940756,0.49606452602893114,0.03483110158103515,-0.02937689183201856,0.23169853361584491,0.04818445714524877,-2.3658337725586137e-05
0.03847524430602789,0.5239068502560258,0.03600455128528129,-0.029380123201802756,0.2345673405019803,0.05384015969808002,-2.366094082030082e-05
0.7678202968090773,0.2076233560219407,0.02609453151579411,-0.02938085632246438,0.18479812334022494,0.053396782025930636,-2.366153140038235e-05
0.02930871956050396,0.5248394273221493,0.038323116519893424,-0.02938282605786212,0.24477519835354264,0.053616729772737556,-2.366311816037816e-05
0.08727569598704576,0.3681210372596979,0.022118542356342162,-0.029399440134606016,0.17317383095553196,0.060895590834186955,-2.3676501967955312e-05
0.05085370782762766,0.49383971747010946,0.03401256508069466,-0.029403628460728633,0.22775675909052873,0.048382004307132936,-2.3679875960316938e-05
0.038131795823574066,0.5021621277555823,0.03676143204008109,-0.02941138502703191,0.2373779560360244,0.04985002363386409,-2.368612442313675e-05
0.009824175387620926,0.5213979231193662,0.035924315859210305,-0.0294220221540178,0.23648860063751687,0.0548112080852791,-2.369469338366078e-05
0.05284847877919674,0.491362938657403,0.032594402577986015,-0.029427877228765185,0.22017185712325688,0.04911788382645859,-2.3699410062949326e-05
0.07639550045132637,0.367249364964664,0.02308825199993907,-0.029429618266312435,0.17902497362694675,0.060275900784554456,-2.3700812592722477e-05
0.05237812642008066,0.48086264729499817,0.028139186799400154,-0.029437284029319312,0.1934658186421725,0.05081309112161763,-2.3706987911776286e-05
0.036859508603811264,0.5017664041370153,0.037222909292083044,-0.029437360806558326,0.24002578160704272,0.04972516796765478,-2.370704976132741e-05
0.08133123815059662,0.3658868307247758,0.021919755461714298,-0.02944304834220266,0.17426823708383998,0.06065433830416283,-2.3711631478004853e-05
0.7659927578642964,0.20390457659959793,0.02620343360325807,-0.02944887457250349,0.16538032902024394,0.05483311875667051,-2.371632492394147e-05
0.07705840934067965,0.375147988088429,0.027546305182207832,-0.029454266163121568,0.20787567546008046,0.05909746458211842,-2.3720668237190405e-05
0.003364482894539833,0.5232725124806166,0.03340966936096265,-0.029461660410094112,0.2260383808664422,0.05464240653633707,-2.3726624835004e-05
0.7894381135702133,0.20622364431619644,0.024854974873551552,-0.029467060272087387,0.16996645653484335,0.051391875609718564,-2.3730974813077818e-05
0.04645847715437412,0.5303833773359656,0.031933260840730206,-0.029476346061435885,0.2193618384072958,0.055024614655831354,-2.37384551873637e-05
0.001460750587284565,0.5246676383540034,0.03272725268342492,-0.029477241728115226,0.2251708453044114,0.05447498772266702,-2.3739176711700558e-05
0.02354690246284008,0.49105787090957165,0.03464502363082345,-0.0294791594215049,0.22613161107181895,0.050808207464504526,-2.3740721552588972e-05
0.04475434124469757,0.543416884727776,0.02831876653236701,-0.029483403092471914,0.19563873718980063,0.05712325788506595,-2.3744140137153802e-05
0.07520491909235716,0.3737326106056571,0.02679507196424716,-0.029486927593571424,0.20429558470387912,0.059236993585188566,-2.374697937858664e-05
0.002607596106827259,0.5237393965944648,0.03318747313786503,-0.029494111276175877,0.22603851293159377,0.054573540484067116,-2.3752766357206968e-05
0.024758998304605484,0.5242883851751685,0.039003882255582316,-0.029525775747070323,0.24729237934971585,0.05385245631493115,-2.3778274405259323e-05
0.03782808035612106,0.5233176574110985,0.03661447393800406,-0.029529058404160414,0.2375657899970144,0.05374940922777045,-2.3780918827086118e-05
0.08842351008206606,0.3691172953695059,0.022590184817146818,-0.0295392827512463,0.176618742895667,0.060892141266146484,-2.3789155292622246e-05
0.0275184428319335,0.49513642955571413,0.037488780838919315,-0.029544290899016987,0.24007530257655482,0.049467917093074985,-2.3793189725867088e-05
0.08251424133777618,0.3772067278623581,0.028200703577580068,-0.02954573971249593,0.2026270925674038,0.059300497249102614,-2.3794356852335797e-05
0.04585946165025234,0.5292065087705851,0.03272800350377894,-0.0295591864483858,0.22304857253113697,0.054796555065035016,-2.380518919552959e-05
0.01314513012766838,0.550702883861959,0.03187361250700086,-0.029559986626723087,0.2198805430830428,0.058409555741693896,-2.380583379867054e-05
0.03408445976674557,0.5004863934591413,0.03816961657972577,-0.029560699912667666,0.24413003397121752,0.04943572068607415,-2.3806408403541883e-05
0.7900598160922527,0.20492870826274157,0.025100175291296316,-0.029586764321620933,0.15889836660485482,0.05175194098848832,-2.382740523152456e-05
0.02141578681766987,0.48861647583544254,0.03254190278864938,-0.029588010337221984,0.21338397880244311,0.0520175975981456,-2.3828408990552813e-05
0.030356653034687042,0.49770733807235956,0.03835823539708809,-0.029592271843255462,0.24430158951776765,0.049206094305789434,-2.3831841953591064e-05
0.7727779299020767,0.1984293581917882,0.02666431809497457,-0.02961530796287581,0.19775013936871885,0.052962336584487874,-2.3850399284853492e-05
0.7814172636717558,0.21205354668200016,0.026936877291898788,-0.02962666374537651,0.19794064386061622,0.0501840539137541,-2.385954722853306e-05
0.7793873744085431,0.21240456029772758,0.027254065759392498,-0.02962876081445476,0.19629170040389593,0.05036941604697475,-2.3861236576989695e-05
0.038573434576392174,0.546164670959115,0.03017758860350179,-0.02963102855099558,0.20736770411633007,0.05706006417231876,-2.386306341117111e-05
0.7759845620021224,0.21214774530380964,0.027421230391950865,-0.02964231543268011,0.2011011307211923,0.0506991364437386,-2.3872155854244506e-05
0.0053755128756165504,0.551317878998816,0.029168554737627906,-0.02965761964436299,0.20394620753342246,0.059102444732886415,-2.3884484567544344e-05
0.026812520809471607,0.49483310244977474,0.037485680438382823,-0.029669988736291647,0.2399439516582708,0.04962324796957344,-2.389444882142984e-05
0.042578376829624176,0.5022064577788115,0.03626943935640762,-0.029678333679124664,0.23272463304261348,0.04978013280989416,-2.3901171316102106e-05
0.05206291191279888,0.48026248067617416,0.02840711807688333,-0.02967950061001047,0.19707930578437474,0.05072781331018602,-2.3902111369009185e-05
0.045359229668974876,0.5000424422323704,0.03591454986065059,-0.029680140720296615,0.23542197099782686,0.04895103380944198,-2.3902627027270345e-05
0.021711239591240883,0.48960391245782375,0.0334587542790295,-0.029680632159483612,0.21934713752180682,0.05166136063606572,-2.3903022919488256e-05
0.08887411467730999,0.3717187000438571,0.023972412456722145,-0.02968686930388751,0.190486771977114,0.060517383574252216,-2.390804742148835e-05
0.017446055077016354,0.5496057085692883,0.033338490756040506,-0.029690250214883362,0.2246098504486472,0.05748403530764389,-2.3910771007056546e-05
0.05417988635599613,0.49006377067416906,0.03195598756984843,-0.02970602594898543,0.21580740112627553,0.04981538712803228,-2.3923479585897533e-05
0.055509005673229694,0.48732022382318974,0.030049930236926668,-0.02971149903138324,0.20018334212809638,0.051038347064601954,-2.392788858015726e-05
0.05499345529824495,0.4833049364387989,0.02907972061237302,-0.029713579710052465,0.18065528132429592,0.05161610682477522,-2.3929564729111592e-05
0.03935562074184418,0.5032317955046892,0.036963266510601674,-0.029715352762815544,0.2364700051167567,0.05019997979437429,-2.393099306148644e-05
0.025172346271574497,0.4934549918398261,0.03670168188754937,-0.029717433050582245,0.23623255746817665,0.05005768696473328,-2.3932668895730133e-05
0.08476601913571358,0.37669276539236307,0.02779598203519424,-0.029720545604735738,0.2068678548909149,0.059426694797055465,-2.3935176301350465e-05
0.029138198122382164,0.5238146036863327,0.03913996307430176,-0.029727394780364666,0.2479991293449508,0.053596009793694666,-2.3940693848407113e-05
0.04156257025897503,0.47513996344059706,0.027153741391731597,-0.02974063564253161,0.19280635709251168,0.05087920811340946,-2.3951360402434284e-05
0.07347473222762346,0.37301565054804087,0.02676416992299784,-0.029745200217053177,0.20340867732715143,0.05930830388690231,-2.3955037526553374e-05
0.05490964837372303,0.48893256671726704,0.031157252740041264,-0.029754216588575275,0.2102213085854348,0.05036348857213913,-2.3962300925086785e-05
0.7862231992185116,0.19952050037682056,0.025555687207441054,-0.029764892284372138,0.19100972395186758,0.05176177663671675,-2.397090104274104e-05
0.08644352294504642,0.3666349155828357,0.02214382460985088,-0.029764952809837188,0.17681591258006546,0.06084533804082026,-2.397094980079986e-05
0.049781463108956814,0.5376936923712492,0.02938369792430592,-0.029765792511306663,0.1842584495042998,0.056878369877320784,-2.397162624689007e-05
0.01961387973278761,0.5226447721943259,0.03937918827508638,-0.029771647805414626,0.2491796870602773,0.05418986806762586,-2.397634315086714e-05
0.02406220231205225,0.547814360819757,0.03388685545387172,-0.029781180783998877,0.22494667391343776,0.056443216514496325,-2.3984022723244872e-05
0.006450507789850235,0.5211104042828083,0.03522763058322444,-0.029787477944256072,0.23055918651999524,0.054858126923468864,-2.3989095587820977e-05
0.08828292973339558,0.37337991409003735,0.02542296035631055,-0.029791030580385448,0.19894029247249898,0.0601278115174778,-2.3991957519847385e-05
0.02052073646336794,0.4882557261735201,0.03231124905789653,-0.0297919356529688,0.21152951445125046,0.052375906456310496,-2.3992686628118014e-05
0.02752602379769087,0.5471645817160606,0.03358327526168051,-0.02979286877878227,0.22319307756821147,0.05621737960883726,-2.3993438335527203e-05
0.036533743143081665,0.5223915465176105,0.037715229231156604,-0.029793748673669643,0.2425114977631626,0.05359996775828606,-2.3994147161190854e-05
0.008867376483976841,0.5517274960875511,0.03032111024652012,-0.029798639715460266,0.2129878127047677,0.0594254751790285,-2.3998087286643238e-05
0.04476198926568031,0.4758133143186569,0.027353929065556674,-0.02980054351796679,0.2003541288130517,0.05055640962100796,-2.3999620952024268e-05
0.04458564333617687,0.50100127607584,0.0361735299187986,-0.029803491900814848,0.23587203513619293,0.04927428147134286,-2.4001996110695088e-05
0.08759943582117558,0.37436710484325886,0.026260044639910655,-0.029815094678191746,0.20285385827254412,0.05988813819356172,-2.401134307975817e-05
0.03721165470778942,0.4755848366767168,0.028136431651981954,-0.029823473615609882,0.20420358849392506,0.050718216648597575,-2.4018092988819267e-05
0.03338784910738468,0.5228167092427611,0.03871244722155935,-0.029834164730297222,0.24667130568244883,0.053489962392599365,-2.4026705545378123e-05
0.01327724289149046,0.5510477339848876,0.032301432319930205,-0.02985658442683436,0.22170556327276741,0.05866276595471231,-2.404476643102574e-05
0.0447304779663682,0.52665607444942,0.03443463156494022,-0.029857708315738415,0.22981154404652304,0.054404659044832576,-2.404567181509611e-05
0.04117501527070999,0.5230262959375978,0.03638158551383846,-0.029865795860724652,0.23019760264275466,0.05396440277423292,-2.4052186992334e-05
0.027389721013605595,0.523411856032908,0.03965025728951506,-0.029888568098381446,0.24989083691507852,0.05367675749241283,-2.407053189589266e-05
0.7647612150758505,0.20398575719445944,0.02667119328150349,-0.029890879149139717,0.1666073492210673,0.05536507176932104,-2.4072393637360608e-05
0.009621214121580124,0.5204011881724,0.03666005569575147,-0.029896778521509213,0.23928889825004493,0.05482751651226662,-2.4077146067606114e-05
0.7688922304660082,0.20941033586859703,0.027373684385428813,-0.029897678780691005,0.19757691589883777,0.05254591988293256,-2.407787130058533e-05
0.04362041223794222,0.5251432163640857,0.03519802815369971,-0.02991027615261666,0.23154124329434755,0.05421242933961602,-2.408801952411904e-05
0.03510952368378639,0.5468449043110013,0.031989995849564065,-0.029913949010056947,0.21697209151431063,0.05672808964042935,-2.4090978314857078e-05
0.08977017644792795,0.3701686291024089,0.023398273459712682,-0.029917371326045977,0.18362864152351033,0.06087293845559984,-2.4093735274006697e-05
0.047315891832113266,0.4986663907766342,0.036154889681366174,-0.02992076934504993,0.2371528041486502,0.048574645305738115,-2.4096472660200446e-05
0.7878524698317051,0.2004480492323637,0.025427898841537146,-0.029926890896952642,0.18755521619934895,0.05176713859843419,-2.410140407877967e-05
0.022813787683844566,0.49187523405998945,0.035644222661991895,-0.029940718468073522,0.2310682018991026,0.05086464568283942,-2.4112543339307966e-05
0.014172827824950218,0.5208301637321711,0.03856430180232691,-0.029954434274116735,0.24687491758533436,0.05456393280362592,-2.412359256830953e-05
0.04890654981136322,0.5324383284896612,0.03122428840947198,-0.029956610864625612,0.21458854624892776,0.055685283953828345,-2.4125345994438585e-05
0.7674942966550589,0.20858164597302675,0.02710449824931133,-0.02996457086898834,0.19362112420386546,0.05324800011602426,-2.4131758446251946e-05
0.0188479358330369,0.5219754688441753,0.03964881299336834,-0.029964627648860036,0.25033834708343244,0.05424414655062364,-2.4131804187211164e-05
0.004060924053192139,0.5218666167929769,0.034613840968573506,-0.02996643632261929,0.22979438483157874,0.05472042457174897,-2.4133261225990963e-05
0.07905039377510548,0.37792846467345953,0.029606248624191065,-0.029969044036084944,0.215240203236504,0.058889042404622706,-2.4135361958573593e-05
0.028078749775886536,0.49674851913005114,0.03868039390492071,-0.029971138722685916,0.24523968499631352,0.04948952248611163,-2.413704940497481e-05
0.02743447944521904,0.480016334913671,0.030658465445062608,-0.02997204870970677,0.20575846415905988,0.05144436167265931,-2.4137782476161643e-05
0.019914218224585056,0.48540427442640066,0.031086830828245572,-0.029973192634351976,0.19097065630849813,0.05333514870919778,-2.4138704003836098e-05
0.021795046515762806,0.483487993478775,0.030961433885179815,-0.02997664069935195,0.18550234925859554,0.053075443528158524,-2.4141481710875386e-05
0.047787548042833805,0.5304609686136246,0.03250062859131783,-0.02997841499285046,0.22201365490428673,0.055172600474939625,-2.4142911053978332e-05
0.07296211086213589,0.36785079911351204,0.02449188897307477,-0.029991412074118786,0.18337354289532656,0.06011105615161357,-2.415338130176846e-05
0.7896082615479827,0.20753057301044464,0.02550753056054979,-0.02999268683788984,0.18226982721390164,0.0510262900126992,-2.4154408231979677e-05
0.08345816098153591,0.36516994144767523,0.022512870328665932,-0.03000198688998785,0.17842612224489243,0.0606920395901856,-2.416190021300113e-05
0.7760074399411678,0.1969649726524949,0.027135521740537002,-0.03000498438103587,0.200429841657203,0.05272574087923513,-2.4164314946805666e-05
0.0018320940434932709,0.5504144113510847,0.02907290940630085,-0.03001463789797852,0.2085798052040599,0.058222203906069775,-2.41720916766587e-05
0.04492724686861038,0.5444035986438394,0.029179995254274737,-0.030034662641947554,0.20208026642064325,0.05738256319017938,-2.4188223320130732e-05
0.07167020253837109,0.36877720803022385,0.0249033003881574,-0.030044970998422085,0.185070595376308,0.060051529191713096,-2.419652758646268e-05
0.04859141260385513,0.5314744953066111,0.03193824889872945,-0.030048638428737343,0.21886094187505037,0.055456809149297175,-2.419948201712859e-05
0.023327135480940342,0.5483999941498041,0.03431982509404061,-0.030052168629533523,0.22713672223935424,0.056729793577435565,-2.4202325897917054e-05
0.050410966388881207,0.535574714653194,0.02981349859557124,-0.030057541189693445,0.19926463916361695,0.0565870707658315,-2.420665395842951e-05
0.08120697177946568,0.37885652761906385,0.029834879078610772,-0.030059998533535973,0.21243785556621908,0.059037702227295374,-2.4208633561037003e-05
0.0563368434086442,0.48626918997615576,0.029936538743625955,-0.030060549014909333,0.19390433144277672,0.051656375243772236,-2.420907702132631e-05
0.050245415419340134,0.5349239883944392,0.030019562721939938,-0.030061006431011453,0.2029964720439537,0.056420583755369784,-2.42094455095075e-05
0.023925873450934887,0.5227225106209517,0.040147846645432146,-0.03006405177170801,0.2518075904775499,0.053895079220520184,-2.4211898794619794e-05
0.03598582744598389,0.5031569479033351,0.038607032520583576,-0.030071179577641514,0.24581042700174552,0.0501683119601966,-2.4217640859168818e-05
0.7851510848850012,0.21109691821038723,0.027239824759295712,-0.030072062954133214,0.20044294544219546,0.049942524479158465,-2.4218352495469595e-05
0.041003063321113586,0.5220696674659848,0.036948192952862585,-0.030076695031122584,0.23272622574918167,0.05388229473070489,-2.4222084035122173e-05
0.03155027236789465,0.4999633450061083,0.03937790517126002,-0.03007975115995447,0.24868511415391376,0.04953770680339762,-2.4224546012171315e-05
0.031102904118597507,0.5224156053736806,0.03969041181066307,-0.03008646280059663,0.2503143672932775,0.05348636699853192,-2.422995282207981e-05
0.7641395274549723,0.20515909977257252,0.026900717009036387,-0.030090242597128444,0.16825999642913494,0.05550903690481345,-2.423299777720394e-05
0.7735130116343498,0.19754378497600555,0.02752076197435021,-0.03010265116148104,0.20259925152108355,0.05289208469647898,-2.4242993958345175e-05
0.7646407131105661,0.20308813080191612,0.026721468843886206,-0.030106162380780285,0.17538333361631253,0.055463482928454606,-2.4245822552496062e-05
0.78131811786443,0.19693370163440704,0.02683639302025389,-0.03011311654399702,0.19817864657068454,0.052278882745518604,-2.4251424739890447e-05
0.03466818667948246,0.5024838298559189,0.039059311560621035,-0.03012654484022073,0.24772066079064686,0.0499966146572481,-2.426224241163172e-05
0.07120335567742586,0.3720494853332639,0.026635620257695086,-0.030127848732568352,0.20125215389698448,0.05949206444192708,-2.426329281164497e-05
0.07542842347174883,0.37614276353269815,0.029552506187626795,-0.030129604496453997,0.21625785620327817,0.0587655198636661,-2.426470723400667e-05
0.03310038335621357,0.5217899335548282,0.03945470910216059,-0.03014174789202711,0.24953535802008173,0.05344253170592077,-2.4274489810115968e-05
0.0429215868934989,0.5234972313046455,0.03618802477762986,-0.030144641272599797,0.23402602909627834,0.05404697444792092,-2.4276820683874204e-05
0.07769539300352335,0.3777554780244827,0.030113130307597265,-0.03014976582265816,0.21803653838961243,0.05875067296045224,-2.4280948962334926e-05
0.04365186020731926,0.545417420566082,0.029626096332070903,-0.03016197151738883,0.20439103373791806,0.057544543639260225,-2.429078173189362e-05
0.789936438202858,0.201962074264884,0.025346161143043996,-0.030164134605133498,0.17928962045143637,0.05194750000324949,-2.4292524291281258e-05
0.07183288875967264,0.3731005787849426,0.027534123820870463,-0.030171787342535433,0.20653295892912873,0.05925019392717594,-2.429868925218378e-05
0.08744892105460167,0.37574106827378273,0.027819255064666044,-0.03017666992319401,0.2095103263674689,0.059620570078351594,-2.43026226060901e-05
0.08182736951857805,0.3792585236951709,0.030153585681335048,-0.030180538905160734,0.21186064161752674,0.059062403058104916,-2.4305739416319214e-05
0.04994015395641327,0.54004932846874,0.02955320106535351,-0.030183453043539962,0.18401359630427533,0.05730957501595621,-2.43080870150718e-05
0.03967931028455496,0.5047669056802988,0.03773000967438123,-0.030192473591765367,0.23884785968667707,0.050693518330086465,-2.4315353873682863e-05
0.020818409509956837,0.5492782620713115,0.03446974363839665,-0.03019402489992011,0.22846199550477875,0.05722673954250211,-2.4316603591387316e-05
0.7713446756824851,0.2111996691673994,0.028466692147769514,-0.03019964848026832,0.20586454155704811,0.051471287552577426,-2.432113388967985e-05
0.07033130712807178,0.37043818552047014,0.025705723293399645,-0.030200244877150607,0.19320039984913595,0.05983620027356793,-2.4321614340898445e-05
0.037718335166573524,0.5471886852756143,0.03144269570886443,-0.030203352245510486,0.2143643471856834,0.05732159004690932,-2.4324117605155757e-05
0.07261636946350336,0.3740360550582409,0.028331056492484418,-0.03020488073397674,0.2106334364043123,0.0590473305058538,-2.4325348939960627e-05
0.09053707402199507,0.36986517906188965,0.02364512253903973,-0.03020910337103649,0.18362760431201305,0.06100070492893991,-2.4328750653840897e-05
0.034513166174292564,0.5211557913571596,0.039274840603914354,-0.030215868396655715,0.24884799720886636,0.05343668627573945,-2.4334200491239158e-05
0.04840840771794319,0.5419748481363058,0.02918798982055437,-0.03021710832043585,0.19465096714958924,0.05733679571168765,-2.433519936163304e-05
0.09018192067742348,0.3721442148089409,0.02497458731530478,-0.030224331348983245,0.19566742629803277,0.06055004377262801,-2.4341018163085232e-05
0.03892279043793678,0.5205842824652791,0.03783136597032178,-0.030230552576478976,0.24104766342324135,0.05364982006032428,-2.434602992438474e-05
0.045016021467745304,0.5256609935313463,0.03536289196110738,-0.030237239034973395,0.23385495917460417,0.054301343577599734,-2.4351416472372615e-05
0.017572966404259205,0.5209711836650968,0.0399341967184187,-0.030241270040191698,0.2516383348409057,0.05433374913162316,-2.435466381273717e-05
0.03183679562062025,0.4773736894130707,0.030623504073575624,-0.030242373166468623,0.21261624811399005,0.05065652761678956,-2.435555248108917e-05
0.013024089857935905,0.5198740120977163,0.038701603534701146,-0.030271745082468358,0.24752249373124005,0.05464175289412985,-2.4379214236557183e-05
0.7838273206725717,0.19757547322660685,0.026918307061600005,-0.03029413197362585,0.19987699039883475,0.05194702029125692,-2.4397248931981514e-05
0.022668705321848392,0.48231465090066195,0.030919226155476664,-0.030296633386390784,0.19485433836482638,0.05285669594641407,-2.439926405029457e-05
0.028959911316633224,0.4984101429581642,0.039604237473246845,-0.030304656141303603,0.24920044973438452,0.04958837003251338,-2.440572711914484e-05
0.006181077100336552,0.5522535787895322,0.030156357381697644,-0.030312296197813775,0.20886148496855822,0.05990863350387754,-2.4411881890603886e-05
0.04288632236421108,0.5460869623348117,0.03010618119446038,-0.03031908630242667,0.20577557172829014,0.05769393000890689,-2.4417351948470205e-05
0.021995858289301395,0.49239242263138294,0.03629517481160198,-0.03032318309016381,0.2342047448151822,0.05100429246444441,-2.4420652290801146e-05
0.018787655048072338,0.48509736731648445,0.031133759249924606,-0.030326784294339194,0.18888697099611287,0.05371881743604308,-2.4423553394966573e-05
0.03241903893649578,0.5014147097244859,0.039808655027361105,-0.030337319622350877,0.25054247657812195,0.0498363917410157,-2.443204058120776e-05
0.08571034856140614,0.3653216268867254,0.022780345377255373,-0.03033794377118063,0.18349580173987132,0.06072664095836078,-2.4432543391205776e-05
0.7888784995302558,0.20896576065570116,0.02648892387317053,-0.030345258938200108,0.19284686638595092,0.05050946487900579,-2.4438436440078212e-05
0.01792177464812994,0.486609504558146,0.031301069014951874,-0.030362212429538512,0.20073305877655337,0.0535746232854148,-2.4452094062594582e-05
0.7794713210314512,0.19633855484426022,0.02754568304695727,-0.03037398174156898,0.19871826551980581,0.05252158716170573,-2.4461575348062312e-05
0.038945733569562435,0.5054641729220748,0.038216782976474926,-0.030388975681458808,0.24222428871739765,0.050905106202431716,-2.4473654378831467e-05
0.7687471555545926,0.19935002364218235,0.02768441866614814,-0.030393950729215954,0.20009156927928573,0.05381717053015503,-2.447766224958486e-05
0.023196528665721416,0.5217186538502574,0.04078409835819735,-0.03039397274409645,0.2543079503016867,0.05393881337701196,-2.4477679984651275e-05
0.029734957963228226,0.49933767691254616,0.039905585719197195,-0.030398116292471897,0.25054336836232577,0.04965093758088202,-2.448101800460033e-05
0.08005531504750252,0.364573672413826,0.02339883270160457,-0.030398174526040607,0.1870133715655152,0.06041947904582727,-2.448106491724835e-05
0.020053906366229057,0.4908580621704459,0.03488110437984462,-0.03040536040643766,0.22732495004903086,0.05180141529849736,-2.448685382427084e-05
0.039656441658735275,0.5199506282806396,0.03801253507981171,-0.030405595285696987,0.24032984166292037,0.05364663570053713,-2.4487043041774048e-05
0.051542640663683414,0.5369767919182777,0.030018154756070434,-0.03042525627175572,0.19197889336718887,0.057114375209587294,-2.4502881834132642e-05
0.0209452947601676,0.521258095279336,0.04072811045018467,-0.030428948602749726,0.25425958366901386,0.05409866538832753,-2.4505856358631322e-05
0.017609081231057644,0.5505620837211609,0.034346028526970676,-0.03043505467131355,0.22901439972569984,0.058130969340176336,-2.4510775379507312e-05
0.06959624029695988,0.36931559443473816,0.025600790666905997,-0.030435708209238105,0.18910258590958243,0.06002383107226527,-2.451130186672099e-05
0.0856165960431099,0.37823155149817467,0.029653784071223037,-0.030435926652413438,0.2153568555508379,0.05924503904854062,-2.4511477843563244e-05
0.0570263871923089,0.48534331005066633,0.03011928342100669,-0.030438028831685483,0.18776103844709785,0.0521607178087988,-2.4513171349815546e-05
0.7779760817065835,0.213353400118649,0.02877297260940773,-0.03043979635676465,0.20530818149419758,0.050328299026464865,-2.4514595260225425e-05
0.08683469891548157,0.3771623680368066,0.029111902913858075,-0.030440670278180527,0.21438007379337573,0.05938306255178662,-2.451529928749279e-05
0.02669327985495329,0.5217658746987581,0.040839181631521185,-0.03044175736130229,0.2544893754589734,0.05368877077408999,-2.451617503692352e-05
0.041053975000977516,0.5470222532749176,0.030926709575770386,-0.030449995979883827,0.206036661956964,0.057836345892715114,-2.4522812033131285e-05
0.7877531675621867,0.21002007275819778,0.027200942227312164,-0.030456001506254705,0.19868278349142948,0.0501396237130201,-2.4527650060768545e-05
0.07365796063095331,0.36641879845410585,0.024659139916142485,-0.030459526475111895,0.18844961225957313,0.06009386430812982,-2.4530489761766025e-05
0.013409757055342197,0.5194986741989851,0.03915082288977821,-0.0304599672477943,0.24921976455794048,0.05461569228292357,-2.4530844846520573e-05
0.7870897008106112,0.19910320080816746,0.026612111218623877,-0.030463059469059094,0.19664633762417297,0.05172901667419802,-2.4533335928050182e-05
0.03327812999486923,0.5477902572602034,0.03347712905018761,-0.03047807643698335,0.22376187439300252,0.05690606876337448,-2.454543354285195e-05
0.026954108849167824,0.4971739184111357,0.039467142902604925,-0.030479049850309612,0.2483928070606379,0.04978760052204137,-2.4546217721282092e-05
0.04956784099340439,0.49741988722234964,0.03670602533297331,-0.03048893332068092,0.23956892703040267,0.04849645096774697,-2.4554179812362037e-05
0.7918092794716358,0.20393964741379023,0.025904955862293303,-0.030503106366458827,0.16454615971044312,0.052171431922860424,-2.456559757540456e-05
0.06998197454959154,0.3725717291235924,0.027590517228683897,-0.030509354824506004,0.20595545602152296,0.05938016939400024,-2.457063131597758e-05
0.7633663732558489,0.20614768378436565,0.02719362779987527,-0.030513107045996225,0.17878528088246548,0.05568358871416498,-2.4573654095724548e-05
0.050945257768034935,0.53364397585392,0.031088800499223922,-0.0305259474628499,0.21165981052910696,0.05629754788155338,-2.4583998304330717e-05
0.039515803568065166,0.5192999765276909,0.038299596777311026,-0.030527468123261035,0.2417350358775766,0.0535842350592669,-2.458522334493007e-05
0.03521009907126427,0.5196278253570199,0.039739511136675704,-0.030535627433674814,0.25056788825099185,0.053369586902474925,-2.4591796467977727e-05
0.017148620449006557,0.48756637889891863,0.03177594705960327,-0.030540846571927426,0.20755687562375438,0.05349047643520787,-2.4596000995468695e-05
0.005186256021261215,0.5200831517577171,0.03607698865614307,-0.030543601114239673,0.2334338552476709,0.054817978301956734,-2.459822004959718e-05
0.769405635073781,0.19877919740974903,0.028081771885327584,-0.030544450945207205,0.2031116311029017,0.05362462425627721,-2.4598904671870867e-05
0.043143187649548054,0.5042583243921399,0.037596401967198795,-0.030545545155294566,0.23949634538285675,0.05041646506822876,-2.459978616554286e-05
0.04079709481447935,0.5059395423159003,0.03820693184536404,-0.030558872557923823,0.2377424623850065,0.05105484003866776,-2.4610522699417437e-05
0.03602402936667204,0.5192565703764558,0.03954196556338197,-0.03056482374133813,0.24966624890007505,0.05337700017818293,-2.4615316964505163e-05
0.03535506781190634,0.5044755442067981,0.039655491770952726,-0.030566407309223474,0.25005461591839984,0.050586534157614244,-2.4616592684739624e-05
0.7695352211594582,0.21081218030303717,0.028889806751982928,-0.030570152993529852,0.2070424682637295,0.051999136106800764,-2.4619610203404203e-05
0.04837131220847368,0.5290745394304395,0.03405872311188559,-0.030581474694876945,0.2293165729432632,0.05501353867999204,-2.4628730954167344e-05
0.043704451993107796,0.5038562538102269,0.03756885055477545,-0.03058426531784699,0.24043201381423213,0.05024984824503678,-2.4630979077598045e-05
0.7665063412860036,0.2003753688186407,0.027531283437011392,-0.030591632266877774,0.19615712991255602,0.054621759091692174,-2.4636913886233446e-05
0.05125030316412449,0.5397424213588238,0.030026612715504438,-0.030608289243577745,0.18398071344228017,0.05754206834825055,-2.465033273914856e-05
0.042292822152376175,0.5208765678107738,0.037633987526500684,-0.030613047201172524,0.23789829994938927,0.05381098745174732,-2.4654165748896143e-05
0.00899986457079649,0.5188394049182534,0.03758800377487511,-0.030621892378815952,0.24261591708908434,0.05485032687659072,-2.466129142383301e-05
0.025164675898849964,0.5488381553441286,0.03507058463878848,-0.030622992719243958,0.23035920564448165,0.05698724000762172,-2.466217785819526e-05
0.762485234066844,0.20500562619417906,0.027388548282872006,-0.030628287810731233,0.16896150228332665,0.05633595419391848,-2.466644358486094e-05
0.025295286439359188,0.5211794329807162,0.04125509796113814,-0.030634845736601087,0.25607518426319353,0.05377659814712986,-2.4671726652093723e-05
0.031229819171130657,0.5481212623417377,0.03424585617790601,-0.030638459959820258,0.2269177387253582,0.05686539789447296,-2.4674638271958623e-05
0.018277935683727264,0.4901406252756715,0.03414878332264857,-0.030648423450328546,0.2237004568663719,0.0524354124448656,-2.4682664866101002e-05
0.07264872547239065,0.37559171952307224,0.030202982728760822,-0.03065132362230916,0.21875125926085687,0.05871390690311815,-2.4685001246910434e-05
0.01774538028985262,0.5199742699041963,0.0406695176287372,-0.030651426462267754,0.254445192213852,0.054319525680266864,-2.4685084094865093e-05
0.00825310219079256,0.5527823539450765,0.031094944630151757,-0.0306559046752772,0.2159630500283712,0.06038119040517382,-2.468869174717726e-05
0.07442296575754881,0.3657491412013769,0.024776625904959933,-0.030663048800631847,0.19135118647246474,0.06007219352826144,-2.4694447061828422e-05
0.03174625150859356,0.5201588850468397,0.04080788282571345,-0.0306736732700513,0.25466064373704944,0.05337961167089386,-2.470300614752866e-05
0.019349876791238785,0.4912870340049267,0.03533550085515469,-0.030673745380111642,0.22978255360577238,0.05188619610609393,-2.4703064239491954e-05
0.03829202335327864,0.5182901071384549,0.03896635297889015,-0.0306787993210002,0.24618136698031204,0.05342342938770153,-2.4707135701508037e-05
0.08259575720876455,0.3807862475514412,0.03128388069665669,-0.030680741252620932,0.2143290220977051,0.05905713374419888,-2.4708700124569994e-05
0.023890101350843906,0.48105668276548386,0.031212720550877694,-0.030687120888168277,0.20370488756956584,0.05247134440021464,-2.4713839569308578e-05
0.08987685292959213,0.36701563373208046,0.023533515725202542,-0.030689550558603295,0.18215591917243756,0.06105083994844471,-2.4715796916014098e-05
0.016511674039065838,0.48602306097745895,0.031058788157285407,-0.030705666506073825,0.1962783191274856,0.05410676848331016,-2.4728779954869263e-05
0.018423019908368587,0.4840495130047202,0.031188552469780452,-0.030716646204361903,0.1824856845205036,0.05399427999926257,-2.47376252249988e-05
0.021011550910770893,0.48252154514193535,0.031152449819976655,-0.030726133561607374,0.1944726752055317,0.05334877245887865,-2.474526826416253e-05
0.010505587793886662,0.5526937134563923,0.032138633477478695,-0.03073860992861069,0.22139091415468837,0.06021107203997216,-2.475531926059152e-05
0.016975611448287964,0.4891746984794736,0.03311721774347435,-0.030742756011919045,0.21797248328504812,0.053036507733639895,-2.4758659357845588e-05
0.023319524712860584,0.494877434335649,0.038481248522353434,-0.030744058147877774,0.24406237963349425,0.0504852323783669,-2.4759708362600393e-05
0.028728646226227283,0.5205606408417225,0.04133022790454016,-0.030755203729595674,0.25646783887348973,0.05352505541801579,-2.476868727941433e-05
0.06832228414714336,0.3689731741324067,0.025921253018856234,-0.03076449715945366,0.18951773760273632,0.060100888040076114,-2.47761740990296e-05
0.05762541014701128,0.48636353574693203,0.030543605873236283,-0.030769199712448715,0.19711345296986255,0.05218422520134753,-2.4779962492993964e-05
0.013969200663268566,0.5520344031974673,0.03366639664640348,-0.030778604137836157,0.22739899028202154,0.05944156789840861,-2.478753873427052e-05
0.08823120966553688,0.3767666593194008,0.029368894838601504,-0.030779505122831084,0.2160742877789494,0.05948562904482359,-2.4788264571364122e-05
0.05237054545432329,0.5382447363808751,0.030339832590851937,-0.03078656591757309,0.18466017877353905,0.057552364740738646,-2.4793952776373908e-05
0.03644981514662504,0.5062318276613951,0.03972620483653198,-0.030794523418849203,0.25012823376012727,0.05110382538923029,-2.4800363373302303e-05
0.042437746189534664,0.5057860519737005,0.03820015562861116,-0.03079478674429167,0.2401312873206601,0.0509468969821568,-2.4800575509427413e-05
0.0010266853496432304,0.5509699936956167,0.03008734972948726,-0.030799040973966973,0.2135672871499436,0.05858556083041454,-2.4804002735649565e-05
0.026820161379873753,0.5488105667755008,0.03518821930058911,-0.03079917490275466,0.23083284940631288,0.057007095738670355,-2.4804110629279936e-05
0.03641842491924763,0.5482154162600636,0.03290591169926958,-0.030811908006369397,0.22161363196529785,0.057590439969235005,-2.4814368476533584e-05
0.04109113197773695,0.506928819231689,0.03858748725822497,-0.03081263872751369,0.2384531460366577,0.05134770111711452,-2.4814957148994282e-05
0.0766904791817069,0.36474308278411627,0.0246882893872107,-0.03082186134905192,0.1939044722571616,0.06011825747840081,-2.4822386938305507e-05
0.07824683655053377,0.38019183930009604,0.0319633696810324,-0.03082224959286003,0.22470715812371642,0.058627272134515816,-2.4822699709474833e-05
0.08522997703403234,0.37976667657494545,0.030847947771121563,-0.030830311640740432,0.21931718110083487,0.05913349842532831,-2.482919453674136e-05
0.0221245801076293,0.5203016456216574,0.041559659284115626,-0.030844048042406116,0.2573627347675762,0.05400244428421809,-2.4840260656339865e-05
0.034597051329910755,0.5050265863537788,0.0403449178776337,-0.030846622471138244,0.2528115003702266,0.050771462726106116,-2.4842334630594844e-05
0.024054531939327717,0.4958223942667246,0.039166865301757586,-0.030853572105546845,0.24699921902267474,0.05032883101253477,-2.484793329595378e-05
0.03762203734368086,0.5072516221553087,0.039439696092821,-0.030853599044434285,0.2484585828513313,0.051410021179507326,-2.4847954998078418e-05
0.04908950254321098,0.5429312977939844,0.029936625153839533,-0.03087831456712256,0.20220836341557877,0.057636846276312124,-2.4867865974723842e-05
0.08074012491852045,0.3815032076090574,0.03182943181294367,-0.03088150343209492,0.22095433825487748,0.05890948826188428,-2.4870434945007417e-05
0.7926904335618019,0.20520425215363503,0.0262812979761704,-0.030886874403926214,0.16682935603371804,0.052167085511556945,-2.4874761835286953e-05
0.7715382194146514,0.21219591982662678,0.029796838722963202,-0.03088972669471387,0.21259698963201365,0.051230099012176886,-2.487705965982187e-05
0.04791000206023455,0.5001481873914599,0.0377752586994808,-0.0308997005491513,0.24389898464025905,0.04899838855003793,-2.4885094665254056e-05
0.09182635601609945,0.36842424515634775,0.02409857850170281,-0.030902167651601968,0.18193101399430986,0.06130927100353049,-2.4887082180264015e-05
0.014092267490923405,0.5185325015336275,0.04009621821128783,-0.030903513497139885,0.25277838603429625,0.05456117850978021,-2.4888166402917402e-05
0.020825990475714207,0.49338106624782085,0.03737696888018018,-0.030906971292571826,0.23933313806156017,0.051180218551124236,-2.4890952027501094e-05
0.79217679053545,0.20289039053022861,0.02608956469542868,-0.030916726911828056,0.17528942638500747,0.05231065612811583,-2.4898811225337364e-05
0.0027785031124949455,0.5519871804863214,0.03030083593832214,-0.030917361771681237,0.21323087625442466,0.05950761892451338,-2.4899322673135237e-05
0.08460789732635021,0.3641443429514766,0.023760671155039628,-0.03091887300471097,0.18898532835650156,0.06059375714905052,-2.490054013369271e-05
0.01833626814186573,0.5193883934989572,0.041231068645656094,-0.030922405948990907,0.2565161501927211,0.05427177349975793,-2.4903386300076883e-05
0.06696035154163837,0.3702412359416485,0.026513798779096317,-0.030925794390309496,0.19576380531356669,0.05997350244195193,-2.490611605408467e-05
0.02558321412652731,0.5202535009011626,0.04180808443440342,-0.0309324850105068,0.2582006463569781,0.05373425120346176,-2.491150606926467e-05
0.04305925779044628,0.520325287245214,0.037984544689793405,-0.030932754415616354,0.24127241015646278,0.05375850192265147,-2.4911723104119963e-05
0.08411218505352736,0.3809397229924798,0.031421313669564334,-0.030934812435949647,0.21918672924800015,0.059097890709024076,-2.491338106139491e-05
0.03663820680230856,0.5168585889041424,0.04009054137936738,-0.030961076648605142,0.25155587396144286,0.05319797211786898,-2.493453972577405e-05
0.03002344537526369,0.519533209502697,0.041600086399316075,-0.030961168738944663,0.25757802211671704,0.053412499650521555,-2.49346139145345e-05
0.06849377416074276,0.3680162476375699,0.025916915376094533,-0.030961458789734955,0.18886397748466266,0.06015933169660064,-2.4934847581918478e-05
0.034889415837824345,0.5176065359264612,0.04066467414094972,-0.030966598239327812,0.25412329546046036,0.05320888034053189,-2.4938987966577174e-05
0.01521909236907959,0.4859542762860656,0.03090130804963086,-0.030966895788407955,0.19544064703638217,0.05445286576350563,-2.493922767468755e-05
0.052207847125828266,0.4953823108226061,0.03656803692538078,-0.030970513949512037,0.23868674578246843,0.04876314600183253,-2.4942142496717818e-05
0.05601972155272961,0.49059348460286856,0.0335411697506953,-0.03097261444072448,0.22316079829263544,0.05041343806878856,-2.494383467084336e-05
0.04010706301778555,0.5168142588809133,0.03908015123301225,-0.030977419834496502,0.24324577027075964,0.05336225268193651,-2.4947705938585552e-05
0.04493492469191551,0.47481825575232506,0.028828949423200606,-0.030995962558189104,0.20776877887508505,0.05071597842564765,-2.4962644126264634e-05
0.04364421218633652,0.4744225339964032,0.028555060285925228,-0.030996972741305497,0.2052376430238782,0.0508947088305874,-2.4963457939262314e-05
0.07752239517867565,0.38035956770181656,0.032472936390194974,-0.031014686775455966,0.22699238782543646,0.05853317176894097,-2.4977728535535327e-05
0.030327160842716694,0.5017962446436286,0.041135693610325666,-0.031016283863518082,0.2555747181225589,0.05018840446689472,-2.4979015165422973e-05
0.7628498692065477,0.20212958753108978,0.02748528422932572,-0.031017581316291055,0.18660667200009154,0.05630722859738187,-2.498006040621465e-05
0.010628688149154186,0.5178526910021901,0.038922819443292206,-0.031018991086929123,0.24829934989712713,0.05476867078738204,-2.4981196131437456e-05
0.03843710198998451,0.5087562231346965,0.03948112234821979,-0.031024870299521945,0.24789671083418352,0.05183265537578165,-2.498593248400875e-05
0.06687985826283693,0.3716360814869404,0.027481363440174548,-0.03102877946275897,0.2036567034193768,0.05968810729315494,-2.4989081745558216e-05
0.05318406689912081,0.5372504303231835,0.030548622696614812,-0.031030281009395852,0.19244173112877686,0.05756735483972876,-2.4990291406858696e-05
0.014597412198781967,0.4877066779881716,0.03156786412146816,-0.031031550178331358,0.20783400671820862,0.05407730326167277,-2.4991313862354457e-05
0.03741839434951544,0.515923410654068,0.03996490437963611,-0.031047018143084273,0.2506880998612822,0.05313035980322765,-2.5003775016448158e-05
0.040891410782933235,0.548018466681242,0.03191132348275796,-0.03105063167950262,0.21116940510046464,0.05829040053060593,-2.500668612002148e-05
0.023729892447590828,0.496179373934865,0.03952714779851976,-0.03105405926552217,0.24853370333699887,0.050424967667907133,-2.5009447420267174e-05
0.04437539167702198,0.5216244552284479,0.03775753864852702,-0.031057854500146292,0.24262845511210793,0.053878829054143346,-2.5012504902534638e-05
0.03167510870844126,0.5185934361070395,0.04155481872054428,-0.03105788476489145,0.2575056692478856,0.05329502300035997,-2.501252928414376e-05
0.7748596109449863,0.19603141117841005,0.029051143788697543,-0.031064848139753964,0.21010659050566693,0.052867621100556185,-2.5018139055567242e-05
0.02961375005543232,0.5192191004753113,0.04184702944603774,-0.031070159293086753,0.25849522887425896,0.05341862276300254,-2.5022417779958603e-05
0.005504335276782513,0.5187912285327911,0.03706526608256603,-0.031074705937201307,0.23670069613084802,0.05483935149098608,-2.5026080607753444e-05
0.03929559327661991,0.4740708414465189,0.028873866276422872,-0.0310748266614407,0.20588926774720662,0.05109503102527802,-2.5026177864569783e-05
0.03917260095477104,0.5093331318348646,0.039371943751283195,-0.0310756783837798,0.24640426406570845,0.05199605026058106,-2.5026864021755568e-05
0.08025921508669853,0.36364590749144554,0.024500653545851167,-0.031077566786935153,0.19310206410107164,0.060339957800652516,-2.5028385340840882e-05
0.032985031604766846,0.5487164128571749,0.03445986930478108,-0.03107963548971718,0.22829858496043903,0.05736156760976274,-2.5030051911460972e-05
0.07325522135943174,0.3773785224184394,0.03196952881750971,-0.031080231116069595,0.22584771508435555,0.058426968553704085,-2.503053175488226e-05
0.054472015239298344,0.492905686609447,0.035320194468285895,-0.031085876134323596,0.23258723739329437,0.049481366746046876,-2.503507944677653e-05
0.018453523516654968,0.5511785075068474,0.035310425965932056,-0.03108643977686757,0.23294031179075142,0.05858138447990551,-2.503553352376272e-05
0.7716831974685192,0.19704268127679825,0.029260742818449592,-0.03108656521636137,0.21073041237075452,0.05316977790312916,-2.5035634579278332e-05
0.06619345396757126,0.36969007458537817,0.026483649999870195,-0.03109284148816226,0.1938224143210986,0.060096302098743004,-2.5040690817364576e-05
0.0006276238709688187,0.5223155785351992,0.0354552226982387,-0.031095628103315027,0.2366379775705488,0.054467224601086064,-2.5042935747491664e-05
0.761297632008791,0.2034776583313942,0.027660922344002126,-0.031100434440617275,0.17594695010972813,0.057072520025099244,-2.504680779012857e-05
0.03876269143074751,0.5149909807369113,0.039624280569057195,-0.031116142859096377,0.24808441689442978,0.053073405640361546,-2.5059462683383836e-05
0.04598095454275608,0.5029287049546838,0.038305987038599686,-0.031116457664864833,0.24548509930655998,0.049837752296701975,-2.5059716294808432e-05
0.0500269765034318,0.5295274816453457,0.034369323247576744,-0.0311245612773759,0.23058858295682697,0.055331604692322046,-2.5066244666230845e-05
0.021988247521221638,0.5502752503380179,0.035780178636200546,-0.031130287965556253,0.23403438963735299,0.05787448663399891,-2.507085815872626e-05
0.05093760974705219,0.4777734847739339,0.030239730294101774,-0.031130780489096628,0.2111902614327102,0.05053355192107643,-2.507125494196391e-05
0.09162437822669744,0.3674676166847348,0.024146355989143962,-0.03113231212016911,0.18331044413295647,0.06128462230460923,-2.507248884350393e-05
0.07196451630443335,0.37654983066022396,0.031606492561627036,-0.031135769530681784,0.22439260545566472,0.058514791643167814,-2.5075274177755714e-05
0.028750643134117126,0.47801960445940495,0.03206540361724481,-0.03113855808934156,0.2169160550708278,0.051143217517319935,-2.507752067659486e-05
0.03157596476376057,0.503441896289587,0.04133979330213933,-0.031140824287064283,0.2565315919378599,0.05050504637063736,-2.5079346354866345e-05
0.7652396913617849,0.20020597521215677,0.028195380500269835,-0.0311434893683698,0.19959338581023764,0.055137782469764855,-2.50814933790893e-05
0.01667695678770542,0.5184015007689595,0.04124170577001167,-0.031153124306119325,0.2568030128078379,0.05437628849999737,-2.50892554119598e-05
0.05334670562297106,0.4944185446947813,0.03628983075782275,-0.031154656310400805,0.23725898258495706,0.049051893834283294,-2.5090489615020306e-05
0.058125642128288746,0.4842916652560234,0.03057111511194594,-0.031156735938407776,0.18094912272290845,0.052810541021397865,-2.5092164991144438e-05
0.046385434456169605,0.5241184001788497,0.03717059085818956,-0.031170671702075426,0.24190108683542236,0.054181724299147346,-2.5103391831457227e-05
0.7629491733387113,0.20772861503064632,0.027993718307149525,-0.03117202914378367,0.19350434783085557,0.05548495456882398,-2.5104485405177806e-05
0.06914658937603235,0.3744809599593282,0.03011135440327177,-0.031172867959462315,0.2178695647325063,0.05893815613483899,-2.5105161166654998e-05
0.04918387997895479,0.5281102294102311,0.035304943808454364,-0.031178696506802765,0.23483195447262556,0.05496813273306423,-2.5109856725250458e-05
0.04261650424450636,0.518364030867815,0.03870803605610459,-0.031180819537444858,0.24289277213141017,0.05356183799873219,-2.5111567068399935e-05
0.08394236396998167,0.3819286050274968,0.03198432728393195,-0.031181767452118963,0.2207754371029925,0.05910578195060047,-2.5112330721742753e-05
0.015644218772649765,0.4903513193130493,0.034120027272549,-0.031189860571061767,0.22447633385213656,0.053011671635260986,-2.511885065267568e-05
0.09314247500151396,0.37079111859202385,0.025095106223000815,-0.03119318301471117,0.19285014498663955,0.06127098455699868,-2.512152726068437e-05
0.049476186744868755,0.5433063674718142,0.03033595256885665,-0.031196098101412977,0.20527342322406192,0.057787794671234814,-2.5123875696352288e-05
0.03733458369970322,0.5097807999700308,0.04016750490005335,-0.031197772439690817,0.25147890211444307,0.05205544510214951,-2.5125224567386135e-05
0.031952221877872944,0.5040623284876347,0.04141977668038518,-0.031200695212892225,0.25688675404445765,0.05064812834584073,-2.51275791957457e-05
0.08917944319546223,0.3656100993975997,0.024033871713417018,-0.03120465185359303,0.18931893161668079,0.060877117862390605,-2.5130766723056327e-05
0.7642514975741506,0.2087233904749155,0.028506356450025364,-0.031208078195994048,0.2001053238368736,0.054581291366304074,-2.513352703465962e-05
0.07456249091774225,0.3787805996835232,0.032742960751228005,-0.031211035446433177,0.22874069303420078,0.05833748065702083,-2.5135909439147673e-05
0.03225885797291994,0.5175732104107738,0.04174629293886639,-0.031219530608120473,0.25826229496585645,0.053208223602353444,-2.514275326768479e-05
0.034046334214508533,0.5165555020794272,0.04135214308029882,-0.031221354686516548,0.25678659253326175,0.05310156475255876,-2.514422277259248e-05
0.0702870050445199,0.3664659895002842,0.025845536097576755,-0.031224259113496803,0.19298784631519297,0.060083020897728705,-2.5146562622691924e-05
0.048326957039535046,0.5442728381603956,0.030605500432114293,-0.03122770326791178,0.209018541656386,0.05781024911981104,-2.5149337285612935e-05
0.037927388213574886,0.5133565347641706,0.04008233089430843,-0.031231047547942384,0.25075028442552294,0.05278863684308774,-2.5152031488503857e-05
0.051159667782485485,0.5308113088831306,0.03361701996399695,-0.031234559991441712,0.22670875161925647,0.05577493910653642,-2.5154861166747423e-05
0.039984623901546,0.5137946661561728,0.03955842118299298,-0.031235511399977312,0.24535911708162758,0.05293643343925006,-2.515562763607912e-05
0.04555421508848667,0.5226207133382559,0.03773247241526251,-0.031239525154103283,0.24361308248540411,0.05399187304298128,-2.5158861178312444e-05
0.08778240345418453,0.36485187523067,0.024132003808955114,-0.03124215143504681,0.1917014091417474,0.06071459574331545,-2.5160976950968524e-05
0.09106304496526718,0.37490752059966326,0.02855189411097714,-0.031242310970353012,0.21306685640815853,0.060068425642354366,-2.5161105475090842e-05
0.7607063725590706,0.20572252292186022,0.027826788497807328,-0.031242831199101043,0.17782014653445274,0.05710541801693767,-2.5161524579460567e-05
0.08596164640039206,0.38046439830213785,0.0316577995714304,-0.031247505936224333,0.22325579942638776,0.05911086862722985,-2.5165290620691558e-05
0.044425876811146736,0.3701347364112735,0.02407492270873971,-0.031251563604432445,0.1855290694118316,0.06150742536738012,-2.5168559542013682e-05
0.03462478891015053,0.5489328457042575,0.034205235290571706,-0.03125211570457184,0.2274544628093836,0.057704061746461956,-2.5169004322600718e-05
0.07956301514059305,0.3824676889926195,0.03270306546841469,-0.03125597254355765,0.22615320578424705,0.058797715196565854,-2.5172111453180698e-05
0.787291201762855,0.19816946052014828,0.027992418130076923,-0.03125674328945029,0.20434067726924776,0.05172881030700389,-2.517273237832545e-05
0.04307171516120434,0.3690797071903944,0.023475682323804117,-0.0312656972940084,0.17826047586598381,0.061896198115254805,-2.517994586784805e-05
0.041155047714710236,0.36982759088277817,0.02363548101268088,-0.0312683171201714,0.17715062628625572,0.062045613719868456,-2.518205644215847e-05
0.05332385562360287,0.4792660363018513,0.030326116129117883,-0.031270057172056255,0.20810867903879943,0.05104984420502319,-2.518345825618304e-05
0.06748629454523325,0.3735149661079049,0.029377862750827644,-0.031273940514648844,0.21421026311529393,0.05921167996103906,-2.5186586740243975e-05
0.051872050389647484,0.5412850761786103,0.0303345285663924,-0.031277449615177706,0.19577500433630635,0.057931967268380465,-2.5189413729127816e-05
0.04051153361797333,0.5112076057121158,0.03952465099231522,-0.0312774799654659,0.24377085178069413,0.052452777297680456,-2.5189438179818634e-05
0.7700439170002937,0.19749561045318842,0.029493312008034924,-0.03127937837601341,0.2111765809944249,0.05348831736240961,-2.519096757059254e-05
0.037042438983917236,0.5107979867607355,0.040436376794943406,-0.031283209684312044,0.25267364202294484,0.052274937970487115,-2.519405413587555e-05
0.021769359707832336,0.5189489703625441,0.04228275726011109,-0.0312834104633182,0.26016282978404065,0.054003004724677554,-2.5194215886771262e-05
0.05378302279859781,0.5359512008726597,0.030827724586669304,-0.03128389506530824,0.2017585580365434,0.05745700995588186,-2.519460629017194e-05
0.013793851248919964,0.48904345370829105,0.03254017469004435,-0.03128537218434656,0.21600746523412334,0.05383127407338414,-2.5195796281804917e-05
0.09331458434462547,0.371208269149065,0.02544232229694978,-0.03129144050124008,0.1955281900561227,0.061228392583819846,-2.520068501926904e-05
0.01510999258607626,0.490430130623281,0.03411838275719406,-0.031294310063537445,0.2246982492968118,0.0531119896662523,-2.520299678691664e-05
0.07491866312921047,0.37933969870209694,0.03305998927023883,-0.031303002490001834,0.22988917931924896,0.05831796101935415,-2.5209999553133763e-05
0.779269328340888,0.19531875289976597,0.02907846683216198,-0.03130437761850349,0.20578132862571125,0.05263802793936171,-2.521110738015673e-05
0.028180730529129505,0.5008374033495784,0.04151588583147185,-0.03131007355041952,0.25686699483895953,0.050271046252561534,-2.5215696120763966e-05
0.04096199572086334,0.37082408741116524,0.024156270429770487,-0.0313152250641944,0.1825089543376,0.06186738158089999,-2.521984626946817e-05
0.04061408992856741,0.512530061416328,0.039590534216111695,-0.031316835846145495,0.24375486159859847,0.05272263610566,-2.522114394343873e-05
0.03497322462499142,0.5080974511802197,0.04110236325756615,-0.03131892655747563,0.2557517368005978,0.051619552831932855,-2.5222828256966345e-05
0.002040823921561241,0.5206303847953677,0.03627597340615087,-0.03132059458607414,0.2388557076420745,0.05458385528991947,-2.5224172049989193e-05
0.008118710480630398,0.5173272676765919,0.0383129146198867,-0.031321578498621674,0.24482332225577486,0.05485547334167915,-2.5224964707184966e-05
0.04176591243594885,0.5158485630527139,0.039324229801459935,-0.03132196227466493,0.2427078687101588,0.05326321803157635,-2.5225273883899433e-05
0.012847457081079483,0.486710486933589,0.030679052984952323,-0.03132456233967405,0.1998438282806849,0.054806830488126256,-2.5227368541991285e-05
0.08220897242426872,0.38331542536616325,0.03257829533633187,-0.03132756095902762,0.2195187333397701,0.05910921479208141,-2.5229784282683107e-05
0.09082124941051006,0.375486652366817,0.02914082274963632,-0.03133085279821934,0.21557370332661194,0.05992428441991816,-2.5232436246714563e-05
0.03441386017948389,0.5155186243355274,0.04144014973742908,-0.03133139317018995,0.2571047081306955,0.052993380218956956,-2.5232871579983355e-05
0.004784335382282734,0.5531928949058056,0.031053201843718972,-0.03134137055807376,0.21355412870859478,0.06074099183039559,-2.524090954241144e-05
0.05205526389181614,0.5317652123048902,0.033059851752479386,-0.031346292026868096,0.22343290713201655,0.05615198639319441,-2.5244874366767572e-05
0.05023782700300217,0.4771041851490736,0.03047020675201722,-0.031352641600334484,0.2132829295489989,0.05047364197585674,-2.5249989699004447e-05
0.006315472535789013,0.5177739970386028,0.037783697255492625,-0.0313631083837533,0.2403503842234207,0.054861283028379094,-2.525842193292259e-05
0.03553804289549589,0.5139944767579436,0.041153775023799126,-0.03136905338422216,0.2558905766222646,0.05281017536100759,-2.5263211336265306e-05
0.08081863354891539,0.3632248677313328,0.02496165667191368,-0.03137053149407453,0.19453621252388817,0.060346230410040426,-2.5264402129290273e-05
0.02545823622494936,0.5498656611889601,0.03608050246039098,-0.031372211670768785,0.23490988848976577,0.0576251613976736,-2.5265755711220675e-05
0.03568058833479881,0.5097436746582389,0.04102060069185903,-0.0313725524654481,0.2553477281887424,0.052018083254767936,-2.5266030261829604e-05
0.041681863367557526,0.510220936499536,0.03942614357637566,-0.03137481217483228,0.24275103645754303,0.05221536703349784,-2.526785072632153e-05
0.02883310057222843,0.5182016901671886,0.04246822920401042,-0.031376536754368335,0.2608194245165211,0.05341190382431691,-2.5269240080203508e-05
0.06557205226272345,0.37230931874364614,0.02840467013121758,-0.03137752579490788,0.20871722103294058,0.05957934396994177,-2.5270036869996494e-05
0.045564765110611916,0.36917786952108145,0.024213182873487574,-0.03137883917740272,0.18396134192403285,0.061481188518075464,-2.527109495585054e-05
0.01761672180145979,0.4927079500630498,0.036685801508216646,-0.03138155490970035,0.2367589291253348,0.052029815324685764,-2.5273282801447973e-05
0.03614453133195639,0.5123293269425631,0.04095094551338312,-0.031384617215964125,0.25498110368321514,0.05255275463485087,-2.5275749853848645e-05
0.04688403569161892,0.524046041071415,0.037471872303484914,-0.03138557295491837,0.2432980112099224,0.05419917712408897,-2.527651981544849e-05
0.04276134446263313,0.5083151627331972,0.03910658851518284,-0.03138616675009642,0.24461558093962057,0.051677489848860426,-2.52769981882242e-05
0.04127408470958471,0.5135267516598105,0.0395818658112662,-0.03138765230515739,0.24229174604014525,0.052905736292505987,-2.527819497989147e-05
0.026241689920425415,0.518630906008184,0.04262527157542535,-0.03139690298084544,0.26133131691452194,0.053626659870939765,-2.5285647503016285e-05
0.04449695814400911,0.37174305599182844,0.025260429601389998,-0.03140096583459163,0.19469721361995718,0.061132600829971205,-2.5288920617202e-05
0.7857964597642422,0.21249875891953707,0.029664397585456782,-0.0314189440035034,0.21231482080832742,0.04956530902589902,-2.53034041855838e-05
0.78070352319628,0.2143098497763276,0.030239442683341586,-0.03143591085089093,0.2126149845107112,0.04990302137614494,-2.5317073020848643e-05
0.7735968856140971,0.21364031173288822,0.030803471770639326,-0.03143906577039038,0.21759433617132462,0.05068433946958139,-2.531961468858216e-05
0.02903913054615259,0.5021328236907721,0.041875524154062524,-0.03144057358277544,0.2583799577831126,0.050463544099077905,-2.5320829413195183e-05
0.02666757069528103,0.4787365607917309,0.0323671786013197,-0.03144196910828557,0.21645369194047195,0.05163224476728067,-2.5321953677247796e-05
0.04392575565725565,0.5190373873338103,0.0387790163517119,-0.03144531512119002,0.24590921225608472,0.05361455377354505,-2.5324649294261647e-05
0.04014813061803579,0.3711848370730877,0.024450626772291123,-0.031449175293691775,0.18665826673324715,0.061864973050573285,-2.532775912920486e-05
0.048238182440400124,0.525799167342484,0.03683052372128503,-0.03144939295522893,0.2411202610523767,0.05452229627069433,-2.5327934481859986e-05
0.041785879991948605,0.3721722662448883,0.025344651527540316,-0.03145198552303838,0.19090639606005694,0.061439171533804654,-2.5330023108426745e-05
0.028598069213330746,0.5495585175231099,0.03590359502082849,-0.03146564217923567,0.23416203543896422,0.057524288784483325,-2.534102519760261e-05
0.08151197992265224,0.38398496713489294,0.03281316571051294,-0.03146595838304512,0.22238522917998665,0.05910678537617693,-2.5341279938091313e-05
0.033077516593039036,0.5067003378644586,0.041766218082597624,-0.031467062300368,0.2583323695800174,0.051310701021896964,-2.534216927729658e-05
0.01678476482629776,0.5521449036896229,0.03535547901516481,-0.03146729290601333,0.23370804258939631,0.05943340344262832,-2.534235505809863e-05
0.7661628965288401,0.21033839881420135,0.029763870654649697,-0.03147899984568597,0.20979908055825547,0.05330288426742653,-2.535178641892827e-05
0.04423042479902506,0.5065034180879593,0.03900649923377648,-0.031482379862619675,0.24691079471906702,0.051062806917975705,-2.5354509433462393e-05
0.032484907656908035,0.4758881637826562,0.0319124954272376,-0.03148305144273515,0.2200958639000926,0.050750472548476484,-2.5355050472920985e-05
0.013467851094901562,0.4900305923074484,0.03342141967651858,-0.031483156913953855,0.22158436435796702,0.05359558992738921,-2.5355135442815787e-05
0.0421324847266078,0.5148216877132654,0.03950062563107644,-0.03148668207171989,0.24446667673814018,0.053106709624447766,-2.535797538631254e-05
0.7929805861786008,0.20727234985679388,0.026828811670929858,-0.031505093905465006,0.18656199692682995,0.05168050122469148,-2.5372808363737507e-05
0.029697694815695286,0.5030603650957346,0.042044819912902015,-0.0315068435159137,0.25911502456572577,0.05061999316313477,-2.5374217888768265e-05
0.03047214262187481,0.5169475423172116,0.04254102442010432,-0.03151614634276582,0.26118785754924134,0.053228083247017006,-2.5381712453971168e-05
0.026362841948866844,0.49993787240237,0.04158609719544235,-0.03152279041137333,0.2570381803754112,0.050398717889461764,-2.5387065065461373e-05
0.07874533347785473,0.3830490140244365,0.0333401990431886,-0.031524053545307795,0.22931505743195185,0.058720320781453963,-2.53880826747687e-05
0.012559150345623493,0.5166165186092257,0.0405011582368475,-0.03154453292180208,0.2544558898341117,0.05462064382967064,-2.5404581329979725e-05
0.03324292693287134,0.507633906789124,0.041919907107382824,-0.03156262782750804,0.2589364957428985,0.05154846775035536,-2.5419159009723586e-05
0.02111733704805374,0.5179824996739626,0.04267393414829161,-0.0315664498301794,0.2617155494099408,0.05402614611333011,-2.542223810563546e-05
0.06341618951410055,0.37129207979887724,0.027764246820359828,-0.03156931641386403,0.20399434130421473,0.05990817479434246,-2.5424547493617312e-05
0.08910488337278366,0.37815667409449816,0.03125596743784364,-0.03157011367039482,0.223713921536247,0.05935704061331987,-2.5425189782473897e-05
0.016632176004350185,0.4830625979229808,0.031168029766331807,-0.031573245851624604,0.19102287657631783,0.054558392167150103,-2.542771314245621e-05
0.029928959906101227,0.47699216566979885,0.0325112381065466,-0.0315785763368296,0.2206756141067871,0.05097061479382011,-2.5432007509180946e-05
0.7909244103357196,0.20943634677678347,0.028030520061721118,-0.03158650340547635,0.2009226900445087,0.05058556740485594,-2.5438393747137877e-05
0.09397834166884422,0.3690192839130759,0.024877718885951916,-0.03158682358379035,0.18607489529891336,0.0616762212639568,-2.5438651690554185e-05
0.14188789669424295,0.9607198508456349,0.023648929413158798,-0.03158736774352378,0.1478630966076212,0.06329006195681233,-2.543909007884108e-05
0.06928161438554525,0.37591452430933714,0.03182115173824886,-0.03158788064090332,0.22510134171256285,0.0586225003731502,-2.54395032814239e-05
0.05331617780029774,0.5327542657032609,0.03259837396497181,-0.031595094069286025,0.220038089178948,0.056653975908051296,-2.5445314595190096e-05
0.0926927924156189,0.37394182477146387,0.028064952699789692,-0.03159661988921546,0.21069829424138362,0.06052731394070004,-2.544654383309389e-05
0.7773311985656619,0.21463722549378872,0.030766564170961876,-0.03160664604482743,0.21545964448607122,0.05023942146382211,-2.5454621151077846e-05
0.04882832709699869,0.3702750392258167,0.02573786137659289,-0.0316196607597837,0.19381727095045292,0.06084263704330962,-2.5465106129917928e-05
0.03963838145136833,0.3684609094634652,0.023495014814503144,-0.03161976159680675,0.1772128691557053,0.06237173880219086,-2.5465187366754515e-05
0.0780006991699338,0.38288868591189384,0.03366879036380252,-0.031621066747566345,0.23106720803900166,0.05861488793503279,-2.5466238828986586e-05
0.0112503906711936,0.5163093730807304,0.040085237028197496,-0.031623491648148365,0.25284131929863,0.05469377257048933,-2.54681923899144e-05
0.06394311413168907,0.3685676511377096,0.026731691698715015,-0.031624370762251636,0.19225142674796686,0.06032531396012765,-2.5468900626394555e-05
0.047273010946810246,0.5027552675455809,0.0390584905362991,-0.03162736312639275,0.2489660137736118,0.04977809533469712,-2.5471311350518366e-05
0.06261172890663147,0.37071731965988874,0.02743479694976861,-0.03162949519026707,0.20107986575980083,0.06006500752915909,-2.5473028995159628e-05
0.7655676314607263,0.21026247646659613,0.029887243252923225,-0.03163913106888041,0.21016921126869684,0.053574437461840534,-2.5480791904396482e-05
0.04518845397979021,0.37270899023860693,0.02653482950849781,-0.031639240896552845,0.20194060118020973,0.060767846157624525,-2.5480880384380343e-05
0.07102017942816019,0.3654600316658616,0.026312322224225398,-0.031641263713757285,0.19843441931898245,0.05999090111752106,-2.548251001774752e-05
0.07231130916625261,0.36500124633312225,0.0263010327018572,-0.03164215546123814,0.19981773876211237,0.05994316294450838,-2.5483228432398973e-05
0.01897087600082159,0.4946172311902046,0.038532020845868944,-0.03164328713265865,0.2447929395124878,0.05151310452236499,-2.5484140135961465e-05
0.04866576287895441,0.36927884072065353,0.025370042506538806,-0.03164600397620989,0.1893054076544975,0.061031993099030256,-2.548632889503967e-05
0.020397343672811985,0.48137948755174875,0.0316527561697775,-0.03164888076080648,0.2042551361745605,0.05351207448526141,-2.5488646506944876e-05
0.7913489826023579,0.20040467288345098,0.027229259115593044,-0.031652174907587774,0.195591696854485,0.0521228823046478,-2.549130035685501e-05
0.012693575583398342,0.5534106064587831,0.03408379048160057,-0.031657493851938154,0.2295578807888167,0.06080295848087408,-2.5495585436678982e-05
0.027069535106420517,0.5174842569977045,0.043045042731632475,-0.031657712020905386,0.2629476498199496,0.05350045065792521,-2.549576119928525e-05
0.055001125670969486,0.5367798740044236,0.031034000050887297,-0.03165885486906275,0.19773917021702236,0.057957462551668004,-2.549668190756737e-05
0.017453725449740887,0.4936721930280328,0.037583491176706806,-0.03165920952914166,0.24092346792541325,0.051929624964448244,-2.549696763098357e-05
0.046289194375276566,0.5464353151619434,0.03171988733643082,-0.03165948062515757,0.21666890199779648,0.05821164097048892,-2.5497186033011763e-05
0.07599064148962498,0.3813676545396447,0.033990285311879025,-0.0316598981997186,0.23311125801627458,0.058339789402960335,-2.549752244198383e-05
0.03390125371515751,0.5104910815134645,0.0420218031454686,-0.031660909116193264,0.25933959976495546,0.05219241289647914,-2.5498336862716116e-05
0.046689992770552635,0.3681540060788393,0.02461110286721392,-0.03166723187489444,0.18473449189312746,0.0614106616646029,-2.5503430642962215e-05
0.02458050660789013,0.498912519775331,0.04137426251965623,-0.031668721444767074,0.256164723719818,0.05056083986759198,-2.550463067966917e-05
0.04224984720349312,0.3674337239935994,0.02350101155517917,-0.03167071670893537,0.17674126699740636,0.062138888987002296,-2.550623811710335e-05
0.01926607172936201,0.4818046484142542,0.031506790773721434,-0.03168005622666373,0.2013294814194995,0.05384708884555529,-2.5513762280242367e-05
0.0589421009644866,0.4880133317783475,0.032067915619948956,-0.03168110021092649,0.2115181669454719,0.05232347827443828,-2.551460334178617e-05
0.033547949977219105,0.512758300639689,0.04220600729582204,-0.03168220608413956,0.26004293636157405,0.052617774986663646,-2.5515494262747994e-05
0.7774760285392404,0.19492434989660978,0.0297570741725557,-0.03168417248664345,0.2115566133300382,0.05283146704783296,-2.55170784491399e-05
0.14117964915931225,0.9612939022481441,0.02364277310071581,-0.031684636724225654,0.157083536099881,0.06328343375253845,-2.5517452451353178e-05
0.7944697719067335,0.20448687858879566,0.026898641507379927,-0.03168606450967157,0.16403435722309254,0.052741698811056184,-2.5518602713532127e-05
