x1,x2,x3,x4,x5,ensemble_ei,ensemble_mu_mean_model,ensemble_sigma_mean_model,ensemble_mu_std_model,ensemble_mu_mean_original_approx
0.47206409368664026,0.3704626988619566,0.700976406224072,0.7532265111804008,0.0711168721318245,0.01152421153207657,-0.45793452729787965,0.15379072615611644,0.17856241263309713,-0.45793452729787965
0.4472039835527539,0.34711013082414865,0.674452880397439,0.8381604645401239,0.007533582858741283,0.011484214446042742,-0.4831605481762932,0.15031099344266066,0.21018759380775381,-0.4831605481762932
0.4408074216917157,0.404946512542665,0.6826164433732629,0.719008139334619,0.11701119598001242,0.011061465282977315,-0.4834760214183308,0.16813329919622738,0.1754570607612268,-0.4834760214183308
0.44204801972955465,0.38293856009840965,0.594697973690927,0.7560293739661574,0.08725718036293983,0.010976066832655878,-0.44342658042511546,0.14757619304969377,0.1655107043007713,-0.44342658042511546
0.4120028084143996,0.32043809350579977,0.7057932838797569,0.8457760820165277,0.08818596415221691,0.01084304782570901,-0.42907167069127555,0.13617840288404373,0.17158306717369967,-0.42907167069127555
0.46270999033004045,0.4007452642545104,0.5888189217075706,0.7779982052743435,0.13851269520819187,0.010841938752659286,-0.4177044978238097,0.13167781106885199,0.1628572063706664,-0.4177044978238097
0.3900719014927745,0.3281656503677368,0.6697558974847198,0.8077099798247218,0.020665486343204975,0.010700391899063995,-0.5054913045345972,0.16759032030333298,0.19594770270803571,-0.5054913045345972
0.3939540982246399,0.34974097460508347,0.6353840474039316,0.7472008289769292,0.06465153116732836,0.010688325174363147,-0.4819899068681752,0.16591637284548258,0.17604001036071606,-0.4819899068681752
0.40989313554018736,0.44351400900632143,0.6836221255362034,0.76383585203439,0.0964046623557806,0.010556285214465356,-0.5076798394705347,0.17783148410309527,0.16552693453379613,-0.5076798394705347
0.4631478702649474,0.3565826462581754,0.8008353356271982,0.7701661679893732,0.05023469869047403,0.010410156412732897,-0.5138091500398292,0.17066060632869287,0.20346716471995283,-0.5138091500398292
0.47021025978028774,0.3855620361864567,0.634604137390852,0.8757465612143278,0.1042415825650096,0.010361520548497007,-0.3776865249952742,0.10397598703351876,0.15449652089267638,-0.3776865249952742
0.46815758012235165,0.4145607342943549,0.6538455300033092,0.7875740313902497,0.03203058149665594,0.010353107941734122,-0.49611466687866207,0.1574755378609975,0.18107935070912481,-0.49611466687866207
0.46690221037715673,0.3875415436923504,0.6259311372414231,0.7448909990489483,0.15954016987234354,0.010214703715998823,-0.43970199631084406,0.14281497372204927,0.16737743498031646,-0.43970199631084406
0.39515514858067036,0.3600205210968852,0.5787556581199169,0.7766611250117421,0.1061867605894804,0.010142761096907307,-0.43645215043541524,0.14206827722877202,0.16881229352195173,-0.43645215043541524
0.5248934384435415,0.40369006618857384,0.6515091611072421,0.7739968430250883,0.07036786898970604,0.010126272986837392,-0.4582570898100738,0.1458991432658957,0.16321168611162631,-0.4582570898100738
0.5003576315939426,0.358332185074687,0.7713196873664856,0.7309245346114039,0.012389929965138435,0.010123775921635401,-0.5547409249698796,0.18680746835236114,0.21350364487624332,-0.5547409249698796
0.42522985115647316,0.37873317394405603,0.747623709961772,0.7794659454375505,0.12228045053780079,0.010056157558581653,-0.45625207231627135,0.14827970057187906,0.1843167871121246,-0.45625207231627135
0.4306970564648509,0.4403007375076413,0.5898891482502222,0.7370714079588652,0.14911047648638487,0.010045494217851452,-0.495580532216802,0.16956073156452892,0.16483772496093993,-0.495580532216802
0.5366129288449883,0.32687718886882067,0.6986097563058138,0.8102059653028846,0.03131390642374754,0.010033609126208385,-0.467978686970677,0.14591899877123257,0.182066898038424,-0.467978686970677
0.47842441592365503,0.38134777545928955,0.6929351519793272,0.6809419440105557,0.05538163706660271,0.009994467133494285,-0.5302992100165723,0.17900964273297004,0.19066194268071737,-0.5302992100165723
0.4002853333950043,0.40231665037572384,0.6279223719611764,0.8194852024316788,0.0491453493013978,0.009994121247187637,-0.478836327002316,0.15340327668974027,0.16998475008545397,-0.478836327002316
0.4030903885141015,0.34215734526515007,0.7924560075625777,0.8652062295004725,0.03313849773257971,0.009982246590526005,-0.5173344566071674,0.1618312503000342,0.21338813667370335,-0.5173344566071674
0.36439372412860394,0.36941943410784006,0.7660172628238797,0.7955187130719423,0.014121627435088158,0.00997393783074443,-0.5708719759877082,0.1897736373786077,0.216924038845344,-0.5708719759877082
0.338437776081264,0.4138404317200184,0.6939023099839687,0.8176602153107524,0.08074186276644468,0.00985876141978345,-0.5152191707916688,0.17132372191915116,0.18322264480522185,-0.5152191707916688
0.3501552455127239,0.3633947419002652,0.64725970197469,0.8442257810384035,0.05732628330588341,0.009838752473510797,-0.481756359051144,0.15321795535355856,0.18568350708438733,-0.481756359051144
0.43629311118274927,0.45735725574195385,0.6309076808393002,0.7701945882290602,0.1779491975903511,0.009812418733382663,-0.5030420016475733,0.17406419970216291,0.16222349752553417,-0.5030420016475733
0.4663037369027734,0.336947669275105,0.7124663339927793,0.9120777538046241,0.0025636740028858185,0.009810227290078986,-0.49011600144003736,0.13896028084107093,0.2240705691791593,-0.49011600144003736
0.44998185709118843,0.4129268703982234,0.7765055559575558,0.8521461868658662,0.019572322256863117,0.009805898530283085,-0.5305096113416419,0.16460195107723463,0.21476195241594667,-0.5305096113416419
0.3850435931235552,0.39616470970213413,0.7542266556993127,0.7595517188310623,0.006429481320083141,0.00974954110833155,-0.5882060466944424,0.19975851803928982,0.2125797283889661,-0.5882060466944424
0.42001315765082836,0.39227052964270115,0.6949263866990805,0.754559719003737,0.1657433770596981,0.009731146453235709,-0.47043703733445313,0.15746855554302802,0.17096298527890919,-0.47043703733445313
0.3723281593993306,0.3327572401612997,0.6052019726485014,0.8126598559319973,0.06557775195688009,0.00970709557151443,-0.46234836571963833,0.1508461985537044,0.172515861039338,-0.46234836571963833
0.5039260946214199,0.38975932355970144,0.6574055878445506,0.752036084420979,0.15283662267029285,0.009690823654798593,-0.4389483953371803,0.1395155891383245,0.16610774408633575,-0.4389483953371803
0.44362201169133186,0.33891617972403765,0.769013605080545,0.7056735344231129,0.09807559940963984,0.009633835552693312,-0.5164191065867572,0.17293308879146507,0.1955320956052924,-0.5164191065867572
0.49440263491123915,0.38362453505396843,0.8156628888100386,0.7418521093204618,0.012160023674368858,0.00960055417384475,-0.5815744897143004,0.19481017524080557,0.2190470234025815,-0.5815744897143004
0.5507458467036486,0.38016762863844633,0.7229393012821674,0.8140633665025234,0.0072431182488799095,0.009588028728638736,-0.5172953142844143,0.15798515793015183,0.20599638989977487,-0.5172953142844143
0.5155899273231626,0.334543714299798,0.6758398981764913,0.8483193339779973,0.10884472727775574,0.009528029253999051,-0.3821503774691458,0.10633813866675323,0.1594993061819482,-0.3821503774691458
0.45889427326619625,0.33334352169185877,0.6463228231295943,0.6528200097382069,0.07878002058714628,0.009471707019950459,-0.5247240319861652,0.17845882077703035,0.18717492359965307,-0.5247240319861652
0.06025052163749933,0.36781844589859247,0.6631456315517426,0.8275443920865655,0.08376602828502655,0.009417496901859487,-0.7350114378787426,0.2039413182297514,0.37380488967933617,-0.7350114378787426
0.520329493097961,0.44814767222851515,0.7194540435448289,0.7676508594304323,0.12793644331395626,0.009412870699239174,-0.4982513056129001,0.16660004840128464,0.17002057270290957,-0.4982513056129001
0.032023574225604534,0.3543419037014246,0.6533374711871147,0.8338654581457376,0.12625677697360516,0.00939954947712733,-0.7362313173297944,0.2027504880841137,0.40140426506181415,-0.7362313173297944
0.4994028080254793,0.3256312217563391,0.7292275801301003,0.6928393002599478,0.03106515109539032,0.009386231367550155,-0.5445544546906065,0.18091255295930517,0.19894689055111692,-0.5445544546906065
0.42129806336015463,0.4277132535353303,0.713773506693542,0.7110222540795803,0.041176820173859596,0.00938529752367435,-0.572514605545774,0.19607725700726322,0.18474841575698256,-0.572514605545774
0.49017192609608173,0.4225191995501518,0.7215830413624644,0.8744611395522952,0.10904170945286751,0.009384847061905054,-0.42650433048900255,0.12653704139276917,0.17150008694305954,-0.42650433048900255
0.48600290063768625,0.4523122012615204,0.6955711152404547,0.8913768911734223,0.1144971763715148,0.009367964797177546,-0.4459559826965168,0.13796831370367055,0.16286699220222625,-0.4459559826965168
0.5094369733706117,0.46152790635824203,0.7135747382417321,0.7583772921934724,0.08550433069467545,0.009359522650729639,-0.5286067276378852,0.17750419825789485,0.1702629048937735,-0.5286067276378852
0.38873359002172947,0.3636456010863185,0.6725226063281298,0.7262159790843725,0.14720042329281569,0.009353275576409482,-0.48363929514526915,0.16267579517486927,0.17806636953617272,-0.48363929514526915
0.10715438798069954,0.37517294101417065,0.6477754963561893,0.8301022304221988,0.09388365782797337,0.00932730604621075,-0.6932345040874632,0.18879577383203874,0.34724874290776264,-0.6932345040874632
0.49244419392198324,0.47576539870351553,0.6498835394158959,0.8651849692687392,0.1607967596501112,0.009308762915142037,-0.47293869412144346,0.15577746778582802,0.15899059537943566,-0.47293869412144346
0.5053486274555326,0.41726771369576454,0.6839116718620062,0.7174406796693802,0.03034907951951027,0.009305348534999066,-0.5473445630415678,0.1791640584531156,0.18727286345834135,-0.5473445630415678
0.41936932783573866,0.46289687044918537,0.7506151609122753,0.8381850700825453,0.12792222388088703,0.009269859983982921,-0.5033119452821643,0.16854415340658316,0.1772075107573761,-0.5033119452821643
0.47386103589087725,0.489574309438467,0.6596099669113755,0.8588412366807461,0.10952877998352051,0.009267115671799178,-0.495892667352467,0.16119550954687212,0.1647490235735327,-0.495892667352467
0.4567545596510172,0.4641738561913371,0.7455203486606479,0.7346382886171341,0.1018723426386714,0.009257582229235964,-0.5526497404542164,0.1913492143249696,0.17600016473389374,-0.5526497404542164
0.43153247609734535,0.37307828571647406,0.7400402026250958,0.6603136947378516,0.013001387938857079,0.00925543695996237,-0.6090665033650365,0.2110667875324215,0.2123467825210267,-0.6090665033650365
0.4219655776396394,0.4457869464531541,0.8072914369404316,0.8132712887600064,0.08441824838519096,0.009214079232319615,-0.5402490058453969,0.18238799604335285,0.18869188991785454,-0.5402490058453969
0.40558029245585203,0.41518607549369335,0.5678897369652987,0.8730063484981656,0.15555552765727043,0.009190794476246477,-0.42328521734523333,0.12645064592491076,0.15225275598208154,-0.42328521734523333
0.37710918579250574,0.43296607304364443,0.6245698127895594,0.8510227184742689,0.07399852760136127,0.009187221269876984,-0.488886627787493,0.15700834436349556,0.15956979917983938,-0.488886627787493
0.4621415976434946,0.28763960022479296,0.7375093549489975,0.822510045953095,0.023643783293664455,0.009185093774930953,-0.5046487665038789,0.1603433533774245,0.18987392907818215,-0.5046487665038789
0.4879788141697645,0.3111600074917078,0.6370645156130195,0.7688422491773963,0.08527442440390587,0.009183279885094845,-0.4254758731061218,0.1351583838148528,0.15966849187138246,-0.4254758731061218
0.36590734496712685,0.38788559567183256,0.6236405521631241,0.7876645661890507,0.1726802932098508,0.009163005728499771,-0.469286186981948,0.15136137883908085,0.169142808719645,-0.469286186981948
0.14338158816099167,0.3591630579903722,0.6283240308985114,0.8646155828610063,0.10230870451778173,0.009136729230724573,-0.6454827880488873,0.17122776391596095,0.3278815619977321,-0.6454827880488873
0.3554832153022289,0.38454953860491514,0.6548737268894911,0.713354810141027,0.07307659834623337,0.00913242360975887,-0.5412383505645405,0.18629799515461937,0.18296428588226574,-0.5412383505645405
0.45131275709718466,0.36521746404469013,0.602190162986517,0.6837521735578775,0.04027879238128662,0.009119044681650234,-0.5303979433441378,0.1772385367192182,0.189761864270839,-0.5303979433441378
0.36558309476822615,0.2987362155690789,0.710317119024694,0.8598407404497266,0.036328501999378204,0.009113061962998284,-0.5163306638144561,0.16403065178288048,0.1900710821575764,-0.5163306638144561
0.4232997475191951,0.3616674793884158,0.6811846708878875,0.9039389081299305,0.09312255028635263,0.009060400704368268,-0.3971513485720828,0.10921638077900997,0.16713750496130805,-0.3971513485720828
0.4528227085247636,0.481905753724277,0.714965095743537,0.803220285102725,0.061815003864467144,0.009044269659468172,-0.5501300889503666,0.1819310585190899,0.1742790710343971,-0.5501300889503666
0.41631743870675564,0.35972948651760817,0.8626745091751218,0.7292844345793128,0.05623781308531761,0.009027230030936702,-0.5944401315159361,0.19985389847393717,0.2166398970940178,-0.5944401315159361
0.40784096345305443,0.3043322255834937,0.7423023106530309,0.8883229373022914,0.06333717424422503,0.009004519628016348,-0.46927993361041603,0.14385477595743407,0.1785941648538288,-0.46927993361041603
0.40144895017147064,0.4596127327531576,0.6085262661799788,0.8928328668698668,0.13073702063411474,0.008999693211307468,-0.4656997423943875,0.14762125388473876,0.15124581583868124,-0.4656997423943875
0.4264080133289099,0.39585075713694096,0.5386595502495766,0.7424446512013674,0.08178395126014948,0.008996839008374969,-0.48311342703229904,0.15723448920869273,0.1660898615857409,-0.48311342703229904
0.5649639163166285,0.43398833088576794,0.6858876626938581,0.8469669930636883,0.13878827169537544,0.008963984545611694,-0.4564996892036466,0.1417642266887812,0.15720622884828295,-0.4564996892036466
0.45391746517270803,0.3915962381288409,0.808907107450068,0.6705452119931579,0.06551962811499834,0.008928820065141509,-0.5930286428084534,0.20102615206924196,0.2062593842486975,-0.5930286428084534
0.47951105423271656,0.3336709151044488,0.9277955126017332,0.8573927488178015,0.005378403700888157,0.00892852840973963,-0.626620795327941,0.1923970353292552,0.25713934750655926,-0.626620795327941
0.5276888376101851,0.33669457398355007,0.7994488002732396,0.7913098158314824,0.08954867161810398,0.008903405438748157,-0.48130680276604615,0.1483157473812007,0.19077727191671945,-0.48130680276604615
0.3967872867360711,0.40968662686645985,0.7843231968581676,0.7031155955046415,0.0796209080144763,0.008903003731617771,-0.577252898948209,0.19887011841642052,0.19147323579430336,-0.577252898948209
0.472228130325675,0.44487230852246284,0.5976953152567148,0.8336422825232148,0.21601310838013887,0.008894157115938236,-0.4840809447629188,0.15668674143830602,0.16790885970380856,-0.4840809447629188
0.47906824573874474,0.45037446171045303,0.7526063956320286,0.726252468302846,0.019483031705021858,0.008888020795056111,-0.6036178375915285,0.2013981266942162,0.19823402073021396,-0.6036178375915285
0.41944943740963936,0.3504320755600929,0.9154347954317927,0.7623546561226249,0.022576778195798397,0.008880888334793913,-0.6416609844342983,0.21361732011359552,0.23751384535863135,-0.6416609844342983
0.32813925575464964,0.3380101267248392,0.7019743239507079,0.7493197899311781,0.033976866863667965,0.008862932363087675,-0.5736577397618458,0.19221014066428277,0.20269162600246396,-0.5736577397618458
0.3831285135820508,0.3478027433156967,0.8127845302224159,0.8850463386625051,0.03610946983098984,0.00885191288016919,-0.5376514494674192,0.16437108853505958,0.2175451328163008,-0.5376514494674192
0.308362047187984,0.35133431758731604,0.614065813831985,0.7826806353405118,0.07980881724506617,0.008818590340770979,-0.5208307692069728,0.1687189523410688,0.1991717859488317,-0.5208307692069728
0.32423416525125504,0.3556805271655321,0.7281655613332987,0.8061210215091705,0.11507993098348379,0.008810113953050125,-0.503298194168615,0.15828433226678487,0.2018887698751087,-0.503298194168615
0.5745307076722383,0.4065485829487443,0.7529274132102728,0.8038807427510619,0.10775540769100189,0.008788080006600895,-0.48346605049020136,0.1511313743083886,0.1729979040217995,-0.48346605049020136
0.4519650638103485,0.4464629963040352,0.6888521639630198,0.7292560739442706,0.18444274086505175,0.00878247251942994,-0.533695724105591,0.18300975538732542,0.16950171048227214,-0.533695724105591
0.35525876097381115,0.4055637866258621,0.5669573619961739,0.8086799075827003,0.09800979029387236,0.008782021944710706,-0.48212619923757016,0.15547823337881067,0.1661193229388229,-0.48212619923757016
0.190281611867249,0.39770607836544514,0.6750280298292637,0.8517926363274455,0.0909665571525693,0.008771226069895085,-0.6267959561913756,0.17676458025197164,0.2805786774594012,-0.6267959561913756
0.432233520783484,0.30239399429410696,0.7997687449678779,0.7449308559298515,0.037195540964603424,0.008745260321690844,-0.5609062678332604,0.1865030191133789,0.1971358344289081,-0.5609062678332604
0.3834389904513955,0.3188550425693393,0.6170165846124291,0.7162758139893413,0.05823301337659359,0.008735081213062698,-0.5201964499381291,0.17748938804446582,0.1786003126806611,-0.5201964499381291
0.4208867186680436,0.2944081425666809,0.6077736550942063,0.8303253725171089,0.058933124877512455,0.008726143667680646,-0.44653001268898573,0.14211310326858467,0.15677970378796746,-0.44653001268898573
0.04017349053174257,0.3152980776503682,0.6994501193985343,0.9226942844688892,0.07891911920160055,0.008724363979749574,-0.7481588926341758,0.20697972882024207,0.3761824017628998,-0.7481588926341758
0.4275947054848075,0.4229004019871354,0.5575405331328511,0.7861254727467895,0.2032997077330947,0.008719511491796096,-0.48304849382057763,0.1561118013315069,0.1666415931018046,-0.48304849382057763
0.4748653322458267,0.43650831654667854,0.8479433236643672,0.7984102023765445,0.08929054252803326,0.00870895596160657,-0.550740977314933,0.18215372800329152,0.20104605016737537,-0.550740977314933
0.4158814661204815,0.3819736549630761,0.5289212316274643,0.7214525723829865,0.13202136661857367,0.008660794442345543,-0.47618342540196984,0.15391443530830734,0.17511709410464152,-0.47618342540196984
0.5315933227539062,0.3858585273846984,0.8465875424444675,0.7651104889810085,0.050464254803955555,0.008658171018207591,-0.5615901525697578,0.18196647564691695,0.20709571947985275,-0.5615901525697578
0.4180217469111085,0.34389127790927887,0.6284318109974265,0.8819778999313712,0.1365516697987914,0.008650089254497366,-0.3786370249707797,0.09912806349218896,0.15872996002494646,-0.3786370249707797
0.361444316804409,0.32656040135771036,0.748017305508256,0.9060580795630813,0.06215409468859434,0.008643667607143362,-0.4937607281385808,0.14858611685861883,0.19419841558701742,-0.4937607281385808
0.4152520401403308,0.30854063760489225,0.6761301895603538,0.6759640499949455,0.018374638631939888,0.008639201715372658,-0.5797761663719876,0.1987901360591332,0.19679612904782265,-0.5797761663719876
0.49214804638177156,0.31360833533108234,0.6630850229412317,0.9970580162480474,0.075943767093122,0.008636104407295299,-0.4176847043343541,0.11453138718741783,0.13124770399907468,-0.4176847043343541
0.3234629612416029,0.33604161627590656,0.7541306065395474,0.8829576866701245,0.06643378175795078,0.008632668111121958,-0.5243850596629097,0.1591032030957299,0.2086896338961742,-0.5243850596629097
0.4105844432488084,0.45374987833201885,0.5996103156358004,0.7268286840990186,0.07446237374097109,0.008632572947162435,-0.5534552883137949,0.18561825861466502,0.1619842704191732,-0.5534552883137949
0.5026288842782378,0.4353160550817847,0.5999301671981812,0.8054504096508026,0.04844639357179403,0.008629852735932914,-0.4894738585056287,0.14419586605879506,0.16490632083632242,-0.4894738585056287
0.43902540765702724,0.32571244798600674,0.9467735597863793,0.8017089106142521,0.07314235158264637,0.008620210729208141,-0.6174620101990732,0.1919463628440198,0.242512191450467,-0.6174620101990732
0.5037156771868467,0.3999875597655773,0.6202759938314557,0.7231236146762967,0.1738626668229699,0.008610411172749428,-0.4755283349521732,0.1528780527218317,0.16837340307195595,-0.4755283349521732
0.3839724799618125,0.46680756099522114,0.6908281547948718,0.8350889598950744,0.04475345928221941,0.00860728234404704,-0.5606767299721291,0.18130661691470656,0.1748124113419964,-0.5606767299721291
0.30042823404073715,0.32148516178131104,0.7647149488329887,0.8278907937929034,0.02823759615421295,0.008603633096318298,-0.5998271739486535,0.18800114698368312,0.2230459081673907,-0.5998271739486535
0.5540491323918104,0.31847598496824503,0.6007449310272932,0.9929424813017249,0.13292297068983316,0.008598732480781631,-0.40955311015263723,0.11391509322828551,0.10673855988374988,-0.40955311015263723
0.4463075269013643,0.4684100029990077,0.526753325946629,0.7623791946098208,0.1429088842123747,0.008582721186424731,-0.5173164402152468,0.1673410568192489,0.16909912378909042,-0.5173164402152468
0.4389383215457201,0.3585208775475621,0.7489267364144325,0.597464800812304,0.08373014256358147,0.008574119528409528,-0.6156898179761879,0.20914841850567373,0.21383680930702828,-0.6156898179761879
0.5690955081954598,0.4413046594709158,0.6454933388158679,0.8876837473362684,0.14505239482969046,0.00856385860774238,-0.45303432131437327,0.1391227241717228,0.14437134943977606,-0.45303432131437327
0.40699691139161587,0.3882082672789693,0.870349807664752,0.8289055544883013,0.07220955938100815,0.00855370266272084,-0.5545188985375555,0.1777840144827607,0.21583733735773294,-0.5545188985375555
0.4771393612027168,0.40901617985218763,0.7118433071300387,0.8495698273181915,0.18276629783213139,0.008548638793041853,-0.43956176088587995,0.1330930043272161,0.16736235211257447,-0.43956176088587995
0.556131036952138,0.36773758102208376,0.7305535664781928,0.7457152018323541,0.11626278143376112,0.008541744202895928,-0.47432067483492757,0.14887501577237428,0.17495535209043292,-0.47432067483492757
0.5535331396386027,0.31340101454406977,0.8259799499064684,0.8625733545050025,0.02034990582615137,0.008540119214201353,-0.5470180159673633,0.16416875359176453,0.21318819091015978,-0.5470180159673633
0.5976449465379119,0.3728126622736454,0.7071223398670554,0.8407909628003836,0.04937541205435991,0.008520999631581571,-0.48079672941640417,0.1434594150112247,0.17231023059313322,-0.48079672941640417
0.21839033719152212,0.3801183635368943,0.633977260440588,0.862042598426342,0.13443710934370756,0.008517182757150877,-0.5701190817652254,0.1547834153286239,0.26721828798651487,-0.5701190817652254
0.5334474062547088,0.3697058530524373,0.7880809428170323,0.8876624796539545,0.017335718497633934,0.008503993195197962,-0.5126692495386399,0.14677545086028868,0.21738226460260426,-0.5126692495386399
0.2774037690833211,0.3952625961974263,0.7128673801198602,0.7852414790540934,0.06269183475524187,0.008500582629902064,-0.5922545654974882,0.1891370756786445,0.2155005368071363,-0.5922545654974882
0.4284601816907525,0.3484638035297394,0.5972259948030114,0.6208994723856449,0.11115930415689945,0.00850003683137304,-0.5529001358780934,0.1881259667630607,0.19309100284765088,-0.5529001358780934
0.35939212050288916,0.43743725400418043,0.6815236685797572,0.7776023605838418,0.029089927673339844,0.008495578206127423,-0.5825510451914226,0.19227283074823426,0.18331224522806683,-0.5825510451914226
0.4648497924208641,0.37242848239839077,0.6923122256994247,0.6184494439512491,0.12617083080112934,0.008426182903922153,-0.5625304354726886,0.19005377056552614,0.19926174705759075,-0.5625304354726886
0.5194758232682943,0.34446130879223347,0.6440172046422958,0.6587818739935756,0.05509056895971298,0.008422129533853375,-0.5338558136470524,0.17463683807675018,0.18733030254799166,-0.5338558136470524
0.47635976690799,0.4297434501349926,0.5768408318981528,0.9317091358825564,0.19496375881135464,0.008420643766576532,-0.4379134150961586,0.1303225140035804,0.13578676047102198,-0.4379134150961586
0.34957817289978266,0.31220720428973436,0.8300198009237647,0.8111376063898206,0.017536507919430733,0.008418177959464522,-0.6152286003060223,0.19797027166664666,0.21930565738782967,-0.6152286003060223
0.4925485588610172,0.36852470599114895,0.7569743609055877,0.613427865318954,0.04504108149558306,0.008413883128198215,-0.6187546829581214,0.2084507939015802,0.21293047627903913,-0.6187546829581214
0.45937454607337713,0.30890451557934284,0.599088791757822,0.8961344566196203,0.09834888111799955,0.008413538694103773,-0.3832931082774623,0.10573720052003552,0.14162422546794654,-0.3832931082774623
0.5592474108561873,0.4058270491659641,0.6113590598106384,0.9047756856307387,0.12100696098059416,0.008410955114655954,-0.4085940798858047,0.113627356372246,0.13674327591817703,-0.4085940798858047
0.29422054439783096,0.4181762272492051,0.589751292951405,0.8410967942327261,0.11597864050418139,0.00840847292555141,-0.5252443022627596,0.16147241514581437,0.1940658717275666,-0.5252443022627596
0.12030991073697805,0.3240932300686836,0.6801457079127431,0.795139841735363,0.06967717967927456,0.008389289930077,-0.7115852678395278,0.1997633297427061,0.3297703208833125,-0.7115852678395278
0.5343124093487859,0.4381733229383826,0.6619732808321714,0.8297099722549319,0.024331274442374706,0.00837071410959078,-0.5184720090608355,0.14997099809866732,0.18222593702057793,-0.5184720090608355
0.497618050314486,0.40466155763715506,0.8996369615197182,0.7673613922670484,0.03416286874562502,0.008354280513933509,-0.6180259844241598,0.203062876292545,0.22477291480858574,-0.6180259844241598
0.34732348937541246,0.42356628086417913,0.8118161587044597,0.8307000258937478,0.04009860195219517,0.008344528490907038,-0.5973491390863989,0.1947943325366773,0.20552969234165283,-0.5973491390863989
0.24887598492205143,0.31698718946427107,0.7221675040200353,0.8252270985394716,0.05197175033390522,0.008339361175192706,-0.6107552877677604,0.1838470405273599,0.24058446091691418,-0.6107552877677604
0.423353455029428,0.3290996104478836,0.8887400310486555,0.6978639224544168,0.06251159962266684,0.008335267429435468,-0.6317215180702217,0.20883690440197963,0.2233696740658603,-0.6317215180702217
0.4009882928803563,0.45345347933471203,0.8181366873905063,0.7751513039693236,0.024496114812791348,0.008334316531524806,-0.6284068105472373,0.21139093296427375,0.20150297042612655,-0.6284068105472373
0.46639147959649563,0.47448263969272375,0.6097039226442575,0.9874121081084013,0.1477064425125718,0.008326933433363694,-0.47135468070855374,0.14614191686735897,0.12968720704971914,-0.47135468070855374
0.4023377811536193,0.35395314916968346,0.6942424401640892,0.9420522805303335,0.01586809940636158,0.008322098428401068,-0.4961561203596666,0.13646869807537348,0.2090283959582367,-0.4961561203596666
0.5887246588245034,0.35520948376506567,0.794758066534996,0.8233182616531849,0.07146100327372551,0.008316354214583583,-0.5038841516044017,0.1534641149920291,0.18692409962755985,-0.5038841516044017
0.3608220126479864,0.40207919478416443,0.6607548948377371,0.6884715743362904,0.15464449487626553,0.00831193626265534,-0.5518370937591454,0.18774289583204382,0.18025295038665146,-0.5518370937591454
0.042210401967167854,0.42513721343129873,0.6329567190259695,0.800143213942647,0.11204813048243523,0.008306676894654431,-0.7713803011154369,0.21763821679083514,0.3656145182946007,-0.7713803011154369
0.3920392608270049,0.3981024492532015,0.7018869696184993,0.6237041605636477,0.09408784471452236,0.008295562378810285,-0.6036783472874848,0.20920456020845946,0.195171279390704,-0.6036783472874848
0.4575054422020912,0.45103126019239426,0.5326495291665196,0.7716455161571503,0.0691872090101242,0.008271530275238002,-0.5220908132928952,0.15893843358790632,0.16363397728411858,-0.5220908132928952
0.3859555972740054,0.42380178812891245,0.7745906002819538,0.7084754602983594,0.12991171050816774,0.00825271567657183,-0.5712582000872437,0.1955633823094063,0.18501834570294662,-0.5712582000872437
0.2862856639549136,0.37768991850316525,0.7814751844853163,0.8007732704281807,0.058167170733213425,0.00824690974327923,-0.602314998935847,0.1904717328161869,0.22135333646805364,-0.602314998935847
0.267224557697773,0.44064478762447834,0.6585857896134257,0.7955013271421194,0.13597511406987906,0.008239629052003672,-0.5863978820428003,0.18536651720465774,0.20746750418464016,-0.5863978820428003
0.48127042036503553,0.4661524696275592,0.7366030644625425,0.8850174713879824,0.15790189150720835,0.008235267113828385,-0.4819511406858558,0.15480205583812143,0.16975963208420858,-0.4819511406858558
0.4505468104034662,0.3108727876096964,0.9215050246566534,0.7214961918070912,0.0024126004427671432,0.008215945561300923,-0.6806027326258897,0.2283815965134096,0.24158908331380796,-0.6806027326258897
0.2602725010365248,0.3430709047242999,0.7410411899909377,0.836094462312758,0.10086137149482965,0.00820793974678394,-0.5663713734354897,0.16651850950416744,0.2395174591121231,-0.5663713734354897
0.5074118580669165,0.3675762163475156,0.9529556538909674,0.7598581342026591,0.03335487935692072,0.008201750311453697,-0.6524414486446934,0.21246355444388565,0.245704933035871,-0.6524414486446934
0.4688570462167263,0.2978074010461569,0.760708942078054,0.841475217603147,0.09724602662026882,0.008192831436202148,-0.44811876427529773,0.13348498513393825,0.1731034093329794,-0.44811876427529773
0.4485820746049285,0.4551877733319998,0.49071545992046595,0.7913353806361556,0.09783431235700846,0.008192296051240437,-0.5131806552213619,0.15569576516709305,0.16488058909119707,-0.5131806552213619
0.5717396019026637,0.34952113311737776,0.6674533486366272,0.75581069663167,0.12296785973012447,0.008187166995053771,-0.4496658634863708,0.13656634468061404,0.16342981599129042,-0.4496658634863708
0.044334931299090385,0.30993387568742037,0.725195998325944,0.8431449290364981,0.07253340259194374,0.008165882367488974,-0.7679800377601693,0.21599632187677303,0.36957215006678645,-0.7679800377601693
0.6166244177147746,0.32004743069410324,0.6866641044616699,0.9094592211768031,0.054296860471367836,0.008165675011685665,-0.4771091159574054,0.1412112274591203,0.16267712440723067,-0.4771091159574054
0.42801154125481844,0.31880275439471006,0.8321173563599586,0.7938992390409112,0.10795283690094948,0.0081561731713942,-0.5145714118731586,0.15988493207222695,0.1995847596497367,-0.5145714118731586
0.32028184924274683,0.4274605205282569,0.7466031648218632,0.8435655757784843,0.13099016714841127,0.008153369392245686,-0.5325926629027716,0.16850273486809672,0.19506882290063057,-0.5325926629027716
0.5736544467508793,0.3949071550741792,0.7337705576792359,0.8813372571021318,0.0932916970923543,0.008149467746030044,-0.4478267568151661,0.12943799313292007,0.16904055939263832,-0.4478267568151661
0.5105631686747074,0.39375393092632294,0.778842399828136,0.8344208728522062,0.12185991369187832,0.008149132356891737,-0.44675563414120345,0.12933538400990677,0.18781507495732838,-0.44675563414120345
0.2970609534531832,0.43583534844219685,0.595627230592072,0.8201270969584584,0.15849562268704176,0.00813850947876521,-0.54321618295621,0.17048083896473318,0.18688540591338598,-0.54321618295621
0.5054204473271966,0.3847034415230155,0.886516391299665,0.8843621509149671,0.00028745271265506744,0.008110491063753176,-0.6011615991799667,0.17874747179433623,0.25046819978334556,-0.6011615991799667
0.2793796453624964,0.34883838053792715,0.6541767194867134,0.9136664383113384,0.09606497548520565,0.0081040091609859,-0.5112795392532654,0.1425073179707259,0.21908210723751886,-0.5112795392532654
0.4508939506486058,0.37745437026023865,0.7562026465311646,0.6759203784167767,0.1480413107201457,0.008090512842112332,-0.5402296925824117,0.1783118877373029,0.1943349815429819,-0.5402296925824117
0.12645780481398106,0.34532412979751825,0.7556560775265098,0.8083382481709123,0.08986579347401857,0.008066532987962555,-0.7112519003511192,0.19530007127922075,0.32651949801359315,-0.7112519003511192
0.05298491567373276,0.4073899947106838,0.6740039568394423,0.7908921474590898,0.16230406053364277,0.008060935340968377,-0.7638822093378913,0.21167456109498617,0.36449344555255075,-0.7638822093378913
0.5299933440983295,0.38664118107408285,0.563608062453568,0.7490143161267042,0.10012331511825323,0.008059589348112916,-0.44629560197161167,0.13445016956759132,0.16282747149646945,-0.44629560197161167
0.43570183776319027,0.3520640768110752,0.5466702906414866,0.8147220453247428,0.035003756172955036,0.008052221723897864,-0.464001256795752,0.13531987618087782,0.17434458494246402,-0.464001256795752
0.49122339580208063,0.3471870953217149,0.8919921843335032,0.6677330806851387,0.08067603502422571,0.008043761493838663,-0.6335458317998498,0.2061992263512244,0.22931965216403266,-0.6335458317998498
0.20734517090022564,0.34052297845482826,0.6524081844836473,0.7695432603359222,0.11949222628027201,0.008033251973809205,-0.6153490512619584,0.17885109308310124,0.2749237077578084,-0.6153490512619584
0.12447969242930412,0.3011366277933121,0.6434230282902718,0.9390202257782221,0.0916115390136838,0.008026993864882016,-0.6773799446649633,0.179090847127346,0.32388005983366824,-0.6773799446649633
0.48040751088410616,0.47801157366484404,0.7810934940353036,0.8076925342902541,0.14099783077836037,0.00802523726984963,-0.5373413234076381,0.17882794150507503,0.1825597770511414,-0.5373413234076381
0.46634039748460054,0.3707858305424452,0.9824576787650585,0.7370960060507059,0.02926831878721714,0.008023888989225297,-0.6923338506067362,0.22947171088989773,0.25451792740874096,-0.6923338506067362
0.375747861340642,0.3520151562988758,0.7617796454578638,0.6755484761670232,0.11615886446088552,0.008007995094267082,-0.5689399580750787,0.19089853891767208,0.1979621606789719,-0.5689399580750787
0.5474183997139335,0.4520429251715541,0.7846135180443525,0.780760551802814,0.04313694778829813,0.008005612570971344,-0.5765900411820928,0.18587742348372532,0.1853292045887355,-0.5765900411820928
0.3499912125989795,0.44608989264816046,0.5615758989006281,0.8033109335228801,0.17121856007725,0.00799655107060915,-0.5220597521053056,0.1706735271340715,0.1623494785277393,-0.5220597521053056
0.37191665451973677,0.44945315923541784,0.7177785374224186,0.697750099003315,0.08332977816462517,0.007984176431032098,-0.6005578929218909,0.20690621539912887,0.17245009115763807,-0.6005578929218909
0.525411139242351,0.45977048948407173,0.839961008168757,0.8188047790899873,0.0969549585133791,0.007977729299313428,-0.5623346908076307,0.18301175106812867,0.19278078318777936,-0.5623346908076307
0.5324431005865335,0.2980759935453534,0.7204789286479354,0.9551430763676763,0.05715510994195938,0.007972840431901758,-0.45488419422141624,0.1295355159906765,0.15104391965805133,-0.45488419422141624
0.5227147871628404,0.3101799199357629,0.8889388255774975,0.7755086161196232,0.0602082209661603,0.007965847070913414,-0.5840142179688914,0.18079094350557892,0.21651213580366374,-0.5840142179688914
0.5493945404887199,0.3119431072846055,0.8509857868775725,0.9032661141827703,0.013917999342083931,0.007958977321800476,-0.570105685551816,0.16482450808060084,0.22470508914682263,-0.570105685551816
0.5753899291157722,0.2757985545322299,0.6268215971067548,0.9787773247808218,0.10106407571583986,0.00795817052594618,-0.45299141390894837,0.1376577250633214,0.11377050217313989,-0.45299141390894837
0.4458506843075156,0.46223635505884886,0.7983442032709718,0.8820138825103641,0.014270221814513206,0.007955908602350197,-0.5905551489729104,0.18160229229135996,0.2174861873067003,-0.5905551489729104
0.35692175198346376,0.41950394958257675,0.6288244528695941,0.7566102240234613,0.19655787758529186,0.007944907782881561,-0.5346147293418881,0.17659846718181652,0.16892670361604817,-0.5346147293418881
0.5161502761766315,0.2920705322176218,0.8322857264429331,0.7465279884636402,0.018734028562903404,0.007941005588133399,-0.5921190001840931,0.18947740386607104,0.20905826763561577,-0.5921190001840931
0.3670016201213002,0.41542354971170425,0.5975574301555753,0.7443120488896966,0.05005637090653181,0.007935906298702954,-0.5510801345748326,0.18222312616813718,0.1689732454318713,-0.5510801345748326
0.4995942022651434,0.35921403486281633,0.9659539172425866,0.8928578523918986,0.0005761068314313889,0.00792857140568235,-0.6594849819916954,0.19605216294314798,0.26977980527629075,-0.6594849819916954
0.4111902713775635,0.4892230900004506,0.6205960279330611,0.8017301112413406,0.20280929189175367,0.007921067462171251,-0.5521418434492606,0.1879405649939726,0.16346452475630327,-0.5521418434492606
0.47332757990807295,0.3572457628324628,0.5232374249026179,0.7237661555409431,0.09995613526552916,0.00790816656676721,-0.4566642430709995,0.14024281936343563,0.1770168321987076,-0.4566642430709995
0.6301305564120412,0.31548493914306164,0.6184484595432878,0.961398895829916,0.09529920667409897,0.007903505606293389,-0.4639428323801437,0.1380111339129358,0.13721176490454637,-0.4639428323801437
0.07980953436344862,0.3319906732067466,0.6944240499287844,0.8664028737694025,0.00804631132632494,0.007893158093332497,-0.7794332988413111,0.21092935295505355,0.347154852456685,-0.7794332988413111
0.41438709292560816,0.3767956728115678,0.8041748218238354,0.6028135204687715,0.027324519120156765,0.007889403651324308,-0.6825396080994055,0.23414221393424292,0.22235948051421892,-0.6825396080994055
0.45546196959912777,0.43739109206944704,0.4754053018987179,0.9681526850908995,0.16622549667954445,0.007886288822333354,-0.46533865192916274,0.135081695804701,0.125192041696255,-0.46533865192916274
0.5114281456917524,0.29010226018726826,0.6549463048577309,0.8858431270346045,0.1151232747361064,0.00788150807049503,-0.3976712351357405,0.11037608566124782,0.1445563033857885,-0.3976712351357405
0.24473677668720484,0.3077182127162814,0.6971225962042809,0.9089353382587433,0.04656235966831446,0.007878093508271984,-0.6042932443577371,0.17113381242651404,0.24247253684778677,-0.6042932443577371
0.4326754128560424,0.41908991150557995,0.8811562852934003,0.8599615208804607,0.04725694935768843,0.007857321809443204,-0.5804195199265372,0.18358723321157355,0.21928943620582902,-0.5804195199265372
0.39829742815345526,0.3076468510553241,0.8980668839067221,0.8180367890745401,0.07029178738594055,0.007849661954957333,-0.596141485861347,0.1850041327674574,0.21663316017996828,-0.596141485861347
0.49081200268119574,0.49514056742191315,0.7869763458147645,0.7827944718301296,0.06731432117521763,0.00783316130230873,-0.5974706186456965,0.19729977622173556,0.18285060297232075,-0.5974706186456965
0.45044625643640757,0.40639088582247496,0.5485852956771851,0.9717808747664094,0.13354746717959642,0.007808243772090491,-0.4070090977349558,0.10190028314162762,0.11705834014647443,-0.4070090977349558
0.8781199967488647,0.34026794135570526,0.6665363404899836,0.9281319305300713,0.09952440205961466,0.007805053481059033,-0.7370321159500272,0.18609722699745146,0.39267598857853064,-0.7370321159500272
0.1495414087548852,0.4280080944299698,0.6467549512162805,0.7694306978955865,0.1515744747593999,0.007800495802284691,-0.7021584518518648,0.1996083158303102,0.29376680704727315,-0.7021584518518648
0.32957677729427814,0.3733309591189027,0.7067256290465593,0.7850983990356326,0.15756303910166025,0.0078004817947855895,-0.5085131031239952,0.16023771608595255,0.18922622300337028,-0.5085131031239952
0.4997010361403227,0.5154215339571238,0.696605633944273,0.8083925703540444,0.08272565249353647,0.007792768979907747,-0.5722307946750046,0.1840259323745631,0.17399134913705264,-0.5722307946750046
0.308626108802855,0.3606544919312,0.6706958459690213,0.6944282548502088,0.1242117453366518,0.0077888732909876515,-0.5719592157961171,0.18773109348461905,0.20519927338350827,-0.5719592157961171
0.5072024632245302,0.3386323284357786,0.7424707403406501,0.590968107804656,0.060055836103856564,0.007777799732341986,-0.623303765603747,0.205453296246726,0.21253132944969888,-0.623303765603747
0.5937404483556747,0.4200232522562146,0.6292211469262838,0.8689434444531798,0.08844454027712345,0.007773969505976878,-0.46159515339016677,0.13510440305259386,0.143274019480413,-0.46159515339016677
0.18002912029623985,0.3670738432556391,0.7461256235837936,0.7932995958253741,0.03872540965676308,0.007769548171053828,-0.7021524547789889,0.20173201971369803,0.28172457053489103,-0.7021524547789889
0.12248831521719694,0.44320484437048435,0.709732354618609,0.8144569359719753,0.124648941680789,0.0077667850613419255,-0.725581646179299,0.20475723679772062,0.30732844112004926,-0.725581646179299
0.4933944623917341,0.44089556112885475,0.6289316900074482,0.6653383690863848,0.03828822821378708,0.007760293427452893,-0.598893687203929,0.19390822212428588,0.1858471105323427,-0.598893687203929
0.4059884659945965,0.2714252509176731,0.7307209493592381,0.7921104021370411,0.01041275355964899,0.007755221234259935,-0.5612387147170398,0.1822104055861508,0.19297162311537977,-0.5612387147170398
0.2025977000594139,0.4382613869383931,0.6959503348916769,0.8464275291189551,0.14664102997630835,0.007755210780244976,-0.6362600741388311,0.18428884458933212,0.25609458792334466,-0.6362600741388311
0.8980734078213573,0.3496977500617504,0.6891918228939176,0.8221177877858281,0.09472404234111309,0.007754928379115368,-0.7835746843742482,0.1943052019771451,0.41318530460792463,-0.7835746843742482
0.963698010891676,0.38758429139852524,0.6991483327001333,0.8264150135219097,0.1265456024557352,0.007750818290955395,-0.8554429968515445,0.21615141281276962,0.47142148102391473,-0.8554429968515445
0.3314460860565305,0.39038151782006025,0.6481572790071368,0.90673325676471,0.12813052721321583,0.007745784931476786,-0.4569965624767081,0.12732460519147112,0.18267015223130095,-0.4569965624767081
0.4455649107694626,0.5054819788783789,0.6369252456352115,0.8674590513110161,0.20250513777136803,0.007743473537128046,-0.5411399541930241,0.18343301203799975,0.16334192947351064,-0.5411399541930241
0.5784547487273812,0.3968756506219506,0.7866555405780673,0.7354389214888215,0.0559471920132637,0.007737709634302783,-0.5621583342110104,0.17905979178379053,0.18535444115117522,-0.5621583342110104
0.5411386229097843,0.33241053111851215,0.5909517463296652,0.9709585644304752,0.09040550049394369,0.007727664989437185,-0.3997696527100741,0.10538848517187416,0.10872746242402201,-0.3997696527100741
0.3807518510147929,0.41973952762782574,0.6616533659398556,0.6260882150381804,0.09893225226551294,0.0077260665158547966,-0.6133357557360627,0.21224228493459887,0.186730199374902,-0.6133357557360627
0.34341696836054325,0.3460820149630308,0.8584358785301447,0.8667870461940765,0.06354464311152697,0.007721399988084607,-0.5796659253390474,0.17719853101779948,0.21908238646541017,-0.5796659253390474
0.304589900188148,0.3034109100699425,0.7868196787312627,0.9066972369328141,0.006333577446639538,0.007718234664393601,-0.6302328727433245,0.1854736508833958,0.23883227402675727,-0.6302328727433245
0.4612785279750824,0.40300877299159765,0.8594637690111995,0.897613700479269,0.016709016636013985,0.007717167881692186,-0.5729415052333783,0.16834560299103749,0.23427706785290908,-0.5729415052333783
0.5608914410695434,0.45586200430989265,0.6560956742614508,0.823335200548172,0.19960778672248125,0.007707570570947739,-0.5185384021650343,0.16821957791548722,0.15189664249943505,-0.5185384021650343
0.09266837500035763,0.32146771252155304,0.579426622018218,0.9148789504542947,0.1140090236440301,0.007700111229648822,-0.6871630784955107,0.17724032626309888,0.357280238345705,-0.6871630784955107
0.5367083009332418,0.4867512797936797,0.596338820643723,0.8547868262976408,0.17767558060586452,0.00769989811388136,-0.5094605044153847,0.16563668988509528,0.15225148038205374,-0.5094605044153847
0.45997816789895296,0.38130898773670197,0.9749352103099227,0.8210920756682754,0.10705438069999218,0.007697281559398301,-0.6199723462063553,0.18550088912887033,0.25964863590898624,-0.6199723462063553
0.5635611414909363,0.32336271926760674,0.953751097433269,0.8547618333250284,0.04757880326360464,0.007697243142493231,-0.6341259085770158,0.1865488770734015,0.2413274063684886,-0.6341259085770158
0.43956057354807854,0.43261491134762764,0.6635836251080036,0.8095657993108034,0.2385374316945672,0.007694050220942736,-0.5252003513591447,0.16797600097440443,0.18495109275761798,-0.5252003513591447
0.4812614172697067,0.315576845780015,0.8555575832724571,0.6363197322934866,0.04202962853014469,0.0076820318847915636,-0.655581742910194,0.21663991360797963,0.21848996941055487,-0.655581742910194
0.30584584921598434,0.4266736935824156,0.7571312068030238,0.7400190439075232,0.10600845888257027,0.007672901429388146,-0.6051498326381346,0.20101813174392297,0.19390433302682225,-0.6051498326381346
0.19530848786234856,0.3309587314724922,0.7761118281632662,0.8387600481510162,0.07676101010292768,0.007668104164041115,-0.6607611976555435,0.1848188425991921,0.27837491513689205,-0.6607611976555435
0.4372432306408882,0.4843764128163457,0.6517984950914979,0.695375825278461,0.05240894667804241,0.007666383993581072,-0.6209790211466606,0.20273217993122672,0.17382090839108935,-0.6209790211466606
0.5002448027953506,0.4849820276722312,0.636274566873908,0.9820636576041579,0.1309477398172021,0.00765242186817702,-0.4846458960513895,0.14977652076164982,0.13361619755862392,-0.4846458960513895
0.13111857697367668,0.33368076477199793,0.7268843501806259,0.8856687657535076,0.10725956410169601,0.007651836455576141,-0.6732751264827957,0.17582261542308208,0.33240820716506286,-0.6732751264827957
0.5418350994586945,0.36598547641187906,0.8542320868000388,0.6772309551015496,0.06620711926370859,0.007645564918136945,-0.6141041675355697,0.1983573268388992,0.21306118932959392,-0.6141041675355697
0.48364993277937174,0.29119833651930094,0.9030357552692294,0.8772582150995731,0.03036482073366642,0.007645183187744908,-0.6003191779238268,0.17396865507410023,0.22824189182700075,-0.6003191779238268
0.4432032685726881,0.4184117456898093,0.6225785035640001,0.7134472448378801,0.2136652786284685,0.007644688916820606,-0.5364351626892939,0.17526241580792326,0.17852647827847032,-0.5364351626892939
0.07271230407059193,0.3626358024775982,0.5570305371657014,0.8353540636599064,0.11099301837384701,0.007640567139413703,-0.7152133735256742,0.1883109761583351,0.3741011709018103,-0.7152133735256742
0.019132100977003574,0.4100154973566532,0.5888795303180814,0.9210835248231888,0.14631923008710146,0.007626978998534071,-0.7502574094910961,0.2046809424632437,0.3856692462288761,-0.7502574094910961
0.35267673153430223,0.3245916524901986,0.8037746623158455,0.7271959893405437,0.08731344155967236,0.007624571282597369,-0.581764281685531,0.19155486910205913,0.1982405832612697,-0.581764281685531
0.32142577413469553,0.41559266299009323,0.8126362673938274,0.7613847879692912,0.10002000723034143,0.0076225171035251595,-0.6028546954189302,0.19942588356396104,0.19892513182637184,-0.6028546954189302
0.4576084455475211,0.3604017812758684,0.6334538329392672,0.8132386663928628,0.20627340395003557,0.007619172970551552,-0.4356256189685558,0.12588706092672375,0.16792596028866663,-0.4356256189685558
0.4478420838713646,0.2899099597707391,0.8648387789726257,0.7545199217274785,0.04388536233454943,0.007619017326833676,-0.5993889001010948,0.1924345930618928,0.20676426191354846,-0.5993889001010948
0.18453815579414368,0.4264757111668587,0.6244345549494028,0.8955478742718697,0.16486326791346073,0.007615722864139692,-0.6312607945792387,0.17493750960750035,0.26732362860541603,-0.6312607945792387
0.11011303775012493,0.39288582373410463,0.6692873863503337,0.8208057582378387,0.17644021287560463,0.007607116116480652,-0.7087972766958779,0.19054933022559736,0.3318248288287472,-0.7087972766958779
0.4193832129240036,0.3168340055271983,0.6552661899477243,0.5894481632858515,0.008082673884928226,0.007602263410838225,-0.6589681575449632,0.2278468694859601,0.21098727427093245,-0.6589681575449632
0.022679363377392292,0.3442960139364004,0.711306138895452,0.7718992112204432,0.026012386195361614,0.007602226737184619,-0.826604344590598,0.23838546806439248,0.364398265340651,-0.826604344590598
0.2878259876742959,0.36496666446328163,0.5769288940355182,0.8085330706089735,0.1300919195637107,0.007599832890407983,-0.5113145444334886,0.149458256800178,0.2144281667508129,-0.5113145444334886
0.23585788812488317,0.34205537661910057,0.6144936019554734,0.8934784317389131,0.07200467400252819,0.007599665107677086,-0.5711525996206642,0.1586683286630485,0.24781148836884237,-0.5711525996206642
0.8271752828732133,0.36966548580676317,0.6179005084559321,0.8553618341684341,0.11873217578977346,0.0075993299306375516,-0.6883682880529901,0.16115940910605991,0.3532827137740347,-0.6883682880529901
0.4961179159581661,0.399098320864141,0.6756532676517963,0.9006525771692395,0.18573751766234636,0.0075934747848973505,-0.4158329095979312,0.1165236068310158,0.1526598301511715,-0.4158329095979312
0.336507435888052,0.33428808860480785,0.6275300281122327,0.9441175954416394,0.11011284589767456,0.007589913646533813,-0.451354740602019,0.12123422289715625,0.17105304118168677,-0.451354740602019
0.5440594423562288,0.3440537769347429,0.9225945407524705,0.8311279276385903,0.10670457221567631,0.007587605788821849,-0.57628494411901,0.1629568097017376,0.23553528176327945,-0.57628494411901
0.4989904873073101,0.4589287033304572,0.591804089024663,0.8272754717618227,0.00951095949858427,0.007578098379467204,-0.5576885019890765,0.14845929678721645,0.19260466235727877,-0.5576885019890765
0.38127885200083256,0.4422350646927953,0.5831693997606635,0.8835672251880169,0.07940809521824121,0.007576446724482514,-0.4903047748175773,0.1490348850068506,0.14778622241430112,-0.4903047748175773
0.4616071321070194,0.43558448925614357,0.5698809865862131,0.6875875825062394,0.01393374428153038,0.007574086555921445,-0.609066832663493,0.1900642864408178,0.19279827506364763,-0.609066832663493
0.6609616046771407,0.31102573685348034,0.6823836481198668,0.9229753082618117,0.0711965523660183,0.007564429315485613,-0.509724918570964,0.1496348716759434,0.1745329731247272,-0.509724918570964
0.49534417130053043,0.41846451070159674,0.8420432908460498,0.7920739352703094,0.14050789177417755,0.007549919851692993,-0.5299255910751,0.16503201802216794,0.20229146228161457,-0.5299255910751
0.12312831543385983,0.38913540728390217,0.7675766749307513,0.7782234800979495,0.08290603756904602,0.007549446025129651,-0.7406664045537041,0.20693468199613269,0.3153818300105264,-0.7406664045537041
0.434343253262341,0.43328333366662264,0.8401283351704478,0.6474265418946743,0.03019753098487854,0.0075458221868480125,-0.6872638219885066,0.23409809460047643,0.20981961038214378,-0.6872638219885066
0.08850638289004564,0.3033939078450203,0.6210340140387416,0.8197083501145244,0.10757765360176563,0.007535899952125015,-0.7124074593777489,0.19528175028318118,0.358892222696749,-0.7124074593777489
0.30324044171720743,0.387290770187974,0.6626851093024015,0.8721814826130867,0.014978280290961266,0.007531554633626521,-0.5793677161080124,0.16933836720518028,0.22127953969633263,-0.5793677161080124
0.43528493866324425,0.40623300336301327,0.8136868979781866,0.822553657926619,0.15380469523370266,0.0075207063066816855,-0.4968835247946254,0.15177359498630907,0.1951326981270422,-0.4968835247946254
0.5983919510617852,0.3221982307732105,0.8061868399381638,0.9820920703932643,0.0032949894666671753,0.007519293285806623,-0.578714907996404,0.16737475679796457,0.21963143689038886,-0.578714907996404
0.4301434997469187,0.47513999603688717,0.5639281263574958,0.7954087657853961,0.02649895567446947,0.007517056488681042,-0.5859852888417779,0.1682613798481703,0.17612068137389375,-0.5859852888417779
0.477036370895803,0.2793089533224702,0.6105176843702793,0.7999200681224465,0.045681959949433804,0.0075151541787702,-0.46159086787644127,0.14299691934991443,0.15922598505873453,-0.46159086787644127
0.44513306953012943,0.44097884371876717,0.9138299794867635,0.8367116749286652,0.11144770123064518,0.007500788218513002,-0.5926741910422308,0.1883053775370579,0.2221592263483443,-0.5926741910422308
0.0035712579265236855,0.33883374370634556,0.6751237213611603,0.9783848281949759,0.030960362404584885,0.007500525356900058,-0.7965973494448959,0.21886377473561258,0.3780924143090024,-0.7965973494448959
0.262557165697217,0.4543671542778611,0.6488629831001163,0.8008460076525807,0.09345520380884409,0.00748492468385292,-0.6151305008888515,0.19459192731982106,0.19872758622691844,-0.6151305008888515
0.38647887017577887,0.3939154166728258,0.5456233592703938,0.8772140890359879,0.15075346361845732,0.007482945436296696,-0.42254518214632664,0.11778989064919117,0.15655416309426004,-0.42254518214632664
0.5223031705245376,0.41124314814805984,0.8076123651117086,0.6408997923135757,0.04280686192214489,0.007481391726896226,-0.6448870911539321,0.21354850975844855,0.20627489821892198,-0.6448870911539321
0.5768933603540063,0.36268462985754013,0.610838582739234,0.722274873405695,0.08143406081944704,0.0074784710594721126,-0.48613652192965157,0.149750529370333,0.1651089227619562,-0.48613652192965157
0.4959008228033781,0.3888186998665333,0.6033677477389574,0.6212599324062467,0.14133363775908947,0.007471667515040466,-0.5547949976873369,0.1819186304787516,0.1907884681126376,-0.5547949976873369
0.41748467925935984,0.3853701837360859,0.48488860204815865,0.6916294889524579,0.1106281653046608,0.007468421518485639,-0.5261685084604605,0.16869736995784046,0.18123527666267472,-0.5261685084604605
0.3350964467972517,0.4846272123977542,0.6846463065594435,0.82791533973068,0.1500347862020135,0.007460749805731977,-0.5656933654625194,0.18795122464356745,0.16853264943816654,-0.5656933654625194
0.1869062278419733,0.31621926464140415,0.7671764036640525,0.903348920866847,0.02193866018205881,0.007459567149159736,-0.7042526894506606,0.18815118927724275,0.28532778531478703,-0.7042526894506606
0.3989511374384165,0.2830669768154621,0.7518194783478975,0.9006928214803338,0.05807901546359062,0.007450321659197138,-0.5004254724571598,0.15116709757936453,0.17442460255479822,-0.5004254724571598
0.38462478667497635,0.3465147688984871,0.604181457310915,0.7517474051564932,0.1798841804265976,0.007449169358642739,-0.4744300268014405,0.14957053457715414,0.17004494634746295,-0.4744300268014405
0.38189394772052765,0.3740155538544059,0.9590176604688168,0.833670643158257,0.08640437200665474,0.007446329770722817,-0.6351546302579335,0.19661592502564454,0.24314439687383171,-0.6351546302579335
0.5186556586995721,0.4652576223015785,0.5573721071705222,0.7387549001723528,0.16947173047810793,0.007445840191713346,-0.5303809701448187,0.17054212519169087,0.1661347428878934,-0.5303809701448187
0.48513980489224195,0.3643122334033251,0.8236128287389874,0.8258553072810173,0.12117205746471882,0.007445651469675058,-0.4704797668955239,0.1337052409089518,0.20515183382498917,-0.4704797668955239
0.45249846391379833,0.3297680923715234,0.6150863254442811,0.8443183591589332,0.1666725929826498,0.007444395291398204,-0.38641309800891804,0.10226386394732367,0.15491641280289514,-0.38641309800891804
0.6029733931645751,0.37509156204760075,0.7151333130896091,0.7255758298560977,0.0653395289555192,0.007443581270850762,-0.5346743764644978,0.16537182102102504,0.17413886856119698,-0.5346743764644978
0.001656150445342064,0.41747067868709564,0.7414962435141206,0.8538352996110916,0.060396200977265835,0.007442122696082543,-0.8169190706735542,0.23424657746517538,0.36880460605406534,-0.8169190706735542
0.1292495084926486,0.4103784216567874,0.668263309635222,0.7591656986624002,0.07785751204937696,0.007437235100932015,-0.7316113864273062,0.2082984682668012,0.3051178286940728,-0.7316113864273062
0.3746927212923765,0.38239879067987204,0.7736620437353849,0.6451163729652762,0.12311858125030994,0.007437193183476124,-0.6093423054956815,0.2052217657903675,0.1998681513723553,-0.6093423054956815
0.22687620762735605,0.3900529043748975,0.6995450360700488,0.7980619529262185,0.017831457778811455,0.007435848280043088,-0.6721418016848356,0.19979012791461245,0.2501495526584781,-0.6721418016848356
0.7932784091681242,0.3232503794133663,0.6395281748846173,0.8870323002338409,0.08684120140969753,0.007434433643789643,-0.6449008998116192,0.16182126038742756,0.30232743564943076,-0.6449008998116192
0.45084680430591106,0.2782703498378396,0.6484628906473517,0.9276775643229485,0.02844613790512085,0.007427148920770114,-0.476748217094851,0.1358788070180571,0.16352516990466287,-0.476748217094851
0.40447758324444294,0.38813642878085375,0.5868887072429061,0.657501608133316,0.02817944623529911,0.007424205675176345,-0.5977956088992721,0.20025913936344125,0.19032832102995006,-0.5977956088992721
0.3990298742428422,0.43718645442277193,0.6557757295668125,0.6519560115411878,0.173590793274343,0.007423307392716996,-0.5973237051590923,0.20414038789959008,0.17606645717296976,-0.5973237051590923
0.49282947182655334,0.3398170890286565,0.5475995223969221,0.7842734064906836,0.04812504630535841,0.007416865566950627,-0.44663888605810426,0.12967577919247583,0.16931957573320697,-0.44663888605810426
0.4649523748084903,0.4718490457162261,0.8385701831430197,0.8677966129034758,0.011269406415522099,0.007416257871167619,-0.6239473040539141,0.19447987171358339,0.22232911788560572,-0.6239473040539141
0.4036544254049659,0.44420379865914583,0.906016600318253,0.74968898948282,0.05431259050965309,0.007413708620953786,-0.6648065037089629,0.2245197576400651,0.20784569948565396,-0.6648065037089629
0.5407031895592809,0.30997507367283106,0.6694349395111203,0.7300812359899282,0.10210189875215292,0.0074077323082361365,-0.465244774846011,0.1437983775556965,0.16407347056005542,-0.465244774846011
0.49815506767481565,0.35268947947770357,0.7419704766944051,0.7751877335831523,0.15270011685788631,0.007407184195288357,-0.44659347257644705,0.13260339723923317,0.17713137408692706,-0.44659347257644705
0.3832661034539342,0.5041237389668822,0.5822579311206937,0.7849559970200062,0.11020250525325537,0.0074012295727074505,-0.5792327674584911,0.18887030938330632,0.1604178348061981,-0.5792327674584911
0.8691617762669921,0.3100679377093911,0.7031312454491854,0.9971101861447096,0.08393717184662819,0.00739577486490205,-0.7468108456703352,0.20310152808341445,0.36011489251113715,-0.7468108456703352
0.5030709886923432,0.28637837432324886,0.7059912476688623,0.6743816323578358,0.03897608444094658,0.007390858768202109,-0.562107623613259,0.17863600153957207,0.18462284430856188,-0.562107623613259
0.558191523887217,0.41771673038601875,0.9058493366464972,0.7960672546178102,0.07248513959348202,0.007388742768156807,-0.6089684448094239,0.19349978817867808,0.21326002389271048,-0.6089684448094239
0.38819848001003265,0.37808019015938044,0.9671199535951018,0.7340424954891205,0.039174214005470276,0.0073827832126721294,-0.702943428184735,0.23389486749997698,0.23924119042201053,-0.702943428184735
0.852340473793447,0.3847124567255378,0.7085520336404443,0.857920273207128,0.1016836715862155,0.007380493477327351,-0.7329772733893921,0.1802131695033281,0.36264288801134675,-0.7329772733893921
0.4591121794655919,0.4378710212185979,0.4496679985895753,0.7976867817342281,0.1724895602092147,0.007365851510796931,-0.4976357694738321,0.1517731101210922,0.17004525533526288,-0.4976357694738321
0.555596437305212,0.46882274374365807,0.5865993099287152,0.8611226575449109,0.09521152824163437,0.007360751168304368,-0.4939595007583484,0.1446721254178235,0.14562504140538055,-0.4939595007583484
0.5386399198323488,0.4038895480334759,0.9305442441254854,0.7276235334575176,0.02846093289554119,0.007354973689159271,-0.6736634293754865,0.22055704257401318,0.2286662843567876,-0.6736634293754865
0.006859553046524525,0.40003591030836105,0.5470590088516474,0.8286191867664456,0.14136639423668385,0.0073546355986134,-0.774920185544651,0.21210550820516016,0.4013855334809255,-0.774920185544651
0.20926003996282816,0.4191602896898985,0.7109739286825061,0.8980002012103796,0.08612336404621601,0.0073447527671914896,-0.6249518390848454,0.17624441823861361,0.25768107438297144,-0.6249518390848454
0.3378587421029806,0.48087775334715843,0.7516702618449926,0.7770341970026493,0.11906177271157503,0.007342479682264592,-0.6046405813123035,0.2043434402587914,0.17234960370927685,-0.6046405813123035
0.09989209193736315,0.33753544371575117,0.6273947404697537,0.8015069393441081,0.14437394589185715,0.007325349690559363,-0.6977081369485844,0.18543225517004866,0.35754452200994974,-0.6977081369485844
0.6778465202078223,0.3848189562559128,0.6868202425539494,0.7838464584201574,0.11430305521935225,0.007324743560255058,-0.5464296359179482,0.15276509632519197,0.1960932585218949,-0.5464296359179482
0.47024584002792835,0.4145176252350211,0.9358370052650571,0.7109271688386798,0.11513806600123644,0.007323776970790439,-0.6527226254334431,0.21244295774993066,0.23222060702175942,-0.6527226254334431
0.4260964561253786,0.42968151066452265,0.7656859466806054,0.9213775312528014,0.0751023730263114,0.00731522902481894,-0.4838928085952576,0.14385603562236618,0.1822002779688484,-0.4838928085952576
0.4348767651244998,0.2843532972037792,0.9774851286783814,0.777954526245594,0.008417795412242413,0.007315016927861098,-0.7142340156911509,0.22752357541292656,0.24769476989283964,-0.7142340156911509
0.4140552431344986,0.4313153149560094,0.6471026102080941,0.9703268324956298,0.11731710005551577,0.007314480132228872,-0.43643492927871286,0.12413045646196745,0.137841603039596,-0.43643492927871286
0.08397115021944046,0.2934243297204375,0.7321261232718825,0.8989485427737236,0.018231702968478203,0.007312761659592781,-0.7847718360933419,0.2092207776866704,0.3358707589777814,-0.7847718360933419
0.36966203060001135,0.31465565878897905,0.6735739633440971,0.6623796932399273,0.10711256042122841,0.0073098414422699395,-0.559801662296216,0.1890321989185082,0.18350589820556829,-0.559801662296216
0.4131201095879078,0.4014174994081259,0.9074543341994286,0.678358631208539,0.10104929935187101,0.00730873420646223,-0.6611064525611223,0.22012535457178195,0.22256538787955593,-0.6611064525611223
0.9971899930387735,0.3746089432388544,0.6004401631653309,0.8236041544005275,0.14073952101171017,0.007308295922651692,-0.8779169070912013,0.21680333269745208,0.5116264188663269,-0.8779169070912013
0.44586552307009697,0.3194808606058359,0.671747206710279,0.6318198284134269,0.12904361356049776,0.007302968805770036,-0.5480237225778868,0.18266433459741444,0.18492238836601715,-0.5480237225778868
0.5161909833550453,0.427143226377666,0.6973798088729382,0.9976986348628998,0.1499933497980237,0.007301757866671006,-0.43984663820515185,0.1263151392384914,0.13934040017153101,-0.43984663820515185
0.5110810035839677,0.3962653949856758,0.5541258072480559,0.9667431246489286,0.21876035444438457,0.007291431996540534,-0.45352330771341653,0.11998888912398727,0.1278838029262786,-0.45352330771341653
0.48646771907806396,0.41224515717476606,0.5555492239072919,0.6495266957208514,0.06360094901174307,0.007290166354712234,-0.5730964148130246,0.18384781960191507,0.18457389232673552,-0.5730964148130246
0.4440391808748245,0.36881779693067074,0.5360180418938398,0.8805042961612344,0.12032081093639135,0.0072883150739277,-0.3804933978831069,0.09441916923343545,0.15194190745406896,-0.3804933978831069
0.5917032724246383,0.3433257332071662,0.6877895137295127,0.9943931708112359,0.11815509293228388,0.007284048913015537,-0.43805061134958534,0.12308639621870811,0.13943052881080123,-0.43805061134958534
0.16460417490452528,0.2989201080054045,0.6851739082485437,0.8088992349803448,0.054837509989738464,0.007282130613446136,-0.6896399418154369,0.19498022789252623,0.2921538753682636,-0.6896399418154369
0.251431024633348,0.38160054944455624,0.7226035827770829,0.8111010799184442,0.1452560154721141,0.0072819540074219756,-0.5754417764918728,0.1671582885796059,0.2381899408669359,-0.5754417764918728
0.4661992508918047,0.44479868188500404,0.8201279221102595,0.660289148800075,0.1329072332009673,0.007281445043294049,-0.6301123758957365,0.21113209794322807,0.1969714492215769,-0.6301123758957365
0.9430588195100427,0.3584797019138932,0.6777314459905028,0.9601701507344842,0.11666129436343908,0.007280375987766858,-0.7997536821582911,0.205674555716652,0.4484106701898687,-0.7997536821582911
0.5022269664332271,0.4056585617363453,0.8298863852396607,0.6093483017757535,0.045667179860174656,0.0072799690995920185,-0.6775982863823619,0.22556315785696074,0.21823443924866298,-0.6775982863823619
0.5267625311389565,0.35636415146291256,0.7180037368088961,0.9014772698283195,0.10388972517102957,0.007279225112147395,-0.3954627940157098,0.1018416496798639,0.165908306368196,-0.3954627940157098
0.38814179971814156,0.4077186081558466,0.7283214014023542,0.9302603052929044,0.053977129980921745,0.007278525557342516,-0.4889841420598246,0.14168236974543616,0.18501787822693394,-0.4889841420598246
0.5967637449502945,0.43855505995452404,0.6228680461645126,0.7598412549123168,0.16350986063480377,0.007277613106510405,-0.5256226521981404,0.16447475361305344,0.15204766762314811,-0.5256226521981404
0.019029108807444572,0.28032332472503185,0.7370825354009867,0.9939998397603631,0.00020175427198410034,0.007272624224919422,-0.8478908017911709,0.23529575718847887,0.3562017297290679,-0.8478908017911709
0.28544166777282953,0.30556320026516914,0.6592784794047475,0.982993864454329,0.0495379650965333,0.007268892538941612,-0.561994651194859,0.15700845599137345,0.2024382243381756,-0.561994651194859
0.5665967473760247,0.38937764428555965,0.6183000179007649,0.8374979728832841,0.03419627342373133,0.007265638769671726,-0.47307380403568167,0.12950791456044924,0.16509992490450479,-0.47307380403568167
0.9957705894485116,0.3254663962870836,0.6578493034467101,0.8608880396932364,0.05958889704197645,0.007261460024408263,-0.8689275991972406,0.22947502616981555,0.46908575695820276,-0.8689275991972406
0.06753913220018148,0.3530779657885432,0.6681064637377858,0.8833135655149817,0.012861812487244606,0.0072591885734693724,-0.7778598221990598,0.20550584209451597,0.3531408687115279,-0.7778598221990598
0.9222887651994824,0.39592248015105724,0.6060171639546752,0.824922101572156,0.11079585738480091,0.007254650832866447,-0.8163473689155398,0.19692425292955085,0.43434665882784,-0.8163473689155398
0.5820866012945771,0.3667798414826393,0.6420411691069603,0.7807164629921317,0.16542432457208633,0.007250707312518718,-0.45539432703887384,0.1336682662264741,0.15567809889524464,-0.45539432703887384
0.5197534747421741,0.3654220188036561,0.5717713888734579,0.8173543838784099,0.02234488260000944,0.007243829144163485,-0.46729953293706006,0.1248041266143776,0.17898994694232584,-0.46729953293706006
0.512795140966773,0.38061327766627073,0.9448836417868733,0.671986935660243,0.08032563794404268,0.007241383122838746,-0.6803163896779897,0.2208644561686317,0.23945780311592754,-0.6803163896779897
0.3226131834089756,0.470946803689003,0.6319282408803701,0.8333056904375553,0.07536721136420965,0.007237190979827789,-0.5794809066736193,0.18539956323146345,0.1641776875809046,-0.5794809066736193
0.35752015840262175,0.3674814412370324,0.7134337341412902,0.5878594750538468,0.1022644815966487,0.00723670582755424,-0.6505941729784902,0.21966156361866884,0.20975550124931505,-0.6505941729784902
0.2277110069990158,0.41723317466676235,0.7042548935860395,0.7319731302559376,0.14239705353975296,0.007235403431846065,-0.6537066326272114,0.19914214930795343,0.23720453864938817,-0.6537066326272114
0.045039775781333447,0.3661563517525792,0.7828456908464432,0.751491547562182,0.09472883678972721,0.007230720638763339,-0.8062837894246094,0.22675424118705834,0.3586849935581572,-0.8062837894246094
0.5677002025768161,0.3013826794922352,0.9941454213112593,0.8798257187008858,0.04119255021214485,0.007229668860865719,-0.6838491942319219,0.19497575703241446,0.25268816664728144,-0.6838491942319219
0.47709209751337767,0.30922177620232105,0.8190389992669225,0.5977811999619007,0.04846117738634348,0.0072291844961265206,-0.6661974332230816,0.21939653546525315,0.21538415756501977,-0.6661974332230816
0.3406390016898513,0.2908236440271139,0.6642545759677887,0.790471619926393,0.1038492051884532,0.007219886895617811,-0.5027619263375286,0.16225866406299336,0.17508331906364305,-0.5027619263375286
0.5330343814566731,0.38859887327998877,0.5703268870711327,0.8798622451722622,0.171289567835629,0.007217948897857592,-0.399202498444329,0.1062336154437099,0.1416993364049878,-0.399202498444329
0.4683318007737398,0.3849070556461811,0.9160768138244748,0.6106231324374676,0.06208826694637537,0.007201297556766849,-0.7135031953659451,0.23805901000531116,0.2368156814992262,-0.7135031953659451
0.34256912767887115,0.46121205016970634,0.7306335354223847,0.916988835670054,0.0705409124493599,0.007196861832026552,-0.5574558622401669,0.17545776149433373,0.17658370651879104,-0.5574558622401669
0.2874178197234869,0.4467157702893019,0.7255880422890186,0.8565503796562552,0.016443343833088875,0.007196562475029843,-0.6483229402215792,0.1970732974892902,0.21583212861829645,-0.6483229402215792
0.6124629303812981,0.3049037754535675,0.6460018353536725,0.8251910218968987,0.04400453809648752,0.007192772827064441,-0.48990659821857974,0.14521686626238164,0.16311641134424731,-0.48990659821857974
0.639007749967277,0.28744416777044535,0.6930456683039665,0.9767265813425183,0.007337591610848904,0.007184476928768313,-0.5678523783434676,0.16738745471847477,0.19280630091245973,-0.5678523783434676
0.4376060888171196,0.4580257376655936,0.872819016687572,0.6861792951822281,0.09042123798280954,0.007182664075667901,-0.6641511540388261,0.22446536255298302,0.20030457795212644,-0.6641511540388261
0.06453393492847681,0.3414365379139781,0.8141897041350603,0.8064674828201532,0.05955149885267019,0.00716891826204154,-0.8020825560752693,0.2233649842645465,0.3424652585395197,-0.8020825560752693
0.3902356391772628,0.36198855470865965,0.9006876032799482,0.6056162919849157,0.010199959389865398,0.007167560990536634,-0.7538200196313027,0.2578576169482852,0.2358740279747136,-0.7538200196313027
0.28131028451025486,0.3197316937148571,0.6345081999897957,0.7511075539514422,0.039230505004525185,0.007166371490277161,-0.6022096692962202,0.1928859480825632,0.21440345407095512,-0.6022096692962202
0.39333069790154696,0.5007923906669021,0.6759947938844562,0.7179094245657325,0.13561774976551533,0.007165724752419245,-0.6069983159860806,0.2071852345839738,0.16358568399398155,-0.6069983159860806
0.4363954532891512,0.3224066039547324,0.7737577352672815,0.5209674928337336,0.059084068052470684,0.0071635446710807,-0.7185860522399242,0.236235872649249,0.23040951237550114,-0.7185860522399242
0.10902369301766157,0.36098863556981087,0.7063412237912416,0.9546209992840886,0.064756796695292,0.007154180550679004,-0.7017924991765793,0.1791754275656031,0.33435211943040005,-0.7017924991765793
0.4269423857331276,0.26352983992546797,0.6437267083674669,0.8614103551954031,0.06816712953150272,0.0071499357296978495,-0.45999941860200994,0.142490295157032,0.1469772031959718,-0.45999941860200994
0.5764610515907407,0.3298494992777705,0.8192369928583503,0.9264029273763299,0.07444759737700224,0.0071476284075704,-0.5037920796571891,0.14163537687043404,0.18668177234372763,-0.5037920796571891
0.3702259222045541,0.4635856933891773,0.5049060750752687,0.793030671775341,0.12095780577510595,0.007143885982972364,-0.545889580518974,0.17327310972707238,0.15991347885502455,-0.545889580518974
0.3901520110666752,0.48131039179861546,0.503976859152317,0.857375355437398,0.1257668063044548,0.0071340782971920525,-0.5318827026739825,0.1630373786800881,0.15781407596262123,-0.5318827026739825
0.4753034897148609,0.4026928236708045,0.5818591956049204,0.6002676468342543,0.06661397218704224,0.007130960269812101,-0.6107172511852749,0.2009343126491291,0.19946484312388604,-0.6107172511852749
0.6096866326406598,0.3628780320286751,0.830787836574018,0.7676716204732656,0.006138510070741177,0.007130452114536208,-0.6167546783856239,0.1937694347173564,0.21232934862587555,-0.6167546783856239
0.5562001224607229,0.33810323290526867,0.9644150640815496,0.9185875989496708,0.10188713390380144,0.007129211288754984,-0.6155169555932173,0.15910933369644759,0.2473663654336137,-0.6155169555932173
0.6568222306668758,0.3144520279020071,0.6410203892737627,0.8423761026933789,0.08051159884780645,0.0071251010828454605,-0.49691011238721544,0.14207138128160157,0.17605866032507594,-0.49691011238721544
0.6673812316730618,0.3988648606464267,0.6301501952111721,0.8048695744946599,0.1577317090705037,0.007119224314857418,-0.5354413217844523,0.14957572211651232,0.18580075252332195,-0.5354413217844523
0.20321400929242373,0.2843637429177761,0.6784268235787749,0.9958057571202517,0.09452136792242527,0.007118366303881161,-0.629652885646071,0.1699100837149688,0.25179562981825604,-0.629652885646071
0.19842854421585798,0.4367891298606992,0.7207120237872005,0.8877344550564885,0.13744757696986198,0.007111295598221498,-0.6363000344425808,0.1799002611174619,0.26094929425192614,-0.6363000344425808
0.5167145328596234,0.42538325767964125,0.9697034806013107,0.8653838932514191,0.005240288563072681,0.007110316919310381,-0.6857135943381358,0.21165986899121506,0.2531437003983959,-0.6857135943381358
0.015642511658370495,0.33265658281743526,0.8027278333902359,0.9133204575628042,0.04242815636098385,0.0071059329317122635,-0.8202267677503937,0.22850821567456323,0.36539410869487016,-0.8202267677503937
0.36363433953374624,0.34190460480749607,0.762799933552742,0.7364542400464416,0.13857659697532654,0.007101172732371569,-0.5319395200704718,0.17245512524489567,0.18957584902335722,-0.5319395200704718
0.33897115755826235,0.3117939801886678,0.6115306224673986,0.7022643005475402,0.06725800037384033,0.007100949109121674,-0.5614709553685246,0.18748389482661332,0.18705103061557993,-0.5614709553685246
0.38852614257484674,0.4701185366138816,0.4775758795440197,0.823292700573802,0.11590997781604528,0.007099160503394707,-0.5435814070472845,0.166716012855787,0.16006727954130134,-0.5435814070472845
0.5122605040669441,0.27855059690773487,0.8625062322244048,0.8069293592125177,0.06659824959933758,0.007095384705175623,-0.5656656548164783,0.16718423035731406,0.20055521720969868,-0.5656656548164783
0.5211732182651758,0.48310115933418274,0.7478226236999035,0.7018372332677245,0.0005613118410110474,0.007092554434005827,-0.6749176873705109,0.2168987684927127,0.20352535924130036,-0.6749176873705109
0.45225534960627556,0.4195501785725355,0.4656810201704502,0.943254311569035,0.12375145591795444,0.007091053296105585,-0.4485467858363464,0.11876050252757596,0.1315664388985125,-0.4485467858363464
0.471470732241869,0.5290196696296334,0.7376447506248951,0.7825178597122431,0.12522029038518667,0.0070887618101724845,-0.5985595016545899,0.1994814182350802,0.18054233496424948,-0.5985595016545899
0.4039362920448184,0.4731248151510954,0.6644113697111607,0.9146138150244951,0.03981480933725834,0.007083361701992511,-0.5476673362510533,0.16096156332189693,0.16977738093105588,-0.5476673362510533
0.4805797450244427,0.5015811827033758,0.8281215392053127,0.8644239762797952,0.09417848568409681,0.0070824679849182635,-0.5856215825685367,0.1901311252660353,0.18968962609360998,-0.5856215825685367
0.471622153185308,0.47251010593026876,0.6186199923977256,0.6338926665484905,0.09240880887955427,0.0070749182148050534,-0.6279364758097816,0.20764048689736359,0.1846248187193898,-0.6279364758097816
0.5186907593160868,0.5332130771130323,0.6724295802414417,0.8400091864168644,0.11236634943634272,0.007072289150518663,-0.5721604445674096,0.18160783715367582,0.17614352690954013,-0.5721604445674096
0.2832861663773656,0.42864195071160793,0.7008282551541924,0.8776099355891347,0.01001203153282404,0.007070899548564375,-0.6355321806471238,0.18677544845404875,0.22652225204740054,-0.6355321806471238
0.41955603286623955,0.5066253980621696,0.6846553068608046,0.911272612400353,0.06567121297121048,0.007066559252290474,-0.5613356694994329,0.17352296475492668,0.16303517692947936,-0.5613356694994329
0.3522347388789058,0.45789676159620285,0.8785856086760759,0.8466223403811455,0.07724772859364748,0.007063827605058236,-0.634519408340414,0.20787224927887288,0.19932172592035402,-0.634519408340414
0.2807290703058243,0.46783937979489565,0.7800383968278766,0.8700569542124867,0.10493807774037123,0.007061626342238938,-0.621819048490134,0.19612326658084647,0.19949719066321414,-0.621819048490134
0.5773050477728248,0.4803494671359658,0.6931340359151363,0.8533129841089249,0.06745061092078686,0.007052946803599671,-0.5463425750042132,0.1658520735190194,0.15645906403893683,-0.5463425750042132
0.8054208997637033,0.3608178496360779,0.7244395259767771,0.8631715076044202,0.09177412185817957,0.0070522840686172514,-0.6762730595288339,0.16768964223284258,0.3143216467477972,-0.6762730595288339
0.5520121837034822,0.4292784510180354,0.5343657350167632,0.8704054737463593,0.16644440777599812,0.0070440800521216875,-0.4475476876733366,0.12953268360460007,0.14258874169688693,-0.4475476876733366
0.45802070293575525,0.4780808789655566,0.5586675629019737,0.6978426622226834,0.19267230294644833,0.007041652441806655,-0.5880204442406238,0.19410311204497144,0.17418774007686108,-0.5880204442406238
0.3751940783113241,0.32306340243667364,0.5581906167790294,0.9736176207661629,0.1031907731667161,0.007035607444011062,-0.4378064929208255,0.1138809057343098,0.1347819634949386,-0.4378064929208255
0.3309911713004112,0.3839819384738803,0.9348853742703795,0.7929579438641667,0.031245360150933266,0.007034771226667247,-0.6960486840227396,0.22392551805553057,0.23108975724540637,-0.6960486840227396
0.45521295443177223,0.3162356410175562,0.577952996827662,0.869216475635767,0.12318252772092819,0.007034670050268294,-0.3731801167134934,0.09508285842518666,0.1506952581874869,-0.3731801167134934
0.36221542581915855,0.3562100101262331,0.9476379631087184,0.6962406355887651,0.032218401320278645,0.007033273923280761,-0.7251218222756626,0.24066045996755278,0.235103940563763,-0.7251218222756626
0.5723221581429243,0.2951893908903003,0.8557259831577539,0.8389487145468593,0.08464770764112473,0.007030164308321345,-0.552741048833709,0.15823501554497135,0.19641153684349555,-0.552741048833709
0.5453076651319861,0.2928518746048212,0.6167262373492122,0.7636311259120703,0.06837982311844826,0.007018839291917278,-0.461112809797679,0.13966649018214852,0.15590172168023772,-0.461112809797679
0.06953029334545135,0.39846446458250284,0.7267968840897083,0.7607922935858369,0.04617010150104761,0.007018143129336598,-0.8019371968038427,0.22578443756452005,0.3330916706001242,-0.8019371968038427
0.5235573314130306,0.2883464079350233,0.7734673842787743,0.9433392575010657,0.06361668650060892,0.007016558332355079,-0.4817619379433522,0.13523277926535035,0.16528433911352547,-0.4817619379433522
0.43356965761631727,0.39014600683003664,0.6736619733273983,0.5387239241972566,0.0461299242451787,0.00701526546251797,-0.691253848320113,0.23151794999470726,0.22065561420549307,-0.691253848320113
0.38590284436941147,0.29641952365636826,0.6322674173861742,0.9577024588361382,0.015378167852759361,0.007008221583218331,-0.517157086457059,0.14517867014460584,0.18535944075764463,-0.517157086457059
0.18274413142353296,0.3088866788893938,0.8078148607164621,0.8620027415454388,0.012577185407280922,0.007007804762141392,-0.7423298193686132,0.20250478099510327,0.2828716920015428,-0.7423298193686132
0.4013996599242091,0.3211258864030242,0.9858354488387704,0.6441331533715129,0.01504213735461235,0.007005218208904453,-0.7783577196301724,0.26216504407522234,0.2467514089677932,-0.7783577196301724
0.34539463464170694,0.4670431353151798,0.7236731015145779,0.7040715096518397,0.12681509740650654,0.006997377834830023,-0.6203562993525388,0.21088598710261092,0.16987396019564596,-0.6203562993525388
0.5493529988452792,0.40734676271677017,0.7433759281411767,0.6534601682797074,0.1298536816611886,0.006991320158625971,-0.5793231132259621,0.18731236583133914,0.18549809282231075,-0.5793231132259621
0.06399115454405546,0.41684527788311243,0.5461712991818786,0.7987037263810635,0.12731142714619637,0.0069907636938244455,-0.7578884927774387,0.2051131022199382,0.3580696006478347,-0.7578884927774387
0.1803686274215579,0.4484414607286453,0.5837960978969932,0.8698621932417154,0.17410261277109385,0.006989825666737333,-0.6627619570256172,0.18785608460672432,0.2575725717646367,-0.6627619570256172
0.033431063406169415,0.2885924521833658,0.6102138888090849,0.8755081566050649,0.05348850041627884,0.006982267762997707,-0.7751441670354156,0.21630656881747476,0.36986732513832526,-0.7751441670354156
0.42270090244710445,0.5202224589884281,0.6319489236921072,0.9371480103582144,0.14813577197492123,0.006980334951634233,-0.536839088247262,0.1748008109932463,0.15215860611985876,-0.536839088247262
0.6116169709712267,0.3770602960139513,0.7721076514571905,0.892177477478981,0.03530023619532585,0.006980262565416701,-0.5273388771737608,0.15194405769965552,0.1921594087593667,-0.5273388771737608
0.6016195546835661,0.41045063082128763,0.688683764077723,0.8068853002041578,0.1889447858557105,0.006974305591877308,-0.5150128451263156,0.15731984260228307,0.15548081738958314,-0.5150128451263156
0.15777223743498325,0.4128873376175761,0.5677494425326586,0.8901886818930507,0.12145372107625008,0.0069733064650363205,-0.6498302578964225,0.17144050030318742,0.29488586644693904,-0.6498302578964225
0.20455013122409582,0.39949258975684643,0.8023353703320026,0.7879508761689067,0.10339376237243414,0.006970112626337297,-0.679170490251256,0.19780016647509263,0.2614059812086698,-0.679170490251256
0.37826452404260635,0.4053282495588064,0.5966282477602363,0.6834069145843387,0.19563539698719978,0.006967228430060031,-0.5648740183059443,0.1858516818322673,0.17785323964441124,-0.5648740183059443
0.020642446354031563,0.3916224054992199,0.6528083439916372,0.8963728593662381,0.05547498166561127,0.006963392192003558,-0.7753961574538023,0.2117745902326441,0.37572203920178915,-0.7753961574538023
0.31678863894194365,0.3151884498074651,0.893039689399302,0.8357023131102324,0.055193742737174034,0.00696246493839803,-0.6502071998374838,0.19723291431218953,0.221442888934993,-0.6502071998374838
0.5589512316510081,0.43477882351726294,0.8179386937990785,0.6965464670211077,0.09833409357815981,0.0069589908151035836,-0.6086441424257262,0.1979225911135357,0.18750463125335087,-0.6086441424257262
0.4831855036318302,0.29381284210830927,0.6780451899394393,0.7595691420137882,0.12877503223717213,0.006946323438687001,-0.4442479323537592,0.1354309008094616,0.15990191713806326,-0.4442479323537592
0.36757009848952293,0.39169615134596825,0.9396880194544792,0.8622678807005286,0.07871612999588251,0.006945726413654818,-0.628053631428097,0.19382954143506345,0.23300297816368062,-0.628053631428097
0.9514266774058342,0.4283255971968174,0.6570989275351167,0.923395955003798,0.12940890807658434,0.0069436742771008765,-0.8403236653521065,0.21512159611114867,0.43845202694419233,-0.8403236653521065
0.5140490783378482,0.45123866479843855,0.5006870245561004,0.7333801621571183,0.11818803381174803,0.006941048033005365,-0.5277276575585745,0.1595635345987622,0.17255911859778916,-0.5277276575585745
0.3935417514294386,0.4986624279990792,0.5606435984373093,0.8666565651074052,0.08230096660554409,0.006938694349286638,-0.5602777672369877,0.1686416368980033,0.1516152712439911,-0.5602777672369877
0.023821353912353516,0.3694636160507798,0.5763036860153079,0.9468113258481026,0.09973715897649527,0.006937195337449467,-0.7401884976947621,0.1970187180431293,0.3861289468600411,-0.7401884976947621
0.7323194919154048,0.41703213937580585,0.6505801090970635,0.8373463936150074,0.17491097282618284,0.006926642463993655,-0.6299577743773667,0.1672789751833004,0.23690309170590407,-0.6299577743773667
0.22965607419610023,0.44215765316039324,0.7611618349328637,0.8591967429965734,0.055682212114334106,0.006924660246824769,-0.6685514359778187,0.19888794888493538,0.2327628392650226,-0.6685514359778187
0.24608809780329466,0.37621619645506144,0.8232131553813815,0.8748471001163125,0.037613678723573685,0.0069144818582177895,-0.6623651479560176,0.19079628290868958,0.2500852435701955,-0.6623651479560176
0.06602830812335014,0.33918442856520414,0.6048543434590101,0.92413748241961,0.15643882658332586,0.006914240182384601,-0.7044810220801344,0.1802695517567765,0.3713299902845513,-0.7044810220801344
0.4417679337784648,0.41652875300496817,0.8353315275162458,0.5791718680411577,0.06836504675447941,0.006913319463729298,-0.7092759666260293,0.23712848155158256,0.22177437846452783,-0.7092759666260293
0.46399564761668444,0.459963477216661,0.6788818771019578,0.9470764650031924,0.05698588117957115,0.0069100284176849555,-0.4944560167002916,0.13954224069862242,0.1570423350037453,-0.4944560167002916
0.3955629086121917,0.5217475853860378,0.6076076896861196,0.8059563478454947,0.1604894855991006,0.006909654169342192,-0.5788499029551354,0.19300584752640332,0.16484150755676993,-0.5788499029551354
0.45477513782680035,0.4264362081885338,0.7824081815779209,0.8614429999142885,0.18800907861441374,0.006904119264076012,-0.4977069872113848,0.15132670908473128,0.1816924519540397,-0.4977069872113848
0.871439422480762,0.42533144634217024,0.6862703990191221,0.8917987290769815,0.10648031160235405,0.006903049440087893,-0.7668371981747032,0.19040047775263466,0.3632628425478202,-0.7668371981747032
0.33314658142626286,0.4059821367263794,0.8509134063497186,0.700752523727715,0.04830531124025583,0.006896554954323216,-0.6775746433341543,0.22500339235830913,0.20611467148889895,-0.6775746433341543
0.34540864266455173,0.3126871483400464,0.870444605126977,0.9542750781401992,0.011119977571070194,0.006896089864802862,-0.6441909442737845,0.18332209373739516,0.2360283686995037,-0.6441909442737845
0.38278903439641,0.3401885963976383,0.7202801303938031,0.5025148317217827,0.06946917809545994,0.006895785849900519,-0.7351774806244823,0.2409254038795795,0.23196770854156337,-0.7351774806244823
0.4565988192334771,0.5363712506368756,0.6106226146221161,0.8360078539699316,0.17850083764642477,0.006894910637025431,-0.5748338279575609,0.19134443699215456,0.17218457145597985,-0.5748338279575609
0.7523961272090673,0.3910993570461869,0.6122317761182785,0.8554896572604775,0.1494085816666484,0.006893610421464933,-0.6123407266491034,0.14943166730998722,0.26931269390038204,-0.6123407266491034
0.52616261318326,0.509794213809073,0.720373990945518,0.9307757709175348,0.15872744470834732,0.006884813276696542,-0.5397254640183735,0.17681864051875373,0.15497290107747086,-0.5397254640183735
0.454763394780457,0.2918479526415467,0.6869536507874727,0.6130809541791677,0.07250087708234787,0.006884489541911541,-0.5939443475333305,0.19576235548032692,0.18509643910967918,-0.5939443475333305
0.49132788367569447,0.4980030432343483,0.5148667888715863,0.9161047302186489,0.21107633598148823,0.006882165195120835,-0.5418025214038897,0.17382408345253286,0.1532826885725105,-0.5418025214038897
0.5692027378827333,0.34138821717351675,0.7603890867903829,0.6378539297729731,0.029481012374162674,0.006881240825204931,-0.623034581483889,0.20012223653421335,0.2009371307410672,-0.623034581483889
0.4804157968610525,0.36625046469271183,0.626501596532762,0.5573983667418361,0.026219910942018032,0.006881069982742746,-0.6639123465046025,0.22064852224621034,0.21986304983667118,-0.6639123465046025
0.4817958604544401,0.46449925284832716,0.9615938533097506,0.7517147231847048,0.06004104111343622,0.006880325202048922,-0.7007172224740799,0.2324716501374025,0.2230343389638736,-0.7007172224740799
0.455893337726593,0.345172137953341,0.8674747571349144,0.5441173920407891,0.09519579075276852,0.006876419648283398,-0.7290458229996828,0.23657034616938968,0.24020242412414472,-0.7290458229996828
0.4302846463397145,0.3382456414401531,0.727236270904541,0.8677530232816935,0.1394152045249939,0.006873340312111481,-0.4073297348942929,0.10792830086839339,0.17555959696192433,-0.4073297348942929
0.4234561510384083,0.4517173180356622,0.5159245505928993,0.9485233472660184,0.19798210635781288,0.006869181691184936,-0.4876399178676733,0.14827942658740714,0.13351903629759673,-0.4876399178676733
0.3160973275080323,0.3323193397372961,0.8207995956763625,0.6735129933804274,0.021532286889851093,0.006867371787372317,-0.6961321025255313,0.22899870872795955,0.21810371001470896,-0.6961321025255313
0.324032599106431,0.36986070219427347,0.5504282228648663,0.7178685814142227,0.08923234418034554,0.006863441624310963,-0.5534651700974595,0.180710008289883,0.18939888871508725,-0.5534651700974595
0.48409655410796404,0.2583329249173403,0.6671629417687654,0.708438933826983,0.0003031827509403229,0.0068587723665003595,-0.5822405064908459,0.18634088304903734,0.19600861781122886,-0.5822405064908459
0.448254382237792,0.42222992330789566,0.9386102352291346,0.639611148275435,0.057140326127409935,0.0068568959602291315,-0.7295694035022174,0.24531676975628638,0.22801146529247093,-0.7295694035022174
0.43018111400306225,0.4415762694552541,0.8661498334258795,0.6184134017676115,0.004371705465018749,0.006854705486609925,-0.7518335028776504,0.25625786746808343,0.22202730152168643,-0.7518335028776504
0.36643090192228556,0.3864870397374034,0.8325185291469097,0.9190141893923283,0.04306585807353258,0.006854113742049745,-0.5606298716989474,0.16602094521750232,0.21608785466000477,-0.5606298716989474
0.24403592571616173,0.360063630156219,0.7645303476601839,0.9964354103431106,0.004793672822415829,0.006852313316134703,-0.6693800465000166,0.17968892976425235,0.2687268694511134,-0.6693800465000166
0.535167507827282,0.3544228058308363,0.709098375402391,0.7198328319936991,0.15967608708888292,0.006851863377509598,-0.48693306624041854,0.15007146857400627,0.1728804483936277,-0.48693306624041854
0.13390375021845102,0.32755996100604534,0.6231324709951878,0.8330405866727233,0.016933221369981766,0.006848239433295119,-0.7289263300307085,0.19762717337869018,0.3140061027977106,-0.7289263300307085
0.4436996793374419,0.4428609423339367,0.6378444144502282,0.9563349187374115,0.23323521204292774,0.006847244984525626,-0.49870858680321156,0.1522380430968355,0.1552641175044037,-0.49870858680321156
0.5075179170817137,0.5239048320800066,0.7144866241142154,0.9097684482112527,0.11526020430028439,0.0068455597915166614,-0.551764144751088,0.17570548754750726,0.168711309181838,-0.551764144751088
0.5310430051758885,0.42162515595555305,0.5902090296149254,0.7834506286308169,0.22371044103056192,0.006839210856417361,-0.5070297136423334,0.15430363259140675,0.17031730750834034,-0.5070297136423334
0.055257976055145264,0.43458553683012724,0.7641912307590246,0.8727739173918962,0.06882818602025509,0.006837141755422524,-0.7923705533289587,0.22115985793210047,0.33576539862535887,-0.7923705533289587
0.47898813616484404,0.3613014090806246,0.9174108458682895,0.6731153605505824,0.13093201722949743,0.006836235860978774,-0.6500298920508741,0.20391245194344723,0.237907343415544,-0.6500298920508741
0.14839654508978128,0.4164387499913573,0.7918734038248658,0.8198336306959391,0.1206044340506196,0.0068243486400125395,-0.7154910445442306,0.1979533769031788,0.29637556583965236,-0.7154910445442306
0.010982340201735497,0.3346250932663679,0.7491102535277605,0.7034563245251775,0.07592645566910505,0.006823935876819972,-0.8468169938411308,0.2427295921899707,0.3683845126170821,-0.8468169938411308
0.5849592024460435,0.30740927904844284,0.6217524241656065,0.9473334029316902,0.030182762071490288,0.00682361038895363,-0.4783940051834239,0.13277609579400207,0.14886006111563457,-0.4783940051834239
0.5663863597437739,0.3986292602494359,0.6593205435201526,0.6874624872580171,0.01323084719479084,0.006821377681575365,-0.5882067149045264,0.18417761624931608,0.19090703800756156,-0.5882067149045264
0.49482064601033926,0.41645560320466757,0.6139088487252593,0.9068256914615631,0.018719248473644257,0.006821032363761862,-0.48809159103280697,0.11423266196001318,0.1808025204856132,-0.48809159103280697
0.023263009265065193,0.46518390998244286,0.6109861880540848,0.8130154926329851,0.13990276120603085,0.0068208848239357574,-0.8088170710254013,0.23008518014888757,0.3547350029590895,-0.8088170710254013
0.5942602697759867,0.3031478635966778,0.7687241183593869,0.7520682225003839,0.02518411260098219,0.0068193204817814344,-0.5678138757867832,0.17410961112292295,0.18896337503891902,-0.5678138757867832
0.9157521901652217,0.3166712438687682,0.7088909791782498,0.9837771151214838,0.041555510833859444,0.006817621375077444,-0.805795669850182,0.21800073949563145,0.38026722620202946,-0.805795669850182
0.31611216999590397,0.44748694356530905,0.7091099480167031,0.9223327729851007,0.1530316974967718,0.006814884738299947,-0.5304319011841845,0.16186543034038334,0.17831621427897587,-0.5304319011841845
0.3786498149856925,0.28500496968626976,0.6984423995018005,0.7315849158912897,0.09151058737188578,0.006810774708019457,-0.5266866453700295,0.17413715579313166,0.16774302137014538,-0.5266866453700295
0.372713441029191,0.47696056589484215,0.6899297097697854,0.7722262563183904,0.20974169112741947,0.006810718703169539,-0.5929885704622797,0.19804038548740382,0.16513067579295984,-0.5929885704622797
0.508048883639276,0.312598810531199,0.6074526412412524,0.6276966603472829,0.06444078963249922,0.006810358760633666,-0.5601187303448628,0.1808843353597157,0.184467285043165,-0.5601187303448628
0.5468179890885949,0.4251804081723094,0.6906598145142198,0.6324604470282793,0.07858244981616735,0.006808733734283221,-0.6047850997551101,0.19686340369272898,0.18519763493066896,-0.6047850997551101
0.2713863728567958,0.4343045148998499,0.6335494723170996,0.9385996051132679,0.14225413277745247,0.006806456818674586,-0.5453387592317025,0.15643811020660778,0.19546452498191927,-0.5453387592317025
0.10454547312110662,0.42475595138967037,0.578279547393322,0.8523714672774076,0.20041590835899115,0.006805368786915671,-0.7332105367264845,0.1980534104573204,0.31838729641335145,-0.7332105367264845
0.9472954897210002,0.44638368114829063,0.6352383457124233,0.8420145912095904,0.15438024513423443,0.006803278001041915,-0.8780610214641896,0.21962088727274293,0.43820667925258483,-0.8780610214641896
0.30467042326927185,0.41479814890772104,0.6835149182006717,0.6578383268788457,0.13746868073940277,0.0067995677667110855,-0.6344889283049183,0.2094533528165972,0.19500507460384214,-0.6344889283049183
0.5234471252188087,0.4308692058548331,0.6311971973627806,0.691588799469173,0.19883876480162144,0.00679817227200159,-0.5560054516730899,0.1786006514561943,0.1725705097876394,-0.5560054516730899
0.4288727631792426,0.4964010799303651,0.7101609809324145,0.9859464913606644,0.10120022390037775,0.006797451868934362,-0.5293863972097663,0.16617608825212496,0.1535102284134697,-0.5293863972097663
0.46440666168928146,0.398340554907918,0.42959780525416136,0.8069667220115662,0.12078232783824205,0.006794599920871641,-0.4649071087846632,0.12967759339650672,0.1739128918431654,-0.4649071087846632
0.32967977691441774,0.44004990439862013,0.6195416124537587,0.8643618915230036,0.051484618335962296,0.006789552710870667,-0.5535569853392435,0.16856917745024955,0.17119646528356963,-0.5535569853392435
0.17687378637492657,0.40303006675094366,0.5452389242127538,0.859606122598052,0.11844137590378523,0.0067887540111758946,-0.6358066641650885,0.16928130244958303,0.2843733675574535,-0.6358066641650885
0.5371287874877453,0.25496712792664766,0.762069009244442,0.8469267413020134,0.011071835644543171,0.006788053682062847,-0.5532492749753765,0.16291436285049765,0.19787437747927103,-0.5532492749753765
0.45383400470018387,0.3624447099864483,0.7315344484522939,0.46667978912591934,0.059431430883705616,0.006788023093220498,-0.7603914773746194,0.24367804300735535,0.2528715499696098,-0.7603914773746194
0.23860756494104862,0.43091894406825304,0.7296291645616293,0.7412615260109305,0.06774615310132504,0.006783158073573385,-0.6774878345010248,0.21117760832671656,0.21984565457079935,-0.6774878345010248
0.9449891950935125,0.40490378718823195,0.7362301927059889,0.8327355897054076,0.08310932293534279,0.006778894944991951,-0.8555159602588777,0.22098330275346395,0.42080666715569215,-0.8555159602588777
0.004478371702134609,0.3582609388977289,0.8425799896940589,0.8364732740446925,0.04530581925064325,0.006778860587725996,-0.8533114173167735,0.24449955550024693,0.3595470608183241,-0.8533114173167735
0.7634382732212543,0.3031686805188656,0.5755928112193942,0.9736736072227359,0.11095148511230946,0.006778381338348435,-0.619190631166306,0.16661751000439998,0.26007801306813333,-0.619190631166306
0.5434538200497627,0.4632989168167114,0.5504092816263437,0.889141708612442,0.09805987682193518,0.006777467397191403,-0.4828430286216181,0.13425086866897776,0.14040581476730857,-0.4828430286216181
0.5392845747992396,0.41202249377965927,0.5246395608410239,0.845506863668561,0.12402273342013359,0.006776036982443703,-0.42364212188123873,0.11240545062830687,0.15140284283454228,-0.42364212188123873
0.4959125639870763,0.2659606384113431,0.991723645478487,0.8730428675189614,0.02539485413581133,0.0067661017673380595,-0.7004670811431839,0.1974567564095794,0.25295402426196245,-0.7004670811431839
0.4321537110954523,0.417813366279006,0.6686164224520326,0.9952173940837383,0.1686336798593402,0.006765675561070376,-0.4338987059835481,0.12046437177178969,0.1389311474797786,-0.4338987059835481
0.6111772432923317,0.36464284360408783,0.6175464121624827,0.9000054355710745,0.1508913477882743,0.006763009815855207,-0.43371144983357096,0.11714490105227672,0.14973296589602345,-0.43371144983357096
0.7349765384569764,0.43112000171095133,0.6564730042591691,0.8163692196831107,0.10115211177617311,0.006758211918748005,-0.6284064100356354,0.16187191930312825,0.2169963044336919,-0.6284064100356354
0.4611611161381006,0.5004921769723296,0.45058040600270033,0.9022010006010532,0.14176055137068033,0.006758034224563165,-0.545207901543542,0.15969466731673185,0.16898333102844004,-0.545207901543542
0.40319189615547657,0.4376831026747823,0.6769058266654611,0.613456672988832,0.16732726618647575,0.006757861279699461,-0.6366636053818848,0.21542772400294055,0.18743368118370918,-0.6366636053818848
0.5835237689316273,0.3607463985681534,0.9331936873495579,0.8954759677872062,0.052423715591430664,0.006754416111043473,-0.6138500950685712,0.17775692762528478,0.23071522951446724,-0.6138500950685712
0.008487029932439327,0.3121891589835286,0.5153386006131768,0.9624568065628409,0.11878034751862288,0.006752044494373255,-0.7632506249018052,0.20763329394734334,0.3865293118213226,-0.7632506249018052
0.08907039742916822,0.42010411713272333,0.7024348014965653,0.7004061853513122,0.11753226164728403,0.006751484246510933,-0.7956634393937345,0.22395324796578753,0.3236905443381783,-0.7956634393937345
0.38145105354487896,0.47509307228028774,0.8463897611945868,0.7187315011397004,0.07620558049529791,0.006750174561636688,-0.6698138061247711,0.22620356576699557,0.18299976937776127,-0.6698138061247711
0.5360487094148993,0.45921239629387856,0.6248592957854271,0.6796275181695819,0.053109973669052124,0.006749942746391879,-0.6014793825662097,0.18775659868956573,0.17454474545041568,-0.6014793825662097
0.302720595151186,0.44456120021641254,0.8453880287706852,0.7851382335647941,0.03522058576345444,0.006748472824511308,-0.6884118801157583,0.2229028973615881,0.2043300158864308,-0.6884118801157583
0.7368458788841963,0.32128073554486036,0.7227901965379715,0.9379585022106767,0.06833258084952831,0.0067456500074155774,-0.6014392807164177,0.16421402559141496,0.23366414009279446,-0.6014392807164177
0.3694858131930232,0.5005416134372354,0.6429024003446102,0.8368919743224978,0.0379311116412282,0.0067310083380814215,-0.6157298413292867,0.18750558858056432,0.16842510281858908,-0.6157298413292867
0.29660486429929733,0.47013185266405344,0.677949252538383,0.8829864868894219,0.18878124188631773,0.006731000828682874,-0.5839783096194524,0.18387150977104283,0.1746968895992142,-0.5839783096194524
0.08309759106487036,0.3912406684830785,0.5668507739901543,0.9515930796042085,0.132122072391212,0.006727944809923141,-0.6982285731527956,0.17672193674050465,0.3485265964925824,-0.6982285731527956
0.5386231699958444,0.25380220729857683,0.5378410257399082,0.9773074313998222,0.14805610198527575,0.006726369120863549,-0.4673180584114362,0.13411387521176688,0.11816723814497507,-0.4673180584114362
0.20203367434442043,0.3361996002495289,0.6212022714316845,0.7274589939042926,0.12534961476922035,0.0067191920287863775,-0.6439087474427378,0.18761016966407595,0.27535772696790506,-0.6439087474427378
0.5479521313682199,0.3343790415674448,0.898235309869051,0.6456655105575919,0.05700160749256611,0.0067163662342037645,-0.67651213285782,0.2161168504834224,0.2238570549576441,-0.67651213285782
0.9836202310398221,0.36645141057670116,0.6978158876299858,0.888907122425735,0.05475688353180885,0.006716223273402737,-0.8610909759428421,0.22677949677943313,0.4478020244307263,-0.8610909759428421
0.4582317266613245,0.5233189733698964,0.6779707698151469,0.846436264924705,0.027169080451130867,0.006715221291703279,-0.619647194783892,0.18118432404868076,0.18953617543793697,-0.619647194783892
0.43074527382850647,0.34051399305462837,0.939776387065649,0.9873952213674784,0.017611302435398102,0.00671103491752627,-0.6396780449980576,0.1759177606770502,0.2501470760371199,-0.6396780449980576
0.5434942953288555,0.49296761583536863,0.7539361892268062,0.7121804403141141,0.1203050622716546,0.006710790308853811,-0.61513582136332,0.20205036234078086,0.17146924017381435,-0.61513582136332
0.460885644890368,0.41095861326903105,0.7048828434199095,0.5311990100890398,0.11208783090114594,0.006710597308079883,-0.6870377649183979,0.2248607343993255,0.2183130162506604,-0.6870377649183979
0.4215018479153514,0.3978194911032915,0.9819291476160288,0.8898040289059281,0.052195776253938675,0.00670835255690855,-0.6520280853059375,0.19732486763600604,0.24990833226837594,-0.6520280853059375
0.4083830313757062,0.3424517475068569,0.508530480787158,0.6293796757236123,0.1140339644625783,0.006707193159300982,-0.5698739812169031,0.18611492135731258,0.18985102972416254,-0.5698739812169031
0.16873503476381302,0.3257834520190954,0.6476873746141791,0.9569385629147291,0.033879476599395275,0.006706678134465963,-0.6744595515014644,0.17123904506614487,0.2886908747752831,-0.6744595515014644
0.9617068720981479,0.37246968038380146,0.6405826052650809,0.950873488560319,0.16013230476528406,0.006705712126645162,-0.8319346262252071,0.21049026448232666,0.4693584172147186,-0.8319346262252071
0.2051290888339281,0.45578925870358944,0.7369877975434065,0.867412481456995,0.0650888541713357,0.006703884327135208,-0.6854468335960204,0.20025308390767893,0.23936593604594178,-0.6854468335960204
0.19564051646739244,0.3541063331067562,0.68300826754421,0.7052965741604567,0.04419511649757624,0.006699072653338549,-0.7100175525883567,0.21213496955126826,0.2652340544049267,-0.7100175525883567
0.23382535483688116,0.4328872011974454,0.7830024249851704,0.8753924705088139,0.03473991435021162,0.0066983463024210535,-0.6826272753585204,0.19939536325554832,0.23916505138070174,-0.6826272753585204
0.5478809047490358,0.44540006946772337,0.5093598980456591,0.8954933537170291,0.17275418434292078,0.006696420241650391,-0.47186462195293544,0.1392372601285869,0.13806098188021876,-0.47186462195293544
0.47905424144119024,0.3314188653603196,0.6532749403268099,0.9750818219035864,0.14970213267952204,0.006687340085137411,-0.3842203693746147,0.09305763851325474,0.12520184171733703,-0.3842203693746147
0.47223724890500307,0.33787957299500704,0.9944664053618908,0.5824706824496388,0.0854885932058096,0.006679764013103821,-0.7839817361944995,0.2551730152052906,0.2624136419740526,-0.7839817361944995
0.6133165778592229,0.39296716544777155,0.7248542569577694,0.7465601861476898,0.14688078220933676,0.006678185600019247,-0.530711141637171,0.16063760043977696,0.17124286513225517,-0.530711141637171
0.40512733720242977,0.4217077847570181,0.8587684463709593,0.9906879113987088,0.0034317411482334137,0.00667761670002626,-0.6242205155279934,0.1800952548988297,0.24217669689088808,-0.6242205155279934
0.03759334981441498,0.3359640557318926,0.5883733285591006,0.8585913619026542,0.043287972919642925,0.006676118001688528,-0.7718882946637706,0.20944097957470564,0.37204957192224003,-0.7718882946637706
0.1537840599194169,0.3356492752209306,0.7839234489947557,0.747586733661592,0.010835898108780384,0.006675375489692471,-0.7812107937794456,0.2259563939573436,0.2880913648466757,-0.7812107937794456
0.07592059671878815,0.3494779383763671,0.7191218426451087,0.6728828735649586,0.0928959446027875,0.006671974380150254,-0.8097820093603846,0.22783944997991643,0.34081745225946664,-0.8097820093603846
0.35149328969419,0.4513908987864852,0.7713999357074499,0.9346489934250712,0.05039032641798258,0.006671955621963872,-0.5739352646757309,0.1764406324094345,0.1894346751103456,-0.5739352646757309
0.32628637459129095,0.40404439717531204,0.6696675298735499,0.9325931277126074,0.08567455038428307,0.006668394078689457,-0.49260891135643947,0.14231001314684172,0.18068740536957364,-0.49260891135643947
0.4177508009597659,0.3658993048593402,0.587421172298491,0.5950090577825904,0.16148390248417854,0.006666997820879411,-0.5961214769043807,0.19710988450330824,0.19825576777382284,-0.5961214769043807
0.6348765417933464,0.3377302000299096,0.7334313811734319,0.7574334805831313,0.028402794152498245,0.006660441863562506,-0.5664643820612083,0.16893539556912107,0.18611460938185467,-0.5664643820612083
0.5121213663369417,0.4588662562891841,0.5367033630609512,0.9934572903439403,0.2609474519267678,0.006655734956416569,-0.5580371711220837,0.17620467602912693,0.15510329631248987,-0.5580371711220837
0.403372747823596,0.4107548100873828,0.4146720077842474,0.8389113480225205,0.1027294946834445,0.006653864194218326,-0.5100851501073096,0.14918113711635697,0.16328304017822104,-0.5100851501073096
0.4146880405023694,0.4096114803105593,0.5008554207161069,0.8110086433589458,0.004526072181761265,0.006651950232755185,-0.566079625085013,0.15185479266276924,0.18921977778291843,-0.566079625085013
0.43427317775785923,0.3363821227103472,0.6377559145912528,0.47432259004563093,0.09484907984733582,0.006651930455132388,-0.7275828461209444,0.23130601202288212,0.24135883753145643,-0.7275828461209444
0.12697955127805471,0.2912076795473695,0.6903733955696225,0.8489814978092909,0.11646815668791533,0.006650708662389486,-0.690505453894715,0.18586141438339165,0.3249294641159004,-0.690505453894715
0.5579848783090711,0.38388979341834784,0.6641209628432989,0.6172590171918273,0.08337792009115219,0.00665047129285774,-0.5887540957139027,0.18918326513439776,0.19005104085470542,-0.5887540957139027
0.15519087295979261,0.4070302052423358,0.5744691109284759,0.7397866109386086,0.17748422734439373,0.006648683673195186,-0.7124631178027974,0.19803560173676993,0.2911003647110325,-0.7124631178027974
0.556760024279356,0.419247817248106,0.6771961776539683,0.9108267594128847,0.2099147718399763,0.006643857040039591,-0.4831311549849319,0.14448333159199175,0.1470640307347706,-0.4831311549849319
0.053949386812746525,0.38037104811519384,0.6712176604196429,0.7396349273622036,0.03675045445561409,0.0066395025030952315,-0.8132702512876462,0.2299966739205591,0.3442648064256722,-0.8132702512876462
0.3957200460135937,0.47672311402857304,0.7227709945291281,0.6417080545797944,0.11992857325822115,0.006636819396919673,-0.6550610132346193,0.2228877359959479,0.17762261703389245,-0.6550610132346193
0.4050459759309888,0.2984835421666503,0.735594354569912,0.7418347457423806,0.13401514943689108,0.006632023529663154,-0.5052138262996198,0.16252208094271553,0.17017778651840756,-0.5052138262996198
0.4820131519809365,0.5072512160986662,0.5987359583377838,0.9986879089847207,0.2468042029067874,0.00663118494231525,-0.582322516560133,0.19423007256395877,0.15565478615742007,-0.582322516560133
0.44638531003147364,0.31429812498390675,0.880105528049171,0.5131540736183524,0.024347019381821156,0.006628886953489468,-0.7933955812262127,0.2630455718182443,0.2427314364412684,-0.7933955812262127
0.42868618946522474,0.39930546190589666,0.44780532643198967,0.717520160600543,0.1618927326053381,0.006627585747283497,-0.523377781051724,0.16146995409772946,0.17865839235338363,-0.523377781051724
0.34822490345686674,0.3804610511288047,0.705880519002676,0.9726057387888432,0.024288884364068508,0.006625475327422122,-0.5361686279187968,0.145578064934077,0.20668150067010926,-0.5361686279187968
0.8673076927661896,0.4492498589679599,0.6446258379146457,0.8735505416989326,0.11681823339313269,0.006622965840942452,-0.7835543682053716,0.19001527134444007,0.3507346804762734,-0.7835543682053716
0.3077707700431347,0.4639364378526807,0.715863537043333,0.8668082542717457,0.19174649938941002,0.00661992039359469,-0.5843663239746845,0.1852669028961951,0.17516234989983245,-0.5843663239746845
0.5194571660831571,0.4988249270245433,0.7628417667001486,0.9094346230849624,0.17462709080427885,0.006619539615691098,-0.5504794074759648,0.17998122302733732,0.16309282510083115,-0.5504794074759648
0.9190251668915153,0.3819019692018628,0.5844883164390922,0.834226586855948,0.1620933972299099,0.006613806055676561,-0.8212254777013244,0.19320627516061542,0.45251967032971796,-0.8212254777013244
0.25282634515315294,0.361063901335001,0.8877535574138165,0.803332201205194,0.04111865162849426,0.006608971245004543,-0.7103525424118837,0.21371793930406413,0.2412195545138011,-0.7103525424118837
0.5985000152140856,0.46057063806802034,0.6639034803956747,0.7309452360495925,0.13467066269367933,0.006604999055635648,-0.5667663388153537,0.17933118336840953,0.1552076292535349,-0.5667663388153537
0.29295420926064253,0.4051821092143655,0.6529434528201818,0.8511742828413844,0.21469784528017044,0.006604895965204566,-0.5605585985317824,0.16190130079663895,0.19238773686308092,-0.5605585985317824
0.5487544732168317,0.3640174428001046,0.656567987985909,0.9395433757454157,0.036156412214040756,0.006594932758262163,-0.4476268305127155,0.11228918585710458,0.1601007220140423,-0.4476268305127155
0.6529177380725741,0.3927297508344054,0.6876327199861407,0.8707421757280827,0.05706743150949478,0.006594692898917371,-0.5205442391854099,0.1462627431610152,0.17250062633518745,-0.5205442391854099
0.404039703309536,0.36918386723846197,0.8027503360062838,0.665305694565177,0.15868351701647043,0.006592594289540796,-0.599540413816055,0.19482082260577524,0.2000310150750117,-0.599540413816055
0.5903538139536977,0.4743210943415761,0.8158303312957287,0.78824682533741,0.1111740805208683,0.0065924793758039306,-0.6038006313770565,0.19356230621116713,0.17350594249541174,-0.6038006313770565
0.12848953250795603,0.4245051443576813,0.6155184647068381,0.7334499452263117,0.09491674602031708,0.00659231141817236,-0.7459643807883274,0.21250770456761528,0.29884169654328624,-0.7459643807883274
0.11831873655319214,0.431966008618474,0.7464655227959156,0.9196447264403105,0.09883843082934618,0.006588035260202039,-0.7162145272153722,0.19410375698804713,0.3112735721477159,-0.7162145272153722
0.6147095747292042,0.4279206860810518,0.7453519189730287,0.7820100234821439,0.021442563273012638,0.0065858189228550365,-0.5920852917408979,0.17870015186599023,0.1819231317858695,-0.5920852917408979
0.6393548883497715,0.4008857337757945,0.6058778231963515,0.9362816549837589,0.1429589930921793,0.006585357869972893,-0.47722085157267474,0.1334179702870979,0.14725488120677913,-0.47722085157267474
0.1619036803022027,0.46219542156904936,0.6091518020257354,0.8439720878377557,0.10037331935018301,0.006584705307428215,-0.700064775330698,0.1979562001182481,0.2631605948255574,-0.700064775330698
0.4112052349373698,0.35403211042284966,0.9737658062949777,0.5519327856600285,0.06746633350849152,0.00658041497203503,-0.8084572508593856,0.2673898202755494,0.2543502560066651,-0.8084572508593856
0.5304059479385614,0.2689534556120634,0.7398423915728927,0.8639354202896357,0.1103060133755207,0.00657685041393517,-0.46295462850260094,0.12983761802176222,0.16156679096805746,-0.46295462850260094
0.5629959683865309,0.45665255654603243,0.8477760264649987,0.719788683578372,0.03788295015692711,0.006575290848478209,-0.6613871840958443,0.21363751566009967,0.19332818089273093,-0.6613871840958443
0.5291074747219682,0.437764479778707,0.8809583550319076,0.6563567155972123,0.07592801842838526,0.006573628872731644,-0.680823065884369,0.2233770997052443,0.20772000976380653,-0.680823065884369
0.5142366578802466,0.4811631813645363,0.8038854282349348,0.9314185939729214,0.099970911629498,0.006573471125723918,-0.5401532038459359,0.16756860659429904,0.17608864563487325,-0.5401532038459359
0.5269036795943975,0.4533565156161785,0.6161904456093907,0.9511385941877961,0.24952041544020176,0.006568916041494972,-0.5347033704214411,0.16820284332126587,0.1557716429489382,-0.5347033704214411
0.5855609206482768,0.37590726651251316,0.9995662095025182,0.7729258174076676,0.02320102881640196,0.006568159176144185,-0.7184584944038209,0.22787358918890097,0.24815765720597008,-0.7184584944038209
0.5834414511919022,0.33178725372999907,0.6367741348221898,0.6911977622658014,0.04195450060069561,0.006563085537745883,-0.5421631843903294,0.1665739096658865,0.17790801750676286,-0.5421631843903294
0.4444571929052472,0.5305427396669984,0.5258333524689078,0.9137095240876079,0.17565159499645233,0.006560508986145574,-0.5656004502812696,0.1810329234076478,0.16076691820985572,-0.5656004502812696
0.0571037707850337,0.3575978521257639,0.6221043076366186,0.6650732615962625,0.12041844706982374,0.006559365220491079,-0.8107081581816117,0.22787786619368863,0.3606272978615502,-0.8107081581816117
0.09383025858551264,0.46061135921627283,0.7312614554539323,0.8364558285102248,0.16716121137142181,0.006559278281754456,-0.7685946521028704,0.21660586374913415,0.30734709268496546,-0.7685946521028704
0.2882770411670208,0.3625924848020077,0.8477876102551818,0.9223158936947584,0.025378203950822353,0.006556958899494456,-0.647792059473035,0.18518807526854045,0.2407001295126419,-0.647792059473035
0.2719856770709157,0.35292502027004957,0.7047343347221613,0.6543703144416213,0.04720073286443949,0.006554992521589888,-0.679426857393065,0.21859023064939984,0.2199806503832056,-0.679426857393065
0.9026620928198099,0.4371055820956826,0.7076194537803531,0.7962697045877576,0.14359517022967339,0.0065525470361033535,-0.8492130311807312,0.21293181403896588,0.39699753769211227,-0.8492130311807312
0.059389407746493816,0.4399482635781169,0.785328927449882,0.8926385194063187,0.09074776340276003,0.0065512677660986614,-0.786219533530312,0.21969132559373106,0.333169530048298,-0.786219533530312
0.1664923159405589,0.37428381852805614,0.5783755443990231,0.9777448577806354,0.1403030063956976,0.006550129473577537,-0.621440677075045,0.15182671981994839,0.28701519998194736,-0.621440677075045
0.48145222570747137,0.43153390008956194,0.48431814555078745,0.6615158729255199,0.0975006502121687,0.006547950173669811,-0.581644816353337,0.18070132275304118,0.1840587926329033,-0.581644816353337
0.4825560776516795,0.3906681491062045,0.5308514460921288,0.8429255979135633,0.02172012533992529,0.006546535387922817,-0.4852517935026823,0.11628245532490693,0.17728124885068325,-0.4852517935026823
0.4856023620814085,0.363269442692399,0.5952347004786134,0.9435368701815605,0.21960034407675266,0.006546348205477947,-0.4333739560489241,0.10517070056585075,0.14296266963723617,-0.4333739560489241
0.4491800982505083,0.3935337392613292,0.7409465042874217,0.9626799784600735,0.03696609288454056,0.006543191628716465,-0.47823482986311766,0.12275233147095735,0.19018718317596273,-0.47823482986311766
0.4632847448810935,0.5129218716174364,0.5317376768216491,0.9347091838717461,0.10089762322604656,0.006542370903674688,-0.5452347995546034,0.1544026602708532,0.14939986825163323,-0.5452347995546034
0.3921063123270869,0.42681747023016214,0.9932968858629465,0.790598688647151,0.12402389198541641,0.006539736686178088,-0.688720290057406,0.21989547980581864,0.24414758985138757,-0.688720290057406
0.4939857358112931,0.3746801894158125,0.5446789963170886,0.7496563671156764,0.1746418671682477,0.006534191812670748,-0.4417444836327751,0.12770535828665372,0.16892424955752358,-0.4417444836327751
0.5612233132123947,0.3575266133993864,0.5528009617701173,0.7792510846629739,0.08742399513721466,0.006534110885474138,-0.43721960411018607,0.12333687306924983,0.15647023037674543,-0.43721960411018607
0.6998206209391356,0.3541852906346321,0.7348598390817642,0.8503505568951368,0.015175463631749153,0.006534053004054983,-0.6072769834833109,0.16507626946877327,0.21276933387602792,-0.6072769834833109
0.5803893255069852,0.49376403726637363,0.7498138584196568,0.8626022143289447,0.14220598340034485,0.0065311303603890584,-0.5600185212781946,0.17877520431638527,0.16258568319836927,-0.5600185212781946
0.40556950122117996,0.30404294934123755,0.9647053517401218,0.6212158659473062,0.021427794359624386,0.006528153282504127,-0.7784525986074234,0.26033544467815717,0.23789516670253505,-0.7784525986074234
0.8448563227429986,0.40817228704690933,0.6296022441238165,0.8864314565435052,0.18117754347622395,0.00652524089651153,-0.7537930511618786,0.18420617982302542,0.362044310442263,-0.7537930511618786
0.5210866490378976,0.5164679195731878,0.6171096479520202,0.8505596974864602,0.21683860197663307,0.006525081737133176,-0.5768918875567917,0.1899456742023235,0.16486163100450463,-0.5768918875567917
0.9542249934747815,0.3334248708561063,0.7175759598612785,0.7895806021988392,0.11169769614934921,0.006523456400829765,-0.8595694831541421,0.21501015186145855,0.4617882308357529,-0.8595694831541421
0.34813716635107994,0.30591436196118593,0.6201959876343608,0.9268546001985669,0.13793745078146458,0.006521038585450133,-0.4499851724925145,0.11915747160414691,0.1617540933713214,-0.4499851724925145
0.4635331481695175,0.4550248673185706,0.9040863858535886,0.8147503985092044,0.16266225650906563,0.006520793462052695,-0.6121914381383828,0.19269735329850604,0.21373448830279684,-0.6121914381383828
0.36818898282945156,0.29222252778708935,0.5635965121909976,0.9215021263808012,0.08758852258324623,0.0065079237180987095,-0.4599211985485853,0.13209880829970072,0.14802919695675884,-0.4599211985485853
0.3012299621477723,0.4392459187656641,0.5735225006937981,0.9145231684669852,0.18052177131175995,0.006506144902830007,-0.5366666792974545,0.1564133343510677,0.1681512095935844,-0.5366666792974545
0.3868094813078642,0.27699408680200577,0.8544310303404927,0.8496024794876575,0.06097411643713713,0.0065030263470457796,-0.5863188345602413,0.17661931557837998,0.19442409186037488,-0.5863188345602413
0.4439317360520363,0.5251015881076455,0.7974246023222804,0.7930945781990886,0.045976363122463226,0.00650032552937457,-0.6584601977021165,0.21230439751839278,0.18660941694895716,-0.6584601977021165
0.08448890317231417,0.35141593124717474,0.791541856713593,0.9437392642721534,0.05657193064689636,0.00649995029836256,-0.7570321108558578,0.1975357930993198,0.33940213720252344,-0.7570321108558578
0.029012923128902912,0.4036473110318184,0.7033564187586308,0.6683718096464872,0.10427033808082342,0.006499140219253555,-0.8512518379270955,0.24133758604585778,0.3543495639621969,-0.8512518379270955
0.4657877944409847,0.34372873324900866,0.9877504641190171,0.7953651240095496,0.15470271930098534,0.006494989705159799,-0.6556681981291227,0.1807663815952868,0.2676298440565966,-0.6556681981291227
0.5454640612006187,0.39767201244831085,0.7170483283698559,0.8389846747741103,0.20692841056734324,0.006494725213942148,-0.4871441897845845,0.1433006094744751,0.16373674295693783,-0.4871441897845845
0.36278042383491993,0.48853092920035124,0.8738817805424333,0.8150850739330053,0.05328146927058697,0.006493586486378718,-0.6789160803777056,0.223656801697913,0.19093390603320687,-0.6789160803777056
0.4846136784180999,0.33560866955667734,0.6220419071614742,0.5259551675990224,0.09696974977850914,0.006490623102270044,-0.6567737544566294,0.21021874382608793,0.22036937933655604,-0.6567737544566294
0.46682144328951836,0.2682121070101857,0.7799503346905112,0.9951852485537529,0.04091894067823887,0.006490397650916802,-0.531019131592548,0.14773730783805625,0.1713327216573287,-0.531019131592548
0.41782834380865097,0.47741627134382725,0.9451740523800254,0.844358186237514,0.046771309338510036,0.006488780045736261,-0.6875146822540512,0.22350593694175497,0.21731673114682895,-0.6875146822540512
0.3351990254595876,0.35761875845491886,0.7844722345471382,0.5762802762910724,0.01865530200302601,0.006486991823311933,-0.7432359226062556,0.24970511888422436,0.2226862790443408,-0.7432359226062556
0.278749767690897,0.42276997677981853,0.6919110007584095,0.7428404977545142,0.19104256760329008,0.006484071567643945,-0.6230350866221022,0.19484814478051785,0.19434142521358289,-0.6230350866221022
0.0049904827028512955,0.35172020085155964,0.6134389070793986,0.956115591339767,0.1744948709383607,0.006483076404167791,-0.7534985056150733,0.20179596658982488,0.3916548329482287,-0.7534985056150733
0.048380205407738686,0.42932725604623556,0.6017202213406563,0.702822127379477,0.13352660927921534,0.006481572800082538,-0.8213399654800356,0.22994228947816706,0.3485303307308921,-0.8213399654800356
0.518141683191061,0.4634966403245926,0.7659754334017634,0.6249987799674273,0.04810931999236345,0.0064797105141408354,-0.6819115310537833,0.22263137679619752,0.19757292052030273,-0.6819115310537833
0.4143409002572298,0.2809113338589668,0.6651869062334299,0.8521216185763478,0.14185400679707527,0.0064780153093625305,-0.4355374518849643,0.1271179835783958,0.15333771961971168,-0.4355374518849643
0.27456819638609886,0.3291975921019912,0.8598572527989745,0.772254609502852,0.08159803878515959,0.006473438840415506,-0.662965869744371,0.20205107078310308,0.2256707411398052,-0.662965869744371
0.3564039245247841,0.4173615276813507,0.9150946652516723,0.8879673574119806,0.0835422482341528,0.0064698979021688904,-0.6198453699042649,0.19166221051073304,0.21976813905399642,-0.6198453699042649
0.46771473437547684,0.29688157700002193,0.5402332600206137,0.6681486638262868,0.053459782153367996,0.006468819149208528,-0.5459138323149887,0.17494578531053878,0.17977734127819395,-0.5459138323149887
0.5696152858436108,0.44247433356940746,0.935639045201242,0.7573221307247877,0.008067904971539974,0.0064612037223734506,-0.7127299640356186,0.2306127124950815,0.22356912177017543,-0.7127299640356186
0.3941587246954441,0.31691728811711073,0.9347981391474605,0.9161254242062569,0.09123438876122236,0.006460415018470634,-0.6063784823829578,0.16484872636380676,0.23142079526035683,-0.6063784823829578
0.5372046669945121,0.4017624147236347,0.6425954531878233,0.59627391025424,0.1268871184438467,0.006458809554191755,-0.6030343004576028,0.19434042112566732,0.19521395110953446,-0.6030343004576028
0.5185835976153612,0.3145675593987107,0.9110130602493882,0.9899035897105932,0.03827344439923763,0.006452903918726161,-0.5970589860753956,0.15848706500123644,0.22191948561892344,-0.5970589860753956
0.47814355604350567,0.34897670801728964,0.7703464347869158,0.4473073724657297,0.06980113312602043,0.006452148239925947,-0.7872661034281575,0.2466348919180815,0.2629404875559904,-0.7872661034281575
0.23189497739076614,0.32304616179317236,0.8494340749457479,0.7538169790059328,0.001946665346622467,0.00644848991228997,-0.7565044597266255,0.23019707688834543,0.24975839125915533,-0.7565044597266255
0.5924062225967646,0.2697686171159148,0.7572648273780942,0.9107831474393606,0.08176822867244482,0.006446015232345843,-0.5092298371685401,0.14770415681365934,0.16206315631641022,-0.5092298371685401
0.49701204150915146,0.43168142810463905,0.8791803093627095,0.7006619721651077,0.15762888174504042,0.006445059723523322,-0.6380794287507205,0.20383295921680497,0.20819168479282682,-0.6380794287507205
0.09709836170077324,0.4023609096184373,0.792924034409225,0.7562313377857208,0.12540778331458569,0.00644284239669078,-0.7778326243580571,0.2138300398666497,0.32382786838350025,-0.7778326243580571
0.16792759113013744,0.368861710652709,0.8697726726531982,0.846399168483913,0.018928436562418938,0.006438274725822573,-0.7786702968106389,0.21364539281922748,0.2838837814884047,-0.7786702968106389
0.4401280516758561,0.49423734936863184,0.4133558925241232,0.9525366509333253,0.17745955288410187,0.006436183088669848,-0.5676239551731034,0.17690365377440337,0.15065900651291883,-0.5676239551731034
0.3445436656475067,0.49422319885343313,0.742642262019217,0.7619834747165442,0.002232331782579422,0.006433268286587226,-0.7027965011857376,0.226166866234695,0.19421313538131146,-0.7027965011857376
0.6009028954431415,0.4361214991658926,0.5854053245857358,0.9742601560428739,0.18552111368626356,0.006431913935985678,-0.5009871026962487,0.15165265882178808,0.11046010744028655,-0.5009871026962487
0.4558423785492778,0.49904368817806244,0.7246860098093748,0.7939166920259595,0.2302392916753888,0.006429072817200193,-0.6085458830167372,0.200162691627256,0.1813367926444796,-0.6085458830167372
0.49526376370340586,0.29974539391696453,0.6876211734488606,0.5417482443153858,0.005224543623626232,0.006428939705139596,-0.7028253491523312,0.23258676604191905,0.21810878637712547,-0.7028253491523312
0.0957603957504034,0.2872346295043826,0.6648813039064407,0.9639038303866982,0.13403650652617216,0.006428087475661786,-0.7066100462423538,0.186793612531573,0.33170359702248564,-0.7066100462423538
0.7952085370197892,0.43216111324727535,0.6982157491147518,0.7654887642711401,0.11963064689189196,0.006426802680540583,-0.7321777240718333,0.1837382446226602,0.2822550911448562,-0.7321777240718333
0.2399965114891529,0.28296640887856483,0.5933558754622936,0.8724199188873172,0.08122840244323015,0.006423769049534532,-0.5883860792732366,0.1681079646207215,0.2348045672053418,-0.5883860792732366
0.8173406720161438,0.4092031568288803,0.6070379139855504,0.7630446627736092,0.13513623643666506,0.0064231056926115524,-0.7393958051108285,0.17426534401556323,0.32853855786081776,-0.7393958051108285
0.25003072433173656,0.40878057945519686,0.7485944144427776,0.7208717204630375,0.022640679962933064,0.006422885823210873,-0.7062963469661737,0.22160324674573292,0.22424770075827616,-0.7062963469661737
0.9911370603367686,0.4121963595971465,0.613252529874444,0.7948248190805316,0.0975792296230793,0.006418796804906447,-0.9013091321992394,0.22697546804686689,0.46781965015398497,-0.9013091321992394
0.49209696613252163,0.46809020917862654,0.8053001426160336,0.7472291821613908,0.19481247290968895,0.006416923904134444,-0.6097046658307493,0.1984104531530237,0.18126572418881912,-0.6097046658307493
0.4089514184743166,0.471182381734252,0.6576949516311288,0.7056561410427094,0.21986781060695648,0.006415869414741483,-0.6148744479005179,0.20264755550944405,0.1743943481803525,-0.6148744479005179
0.5711513664573431,0.5029491446912289,0.6464119413867593,0.7890116926282644,0.1767584467306733,0.006412828005247961,-0.5787432118169515,0.18767716513981292,0.15264218203181174,-0.5787432118169515
0.7246964666992426,0.3618384739384055,0.6397099187597632,0.8122910372912884,0.06340823415666819,0.0064095347887222,-0.5881535817762833,0.1490428077564755,0.21792191471863392,-0.5881535817762833
0.5895705325528979,0.4546838225796819,0.67086763959378,0.8969570444896817,0.06252733711153269,0.006407567441420504,-0.5156585497520243,0.14903643984152162,0.14750008385830876,-0.5156585497520243
0.35893983114510775,0.4695364907383919,0.6076244385913014,0.9566696109250188,0.12382011860609055,0.006401304680601691,-0.509923223057597,0.15570085548454674,0.1388929019007173,-0.509923223057597
0.49753371346741915,0.4345400594174862,0.6705466816201806,0.5693123489618301,0.06019249092787504,0.006397890572574476,-0.6751385935351121,0.2205766952934103,0.20761912409680736,-0.6751385935351121
0.756691912189126,0.3312087310478091,0.7358989361673594,0.9583482909947634,0.02298296708613634,0.006393412532245347,-0.6580099623964902,0.17632310390015543,0.2428766564882722,-0.6580099623964902
0.4106705756857991,0.48634443152695894,0.829687531106174,0.9369934946298599,0.08144884835928679,0.006386872496541562,-0.5843396362187341,0.18556747053025963,0.18273709085379938,-0.5843396362187341
0.632839604280889,0.4144273800775409,0.6670600511133671,0.87897823844105,0.061985223554074764,0.006385969133148998,-0.5095032951424874,0.1442513285560148,0.15633708260817486,-0.5095032951424874
0.12204641569405794,0.34114216547459364,0.5961888236925006,0.695640929043293,0.10333750117570162,0.006383304753366803,-0.7426367113778695,0.20931585617017748,0.32704595610947074,-0.7426367113778695
0.14422744698822498,0.4589113434776664,0.7502660416066647,0.914267785847187,0.09561784006655216,0.006379918694959794,-0.7197950433011379,0.20163339593600502,0.278300028038357,-0.7197950433011379
0.23791008442640305,0.42166744731366634,0.5479913800954819,0.7669772198423743,0.10531242657452822,0.006378927055311083,-0.6281965298094905,0.18887264668300952,0.2230380119193344,-0.6281965298094905
0.6378203462809324,0.357396082021296,0.752526419237256,0.9285178352147341,0.04372089449316263,0.006378473455582344,-0.5257466051684644,0.14920784194055148,0.18467213072296582,-0.5257466051684644
0.5417909352108836,0.4772544577717781,0.7391530806198716,0.9264275329187512,0.1967280600219965,0.006378266893686436,-0.5393635416981308,0.17375755751611963,0.15028494722256674,-0.5393635416981308
0.5807898659259081,0.317670077085495,0.5840217424556613,0.7867675367742777,0.0043874504044651985,0.0063779278828205435,-0.5208236758792567,0.1519496496775964,0.18597691597558122,-0.5208236758792567
0.07073618937283754,0.3777946289628744,0.6235327422618866,0.9579218197613955,0.08180507738143206,0.00637473620753231,-0.7148192196383519,0.18374718179466915,0.35446948046914556,-0.7148192196383519
0.5222598351538181,0.3080346221104264,0.6607738584280014,0.89220205321908,0.15764367301017046,0.006369068623794759,-0.3992753348010677,0.10375852781299766,0.14215440020520562,-0.3992753348010677
0.4806867726147175,0.34521906170994043,0.5894124070182443,0.9654907016083598,0.051091644912958145,0.006367057602331611,-0.4201738679180484,0.0957962721424258,0.13272086088348328,-0.4201738679180484
0.10867655649781227,0.4506265055388212,0.6196818770840764,0.8822163306176662,0.2106315754354,0.00636686656870567,-0.7472753635813804,0.20686529719244973,0.29766504180771286,-0.7472753635813804
0.32513062562793493,0.45398541539907455,0.5628767656162381,0.8589948276057839,0.2189629916101694,0.006361061299576067,-0.566318862668009,0.17318040480486982,0.16915536630113012,-0.566318862668009
0.3766128942370415,0.4553909804672003,0.6398204052820802,0.6080737672746181,0.12484885938465595,0.0063544631858771005,-0.6601095074794415,0.22335001738784613,0.18450027822854698,-0.6601095074794415
0.48280681762844324,0.3556956388056278,0.42830576468259096,0.9944741120561957,0.1896105883643031,0.006352113679792318,-0.4642249865954788,0.12565587132070802,0.13018723776039176,-0.4642249865954788
0.50110983569175,0.3229810418561101,0.7584588127210736,0.7976455893367529,0.1398814059793949,0.006350538621383716,-0.44633232281834895,0.12598162067151,0.17669347553999112,-0.44633232281834895
0.41633204091340303,0.4825951475650072,0.7316881595179439,0.9796024961397052,0.1749830236658454,0.006349761411329015,-0.5236336475404518,0.16920301997240186,0.15259912801003314,-0.5236336475404518
0.2550652315840125,0.3507766118273139,0.8349916283041239,0.704054064117372,0.004467847757041454,0.006349078567616538,-0.7481617325632189,0.23627585416652697,0.2384428694278333,-0.7481617325632189
0.2965269638225436,0.3741292878985405,0.7894556419923902,0.6347389118745923,0.07418451458215714,0.0063482987411147265,-0.6939667926625464,0.2250202617509874,0.21445738466730999,-0.6939667926625464
0.36841319873929024,0.46000796649605036,0.4766740407794714,0.7606765069067478,0.13832195848226547,0.006347936833707434,-0.5683516570613446,0.18023934776472167,0.16428812418180308,-0.5683516570613446
0.3762822709977627,0.48531168419867754,0.9303767681121826,0.8062290782108903,0.09424185380339622,0.006342605261574684,-0.6885762571874602,0.22797793865143182,0.2024563101024911,-0.6885762571874602
0.45197299402207136,0.3353122705593705,0.8430068092420697,0.9795817425474524,0.053124768659472466,0.006336752826894906,-0.5190224790191469,0.13898469030190694,0.20442268184951046,-0.5190224790191469
0.5200100895017385,0.38476951979100704,0.46922392677515745,0.970245429314673,0.1903880899772048,0.006329691398607182,-0.4491680084872611,0.11996489791522928,0.11756579857023662,-0.4491680084872611
0.3622644832357764,0.4870140580460429,0.5822706269100308,0.9464346971362829,0.16627890430390835,0.006328225000619014,-0.5311861986875858,0.1673176040003518,0.13713414707525934,-0.5311861986875858
0.38045385107398033,0.32621044758707285,0.8640634566545486,0.4866921463981271,0.025888369418680668,0.006324561067601769,-0.8277758885588042,0.2722921524092282,0.24463791666104961,-0.8277758885588042
0.43294299207627773,0.4525311440229416,0.42291550152003765,0.707260774448514,0.10818653926253319,0.00632218899615604,-0.6010197757967196,0.18376756587242882,0.1804968830719705,-0.6010197757967196
0.019781239330768585,0.2921213638037443,0.7806211756542325,0.8208422251045704,0.04872261453419924,0.0063189060819707245,-0.8314068501210895,0.2359291717749794,0.3555203067299209,-0.8314068501210895
0.980724073946476,0.30915056727826595,0.7633503247052431,0.9539634175598621,0.0188774261623621,0.006316816177210201,-0.8924765362911009,0.2454936779126139,0.40733385948920725,-0.8924765362911009
0.507316485978663,0.4420926561579108,0.8496909821406007,0.8407740164548159,0.1794724278151989,0.006315217052384326,-0.5624208728483929,0.17153218252378294,0.19444727080990495,-0.5624208728483929
0.9373572682961822,0.30017548333853483,0.5810969434678555,0.9430834576487541,0.14852780383080244,0.006313596718253472,-0.8206085455529917,0.20454064411901757,0.45293196206640846,-0.8206085455529917
0.11625006422400475,0.37974522821605206,0.6165729062631726,0.6708315163850784,0.1505299275740981,0.006308445163435673,-0.7702394473036159,0.2136049437005317,0.3224498041000287,-0.7702394473036159
0.26995678059756756,0.43191887624561787,0.9083449337631464,0.8228903599083424,0.013067241758108139,0.006308380784175164,-0.7520582129037098,0.23255966255079982,0.23063619603346291,-0.7520582129037098
0.3915045643225312,0.26481261383742094,0.6191413933411241,0.9892374714836478,0.11539517063647509,0.006304582911265738,-0.46861566244127856,0.1326920799314389,0.12350004039098912,-0.46861566244127856
0.5422477405518293,0.48269568383693695,0.966799114830792,0.8116872208192945,0.08371535129845142,0.006304521068517175,-0.696214534718661,0.22310110398303318,0.22006022034611974,-0.696214534718661
0.6187960132956505,0.44324554316699505,0.6541654150933027,0.7411955557763577,0.09121961612254381,0.0063038282587747005,-0.5617643667540626,0.17139737583375822,0.15265446253140003,-0.5617643667540626
0.8809442427009344,0.40018332935869694,0.7529869638383389,0.8796063913032413,0.11556100752204657,0.006302653177232395,-0.7802028063144769,0.19436394872520915,0.38445307651048205,-0.7802028063144769
0.3795051518827677,0.38429680187255144,0.6806251490488648,0.8414315981790423,0.22545098420232534,0.00630220765963819,-0.5035841842444289,0.14728533560017854,0.178155972686378,-0.5035841842444289
0.596312684006989,0.4452140387147665,0.8351631574332714,0.8765271818265319,0.058247797191143036,0.006301529116736435,-0.5846252742207801,0.17890783688571676,0.18642125072338622,-0.5846252742207801
0.5836314968764782,0.5170627450570464,0.6717790747061372,0.8100192816928029,0.09527441021054983,0.006296444259168027,-0.5956159092207038,0.18246812931349987,0.1580224908934284,-0.5956159092207038
0.42922467924654484,0.43429059907794,0.46087937895208597,0.7519564731046557,0.037436798214912415,0.006295307719944962,-0.5884384938393584,0.1685515782607952,0.17359688829310327,-0.5884384938393584
0.4521112097427249,0.5539683979004622,0.5735353156924248,0.8150231661275029,0.09597533289343119,0.006294558604857496,-0.6218657154207686,0.18663556481477986,0.18511724159016127,-0.6218657154207686
0.436807107180357,0.4557183738797903,0.9188564419746399,0.9054504614323378,0.04193970561027527,0.006291573263021708,-0.6370215208658474,0.19750150327582727,0.22031035676337207,-0.6370215208658474
0.5403784001246095,0.28105765022337437,0.9004897885024548,0.9342215685173869,0.11702693346887827,0.0062892836360294605,-0.5854361284562606,0.13765538754238926,0.20842516473901124,-0.5854361284562606
0.1394850267097354,0.33777104783803225,0.660222040489316,0.6752001708373427,0.06237333174794912,0.0062845566612116785,-0.7625495527236016,0.21976910924781368,0.301178188938401,-0.7625495527236016
0.22155354265123606,0.36200186144560575,0.6914424896240234,0.6359336487948895,0.09584526158869267,0.006284366989592369,-0.712717427430321,0.21877053734702176,0.24827463887657017,-0.712717427430321
0.32210246939212084,0.38595043402165174,0.6169208930805326,0.590418016538024,0.11835926678031683,0.006283460851901791,-0.663076299865486,0.22016765124780727,0.20537389749168317,-0.663076299865486
0.5179647132754326,0.4924062145873904,0.5388278011232615,0.7897999351844192,0.04502533655613661,0.006283086947869515,-0.5893292257492457,0.15588152805255498,0.17557760253539373,-0.5893292257492457
0.3013863693922758,0.37219105660915375,0.72125060018152,0.9986090641468763,0.04416998941451311,0.006282734661741646,-0.5595775786498496,0.1530584215200252,0.2134698525151456,-0.5595775786498496
0.520312026143074,0.33260619826614857,0.8739312430843711,0.5193117018789053,0.00949521828442812,0.006281345116300455,-0.7872772081481938,0.2591336544556523,0.24348811624065247,-0.7872772081481938
0.7891395585611463,0.3012698329985142,0.6604198217391968,0.8475554753094912,0.0649222182109952,0.006280490156042143,-0.6637851877129356,0.1662366316329439,0.28555969532609976,-0.6637851877129356
0.3583343019708991,0.33878527022898197,0.9815368037670851,0.7644392810761929,0.11706751305609941,0.006279924107522261,-0.6932820501983104,0.21213792262370584,0.24687865500795222,-0.6932820501983104
0.5285366447642446,0.4715685285627842,0.6733411382883787,0.9913521967828274,0.08066031243652105,0.006278799713374519,-0.501556520721456,0.144778494302766,0.13712015582081283,-0.501556520721456
0.17072644736617804,0.43365659937262535,0.7061851527541876,0.82852853089571,0.00084637850522995,0.006269873478550641,-0.7587632046590072,0.21268644824983782,0.27009153063352637,-0.7587632046590072
0.6628764718770981,0.4530938155949116,0.7488849144428968,0.7994920471683145,0.10404654499143362,0.006262025054531762,-0.6015290752833238,0.17889674735780622,0.16974320703194026,-0.6015290752833238
0.536663775332272,0.35558862052857876,0.9970474196597934,0.6040968839079142,0.06179926265031099,0.0062618471352584556,-0.7786964726517283,0.25300260786047607,0.25535220527880476,-0.7786964726517283
0.798010665923357,0.33740176912397146,0.6766801001504064,0.8972975863143802,0.13709761947393417,0.006258716165763628,-0.6547439389585155,0.1583693241250213,0.32547565065964035,-0.6547439389585155
0.4764069151133299,0.2875944944098592,0.9540406400337815,0.6833671173080802,0.0753032611683011,0.006257912828492671,-0.6985308650077529,0.21730767759184869,0.23588488220425816,-0.6985308650077529
0.32706045638769865,0.43662393372505903,0.9005316440016031,0.7322056172415614,0.07118080742657185,0.006255496347543491,-0.7012942198711639,0.2314095954477625,0.20172878463567723,-0.7012942198711639
0.6911626560613513,0.3598175859078765,0.5998428799211979,0.93080944288522,0.11234156601130962,0.006255198848212342,-0.513686343933476,0.13576065860616407,0.19385680804103658,-0.513686343933476
0.9882823079824448,0.3644831385463476,0.7504604551941156,0.7434922978281975,0.09265069756656885,0.006253592998529567,-0.9207099886694974,0.23784566495350495,0.461189777073721,-0.9207099886694974
0.5603393586352468,0.2868253346532583,0.9855155674740672,0.815512141212821,0.11207210831344128,0.006253578390337652,-0.679251502974572,0.18207999978563574,0.25089960816186185,-0.679251502974572
0.3276243256404996,0.288671413436532,0.7955310493707657,0.8511415785178542,0.09235062543302774,0.006253327571342272,-0.5620615985262032,0.16862731281541699,0.19168314143321963,-0.5620615985262032
0.6221555834636092,0.39919879753142595,0.8758594412356615,0.8266093535348773,0.08657163381576538,0.006251107931592064,-0.5970194657986224,0.1799400379240758,0.2024920118887578,-0.5970194657986224
0.34647380467504263,0.26135232765227556,0.684014767408371,0.8904232680797577,0.03139358665794134,0.006248790059939622,-0.5561823607023322,0.16687748209384157,0.18076906997637462,-0.5561823607023322
0.31829861272126436,0.4631495513021946,0.7878560079261661,0.7163877431303263,0.0458603473380208,0.006246486245975189,-0.6902806751211712,0.2267586895702021,0.18211323180856784,-0.6902806751211712
0.600444158539176,0.43006899766623974,0.8726211125031114,0.8575742291286588,0.0324223292991519,0.00624453235392881,-0.6228263321485928,0.18948247490823955,0.2050055000104958,-0.6228263321485928
0.14029702730476856,0.3727628644555807,0.6810780530795455,0.8592332322150469,0.1838843086734414,0.006241432013567461,-0.6748762607212381,0.17570890707522682,0.31043188655455184,-0.6748762607212381
0.4945753114297986,0.5026298323646188,0.5531777711585164,0.9473403049632907,0.2578647881746292,0.006239054618263334,-0.5863868169358698,0.19225214821704437,0.16550864736018261,-0.5863868169358698
0.5017468873411417,0.49065213557332754,0.9076521787792444,0.8497375911101699,0.026234694756567478,0.006238282503600636,-0.6759026434890325,0.21274521275817995,0.21715292136416753,-0.6759026434890325
0.03286758158355951,0.4540870264172554,0.7794441832229495,0.8833343191072345,0.13319129776209593,0.0062380703497627666,-0.8029430316616643,0.22824225549742255,0.3439413957090682,-0.8029430316616643
0.10630468837916851,0.30667876824736595,0.7699607536196709,0.8900691363960505,0.10257413890212774,0.006237712718152175,-0.724825207397521,0.19046158521267362,0.3321210931208436,-0.724825207397521
0.22772597055882215,0.3020579433068633,0.8276039734482765,0.9808320701122284,0.02676511835306883,0.006237517855172664,-0.7041623952083748,0.18491396747457928,0.25107593907497144,-0.7041623952083748
0.46468830946832895,0.48989538475871086,0.8756920546293259,0.6552146654576063,0.03614066727459431,0.006235692255000786,-0.7425220343356801,0.24524441940526606,0.20312609848430307,-0.7425220343356801
0.1787278586998582,0.35666557122021914,0.603799644857645,0.9879872351884842,0.0890050008893013,0.006234556603245469,-0.6210107626535517,0.15549936870292777,0.27851277380638234,-0.6210107626535517
0.9800576502457261,0.42619016394019127,0.5722184348851442,0.8040831238031387,0.1790942046791315,0.006230795667441755,-0.9251325122005903,0.22836687221812535,0.47590025771602185,-0.9251325122005903
0.09796174801886082,0.4142177188768983,0.6937663070857525,0.9288951056078076,0.17356230597943068,0.0062286311049784245,-0.7103857041993145,0.1898959240521101,0.3272314451768451,-0.7103857041993145
0.6398727828636765,0.40278401505202055,0.8189053786918521,0.8020137883722782,0.014319317415356636,0.006227820035216156,-0.6260977310378244,0.1874822997962814,0.20133832141626237,-0.6260977310378244
0.6274305088445544,0.3663433324545622,0.8953414913266897,0.8526962781324983,0.07839455176144838,0.00622545757895683,-0.6031150616109051,0.17634662596765655,0.21379495628783463,-0.6031150616109051
0.4905713200569153,0.5388767244294286,0.6488424194976687,0.9677632739767432,0.13006329536437988,0.006218612737522909,-0.5590111848726483,0.17663951165670258,0.1554193562479187,-0.5590111848726483
0.45894451905041933,0.44840049743652344,0.7612723866477609,0.9039677679538727,0.2129647359251976,0.006217147003912222,-0.522575933428893,0.1602836028162892,0.1761192624102437,-0.522575933428893
0.48374941386282444,0.42614132910966873,0.5028466703370214,0.6285194307565689,0.14617604855448008,0.006214539241384998,-0.5926543786555786,0.18758465563939022,0.1896511591325452,-0.5926543786555786
0.8490261379629374,0.4672464579343796,0.6699946252629161,0.8476680396124721,0.15924270544201136,0.006214005466358394,-0.8016476625143026,0.19938727016573973,0.3334621193183473,-0.8016476625143026
0.37276261392980814,0.36533297318965197,0.8399799531325698,0.5225490564480424,0.09032581094652414,0.0062125673805463084,-0.7650359402643939,0.24776673127948226,0.2346592122993714,-0.7650359402643939
0.012656409293413162,0.3126705037429929,0.5361997671425343,0.8029551776126027,0.09689164161682129,0.006211948984355405,-0.7806990297295244,0.2176665458662855,0.3971550097484371,-0.7806990297295244
0.3887243503704667,0.4786911327391863,0.7958626635372639,0.9750377256423235,0.027356818318367004,0.006211272563082399,-0.6166718058580746,0.184638850626604,0.19868377751717348,-0.6166718058580746
0.5090440642088652,0.3479492086917162,0.6127535384148359,0.8422835394740105,0.1898732827976346,0.006209557711313751,-0.40405985800394595,0.10497228814794161,0.15439713703014882,-0.40405985800394595
0.4167249519377947,0.33103712648153305,0.5673574022948742,0.9355143252760172,0.037898676469922066,0.006206890343463691,-0.4565203401600709,0.11733124663529589,0.1545248820868138,-0.4565203401600709
0.40084714628756046,0.3559573031961918,0.9804816283285618,0.8273119684308767,0.13765651918947697,0.006206886555412295,-0.6451089471336608,0.18332404266193694,0.25938380000701594,-0.6451089471336608
0.43703227024525404,0.5140942884609103,0.5169665981084108,0.8440243871882558,0.2296882513910532,0.006205151065351328,-0.5931546151595524,0.1916497737555893,0.17595935541908292,-0.5931546151595524
0.3778000669553876,0.4003791492432356,0.8203987805172801,0.5471668494865298,0.082637008279562,0.006203164211698615,-0.7421248179413132,0.24430351655892646,0.2232678933394554,-0.7421248179413132
0.42101531475782394,0.3341077696532011,0.7613603165373206,0.41731307189911604,0.08388623036444187,0.006200833298989179,-0.8240289525748696,0.2574363728770045,0.2705849401272416,-0.8240289525748696
0.11378632951527834,0.4822486760094762,0.6328003015369177,0.9132954049855471,0.1701455181464553,0.006200432717398383,-0.741900966206879,0.2116552407991515,0.2838408857855364,-0.741900966206879
0.5703920209780335,0.46855336520820856,0.7894059149548411,0.9615293191745877,0.11401917319744825,0.006199059256191014,-0.5383314171617684,0.16520740161369765,0.15977711388284999,-0.5383314171617684
0.9727891935035586,0.26796987000852823,0.6156900161877275,0.9359678570181131,0.09182615112513304,0.006194443686875562,-0.8562631931015002,0.2295645713563894,0.451301499197731,-0.8562631931015002
0.3926681810989976,0.314908335916698,0.6483140727505088,0.7828342393040657,0.18911318015307188,0.0061916778924030165,-0.47739420825032225,0.14597872138543624,0.16084059573132165,-0.47739420825032225
0.42832367960363626,0.504687643609941,0.8671829216182232,0.7053795661777258,0.03705864865332842,0.006189809258731368,-0.7258967978605229,0.23914471923616923,0.1926779658939422,-0.7258967978605229
0.5450550140812993,0.46075977850705385,0.4673055689781904,0.9145730994641781,0.1426461860537529,0.006189762269269193,-0.4980413763704547,0.13967397086470712,0.14255765760274658,-0.4980413763704547
0.479588002897799,0.449082687497139,0.539365254342556,0.6056413371115923,0.13986662961542606,0.006189423074184849,-0.6300961995609418,0.20327439160839794,0.19420383637056424,-0.6300961995609418
0.11707022320479155,0.3047405369579792,0.7173771355301142,0.7422100314870477,0.015399256721138954,0.006186777360661702,-0.7918312194175248,0.22605634684571416,0.3079720146767867,-0.7918312194175248
0.29151582159101963,0.43236214108765125,0.6268331436440349,0.6827669348567724,0.08622409217059612,0.006186154630142997,-0.6445007798901143,0.2105061079381291,0.18744603064528398,-0.6445007798901143
0.25571152102202177,0.31795673444867134,0.5943057416006923,0.8826196510344744,0.027144295163452625,0.006186038660859321,-0.6022474126809386,0.16924605037085658,0.23283134442085074,-0.6022474126809386
0.4736404474824667,0.5109713468700647,0.5403992254287004,0.6944709960371256,0.1705990619957447,0.006185780235412991,-0.6243553440213693,0.20019287772911862,0.1789093571534415,-0.6243553440213693
0.3948569502681494,0.33013416081666946,0.8508184896782041,0.5746610686182976,0.11317715048789978,0.006177384399701796,-0.7100838532624694,0.23101643918132075,0.22315735319607108,-0.7100838532624694
0.31888139992952347,0.39250610396265984,0.7206733683124185,0.6283678682520986,0.005556720308959484,0.006176448244413587,-0.7125251337114464,0.23928390705205005,0.21062518234423197,-0.7125251337114464
0.07888306118547916,0.36682307347655296,0.7132973736152053,0.6675383290275931,0.13641230296343565,0.006174243966249236,-0.8088000983725686,0.22327726769554013,0.33976030914143496,-0.8088000983725686
0.23578772973269224,0.37196462508291006,0.8150803297758102,0.693187665194273,0.08485068380832672,0.0061738112908749,-0.7105655153548781,0.2156945247996258,0.24004749415048626,-0.7105655153548781
0.6500918213278055,0.3354535819962621,0.8531695874407887,0.8217636412009597,0.040846897289156914,0.006171790601396155,-0.6129838064891433,0.18028266155377787,0.2056450634164526,-0.6129838064891433
0.20063067600131035,0.42112830840051174,0.7684365445747972,0.7196311624720693,0.061513341031968594,0.006169004413158135,-0.7349324474520474,0.21992258979152537,0.243273645177163,-0.7349324474520474
0.4944811314344406,0.272115227766335,0.7161959782242775,0.9907129863277078,0.13163550663739443,0.006168699300036887,-0.45581381857641445,0.12444087151789346,0.13259230411577508,-0.45581381857641445
0.908821296878159,0.2823364585638046,0.6025420762598515,0.9679592279717326,0.0747989984229207,0.006168077484704185,-0.7927069689083419,0.21221073397642504,0.3916365664296586,-0.7927069689083419
0.4752372298389673,0.3653616653755307,0.5497208423912525,0.9868969786912203,0.269933239556849,0.006167399121314548,-0.5151754990093597,0.1338656597536332,0.17034612443880362,-0.5151754990093597
0.3912404431030154,0.4874085821211338,0.45606421306729317,0.8296285020187497,0.15844221506267786,0.006167201026571939,-0.5651819021965173,0.17544826015724563,0.1655677824819576,-0.5651819021965173
0.2900895057246089,0.45674255583435297,0.6106057465076447,0.9248041696846485,0.10579307191073895,0.006166940948667172,-0.5594441565672561,0.1672166595949417,0.17278358697516086,-0.5594441565672561
0.4337867209687829,0.3994490038603544,0.6052980218082666,0.9392395848408341,0.001665426418185234,0.006166917251322781,-0.5146097822541041,0.11913874958743353,0.20202340600552388,-0.5146097822541041
0.08263509161770344,0.3968039648607373,0.8579734899103642,0.8182904506102204,0.02686090301722288,0.00616086752972935,-0.8398917170252864,0.2329929698711899,0.31236034963145537,-0.8398917170252864
0.4117578165605664,0.42584552615880966,0.37082370091229677,0.9447161061689258,0.1390147227793932,0.006160479493650505,-0.5296849665393585,0.15275449389979723,0.151601164166801,-0.5296849665393585
0.49954395461827517,0.48597831651568413,0.5659041022881866,0.6441506063565612,0.13494822103530169,0.00615966662958343,-0.6286430275645862,0.20166336240059507,0.18351135105584596,-0.6286430275645862
0.5368006201460958,0.5117188701406121,0.7270813789218664,0.6905299499630928,0.10489373095333576,0.006154511012216298,-0.6471320726215753,0.20869304142596667,0.17263460772184078,-0.6471320726215753
0.42022768780589104,0.3570534037426114,0.3580036861822009,0.9080649195238948,0.12272706627845764,0.006153878200184677,-0.4995804777169121,0.1370386794759509,0.1735547075219431,-0.4995804777169121
0.5045545781031251,0.45310659892857075,0.40812058839946985,0.9858957957476377,0.21627010684460402,0.006152080119281498,-0.5506771230448502,0.1693722445201481,0.13870813974007146,-0.5506771230448502
0.5231077056378126,0.3762580109760165,0.7885857401415706,0.8251550691202283,0.1643350049853325,0.006151837438162891,-0.47130248051661494,0.13194190041876167,0.18324343175405944,-0.47130248051661494
0.5119597893208265,0.4410853888839483,0.4821137962862849,0.6953345285728574,0.14013030752539635,0.006150003835900268,-0.5516444367012713,0.1671085634572147,0.1790632267915018,-0.5516444367012713
0.6024397099390626,0.2740292875096202,0.6024806331843138,0.8561239084228873,0.08262221701443195,0.006149429835836206,-0.4678877574755008,0.1373905438691347,0.14994205148701656,-0.4678877574755008
0.3748515108600259,0.34793713688850403,0.6967759747058153,0.4764224737882614,0.0018264073878526688,0.006146066822704009,-0.7991825968360134,0.26567046115252513,0.23983581989853875,-0.7991825968360134
0.36393122654408216,0.37180979643017054,0.5571395391598344,0.9112546611577272,0.14330877177417278,0.006145621480400034,-0.42520435895302344,0.10749417229700155,0.15873391860050776,-0.42520435895302344
0.00640849769115448,0.40558481216430664,0.7761998381465673,0.9638749407604337,0.011750051751732826,0.006144901175129725,-0.84926449478909,0.23243913568475208,0.35634659262291435,-0.84926449478909
0.5269215004518628,0.3264663489535451,0.9771956754848361,0.6993490131571889,0.11448144260793924,0.006143310863475131,-0.6918369774307781,0.20820424023878384,0.2547378287412865,-0.6918369774307781
0.18505218345671892,0.4240901321172714,0.8335565384477377,0.779819555580616,0.05088621564209461,0.006141653857244959,-0.7570775986694719,0.22143176308621576,0.2530480292314885,-0.7570775986694719
0.04884603898972273,0.4674411751329899,0.6489695115014911,0.9437562031671405,0.18422351870685816,0.006141237367726537,-0.7808947373629413,0.2248854281697338,0.3242050434329694,-0.7808947373629413
0.042987365275621414,0.3823085492476821,0.8493467206135392,0.8769892966374755,0.06584182474762201,0.006141143390652654,-0.817545460442391,0.2254741942426104,0.34682827327251875,-0.817545460442391
0.9583941232413054,0.2919288547709584,0.7386831464245915,0.9445208068937063,0.1025047255679965,0.006139558001318343,-0.8479053345761846,0.22378960302500062,0.4373004691637024,-0.8479053345761846
0.47571508027613163,0.25473265908658504,0.7259889096021652,0.9814239833503962,0.08034042548388243,0.00613710905996291,-0.4846008650162589,0.13806568468443556,0.13530271785806636,-0.4846008650162589
0.7391078341752291,0.4442966589704156,0.6353724710643291,0.918220249004662,0.12207969091832638,0.0061356718947549686,-0.6227483266351772,0.1615346927407538,0.2169564008319791,-0.6227483266351772
0.45021843444556,0.33992331102490425,0.3991778613999486,0.8187639443203807,0.09065295848995447,0.0061345222411633505,-0.4813725488726709,0.13372640095104818,0.17711512077701735,-0.4813725488726709
0.6168004339560866,0.348743605427444,0.8835344994440675,0.7387379612773657,0.03979906812310219,0.006131062196064779,-0.6452507365660043,0.19879706320367468,0.2103297720574785,-0.6452507365660043
0.9999326262623072,0.29958012141287327,0.6357664782553911,0.9045220203697681,0.03864575922489166,0.006130382943319756,-0.8809925793490042,0.23648820135408172,0.4500783009223305,-0.8809925793490042
0.8128468357026577,0.3440632689744234,0.7333708768710494,0.9258105559274554,0.004972214810550213,0.006125522160340774,-0.7326624456858346,0.18834644001678338,0.28835486468036725,-0.7326624456858346
0.3500745967030525,0.33469499461352825,0.9075416885316372,0.553963772021234,0.03703002817928791,0.00612521888405814,-0.804181501738764,0.2658118423698209,0.2340905298695649,-0.804181501738764
0.45334364753216505,0.4241679012775421,0.5115185007452965,0.9937652517110109,0.09014554601162672,0.006124695119248465,-0.462187119667577,0.11170009058877824,0.11137344092226222,-0.462187119667577
0.28097651805728674,0.5037542060017586,0.6596275502815843,0.8804693203419447,0.16670883540064096,0.0061238280242919985,-0.6220658638041825,0.1966541236539028,0.17508728823813566,-0.6220658638041825
0.22460496053099632,0.4618447367101908,0.6794746005907655,0.8083137096837163,0.21220848336815834,0.0061231429695709615,-0.6834895252423382,0.20193821756888095,0.21286511200427874,-0.6834895252423382
0.15966037847101688,0.48007078748196363,0.6647931821644306,0.8387774415314198,0.19904555566608906,0.006112646388488813,-0.7346507736524621,0.21110343948251697,0.25022980156160646,-0.7346507736524621
0.41716715320944786,0.44772444758564234,0.7346270140260458,0.5543272625654936,0.04759358707815409,0.006107339731958905,-0.7348914835817405,0.24365608446678716,0.20980896460020926,-0.7348914835817405
0.8074733139947057,0.3759170863777399,0.6579973874613643,0.9847917584702373,0.12459796108305454,0.0060961866628688,-0.6620117350875315,0.16745613933727943,0.31477197319273864,-0.6620117350875315
0.7518612705171108,0.35060379933565855,0.7774108396843076,0.8476887410506606,0.037446677684783936,0.006095218137678395,-0.6623603470332041,0.17322963461995186,0.24206075572354163,-0.6623603470332041
0.5840627532452345,0.3809793908149004,0.7084134379401803,0.9032987589016557,0.13577431719750166,0.006093010900412713,-0.4295366428704132,0.1140935428037014,0.1607059373174435,-0.4295366428704132
0.47080961614847183,0.3428334267809987,0.7038020342588425,0.7186916740611196,0.19848723523318768,0.006092694278189952,-0.5122628769690255,0.1578296429962894,0.17820556627612796,-0.5122628769690255
0.09471908770501614,0.3549672467634082,0.5674178954213858,0.7640857305377722,0.061325457878410816,0.006092060496246529,-0.7504050301690488,0.20610491432379946,0.3374801571383872,-0.7504050301690488
0.5174997011199594,0.3917851969599724,0.710328453220427,0.532324974425137,0.025410580448806286,0.0060919329379738206,-0.7143530268358544,0.23200812230468462,0.22413910858666491,-0.7143530268358544
0.2652702918276191,0.40128852520138025,0.8430939177051187,0.8544563595205545,0.11421231087297201,0.006091105393093071,-0.6249045938777461,0.18293882430215647,0.23277893846728706,-0.6249045938777461
0.5893225558102131,0.5130073875188828,0.7688022861257195,0.8526091929525137,0.12673355918377638,0.006072922260539707,-0.6013593153955614,0.19017721813603156,0.16598540403794584,-0.6013593153955614
0.4811770161613822,0.4072141321375966,0.68488385155797,0.4930012160912156,0.08278591372072697,0.006072608035743585,-0.7296638596579273,0.23133425705513205,0.23042603942290238,-0.7296638596579273
0.3114189896732569,0.4085796670988202,0.9661032008007169,0.7691982742398977,0.06447317358106375,0.00607083816093906,-0.7311870457703852,0.23493507606826042,0.22530936827140657,-0.7311870457703852
0.9985831528902054,0.38367288559675217,0.7579526314511895,0.8157467292621732,0.04562749434262514,0.006067871775088162,-0.9154858338562151,0.24399787422222807,0.4359283948387473,-0.9154858338562151
0.5058702006936073,0.46963031217455864,0.8705172203481197,0.6253000413998961,0.051107386127114296,0.006067401851469345,-0.7349561526679635,0.24109699005248614,0.20845768773845966,-0.7349561526679635
0.5539752813056111,0.4613611772656441,0.993617869913578,0.7432271642610431,0.0025794152170419693,0.006066046424275118,-0.7724712361026097,0.25291803134006124,0.23357197046682296,-0.7724712361026097
0.04637210909277201,0.4500316819176078,0.6586940167471766,0.9657558351755142,0.10172511544078588,0.006063605502499864,-0.7633657357334481,0.21276151237613752,0.3370674887404874,-0.7633657357334481
0.4316341048106551,0.4692143630236387,0.8550501195713878,0.9120946926996112,0.13272434938699007,0.006062654898156166,-0.5597646537487772,0.1734056869637427,0.19600176019545582,-0.5597646537487772
0.013767844997346401,0.39356014505028725,0.8345384784042835,0.721227241680026,0.09181040991097689,0.0060626211498194795,-0.8722790100864427,0.24828611545176635,0.34795440289402874,-0.8722790100864427
0.3106172513216734,0.375752417370677,0.7293226234614849,0.5669795302674174,0.09117817226797342,0.006062371766165365,-0.7162784834372751,0.23382515856891645,0.21897599074474564,-0.7162784834372751
0.3967019598931074,0.3128615962341428,0.7366977632045746,0.43432475719600916,0.045181761495769024,0.006059481508320821,-0.8205753447043661,0.26252155599366167,0.25585447813043816,-0.8205753447043661
0.6618113191798329,0.37924643978476524,0.8065191097557545,0.8557449784129858,0.06426059547811747,0.006055520752012087,-0.57307197037242,0.16514937268334948,0.19769665316779628,-0.57307197037242
0.06255779229104519,0.4181360984221101,0.755506913177669,0.9319950304925442,0.029874857515096664,0.0060540693526865115,-0.7990011943426019,0.2112949425194933,0.33246675179113194,-0.7990011943426019
0.4926551841199398,0.5246655652299523,0.5188816133886576,0.7164477119222283,0.11937789060175419,0.00605339263157694,-0.6315843426140346,0.18989292856887982,0.1883435896336385,-0.6315843426140346
0.4157761475071311,0.27474062144756317,0.8786730226129293,0.9717448623850942,0.013215120881795883,0.0060527402069340775,-0.6324566326496709,0.17369721481855646,0.2210610085015449,-0.6324566326496709
0.3126263916492462,0.30982570815831423,0.930532906204462,0.9301376305520535,0.03327434230595827,0.006052366310190694,-0.6952069069904405,0.19395444194288772,0.23161118794779859,-0.6952069069904405
0.5380176110193133,0.4313967814669013,0.9117324119433761,0.8024115348234773,0.15499205142259598,0.006051445333486987,-0.6137208011415999,0.1854462789478508,0.21591365391595976,-0.6137208011415999
0.34803768899291754,0.4132694639265537,0.9739225404337049,0.6765603432431817,0.007353329099714756,0.006049516912593822,-0.7957269405858366,0.26652357057239423,0.2294426530505751,-0.7957269405858366
0.43442378006875515,0.28698398545384407,0.6895361142233014,0.8975967243313789,0.14485457818955183,0.006045872327173985,-0.4248858298214756,0.11674406006657222,0.1508023619068057,-0.4248858298214756
0.2272691261023283,0.30052207317203283,0.5991953499615192,0.8514279425144196,0.132454845122993,0.006041251544201656,-0.5756489034310049,0.15548630666705152,0.2559220205383692,-0.5756489034310049
0.4767913790419698,0.47089814208447933,0.461096771992743,0.8969067288562655,0.24494856130331755,0.006040019721654109,-0.5602728210342909,0.17504585195646388,0.17282974485681263,-0.5602728210342909
0.4348668083548546,0.43492132145911455,0.6159001579508185,0.5287685357034206,0.12709981948137283,0.0060399996929728535,-0.7016100066067844,0.2282806094155016,0.20802913803962764,-0.7016100066067844
0.8761440813541412,0.41982042230665684,0.7329784659668803,0.8026363383978605,0.06984393484890461,0.006036879770480015,-0.8121235432086229,0.20377541238990357,0.3431345879302804,-0.8121235432086229
0.18189818691462278,0.3812575340270996,0.6797531181946397,0.9217253001406789,0.005657925270497799,0.006035685275061606,-0.701162555772433,0.17881090940566538,0.2891648748848695,-0.701162555772433
0.46032213047146797,0.4728561919182539,0.4541339538991451,0.7308720285072923,0.05000296328216791,0.006035377375789594,-0.6269398679736419,0.17510680889591718,0.18202300379331154,-0.6269398679736419
0.4942907029762864,0.5204908736050129,0.49834668450057507,0.7454625936225057,0.13698643166571856,0.0060342821688417845,-0.607789084464868,0.18199592930719838,0.18930426319368607,-0.607789084464868
0.4809527453035116,0.4039962124079466,0.4868645928800106,0.8689920986071229,0.219016395509243,0.006032910290306578,-0.464784349377033,0.13029737345459055,0.1651780710320072,-0.464784349377033
0.4474939526990056,0.3517764247953892,0.11461256630718708,0.9914390351623297,0.10646280273795128,0.006031641095940104,-0.7290906736882641,0.18929191114979854,0.27500405249909643,-0.7290906736882641
0.5834207711741328,0.45087254978716373,0.7678904486820102,0.939560828730464,0.1565505089238286,0.006030410169461733,-0.5212342376205732,0.15930036813194895,0.154107056485644,-0.5212342376205732
0.7151249060407281,0.2962251417338848,0.6737421844154596,0.8659854764118791,0.015666386112570763,0.006028828502898486,-0.6132526094850177,0.16452215974660128,0.21540976309536655,-0.6132526094850177
0.5208454560488462,0.4493011636659503,0.9476187573745847,0.899965601041913,0.031050382182002068,0.006026154865042203,-0.6600524702376446,0.19968082401700993,0.23078807693707137,-0.6600524702376446
0.39037254359573126,0.5182581655681133,0.638901281170547,0.6930111981928349,0.09210525080561638,0.006024168135189601,-0.6606092401594117,0.2152323320075227,0.16258613119674875,-0.6606092401594117
0.4253906011581421,0.4076735023409128,0.9472988462075591,0.5713602965697646,0.09612883254885674,0.00602406078526706,-0.7793670906482495,0.25646500192723876,0.24085034201576502,-0.7793670906482495
0.609222917817533,0.29367037396878004,0.8803034583106637,0.9667758289724588,0.09891652967780828,0.006023651013909532,-0.5961197211025098,0.15641950054084242,0.19046241206761766,-0.5961197211025098
0.35886764619499445,0.43985611479729414,0.8375730104744434,0.6295158341526985,0.09528442285954952,0.006021953621734729,-0.7075160957449149,0.23611785561658352,0.19792341531687477,-0.7075160957449149
0.12786073982715607,0.3973553357645869,0.6047048810869455,0.8004798134788871,0.22132580541074276,0.006021459530476985,-0.7346423977615906,0.1927162692522146,0.3046326393297623,-0.7346423977615906
0.8420689776539803,0.41400378942489624,0.638274404220283,0.7360370187088847,0.1097666397690773,0.006021272104116443,-0.7854546084171907,0.18822697039628444,0.3377046023998773,-0.7854546084171907
0.18228347226977348,0.30736699141561985,0.5174247678369284,0.9933599941432476,0.1407905537635088,0.0060193873999625615,-0.6339700559044871,0.15925637143624946,0.26270615518537244,-0.6339700559044871
0.5140197575092316,0.5473610060289502,0.6353558413684368,0.8190164854750037,0.16369482781738043,0.006017328830028867,-0.59594318351908,0.19191964841483744,0.17806791385740137,-0.59594318351908
0.4346103463321924,0.3138893563300371,0.468432592228055,0.6797102596610785,0.08417891338467598,0.006013331025214417,-0.5441263040297094,0.1708458312356446,0.1836037494918524,-0.5441263040297094
0.5798430284485221,0.26454807072877884,0.8917932668700814,0.8703613551333547,0.04611417930573225,0.00601165441336804,-0.6228817980168634,0.17451492141226782,0.20861178765633434,-0.6228817980168634
0.1605157246813178,0.3142505157738924,0.7143487306311727,0.7289309399202466,0.11008819565176964,0.006008271082065617,-0.707644281537394,0.20032222438727804,0.2950680464727539,-0.707644281537394
0.5335613079369068,0.473532360047102,0.6803051782771945,0.6378251295536757,0.15182751882821321,0.006005853608331692,-0.6348722607392109,0.20750304278127554,0.1778475547849362,-0.6348722607392109
0.462491556070745,0.3500242605805397,0.48822432942688465,0.9314995910972357,0.08765718899667263,0.006003876406279562,-0.4134585349605021,0.0973999779924949,0.13334996236523053,-0.4134585349605021
0.30649298056960106,0.3967837439849973,0.547686630859971,0.9091547010466456,0.11312087811529636,0.0060028121079547005,-0.49800497892748297,0.1369165684155036,0.17973750420181586,-0.49800497892748297
0.21473945304751396,0.4948713490739465,0.6597450459375978,0.903369614854455,0.1437988206744194,0.005999586065167037,-0.6643982780073141,0.1975055389169793,0.21646689761365853,-0.6643982780073141
0.1353067485615611,0.42976033315062523,0.7665215292945504,0.8408409366384149,0.17181416507810354,0.005998183380058031,-0.7284020417694497,0.19992374481780406,0.2912073291479872,-0.7284020417694497
0.2718826774507761,0.458691188134253,0.6175656216219068,0.6962618436664343,0.1618240661919117,0.005998050695907764,-0.6654969949547054,0.21111628669726504,0.18889039024589774,-0.6654969949547054
0.14507116749882698,0.4704593112692237,0.7322820154950023,0.774795857258141,0.07834268268197775,0.005998049723263692,-0.7706312933624926,0.22232834741707305,0.2590628381234411,-0.7706312933624926
0.5803698357194662,0.3514891667291522,0.8452775347977877,0.611910312436521,0.026514681987464428,0.0059919302290263425,-0.6984447904136579,0.22406450947216908,0.216939038929939,-0.6984447904136579
0.24411538150161505,0.48317343182861805,0.6413509882986546,0.7476079938933253,0.13897886499762535,0.0059914430999680225,-0.6777053760029099,0.21028932173776194,0.19842784518765788,-0.6777053760029099
0.0621656384319067,0.3839691085740924,0.7217666888609529,0.9501103078946471,0.11686065327376127,0.005989556241710338,-0.7193541084060336,0.1865530109806401,0.3669994981349796,-0.7193541084060336
0.5005457922816277,0.5432979632169008,0.8029653169214725,0.7683546878397465,0.07015397679060698,0.00598889795244812,-0.6760829968803636,0.21517950275054862,0.18527540847094862,-0.6760829968803636
0.34108101669698954,0.4231512388214469,0.5278667900711298,0.6593304155394435,0.12123782187700272,0.00598881645810888,-0.6151940053181127,0.20220152365469118,0.17758887435239465,-0.6151940053181127
0.4024991150945425,0.4712237026542425,0.8776833042502403,0.7842521984130144,0.17583978362381458,0.00598857874767206,-0.6432447581521,0.21003120369848965,0.1927675767085907,-0.6432447581521
0.31467883940786123,0.449984191916883,0.9968451084569097,0.8085766527801752,0.00048151426017284393,0.005986796750928558,-0.8031035832351404,0.25896456925677097,0.23223143272862645,-0.8031035832351404
0.35421699937433004,0.4327133623883128,0.587821033783257,0.719405883923173,0.22637292463332415,0.005985159943768113,-0.5996558695922231,0.18975310466202847,0.17938617739309606,-0.5996558695922231
0.9311733795329928,0.43497214559465647,0.5602687895298004,0.9155825339257717,0.15715457033365965,0.005981383460627391,-0.8462304455975556,0.2073196487149621,0.42336072073302067,-0.8462304455975556
0.07941662147641182,0.4835332231596112,0.6082225861027837,0.7830574167892337,0.15416377782821655,0.005978353248583304,-0.8017705340605177,0.2254003328450847,0.30797067642307124,-0.8017705340605177
0.1470623044297099,0.2659082608297467,0.665780046954751,0.9012849135324359,0.11165432259440422,0.005978197145448003,-0.6823770965949296,0.18177082355460297,0.298971011917758,-0.6823770965949296
0.17464208230376244,0.38498184457421303,0.7386029316112399,0.6468035783618689,0.08569538593292236,0.00597735320308848,-0.7669648289594667,0.22472431611307292,0.27020184796198793,-0.7669648289594667
0.31273195426911116,0.40937593951821327,0.5376082230359316,0.6812767460942268,0.164712717756629,0.005977302905811665,-0.6085863217071621,0.1941895805890595,0.18843563792464538,-0.6085863217071621
0.3603003127500415,0.40359505265951157,0.8891332689672709,0.5737198181450367,0.0025074314326047897,0.005977269180426375,-0.8061524397435237,0.2721162592680813,0.22899057042114304,-0.8061524397435237
0.3095649452880025,0.33194306399673223,0.8997316472232342,0.8907730132341385,0.09415369853377342,0.0059766977124381115,-0.6284729944865634,0.17710263401858256,0.22688718385118936,-0.6284729944865634
0.5160015039145947,0.39820289611816406,0.9975749598816037,0.6666041659191251,0.13165029417723417,0.005975402834163458,-0.7361875619291327,0.2303982586967498,0.2545826434076881,-0.7361875619291327
0.6473857453092933,0.32554121501743793,0.9999061608687043,0.8970651589334011,0.08331403322517872,0.005973675050698472,-0.7127713471757899,0.1963936014273248,0.24685622891494066,-0.7127713471757899
0.37132537737488747,0.3602732913568616,0.6159960282966495,0.6529106730595231,0.18818736169487238,0.005972643056363819,-0.5771640772669964,0.18754984713527453,0.18369232487124887,-0.5771640772669964
0.45445088390260935,0.25829208083450794,0.8837028099223971,0.7860927609726787,0.08339365385472775,0.005971026423775841,-0.6071620183956404,0.1789069340556836,0.20025032209800778,-0.6071620183956404
0.4368579527363181,0.32503639813512564,0.5495297815650702,0.6552544329315424,0.15653571765869856,0.005967454763679711,-0.5256161422657928,0.16613913479056705,0.1813920545722023,-0.5256161422657928
0.28265717905014753,0.34687265660613775,0.6452684076502919,0.716427518054843,0.167720478028059,0.005965416558795694,-0.5863600759534439,0.18073449566785296,0.2096857475365637,-0.5863600759534439
0.3534804144874215,0.5145003469660878,0.7704807929694653,0.7715872777625918,0.01764372643083334,0.0059642901388818935,-0.7099000076108424,0.2264380313480598,0.18436683448874566,-0.7099000076108424
0.45599954575300217,0.5013872738927603,0.6056927340105176,0.6295739887282252,0.05210131499916315,0.005962615422128342,-0.6965114385003609,0.21788727196394778,0.19062882035115888,-0.6965114385003609
0.5086325258016586,0.49688694905489683,0.6951253302395344,0.70718939229846,0.20714025013148785,0.005960704652492507,-0.6309851482058145,0.20578051164270558,0.17104653241481751,-0.6309851482058145
0.4773597661405802,0.3426707796752453,0.36126421950757504,0.938007989898324,0.10859533213078976,0.005959403390917662,-0.48674101290119887,0.12879161984095877,0.16405304866084314,-0.48674101290119887
0.6255560144782066,0.41021503414958715,0.7259089108556509,0.6851566378027201,0.10688288509845734,0.00595875858239497,-0.5950187082232936,0.1811352232880826,0.17636940466957243,-0.5950187082232936
0.15370365418493748,0.44704414159059525,0.6844618208706379,0.9964066026732326,0.126587999984622,0.005958508310124402,-0.6766913508586697,0.18776890619193384,0.27442931546982896,-0.6766913508586697
0.2765595717355609,0.4068125607445836,0.801174221560359,0.8957808455452323,0.1112174540758133,0.0059523179498064994,-0.5820590538000254,0.16756880822368514,0.22536236267587234,-0.5820590538000254
0.3948080139234662,0.44970395509153605,0.7435442982241511,0.8258307091891766,0.24351665657013655,0.005951553073653229,-0.5888426889164076,0.1852377621524951,0.18919238207566635,-0.5888426889164076
0.19593454245477915,0.32054641004651785,0.887691980227828,0.8799123419448733,0.048927112482488155,0.00594486701487956,-0.745787794944341,0.19905995422468284,0.26629184755645674,-0.745787794944341
0.06389578804373741,0.2715433342382312,0.6313532665371895,0.8507880987599492,0.023184710182249546,0.0059442131677895586,-0.7926941921254873,0.21715315465572818,0.34067028530405136,-0.7926941921254873
0.44578541349619627,0.4960477948188782,0.5059528350830078,0.7031874042004347,0.01735050231218338,0.0059435630831649044,-0.6875787441147176,0.19234704718435996,0.19184341969190571,-0.6875787441147176
0.2737222369760275,0.479726885445416,0.7376576848328114,0.9488599374890327,0.08851754479110241,0.005943091482179918,-0.6250343560350609,0.19150664074771925,0.18775185796572708,-0.6250343560350609
0.9209552928805351,0.36582606937736273,0.5181787367910147,0.9586831023916602,0.13241334911435843,0.005942155887887895,-0.8001590275688804,0.19425136619044822,0.4283856019495071,-0.8001590275688804
0.4059090157970786,0.3862343030050397,0.8614398194476962,0.5417923629283905,0.1250666994601488,0.0059403114948952665,-0.7488477398074764,0.24121516322915768,0.23212280872132043,-0.7488477398074764
0.38757760263979435,0.30567881744354963,0.5912716872990131,0.5495636323466897,0.03243805933743715,0.0059375501381129505,-0.6982239832345404,0.23366700721273237,0.20517119910824566,-0.6982239832345404
0.9590971199795604,0.34497683215886354,0.8001205986365676,0.9002307066693902,0.06610234547406435,0.005935889826948927,-0.8649400114233191,0.2295435195350878,0.4216740361549699,-0.8649400114233191
0.488248597830534,0.4400045769289136,0.2864720690995455,0.9279629187658429,0.12819918990135193,0.005933579401037591,-0.5931762109386413,0.16570442427242482,0.1957246595036498,-0.5931762109386413
0.5146489450708032,0.36348402593284845,0.8785056360065937,0.55036611109972,0.10954452864825726,0.005931556318632163,-0.732852484715202,0.2319274755258237,0.23754945677655864,-0.732852484715202
0.4180299136787653,0.49836933705955744,0.7791632944718003,0.6317761791869998,0.0013920553028583527,0.005928564379914063,-0.7632300147166434,0.2513263226773541,0.20430707875270657,-0.7632300147166434
0.010670134797692299,0.2989077940583229,0.471373681910336,0.9994533834978938,0.1404784806072712,0.005926921398357066,-0.7865139777496251,0.21547163668724553,0.3670704782917177,-0.7865139777496251
0.5699547929689288,0.3689039386808872,0.7733109965920448,0.8296696981415153,0.15394075401127338,0.0059261905731169085,-0.4742136488709705,0.13249675639478187,0.17617450423099282,-0.4742136488709705
0.8156730700284243,0.42729712557047606,0.6793063832446933,0.729693166911602,0.1610455121845007,0.005924214760884477,-0.7890698549484867,0.196326842639333,0.31486046444741445,-0.7890698549484867
0.4823880745097995,0.40162487886846066,0.21133702993392944,0.9866736615076661,0.12164203822612762,0.00591958586873365,-0.6410660085801034,0.1747029883284642,0.2212146887528547,-0.6410660085801034
0.44935243111103773,0.27539164666086435,0.924693020991981,0.8109841272234917,0.12687138468027115,0.005917198915792752,-0.620966525740335,0.16894437045495464,0.22520439641588977,-0.620966525740335
0.4876545602455735,0.37740592658519745,0.5367292761802673,0.8179969321936369,0.19013397488743067,0.005916822184396351,-0.4171133314876554,0.11118284571993309,0.16235498802154977,-0.4171133314876554
0.4379184013232589,0.3035835698246956,0.6684617465361953,0.4510798593983054,0.03452835325151682,0.005913663269652687,-0.7850826263447809,0.25116614403077764,0.24610043673536153,-0.7850826263447809
0.6064952528104186,0.5019105114042759,0.6218267772346735,0.9073392590507865,0.1317428182810545,0.005911889629274275,-0.5556964057345234,0.1675944363614802,0.13876456775649454,-0.5556964057345234
0.539843968115747,0.3821361241862178,0.7955426033586264,0.5536592518910766,0.09536501951515675,0.005910796366858362,-0.6926086377343625,0.219573094879894,0.22126204181366904,-0.6926086377343625
0.40223507955670357,0.48829342145472765,0.8366399835795164,0.6928566861897707,0.15090707037597895,0.005909698842430682,-0.6768517935756396,0.2253750032435811,0.18151913392540586,-0.6768517935756396
0.5524051021784544,0.26099700573831797,0.6357049122452736,0.7945558950304985,0.06207349803298712,0.0059043540563376564,-0.4806007679283383,0.14172743953217354,0.15389696858831514,-0.4806007679283383
0.44315719325095415,0.2988496106117964,0.9725127704441547,0.9641286339610815,0.0785667011514306,0.005901774191874502,-0.6401091832469319,0.16368053755247705,0.23924029567343597,-0.6401091832469319
0.5639286302030087,0.24956144485622644,0.8426701845601201,0.908701304346323,0.010249015875160694,0.005901139707582029,-0.6170032327932096,0.17290509378774643,0.2131104320391615,-0.6170032327932096
0.8668570537120104,0.35353720001876354,0.6675876826047897,0.9917440731078386,0.15526161901652813,0.005900638908896421,-0.7410129404511423,0.18687018709955958,0.3819185187307972,-0.7410129404511423
0.6854804810136557,0.33155171293765306,0.6664295140653849,0.8164702784270048,0.1318286368623376,0.00590022862170479,-0.5308306696995952,0.13926065082031472,0.20980543563969492,-0.5308306696995952
0.46358304005116224,0.3276502024382353,0.5035077510401607,0.5660116514191031,0.043122163973748684,0.005898507597301801,-0.6620271428038926,0.2112921907025579,0.2105728634266372,-0.6620271428038926
0.0104173943400383,0.4513124143704772,0.5739041045308113,0.837891542352736,0.08964962512254715,0.005897595924924472,-0.8169630271770825,0.22834150152895066,0.3536820818853568,-0.8169630271770825
0.17156133614480495,0.39870194997638464,0.7015363303944468,0.6375301303341985,0.12823200039565563,0.005897368700843476,-0.7652409279585543,0.2225742138071945,0.2724476819235979,-0.7652409279585543
0.24459563754498959,0.3826158354058862,0.593858695589006,0.9886033395305276,0.18193956837058067,0.005896045138045469,-0.5636445321585765,0.13602275430506602,0.20849839603509332,-0.5636445321585765
0.5643339194357395,0.3532412117347121,0.7258206028491259,0.5590527346357703,0.04675652924925089,0.005895909329568493,-0.6767624828019825,0.21452334888799843,0.21368558843082752,-0.6767624828019825
0.7109858337789774,0.32894738391041756,0.651657490991056,0.899853746406734,0.010363687761127949,0.005894564722195756,-0.6015397007163302,0.15882492313556554,0.21348432921780017,-0.6015397007163302
0.19245183374732733,0.3767510140314698,0.6027746666222811,0.6389901516959071,0.11297005973756313,0.005894440277270513,-0.7286018726120672,0.21728647990691152,0.26585000118524826,-0.7286018726120672
0.19182289205491543,0.4117362443357706,0.6135272150859237,0.8309863414615393,0.23460596799850464,0.005891401503131662,-0.6845546281648995,0.1853413568551384,0.253818424920887,-0.6845546281648995
0.3971920656040311,0.376111694611609,0.5202492820098996,0.8991831345483661,0.07696786988526583,0.005888418087689723,-0.44354335281323753,0.11804494674776514,0.14714030172508202,-0.44354335281323753
0.4075090838596225,0.38618785608559847,0.5799289811402559,0.9641689378768206,0.20823340117931366,0.005885813602309015,-0.4463996590866591,0.1072725632522141,0.13524238525442833,-0.4463996590866591
0.04892489314079285,0.31332932878285646,0.7566687734797597,0.6950584342703223,0.0528480876237154,0.00588567225128822,-0.8467651909942062,0.23912255135900007,0.3391732459364052,-0.8467651909942062
0.056607479229569435,0.2569860154762864,0.6383467810228467,0.9070450542494655,0.07745690923184156,0.005884718656293742,-0.76535734622101,0.21056888362015097,0.34684422778460944,-0.76535734622101
0.058522325940430164,0.49089436512440443,0.6969745121896267,0.7845385121181607,0.10667537897825241,0.005884319196084345,-0.8307848288571165,0.2374399705515958,0.3050546008258903,-0.8307848288571165
0.5684195589274168,0.5304420543834567,0.7903259033337235,0.8628749521449208,0.08328924793750048,0.005884019152762909,-0.632763663448587,0.19692280584812002,0.17256732237286213,-0.632763663448587
0.7281502261757851,0.4575511310249567,0.6724426336586475,0.9284932967275381,0.16557983309030533,0.005883361086282094,-0.641427137893061,0.17852217591793929,0.2070566354089307,-0.641427137893061
0.9841962475329638,0.4491310156881809,0.597010619007051,0.9617546517401934,0.1698699975386262,0.005880002779097099,-0.896676342461405,0.23543415227195244,0.4454383623738537,-0.896676342461405
0.646074341610074,0.25679140724241734,0.555530252866447,0.9457945479080081,0.1231343261897564,0.005870355530979981,-0.5253130385776937,0.15374861745228532,0.15451837057138418,-0.5253130385776937
0.9808311862871051,0.4090593820437789,0.6444890238344669,0.7041575014591217,0.15031532291322947,0.005870117303508938,-0.951108290888926,0.2367739382857939,0.4715218800174316,-0.951108290888926
0.4634465677663684,0.5464970553293824,0.7733400445431471,0.7286170991137624,0.11722269654273987,0.005863250987699114,-0.6718400072879885,0.21963710832460692,0.18179668615664624,-0.6718400072879885
0.8612917494028807,0.4727087430655956,0.6925051622092724,0.9020466562360525,0.16213384829461575,0.005861844994508525,-0.8123387662178445,0.20705651541912826,0.3373965104074731,-0.8123387662178445
0.03703721798956394,0.42137910425662994,0.8012847434729338,0.8508278960362077,0.14351395517587662,0.0058579711378298725,-0.7978568624714925,0.21996720671219477,0.3538287862713101,-0.7978568624714925
0.15584356524050236,0.37949248403310776,0.5793308038264513,0.7902522869408131,0.052904315292835236,0.0058547879841291785,-0.6993221986774641,0.19190704257238556,0.291069401715391,-0.6993221986774641
0.017694924026727676,0.4112919829785824,0.8612332576885819,0.7858390957117081,0.008906778879463673,0.00585200167988349,-0.9080181427419187,0.26227908867064675,0.3230269905964461,-0.9080181427419187
0.3209613151848316,0.4212788939476013,0.6042772084474564,0.8751676110550761,0.24475782457739115,0.005850304770557459,-0.5668224502602901,0.16178318827514723,0.1865011814539208,-0.5668224502602901
0.4104382414370775,0.5457045361399651,0.7306465888395905,0.8125713346526027,0.14321148488670588,0.005850256680184585,-0.6203773512665801,0.20595180251530074,0.17597263092620063,-0.6203773512665801
0.8286689696833491,0.2867745067924261,0.6713205548003316,0.9101600758731365,0.025969012640416622,0.005849721370890268,-0.7334989431638691,0.18941127937513666,0.30272459933104695,-0.7334989431638691
0.41134172212332487,0.5103454692289233,0.7356687746942043,0.6530143227428198,0.016803390346467495,0.0058493250429645415,-0.7379539670981233,0.23846822652883976,0.18990562319133356,-0.7379539670981233
0.93322579190135,0.325084718875587,0.618829526938498,0.7910158131271601,0.12744787335395813,0.00584904853351074,-0.8317473323348061,0.19703823372405466,0.46584849660658867,-0.8317473323348061
0.4623885527253151,0.46360318548977375,0.3381039472296834,0.9835838442668319,0.19935072492808104,0.005846911509046463,-0.5915844999040761,0.18373757153265824,0.1571291980927021,-0.5915844999040761
0.442935299128294,0.32838471233844757,0.4575479766353965,0.6248832121491432,0.014524845406413078,0.00584220171279853,-0.6531467142111741,0.20746441224135875,0.20385721805262405,-0.6531467142111741
0.5426790956407785,0.45007442962378263,0.7281234674155712,0.6016390472650528,0.07312757894396782,0.005840510810783191,-0.6711230166857066,0.21623596798980566,0.19595823363920792,-0.6711230166857066
0.10078888013958931,0.3730156272649765,0.655328705906868,0.7265749927610159,0.01588493399322033,0.005840360338616109,-0.8016217786318492,0.22642319919942205,0.3142471170311599,-0.8016217786318492
0.04389210045337677,0.41197366639971733,0.5802097469568253,0.7082196045666933,0.09004409518092871,0.005839711271663288,-0.8225683812618209,0.23015467738509304,0.3495936049531356,-0.8225683812618209
0.8835530113428831,0.38073925394564867,0.6871688552200794,0.9539197981357574,0.1465929104015231,0.005837740567661074,-0.757509505581127,0.18705500843308,0.3995026944485694,-0.757509505581127
0.4036044143140316,0.33659692481160164,0.5015775514766574,0.9985164878889918,0.18471289332956076,0.00583477428043193,-0.4524702713053718,0.10767615683983349,0.12731522618469343,-0.4524702713053718
0.7639652164652944,0.34323382284492254,0.6853413209319115,0.7312705153599381,0.06788397021591663,0.0058346457064984,-0.6789405106717191,0.16449080173888034,0.2573555859379721,-0.6789405106717191
0.051130845211446285,0.32873730920255184,0.740446082316339,0.9163278779014945,0.1292709643021226,0.005834028372889802,-0.7367259088557708,0.19413946292293982,0.3736914327446369,-0.7367259088557708
0.6465860260650516,0.35936411563307047,0.6957960426807404,0.6891126865521073,0.07229913398623466,0.0058333930583769535,-0.5855323252770658,0.16847989732824048,0.18452032706774477,-0.5855323252770658
0.42316154669970274,0.5178511403501034,0.9198971334844828,0.8009042497724295,0.011209635064005852,0.005832520006806505,-0.7484163839969291,0.24120323263143917,0.21315430967450005,-0.7484163839969291
0.4046373190358281,0.3580686543136835,0.8845067424699664,0.45511704590171576,0.09676776267588139,0.005831906091717056,-0.8411828515928016,0.26516584048075803,0.26136749343890986,-0.8411828515928016
0.3101666634902358,0.4783183904364705,0.5258241137489676,0.8254960188642144,0.1027981573715806,0.00583065286641425,-0.601929025299285,0.18322700806867015,0.1612379683743495,-0.601929025299285
0.5738334357738495,0.42848590202629566,0.9618841409683228,0.7043598955497146,0.06335194688290358,0.005830414572312532,-0.7200429824929014,0.23104203673772347,0.2214634751098116,-0.7200429824929014
0.42647240310907364,0.3741578012704849,0.569025969132781,0.8559378664940596,0.25378502905368805,0.005829928930234149,-0.4929931079134618,0.1350545041915267,0.19333196069195005,-0.4929931079134618
0.34498646669089794,0.34627735428512096,0.5749986199662089,0.6309337932616472,0.019758342765271664,0.005829914941301084,-0.6555965437384758,0.21983969773012027,0.19774785147783822,-0.6555965437384758
0.48570374865084887,0.4819847149774432,0.9998567095026374,0.695296835154295,0.10390546265989542,0.005827300803923101,-0.763736435946589,0.2501483304010615,0.22959796522201026,-0.763736435946589
0.9347366755828261,0.37328122090548277,0.6863575670868158,0.7664272477850318,0.04649126995354891,0.00582627961498416,-0.8655529277807439,0.21661148494961263,0.40270086581058917,-0.8655529277807439
0.48323730286210775,0.4244872182607651,0.7891163984313607,0.5079082995653152,0.009175331331789494,0.005826171987987916,-0.789978595928605,0.2576482031912255,0.23140797257350174,-0.789978595928605
0.09186782129108906,0.35501619707793,0.8503897627815604,0.7499121613800526,0.10537062492221594,0.005825396318230048,-0.8089003834021645,0.22127800978249204,0.32212234694465114,-0.8089003834021645
0.5278650177642703,0.5258735809475183,0.7668873453512788,0.7079542819410563,0.016399952583014965,0.005822751790267402,-0.7160636565899858,0.22101764241036898,0.1934263134291916,-0.7160636565899858
0.4392921244725585,0.2966542914509773,0.49817689694464207,0.6409560088068247,0.019811746664345264,0.005821198316445102,-0.6227665312389078,0.20198170589693432,0.19016726402946793,-0.6227665312389078
0.5339008150622249,0.3361344840377569,0.5169947780668736,0.7146362503990531,0.014255441725254059,0.005820804600305539,-0.5473574884775025,0.16174625135967388,0.19214584659423034,-0.5473574884775025
0.44945870339870453,0.3793402537703514,0.5436930852010846,0.5621642582118511,0.011056105606257915,0.005819422805052908,-0.6941693602494589,0.22530249835883545,0.21754765516270752,-0.6941693602494589
0.4887525849044323,0.2892303029075265,0.584342666901648,0.7393964966759086,0.11899602320045233,0.0058185692294474,-0.4478937268048751,0.1331748209213252,0.16226818617654407,-0.4478937268048751
0.16445540264248848,0.3894580192863941,0.5198698835447431,0.8542310269549489,0.16970452386885881,0.005817103201483532,-0.6528194486446961,0.1684885701167498,0.29397900646357655,-0.6528194486446961
0.37383152917027473,0.3102689730003476,0.6514596762135625,0.5722102504223585,0.11642820294946432,0.005816696251861217,-0.6466165080035328,0.21500419777992263,0.19649922275488735,-0.6466165080035328
0.35204706713557243,0.5079786526039243,0.5606573671102524,0.9039058340713382,0.13950867857784033,0.005814278771879892,-0.5674346436919173,0.1763828978040434,0.15230882483584784,-0.5674346436919173
0.5459285126999021,0.3923567309975624,0.988914355635643,0.9537249868735671,0.07732921931892633,0.005812222376284104,-0.6427504709306683,0.17830985482866704,0.24499093494123086,-0.6427504709306683
0.435396870598197,0.5037416648119688,0.49635537527501583,0.819065541960299,0.028608274646103382,0.005810631964730751,-0.6353065020412836,0.15863395272149933,0.18041384833690527,-0.6353065020412836
0.9691458642482758,0.3573169717565179,0.5906450860202312,0.8299331143498421,0.06696204096078873,0.005807037369795266,-0.8575240741488512,0.21248114823277892,0.45565472208400476,-0.8575240741488512
0.2938081230968237,0.3014726787805557,0.7337513854727149,0.7100777197629213,0.09442777000367641,0.005804808590658755,-0.6141537687922427,0.1941543904966324,0.20384280966319057,-0.6141537687922427
0.3785920897498727,0.44690907560288906,0.6660637389868498,0.8682748135179281,0.26359520107507706,0.005804617824408227,-0.5769326390003698,0.17886491536444546,0.1928389380220614,-0.5769326390003698
0.2657874124124646,0.4431562516838312,0.8833019426092505,0.911210572347045,0.023404627107083797,0.005801441666438587,-0.724993923719271,0.21456861277989994,0.22951244330022197,-0.724993923719271
0.2565769450739026,0.3909036638215184,0.5566005548462272,0.7119081476703286,0.18184572458267212,0.005800696801441625,-0.6311309750328423,0.18874800948874232,0.21994664671055358,-0.6311309750328423
0.47612425591796637,0.3166451333090663,0.4762461204081774,0.7806453267112374,0.019226545467972755,0.0058002597500591765,-0.5163414160489128,0.14706448454413917,0.18464890496857053,-0.5163414160489128
0.03898216597735882,0.43801052402704954,0.7331764558330178,0.7240160359069705,0.05676686763763428,0.005799553866636179,-0.8578195702602163,0.24372743694097948,0.322670838191643,-0.8578195702602163
0.17962431721389294,0.4550159713253379,0.6909658266231418,0.9114739904180169,0.20192131865769625,0.005797887500001091,-0.6873438807774238,0.19567187891831053,0.24407652427765703,-0.6873438807774238
0.3882982013747096,0.27865202724933624,0.5625454494729638,0.9829014129936695,0.15883471351116896,0.005795607506494961,-0.4639383533200321,0.12075250941710747,0.12246768142391855,-0.4639383533200321
0.2066400609910488,0.3224841644987464,0.5684496648609638,0.7367405444383621,0.08284022845327854,0.005795496049525871,-0.6530067313037319,0.19244872094324347,0.26463808873662525,-0.6530067313037319
0.3950488958507776,0.5163206495344639,0.8172174701467156,0.924618168734014,0.05528720561414957,0.005795463448514858,-0.6394603971469418,0.20151533926735482,0.18186319025101527,-0.6394603971469418
0.2616199888288975,0.4740345561876893,0.8651786185801029,0.8801316693425179,0.10779589787125587,0.00579289295230787,-0.6910077577931131,0.21239665305318245,0.20768583073137184,-0.6910077577931131
0.5007763169705868,0.24302566796541214,0.6680211862549186,0.8618686571717262,0.040228670462965965,0.005792410537555637,-0.49291941134594985,0.1437291806959791,0.15882737546314096,-0.49291941134594985
0.44835994113236666,0.2950918013229966,0.5932476781308651,0.8897833051159978,0.1720968233421445,0.0057909415527733436,-0.4096220273469372,0.10698536873096579,0.1442413209118186,-0.4096220273469372
0.037681094370782375,0.47345351427793503,0.7380083538591862,0.8064920883625746,0.1813505943864584,0.00578987422525208,-0.8380600466094154,0.23897947002666375,0.3208638331931715,-0.8380600466094154
0.22196485754102468,0.47871302254498005,0.6100569758564234,0.7513612434267998,0.11361676547676325,0.005789111132007043,-0.6958378586048858,0.21049416112838706,0.21012681285176033,-0.6958378586048858
0.5059785051271319,0.3736239345744252,0.7238446269184351,0.8765707639977336,0.18645344022661448,0.005788484246542925,-0.43090479943891397,0.11493573537688208,0.16501073467449556,-0.43090479943891397
0.40962304547429085,0.5262523368000984,0.7516496982425451,0.9856089111417532,0.1596326343715191,0.0057882087647934425,-0.583646270903516,0.19301981870976553,0.15869981793924032,-0.583646270903516
0.34181712474673986,0.5044501582160592,0.8296974850818515,0.8335822392255068,0.13474552519619465,0.005786877698322509,-0.6439020622576191,0.21087151088208572,0.18123202064367772,-0.6439020622576191
0.5006971387192607,0.45529425516724586,0.9336630692705512,0.6822391469031572,0.14971788134425879,0.005786859623209072,-0.7091738000368707,0.2268226100192474,0.2186210196214099,-0.7091738000368707
0.5295429080724716,0.415329497307539,0.8659510053694248,0.9157844437286258,0.11901174578815699,0.00578456700124151,-0.5236205758415873,0.1445405335891864,0.20460794339881788,-0.5236205758415873
0.11386697553098202,0.3629268668591976,0.775038093328476,0.6629773732274771,0.03565395250916481,0.005782852395682611,-0.8362742756130416,0.23887240870645626,0.2976474369176896,-0.8362742756130416
0.289489665068686,0.3530920771881938,0.9866952924057841,0.8589773820713162,0.09911818336695433,0.005781889546505362,-0.7188064087007304,0.20570910089010985,0.24937424257669316,-0.7188064087007304
0.2561453441157937,0.4247379954904318,0.7640871163457632,0.8903829641640186,0.16154973022639751,0.005780572494859654,-0.5968187837321031,0.17210753890460498,0.21996408669851036,-0.5968187837321031
0.3453023750334978,0.5314270723611116,0.6085364585742354,0.867856671102345,0.09302527271211147,0.00577840300018511,-0.6229409328720732,0.1931029534221355,0.15604106627327094,-0.6229409328720732
0.5135985482484102,0.4131811261177063,0.7344597466289997,0.975721980445087,0.07528848480433226,0.005778035421541399,-0.45205858506243674,0.11848700216562773,0.1599185696421761,-0.45205858506243674
0.005825904197990894,0.4580054059624672,0.7167345844209194,0.8807541448622942,0.038385841995477676,0.0057746724061417945,-0.8496545708482826,0.24010557054012593,0.33572491271766663,-0.8496545708482826
0.8912252681329846,0.33030661568045616,0.7931114975363016,0.9927100464701653,0.07928422372788191,0.00577342884356355,-0.7951379650324241,0.2123065358460204,0.368112916920813,-0.7951379650324241
0.5335854133591056,0.5259220544248819,0.5493747293949127,0.786580853164196,0.06824292335659266,0.005771300658811046,-0.6201996621803196,0.1682763869442038,0.17876965078982532,-0.6201996621803196
0.5189484637230635,0.240781519562006,0.7916272571310401,0.8090114369988441,0.0292661152780056,0.005768933149335204,-0.5721350378554159,0.16653528998506154,0.18579330650442802,-0.5721350378554159
0.5017853314056993,0.35166934691369534,0.5617095492780209,0.6015205262228847,0.1410126183182001,0.005768116986606295,-0.5688639906771701,0.17873945275587202,0.19671128636260873,-0.5688639906771701
0.65425378177315,0.2890742616727948,0.8154302909970284,0.9128868477419019,0.050071162171661854,0.005765843138400166,-0.5926375286300405,0.16909328769633947,0.1920282803563212,-0.5926375286300405
0.44261198583990335,0.26624359656125307,0.7072898121550679,0.637185919098556,0.07731349673122168,0.005765333719905523,-0.5961591023776662,0.1894783297217544,0.1710852422903891,-0.5961591023776662
0.3363172337412834,0.36416657734662294,0.9268135987222195,0.6425485163927078,0.10898546688258648,0.005760601373618406,-0.735648840541112,0.2362381150969533,0.22728282048669812,-0.735648840541112
0.033999454230070114,0.4016830623149872,0.7120250323787332,0.9594065062701702,0.15932426322251558,0.0057587564944112605,-0.7471554673875883,0.20237429191021863,0.36873185242701884,-0.7471554673875883
0.3205607710406184,0.26924785412847996,0.6904348572716117,0.9597184229642153,0.10864873602986336,0.005756909966573107,-0.5272306470912046,0.14898564978777107,0.16426123082395733,-0.5272306470912046
0.45241614896804094,0.4529999941587448,0.9800049653276801,0.5949768824502826,0.031329636462032795,0.005756496811556334,-0.8239053428839803,0.275971909474945,0.23385323941137412,-0.8239053428839803
0.05991101823747158,0.4418466044589877,0.5144399693235755,0.7749493271112442,0.1876471908763051,0.005755430585487326,-0.8120093100023937,0.22142122019710272,0.3356870969914075,-0.8120093100023937
0.4888205900788307,0.2603014353662729,0.8454753160476685,0.9083047602325678,0.10010756645351648,0.005754723487830929,-0.5430379692045164,0.14132512384494128,0.18876867659994956,-0.5430379692045164
0.5792593732476234,0.4240254331380129,0.8056211303919554,0.794599961489439,0.18246783129870892,0.005754350360977021,-0.5704028134526815,0.17405130648352027,0.171811600139298,-0.5704028134526815
0.4308527335524559,0.5592683432623744,0.7091265777125955,0.8384615853428841,0.06851863767951727,0.005752328905745977,-0.6485402685663948,0.2029590060315495,0.17811922139064765,-0.6485402685663948
0.5266251051798463,0.5126566449180245,0.9485383918508887,0.799433896318078,0.0608028769493103,0.005752125350991349,-0.7222827007026403,0.23092862542032905,0.20946840170246753,-0.7222827007026403
0.4604646246880293,0.31936829909682274,0.750525327399373,0.3561422200873494,0.01273779571056366,0.0057514875219394305,-0.9034685739211742,0.28450068601111217,0.29104504977890683,-0.9034685739211742
0.42063585948199034,0.45438149478286505,0.4446963556110859,0.9913953561335802,0.226854276843369,0.005749529611712364,-0.5503072158427912,0.16838406391832814,0.14116517794943484,-0.5503072158427912
0.3133232332766056,0.281148849055171,0.6399087132886052,0.7336845630779862,0.05985316168516874,0.005748642585570102,-0.5852474498856292,0.18837462670950764,0.18646501481239466,-0.5852474498856292
