x1,x2,ensemble_ei,ensemble_mu_mean_model,ensemble_sigma_mean_model,ensemble_mu_std_model,ensemble_mu_mean_original_approx
0.7107147490605712,0.11826085485517979,0.00421350329570019,0.6867287208891765,0.042735862003796005,0.07697216210620217,0.6867287208891765
0.7102635772898793,0.11464453302323818,0.004158465863414307,0.687932651972423,0.04297815171855451,0.07918576402826737,0.687932651972423
0.710296125151217,0.0014911796897649765,0.0041562534270923705,0.6714723383601503,0.05476384289931607,0.10039502272697931,0.6714723383601503
0.7099341871216893,0.11586594581604004,0.004145640315164035,0.6911646870062629,0.041394908565847495,0.08028801101617303,0.6911646870062629
0.7101777335628867,0.00981880072504282,0.004138819912963237,0.6730241690998217,0.053624706706734165,0.10059580423647937,0.6730241690998217
0.7098406413570046,0.0022204965353012085,0.004134424367793758,0.6745711357365363,0.05342754753069563,0.1022116220108483,0.6745711357365363
0.7099707471206784,0.021664696745574474,0.004092062898946795,0.675266697486137,0.05194253579877778,0.10147807928766153,0.675266697486137
0.7100844262167811,0.12395655456930399,0.00408553750200315,0.6933914922881201,0.03916236391932813,0.08057377164042191,0.6933914922881201
0.7106403457000852,0.0062935249879956245,0.004081873679979874,0.6693107275229013,0.055047238754389556,0.09855379544129678,0.6693107275229013
0.7103790147230029,0.02894715592265129,0.004065005302034196,0.6729132789000919,0.05238720317016896,0.099698112554178,0.6729132789000919
0.7106116050854325,0.11188614834100008,0.004063451524898171,0.6833669530926966,0.044806622858892205,0.07899141285682168,0.6833669530926966
0.7104811212047935,0.025709076784551144,0.004062182091411283,0.6719073432950351,0.05294534766705663,0.09925277577950173,0.6719073432950351
0.7103914394974709,0.12531596515327692,0.004052116516031104,0.6905584388057115,0.04039260887047289,0.07871221717748227,0.6905584388057115
0.71042644046247,0.03329170309007168,0.004043676952491875,0.6728736098020106,0.05209058476399114,0.09940276147729248,0.6728736098020106
0.7098167194053531,0.02968076802790165,0.004033425460632287,0.6768376504320449,0.050674064122724884,0.10204274923143905,0.6768376504320449
0.7100412473082542,0.04063486400991678,0.004028316914076947,0.6762258187541971,0.05031425567635984,0.1008705286865983,0.6762258187541971
0.7096757190302014,0.021422226913273335,0.004025547278466508,0.6770763786320986,0.051015260114814796,0.10258184870577558,0.6770763786320986
0.7108042342588305,0.013652214780449867,0.0040213898228909865,0.6685248437584963,0.05471638019638548,0.09764948265570493,0.6685248437584963
0.7113013295456767,0.11612019222229719,0.00401681664794247,0.6799808660942267,0.044692899526505195,0.07373879902531791,0.6799808660942267
0.7095317533239722,0.009571089409291744,0.0040115949593009835,0.6770001008112996,0.05166263617077643,0.10302819182019764,0.6770001008112996
0.7097689863294363,0.033049702644348145,0.004007665330126861,0.6773915822167257,0.05018009638886823,0.10216296039751444,0.6773915822167257
0.7105703819543123,0.036987547762691975,0.0040070665882976746,0.672031070888112,0.05208283352957263,0.09862204386933268,0.672031070888112
0.7105134604498744,0.10809704568237066,0.004002147357134525,0.6820752620639833,0.04544208201523299,0.0825720686882666,0.6820752620639833
0.7108434149995446,0.01742716133594513,0.0040007007274083795,0.6684475256389665,0.05446281371125762,0.09746773559792732,0.6684475256389665
0.7101413477212191,0.052484902553260326,0.003994326251284106,0.6764780118840202,0.04949935925929649,0.09988887358410606,0.6764780118840202
0.71112219709903,0.12244847044348717,0.003993915568778701,0.6844815529924779,0.0419997508948141,0.07584462056096905,0.6844815529924779
0.7097452208399773,0.12848717626184225,0.003988875037593661,0.6938226600851283,0.03949166252666549,0.08030525222014001,0.6938226600851283
0.7102060578763485,0.06075116619467735,0.003970106083157154,0.6766753880238927,0.04894766688754608,0.09910351689875348,0.6766753880238927
0.7101736199110746,0.06383176427334547,0.003961016092997593,0.6771592604247526,0.0485833770047026,0.09903011811082284,0.6771592604247526
0.7095640627667308,0.12224781420081854,0.003959254840079866,0.6970629367545316,0.03707993810953486,0.08280141092755877,0.6970629367545316
0.7104075467213988,0.10281309112906456,0.003952712187044503,0.6807744035946384,0.04598735981192378,0.08749951082296312,0.6807744035946384
0.7099300734698772,0.0605067852884531,0.003947493342864507,0.6785818020156573,0.04810438477992183,0.10027958168417023,0.6785818020156573
0.7105297856032848,0.13246911950409412,0.003944782396776348,0.685681579299704,0.043304316077414244,0.07740718577893849,0.685681579299704
0.7105923518538475,0.056406586430966854,0.003942391877803882,0.6733606872383632,0.05034404738645673,0.09759302836107996,0.6733606872383632
0.709420002065599,0.11997103318572044,0.003940563686826281,0.6971302368446786,0.037286697799023785,0.08272030055008898,0.6971302368446786
0.7110086632892489,0.02112608216702938,0.003936937973300109,0.6672826172503544,0.05442209820583907,0.096638059879823,0.6672826172503544
0.7102996408939362,0.07308213040232658,0.003935251973175725,0.676992489394856,0.04817592047605267,0.09767272000788922,0.676992489394856
0.7107336428016424,0.04910925030708313,0.003932035066911698,0.6716357486480523,0.05131134703530041,0.09730928940991362,0.6716357486480523
0.7110934415832162,0.009279828518629074,0.003931996938665903,0.665773156528759,0.05557246160329198,0.09618512059526838,0.665773156528759
0.7100822981446981,0.13657289557158947,0.003926757588417588,0.6872590329662797,0.043251069338027304,0.08164423121525903,0.6872590329662797
0.7093914998695254,0.0138937346637249,0.0039252650891028265,0.6780657705410116,0.05074310391976836,0.10344498169770786,0.6780657705410116
0.7100605005398393,0.09648421686142683,0.003918368300090172,0.6816750198117125,0.045606288367602846,0.09307727284630228,0.6816750198117125
0.7096048071980476,0.04136991407722235,0.0039180427210027905,0.6790333264186618,0.04877370288186324,0.10249605755249346,0.6790333264186618
0.7103368733078241,0.08491801284253597,0.003913534882109107,0.6778540934156753,0.04735863407995709,0.09573833960785173,0.6778540934156753
0.7098975628614426,0.07137672044336796,0.0039104704690504635,0.6796997290365219,0.04705434365176199,0.09955451042332004,0.6796997290365219
0.7104770075529814,0.07911526132375002,0.003906710054839481,0.6761600103545676,0.048175802725963474,0.09610949341040849,0.6761600103545676
0.711752631701529,0.11970534827560186,0.0039038176884294814,0.6774522203998764,0.04366900318995198,0.07206954091570336,0.6774522203998764
0.7100125290453434,0.09130729082971811,0.0039033159460336335,0.6810743447232949,0.04587552173083389,0.09543682505303926,0.6810743447232949
0.7108794711530209,0.04533016122877598,0.0039031623775530266,0.6701164081686705,0.051945449784563176,0.09675947931239984,0.6701164081686705
0.7112118592485785,0.00199772696942091,0.0039012300639749897,0.6641509409303447,0.05642611905347238,0.09583856771380886,0.6641509409303447
0.7109574135392904,0.041082289069890976,0.0038918769525666534,0.6691242394809258,0.052479265116086575,0.09654255512121575,0.6691242394809258
0.7097272044047713,0.1040311697870493,0.0038836709488626474,0.6859989361219712,0.04358645885803089,0.0896305469237856,0.6859989361219712
0.7096270527690649,0.1329086348414421,0.0038805048046603387,0.6921082410422956,0.04065427895999957,0.08133265947712545,0.6921082410422956
0.7106821276247501,0.07532171811908484,0.0038767344150787237,0.6741483262571926,0.048960295756484334,0.09561065797103652,0.6741483262571926
0.7107620928436518,0.06900866329669952,0.003871481571701174,0.6729518438101232,0.04964031937087912,0.0958490649277692,0.6729518438101232
0.709797466173768,0.08320735394954681,0.0038618227027333906,0.6814729876743545,0.045747534272489246,0.09837226464723432,0.6814729876743545
0.70956757850945,0.05321661103516817,0.003857961735303836,0.6802269537508304,0.047480392439543564,0.10206164732778686,0.6802269537508304
0.709293351508677,0.017672022804617882,0.003849803452391874,0.6788287452058066,0.05000576872777046,0.1037483390371244,0.6788287452058066
0.7096946127712727,0.09252680744975805,0.0038254767859657716,0.6833617197000469,0.044632106328039954,0.09627655520959912,0.6833617197000469
0.7108469307422638,0.08841134048998356,0.0038225568039652845,0.6741115813572637,0.048302648622148635,0.09238520032755658,0.6741115813572637
0.7094617839902639,0.04837516508996487,0.003822488513038043,0.6804113436587444,0.04754106933366788,0.10266001025273955,0.6804113436587444
0.7109369905665517,0.09886136651039124,0.003822195056723486,0.6752187894025841,0.04760744675426312,0.08745945866200722,0.6752187894025841
0.7106945887207985,0.14067218359559774,0.0038217474437816533,0.6808548347365635,0.04564548740450432,0.08173383891801345,0.6808548347365635
0.7109981402754784,0.1331351650878787,0.0038108450814253836,0.6812065065945958,0.04441214245394411,0.07538074899226187,0.6812065065945958
0.7096469486132264,0.09477308858186007,0.0038101161261761634,0.6840525538522041,0.04425895537317772,0.09555234253665776,0.6840525538522041
0.7101043276488781,0.14842018857598305,0.0038060335303044964,0.683783379736356,0.04498436485538519,0.08916844701367228,0.683783379736356
0.7109149117022753,0.13689773995429277,0.0038021265088185193,0.6802622086221872,0.04533210690184579,0.07797120820764264,0.6802622086221872
0.7109763091430068,0.09497672878205776,0.003795286419974647,0.6740182946046813,0.04802377228495351,0.08931789764428442,0.6740182946046813
0.7110899239778519,0.06524770520627499,0.0037830569464303793,0.6697948293013869,0.05054552730706927,0.09447171350134105,0.6697948293013869
0.7111797146499157,0.05293196998536587,0.0037827797931678626,0.6680447082055591,0.05174647670689797,0.09480082215787738,0.6680447082055591
0.7113426104187965,0.0328156678006053,0.003778837954181538,0.6650746421958135,0.05381025121570539,0.09476215024953956,0.6650746421958135
0.7102455515414476,0.15277245175093412,0.003777826464967517,0.6821280654678665,0.045734033556071335,0.09040269429016641,0.6821280654678665
0.7092283656820655,0.024976887740194798,0.0037722495114906997,0.679682273593735,0.04901269337260996,0.10396205520854997,0.679682273593735
0.7094742339104414,0.06505556870251894,0.0037714552038700154,0.6817395182898686,0.04601756420419666,0.10161169615943863,0.6817395182898686
0.7110508028417826,0.09272382780909538,0.0037672687294837727,0.6729481279173288,0.048329502581246596,0.08988233109584735,0.6729481279173288
0.7114169197157025,0.029453345574438572,0.0037597279359810904,0.6641552275068661,0.054206831311882135,0.09442006832610172,0.6641552275068661
0.7115561915561557,0.005846396088600159,0.003750812837981245,0.6613308335536905,0.05640103279624908,0.09376416499621693,0.6613308335536905
0.7113233590498567,0.10428815428167582,0.0037431588186806588,0.6733483773078573,0.04754257845430383,0.08144710343593675,0.6733483773078573
0.7112444061785936,0.060275488533079624,0.0037410913168802653,0.668007528305602,0.0511887429384444,0.09400634466846411,0.668007528305602
0.7122880155220628,0.11848821584135294,0.003740321555779141,0.6711353851321625,0.04418678786756861,0.06890249806086611,0.6711353851321625
0.7099502850323915,0.15594699699431658,0.0037399446486400915,0.6840009306553412,0.04502673287153585,0.09259723392092133,0.6840009306553412
0.7106298264116049,0.15188326686620712,0.0037398975409704406,0.6791215705256577,0.0466502879966371,0.08833930389467834,0.6791215705256577
0.7114291610196233,0.10668056644499302,0.0037390975763607398,0.6733078936666685,0.04728877914554828,0.07882203425845384,0.6733078936666685
0.7116494840011001,0.11047026515007019,0.003739091024019251,0.6730437196566953,0.046707669608659914,0.07438718596356031,0.6730437196566953
0.7103157630190253,0.15992371831089258,0.0037361814078890588,0.6810056386408283,0.04639116201699823,0.09198199062902582,0.6810056386408283
0.7115188995376229,0.025261590257287025,0.0037310156444943553,0.662923694857156,0.054693879650388445,0.09389970785659335,0.662923694857156
0.7113072779029608,0.12878230586647987,0.003726314789744072,0.6805357001063959,0.04316126294488421,0.0730792146782431,0.6805357001063959
0.7112159710377455,0.07163757923990488,0.0037259899063206937,0.6691503285489376,0.05020003451739104,0.09325468219368956,0.6691503285489376
0.7098795613273978,0.15626519080251455,0.003725365166279084,0.6844669108919007,0.04480655470004176,0.09295254750698206,0.6844669108919007
0.7101518074050546,0.16433758847415447,0.0037207501101217733,0.6820596391441722,0.046200058590521176,0.09332127959095673,0.6820596391441722
0.711486678570509,0.037526220083236694,0.00370911951885654,0.6640583234014034,0.05352054409645091,0.09384650740506956,0.6640583234014034
0.7092566601932049,0.04460131749510765,0.003706308075411258,0.6811422112467418,0.04709489761497892,0.10343887155576736,0.6811422112467418
0.7093722466379404,0.06779011152684689,0.0037022041989902,0.6825210142690384,0.04535369415986164,0.10171705871041387,0.6825210142690384
0.7095422707498074,0.144758315756917,0.003692600817110734,0.6882653766100502,0.042619085054309155,0.08927801707973987,0.6882653766100502
0.7106658173725009,0.16035513766109943,0.0036853754635724073,0.6781092527415588,0.04727222260941259,0.0904852352255871,0.6781092527415588
0.7119638537988067,0.11218235455453396,0.003682613492425191,0.6708417005598614,0.04637386606906525,0.07145517705426603,0.6708417005598614
0.7099926425144076,0.1761881299316883,0.003673978285894749,0.6829410852714549,0.04651012027875234,0.09460543346703541,0.6829410852714549
0.7090061204507947,0.005558955483138561,0.0036730530354458523,0.6790792125098584,0.05013832610224263,0.10450295705702262,0.6790792125098584
0.7117200689390302,0.01412795390933752,0.0036728099690930397,0.6603244928465334,0.05581495300226168,0.09274631248471979,0.6603244928465334
0.7114454973489046,0.12906137760728598,0.0036680752581086267,0.6790085815034206,0.04337010098210074,0.07233029079130696,0.6790085815034206
0.7104587713256478,0.17977366596460342,0.0036560902932303847,0.6793074376716287,0.04807851669514828,0.09271662328030547,0.6793074376716287
0.7111421097069979,0.14498186204582453,0.003654708067564038,0.6756912465318596,0.04697141692449791,0.08237427925356888,0.6756912465318596
0.710024899803102,0.18802330270409584,0.0036540640566606743,0.6825555685750042,0.04750993739182799,0.09439640697172773,0.6825555685750042
0.7113751359283924,0.08347286563366652,0.003652792985549087,0.6687282282072486,0.04946321872583741,0.09076015967493482,0.6687282282072486
0.7103548841550946,0.18738458584994078,0.0036518528954393808,0.6800487952585073,0.04839058489181876,0.09308369504032304,0.6800487952585073
0.7093502730131149,0.0871904008090496,0.0036457334657543617,0.6845602360379466,0.04363794881983885,0.09906589071915417,0.6845602360379466
0.7091385442763567,0.037234785966575146,0.003645273325418783,0.6810695954678185,0.047365487101379174,0.10401215359866293,0.6810695954678185
0.7094420716166496,0.1443354794755578,0.0036442316699271757,0.6889508383944474,0.04215777607621411,0.08934315962283215,0.6889508383944474
0.7097366861999035,0.35385065991431475,0.0036406326663981046,0.6761790418471674,0.0610675162123896,0.09020957513371243,0.6761790418471674
0.7097205994650722,0.37818458676338196,0.0036391317273843544,0.674132234226391,0.06273184653069439,0.08966999594620545,0.674132234226391
0.7096556099131703,0.38358220364898443,0.0036370959462181567,0.6740488965953313,0.06293896620515108,0.08971200478307971,0.6740488965953313
0.7097077956423163,0.3422229066491127,0.0036354293955782437,0.6773285886704494,0.0601221703884906,0.09058505314915878,0.6773285886704494
0.7095355167984962,0.37304093688726425,0.0036347216589798824,0.6757687187472662,0.06195434559336215,0.09024406698124858,0.6757687187472662
0.709633769467473,0.34556871838867664,0.0036336198056815174,0.6775311830089835,0.060196375922845526,0.09069128511564055,0.6775311830089835
0.7097879806533456,0.3338803267106414,0.003632054774662142,0.6774606522493107,0.059667018394431226,0.090585254384139,0.6774606522493107
0.7091168127954006,0.12929171696305275,0.003630975610067228,0.6969791789111899,0.03718277531139262,0.0821373016746637,0.6969791789111899
0.7102261809632182,0.2100850949063897,0.003628251232198419,0.6807121351542916,0.049942977226570665,0.09292828844949709,0.6807121351542916
0.7099587973207235,0.3656822210177779,0.0036267343784248296,0.6736419982527814,0.06240539214771045,0.08929998249877114,0.6736419982527814
0.7095554387196898,0.39542937744408846,0.003626705636788283,0.673542505517106,0.06345907791229354,0.08968922510118134,0.673542505517106
0.7101231040433049,0.21549838595092297,0.0036247324214956854,0.6813764032991984,0.05013709791457698,0.09314102700833343,0.6813764032991984
0.7098729563876987,0.32204456347972155,0.003623954164563062,0.6777784105492232,0.05892394211227292,0.09065902749445294,0.6777784105492232
0.7099992474541068,0.34148929826915264,0.0036232045008167814,0.6753943142163962,0.06074312527173894,0.08976403683276811,0.6753943142163962
0.7094335369765759,0.3691762937232852,0.003622611803776271,0.6767234169106822,0.061434169625200076,0.09056651434143857,0.6767234169106822
0.7104484820738435,0.19825067650526762,0.003622513069756911,0.6791513918227784,0.04949934473629686,0.09240592443604838,0.6791513918227784
0.7097813533619046,0.18372080940753222,0.0036207268417970855,0.6843031788533908,0.0463754516843841,0.09536516682777128,0.6843031788533908
0.7099080262705684,0.20788759645074606,0.003618437612097182,0.6830981745372587,0.048831192005134444,0.09420447392263158,0.6830981745372587
0.7094133971258998,0.393662815913558,0.0036161590133624425,0.6745595611789496,0.06301810436651167,0.09003832093255551,0.6745595611789496
0.7101940661668777,0.22177483513951302,0.003616075798206969,0.6806784630926113,0.050886294433901746,0.09265224988850886,0.6806784630926113
0.7099013989791274,0.30971353966742754,0.003615530010025011,0.6784587223961944,0.05797218573421224,0.0909175492417486,0.6784587223961944
0.710784156806767,0.17162783164530993,0.00361493422076581,0.6766883348805071,0.04822713044938364,0.0910808372771058,0.6766883348805071
0.7100737858563662,0.3458107151091099,0.0036140119824089744,0.6745038944148835,0.06122667852115462,0.08942480873432952,0.6745038944148835
0.7097164196893573,0.17936076410114765,0.0036101299229102345,0.6847850128730439,0.04581054909749322,0.0956243583362381,0.6847850128730439
0.7102740984410048,0.22712669800966978,0.0036045147011552208,0.6799038815856187,0.0515694643089532,0.09216040784938796,0.6799038815856187
0.7116305883973837,0.056945616379380226,0.0036043750622684508,0.6640931985322258,0.05186490448387383,0.09211907023016484,0.6640931985322258
0.7115153819322586,0.08062268793582916,0.0036040351301836427,0.6670975384992021,0.04981304043312479,0.09050981827350418,0.6670975384992021
0.7105485619977117,0.20015361160039902,0.003603098206523411,0.6782952049322898,0.04988899060118851,0.09191808766675638,0.6782952049322898
0.7118812194094062,0.017903258092701435,0.0036025376232134347,0.6589744917294341,0.05558035071485344,0.09186350325005271,0.6589744917294341
0.709260773845017,0.10056725703179836,0.0036019402353428785,0.68752846144326,0.04204520187804879,0.09376411946512697,0.68752846144326
0.710031527094543,0.2903322260826826,0.003600164212671633,0.6787909078809403,0.056629838286583425,0.09106217477382489,0.6787909078809403
0.7100538732483983,0.38577731791883707,0.003599523047058364,0.6711253005335768,0.06391255901753982,0.08857389739206467,0.6711253005335768
0.7101128622889519,0.3732853215187788,0.003599015368512699,0.6718482615915755,0.06322765415309192,0.08866409654915261,0.6718482615915755
0.7097488576546311,0.19605555851012468,0.0035975841135075476,0.6843703041477134,0.047280486454132464,0.09516830024763874,0.6843703041477134
0.7098890282213688,0.4070550948381424,0.0035975545475841284,0.6702176089803961,0.06484797054391139,0.08860885261785195,0.6702176089803961
0.7099890056997538,0.24924571625888348,0.0035975540821203723,0.6812351711564805,0.052822857680284774,0.09248745702011937,0.6812351711564805
0.7101451801136136,0.314017940312624,0.003597241264478678,0.6763939835767154,0.05889790851445196,0.09001273571071225,0.6763939835767154
0.7101164991036057,0.302179042249918,0.0035970840525982374,0.677414032221041,0.05784867750800005,0.09043575597047974,0.677414032221041
0.7094809506088495,0.41732828225940466,0.003596698649592133,0.6717955242094888,0.0645590809343903,0.08939919386300497,0.6717955242094888
0.70998047105968,0.27245979383587837,0.00359640069988616,0.6801824694678139,0.05491465124281497,0.09177448538252181,0.6801824694678139
0.709860784932971,0.2298091473057866,0.0035960534518450784,0.6828647820101171,0.05066571511841784,0.09358669393959947,0.6828647820101171
0.7098302394151688,0.27998478431254625,0.003594915813893254,0.6808188790632382,0.05519219769893771,0.09202544807992388,0.6808188790632382
0.7092674011364579,0.3898884914815426,0.0035932029286674405,0.6757385758619259,0.06242019630440423,0.09040902480104931,0.6757385758619259
0.7105724280700088,0.20394760556519032,0.003592715427282531,0.6780329698627618,0.05025937540088076,0.09169494523445665,0.6780329698627618
0.7099408144131303,0.4056411925703287,0.0035926385322460463,0.669999432058547,0.06486940912822801,0.08849403373577679,0.669999432058547
0.7098693195730448,0.2525286888703704,0.003590108995877229,0.6819376547333448,0.052789430605622856,0.09278452317692973,0.6819376547333448
0.7097554625943303,0.2822541957721114,0.003590068779090107,0.6811919522908503,0.05519104770544199,0.09218264734310755,0.6811919522908503
0.7095925593748689,0.30340045876801014,0.0035887713421434713,0.6809252481772168,0.056618156022323465,0.09198992092902038,0.6809252481772168
0.7098387517035007,0.24164443369954824,0.003588443106851696,0.6825977565758636,0.05169261191547394,0.09325148301964871,0.6825977565758636
0.7095027761533856,0.3147472608834505,0.003586513778115622,0.6806945155787995,0.057349183840629536,0.09187974032925612,0.6806945155787995
0.7093807589262724,0.41863707825541496,0.0035862440642936712,0.6722445672133363,0.0644044738797036,0.08957850685917251,0.6722445672133363
0.7102025784552097,0.26060877554118633,0.0035855328081372145,0.6791346296897269,0.05440703044964805,0.0913609230577244,0.6791346296897269
0.7102673444896936,0.2513048807159066,0.0035832399699481255,0.6790582360974802,0.053725699879115865,0.09140809117687909,0.6790582360974802
0.7102348422631621,0.3114222837612033,0.003582382903849614,0.6758934114740006,0.05887903822109927,0.08977653849992197,0.6758934114740006
0.710358876734972,0.2389576891437173,0.003581782544213597,0.6788322927251547,0.0528332197375794,0.09144218342659531,0.6788322927251547
0.7108671059831977,0.17540552373975515,0.0035815871196275386,0.6758802685073397,0.04863559011875923,0.09081649816897934,0.6758802685073397
0.7092809248715639,0.1405567480251193,0.003581277774911626,0.690878736748452,0.040954643347454384,0.08730961070975925,0.690878736748452
0.7092894371598959,0.3497769245877862,0.003580177931391596,0.6792103952207377,0.05962076813221933,0.09136343931728634,0.6792103952207377
0.7096143988892436,0.29155030101537704,0.0035790172192835725,0.6815481864717161,0.05562979206107028,0.09229571596983854,0.6815481864717161
0.7100910311564803,0.3976268796250224,0.003578249939964366,0.6697155634792284,0.06469428463171041,0.08821943746285332,0.6697155634792284
0.7115983311086893,0.07682974077761173,0.0035780051136107393,0.6659463993661677,0.05017296242466677,0.0906050699926415,0.6659463993661677
0.7102388348430395,0.3649505088105798,0.0035776333994165872,0.6716437297556473,0.06290990578780069,0.08844916455762183,0.6716437297556473
0.7093417383730412,0.42241488955914974,0.0035756413156735655,0.6720723470113805,0.06451841179568825,0.08957896092835074,0.6720723470113805
0.7093216134235263,0.3374959034845233,0.003574209954872668,0.6800308421049296,0.05873755025039509,0.09163510315050107,0.6800308421049296
0.7096878588199615,0.42917894292622805,0.0035738739339627196,0.6692684181471263,0.06561128367194059,0.08870146887866907,0.6692684181471263
0.711795749142766,0.04482391383498907,0.003570087637044543,0.6615852896012347,0.05306069122585082,0.09185008975566017,0.6615852896012347
0.7117718830704689,0.04860264528542757,0.0035700811784798348,0.6620945437687896,0.05270072247010979,0.09180196737677086,0.6620945437687896
0.7119961781427264,0.006089827045798302,0.003569102632081933,0.6570976783870337,0.05660503587715522,0.09128299004166128,0.6570976783870337
0.7096661310642958,0.2707491386681795,0.003568924409570735,0.6824103006308049,0.053883695425339134,0.09281523598194814,0.6824103006308049
0.7103243870660663,0.3222922785207629,0.0035660824607211842,0.6744219331894611,0.059936900626484775,0.08917960211748077,0.6744219331894611
0.71167828515172,0.06753306556493044,0.003564071828069213,0.6644150954196154,0.0509831234224559,0.09111324253939262,0.6644150954196154
0.7096230601891875,0.1907114703208208,0.0035635784707833806,0.6852474970175391,0.04638395410729155,0.09574437517452329,0.6852474970175391
0.7103462228551507,0.3341227928176522,0.0035610560449072775,0.673358405363469,0.06089526896107941,0.08880781809430702,0.673358405363469
0.710501030087471,0.23757355101406574,0.003559203472640144,0.6777260733220238,0.053030142167106505,0.09091322214442521,0.6777260733220238
0.7103655934333801,0.2787652714177966,0.003557003924943968,0.6769152695248192,0.056388780327797185,0.09021280135037563,0.6769152695248192
0.7093587080016732,0.3180931070819497,0.0035565660041482206,0.6812919899801483,0.057226289779380705,0.09211675639755909,0.6812919899801483
0.7096593771129847,0.24705011397600174,0.003556182125880499,0.6835699899005886,0.051649113465202234,0.09363249312031122,0.6835699899005886
0.7091264044865966,0.3796004382893443,0.003555175310888165,0.6774403158408313,0.06136840773190639,0.09089398910475202,0.6774403158408313
0.7094523133710027,0.2981937536969781,0.0035520702983378198,0.6821141068244212,0.055754288490911456,0.09250782955016466,0.6821141068244212
0.7098059784621,0.43451584316790104,0.0035510409266908006,0.6679188224023277,0.06609925978593723,0.08831100028778745,0.6679188224023277
0.7091045053675771,0.39901470486074686,0.003549007041786627,0.6757003083720058,0.06258872013378029,0.09047701542189553,0.6757003083720058
0.7095980904996395,0.44101393688470125,0.0035485150992285715,0.6685596110621558,0.06599067550709942,0.08869603090754247,0.6685596110621558
0.7110681077465415,0.1677447957918048,0.0035475639849935057,0.6742262163880497,0.04845814658254431,0.08948701506830754,0.6742262163880497
0.7094941148534417,0.16751451045274734,0.003547457625860918,0.6863848725159666,0.04410971425856323,0.09599847755689138,0.6863848725159666
0.7090958440676332,0.11066711228340864,0.0035456791604869596,0.6924447052380083,0.039504505996058155,0.08619304495745982,0.6924447052380083
0.7112320372834802,0.15654893592000008,0.0035442485145734735,0.6732442526706176,0.04798007592365216,0.08689575911245963,0.6732442526706176
0.710398193448782,0.3531156135722995,0.0035432562266500423,0.6714133535101979,0.06238017749828532,0.08818094687664906,0.6714133535101979
0.7104398580268025,0.2839653203263879,0.003540720235192288,0.676020077751961,0.05699432064586941,0.08978448440818089,0.676020077751961
0.7091350285336375,0.10687276069074869,0.0035395024650112243,0.690353724004861,0.04054224678249605,0.08935484207871036,0.690353724004861
0.7121250005438924,0.10838836058974266,0.003539018710659964,0.667096844373808,0.04720440046323992,0.0733927523661526,0.667096844373808
0.7100210636854172,0.4264922020956874,0.003537567756049919,0.6672826917807785,0.06611034628140053,0.08787505527499712,0.6672826917807785
0.7095839353278279,0.2181832119822502,0.0035356699465603496,0.685011468271394,0.04869602608999001,0.09489646487860301,0.685011468271394
0.7107516312971711,0.21422081906348467,0.003535581337028354,0.6762881195539954,0.05149846965733485,0.09058041886138782,0.6762881195539954
0.7104521440342069,0.3299079108983278,0.0035344374452121467,0.6728331637143212,0.06077021960389633,0.08853591564860146,0.6728331637143212
0.7101651076227427,0.41464582923799753,0.0035325124659019865,0.6674621456397256,0.06576249772782981,0.08766975512189543,0.6674621456397256
0.7102549159899354,0.40295636281371117,0.0035318402883623813,0.6679621421592254,0.06528405513334565,0.087613015916906,0.6679621421592254
0.7091100588440895,0.3570594172924757,0.003531486986474366,0.6795283225143265,0.059684886262562215,0.09149272415527687,0.6795283225143265
0.7091775629669428,0.43264222983270884,0.003530303861640581,0.6718786888228648,0.06466763505888261,0.0896676666100201,0.6718786888228648
0.7108955411240458,0.19481668528169394,0.0035288578167501227,0.6753581461820866,0.050139672628798156,0.09051694955630558,0.6753581461820866
0.7112833522260189,0.15623938851058483,0.0035286211300460256,0.6727797256710687,0.04801890454277806,0.08655429406790702,0.6727797256710687
0.710662180557847,0.23378298431634903,0.003528290327461386,0.6765007204030851,0.05302747411309368,0.09035733807516619,0.6765007204030851
0.7128020701929927,0.11441335547715425,0.0035273808924638278,0.6631064158345267,0.045144861054370405,0.06606704209688345,0.6631064158345267
0.710509542375803,0.2758924439549446,0.0035271703855605345,0.6759028186191658,0.056435891610817315,0.08974302146376206,0.6759028186191658
0.7090862412005663,0.36084863916039467,0.0035270043792381693,0.6793193248783925,0.059905682924283006,0.09143076143550759,0.6793193248783925
0.7097775209695101,0.4453821126371622,0.0035243615550829104,0.666921082277931,0.066535097918195,0.08819225921118555,0.666921082277931
0.7109410995617509,0.19044673535972834,0.0035239325755464235,0.6750044372325076,0.04986936506428034,0.09040900120394604,0.6750044372325076
0.7092481479048729,0.4418258722871542,0.0035238410573368868,0.6705104119840039,0.06527652580136875,0.08937880184572039,0.6705104119840039
0.7091958122327924,0.3301527686417103,0.003523216817731646,0.6812751219532198,0.05777461801833844,0.09209303577420382,0.6812751219532198
0.7104161707684398,0.3754964228719473,0.003522960844348834,0.6693127922122837,0.06391211352253875,0.08763455062326901,0.6693127922122837
0.7110308753326535,0.17959593329578638,0.0035218965273269374,0.6743279466469677,0.04919929205214915,0.09009500244418721,0.6743279466469677
0.7118526725098491,0.10030645597726107,0.0035218420012359027,0.6668758412466462,0.04835780815279137,0.08144438616389466,0.6668758412466462
0.709506768733263,0.2589033618569374,0.0035205602959028737,0.6839923826589391,0.05228429932482581,0.09366004095551368,0.6839923826589391
0.7091708462685347,0.08082352858036757,0.003517886590425095,0.6847288672884282,0.0433492735017941,0.10083164734970704,0.6847288672884282
0.7105419570580125,0.28631934709846973,0.0035156986159024283,0.6750417212405297,0.05739686980897979,0.08932721851958998,0.6750417212405297
0.7090182602405548,0.4132238207384944,0.0035138626655235993,0.6747003177103335,0.06322630742200454,0.09029237960105183,0.6747003177103335
0.7107881493866444,0.22357120271772146,0.003510746546975024,0.6757258630884366,0.05237287994197763,0.09012640175671283,0.6757258630884366
0.7089642705395818,0.11725803557783365,0.0035095551530413783,0.6975155689188887,0.036391920569304986,0.0832176471642822,0.6975155689188887
0.7095134854316711,0.21957399137318134,0.0035094206372662503,0.6854062768359575,0.048579400007079936,0.0950528133457885,0.6854062768359575
0.7088706651702523,0.012641825713217258,0.0035081088717915554,0.6801838896123974,0.048837188682265074,0.10466592374124489,0.6801838896123974
0.7103063948452473,0.40925594232976437,0.0035063784637429673,0.6669349838471088,0.06571087110313248,0.08733230179094327,0.6669349838471088
0.7120962152257562,0.025508355349302292,0.003505732522467187,0.6572707515058304,0.054958031503079666,0.09067274522226182,0.6572707515058304
0.7106536459177732,0.2564743924885988,0.0035039079320500544,0.6756636358011427,0.05501436451788228,0.08971913713588578,0.6756636358011427
0.7100497595965862,0.4378427295014262,0.003502162618443797,0.665858161438711,0.06668995959170594,0.08759438735291991,0.665858161438711
0.7105790553614497,0.30573397129774094,0.0035017916139734304,0.6735109081722416,0.05908583554317704,0.08867030595818443,0.6735109081722416
0.7105383202433586,0.35778825730085373,0.003499474485076229,0.6698813527442455,0.06293947295225333,0.08758725452617651,0.6698813527442455
0.7089576655998826,0.39242378156632185,0.0034983539521082694,0.6770399098968413,0.06178214201976376,0.09083159293857238,0.6770399098968413
0.7121612271293998,0.0171729801222682,0.003497521736302241,0.656124929774926,0.05569964765448896,0.09027616003630864,0.656124929774926
0.7119220700114965,0.05620962008833885,0.0034973679098997397,0.6611444394463487,0.05206854066079161,0.09054802817538368,0.6611444394463487
0.7094009667634964,0.2645678324624896,0.003489755175678841,0.6843385781462143,0.0524799909293278,0.09374029518493131,0.6843385781462143
0.708973741158843,0.36792963556945324,0.0034891341728190066,0.679230622221905,0.060118375380140456,0.09141046814868267,0.679230622221905
0.7132578128948808,0.11707717180252075,0.0034886813760413903,0.6593814012401394,0.04345069201927601,0.06379455041278538,0.6593814012401394
0.7094703186303377,0.4612301252782345,0.00348822022129301,0.6670754591439028,0.06658541091817602,0.08862208168871953,0.6670754591439028
0.7090537026524544,0.0566495293751359,0.003488205084667511,0.6830890001879513,0.045014473264163905,0.10333837609036357,0.6830890001879513
0.7105200653895736,0.38228241074830294,0.0034832954613481073,0.6678487161610779,0.0644990384423569,0.08714291947383655,0.6678487161610779
0.7094457084313035,0.2115336013957858,0.0034809013722754407,0.6859962597712023,0.04758728216144079,0.0955501290457816,0.6859962597712023
0.7091452982276678,0.45302235428243876,0.003477242100017399,0.6698130860976138,0.06554770336039342,0.08934359006310141,0.6698130860976138
0.7089209593832493,0.4203066909685731,0.003473252245380058,0.6744236523746462,0.06338333553734334,0.0902656282824737,0.6744236523746462
0.7108254414051771,0.24297113437205553,0.0034711164288458037,0.6747379921506114,0.05413586548874728,0.0893843853046626,0.6747379921506114
0.7092320388182998,0.2944145454093814,0.0034700768874088516,0.6835815224906419,0.05473735690351716,0.09312519729121481,0.6835815224906419
0.7106213141232729,0.36158272810280323,0.0034696700405694235,0.6688657632125651,0.06332486198889484,0.08720994754872796,0.6688657632125651
0.7106724223122001,0.3261178210377693,0.0034691761654202023,0.6712843902335877,0.06085469261714188,0.08781350072833011,0.6712843902335877
0.7118853311985731,0.08693633880466223,0.0034683546235334695,0.6640959038099872,0.04951004676849759,0.08717384766328687,0.6640959038099872
0.7121291123330593,0.03679547272622585,0.0034670703179937356,0.657662709638879,0.05389645483368346,0.09029092121640035,0.657662709638879
0.7099215611815453,0.45721641182899475,0.0034659449682925775,0.6646124961805967,0.06727742388236231,0.08762323728117948,0.6646124961805967
0.7093520807102323,0.1684561474248767,0.0034653431180360363,0.6871719120874986,0.043594263515037805,0.09648213968179514,0.6871719120874986
0.7094094790518284,0.2257658401504159,0.0034653389645940857,0.68584579501502,0.048792726114743924,0.09511077854162896,0.68584579501502
0.7095743324607611,0.46848913934081793,0.003462168374044168,0.6656051031845516,0.06706338378321455,0.08828296823983471,0.6656051031845516
0.7095230920240283,0.46878420282155275,0.00346214933594525,0.6658860313829124,0.06697421778887196,0.08838821515159695,0.6658860313829124
0.7093179766088724,0.2683426598086953,0.0034613994999677365,0.6846131799189935,0.05256713072689106,0.09381041017239126,0.6846131799189935
0.7107948660850525,0.26285622734576464,0.0034578608724423693,0.6741361238268402,0.05582642098757485,0.08895170340349615,0.6741361238268402
0.7117324974387884,0.14404690451920033,0.003456191631427396,0.6701196582541742,0.047336664385533814,0.07871342903568825,0.6701196582541742
0.7107430072501302,0.29941279347985983,0.0034533139518396912,0.6725252247590879,0.05884707300978299,0.08819383280686725,0.6725252247590879
0.7118306420743465,0.1402730569243431,0.0034524246746853436,0.670140648272118,0.04681457265150776,0.07559818461935855,0.670140648272118
0.7088335705921054,0.016431081108748913,0.00345023423676469,0.6806088614101518,0.04828665500935951,0.1047549422567139,0.6806088614101518
0.710818687453866,0.26663439627736807,0.003447188750358493,0.6737392130157847,0.056194666284230255,0.08874820440097028,0.6737392130157847
0.7090346207842231,0.32635934464633465,0.0034471602196128903,0.6823604395215475,0.05697087576876978,0.0924824925688037,0.6823604395215475
0.7129489695653319,0.1214905371889472,0.0034470544568970495,0.6645209200350835,0.04240900405384332,0.06614428745621924,0.6645209200350835
0.7090469859540462,0.4568162290379405,0.0034445869333803183,0.6698808576223866,0.06548471477089914,0.0894173653315278,0.6698808576223866
0.7116677388548851,0.14847612101584673,0.0034443158772396753,0.6699064441957087,0.04775616519658803,0.08161121008919132,0.6699064441957087
0.7093282183632255,0.1722314516082406,0.0034422071668977956,0.6872211448388507,0.043768162065955706,0.09672612907293605,0.6872211448388507
0.7107754955068231,0.3188276803120971,0.0034366790254859053,0.6709266644051951,0.06045192812371762,0.08759053353791177,0.6709266644051951
0.7107013426721096,0.36893334705382586,0.0034353526827188147,0.6675464538390422,0.06392358329757086,0.08677005044471547,0.6675464538390422
0.710330156609416,0.4367114417254925,0.003432984361507839,0.6638759863496534,0.06708192959983279,0.08677734780310646,0.6638759863496534
0.7120154295116663,0.07560927793383598,0.0034300402388652783,0.6616554462549302,0.050419545730422614,0.08845596993015392,0.6616554462549302
0.7093848725780845,0.47656201384961605,0.0034299031789774563,0.6657956658638892,0.0669702593734213,0.08853955307536035,0.6657956658638892
0.7124319644644856,0.12367179431021214,0.0034294519446825063,0.6704723759662933,0.04237963809398514,0.06862659393141604,0.6704723759662933
0.7088209223002195,0.42409642320126295,0.003429094310001954,0.6744662737328592,0.06333788186443151,0.0902922035253456,0.6744662737328592
0.7093094419687986,0.24516911339014769,0.0034290644261088087,0.6857268072966827,0.05030398606357421,0.09465022506647508,0.6857268072966827
0.7091671014204621,0.28802523389458656,0.0034275599239753335,0.6843107664771897,0.05393518658872986,0.09346624605980333,0.6843107664771897
0.7106049777939916,0.401701926253736,0.0034248069711723984,0.6652895733433231,0.06574363255897861,0.08648344716639339,0.6652895733433231
0.7123815463855863,0.013395288027822971,0.003424290353289161,0.6536487684930664,0.05598386062345557,0.08900215639675621,0.6536487684930664
0.7090668706223369,0.3074441533535719,0.003420680713462981,0.6835605458679782,0.05540240658157571,0.09301561797189466,0.6835605458679782
0.7111097704619169,0.21932087931782007,0.003418659646464725,0.672919312617509,0.05252064259618443,0.0888070623471311,0.672919312617509
0.7120392918586731,0.0793998446315527,0.003417886225477632,0.6617375397126279,0.05011313624171013,0.08781526253912972,0.6617375397126279
0.7091998048126698,0.27467150799930096,0.003417168525917119,0.6849085665658167,0.05277824518775962,0.09385275196278246,0.6849085665658167
0.712247209623456,0.04506924096494913,0.0034083684765188705,0.65701455199841,0.053102723065172525,0.08931349149891267,0.65701455199841
0.7089450173079967,0.05005860608071089,0.003406749329679104,0.6829665928690305,0.04518784209926778,0.10393485561549362,0.6829665928690305
0.7104684952646494,0.430444254539907,0.003406595802092669,0.6634556743023924,0.06699683254986136,0.0864410637409462,0.6634556743023924
0.7111614821478724,0.2179214609786868,0.0034036323831612143,0.672469677809829,0.052470047860802074,0.0886099032525342,0.672469677809829
0.711026880890131,0.24679211806505919,0.003401542062078554,0.6727634982928515,0.05478771113037191,0.08839760689428026,0.6727634982928515
0.7109042024239898,0.29563882667571306,0.0034003925403643413,0.6713413132108115,0.058783991292657295,0.08763994597134032,0.6713413132108115
0.7089535519480705,0.4634071523323655,0.003400206139490507,0.6695800564429747,0.06554013563749507,0.08941984069252018,0.6695800564429747
0.7087506232783198,0.3886308604851365,0.003399257572952278,0.6782836225978929,0.06096184336943819,0.09113896511266556,0.6782836225978929
0.7107233731076121,0.39146673679351807,0.003398880304594878,0.6652854679728474,0.06532655306723552,0.08625705219184834,0.6652854679728474
0.7121067363768816,0.13272228930145502,0.0033973474257941927,0.6702335451700736,0.04481018880647942,0.06946059924481156,0.6702335451700736
0.7108757300302386,0.33822808880358934,0.0033928474980845723,0.6685938964168561,0.06205383444256584,0.0867619761189692,0.6685938964168561
0.7090250141918659,0.0770333195105195,0.0033921875005785977,0.6850080291453335,0.04298926491535646,0.10172277317325654,0.6850080291453335
0.7101328130811453,0.4653145903721452,0.003391052418441731,0.6621671476117186,0.06791534968370326,0.08691071981625823,0.6621671476117186
0.7098472462967038,0.47999526001513004,0.0033902002201112646,0.6624720815545515,0.06794093623033413,0.0874573886500965,0.6624720815545515
0.7113931281492114,0.18400920741260052,0.0033891831772199293,0.6708279028516709,0.04996603550024174,0.08833874539942997,0.6708279028516709
0.7087924052029848,0.44399193208664656,0.003388878420487548,0.6724620724750203,0.06429297916519518,0.08992995057901791,0.6724620724750203
0.7115819798782468,0.16379340644925833,0.0033882793117951926,0.6694137517338031,0.048740397364854644,0.08651838868413837,0.6694137517338031
0.7109478237107396,0.29175400268286467,0.003386918050386859,0.6711878070799119,0.05852557974727007,0.08755738061889709,0.6711878070799119
0.7102127745747566,0.4608782883733511,0.003386754625508799,0.6620807603288903,0.06787703165252845,0.08674644284654812,0.6620807603288903
0.7112645776942372,0.20769444480538368,0.003386658553039401,0.6717175183680228,0.05173075577411156,0.08842801551541624,0.6717175183680228
0.7122507272288203,0.0990840820595622,0.003384957598202355,0.6624257016330252,0.0484199042595663,0.07999833892120774,0.6624257016330252
0.7092197043821216,0.4847049294039607,0.0033826814136135638,0.6657511096992598,0.06689603003540802,0.08869990918084128,0.6657511096992598
0.7125216731801629,0.010011056438088417,0.0033797928572833792,0.6519926081991001,0.056208244433115125,0.08821121346663727,0.6519926081991001
0.7110182493925095,0.2709461012855172,0.003376699801337743,0.671719943002211,0.05686893886891695,0.087789743026549,0.671719943002211
0.7106906622648239,0.41102917958050966,0.0033747685001471483,0.6636410941761817,0.06634707217320669,0.0860237382173336,0.6636410941761817
0.7087180018424988,0.4314470700919628,0.003374187521324929,0.6741139747537989,0.06346998095747522,0.09023001648614012,0.6741139747537989
0.7123301550745964,0.0488436846062541,0.0033739650128957964,0.656412480415936,0.05272715997074772,0.08867154193149202,0.656412480415936
0.7109081950038671,0.3495296901091933,0.0033737192295799916,0.6674005834964487,0.06289787246628693,0.0863974470485658,0.6674005834964487
0.711364678107202,0.19585966877639294,0.003373534353697969,0.6709467654446982,0.05086179208271017,0.08827457449842198,0.6709467654446982
0.7111897766590118,0.2296092640608549,0.003372793545479129,0.6718678530478719,0.05351156420040275,0.08814406265533471,0.6718678530478719
0.7104196865111589,0.44904636964201927,0.0033660109141225186,0.661816616388383,0.06772016190548105,0.08629750159829207,0.661816616388383
0.7125437064096332,0.021861597895622253,0.003364427805222786,0.6524204879855913,0.055200238660949384,0.08814415542025238,0.6524204879855913
0.7092386661097407,0.192134709097445,0.0033636196733958074,0.6874481623392893,0.045016614330740924,0.0968028221154935,0.6874481623392893
0.7092065215110779,0.23488824442029,0.0033626569014632702,0.6866606197565295,0.04893025231949061,0.09527014663965958,0.6866606197565295
0.7089029802009463,0.31977035477757454,0.0033602213723835815,0.6834423887541091,0.05598477828292063,0.092873983099999,0.6834423887541091
0.7122187446802855,0.08864269498735666,0.0033595025303693573,0.6608594081106127,0.049340839217932746,0.08485442909710515,0.6608594081106127
0.7090147444978356,0.48091424349695444,0.003358932449203766,0.6672533792410844,0.06632822165011514,0.08905521934833016,0.6672533792410844
0.7114971419796348,0.18321133870631456,0.00335441097977789,0.6698162370307134,0.049996128142556405,0.08783361610357313,0.6698162370307134
0.7111184243112803,0.25909544061869383,0.0033535294364373824,0.6713761602896033,0.0559822963990569,0.08766514029108802,0.6713761602896033
0.7088048318400979,0.3391850721091032,0.0033496079805232014,0.6823782475902695,0.0573528799806645,0.09240372577961592,0.6823782475902695
0.7101843608543277,0.4724427340552211,0.0033492276696305144,0.6609529567096359,0.06823022908576254,0.08665292267770106,0.6609529567096359
0.708768617361784,0.3485116697847843,0.003348893011993172,0.6817688834276868,0.05801225091885458,0.09217141356992373,0.6817688834276868
0.7086704345420003,0.38134062848985195,0.0033461465610780906,0.6792723364609181,0.06022701136750424,0.09137809872219144,0.6792723364609181
0.710989486426115,0.3452811548486352,0.003344823583170854,0.6670171509336932,0.0627001607836447,0.08617256730504814,0.6670171509336932
0.7098100921139121,0.4918263703584671,0.0033432889078854806,0.6612980829922747,0.0682199849387709,0.08737152701629561,0.6612980829922747
0.7092999564483762,0.49596182629466057,0.0033432166054040134,0.6639490548603356,0.06739236137488713,0.08839051252874679,0.6639490548603356
0.7088640378788114,0.47383137326687574,0.0033396999661249216,0.6687865801073843,0.06573387207959297,0.08933970367882144,0.6687865801073843
0.7090795245021582,0.14871111325919628,0.0033394952184975595,0.6899922202028341,0.04095581950125513,0.09273533969352458,0.6899922202028341
0.7111831791698933,0.25278960540890694,0.003338318087659631,0.6710519864892963,0.05551707584244946,0.08754497268918832,0.6710519864892963
0.7096843430772424,0.49625496473163366,0.003337887042044019,0.6615878251143318,0.06812214132083565,0.08760563815008718,0.6615878251143318
0.7124360762536526,0.052685678005218506,0.003334299453382906,0.6555646106429891,0.0523252233393604,0.08788253150048443,0.6555646106429891
0.7110613835975528,0.3144559422507882,0.003333430274303456,0.6686739895575675,0.06049976415096039,0.08655456400261845,0.6686739895575675
0.7091871509328485,0.18343506567180157,0.003330184313185113,0.6878101930450994,0.04405240694011052,0.09714263181510094,0.6878101930450994
0.7117003304883838,0.16816095262765884,0.0033294779521421485,0.6680693373495132,0.049077667288985126,0.08637754592075574,0.6680693373495132
0.711037621833384,0.3419267041608691,0.003327915107382445,0.6668483668538258,0.06251911496896669,0.0860544530347003,0.6668483668538258
0.7123626507818699,0.0692427633330226,0.003327669662011473,0.6575293444547757,0.05087187825812157,0.08718090062336202,0.6575293444547757
0.7122708670794964,0.13709756545722485,0.0033266951345464323,0.6665747970858428,0.046022843812479904,0.07104815869546419,0.6665747970858428
0.7107553761452436,0.4213247690349817,0.0033258332520592466,0.6620368755357683,0.06693107802847344,0.08562722108963142,0.6620368755357683
0.7089314823970199,0.3003631569445133,0.0033255983120818633,0.6846550793498268,0.054311445199330295,0.093457405979418,0.6846550793498268
0.7114648697897792,0.20260727126151323,0.003325038892021969,0.6698611197285221,0.051507681132729626,0.08761830885093869,0.6698611197285221
0.7109283292666078,0.3876881245523691,0.0033244759864388008,0.6638609113667742,0.06535189322368114,0.08558566556176196,0.6638609113667742
0.7119475081562996,0.1521413279697299,0.0033231037152847394,0.6665272829872727,0.048088180014605415,0.0817973520512242,0.6665272829872727
0.7105618473142385,0.4493633499369025,0.0033157898762619614,0.6606355079957315,0.06791266222409659,0.08583534058689914,0.6606355079957315
0.7109695849940181,0.3833175264298916,0.003314174840779617,0.6639014263383539,0.06514109221331695,0.0855120576650266,0.6639014263383539
0.7085874890908599,0.40074392780661583,0.003312231465590008,0.6777264164141008,0.0613109760988219,0.09096238188278344,0.6777264164141008
0.7125952448695898,0.04083838500082493,0.0033116561942919554,0.6530526024379867,0.05336127143237168,0.08754153601154623,0.6530526024379867
0.7126846956089139,0.029212786816060543,0.0033107681691977014,0.6513486684274276,0.05442918001696822,0.08733260398642913,0.6513486684274276
0.7089822757989168,0.1416301168501377,0.0033097687317666146,0.6919964636921663,0.039707126975194386,0.08880657663291987,0.6919964636921663
0.7091584773734212,0.20235398225486279,0.0033082015040145113,0.6877225358687202,0.04561587275575932,0.09663624394595971,0.6877225358687202
0.7124647498130798,0.06354038417339325,0.0033068618047777266,0.6560271146804445,0.05131776204962502,0.08705974720327035,0.6560271146804445
0.7111547356471419,0.3036011764779687,0.0033029289933928264,0.6685390638408911,0.05975240748979219,0.08641829658189043,0.6685390638408911
0.710287501104176,0.47681833431124687,0.003301395475001756,0.6596546607992397,0.0685100807562272,0.08628301669496426,0.6596546607992397
0.7086282931268215,0.45037373527884483,0.0033011381830700803,0.6724112570523809,0.06418218977066777,0.08992511013706012,0.6724112570523809
0.7086505014449358,0.35880723129957914,0.0032951974485995374,0.6813505147065699,0.058478205668314694,0.0919807172208069,0.6813505147065699
0.7089124470949173,0.06995044928044081,0.0032950810866264556,0.6848174046835115,0.0430844789871703,0.10270331140323397,0.6848174046835115
0.7128305872902274,0.0017519192770123482,0.003292472887937541,0.6481548834010589,0.056778705619116965,0.08675075112008053,0.6481548834010589
0.7127172881737351,0.10257893707603216,0.0032912712501457332,0.6584020557954525,0.04761127416616234,0.07494313687898682,0.6584020557954525
0.7123100515455008,0.140876654535532,0.0032907084149147075,0.6648762737906483,0.04675420285616872,0.07352542715066818,0.6648762737906483
0.7106008641421795,0.45315292943269014,0.0032883177676534337,0.6598908176007812,0.06810242155219137,0.08564989461860398,0.6598908176007812
0.7095493981614709,0.5094791259616613,0.0032827253283886754,0.6608008668435442,0.06819731277792564,0.08770666564664811,0.6608008668435442
0.7127594277262688,0.03354880679398775,0.0032822660278711536,0.6508139200537332,0.05395159225509219,0.08684478027647625,0.6508139200537332
0.7087398460134864,0.32894997391849756,0.0032802427520091477,0.6834281497340642,0.05627164845465569,0.0927749034519263,0.6834281497340642
0.7099641421809793,0.4999187374487519,0.0032774300907875316,0.6592401038536625,0.06866873437446616,0.08685798046014136,0.6592401038536625
0.7113967631012201,0.24143989756703377,0.0032773120186768527,0.6694628346164535,0.054764171235260034,0.08687918943158336,0.6694628346164535
0.7108536846935749,0.4251001924276352,0.003276810039899757,0.6607962790711375,0.06721323453973921,0.08522376464723173,0.6607962790711375
0.7137853978201747,0.1207243762910366,0.0032753771933172484,0.6544235394363137,0.04077163489373769,0.0621503384664701,0.6544235394363137
0.7085910048335791,0.45414901338517666,0.003274661305483522,0.6721305701608842,0.06426097019128814,0.08987423132219509,0.6721305701608842
0.7091019256040454,0.505649009719491,0.003273477292252963,0.6638205680830968,0.06723788590852181,0.08855380940340143,0.6638205680830968
0.7099421760067344,0.5021970653906465,0.00327057112629825,0.6591121016268062,0.06868799629109314,0.08688250845146578,0.6591121016268062
0.7116106981411576,0.20640162285417318,0.0032653879928611147,0.6683407923227987,0.0519329932778128,0.08681642116546079,0.6683407923227987
0.712562957778573,0.09101126529276371,0.003265168715461142,0.6575123907947318,0.04891496112600865,0.08219095582776052,0.6575123907947318
0.7127352710813284,0.12511995621025562,0.0032640022304732106,0.6666326206141125,0.041811187219296796,0.06662902198649666,0.6666326206141125
0.7133999736979604,0.10945219080895185,0.0032638710043333134,0.6535736960692335,0.04523922800644498,0.06575625949227001,0.6535736960692335
0.7126370286568999,0.09619671106338501,0.0032631523366189975,0.6576159369107171,0.048383715950091395,0.07952643166692894,0.6576159369107171
0.7088009174913168,0.046265208162367344,0.0032626499560418154,0.6831659714223137,0.04492320799609261,0.10438423482748471,0.6831659714223137
0.7094186889007688,0.5139305191114545,0.003262121942371368,0.6610316522000411,0.06805230091555702,0.08790342179771028,0.6610316522000411
0.7088401755318046,0.4932507360354066,0.0032615067832040064,0.6665912074699828,0.06632823183655709,0.0890495073237482,0.6665912074699828
0.7084976825863123,0.4120482113212347,0.0032591478637740917,0.6769087899359271,0.06177369558602615,0.09074247903272904,0.6769087899359271
0.7112405793741345,0.3218218516558409,0.003258289058455897,0.6664840868887407,0.061260655991700455,0.08566355252668961,0.6664840868887407
0.7111507412046194,0.3727563573047519,0.0032528571915153627,0.6632155066120947,0.06468366884709242,0.08502072265708685,0.6632155066120947
0.7089929562062025,0.2552558369934559,0.003252659652855867,0.6868844598010969,0.0501510555877541,0.0949389753928005,0.6868844598010969
0.7112730825319886,0.30996772460639477,0.0032523057901045344,0.6670012154292819,0.06038063078266478,0.08578444750991644,0.6670012154292819
0.7129812343046069,0.008344723843038082,0.0032503619677836993,0.647005509586391,0.05601384928702594,0.08563463431784384,0.647005509586391
0.7087077694013715,0.026704203337430954,0.003249139793624276,0.6818135797109268,0.04663545098502083,0.10501379634245757,0.6818135797109268
0.7120336787775159,0.16061981115490198,0.003248457310876892,0.6649295768191393,0.04863786224564911,0.08372615800374775,0.6649295768191393
0.7090755319222808,0.20614368095993996,0.0032469019254590327,0.6880657871434046,0.045629929786016196,0.09667273051427297,0.6880657871434046
0.7119054505601525,0.17193924076855183,0.0032455224476501876,0.6658650398913508,0.049378387571275925,0.08559226750365312,0.6658650398913508
0.7142225233837962,0.11755316890776157,0.0032447169372957856,0.6481750544958159,0.04047888641794087,0.05977110326685604,0.6481750544958159
0.7085656598210335,0.36258548591285944,0.003244395384975098,0.6813202072977746,0.05851779312238062,0.09192661492611058,0.6813202072977746
0.7113561360165477,0.282511118799448,0.003239599518679649,0.6679071195560582,0.05823901987152537,0.0860516259277216,0.6679071195560582
0.709043244831264,0.1640198715031147,0.0032373632548163265,0.6888744908030263,0.04190806862970367,0.09688099189271547,0.6888744908030263
0.7115388046950102,0.23515006061643362,0.0032358076858846683,0.6682905570009022,0.054340706038405864,0.08638875277333101,0.6682905570009022
0.7092728158459067,0.5179499527439475,0.0032346555068157967,0.6613607684578252,0.06785518541130084,0.0881057881200148,0.6613607684578252
0.7086991081014276,0.4869296457618475,0.003233036856297789,0.6679456071855395,0.06580329873626556,0.0892602031833718,0.6679456071855395
0.7126658000051975,0.08469047117978334,0.0032324401991375186,0.655600651730715,0.049334452294452796,0.08341136077283506,0.655600651730715
0.7130642840638757,0.020176668651401997,0.003229727917186681,0.6467377150233261,0.054933041764569916,0.08522575819573883,0.6467377150233261
0.7126171067357063,0.13630827981978655,0.0032290791765062733,0.6630670967342174,0.04546594126067014,0.06876724632801305,0.6630670967342174
0.7115779854357243,0.23135985154658556,0.0032284751168800683,0.668027061717084,0.054041601884803586,0.0863044688174965,0.668027061717084
0.7111289435997605,0.3951676841825247,0.003228055363939348,0.661343425670746,0.06596903102673468,0.08471449499864692,0.661343425670746
0.7127985525876284,0.061005293391644955,0.003223300584743188,0.6522436031059045,0.051269897051268526,0.08539927125958284,0.6522436031059045
0.7114033978432417,0.2802503537386656,0.003223280901534892,0.6675751310585447,0.058093715526037856,0.08589926139414845,0.6675751310585447
0.7118118675425649,0.19233441539108753,0.0032220809874460394,0.6665134794487197,0.05086975489938052,0.08618034203580545,0.6665134794487197
0.7084434209391475,0.4039753368124366,0.003219130412519759,0.6778813733817153,0.0611154461409739,0.0909334824791325,0.6778813733817153
0.7103876760229468,0.48865373991429806,0.0032168754428956066,0.657457901723415,0.06896913973952881,0.08580784376894507,0.657457901723415
0.7132340548560023,0.10523083247244358,0.0032150852754303677,0.6535886258799498,0.0463596825979832,0.07005232082641168,0.6535886258799498
0.7096494538709521,0.5210812203586102,0.003214960905901846,0.6586960907835889,0.068597010039995,0.08731840252593047,0.6586960907835889
0.7140585901215672,0.11311644781380892,0.0032127933015832773,0.6478770421351531,0.0424447970382304,0.06069122694652561,0.6478770421351531
0.7128920461982489,0.05392811167985201,0.0032123775035600346,0.6507324152290401,0.051835785399223226,0.08530500645167631,0.6507324152290401
0.7089589079841971,0.512238010764122,0.003212260475861089,0.6637106941725031,0.06709083176623007,0.08863547624252467,0.6637106941725031
0.7124101240187883,0.1481583183631301,0.0032084024653599268,0.6621516519756259,0.04755411276827863,0.07760598198817248,0.6621516519756259
0.7112767174839973,0.3654508627951145,0.003208034727946809,0.6626825413022818,0.06433567758372921,0.08466686071165468,0.6626825413022818
0.7084852028638124,0.4599431799724698,0.003204938490377078,0.671852646491121,0.06425001902549207,0.08980456842349478,0.671852646491121
0.7113138753920794,0.353616563603282,0.0032044780171920587,0.6633321847210335,0.06359441175958785,0.08473765089585358,0.6633321847210335
0.710886187851429,0.4450032711029053,0.0032039260404998653,0.6583764230302265,0.06808852577665879,0.08480689473916674,0.6583764230302265
0.7087722541764379,0.29657298140227795,0.0032036003825390226,0.685560531083698,0.05341370350139969,0.09378675540654474,0.685560531083698
0.7089862022548914,0.23109529726207256,0.0032031795690625614,0.6878571464993811,0.04770866808981987,0.09586459918481995,0.6878571464993811
0.7110812701284885,0.41707510873675346,0.0032019332073940586,0.6596076904169261,0.06705029819603961,0.08453722646562478,0.6596076904169261
0.7107268888503313,0.4644022826105356,0.003197981798811692,0.6575592906696285,0.06863224194608375,0.08506714203721168,0.6575592906696285
0.713144495151937,0.030403712764382362,0.0031961261788357614,0.6464264483462293,0.05386119603491069,0.08478057362030078,0.6464264483462293
0.7114581232890487,0.28783298190683126,0.003194757453277558,0.6666085932468497,0.05876881711870942,0.08548987456176475,0.6666085932468497
0.7100971797481179,0.5102084428071976,0.003194593327902496,0.6569961729614654,0.06908166048780036,0.0863488063525382,0.6569961729614654
0.7102536847814918,0.5019493540748954,0.003194199905736774,0.6568616508520756,0.06911869386820539,0.08602012820353899,0.6568616508520756
0.7117039654403925,0.22596191056072712,0.0031929737779084477,0.6669243104065665,0.0536536313793775,0.08585479231152678,0.6669243104065665
0.71138462331146,0.33365296199917793,0.0031911489400848923,0.6642375668333435,0.06226245332716842,0.08483581898337919,0.6642375668333435
0.7117898976430297,0.2117381915450096,0.003190923399831401,0.6664111708561627,0.05247543309048404,0.08581742689422178,0.6664111708561627
0.7115693539381027,0.25505231972783804,0.0031906001307243177,0.6671978101169997,0.056085044988766396,0.08575706642911474,0.6671978101169997
0.7083957027643919,0.4082980053499341,0.003187991312229249,0.6775971186104291,0.06125676288434279,0.0908404755196748,0.6775971186104291
0.7104877484962344,0.48787899781018496,0.0031864544221526575,0.6567566831013226,0.06906586638720333,0.0855083869484061,0.6567566831013226
0.7088842038065195,0.261844826862216,0.003186357362274309,0.6870541023328705,0.0504057412340214,0.09487106988867557,0.6870541023328705
0.7128881048411131,0.07285948004573584,0.003186098446411026,0.652117067786676,0.050085405843802853,0.08398012067620834,0.652117067786676
0.7109660673886538,0.4412405248731375,0.0031827754705941918,0.6580870619806863,0.06801137833393925,0.08458355505110089,0.6580870619806863
0.713112261146307,0.04209273960441351,0.003182305920143168,0.6475155347824826,0.052729487847494906,0.08465404774770421,0.6475155347824826
0.7085552019998431,0.4831508807837963,0.003180192995033217,0.66894299342098,0.06533148594389111,0.08939250658139274,0.66894299342098
0.7110594343394041,0.42892088554799557,0.003180097283481414,0.6585748351737363,0.06757400697961581,0.08443516231992397,0.6585748351737363
0.708862230181694,0.26563920453190804,0.00317919141925336,0.6869595199907418,0.050704058455110494,0.09476388812564719,0.6869595199907418
0.7091239402070642,0.5253083556890488,0.0031790624037459224,0.6612272640698507,0.06769781183869637,0.0882275585103834,0.6612272640698507
0.713215159252286,0.03180426359176636,0.0031779027704321645,0.6457310856414922,0.053629438495051716,0.08437760671377367,0.6457310856414922
0.7115474585443735,0.2744707288220525,0.0031732540878330966,0.6664713534790081,0.05772511055160078,0.08540189726066326,0.6664713534790081
0.7084654681384563,0.3640087265521288,0.0031725674538443877,0.6815162306817001,0.058324208308254855,0.09192431061314889,0.6815162306817001
0.7129853460937738,0.0662666754797101,0.003172362431146624,0.6505613134433099,0.05055527582662069,0.08402915571680553,0.6505613134433099
0.7120556524023414,0.1800353629514575,0.0031705393745295497,0.6641411479397048,0.04994570675993604,0.08506992829144769,0.6641411479397048
0.7083736695349216,0.4357697209343314,0.0031701635526595108,0.6748404551288872,0.06279192809688743,0.09026468920227543,0.6748404551288872
0.711331901140511,0.3779886392876506,0.0031682969581321497,0.6610529141341109,0.06514904066078081,0.08423501358567885,0.6610529141341109
0.7130225002765656,0.09372658934444189,0.003164856472318992,0.652896929630177,0.048063271320934936,0.07864178870746844,0.652896929630177
0.711222568526864,0.4068552730605006,0.003164348354598021,0.6593422907886901,0.06665931913350938,0.08417831412053513,0.6593422907886901
0.7097218381240964,0.5294085619971156,0.0031610125787291865,0.6571484186698662,0.06884689236732734,0.08703107716421724,0.6571484186698662
0.713351403363049,0.0029318779706954956,0.0031605636033182056,0.6426190124413066,0.05608492675152973,0.08376756630685565,0.6426190124413066
0.7088294569402933,0.08936933521181345,0.003155631446412846,0.6871941169367912,0.04097849862882839,0.09979676887138292,0.6871941169367912
0.7119438732042909,0.2037124941125512,0.0031536609738753384,0.6649715693458127,0.051837737831501265,0.08528578557370962,0.6649715693458127
0.7138992911204696,0.10933867003768682,0.003152138522464332,0.6477761587632258,0.04386655481220379,0.06351897875742314,0.6477761587632258
0.7130930097773671,0.0940350042656064,0.0031509313611890414,0.6521643291459479,0.04791062793228268,0.07813358658946545,0.6521643291459479
0.710633740760386,0.484085931442678,0.0031504966883431013,0.6560233217237864,0.06912270487736775,0.08509540091212442,0.6560233217237864
0.711490417830646,0.33043753262609243,0.003149500311183691,0.6634532541564213,0.062107385060392956,0.08446726124107161,0.6634532541564213
0.7085465779528022,0.00730486772954464,0.003143274454984219,0.6806710441281077,0.04805106583468258,0.10513794416636252,0.6806710441281077
0.7136221444234252,0.10567679349333048,0.0031413291852321334,0.6493504050782396,0.04534434005464238,0.06774847396190649,0.6493504050782396
0.7100599063560367,0.5218148324638605,0.0031411882809162846,0.6557879314887937,0.06923425098507688,0.08628474640019873,0.6557879314887937
0.7114541288465261,0.3573507936671376,0.0031411061293563722,0.6616782661977207,0.06394387915415897,0.084115576184274,0.6616782661977207
0.7121966937556863,0.17559872940182686,0.003139706816110169,0.6627181665363325,0.04959185385187525,0.08429005537413298,0.6627181665363325
0.7112928247079253,0.4054479831829667,0.003136686248345489,0.6588270230222563,0.0666373504890593,0.08393910543352791,0.6588270230222563
0.7087519811466336,0.516276041045785,0.0031311460221027255,0.6641430319114195,0.06672779722960215,0.08876906319403595,0.6641430319114195
0.7098037824034691,0.5328909987583756,0.003129731100735736,0.6561460003688626,0.06902181142366898,0.0867850520792561,0.6561460003688626
0.7108128955587745,0.4728972762823105,0.0031289301860993606,0.655841084758847,0.06897892459997972,0.08465889583804075,0.655841084758847
0.7134897420182824,0.004851269535720348,0.0031276719257261384,0.6412367488898405,0.05569444052916573,0.0829195995625779,0.6412367488898405
0.7089248774573207,0.21322467736899853,0.003125155036755445,0.6886124380509527,0.04568300839050472,0.09668242517552096,0.6886124380509527
0.711710600182414,0.26431072503328323,0.003123617024921242,0.6653472754114662,0.056966219365287875,0.08490834674649614,0.6653472754114662
0.7135287625715137,0.02425024751573801,0.0031207968248834267,0.6418274925136869,0.053920159692841925,0.08274070138130782,0.6418274925136869
0.7114359075203538,0.37985366582870483,0.0031205289875464006,0.6598925951916347,0.06532807558879428,0.08380375872583684,0.6598925951916347
0.7084149559959769,0.4778144797310233,0.0031205001124761174,0.6700436471800981,0.0647948430842782,0.08950750947453019,0.6700436471800981
0.7091790698468685,0.5374489668756723,0.003120099756333445,0.6593610474304765,0.0679941410365292,0.08796502919749737,0.6593610474304765
0.7088536955416203,0.24392054788768291,0.003116777978734707,0.6879690468457617,0.048478043274687466,0.09558823414171491,0.6879690468457617
0.7130766529589891,0.13415419310331345,0.003115956299275534,0.6587324239911289,0.044017208579131946,0.0652996692189345,0.6587324239911289
0.7116174222901464,0.3072472484782338,0.003115068953909161,0.6638266764977228,0.06043773390014726,0.08439717422060015,0.6638266764977228
0.7131866347044706,0.0824691504240036,0.0031147506706781045,0.6496138784458284,0.04876876167756948,0.08109370528794917,0.6496138784458284
0.7088927160948515,0.22450630739331245,0.0031127692159298136,0.6884670956403106,0.046670622106225475,0.09628512965003151,0.6884670956403106
0.7115887263789773,0.32664684671908617,0.003111735079670451,0.6627658223207981,0.06189239555263501,0.08413638720881897,0.6627658223207981
0.7133153304457664,0.05928030051290989,0.00311092997678369,0.646407266024851,0.050713581839828346,0.08274510861247078,0.646407266024851
0.712342525832355,0.1718237828463316,0.0031092780665043763,0.6612286064524622,0.04925629698413913,0.08341615003844037,0.6612286064524622
0.708760105073452,0.13783946447074413,0.003105364123508776,0.6941858286600212,0.0379277428427661,0.08656536851070462,0.6941858286600212
0.7085813293233514,0.506847514770925,0.0031042577621989255,0.6659984479734681,0.06611184938516768,0.0890095950249582,0.6659984479734681
0.7124846866354346,0.16408435720950365,0.0030999134418780378,0.6599232674691085,0.048624637828890586,0.08201939828839717,0.6599232674691085
0.708607324399054,0.30478456150740385,0.003098585494071224,0.6856285384299342,0.05362484214617272,0.09365865701775461,0.6856285384299342
0.7118631899356842,0.24536219984292984,0.003097970599590846,0.6646171941016955,0.05540145144773139,0.08464874447334585,0.6646171941016955
0.7136545525863767,0.018913647159934044,0.0030971770977189185,0.6401575727746197,0.05422152650450743,0.0820240173946395,0.6401575727746197
0.7096930649131536,0.5411576386541128,0.003096554044513975,0.6557934803506457,0.06894556254166415,0.08692405922368643,0.6557934803506457
0.6456604292616248,0.9996332256123424,0.003096471594763729,0.43054658370760707,0.19908866894971142,0.0705188818268701,0.43054658370760707
0.7085176007822156,0.32517610024660826,0.00309642614013814,0.6844857899994278,0.05521061607798879,0.09304600135009881,0.6844857899994278
0.6451403042301536,0.9964567767456174,0.0030961551657199067,0.42870826476448376,0.19982317759689708,0.07056535770003146,0.42870826476448376
0.6444582808762789,0.9993244968354702,0.003096031662969007,0.42618973799844995,0.20090019995479289,0.07066596374599703,0.42618973799844995
0.6449982626363635,0.9957580920308828,0.003095908012777999,0.4282042870455752,0.2000234619137335,0.07057930971431789,0.4282042870455752
0.712930716574192,0.14598468132317066,0.003094669307798634,0.6567729898756786,0.04665417716533146,0.07380079931069407,0.6567729898756786
0.645449192263186,0.9920205716043711,0.0030944127450193604,0.42990884440701244,0.19925052798763612,0.07050780958046482,0.42990884440701244
0.7121489970013499,0.1999233914539218,0.003094090941800237,0.6628692033412759,0.05151637244733173,0.0843911264452597,0.6628692033412759
0.7082801386713982,0.4480969598516822,0.003093877856121448,0.6737784291320326,0.06317129246903792,0.09001512328527671,0.6737784291320326
0.0002749403938651085,0.9955117702484131,0.0030931481514829295,0.3521424419398501,0.24049554963141997,0.0624690075930072,0.3521424419398501
0.7132561020553112,0.12776423152536154,0.0030930519923069847,0.6594890835333607,0.04098815117073595,0.06337450545937225,0.6594890835333607
0.00014913175255060196,0.9852768173441291,0.0030926668681215863,0.3521176857324953,0.24049286625402666,0.06248812951829724,0.3521176857324953
0.00011203717440366745,0.9812577115371823,0.003092436825377405,0.35210591260152635,0.24049169366217182,0.06249758441214717,0.35210591260152635
0.6457788208499551,0.9883606098592281,0.003092267054633754,0.43117545346311476,0.19865053671956168,0.07045236139116864,0.43117545346311476
0.0006631417199969292,0.9966443805024028,0.003091994756161234,0.3520870004916551,0.24049294894819925,0.06252258993165034,0.3520870004916551
0.6446128832176328,0.9845088357105851,0.003091802147443266,0.4269842665639588,0.20036395026577034,0.07055925100708674,0.4269842665639588
0.6440575979650021,0.9890365032479167,0.0030914821839204544,0.4249109235417645,0.20126420386932709,0.0706663036369104,0.4249109235417645
0.6462927712127566,0.9925878345966339,0.0030913162571686325,0.4329924450622973,0.19791193980563496,0.07042533188067042,0.4329924450622973
0.0007433341816067696,0.9913151226937771,0.003091273135459495,0.3520513937179762,0.24049041569033974,0.06255437350390118,0.3520513937179762
0.0004361318424344063,0.9758520964533091,0.003090920928481691,0.3520317087877312,0.2404871600219052,0.06256636040299408,0.3520317087877312
0.0010776473209261894,0.9993311213329434,0.003090879336553531,0.3520336042583259,0.24049065766850716,0.06257481866019941,0.3520336042583259
0.7134192250669003,0.057879709638655186,0.0030907474753426724,0.6451481570799033,0.0506693669485318,0.08228469096311845,0.6451481570799033
0.6461288826540112,0.9881740501150489,0.003090638112373068,0.4324645993614802,0.19808120192427953,0.07041722679972658,0.4324645993614802
0.6447110315784812,0.9804749516770244,0.003090615856316856,0.4273989593494479,0.20013519697359355,0.07051629376089734,0.4273989593494479
0.6453052265569568,0.9804326295852661,0.0030905910725974105,0.42956478529514075,0.19922704570903982,0.07044783558417249,0.42956478529514075
4.102848470211029e-05,0.9565342804417014,0.0030904987005773298,0.35200710605343205,0.24048290734327918,0.06258109320206719,0.35200710605343205
0.6439440473914146,0.9874985814094543,0.0030904923324717184,0.42452501224955436,0.2013948243975241,0.0706723407474182,0.42452501224955436
0.6435894276946783,0.992896138690412,0.003090110162216359,0.423172072705403,0.2019988575537044,0.07076258379216878,0.423172072705403
0.0004885159432888031,0.9677792666479945,0.003090042511726167,0.35198759524824136,0.24048369133680336,0.06260507137248432,0.35198759524824136
0.7093353737145662,0.5447466718032956,0.0030900255397816297,0.6575248259364694,0.06837393996853708,0.0875983217704652,0.6575248259364694
0.0005781659856438637,0.9694325560703874,0.003089896702280818,0.35198089256491527,0.24048360664565252,0.06261226634440753,0.35198089256491527
0.000388316810131073,0.9618785232305527,0.003089847607215413,0.3519768455612217,0.24048221786137491,0.06261271149041397,0.3519768455612217
0.00018512830138206482,0.9525110321119428,0.0030896777633887406,0.35196631780035864,0.2404801681957597,0.06261853573801492,0.35196631780035864
0.0009483536705374718,0.9797133561223745,0.003089592331794017,0.351968224193333,0.2404845272959305,0.06262901910417157,0.351968224193333
0.7135652210563421,0.03847652953118086,0.003089591161664433,0.64224350369365,0.05240178137106602,0.08236806182506173,0.64224350369365
0.6460897019132972,0.984135870821774,0.0030893332138812284,0.4323861905400222,0.19805573939966387,0.07039599573517409,0.4323861905400222
0.6447760174050927,0.9761151038110256,0.0030892072393407296,0.427696499953246,0.19994895535711044,0.07047225426411763,0.427696499953246
0.6439069379121065,0.9834609273821115,0.003089071474190206,0.42444921813826997,0.2013672486123414,0.07064771251535469,0.42444921813826997
0.7133478857576847,0.07061956264078617,0.003088997123486424,0.6468303956899468,0.04955793762021541,0.0817729392117608,0.6468303956899468
0.6433055754750967,0.9955795342102647,0.0030889050353985702,0.42211681029220083,0.2024402014132858,0.07082553859872459,0.42211681029220083
0.0014246301725506783,0.9891195241361856,0.0030888511433206194,0.35193410332444836,0.24048418964668683,0.06266575123269465,0.35193410332444836
0.6467487374320626,0.994762902148068,0.003088743970824053,0.43463613926679684,0.19720128174092458,0.07039450213810831,0.43463613926679684
0.6442626025527716,0.9774447912350297,0.003088585752659059,0.42581548468705194,0.2007369230398195,0.07054819191215957,0.42581548468705194
0.001099483110010624,0.9721150090917945,0.0030884279388581253,0.3519103910279922,0.24048042860652327,0.06268118628286544,0.3519103910279922
0.0015285173431038857,0.9874747926369309,0.0030883636492802535,0.35191026341709586,0.2404827395440824,0.06268788732076944,0.35191026341709586
0.0012786975130438805,0.9775125086307526,0.003088313506024029,0.3519059633151986,0.24048103011380714,0.06268778061525174,0.3519059633151986
0.00036449916660785675,0.9422153625637293,0.003088180735318822,0.35189081067305544,0.24047454886697536,0.06268668024485018,0.35189081067305544
0.00015276670455932617,0.9333364116027951,0.003088077273306322,0.3518829572445297,0.24047258761739446,0.06269030215440767,0.3518829572445297
0.0009117890149354935,0.9575598351657391,0.0030877558653331465,0.35187445707020415,0.24047627410774772,0.06270930196387105,0.35187445707020415
0.0016287518665194511,0.9834523526951671,0.003087677877197699,0.35187637771392005,0.24048041792365635,0.06271865833712915,0.35187637771392005
0.001188855618238449,0.9655817644670606,0.0030875553626742856,0.3518666931720143,0.24047716596017898,0.06272029987506572,0.3518666931720143
0.0019521107897162437,0.9928264673799276,0.0030874248274486626,0.3518658381452613,0.24048126654009983,0.06273258183159144,0.3518658381452613
0.644373320043087,0.9720930811017752,0.003087150053338832,0.42628785254291207,0.2004690306658496,0.07048502640781654,0.42628785254291207
0.6455775396898389,0.9724023276939988,0.003087069681098542,0.4306786341412699,0.19863001721798018,0.0703538977403478,0.4306786341412699
0.6459858072921634,0.9767702873796225,0.003087063130190274,0.4321171069226214,0.19806488988615598,0.07035225207178894,0.4321171069226214
0.0008135363459587097,0.9459539260715246,0.003087044763560982,0.3518367773763659,0.24047238834553972,0.06274046790048655,0.3518367773763659
0.0007106270641088486,0.9405639553442597,0.0030869011695961097,0.35182816186712673,0.24047101020839962,0.06274641536149893,0.35182816186712673
0.6451642261818051,0.9692292204126716,0.0030867816540585285,0.4292073242446244,0.19921469420443505,0.07036642047194405,0.4292073242446244
0.0002709459513425827,0.9220871571451426,0.0030866855141039483,0.35181119034632624,0.24046678070879193,0.06275488151760591,0.35181119034632624
0.001314820721745491,0.9602446649223566,0.0030866642827762384,0.3518222171360542,0.2404740159172167,0.06276073007561755,0.3518222171360542
6.977654993534088e-05,0.9136896124109626,0.0030865879102468284,0.3518030018532093,0.2404647459868988,0.06275935676404064,0.3518030018532093
0.00204553734511137,0.9862337969243526,0.0030865324967451523,0.35182151824534463,0.24047803234661796,0.06277232356204604,0.35182151824534463
0.6433781459927559,0.9852986987680197,0.0030865193210732516,0.42252592562264896,0.20213994701062607,0.07074407549348054,0.42252592562264896
0.6452119573950768,0.9685629205778241,0.0030864878758278032,0.42939108697979955,0.19912679615680573,0.07035510570756107,0.42939108697979955
0.7086215391755104,0.036053454503417015,0.00308645148751151,0.6828395685439469,0.04520275814716853,0.10500233501677382,0.6828395685439469
0.0017318325117230415,0.9731644056737423,0.0030864255422150245,0.3518136843339027,0.24047563398739882,0.06277443916172448,0.3518136843339027
0.6470967726781964,0.9973908718675375,0.003086359550271544,0.4358756222808019,0.19666855796618335,0.07037554411384464,0.4358756222808019
0.0006208810955286026,0.9294460648670793,0.0030861996680715317,0.35179030755999213,0.2404670472505314,0.06277818908521855,0.35179030755999213
0.6429270226508379,0.9966358486562967,0.003086119685391412,0.420753242300335,0.20296651284842832,0.07089883818745682,0.420753242300335
0.6466456642374396,0.9855049792677164,0.0030860583034483914,0.4344170368040675,0.1971622595490253,0.0703560941445746,0.4344170368040675
0.000784996896982193,0.9338822718709707,0.003086057804574591,0.35178497140901,0.24046757159841906,0.06278523073450694,0.35178497140901
0.0024078385904431343,0.9945538369938731,0.003086047329045159,0.35179957650225846,0.240478141620234,0.06279659173556965,0.35179957650225846
0.0020847180858254433,0.9822003897279501,0.0030860447928354033,0.35179714295312353,0.2404761750018728,0.06279402315378729,0.35179714295312353
0.6434783656150103,0.981264378875494,0.0030859878478613468,0.42293965145596685,0.2019244014708682,0.07069513805653765,0.42293965145596685
0.002513752318918705,0.9976634085178375,0.0030859631797473565,0.35179604677634296,0.2404784145190759,0.06280115436120275,0.35179604677634296
0.0010294970124959946,0.9383688410744071,0.0030856529890164307,0.3517667990721949,0.24046742048858533,0.06280468549226012,0.3517667990721949
0.0004777945578098297,0.9180494546890259,0.003085645484798239,0.3517589175062823,0.24046326076409547,0.06280384477658865,0.3517589175062823
0.0013538971543312073,0.9486420899629593,0.0030854978627906622,0.3517624584330358,0.24046897983515755,0.06281324773391764,0.3517624584330358
0.001779116690158844,0.9640746023505926,0.003085458749633234,0.3517647236965339,0.2404716614928354,0.06281761080757779,0.3517647236965339
2.225395292043686e-05,0.8986104326322675,0.003085388125318974,0.351737382242523,0.24045822846535433,0.06281732051901895,0.351737382242523
0.0005818009376525879,0.917854311875999,0.003085285981408803,0.35174131930973096,0.24046229287701698,0.06282081157964367,0.35174131930973096
0.6465454297140241,0.9814853966236115,0.003085279724872906,0.43411148586480747,0.19724085469510444,0.07033868282510294,0.43411148586480747
0.0014922432601451874,0.9498290596529841,0.0030851432580108968,0.35174558544610335,0.24046830170364736,0.06282999922774653,0.35174558544610335
0.6437506340444088,0.9732492910698056,0.0030851035469699056,0.4240223437130786,0.20139030376379782,0.07058092029392747,0.4240223437130786
0.0022486140951514244,0.9749103719368577,0.0030848460140432293,0.3517375671957945,0.24047198005491383,0.062848134437523,0.3517375671957945
0.6442910181358457,0.9656952135264874,0.0030848402963151427,0.4260713619582064,0.2004652576340748,0.07043160422154922,0.4260713619582064
0.0016990955919027328,0.9538470590487123,0.0030848119095666644,0.3517306460865816,0.2404682020511658,0.06284606872914486,0.3517306460865816
0.6455301120877266,0.9648972330614924,0.0030844815184995983,0.4306083426087418,0.19854965381464817,0.0702880952678389,0.4306083426087418
0.0010582748800516129,0.925782292149961,0.003084424805179786,0.3517025457353034,0.24046174670519632,0.06286151908007491,0.3517025457353034
0.0014434047043323517,0.9370549023151398,0.003084157790475833,0.35169364708048895,0.24046334393155028,0.06287471391474182,0.35169364708048895
0.6448658369481564,0.9611582364886999,0.0030841553722406956,0.428222180916285,0.19951285197771815,0.07031663532946111,0.428222180916285
0.0030722329393029213,0.9983960743993521,0.0030841288411296353,0.35170751931428185,0.2404739872910291,0.06288591895614606,0.35170751931428185
0.0029220273718237877,0.9902970483526587,0.0030839259492415807,0.35169620793868384,0.24047220339143585,0.06289372187899593,0.35169620793868384
0.00040768925100564957,0.8941889200359583,0.0030837259899284797,0.3516538137554964,0.24045281595083673,0.0628970555267659,0.3516538137554964
0.00030745845288038254,0.8901556581258774,0.003083692477808742,0.35164991502604964,0.24045173254303281,0.06289956209090265,0.35164991502604964
0.0027150409296154976,0.978709583170712,0.0030836020044293765,0.3516781387218564,0.24046949483324123,0.06290656034525227,0.3516781387218564
0.0022999364882707596,0.9628812847658992,0.0030835973745154083,0.3516741349153618,0.24046675337257592,0.06290409703831285,0.3516741349153618
0.0020128246396780014,0.9514930155128241,0.0030835453177707906,0.35166845649910045,0.2404645481406482,0.06290491379290412,0.35166845649910045
0.0018621105700731277,0.9444157294929028,0.0030834160373649604,0.35166000372250494,0.24046287815644884,0.06291015772905259,0.35166000372250494
0.0021586529910564423,0.9555305652320385,0.003083415646084967,0.35166332194871713,0.24046496424715846,0.06291149804842472,0.35166332194871713
0.6427783481776714,0.9912301944568753,0.003083362580741984,0.4203047318680644,0.20305721035139113,0.0708927890086754,0.4203047318680644
0.0005459161475300789,0.8948418283835053,0.0030833286772380536,0.3516347444571873,0.2404519296761091,0.06291580527280106,0.3516347444571873
0.0008547483012080193,0.9061069097369909,0.003083323380970924,0.35164029320455603,0.2404545851688286,0.06291426817439846,0.35164029320455603
0.002596641890704632,0.9704353753477335,0.0030832661022186037,0.3516599549709199,0.24046723988690588,0.06292072463386143,0.3516599549709199
0.000944359228014946,0.906650897115469,0.0030830746986206447,0.35162841296959846,0.24045405950786955,0.06292598389100232,0.35162841296959846
0.0015855580568313599,0.9301623431965709,0.0030830589414143,0.35163769084418733,0.24045912732631758,0.06292592891946223,0.35163769084418733
0.0011565238237380981,0.9141957806423306,0.0030830504959296406,0.35163073826262237,0.24045569946458298,0.06292648624293755,0.35163073826262237
0.0032132407650351524,0.9900536173954606,0.0030829059862990376,0.35164679741015903,0.2404696123028778,0.06294082657895801,0.35164679741015903
0.0002425285056233406,0.8789668222889304,0.0030828986907332477,0.3516042314658579,0.24044674670464924,0.06294086477336636,0.3516042314658579
0.6442186338827014,0.960281896404922,0.0030828978038279263,0.4258754502951991,0.20046738548705992,0.07038253495264447,0.4258754502951991
0.0026824232190847397,0.9668374806642532,0.00308265077961388,0.3516292173281961,0.24046505236569676,0.06294877087627876,0.3516292173281961
0.6447477210313082,0.9567367220297456,0.003082646513947927,0.42784609246769706,0.19960619233739363,0.0702814078206833,0.42784609246769706
0.6464519957080483,0.9729396048933268,0.0030825980029366056,0.4338973729554694,0.19720909185635996,0.0702818964650948,0.4338973729554694
0.0012212973088026047,0.9098278228193521,0.003082438297722439,0.3515988543011885,0.24045311908474973,0.06295577085568506,0.3515988543011885
0.6453761365264654,0.9572978410869837,0.0030822151688459695,0.4301429207903397,0.19863927211898225,0.07022393189221796,0.4301429207903397
4.246830940246582e-07,0.8605664446949959,0.00308204493748461,0.35154918764186194,0.24043928990551539,0.06299085004843005,0.35154918764186194
0.6436949083581567,0.964020206592977,0.0030819605217296386,0.4239349982678262,0.20129444919851658,0.07049374519890177,0.4239349982678262
0.6472759796306491,0.9910855228081346,0.0030818731670645056,0.43666009485031787,0.19620594941095562,0.07033617601472675,0.43666009485031787
0.0006918525323271751,0.8832545159384608,0.003081798334586181,0.3515530477861779,0.24044494548193243,0.06299184488221907,0.3515530477861779
0.003048310987651348,0.9711656533181667,0.003081784831971716,0.35158828274251497,0.24046361089902601,0.06298968182559105,0.35158828274251497
0.0023219063878059387,0.9432343328371644,0.003081751268923007,0.35157864460469446,0.24045836988103686,0.06298802230743948,0.35157864460469446
0.001750607043504715,0.9217141922563314,0.003081737074795937,0.3515699157288863,0.24045391627390886,0.06298813802213013,0.3515699157288863
0.0020415429025888443,0.9323412235826254,0.0030817168045174726,0.351573130632257,0.24045609877243282,0.06298908352874262,0.351573130632257
0.0036644088104367256,0.9938226090744138,0.0030816819513911236,0.35158828763783717,0.24046714582953968,0.06299802854903506,0.35158828763783717
0.0027471259236335754,0.9585025748237967,0.003081678851017007,0.3515797980729109,0.24046107506996456,0.06299291182065124,0.3515797980729109
0.002962222322821617,0.9665921535342932,0.003081669607512657,0.3515815357260804,0.2404625121739767,0.06299438861924075,0.3515815357260804
0.6430853120982647,0.9759350745007396,0.0030816277238197563,0.4216010115108015,0.2023606168007598,0.07071133097553489,0.4216010115108015
0.001894710585474968,0.9257485531270504,0.003081616025382589,0.3515656664622355,0.24045446245759186,0.06299376287954404,0.3515656664622355
0.6424102559685707,0.9983130982145667,0.0030815632392312917,0.4188974274570865,0.20366839645121623,0.07100838324106007,0.4188974274570865
0.00042376480996608734,0.8698244607076049,0.003081477601845737,0.35152828783490525,0.24044043564033504,0.06301285865082436,0.35152828783490525
0.0013111857697367668,0.9024450331926346,0.003081467128862992,0.3515477661436604,0.24044884927898175,0.06300274705582032,0.3515477661436604
0.0011928500607609749,0.8980163773521781,0.0030814622691843763,0.3515451923996688,0.24044777336809842,0.06300380769235925,0.3515451923996688
0.0033572064712643623,0.9784628180786967,0.003081373930008521,0.35157009115793175,0.2404638247813283,0.06300984685412477,0.35157009115793175
0.6475491570308805,0.9986151456832886,0.003081361452932426,0.43753332838087233,0.19590572133027823,0.07034436181837736,0.43753332838087233
0.0005295593291521072,0.8723313100636005,0.003081352278344191,0.3515239203891665,0.24044080104991863,0.06301762749433511,0.3515239203891665
0.6459153052419424,0.9604685716331005,0.0030812855257979655,0.43208887979632316,0.19783431183640754,0.07020949084128975,0.43208887979632316
0.00359941553324461,0.9864796046167612,0.0030812523103014417,0.35156597389331573,0.2404648630015834,0.06301671411465772,0.35156597389331573
0.003501267172396183,0.9824409484863281,0.0030812314493640688,0.35156408360571567,0.24046413638883235,0.06301705600834707,0.35156408360571567
0.0016093794256448746,0.910517924465239,0.0030811965372748835,0.35153853753314246,0.2404500151746878,0.06301443650588939,0.35153853753314246
0.6445425972342491,0.9526996491476893,0.003081139263815219,0.4271460397627715,0.1998388002504165,0.07025877612286309,0.4271460397627715
0.7086572553962469,0.13152644131332636,0.00308110700586815,0.6975738054202993,0.035688100999265705,0.08326047320741961,0.6975738054202993
0.0009878342971205711,0.8864257233217359,0.0030810980672686095,0.35152070238462385,0.24044390135645216,0.06302417319880022,0.35152070238462385
0.7119762785732746,0.2335564000532031,0.0030809932497197,0.6638724561598996,0.0544051391611153,0.08440106562618545,0.6638724561598996
0.00022259540855884552,0.85654784925282,0.003080953243317182,0.35149228855517856,0.24043512149801904,0.06304598862073969,0.35149228855517856
0.0024620406329631805,0.9396059606224298,0.0030809437497749826,0.35153810283490144,0.24045556392564227,0.06302564598657326,0.35153810283490144
0.0008329087868332863,0.8788787238299847,0.0030809330106638883,0.3515078158802188,0.2404414678593721,0.06303478780854774,0.3515078158802188
0.712229204364121,0.1945328749716282,0.003080461779399877,0.6620911439461861,0.05104669565062795,0.08411730024785823,0.6620911439461861
0.0028472263365983963,0.9469109671190381,0.0030802849767603635,0.35150850063402733,0.24045529580115224,0.06305692860965248,0.35150850063402733
0.0016574328765273094,0.9022737322375178,0.0030802839409062523,0.35148982088272307,0.24044567543171852,0.06305887737851296,0.35148982088272307
0.6463627330958843,0.9648177176713943,0.0030800871160325057,0.43368513057159647,0.19718301661604762,0.07021663616003071,0.43368513057159647
0.0003254525363445282,0.8501661838963628,0.0030800428585609535,0.3514420442498027,0.24043064766702332,0.06309464074863987,0.3514420442498027
0.004234936088323593,0.9973537316545844,0.0030800031685506903,0.3515077002907118,0.2404634798918319,0.0630760638000352,0.3515077002907118
0.002206353470683098,0.9190599052235484,0.0030799471339394363,0.3514814311213725,0.24044864431141985,0.06307267994207594,0.3514814311213725
0.004124211147427559,0.9909719824790955,0.0030798213726634695,0.3514975885452032,0.24046197918001685,0.063083555508066,0.3514975885452032
0.0033247098326683044,0.9592333221808076,0.0030797516605026946,0.35148634879783686,0.24045625669209816,0.06308286127250248,0.35148634879783686
0.0021263808012008667,0.9126782082021236,0.003079637964714998,0.35146341774517964,0.24044639526273356,0.0630878801704862,0.35146341774517964
0.0008767955005168915,0.8660258753225207,0.0030796261264099604,0.3514345423053026,0.240434335930799,0.06310367458031857,0.3514345423053026
0.0025554150342941284,0.9285110179334879,0.0030796134187513298,0.3514691166256463,0.24044981168326995,0.0630879682711784,0.3514691166256463
0.0024114735424518585,0.9230832988396287,0.0030796121859178864,0.35146681980848987,0.24044864409752426,0.06308822455487498,0.35146681980848987
0.6438437839969993,0.95374695956707,0.0030795099118773113,0.4245929697437104,0.2008895129784556,0.07035659902142381,0.4245929697437104
0.0039192065596580505,0.9793850425630808,0.003079499339460097,0.35147937963299547,0.24045920745241564,0.06309690410471247,0.35147937963299547
0.7088963529095054,0.1706088613718748,0.003079308095506669,0.6893389238448329,0.041702706821705335,0.09766679999171113,0.6893389238448329
0.0012110937386751175,0.8735527265816927,0.00307918245711374,0.3514182689483686,0.24043528171152403,0.06312086765512283,0.3514182689483686
0.0038866540417075157,0.9741748562082648,0.003079143197577816,0.3514608205220962,0.24045738871975206,0.06311278996182161,0.3514608205220962
0.0002548554912209511,0.8370460933074355,0.0030791124863006033,0.35138381950574105,0.24042373717939663,0.06315176343451963,0.35138381950574105
0.002879766747355461,0.9348163651302457,0.003079070942117113,0.3514451147059948,0.2404497086967256,0.06311340376975808,0.3514451147059948
0.0014962377026677132,0.8826258266344666,0.0030790419601205575,0.35141752122115943,0.2404373838006916,0.0631235592275156,0.35141752122115943
0.0034266971051692963,0.954797426238656,0.0030789938240999176,0.35144817071003515,0.24045346390956587,0.06311783974819413,0.35144817071003515
0.6441203663125634,0.948694565333426,0.003078940951082778,0.42565406295191754,0.20039184297957033,0.07026226179410286,0.42565406295191754
0.6430308716371655,0.9678946230560541,0.0030788555409812846,0.42150293010013123,0.20228609550028215,0.07063842915632464,0.42150293010013123
0.6435408880934119,0.956436088308692,0.0030788427658665096,0.42346741680248157,0.20137127160561266,0.0704299656482972,0.42346741680248157
0.6426324006170034,0.9796437313780189,0.0030788296977703094,0.4199400052801265,0.2030312963815024,0.07082662665766835,0.4199400052801265
0.0032874811440706253,0.9476469634100795,0.00307882745227063,0.3514377923107361,0.24045165293829343,0.06312516582661765,0.3514377923107361
0.643987868912518,0.9497136864811182,0.0030788249876626374,0.4251611012512819,0.20060518632436114,0.07029068560934029,0.4251611012512819
0.00017461087554693222,0.8307248875498772,0.0030788218245345516,0.35136292803961455,0.24042070673947413,0.06317288017643657,0.35136292803961455
8.969474583864212e-05,0.826703043654561,0.003078750756520328,0.35135505132604244,0.2404190498557649,0.06318121566261424,0.35135505132604244
0.6469690157100558,0.9751037051901221,0.0030787137946942707,0.43578546125637807,0.19637237353543996,0.07026033286455934,0.43578546125637807
0.0013961577787995338,0.8752144668251276,0.0030787079081113504,0.3513961362558968,0.24043445859682733,0.06314275289369238,0.3513961362558968
0.0018213773146271706,0.8910167627036572,0.003078701395967468,0.3514060441176025,0.24043866076871975,0.06313683580602876,0.3514060441176025
0.0008530374616384506,0.8544227043166757,0.003078662532821991,0.35137777405126874,0.2404281988893624,0.06315779018853282,0.35137777405126874
0.6429488733410835,0.9694087207317352,0.003078652227848242,0.42119186178093637,0.20242436077100773,0.07066844360733768,0.42119186178093637
0.003123309463262558,0.9393649213016033,0.003078642386406495,0.35142590683678415,0.24044951807370998,0.06313355550831835,0.35142590683678415
0.6423223670572042,0.9900469481945038,0.003078551789163109,0.4187052580135871,0.2036236233792949,0.0709733635184594,0.4187052580135871
0.004592619836330414,0.9948630891740322,0.0030785169248510364,0.35143519001952633,0.24045930181595285,0.06314432984837696,0.35143519001952633
0.0006735995411872864,0.8451189827173948,0.0030784323131637726,0.3513580948953062,0.24042457449464083,0.06317671812650646,0.3513580948953062
0.002592647448182106,0.9169049561023712,0.0030784243437864435,0.3514060860886756,0.24044413897155656,0.06314473230899563,0.3514060860886756
0.0006372230127453804,0.8426120914518833,0.0030783309120305203,0.3513507181239149,0.240423459583571,0.06318397718198325,0.3513507181239149
0.003834770992398262,0.9631251888349652,0.003078323510944312,0.35141803294652596,0.24045328502085858,0.06314977516070602,0.35141803294652596
0.002178025431931019,0.8995607998222113,0.0030782627515615257,0.35138945449003134,0.24043962647546624,0.06315533036684048,0.35138945449003134
0.0018584756180644035,0.8869782593101263,0.003078206674138791,0.35137932380922066,0.2404362811154598,0.06316174294764716,0.35137932380922066
0.003193868324160576,0.9360368279740214,0.0030780927095911937,0.3513978781774905,0.24044739371440293,0.06315932786460383,0.3513978781774905
0.0012910626828670502,0.864317131228745,0.00307807703720147,0.3513570637061059,0.24042960583742876,0.06317902845146416,0.3513570637061059
0.6454133652150631,0.9457067102193832,0.0030780560831859156,0.4304261005012313,0.19834566543465965,0.07009356357584912,0.4304261005012313
0.6460536438971758,0.9535607537254691,0.003077961969526842,0.43269445362865366,0.1974611414450457,0.07012616968733697,0.43269445362865366
0.0036318209022283554,0.9507632106542587,0.0030779091098680628,0.3513941006073599,0.2404498660826906,0.06316826337476097,0.3513941006073599
0.6431404808536172,0.9618260348215699,0.003077898960214316,0.42196552690022776,0.20202635108344752,0.07055307834849918,0.42196552690022776
0.0030910074710845947,0.9268013201653957,0.0030776046475573175,0.35137038876679016,0.2404441523743753,0.06318256047926876,0.35137038876679016
0.6458152048289776,0.9488817360252142,0.003077585597584351,0.43187205354861397,0.19775800484520276,0.07009455276079005,0.43187205354861397
0.6449506785720587,0.9415108077228069,0.003077472052611298,0.42877116977932384,0.1989946337658559,0.07009014989938457,0.42877116977932384
0.0010041818022727966,0.8463370576500893,0.003077429936030333,0.35130980217406943,0.24042219654418923,0.06322399958049618,0.35130980217406943
0.003986273892223835,0.9583149403333664,0.003077352040944178,0.35136936035418204,0.24044986190950748,0.06319469572616769,0.35136936035418204
0.002281161956489086,0.8932395065203309,0.0030773302381610613,0.3513401616110817,0.24043553482678268,0.06320136062256637,0.3513401616110817
0.0048990920186042786,0.9936430994421244,0.0030773160072077076,0.35137670908233853,0.2404560318249472,0.06319964743399761,0.35137670908233853
0.004431413486599922,0.9752191063016653,0.0030773154543483295,0.3513723185932377,0.2404528649478342,0.06319776054553009,0.3513723185932377
0.6450508702546358,0.9413309236988425,0.003077297582841087,0.42914170917035077,0.19883414554432935,0.07007865415022964,0.42914170917035077
0.004319896921515465,0.9701270805671811,0.003077248399575465,0.35136771352985025,0.24045177872913343,0.06320041272506402,0.35136771352985025
0.001955783925950527,0.879900973290205,0.003077228725662036,0.35132672967627426,0.24043173254428823,0.0632112444597327,0.35132672967627426
5.734805017709732e-05,0.807040112093091,0.0030771537639109887,0.35125211274162793,0.2404068468251657,0.0632882298023429,0.35125211274162793
0.002718675881624222,0.9076012065634131,0.0030771358253187126,0.3513385598349501,0.24043854964329953,0.06320701674229272,0.3513385598349501
0.0047489311546087265,0.98555928748101,0.0030771223880958105,0.3513654882011694,0.24045416979286469,0.06320774060809237,0.3513654882011694
0.0007629645988345146,0.8333688331767917,0.0030770890973758434,0.35128011122051556,0.24041680198491544,0.06325386429710825,0.35128011122051556
0.0029909107834100723,0.9151985999196768,0.0030768879427584416,0.3513301869039659,0.24043966105414083,0.06321748760784116,0.3513301869039659
0.003749929368495941,0.9434806248173118,0.0030768277798599647,0.35133893535878113,0.24044558809622368,0.06321865210691598,0.35133893535878113
0.0010400163009762764,0.8409014362841845,0.00307682381832933,0.35127468221360303,0.24041868490710808,0.06325853906068345,0.35127468221360303
0.004379044286906719,0.9676345130428672,0.003076811532269434,0.3513457869798643,0.2404501906129046,0.06322052642473573,0.3513457869798643
0.0015180576592683792,0.8582537360489368,0.003076758890537898,0.35128727484746136,0.2404241424600518,0.06324649577710335,0.35128727484746136
0.0013741161674261093,0.8527115797623992,0.003076749103447849,0.3512820223800197,0.2404223743734143,0.06325129295449475,0.3512820223800197
0.0018033888190984726,0.8686054209247231,0.0030767224360876613,0.3512937446629445,0.24042715319630023,0.06324135191631425,0.3512937446629445
0.0004598153755068779,0.8173834355548024,0.0030767040286884158,0.35124294541333767,0.24040974211012653,0.0632936312337758,0.35124294541333767
0.004786040633916855,0.9815244907513261,0.003076624329764109,0.35134033699401,0.24045218787080885,0.06323041293429736,0.35134033699401
0.0023793065920472145,0.8892205534502864,0.003076624090085935,0.3513030974076055,0.24043258462329958,0.06323630283334312,0.3513030974076055
0.0028045261278748512,0.9050955669954419,0.003076607891097828,0.35131141166750907,0.24043653190546035,0.06323252909199499,0.35131141166750907
0.0016773566603660583,0.8622766267508268,0.0030765793296480136,0.3512817446533588,0.2404248775345928,0.06325226245019752,0.3512817446533588
0.712818156927824,0.1525794193148613,0.0030764515691600585,0.6570466364944706,0.04743032971913096,0.07757491443702363,0.6570466364944706
0.6433340208604932,0.9523975662887096,0.003076427228415168,0.4227661480322146,0.20158767413551504,0.07041250506904057,0.4227661480322146
0.003542015329003334,0.9311193227767944,0.003076423965915788,0.3513145254481167,0.24044195206672606,0.06323785861773033,0.3513145254481167
0.0026253825053572655,0.895852217450738,0.0030763808235457226,0.35129515480403856,0.24043363307228657,0.06324568615695211,0.35129515480403856
0.6445131441578269,0.9384670462459326,0.003076365674928125,0.42719930749300644,0.1996100477802603,0.07010133266333396,0.42719930749300644
0.7116918256506324,0.3183272648602724,0.0030762672165218757,0.6623314925785623,0.06132809951319987,0.08386783958959675,0.6623314925785623
0.0006000688299536705,0.8153953831642866,0.003076060639890745,0.35120861554153054,0.24040712568095837,0.06332803182171362,0.35120861554153054
0.004084541462361813,0.9467247519642115,0.003075943305648362,0.35129696204530725,0.2404439107747687,0.06326008966016068,0.35129696204530725
0.6436711056157947,0.9443766074255109,0.003075840977607926,0.42406998030303567,0.20096451438082966,0.07026931578019384,0.42406998030303567
0.004509760998189449,0.9620847217738628,0.003075839306314673,0.3512968764418038,0.24044662272042275,0.06326543460473069,0.3512968764418038
0.002481413073837757,0.884250596165657,0.003075815896684121,0.3512602576380307,0.24042906367518083,0.06327675337159734,0.3512602576380307
0.0009242156520485878,0.8217624137178063,0.003075523273702817,0.35118969393592386,0.2404080849335455,0.06334481131923726,0.35118969393592386
0.6461994722485542,0.9495260613039136,0.0030755033604622697,0.4332896062068034,0.1971324459433777,0.0700721766177029,0.4332896062068034
0.647074936889112,0.9701795242726803,0.003075470611124862,0.43625658159893904,0.19607626965989788,0.07021368057237916,0.43625658159893904
0.00036624725908041,0.7987201036885381,0.0030754122575348186,0.35115413598114814,0.24039827493105384,0.06338891227385109,0.35115413598114814
0.6465134397149086,0.9557873103767633,0.0030753917002931358,0.43437293407860844,0.19673295233333007,0.07011584119697542,0.43437293407860844
0.002259131520986557,0.8708205409348011,0.003075357236655624,0.35122826573269017,0.24042404219619168,0.06330543424696933,0.35122826573269017
0.002958587370812893,0.8970745913684368,0.003075333835122602,0.3512445340210163,0.24043110481194957,0.06329504805452973,0.3512445340210163
0.005292152985930443,0.9872685121372342,0.003075327237982531,0.3512787411413341,0.24044982770789378,0.06329098324761614,0.3512787411413341
0.005191933363676071,0.9832313349470496,0.003075321997127676,0.3512775010519167,0.24044911273074906,0.06329090258467396,0.3512775010519167
0.0005103079602122307,0.8028126787394285,0.003075277530211351,0.3511532139255605,0.2403996690309517,0.06338770888006175,0.3511532139255605
0.0037214495241642,0.9247906198725104,0.003075208970188893,0.35125249198717945,0.2404373365477613,0.06329551752669207,0.35125249198717945
0.00034434814006090164,0.7946819579228759,0.0030751435500286023,0.3511348763023953,0.24039569188252818,0.06341025878327261,0.3511348763023953
0.6474219122901559,0.9794832793995738,0.003075122942052788,0.4374053417924612,0.19567488119904133,0.07026046456076032,0.4374053417924612
0.6424931306391954,0.9710978912189603,0.0030751216400125864,0.4195467591082414,0.20305837865483248,0.07076784743375585,0.4195467591082414
0.00415691826492548,0.9404034810140729,0.003075104860437658,0.35125377281522296,0.24044040457124466,0.0632994219296044,0.35125377281522296
0.6440916331484914,0.9370920890942216,0.003075067032552108,0.4256734049234794,0.20021681642676373,0.07013345652001782,0.4256734049234794
0.00542655773460865,0.9892641957849264,0.003075022412052007,0.35126441440403566,0.24044938132232774,0.06330524512767974,0.35126441440403566
0.00020334403961896896,0.7873918488621712,0.003075003706958546,0.3511167607059006,0.24039191173230826,0.06343299063383755,0.3511167607059006
0.6470234412699938,0.9675515796989202,0.003074966231078956,0.4361042256541732,0.1961076641875325,0.07019459055258935,0.4361042256541732
0.001974038779735565,0.855536506511271,0.0030749520160855003,0.35119591399113853,0.24041827621098244,0.06333551060963226,0.35119591399113853
0.0014635426923632622,0.8345883460715413,0.0030748226334693478,0.35116935483199085,0.24041085415278465,0.06336232090504934,0.35116935483199085
0.0034142471849918365,0.9088240498676896,0.0030748189937509283,0.3512257641168348,0.2404326059980017,0.06331642427267163,0.3512257641168348
0.0018424056470394135,0.8489419026300311,0.0030748095289789236,0.3511829488807969,0.24041574609718386,0.06334805251886676,0.3511829488807969
0.0041130660101771355,0.9351260904222727,0.003074774270253852,0.35123558796495546,0.2404384185911203,0.06331515045904575,0.35123558796495546
0.005119355395436287,0.9739957749843597,0.003074741577205996,0.35124687924887804,0.24044595473456887,0.06331717946691849,0.35124687924887804
0.005743037909269333,0.9985760981217027,0.0030747176882327267,0.35125175147261545,0.24045016913641212,0.06332005150305271,0.35125175147261545
0.0035200417041778564,0.9114606026560068,0.0030746896029234527,0.35122078064290163,0.24043288487607498,0.06332200303545611,0.35122078064290163
0.0033287042751908302,0.9033877728506923,0.0030746183743108123,0.35121302905840146,0.24043074083836644,0.06332721409478907,0.35121302905840146
0.0008956911042332649,0.8101790109649301,0.003074610934180038,0.3511300416000596,0.24040085615724865,0.06340727805904381,0.3511300416000596
0.6425710907205939,0.9666293701156974,0.0030746067766955214,0.4198750276883297,0.2028766222889703,0.07070472746286038,0.4198750276883297
0.002194361761212349,0.8595713181421161,0.003074557501241655,0.3511799263624527,0.2404184438230661,0.06335133110316733,0.3511799263624527
0.0012433240190148354,0.8229862218722701,0.0030745475649137815,0.3511427978901985,0.24040577508950825,0.0633905790030943,0.3511427978901985
0.6446321345865726,0.9330595759674907,0.0030745180100054306,0.4276910658678292,0.19932460373027724,0.0700324551431473,0.4276910658678292
0.003867281600832939,0.9207724677398801,0.0030743216365421073,0.3512072858458899,0.24043405368066273,0.06333782057080388,0.3512072858458899
0.6468833144754171,0.9621086018159986,0.0030742899024118137,0.43566187984025523,0.19623180897985384,0.07015386709031554,0.43566187984025523
0.0046824319288134575,0.9516796851530671,0.0030742658811272576,0.3512168918650122,0.24044046676990632,0.06333856545671981,0.3512168918650122
0.00013282708823680878,0.7753654439002275,0.0030742463324434995,0.3510590663815598,0.24038377389287258,0.06350001719791787,0.3510590663815598
0.004826516844332218,0.9557177303358912,0.003074119798272448,0.3512111224740159,0.24044087615503662,0.0633454212776045,0.3512111224740159
0.005041568540036678,0.963792035356164,0.0030740871842633638,0.35121208705120216,0.24044234475128154,0.06334713196058273,0.35121208705120216
0.0011401912197470665,0.8136899694800377,0.0030740854544062447,0.3511084994434123,0.24040078275762983,0.06342714372793543,0.3511084994434123
0.002647213637828827,0.8713962053880095,0.00307406307869727,0.3511650199408116,0.2404206334048888,0.06336705481176527,0.3511650199408116
0.002828451804816723,0.8778835972771049,0.003074024766917877,0.35116789111013325,0.24042238979882757,0.06336524756494256,0.35116789111013325
0.0015656491741538048,0.8295039515942335,0.0030740217139127025,0.35112420802452443,0.24040673210636027,0.06340739278308248,0.35112420802452443
0.004533563740551472,0.9424363579601049,0.0030739474209713967,0.35119804834271373,0.240437747317958,0.06335360988467999,0.35119804834271373
0.003468957729637623,0.9012700170278549,0.0030739286597213722,0.35117803531321057,0.24042833975984734,0.06336049728826165,0.35117803531321057
0.6457504946738482,0.9376704776659608,0.0030737560202216936,0.4317691733307661,0.1976346021312093,0.06998103922932682,0.4317691733307661
0.001912684179842472,0.8387543568387628,0.0030736527064186654,0.3511158472120147,0.24040902079018395,0.06341423695090048,0.3511158472120147
0.6418084315955639,0.9938464425504208,0.003073643005020094,0.4168411817354272,0.20433602316190833,0.07111007859346395,0.4168411817354272
0.00424667913466692,0.9278360353782773,0.0030736241807725897,0.3511763494510717,0.24043376093111074,0.0633698041847325,0.3511763494510717
0.005882300436496735,0.9919833866879344,0.0030736111473084705,0.3511965211118296,0.24044618283251976,0.0633706864650924,0.3511965211118296
0.0015875445678830147,0.8254844881594181,0.0030735909076127577,0.35109831244612716,0.24040399659509148,0.06343364690527213,0.35109831244612716
0.000730522908270359,0.7912223823368549,0.0030735507353064828,0.35105033393840024,0.24038945555156538,0.06349602696586207,0.35105033393840024
0.0031655700877308846,0.885467728599906,0.0030735398828547534,0.3511492622205507,0.2404231537271661,0.06338472460064587,0.3511492622205507
0.6455067098140717,0.9341003894805908,0.0030734479123494447,0.43090521808088816,0.19796145156515266,0.06996473120812911,0.43090521808088816
0.005572505295276642,0.9776729606091976,0.003073435058880446,0.3511843291581664,0.24044320006688844,0.0633780311972112,0.3511843291581664
0.6419417876750231,0.986549231223762,0.003073419644929168,0.4174075376598721,0.20403808402404586,0.07102588547209232,0.4174075376598721
0.002938665449619293,0.8745716968551278,0.003073335066214577,0.3511315640842536,0.24041953731649798,0.06340002802270593,0.3511315640842536
0.6421153955161572,0.978440934792161,0.0030732536588145847,0.4181207105798145,0.20367463040094247,0.07091658085385329,0.4181207105798145
0.645782932639122,0.9367833193391562,0.003073249239328285,0.43189979129205264,0.19756295294579693,0.06996973625487915,0.43189979129205264
0.0023591723293066025,0.8511765729635954,0.0030732251277643717,0.35110681108473785,0.2404120326649219,0.06342240424395554,0.35110681108473785
0.0013328464701771736,0.8109107231721282,0.0030731864962020646,0.3510602723363976,0.240397049359878,0.06347566848439105,0.3510602723363976
0.0027884449809789658,0.8669600263237953,0.0030731641091117103,0.3511173163424216,0.240416820646542,0.06341294708961882,0.3511173163424216
0.00029699504375457764,0.7680146964266896,0.003073098870877266,0.35098852510504985,0.24037651413899966,0.06357737667264222,0.35098852510504985
0.001168954186141491,0.802568294107914,0.003073025903935112,0.3510409362483958,0.2403930353585289,0.06349855942732877,0.3510409362483958
0.6426759613677859,0.9575989739969373,0.0030730203556399516,0.42034797252991796,0.20257790843110757,0.07058106739645863,0.42034797252991796
0.6419809833168983,0.982525878585875,0.0030728312255587785,0.41759623812903607,0.20391673301404775,0.07098279161297788,0.41759623812903607
0.005152092315256596,0.9544958369806409,0.0030728307769677214,0.35114786808413645,0.24043721707381727,0.06340560427771963,0.35114786808413645
0.003953718580305576,0.9079094529151917,0.0030728234281973844,0.35112750169131723,0.24042696831108265,0.0634110855450438,0.35112750169131723
9.380653500556946e-05,0.7557213827967644,0.003072803432600824,0.3509499393296667,0.24036878255065386,0.06363040682765565,0.3509499393296667
0.6463407631963491,0.9451736304908991,0.00307279621206649,0.4338726383048134,0.19680138472439046,0.07001608923010237,0.4338726383048134
0.6432234896346927,0.9421781478449702,0.0030726716701045377,0.4224736963674436,0.20155791173277177,0.07030631392077347,0.4224736963674436
0.0007955199107527733,0.7829480869695544,0.00307263784815998,0.35099160266925883,0.24038280903180925,0.06356027283386989,0.35099160266925883
0.0020251916721463203,0.8316751969978213,0.0030726316834273344,0.351057791310349,0.24040357025965872,0.06347209475659768,0.351057791310349
0.0062600430101156235,0.9963432811200619,0.003072621405147403,0.3511494765199024,0.24044435051180252,0.06341665458568539,0.3511494765199024
0.0010076994076371193,0.7909803856164217,0.003072589237847865,0.3510020462042887,0.24038651914013978,0.06354390870148595,0.3510020462042887
0.004958559758961201,0.944148913025856,0.003072574800038268,0.351131680453477,0.24043443671782763,0.06341784611870184,0.351131680453477
0.6450833808630705,0.9287711372599006,0.0030725421233384715,0.42939439369870636,0.19853611976116337,0.06994990420508063,0.42939439369870636
0.000759446993470192,0.7793514439836144,0.003072462157794623,0.35097679923850467,0.24038050102236358,0.06357797420903386,0.35097679923850467
0.001766691915690899,0.8190950406715274,0.0030724114824875258,0.3510322116506728,0.240398130572763,0.06350029972722124,0.3510322116506728
0.004285744391381741,0.9162295451387763,0.003072408266051539,0.3511114467698539,0.2404278297899739,0.0634288670480753,0.3511114467698539
0.003245818428695202,0.8761715078726411,0.0030724013795166787,0.3510867895785488,0.24041740559390726,0.0634437602770802,0.3510867895785488
0.004714778624475002,0.9320320123806596,0.0030723321758063106,0.35111498024815824,0.240431205501128,0.06343012387704888,0.35111498024815824
0.0057211872190237045,0.9713442055508494,0.0030723108923599797,0.3511278351950438,0.24043907785027463,0.06343000474037967,0.3511278351950438
0.004012797027826309,0.9042985234409571,0.0030722777796174227,0.35109877019989794,0.24042458817514412,0.06343789645107258,0.35109877019989794
0.004420268349349499,0.9197358451783657,0.0030722509596661316,0.3511054528515888,0.24042822003822067,0.0634356426675686,0.3511054528515888
0.00045629777014255524,0.763979977928102,0.0030722379036640162,0.3509378339340764,0.24037173657980662,0.06363223821188231,0.3509378339340764
0.6439553136005998,0.930062199011445,0.0030721857064581848,0.4252433757026758,0.2002879624149953,0.07007561782702686,0.4252433757026758
0.0006413348019123077,0.7710165064781904,0.0030721795522749753,0.35094802188771185,0.24037536133513526,0.06361443420858137,0.35094802188771185
0.0025013256818056107,0.8441695692017674,0.003072096599699846,0.3510443720073904,0.24040649001065417,0.06348365714225354,0.3510443720073904
0.006396474316716194,0.99581244494766,0.003072069388121764,0.35112253486120176,0.2404428179947902,0.06344211729538454,0.35112253486120176
0.6479193372651935,0.9893796434625983,0.003072061101680839,0.4390949829817049,0.1950115374960319,0.07028345141131592,0.4390949829817049
0.0028104744851589203,0.8553730715066195,0.0030720297534381625,0.35105160875720837,0.24041003104124592,0.06347627627371503,0.35105160875720837
0.005662347190082073,0.9659248078241944,0.0030720267884437875,0.3511123689632396,0.2404373035184604,0.063443122213587,0.3511123689632396
0.005505849607288837,0.9595354106277227,0.0030720088763304875,0.3511094658705048,0.24043602240916492,0.06344393311054229,0.3511094658705048
0.0021081408485770226,0.827637136913836,0.0030719848764959715,0.35102121048858015,0.2404002112654303,0.06350877043965741,0.35102121048858015
0.002533598802983761,0.8436225419864058,0.003071934503229609,0.3510358151406327,0.2404058413008827,0.06349205977544461,0.3510358151406327
0.0037931082770228386,0.8920195242390037,0.0030719233820730853,0.3510740757355987,0.2404204579287924,0.06345892472142807,0.3510740757355987
0.6467202920466661,0.9517645388841629,0.003071906161351014,0.43520060111932585,0.19628949589390504,0.07006028372556876,0.43520060111932585
0.00462713185697794,0.9237577673047781,0.003071879785400637,0.3510891766751348,0.24042813593295978,0.06345247859977898,0.3510891766751348
0.006089271977543831,0.9803802305832505,0.0030717900967110095,0.35110502923419723,0.2404393638202014,0.06345444099965031,0.35110502923419723
0.005358959548175335,0.9504620870575309,0.003071705000790847,0.35109153293109885,0.24043340365040436,0.06345829567979154,0.35109153293109885
0.003753923811018467,0.8879972295835614,0.0030716906450907427,0.3510600445622376,0.2404187355134514,0.06347170488484294,0.3510600445622376
0.644423651508987,0.9258957859128714,0.003071633884766464,0.4269932578024247,0.1995077011810664,0.069985324164918,0.4269932578024247
0.0024335188791155815,0.8360967375338078,0.0030716071891128544,0.3510118637290951,0.2404022535434468,0.06351633334664189,0.3510118637290951
0.001680874265730381,0.8063060231506824,0.0030715916874363798,0.3509748160970647,0.2403904719391128,0.06356182427745698,0.3509748160970647
0.003628185950219631,0.8816078100353479,0.00307154753075717,0.35104866679679053,0.24041657560503307,0.06348159798827002,0.35104866679679053
0.0005582850426435471,0.7594296373426914,0.0030715304936863312,0.3508935138166675,0.24036705230004332,0.06368179380170026,0.3508935138166675
0.0003037191927433014,0.7458172803744674,0.0030713294363278443,0.35085506275516715,0.24035837793885745,0.06373913933512207,0.35085506275516715
0.0001242849975824356,0.7346060499548912,0.0030710877312338136,0.3508174312706644,0.24035048293497796,0.06379551067213315,0.3508174312706644
0.005466788075864315,0.9479476027190685,0.0030710777167975924,0.3510599894004284,0.2404312068685101,0.06348774572279116,0.3510599894004284
0.6434275591745973,0.9332381747663021,0.003071010743635995,0.42329632518717974,0.20111031497040685,0.07017533151497204,0.42329632518717974
0.00010231137275695801,0.7305837292224169,0.0030708645788408017,0.35079655702781204,0.2403471048928686,0.06382387022073459,0.35079655702781204
0.0033466871827840805,0.8632991146296263,0.0030708619753731905,0.3510008415049311,0.24040924900245744,0.06352600445694216,0.3510008415049311
0.004925974644720554,0.9240016639232635,0.0030708206115197772,0.3510374323425839,0.24042531285163982,0.06350234330832849,0.3510374323425839
0.7136870855465531,0.1013092752546072,0.0030707981148277064,0.6471143066943241,0.04577541286246922,0.07087328783427312,0.6471143066943241
0.001370004378259182,0.7836831333115697,0.0030707367424287137,0.35089790343790944,0.24037752584583658,0.06365236207747191,0.35089790343790944
0.0010975338518619537,0.7717501148581505,0.0030706857872484627,0.35087460419505034,0.24037126704951647,0.06368649159559309,0.35087460419505034
0.0014759181067347527,0.7866630088537931,0.003070621932371565,0.3508970633358026,0.24037864250316235,0.06365080285863037,0.3508970633358026
0.002226472832262516,0.816448388621211,0.003070584172499359,0.35093818349580197,0.2403917751822557,0.06359354297342688,0.35093818349580197
0.006121889688074589,0.9685696177184582,0.003070580599740749,0.35104270080023947,0.24043396233590653,0.0635104384543686,0.35104270080023947
0.0017992770299315453,0.7989630503579974,0.0030705495628145494,0.35091248332233266,0.24038418334530562,0.063627166084923,0.35091248332233266
0.0034506935626268387,0.8632336677983403,0.0030704866044677782,0.35098226761800105,0.24040816994358852,0.06354407274619127,0.35098226761800105
0.0061771683394908905,0.969130938872695,0.003070428051361828,0.35103543749944177,0.24043366269745692,0.06351753367228935,0.35103543749944177
0.004352161660790443,0.8960398631170392,0.0030702925258543736,0.3509964530870971,0.2404170091791055,0.06353486983841124,0.3509964530870971
0.005377265624701977,0.9358568452298641,0.003070280004465481,0.35101622891401396,0.24042649133273997,0.06352611892775752,0.35101622891401396
0.6449793670326471,0.9228246174752712,0.0030702698502894283,0.429065251662589,0.19858508948868242,0.06990869149192445,0.429065251662589
0.005265629850327969,0.9312988808378577,0.003070263309795851,0.35101345540775486,0.24042544262316798,0.06352746819095953,0.35101345540775486
0.0014066193252801895,0.7791089778766036,0.0030702300649438703,0.3508648447841214,0.24037372057225345,0.06368902494198848,0.3508648447841214
0.004797783680260181,0.9123694328591228,0.0030702015301701828,0.3510013104893819,0.24042087851943184,0.06353399970409686,0.3510013104893819
0.0006498396396636963,0.746340487152338,0.0030701974185101404,0.3507992589989962,0.24035522002295326,0.0637939834993332,0.3507992589989962
0.0021368442103266716,0.8079971531406045,0.0030701573765328834,0.3509057982243944,0.24038700184246062,0.06362892187391209,0.3509057982243944
0.6477143177762628,0.9777731047943234,0.003070157041188027,0.4385287630076295,0.19510765946048036,0.07023036276572896,0.4385287630076295
0.003143729642033577,0.8473398191854358,0.0030701245005170445,0.3509499750679697,0.24040196110628284,0.06357560942520266,0.3509499750679697
0.003261905163526535,0.8517078645527363,0.0030701030058109253,0.3509530879747972,0.24040337125018368,0.06357236050525816,0.3509530879747972
0.6427150228992105,0.9460083087906241,0.0030700786879155773,0.42060669119422855,0.20232229543246288,0.0704325797405712,0.42060669119422855
0.0050700632855296135,0.9199821297079325,0.003069921159161092,0.3509914403122746,0.2404219250004437,0.06354549783328976,0.3509914403122746
0.001884189434349537,0.7949291924014688,0.0030699099488928415,0.35087455903946896,0.24038044955801763,0.06366707806233238,0.35087455903946896
0.006026684306561947,0.9573807893320918,0.0030698948046070217,0.35100560086875054,0.24042994264573028,0.06354260773493567,0.35100560086875054
0.006728272885084152,0.9846089780330658,0.003069808661007536,0.351009735618625,0.24043488892948406,0.06354636234403915,0.351009735618625
0.6428715279325843,0.940664067864418,0.003069748442875541,0.42122028718650883,0.20201675497391325,0.07034215704162931,0.42122028718650883
0.004206210374832153,0.8844368001446128,0.0030697402387573048,0.3509617000184679,0.2404123294249321,0.06356635379069123,0.3509617000184679
0.6456569116562605,0.9265717202797532,0.003069726640441921,0.43154036609120816,0.19756367441571318,0.06988656858131197,0.43154036609120816
0.004034651443362236,0.8770860880613327,0.003069676104048896,0.35095326533968746,0.24041005548717254,0.06357348755426886,0.35095326533968746
0.006555713713169098,0.9761541532352567,0.0030696717600625254,0.3510006843409766,0.24043297098211608,0.06355266891226063,0.3510006843409766
0.001121295616030693,0.760158957913518,0.003069669430371995,0.35080159427352003,0.24036181093897835,0.06377224351519191,0.35080159427352003
0.0028958329930901527,0.8323574289679527,0.0030696485278766915,0.3509107550024682,0.24039525495595604,0.0636159237701271,0.3509107550024682
0.004459870979189873,0.8930523600429296,0.0030696254954973383,0.35096178955305624,0.24041436512179634,0.0635677884021771,0.35096178955305624
0.0038132481276988983,0.8676474262028933,0.003069598596537816,0.35094210677420484,0.24040702467814293,0.0635833952482148,0.35094210677420484
0.006689077243208885,0.9805903974920511,0.0030695842058968193,0.35099769326017466,0.2404335595781096,0.06355673753728491,0.35099769326017466
0.0031109442934393883,0.8399597117677331,0.00306957203711462,0.3509151839135005,0.2403978050200695,0.06361031130221655,0.3509151839135005
0.0009663552045822144,0.7521247221156955,0.003069566241399378,0.3507799448650566,0.24035679739861066,0.06380460233563069,0.3507799448650566
0.003611840307712555,0.8591964757069945,0.003069541985266195,0.3509321691894194,0.24040422054346863,0.06359268411763261,0.3509321691894194
0.0007527004927396774,0.7419880880042911,0.0030695143392949573,0.3507551864742445,0.24035038116153098,0.06384491428149222,0.3507551864742445
0.0015467535704374313,0.77561030164361,0.0030694574234650628,0.35082007248661645,0.24036959875495437,0.06373663591112393,0.35082007248661645
0.0004495512694120407,0.7261550994589925,0.0030693681759492507,0.35071004669588923,0.24033937603554645,0.06391923852087868,0.35071004669588923
0.0025727199390530586,0.8163915248587728,0.0030693669635026583,0.35087763570738145,0.24038820313937317,0.06365300333882089,0.35087763570738145
5.075056105852127e-05,0.7067157998681068,0.003069350405410609,0.3506572949736746,0.24032498360726737,0.06401680287897446,0.3506572949736746
0.007062511518597603,0.9926402801647782,0.0030692961957198162,0.3509869165646789,0.24043496751932875,0.06357015723892488,0.3509869165646789
0.005926568992435932,0.9457743847742677,0.0030691837761593105,0.35096662205009926,0.24042564303090647,0.0635765473287046,0.35096662205009926
0.0027366681024432182,0.8207672256976366,0.0030691765651382212,0.35087369446149574,0.2403894161144439,0.06365531343188302,0.35087369446149574
0.6435778057202697,0.9256942020729184,0.0030691000758901175,0.423906425107216,0.20075929747763552,0.07007860430232586,0.423906425107216
0.0019929343834519386,0.7883345885202289,0.003068971580209582,0.3508173751937493,0.24037453430932143,0.0637282044848619,0.3508173751937493
0.0031758705154061317,0.8355310242623091,0.00306894212115616,0.3508792472255379,0.24039438772167354,0.0636461266972717,0.3508792472255379
0.00109080970287323,0.7495131213217974,0.0030689362387969175,0.3507426985322204,0.24035327978487056,0.06384550470515518,0.3507426985322204
0.005821690894663334,0.9386971173807979,0.0030689103616277353,0.3509504076344194,0.24042338703034932,0.06359007945565255,0.3509504076344194
0.004560086876153946,0.8890338651835918,0.0030688882446788307,0.35092289819867306,0.24041121968389162,0.06360468014766521,0.35092289819867306
0.004875808954238892,0.9003573441877961,0.0030687961611610905,0.3509255473834557,0.2404139821569603,0.06360428710004447,0.3509255473834557
0.004021282307803631,0.8662927066907287,0.003068726602187941,0.3508979702693237,0.24040413999611215,0.06362619848917951,0.3508979702693237
0.6448335349559784,0.9188017006963491,0.003068721984901137,0.42856098519753877,0.1987375447010382,0.06989060948306643,0.42856098519753877
0.6480634054169059,0.9872161112725735,0.003068677835034884,0.43967542212599997,0.194693454791434,0.0702640427409455,0.43967542212599997
0.0023160548880696297,0.7977621089667082,0.0030686459149156836,0.35081582496176966,0.24037800644195756,0.06372313011508787,0.35081582496176966
0.0005169427022337914,0.7185723967850208,0.003068595342050994,0.3506514101928363,0.24033151620171064,0.0639942545896093,0.3506514101928363
0.006473858840763569,0.9610886415466666,0.0030685782488731423,0.3509425975916548,0.24042713820034184,0.06360387164449378,0.3509425975916548
0.00037490110844373703,0.711083791218698,0.0030685537522552164,0.35062906394380994,0.24032579282290772,0.06403426798414771,0.35062906394380994
0.00020997878164052963,0.7026976812630892,0.0030685420618210475,0.35060471179611946,0.24031920906932597,0.06408029456272729,0.35060471179611946
0.6476341327652335,0.9713985566049814,0.0030685418125460675,0.4383311672597342,0.19510455898501985,0.07018851793987282,0.4383311672597342
0.6421553650870919,0.9593467861413956,0.0030685399381974164,0.41847348010077395,0.20328947913985737,0.07069806349260789,0.41847348010077395
0.0071580372750759125,0.9882722850888968,0.0030685340373017857,0.35094866965865995,0.24043216386167984,0.06360539594311687,0.35094866965865995
0.001262575387954712,0.7518770070746541,0.0030685298818952404,0.35072731558760606,0.2403534595838776,0.06385733206698797,0.35072731558760606
0.0005497429519891739,0.7191242557018995,0.00306852292561471,0.35064919771164965,0.24033168861886214,0.0639952382244816,0.35064919771164965
0.005241823382675648,0.911639635451138,0.00306851275525788,0.3509180593107773,0.24041604482544454,0.06361404967524607,0.3509180593107773
0.6437846692278981,0.9216751446947455,0.0030684278052198113,0.42469151356665874,0.2003854330819275,0.07001707901527975,0.42469151356665874
0.6415351796895266,0.9863015161827207,0.003068383815635638,0.4159797293479096,0.20453250341902574,0.07111496994768407,0.4159797293479096
0.006840281188488007,0.972976746968925,0.0030683124869995827,0.3509334704165241,0.24042873679745244,0.06361584987333943,0.3509334704165241
0.005894043482840061,0.9341834122315049,0.003068220088341593,0.3509146937990352,0.24042051050909286,0.06362309013887853,0.3509146937990352
0.002339920960366726,0.7937401719391346,0.003068217622255127,0.35078831127942145,0.2403748636845213,0.0637529081396683,0.35078831127942145
0.6461710222065449,0.9303704546764493,0.0030681892240662033,0.4334165030363692,0.19677992285458978,0.0698837698866626,0.4334165030363692
0.004337985999882221,0.8716982677578926,0.0030680826802701997,0.35087057584908066,0.2404039656319528,0.06365316679376673,0.35087057584908066
0.002769193612039089,0.8091609943658113,0.0030680394948036007,0.3508020040398305,0.24038127180455413,0.06373038401647348,0.3508020040398305
0.0057929279282689095,0.9275907007977366,0.00306797662391824,0.3508997856828012,0.24041835380873625,0.06363564211302986,0.3508997856828012
0.0026661092415452003,0.8038316490128636,0.0030679390273432635,0.3507895113465143,0.2403786470472237,0.06374542742736344,0.3507895113465143
0.003775959834456444,0.8480001166462898,0.0030679295857005354,0.3508420334792665,0.24039589708602915,0.06368083267784205,0.3508420334792665
0.0009730793535709381,0.7303811917081475,0.0030678911534422447,0.3506459009417568,0.24033764467192803,0.06397499380035425,0.3506459009417568
0.0017097685486078262,0.7632454046979547,0.0030678849983104437,0.3507181459074746,0.24035811347844438,0.06385124354427069,0.3507181459074746
0.0072561707347631454,0.984249409288168,0.0030677913855739923,0.35091138667303434,0.24042944984607856,0.0636398233434055,0.35091138667303434
0.005163237452507019,0.9006031593307853,0.0030677676586707975,0.35087514109789153,0.24041118093698396,0.06365299823050634,0.35087514109789153
0.004655549302697182,0.880698966793716,0.003067765082989589,0.3508617624159826,0.2404057207081501,0.06366263705088109,0.3508617624159826
0.0024438081309199333,0.7922251438722014,0.0030677232841447035,0.3507612627330346,0.2403726699360493,0.06378064417329779,0.3507612627330346
0.007685204967856407,0.999517822638154,0.0030675748274019603,0.350904910151533,0.24043161054781656,0.0636496595031753,0.350904910151533
0.004045025445520878,0.8547052564099431,0.003067574448634361,0.3508308765106367,0.2403971409141819,0.06369131542417761,0.3508308765106367
0.002067331224679947,0.774361670948565,0.0030675445867731745,0.35072206606957584,0.24036315846845696,0.06383488072014228,0.35072206606957584
0.001645062118768692,0.7559629064053297,0.00306752843805575,0.3506855383297131,0.2403528101803255,0.06389309084056304,0.3506855383297131
0.00664567481726408,0.9567128568887711,0.0030675267338772035,0.3508897101031597,0.24042341370614934,0.06365318327231724,0.3508897101031597
0.003012736327946186,0.8127320362254977,0.003067489883942669,0.3507794937695568,0.24038117088298697,0.06375083149409225,0.3507794937695568
0.005029825493693352,0.8923211246728897,0.0030674819805776,0.3508558683067634,0.24040817695314015,0.06367006485769727,0.3508558683067634
0.004474298097193241,0.8705189330503345,0.0030674787733553886,0.35083983642946287,0.2404018941382675,0.06368291065413657,0.35083983642946287
0.003701324574649334,0.8397571761161089,0.0030674475294090757,0.3508097270677444,0.24039160159212292,0.0637133249306601,0.3508097270677444
0.0019319355487823486,0.7672825111076236,0.0030674378662301814,0.35070353580721203,0.24035900262839432,0.06386092576860185,0.35070353580721203
0.6468003205955029,0.942444964312017,0.0030674116791592244,0.43562622728321776,0.19594782752811973,0.06995894595902358,0.43562622728321776
0.0003357166424393654,0.6914250375702977,0.0030673773086207375,0.35051153639823723,0.2403060981571622,0.06420652483836915,0.35051153639823723
0.00018120836466550827,0.6830310244113207,0.003067372586656201,0.35048464263336465,0.24029875254351352,0.06426030141297646,0.35048464263336465
0.7093745097517967,0.548769592307508,0.003067349707756098,0.6567607022035581,0.06848285109790055,0.08746706711068439,0.6567607022035581
0.645183477550745,0.9171655522659421,0.0030673479939117287,0.42986792736517676,0.19814857868761787,0.06985214779177103,0.42986792736517676
0.00569466408342123,0.9159884983673692,0.003067251470363812,0.35085846664686005,0.24041361395091568,0.06367246413949444,0.35085846664686005
0.004992712289094925,0.8882983420044184,0.0030672419700114285,0.35084135890555024,0.24040639629725072,0.06368344144881095,0.35084135890555024
0.0069226669147610664,0.9647500300779939,0.0030672361982205455,0.3508783057807584,0.24042423950158778,0.06366624029461274,0.3508783057807584
0.006342287175357342,0.9413528945297003,0.0030672239385141587,0.35086897645392573,0.24041935945011653,0.06366885397047287,0.35086897645392573
0.00751369446516037,0.9883215175941586,0.0030671924917273752,0.35088334378400077,0.24042859237048678,0.06366748949674295,0.35088334378400077
0.6428047539666295,0.9339213659986854,0.003067147688051623,0.4210409280111636,0.2019902593582028,0.07027399548480687,0.4210409280111636
0.0033981753513216972,0.8239432014524937,0.0030671101419343706,0.3507749528922609,0.2403846378375912,0.06375102947549673,0.3507749528922609
0.6473478488624096,0.9583082282915711,0.0030670784814573466,0.4374573003339948,0.19532367593906325,0.07008873984586068,0.4374573003339948
0.0014151614159345627,0.7383243115618825,0.003066960375618083,0.35061798572242353,0.24034004718604415,0.06398806673541009,0.35061798572242353
0.0035602645948529243,0.828500178642571,0.00306693765206365,0.35077184583329823,0.24038591458664754,0.06375273132909663,0.35077184583329823
0.005599387921392918,0.9086454566568136,0.003066914459203024,0.3508379121097829,0.24041086092332933,0.06369058673309748,0.3508379121097829
0.006451903842389584,0.9414259688928723,0.003066820494638542,0.35084925662530275,0.24041827009067426,0.0636877621001969,0.35084925662530275
1.7047859728336334e-05,0.0053205545991659164,0.003066814659721537,0.35020683044706324,0.24029869897662604,0.06476150358038547,0.35020683044706324
0.0011280421167612076,0.7223011776804924,0.0030667697318813463,0.3505687244146155,0.24032840926025956,0.06406888616256029,0.3505687244146155
0.6443845862522721,0.9142940603196621,0.003066752555520752,0.4269429051680485,0.19934928807890503,0.0698981230488601,0.4269429051680485
0.641649192199111,0.9741833861917257,0.003066732473589543,0.41652287177202124,0.2041814513713029,0.07097304019344262,0.41652287177202124
0.005540002137422562,0.9040550999343395,0.003066703063995309,0.3508248669273745,0.24040910090103196,0.06370219538608408,0.3508248669273745
0.0035364022478461266,0.8244664138182998,0.0030666617462513633,0.35075331274281163,0.24038352961045947,0.06377204815594578,0.35075331274281163
0.007369713857769966,0.9767159810289741,0.0030666610820018784,0.350854066497713,0.24042500629720975,0.06369245182880343,0.350854066497713
0.0012540705502033234,0.7267226641997695,0.0030666553854068472,0.35057428678259533,0.2403311948644767,0.06405395347380104,0.35057428678259533
0.0029804492369294167,0.801633189432323,0.0030666345660968525,0.350721290985758,0.24037378317339833,0.06381378091082282,0.350721290985758
0.006791488267481327,0.9526910278946161,0.003066601835319395,0.35084301823161523,0.24042006918539072,0.0636967212972519,0.35084301823161523
0.0008870596066117287,0.7073761029168963,0.0030665514678222933,0.3505169765548193,0.24031647105388118,0.0641562623124708,0.3505169765548193
8.306000381708145e-05,0.6633864864706993,0.0030665429728812866,0.3503750447176175,0.2402774692802072,0.06444270561039361,0.3503750447176175
0.00024620164185762405,0.6727578015998006,0.003066531335386629,0.3504072937718194,0.24028650018249603,0.06437435187971492,0.3504072937718194
0.0015535000711679459,0.7382674496620893,0.003066476341846902,0.35059342553263667,0.24033848950999537,0.06401266225027431,0.35059342553263667
0.6446541082113981,0.9133960837498307,0.0030664352888918954,0.4279413163778806,0.19891537643099222,0.06986886134412688,0.4279413163778806
0.6429000226780772,0.9295614659786224,0.003066427812207274,0.42142076775032167,0.2017837944428587,0.07021128901434681,0.42142076775032167
0.6422554804012179,0.9477451536804438,0.003066409660059567,0.41894579750737315,0.20296106717869505,0.07053506621461376,0.41894579750737315
0.0062488978728652,0.9287777598947287,0.003066391253309445,0.35082262619722404,0.24041425674565303,0.0637100314875012,0.35082262619722404
0.003304547630250454,0.8118448741734028,0.003066371664497109,0.35072263752906785,0.2403774877681707,0.06380702857829909,0.35072263752906785
0.0022305846214294434,0.7649990059435368,0.003066206495786444,0.3506373307023906,0.2403539551541688,0.06392923085377548,0.3506373307023906
0.6481004999950528,0.9831941481679678,0.0030662013136026427,0.43988697263974225,0.1945266110249489,0.07024064936602653,0.43988697263974225
0.6420475440099835,0.9547430453822017,0.003066178944648565,0.418136800934839,0.20334895698952044,0.0706624956843989,0.418136800934839
0.007977735251188278,0.9960781298577785,0.003066139673518123,0.3508341575082962,0.24042717325975413,0.06371599141121574,0.3508341575082962
0.001160300336778164,0.7149105239659548,0.0030661329889032553,0.3505167443830994,0.24032091818564708,0.06413780343047024,0.3505167443830994
0.6414370462298393,0.9822834124788642,0.0030661208755530306,0.415683699670134,0.2045803519510602,0.07110212913534113,0.415683699670134
0.004193960689008236,0.8444702196866274,0.003066098033261455,0.35074777765983794,0.24038937228637336,0.06377308265534486,0.35074777765983794
0.0008041737601161003,0.6957734087482095,0.00306606023918624,0.35045775501904,0.24030544965022954,0.06424782806712254,0.35045775501904
0.6432558065280318,0.9220347134396434,0.003066059837360326,0.4227660405589228,0.20115460162582577,0.07008590904451903,0.4227660405589228
0.000723925419151783,0.6913595926016569,0.0030660493752443594,0.35044357853652736,0.24030166726320004,0.06427534542479574,0.35044357853652736
8.966773748397827e-06,0.6494050491601229,0.003066032460703571,0.3502970406144158,0.24026136168326936,0.06458093075082177,0.3502970406144158
0.002391735091805458,0.7690175157040358,0.003065966353069281,0.35063302808289865,0.24035545654046814,0.06392876961925162,0.35063302808289865
0.0016383379697799683,0.7342484630644321,0.003065879021828058,0.35055367228610995,0.24033392478888613,0.06405969167799566,0.35055367228610995
0.0021046232432127,0.754703308455646,0.0030658243044382727,0.35059720654285315,0.24034678792329062,0.0639825947042213,0.35059720654285315
0.004260839894413948,0.8428331539034843,0.0030657056274522227,0.35072663053002906,0.24038764882568384,0.06379392325362311,0.35072663053002906
0.005627835169434547,0.8967725215479732,0.0030656934015276024,0.35077071381357317,0.24040434864490268,0.06375307050818144,0.35077071381357317
0.0006305882707238197,0.678772984072566,0.003065582218763146,0.35037901590769616,0.2402889192619977,0.06438166574207924,0.35037901590769616
0.002530081197619438,0.7700747819617391,0.003065564441684943,0.35061486937584385,0.240354804861301,0.06394554578567974,0.35061486937584385
0.6484645260497928,0.9971682773903012,0.003065559601430407,0.44099000803712873,0.1941931339656522,0.07027789089203214,0.44099000803712873
0.00046844687312841415,0.6687235599383712,0.0030655392215609284,0.3503423942906841,0.24027928439574975,0.0644552587664636,0.3503423942906841
0.004644949920475483,0.856204790994525,0.003065532219734245,0.3507312429939746,0.24039176026463724,0.06378819064169544,0.3507312429939746
0.00192343071103096,0.7426432082429528,0.003065519676177244,0.35055532050184496,0.2403383346735687,0.06404302760883963,0.35055532050184496
0.648387492634356,0.9935448197647929,0.0030655124336412625,0.44077357713076865,0.19424603135552093,0.07027098219101824,0.44077357713076865
0.006211680360138416,0.9171874783933163,0.0030654385162992713,0.35077008118456177,0.2404088617560068,0.06375775605662291,0.35077008118456177
0.0007715960964560509,0.6841862807050347,0.00306543232439776,0.3503891893491899,0.2402933298197666,0.06435308350499573,0.3503891893491899
0.00636232178658247,0.922754948027432,0.003065398647305314,0.35077099808082074,0.24041009293884527,0.06375814632971864,0.35077099808082074
0.002867397852241993,0.7819443717598915,0.0030653539892385308,0.3506258072535793,0.24036044928949934,0.06392265675714628,0.3506258072535793
0.004104595631361008,0.8325374191626906,0.0030653374873953533,0.3506970814262458,0.240382774147607,0.06382476691517285,0.3506970814262458
0.005324447527527809,0.8809395330026746,0.003065332516481402,0.35074199918930155,0.24039889279820376,0.06377862622534074,0.35074199918930155
0.004572625271975994,0.8508754530921578,0.0030653057947006117,0.3507149525301486,0.24038930503192268,0.06380437480574949,0.3507149525301486
0.6476859021931887,0.9658399671316147,0.0030653015890365048,0.4386131355762067,0.19488136191963512,0.07013951103323436,0.4386131355762067
0.0034465817734599113,0.8053108965978026,0.003065289058587275,0.35065955411680916,0.24037141627781672,0.06387231235310903,0.35065955411680916
0.005017281509935856,0.8678345801308751,0.003065243238141642,0.3507272328993241,0.24039467892214528,0.06379203576485978,0.3507272328993241
0.00030976999551057816,0.018415006808936596,0.003065217832841041,0.35007698315721436,0.24028206077829253,0.06496218781301008,0.35007698315721436
0.0013394439592957497,0.7105506481602788,0.003065209266551616,0.3504577591732109,0.2403145981618887,0.06420765089806345,0.3504577591732109
