x1,x2,ensemble_ei,ensemble_mu_mean_model,ensemble_sigma_mean_model,ensemble_mu_std_model,ensemble_mu_mean_original_approx
0.7175879441201687,0.9968841169029474,2.975540637513472e-05,0.5900163547476215,0.11590174165581883,0.07193546134941103,0.5900163547476215
0.7174084950238466,0.9914709227159619,2.9729770546595764e-05,0.5920795861959518,0.11523547285210958,0.07307106173152958,0.5920795861959518
0.7173846289515495,0.9798834761604667,2.9630781044729136e-05,0.5924364575687963,0.11489817283645239,0.07403912828907794,0.5924364575687963
0.717284556478262,0.9810246638953686,2.9616765825884227e-05,0.5935024779849227,0.11461817857793291,0.0745218471993498,0.5935024779849227
0.7178649324923754,0.9887879965826869,2.9588795865300375e-05,0.587185004924514,0.11648313294904375,0.07071119276827624,0.587185004924514
0.7170622553676367,0.9850580599159002,2.9536254506749165e-05,0.5958643089700266,0.11400097591569759,0.07547288368854989,0.5958643089700266
0.7169594094157219,0.9953311765566468,2.9534671985685537e-05,0.5968398344075312,0.11388756546881931,0.07547721138652626,0.5968398344075312
0.7176610035821795,0.9681355897337198,2.951711463811674e-05,0.5896806818808773,0.11539878896146318,0.07309952018228746,0.5896806818808773
0.7177318539470434,0.9696560651063919,2.950523338895055e-05,0.5888778069106925,0.11563921021134725,0.07265325041236638,0.5888778069106925
0.7179478779435158,0.9771972084417939,2.9445079233898936e-05,0.5864006083193473,0.11642472670530553,0.07108810523942415,0.5864006083193473
0.7173368381336331,0.9578474806621671,2.944242378370629e-05,0.593500502673916,0.1141584974856573,0.07510259350859445,0.593500502673916
0.7174979886040092,0.9462558915838599,2.9388259200450092e-05,0.5921956967572152,0.1143258614478059,0.074141987137378,0.5921956967572152
0.7171946773305535,0.956187492236495,2.9371748903685384e-05,0.5950930511569537,0.11366861037786262,0.075926859739172,0.5950930511569537
0.7177749266847968,0.9484548205509782,2.934861501211978e-05,0.589115542971117,0.11517404728445606,0.07259941205453976,0.589115542971117
0.7176237115636468,0.940904051065445,2.9345579750549974e-05,0.5910451891879069,0.1145452027938619,0.07337553165479205,0.5910451891879069
0.7180278357118368,0.9718530979007483,2.9345311904464605e-05,0.5856358845618599,0.11648963013007033,0.07093664639499696,0.5856358845618599
0.7182348780333996,0.9990835301578045,2.933220999838393e-05,0.5829502091710332,0.11769310719195034,0.06848994429861036,0.5829502091710332
0.7174654183909297,0.9336730679497123,2.930454326037744e-05,0.5930488124204997,0.11388928490301714,0.07418597963906531,0.5930488124204997
0.7179952459409833,0.9600411681458354,2.929265731218722e-05,0.58631881472321,0.11608007718115934,0.07139427566497938,0.58631881472321
0.7171098990365863,0.9521499536931515,2.9288919844493172e-05,0.5961582220358334,0.11328567412969318,0.07641408779185516,0.5961582220358334
0.717530426569283,0.9293207675218582,2.9280460325097875e-05,0.5925192123315878,0.11396435347142102,0.07375840102312069,0.5925192123315878
0.716861205175519,0.9756877003237605,2.9256554805666343e-05,0.598119223472717,0.11309898241252503,0.07734275092705888,0.598119223472717
0.7180983973667026,0.9654469452798367,2.9243306180334027e-05,0.5850381607332911,0.11649248714916473,0.07075625940086698,0.5850381607332911
0.7178684500977397,0.9373330259695649,2.9239239625548325e-05,0.5885340447584408,0.11512437448985877,0.07196423559148137,0.5885340447584408
0.7167639639228582,0.9827667558565736,2.9207565530876865e-05,0.5990809248943741,0.11293684748107177,0.07738785911817676,0.5990809248943741
0.7177507495507598,0.917714724317193,2.9174810086136232e-05,0.5905916029699405,0.11428119568402138,0.07235507648584191,0.5905916029699405
0.7170296357944608,0.9419381944462657,2.9150067765461784e-05,0.5974284901656666,0.11274515324198442,0.07680402048288916,0.5974284901656666
0.7183730974793434,0.9931370159611106,2.9140028281045043e-05,0.5816411815858732,0.11786207692965693,0.06780249061723728,0.5816411815858732
0.717081150971353,0.9334865026175976,2.9132170843557337e-05,0.597217467590314,0.11268696166714953,0.07640324871402161,0.597217467590314
0.7173653775826097,0.9064578907564282,2.9106836416820894e-05,0.5952422907897449,0.11287205237672605,0.07438759029091066,0.5952422907897449
0.7172270389273763,0.9138234760612249,2.9094415543689918e-05,0.5964455125872592,0.11263543357880339,0.07528913905992253,0.5964455125872592
0.7168245753273368,0.9615851575508714,2.9084690101515834e-05,0.5988830733271369,0.1125898354400028,0.07805416886166805,0.5988830733271369
0.717295054346323,0.9057811191305518,2.9074979642195506e-05,0.5960358296025694,0.11263904758500169,0.07478407262198421,0.5960358296025694
0.7179057383909822,0.9101202366873622,2.9065283803183913e-05,0.5892068899114316,0.11449845538858604,0.07138510479121477,0.5892068899114316
0.7177031431347132,0.8945846855640411,2.9051403146565915e-05,0.5920376276519882,0.11354847243169465,0.07229921339474364,0.5920376276519882
0.7166027091443539,0.9867891846224666,2.900662314466356e-05,0.6007845472726983,0.11245080068319055,0.07799955743648117,0.6007845472726983
0.7181984344497323,0.9382197018712759,2.8998774548109812e-05,0.5849239461352501,0.11598886915634207,0.07017039673035988,0.5849239461352501
0.7176201939582825,0.8829830829054117,2.8993624451419245e-05,0.5934111179218131,0.11302125591759606,0.07260845471911866,0.5934111179218131
0.7180696194991469,0.9145416133105755,2.8983860447444778e-05,0.5872474999533348,0.11503587277176776,0.07054624767750686,0.5872474999533348
0.7179763503372669,0.9026103848591447,2.8983405828861063e-05,0.5887346852237653,0.11448606100788572,0.07088939646163661,0.5887346852237653
0.7171911597251892,0.898873295634985,2.8971089056065596e-05,0.597451419640514,0.11213659681480487,0.07529212242970255,0.597451419640514
0.7175021003931761,0.8785691307857633,2.8961963690780427e-05,0.5948827968520498,0.11257088025889234,0.07322104635450812,0.5948827968520498
0.718412222340703,0.9734892444685102,2.8961224969133562e-05,0.5814617059218946,0.11746514902597376,0.06880625237115011,0.5814617059218946
0.7183024482801557,0.94462398160249,2.8926325660698292e-05,0.5835542180807797,0.11641231291691641,0.0696842603304154,0.5835542180807797
0.7176832454279065,0.8721733661368489,2.8923396371466076e-05,0.5931539650602676,0.11292746636129458,0.07210526553714192,0.5931539650602676
0.716940158046782,0.9222753820940852,2.8917503788842397e-05,0.5992073049080894,0.11192239473271068,0.07708232809560643,0.5992073049080894
0.7182307662442327,0.9261443223804235,2.8905250866080827e-05,0.585041672891945,0.11574018192347628,0.06983585774788537,0.585041672891945
0.7178324442356825,0.8753941087052226,2.890372715729258e-05,0.5913884876768837,0.11341390604369424,0.07131098929632194,0.5913884876768837
0.7185382656753063,0.9837085399776697,2.8865632454846275e-05,0.5799699725899654,0.11801207616587049,0.06750545817299805,0.5799699725899654
0.7169181285426021,0.9182519996538758,2.8863173357203726e-05,0.5996136769652445,0.11174253420689208,0.07715769204301466,0.5996136769652445
0.7181176487356424,0.8982503768056631,2.8860813113336636e-05,0.5873645103024486,0.11472853529909843,0.07005427945573761,0.5873645103024486
0.7184483399614692,0.9642685642465949,2.8859534513940907e-05,0.5813008171229266,0.11729270737732725,0.06891012246296387,0.5813008171229266
0.7166776759549975,0.9549904195591807,2.8822567790691674e-05,0.6006975405156509,0.11189229453023257,0.0789616704750554,0.6006975405156509
0.7173130763694644,0.865783991292119,2.8821719181119223e-05,0.5974752507113029,0.11168977670625355,0.07413888297668224,0.5974752507113029
0.7175181964412332,0.8541970476508141,2.881519560823261e-05,0.5956905618423738,0.1120182437034516,0.07280568237146748,0.5956905618423738
0.7171520385891199,0.8792134579271078,2.880975609682728e-05,0.5986886550435915,0.11151736825772883,0.07525453298265243,0.5986886550435915
0.7183309579268098,0.9254456358030438,2.879895496439189e-05,0.5839814948704491,0.11595756922724007,0.0692893402982843,0.5839814948704491
0.7179602487012744,0.8645663894712925,2.8786636831295632e-05,0.5904141223295294,0.11347745826438371,0.07045492261383098,0.5904141223295294
0.7178144166246057,0.852975158020854,2.8784429574123015e-05,0.5924772336968538,0.11281127299438967,0.07111270664738033,0.5924772336968538
0.7181415110826492,0.8866435252130032,2.8781695997422145e-05,0.5875588839194391,0.11448759654967482,0.06976233012320023,0.5875588839194391
0.7164385784417391,0.9940940551459789,2.8770853996089012e-05,0.6024560440738053,0.1120005395214772,0.07851957505710148,0.6024560440738053
0.7175984075292945,0.8449467187747359,2.8767706682406956e-05,0.5951785321273504,0.1120245259700948,0.07222829052909073,0.5951785321273504
0.7166539141908288,0.9509724313393235,2.875126405381401e-05,0.6011085877760758,0.11169708875385627,0.07909362181395672,0.6011085877760758
0.7175503093749285,0.8423265935853124,2.8748243312732368e-05,0.5958143013154774,0.11182515731721311,0.07246912724228506,0.5958143013154774
0.7169878520071507,0.8904862338677049,2.8738651396909796e-05,0.6000141283576635,0.11126430209906311,0.07636950262843777,0.6000141283576635
0.7181394444778562,0.8738859249278903,2.8717849658592367e-05,0.5880808765277715,0.11415796268717568,0.06959799192616317,0.5880808765277715
0.7171729495748878,0.8607453713193536,2.8701212230524416e-05,0.5992195609156102,0.11113113003040923,0.07488881208729407,0.5992195609156102
0.7184157399460673,0.921427502296865,2.8684120406874777e-05,0.5832168081405669,0.11604352168768471,0.06878237817714643,0.5832168081405669
0.7174474112689495,0.8330146539956331,2.8669710170690083e-05,0.5973253150884347,0.11130655362281852,0.0729419646842759,0.5973253150884347
0.7178845666348934,0.8347214944660664,2.866021874997753e-05,0.592425013250541,0.11255457725401943,0.07048556175925295,0.592425013250541
0.7186974342912436,0.9877471774816513,2.8659605509477375e-05,0.5782228755217226,0.11845050707198672,0.06641756357036949,0.5782228755217226
0.7182835526764393,0.886823414824903,2.8656765104627e-05,0.5859985044615165,0.11483083443667005,0.0689974839465707,0.5859985044615165
0.7171357171609998,0.85671057831496,2.8644485361012658e-05,0.5997942163888975,0.1109154392384099,0.07505457055275988,0.5997942163888975
0.7167674815282226,0.9111729441210628,2.8613292747273067e-05,0.60154187801538,0.11104019192780827,0.07795380489724554,0.60154187801538
0.717772550880909,0.8150955652818084,2.8584595527745843e-05,0.594439630633196,0.11179682575552236,0.07086964754763142,0.594439630633196
0.7179237511008978,0.8231336902827024,2.8582605251899857e-05,0.5924470443064136,0.112379701091483,0.0701222472684376,0.5924470443064136
0.7168286871165037,0.8945051757618785,2.8574475363585058e-05,0.6015785235066543,0.11082688059846074,0.07736516609228097,0.6015785235066543
0.7186274686828256,0.9539875984191895,2.8565541350964837e-05,0.5797050420184346,0.11739729165269212,0.06803872784859885,0.5797050420184346
0.7181614181026816,0.8466540286317468,2.8563021204177456e-05,0.5889018500611126,0.11353342045861309,0.06911466620913488,0.5889018500611126
0.7173492666333914,0.8214244619011879,2.8558307810265175e-05,0.5988788430442662,0.11074535259660974,0.07336665506430158,0.5988788430442662
0.7187861436977983,0.9922097222879529,2.854517175497292e-05,0.5772116069581383,0.11874068163876489,0.06574127037086383,0.5772116069581383
0.7172433454543352,0.8269818825647235,2.8530615048650695e-05,0.5998251211842401,0.1105515742756232,0.07405085234827107,0.5998251211842401
0.717679250985384,0.803024030290544,2.8526943954348183e-05,0.5959530099066987,0.11126690500309408,0.07125311116182226,0.5959530099066987
0.7186495019122958,0.9499534014612436,2.851493154165956e-05,0.5796104882155102,0.11733149230033431,0.06790597581755138,0.5796104882155102
0.7182089556008577,0.8411032659932971,2.8498001946095853e-05,0.5885932981655,0.11351032840928925,0.06878451184198175,0.5885932981655
0.7164014205336571,0.9744319822639227,2.8495967756976417e-05,0.6030564048799366,0.11141090830875978,0.08013557648143733,0.6030564048799366
0.718263397924602,0.8486878592520952,2.848881751073126e-05,0.5876993781490045,0.11382331332112486,0.06858925591725511,0.5876993781490045
0.7167351935058832,0.9010999137535691,2.8487514324078153e-05,0.6023162107594302,0.11066839979653106,0.07800997763352598,0.6023162107594302
0.7185341538861394,0.910162553191185,2.8487222111796468e-05,0.5823645198572662,0.11600400724145762,0.0679986302465254,0.5823645198572662
0.7170099271461368,0.8503975607454777,2.8480361510907254e-05,0.6014362556771955,0.11035707833649777,0.0757140620801551,0.6014362556771955
0.7180172894150019,0.8105470221489668,2.847299279602326e-05,0.5919015802386299,0.11231828291116021,0.06945036166688723,0.5919015802386299
0.7180497273802757,0.8138755718246102,2.8472208225389426e-05,0.5914121109086119,0.11247608736417446,0.06931192424350151,0.5914121109086119
0.7173167113214731,0.8103064522147179,2.8471388810080868e-05,0.5996889571786732,0.11039261890797063,0.0734227288921565,0.5996889571786732
0.7176400702446699,0.7914175363257527,2.8460818434454457e-05,0.59684803944248,0.11089627509545202,0.07134195529422495,0.59684803944248
0.7170993760228157,0.8310199240222573,2.843954355777209e-05,0.601250034678064,0.11019237838799373,0.07494445306324199,0.601250034678064
0.7165128728374839,0.9436059053987265,2.843854715551259e-05,0.6029201673478627,0.110983108753962,0.07988114376621622,0.6029201673478627
0.7185058575123549,0.8908456908538938,2.8433316899108307e-05,0.5834149512332486,0.11543473000628782,0.0678730618708562,0.5834149512332486
0.7165605695918202,0.9308173740282655,2.8423762446661205e-05,0.6029447647492355,0.11081498237849757,0.0794490044429448,0.6029447647492355
0.7168488362804055,0.8700415473431349,2.8421654481862807e-05,0.6023838288475222,0.11028935153703648,0.07692164969295391,0.6023838288475222
0.7177950441837311,0.783335629850626,2.840770145818094e-05,0.5954371875858275,0.11112926496314471,0.0703735351394407,0.5954371875858275
0.7185705453157425,0.9020492676645517,2.840376224753451e-05,0.5822800242962657,0.11586712873765168,0.06769277897959318,0.5822800242962657
0.7180820442736149,0.8022885033860803,2.839490426807843e-05,0.5915027089516314,0.11228334645999329,0.06899535178065741,0.5915027089516314
0.7172146122902632,0.8068535579368472,2.8380603122778624e-05,0.6009614277961315,0.11000253868567503,0.07397827783028833,0.6009614277961315
0.7174759358167648,0.7830898184329271,2.8380009781700175e-05,0.5990084527356964,0.1102500709034598,0.07218953171399366,0.5990084527356964
0.717842903919518,0.7788766454905272,2.8374369075976717e-05,0.59507671177399,0.11115307269980308,0.07005525708533866,0.59507671177399
0.7183530237525702,0.8386116698384285,2.8357240502488892e-05,0.5871004109901957,0.11377972978795961,0.06797708917548427,0.5871004109901957
0.7184837767854333,0.8683351799845695,2.835604472615589e-05,0.584520907967146,0.11480838541838632,0.0676776835957508,0.584520907967146
0.7174286367371678,0.7796064391732216,2.834112184852039e-05,0.5996749582921936,0.11003687752428977,0.07242463439691055,0.5996749582921936
0.717569681815803,0.7713401531800628,2.8337888184793552e-05,0.5984263021125413,0.11025539204103176,0.0715232761108812,0.5984263021125413
0.7163688289001584,0.9632647894322872,2.831296027946207e-05,0.6037016471044736,0.11098315889821928,0.08073957812545747,0.6037016471044736
0.7187392180785537,0.9298212919384241,2.8294039124906084e-05,0.5793912436767659,0.11696209222523553,0.06721525130775698,0.5793912436767659
0.7177155101671815,0.7597370864823461,2.8287604674022206e-05,0.5972478104191683,0.11039689060540459,0.070570284565391,0.5972478104191683
0.716919993981719,0.8373945485800505,2.8282467131140516e-05,0.6029636031412452,0.10975281880754588,0.07608397742315141,0.6029636031412452
0.7181801926344633,0.7906863046810031,2.827414660058892e-05,0.590857680909848,0.11224627756289074,0.06832356443733642,0.590857680909848
0.7162993215024471,0.9708493845537305,2.8229924516961102e-05,0.6042203280184237,0.11092582928847912,0.08092949546603073,0.6042203280184237
0.7187745198607445,0.9251298746094108,2.8221362744288823e-05,0.5791868697098307,0.11690521663779378,0.06696929875205054,0.5791868697098307
0.7188897263258696,0.9644319461658597,2.821531317474636e-05,0.5765496031641867,0.1182206784074272,0.06663733742823337,0.5765496031641867
0.7164803622290492,0.9244505073875189,2.8214514346039038e-05,0.6040777741538004,0.11035056968232869,0.07984730604995097,0.6040777741538004
0.7179277455434203,0.7516608722507954,2.8210420811744957e-05,0.5951788170818276,0.11076330013696331,0.06929428781352458,0.5951788170818276
0.718046092428267,0.7599809868261218,2.8204502488604084e-05,0.5935325108415813,0.11123449932214838,0.06872260747573383,0.5935325108415813
0.7185868760570884,0.8619682257995009,2.8203842645836575e-05,0.5836342568319212,0.11486586221974049,0.06705067007391176,0.5836342568319212
0.7175629651173949,0.7462149681523442,2.8194833390188922e-05,0.5994876089764231,0.1096927193042333,0.07130592439368953,0.5994876089764231
0.7186687532812357,0.8823870420455933,2.8187269162980878e-05,0.5819606108140466,0.11555747960452938,0.066905710726177,0.5819606108140466
0.7183204386383295,0.7952824160456657,2.8185169882954115e-05,0.5891210376351609,0.11267098117300688,0.06761830824277831,0.5891210376351609
0.7184359095990658,0.8189685512334108,2.8183478983524177e-05,0.5869369743397526,0.113484938807022,0.0672869940636237,0.5869369743397526
0.7171317227184772,0.7871909746900201,2.818248168116154e-05,0.6026801767786666,0.10930684195937086,0.07424233645294338,0.6026801767786666
0.7174066668376327,0.7523940075188875,2.8170396938794547e-05,0.601000113198278,0.10938383687272553,0.0722690899150695,0.601000113198278
0.7166350185871124,0.881451996974647,2.816802849501773e-05,0.6042340950790436,0.10981921742816939,0.07834769178466884,0.6042340950790436
0.7189454911276698,0.9728065570816398,2.8167112759337996e-05,0.5757459237089219,0.11856090118107838,0.06610813737354265,0.5757459237089219
0.7178361499682069,0.7386021800339222,2.8165532011432144e-05,0.5967096009594571,0.11025068468757246,0.06967979307188704,0.5967096009594571
0.7167133884504437,0.8629643656313419,2.81627983116458e-05,0.6041603627166765,0.10964754079985858,0.0776383924759221,0.6041603627166765
0.7188678719103336,0.9450329830870032,2.8162274002481897e-05,0.5774356628809366,0.11763545940665664,0.06674921700826612,0.5774356628809366
0.7182512162253261,0.7715864339843392,2.8131662341678268e-05,0.5907946242167735,0.11197024979261755,0.06772463666208825,0.5907946242167735
0.718515919521451,0.8252740921452641,2.812548304800653e-05,0.5858123925292472,0.11380747742347934,0.06694299370443922,0.5858123925292472
0.7174371713772416,0.7417786289006472,2.812382630540397e-05,0.6010754375869334,0.1092460851769596,0.07198922028228029,0.6010754375869334
0.7168960683047771,0.8177461810410023,2.81127748311166e-05,0.6040412608798572,0.10922159126448654,0.0759886951904957,0.6040412608798572
0.7170135620981455,0.7945497613400221,2.810431462689449e-05,0.6036942272848176,0.10909136284475668,0.07502286204547379,0.6036942272848176
0.7172627178952098,0.7553891399875283,2.8096324277986963e-05,0.6024955685394702,0.10902358289571414,0.07313850347582405,0.6024955685394702
0.7179344622418284,0.7270148526877165,2.8084795439582733e-05,0.5960441258893705,0.1102455348753412,0.06902148205061469,0.5960441258893705
0.7177222641184926,0.7189844166859984,2.807065523527875e-05,0.5987454827225636,0.1095420469753297,0.07014561115690478,0.5987454827225636
0.7184644043445587,0.7993019539862871,2.8065910751972184e-05,0.5873685009843329,0.11307663030498544,0.06689765444259116,0.5873685009843329
0.7176705896854401,0.7183155091479421,2.8062979906185898e-05,0.5993549157042637,0.10939303966107969,0.07043408663319227,0.5993549157042637
0.7186869727447629,0.857931044884026,2.8057711448476452e-05,0.5826901561076653,0.11496802498041707,0.06647669153382704,0.5826901561076653
0.7173981545493007,0.7301879599690437,2.8036770727747767e-05,0.6019689513948356,0.10889159003549716,0.07210855403784877,0.6019689513948356
0.7180375577881932,0.7226467588916421,2.8026827208210908e-05,0.5950462366329586,0.11039807505758345,0.06840937543244278,0.5950462366329586
0.7183570181950927,0.7675091195851564,2.802643348097008e-05,0.5897666000917939,0.1121097406116806,0.0671107995070547,0.5897666000917939
0.718259728513658,0.7498749298974872,2.802494435765656e-05,0.5915206527510541,0.11149990650701987,0.06745152336549352,0.5915206527510541
0.7165321242064238,0.8877575062215328,2.8021555497981633e-05,0.6050835419722788,0.10960171058523485,0.07904854724539757,0.6050835419722788
0.7170423353090882,0.7750475211068988,2.8009035066996137e-05,0.6041685600277314,0.1087596288800667,0.07463981545403825,0.6041685600277314
0.7163973087444901,0.9204161576926708,2.800272875397589e-05,0.6051431394731434,0.10993304493245634,0.08029365065653056,0.6051431394731434
0.7162248799577355,0.9663896253332496,2.8002560363292444e-05,0.6051338178256556,0.11051491733568825,0.08153418061931954,0.6051338178256556
0.7167873755097389,0.824338985607028,2.7998667397125563e-05,0.6049663732226922,0.10900169692628142,0.07671632686798646,0.6049663732226922
0.7188184605911374,0.8875973867252469,2.7998066916771287e-05,0.5801305835776432,0.11599024953714585,0.06621085989738068,0.5801305835776432
0.7160943653434515,0.9980655154213309,2.798854925606936e-05,0.6059958703469936,0.11076479626364032,0.08049716882890999,0.6059958703469936
0.7180086653679609,0.7107162214815617,2.7980896965859355e-05,0.5958210807327261,0.11007538312241233,0.06846645014343168,0.5958210807327261
0.7183942468836904,0.7634863331913948,2.797524189307265e-05,0.5895018624560407,0.11209756487576136,0.06686875826609216,0.5895018624560407
0.7180886715650558,0.7151447786018252,2.79680914270658e-05,0.5947507690855617,0.11035565602800418,0.06806160263059534,0.5947507690855617
0.717803705483675,0.699124513193965,2.796772402711875e-05,0.5985779784405891,0.10933500664386898,0.06952069159557728,0.5985779784405891
0.7191017540171742,0.9840562492609024,2.7960941488303243e-05,0.5739179491270628,0.11914631277459053,0.06466761613804047,0.5739179491270628
0.7166151395067573,0.8589414935559034,2.7957442422517492e-05,0.6054028992697362,0.10920113265736092,0.0781766980834955,0.6054028992697362
0.7172560011968017,0.7307178480550647,2.7941963249488523e-05,0.6035492620694414,0.10848687496075263,0.072944192300209,0.6035492620694414
0.71860565058887,0.8066067965701222,2.7941053010305227e-05,0.5855261237110496,0.11354117865406581,0.06624245970303298,0.5855261237110496
0.7176486942917109,0.6910883849486709,2.7915872156755832e-05,0.6006403501545322,0.10877347313934602,0.07034139174133922,0.6006403501545322
0.7190386354923248,0.9532436672598124,2.791405838337297e-05,0.5753076750911826,0.11818544815765,0.06595395768893271,0.5753076750911826
0.7191408192738891,0.9878493044525385,2.791133405450625e-05,0.5734641469943923,0.11930958654394029,0.06423144143286655,0.5734641469943923
0.7183637348935008,0.7423405423760414,2.7908470485205985e-05,0.5906358833860011,0.11155642278255656,0.06681649782193458,0.5906358833860011
0.7178931906819344,0.6865417491644621,2.789502862201515e-05,0.5980336875600325,0.10929423756300945,0.0689220269474992,0.5980336875600325
0.718722902238369,0.8293078457936645,2.7889904670985226e-05,0.5833760859715423,0.1143244902746722,0.0659164794841514,0.5833760859715423
0.718979524448514,0.9213544623926282,2.7884318187609286e-05,0.5771121553603147,0.11719528124694786,0.06588069519530435,0.5771121553603147
0.7169773941859603,0.7677501626312733,2.788147466264159e-05,0.6051892358307479,0.1083942453225489,0.07494967775708558,0.6051892358307479
0.7174693085253239,0.6954640671610832,2.7878294783186084e-05,0.6025096127634717,0.10837990895798548,0.07140772388516498,0.6025096127634717
0.7187638944014907,0.8381357062608004,2.7871439903505815e-05,0.582592736421423,0.11462232038313493,0.06581941266715854,0.582592736421423
0.7189167281612754,0.8913760473951697,2.786468115752182e-05,0.5789187026422139,0.11627583654135265,0.06576692290481768,0.5789187026422139
0.7173233162611723,0.70705053396523,2.7854834450863508e-05,0.6037163434861249,0.10820091045970398,0.07234846260709903,0.6037163434861249
0.7168065756559372,0.7985716797411442,2.784543947889456e-05,0.6058242033607806,0.10849124833540161,0.07630241339252876,0.6058242033607806
0.7186295725405216,0.7869475549086928,2.7830015087973483e-05,0.5859984561211978,0.11312153332235701,0.06588637052965023,0.5859984561211978
0.7188271824270487,0.849561057984829,2.7829715613188282e-05,0.5814682129449793,0.11502919945117007,0.06564616265407058,0.5814682129449793
0.7175589706748724,0.6790129458531737,2.7827310008809364e-05,0.602116640485827,0.10829230226874359,0.07077136504644625,0.602116640485827
0.717763926833868,0.6674103559926152,2.7808906900582625e-05,0.60021578878764,0.10858735117467835,0.06952229539747086,0.60021578878764
0.7183874929323792,0.7226969469338655,2.7802498182613505e-05,0.5910983009507654,0.11117109581687709,0.0665048654861201,0.5910983009507654
0.7174408063292503,0.6843423321843147,2.78021879176117e-05,0.603258233263068,0.10807744059272023,0.07149248193116198,0.603258233263068
0.7181735876947641,0.6879133591428399,2.7798961130776618e-05,0.5947984868202728,0.10996716627419775,0.06737760223895359,0.5947984868202728
0.7185581801459193,0.7561198985204101,2.7781194075809667e-05,0.5879436510547394,0.1122655130265791,0.06592328412844865,0.5879436510547394
0.7172232363373041,0.7069784114137292,2.7772114198973985e-05,0.6048510749388988,0.10790532800143328,0.07293579755893874,0.6048510749388988
0.7179150898009539,0.6593264527618885,2.776044513821815e-05,0.5987883211130531,0.10878955792283039,0.06861950553221748,0.5987883211130531
0.718927338719368,0.8689646739512682,2.7759170105658498e-05,0.5796441948084382,0.11571067450621897,0.06540135285017307,0.5796441948084382
0.7170490892603993,0.7347563663497567,2.7757733669257832e-05,0.6057162488556476,0.10793520323707476,0.07420336622992563,0.6057162488556476
0.7190122315660119,0.9016722142696381,2.7753348313923765e-05,0.5774954220417325,0.11672397553239812,0.0654353699234338,0.5774954220417325
0.7180563323199749,0.6647240919992328,2.774766858604018e-05,0.596979907707302,0.10922440216839875,0.06786501188238157,0.596979907707302
0.7165501276031137,0.8476764569059014,2.774256120752865e-05,0.6065896745715833,0.10869918653795274,0.07842719257734526,0.6065896745715833
0.7183118145912886,0.6949289459735155,2.774166621934229e-05,0.5929741187039681,0.11041153938835216,0.06667924019771095,0.5929741187039681
0.7182023283094168,0.6763300159946084,2.7731157633100603e-05,0.5948951446423408,0.10978588776300695,0.0671380102040004,0.5948951446423408
0.7169688818976283,0.7460057567805052,2.7727523190878615e-05,0.6061646121944281,0.10791081841237883,0.07478543198574986,0.6061646121944281
0.7179670026525855,0.6529124360531569,2.7720005332958347e-05,0.5984287807194472,0.10878028929904562,0.06829173230115876,0.5984287807194472
0.7168772937729955,0.7637316714972258,2.7714475099283265e-05,0.6064697302028691,0.10798045331566529,0.07550657433767037,0.6064697302028691
0.7192524550482631,0.9887463534250855,2.770842344452208e-05,0.5722599058357478,0.11952529193566168,0.06364771980956728,0.5722599058357478
0.7166940160095692,0.8056488614529371,2.7704450529791626e-05,0.6067750478462923,0.1082578930814448,0.07705877385965583,0.6067750478462923
0.7190671227872372,0.9111198876053095,2.7699082456151455e-05,0.576547767267694,0.11707572372572937,0.0652985926544269,0.576547767267694
0.7184730656445026,0.7145757898688316,2.769202725753127e-05,0.5904324930085532,0.11116612839326212,0.06597711725164447,0.5904324930085532
0.7176899621263146,0.6453817551955581,2.769030091055486e-05,0.6018724504443772,0.10796298677275827,0.06981750237943575,0.6018724504443772
0.7185666924342513,0.7338933469727635,2.7679879343790844e-05,0.5886698021987113,0.11177904220884421,0.06565800525345088,0.5886698021987113
0.7187192672863603,0.7757835211232305,2.7675883798881632e-05,0.585416443898049,0.11303166575469602,0.06529549691230949,0.585416443898049
0.7165823597460985,0.8283584304153919,2.7659693332000838e-05,0.6070525980215291,0.108369944770449,0.07799732888602386,0.6070525980215291
0.7171230614185333,0.7029440952464938,2.764646349351982e-05,0.6061417621968022,0.10752228032374597,0.07349646797693181,0.6061417621968022
0.7191845867782831,0.9494540393352509,2.7641872657554256e-05,0.5738727328444851,0.11833657444543846,0.0652161503970233,0.5738727328444851
0.7181309321895242,0.6475754389539361,2.7640242416164246e-05,0.5967471060632272,0.10903704222265449,0.06735298741238613,0.5967471060632272
0.7183443624526262,0.6752660740166903,2.7633561007735456e-05,0.5933188668457846,0.11006002166741254,0.0663603253664669,0.5933188668457846
0.719152083620429,0.9305349737405777,2.7627165586886937e-05,0.5749087714406705,0.11775398645700012,0.06515688733301087,0.5749087714406705
0.7162571819499135,0.9154919823631644,2.7624533407702443e-05,0.6068598816831989,0.10926690102984704,0.08107472424434231,0.6068598816831989
0.7189997415989637,0.8616751404479146,2.7618708532935674e-05,0.5791257788456095,0.11565331895740392,0.06493926176172346,0.5791257788456095
0.7178076999261975,0.6257005669176579,2.7607877144694723e-05,0.601235126725502,0.10786389879290315,0.06905459374775776,0.601235126725502
0.7175916535779834,0.6337747843936086,2.760449250462777e-05,0.603423377852662,0.10748544987531812,0.07032580753664261,0.603423377852662
0.7173558939248323,0.6571294236928225,2.7597475833157714e-05,0.6052562611577313,0.10730459416399019,0.07181587788869538,0.6052562611577313
0.7177118044346571,0.6228483561426401,2.758351152780497e-05,0.6024393144480531,0.10757560266312018,0.0695889942776904,0.6024393144480531
0.7188537074252963,0.7955464143306017,2.7578177386331097e-05,0.5831912467995916,0.11374857985469572,0.06483312322041235,0.5831912467995916
0.7181699527427554,0.6359737170860171,2.7571518126545924e-05,0.5967135624176995,0.10888355793352565,0.06707899954673222,0.5967135624176995
0.7159762009978294,0.9898069649934769,2.757117087704778e-05,0.6074343407866245,0.11009206673017082,0.08146537028688684,0.6074343407866245
0.7163119055330753,0.8917959984391928,2.7559971880515717e-05,0.6072929668509992,0.10887428227429932,0.08043129290163893,0.6072929668509992
0.7188774505630136,0.7993204221129417,2.7559899230178314e-05,0.5827886170297646,0.11388215909809443,0.06475731180400651,0.5827886170297646
0.7175267087295651,0.6283849198371172,2.7549411209443117e-05,0.6043652972962672,0.10721233702829949,0.07067771927825957,0.6043652972962672
0.7173045417293906,0.6556010767817497,2.7548414760600086e-05,0.6059001673617439,0.10712993710607738,0.07210877310309888,0.6059001673617439
0.7172520067542791,0.6631531873717904,2.7544481393682267e-05,0.6062138214918026,0.10712520503101931,0.07246150966130621,0.6062138214918026
0.7179849743843079,0.6147463647648692,2.7541820057737417e-05,0.5995857838926458,0.1080565241445036,0.06801326439062609,0.5995857838926458
0.7181110214442015,0.6230889223515987,2.754109818601635e-05,0.5978439016100431,0.10849779329754063,0.06734556401033429,0.5978439016100431
0.7187984045594931,0.7666657343506813,2.753952597755001e-05,0.5848719142836655,0.11296421351258998,0.0647891332610643,0.5848719142836655
0.7184445336461067,0.6712428107857704,2.753775182598721e-05,0.5923247746724098,0.11017368985376655,0.065796259445177,0.5923247746724098
0.7187107326462865,0.7379266237840056,2.75354961590667e-05,0.5869058270556509,0.11214218735444546,0.0649458991241952,0.5869058270556509
0.7182701518759131,0.6374954208731651,2.7523781991012916e-05,0.5955125064865602,0.10912195338626032,0.06653910872546819,0.5955125064865602
0.7185990456491709,0.7033189302310348,2.7522235956627712e-05,0.5894206400453577,0.11116185556574912,0.06521784877854751,0.5894206400453577
0.7166721802204847,0.7860058285295963,2.752154594398464e-05,0.6078339383595455,0.10775325587570014,0.07697278680158204,0.6078339383595455
0.7178237829357386,0.6031595403328538,2.7502716013087022e-05,0.6018491377559002,0.10746152376425107,0.06888214717103616,0.6018491377559002
0.7189708175137639,0.8187352791428566,2.7499314783907672e-05,0.5810388100595789,0.11452105931247127,0.06452360547073248,0.5810388100595789
0.7164642624557018,0.8395620388910174,2.74947342027127e-05,0.6078725330869051,0.10819457550863527,0.07884691944889562,0.6078725330869051
0.7170907519757748,0.6828120453283191,2.7487660337574297e-05,0.6072931166923082,0.10702695052905589,0.0735420398004003,0.6072931166923082
0.7161265714094043,0.9391766833141446,2.7484672046584123e-05,0.6072353274081458,0.10937955542095695,0.08216194315863613,0.6072353274081458
0.7168858284130692,0.7263578660786152,2.7478993400850156e-05,0.607887305899083,0.10723962941710723,0.07510436996055192,0.607887305899083
0.7186361998319626,0.6992812724784017,2.74671770682304e-05,0.5891467533058549,0.11114197488527797,0.06499081235423831,0.5891467533058549
0.7167457127943635,0.7571388669312,2.7452751187356483e-05,0.6082072129097201,0.10739889346220764,0.07623185756806283,0.6082072129097201
0.7170201670378447,0.6917553581297398,2.7452587746758768e-05,0.6077446210984977,0.10698338690700465,0.07402542745370581,0.6077446210984977
0.71850929223001,0.6609547352418303,2.7439984510322712e-05,0.5919542124865773,0.1100787310993039,0.0653858963526605,0.5919542124865773
0.7188070584088564,0.7430005837231874,2.743706357596729e-05,0.5856418943498395,0.11243159560544608,0.06450010947864533,0.5856418943498395
0.7176115699112415,0.595616340637207,2.7422443480305616e-05,0.6045631532259756,0.10680305559671094,0.07007560935855599,0.6045631532259756
0.7178752040490508,0.5840522823855281,2.7416203218327016e-05,0.6019183409504973,0.10721005654571099,0.06854320560307814,0.6019183409504973
0.717508727684617,0.6038907757028937,2.741567882135055e-05,0.6054562590111041,0.106697632772147,0.07069406966064729,0.6054562590111041
0.7181481160223484,0.5958621557801962,2.7409862801739184e-05,0.5983612811249298,0.10803139193579504,0.06704733252311226,0.5983612811249298
0.7192864883691072,0.9366798577830195,2.7408949420795755e-05,0.5732376911302058,0.11814937548659156,0.06458653833794085,0.5732376911302058
0.7193151842802763,0.949014755897224,2.7401266931877566e-05,0.5724880525985196,0.11854152738911392,0.06458148170279941,0.5724880525985196
0.7163280202075839,0.867339993827045,2.7395781156002067e-05,0.6081701259598051,0.10833580377470131,0.08001859680183866,0.6081701259598051
0.7184770600870252,0.6415144819766283,2.7390654719408897e-05,0.5930055009839029,0.10960855109816364,0.06544643396572651,0.5930055009839029
0.7171661956235766,0.6490585161373019,2.7377074033412192e-05,0.6077272405962413,0.10660367921942931,0.07289114552256964,0.6077272405962413
0.716061626560986,0.9474968854337931,2.737549769273962e-05,0.6075742495238005,0.10934504883516193,0.08263148756201533,0.6075742495238005
0.7175371432676911,0.5921408329159021,2.737207472374051e-05,0.6055452871687571,0.1065489780575114,0.07049806552561233,0.6055452871687571
0.717899021692574,0.5724619710817933,2.7364009681605318e-05,0.6020377201153312,0.10704037474998791,0.06838917257895682,0.6020377201153312
0.7182222539559007,0.5914110355079174,2.735831489974403e-05,0.597657652778958,0.10809293741861534,0.06662848079492069,0.597657652778958
0.7190815238282084,0.8260864829644561,2.7357097222322226e-05,0.5795491153191642,0.11489246678105525,0.06406510478169411,0.5795491153191642
0.7182921767234802,0.5994819449260831,2.7353759322602808e-05,0.5965772836859671,0.10839247577030403,0.06626909406371127,0.5965772836859671
0.7190490355715156,0.8057026034221053,2.7332915232928936e-05,0.580657045184007,0.11433409623713263,0.0639731469850888,0.580657045184007
0.7162059843540192,0.8972389744594693,2.7331478507245146e-05,0.6081993719528068,0.1085991686571013,0.08114494489349776,0.6081993719528068
0.7185954106971622,0.6517419191077352,2.7323635646408663e-05,0.5912977161994757,0.11004086254168657,0.06487655148138174,0.5912977161994757
0.7177439955994487,0.5649132579565048,2.7316734675979843e-05,0.6040911631467175,0.1065423924153828,0.06926171394489608,0.6040911631467175
0.7172884494066238,0.6154818879440427,2.7314827281983786e-05,0.6075740582927512,0.10632119031291211,0.07202188327690237,0.6075740582927512
0.7179884919896722,0.5613441402092576,2.7307566933843578e-05,0.6013733009123083,0.10702157437066667,0.06787390581835775,0.6013733009123083
0.7189596705138683,0.7628875840455294,2.730708209312379e-05,0.5832141622908583,0.11315672747870381,0.06393095864113647,0.5832141622908583
0.7192343575879931,0.8822527471929789,2.7307053482100094e-05,0.5758071130831507,0.11658733997931688,0.06406879972968037,0.5758071130831507
0.7180781541392207,0.564180126413703,2.7300614945514472e-05,0.6002388170804316,0.10726460590344253,0.06737599438537649,0.6002388170804316
0.7160978829488158,0.9270784752443433,2.7293190963211628e-05,0.6080628702530991,0.10894127372997918,0.08219070669516228,0.6080628702530991
0.7187295071780682,0.6806178810074925,2.7293051006935405e-05,0.5887579947746711,0.11089943669434285,0.06436426952510778,0.5887579947746711
0.7183242412284017,0.5883100470528007,2.7289852221784213e-05,0.5965856751113982,0.10822940589930549,0.06606537191527566,0.5965856751113982
0.7184971962124109,0.6191260507330298,2.7286131638191974e-05,0.5935500403496095,0.1091794714350767,0.06523572782566411,0.5935500403496095
0.7174568837508559,0.5838059978559613,2.728356897340638e-05,0.6067664081531944,0.10618530523226215,0.07094828242378386,0.6067664081531944
0.716586354188621,0.7767862807959318,2.7283368418360136e-05,0.6091686133208835,0.10725302789281344,0.07739451033346299,0.6091686133208835
0.7167389960959554,0.7329506706446409,2.7274290408373398e-05,0.6092689412803276,0.10688186585169128,0.07604660159099118,0.6092689412803276
0.7194154001772404,0.9608467156067491,2.7257340143409092e-05,0.5710263628051867,0.11903560851874019,0.06411570696828696,0.5710263628051867
0.7194593185558915,0.9769109664484859,2.7246042755197487e-05,0.5701814451995851,0.11955500830088087,0.0634232331928713,0.5701814451995851
0.7192199416458607,0.8578806286677718,2.724531842916519e-05,0.5768623633075289,0.11592684577680651,0.06380339352644737,0.5768623633075289
0.7181069096550345,0.5521084126085043,2.724248500864618e-05,0.6003028874810724,0.10708913407700386,0.0672084733873343,0.6003028874810724
0.718757170252502,0.6753150299191475,2.724182938810822e-05,0.588631992444099,0.11083108978506415,0.0641840584366195,0.588631992444099
0.7167999483644962,0.7113998215645552,2.723924070756699e-05,0.6094533560413605,0.10665807294217534,0.07549690790795462,0.6094533560413605
0.7171424338594079,0.629396409727633,2.7238196362084052e-05,0.6087371048925678,0.1061626059847332,0.07294057750948611,0.6087371048925678
0.7191645884886384,0.8298765541985631,2.723793977719756e-05,0.5784975917056812,0.11512369882484612,0.06370473615006003,0.5784975917056812
0.7176542868837714,0.5533260107040405,2.7237781097505984e-05,0.6055240171340368,0.1061123393088717,0.06977044245094051,0.6055240171340368
0.7188841747120023,0.7141303140670061,2.7230231862603473e-05,0.5858197853549615,0.11190666872571246,0.06383844510662712,0.5858197853549615
0.7164927273988724,0.7962250960990787,2.7224065233307575e-05,0.6093915047084926,0.10733042147680143,0.0781712535982034,0.6093915047084926
0.7188469609245658,0.6947262212634087,2.7206383548343808e-05,0.5869303386401183,0.1114098127659441,0.06386706342664211,0.5869303386401183
0.71692662127316,0.6725769527256489,2.7199792766925255e-05,0.6095542464502894,0.10631782352825853,0.07445708892763415,0.6095542464502894
0.7185771502554417,0.6117829382419586,2.718875636173175e-05,0.5928833735974812,0.10916914548836004,0.06478395719368527,0.5928833735974812
0.7177816433832049,0.5341273872181773,2.718627028267192e-05,0.6046758185037256,0.10605133196516191,0.06904431454549896,0.6046758185037256
0.7171825356781483,0.611052667722106,2.718226961624792e-05,0.6089541530514148,0.10593772883368223,0.07263444771312111,0.6089541530514148
0.7189510390162468,0.7236006334424019,2.7176106054946477e-05,0.5847300873493203,0.11223180597220392,0.06358494580574259,0.5847300873493203
0.7176304655149579,0.5417239312082529,2.7174985395979323e-05,0.6061883294260411,0.10583993001976631,0.06990897463288075,0.6061883294260411
0.7158912885934114,0.9781999681144953,2.717275621335591e-05,0.6084038237096064,0.10948595967649405,0.08293710984495882,0.6084038237096064
0.7178563084453344,0.528568753041327,2.7172053020069428e-05,0.6039847065227177,0.10611363124677058,0.06862391378588066,0.6039847065227177
0.71618408896029,0.8856483390554786,2.7170996701183567e-05,0.6089371017994086,0.10822317671680654,0.08112755684913654,0.6089371017994086
0.7181898998096585,0.5405020378530025,2.716714988773569e-05,0.599713996633351,0.10702807631850067,0.06674950630033714,0.599713996633351
0.7186784604564309,0.6320822006091475,2.7166798184409284e-05,0.5910313745220261,0.10976843843040376,0.06433868356370433,0.5910313745220261
0.7173738898709416,0.5722180744633079,2.7163825332736555e-05,0.6081326587813998,0.10575192411190898,0.07141747493834935,0.6081326587813998
0.7184224938973784,0.568661798723042,2.7149534380461458e-05,0.596102702247847,0.10801611619424685,0.06549889148923926,0.596102702247847
0.7193659888580441,0.9030489651486278,2.714562972827668e-05,0.5736163622161671,0.11735184477297744,0.0637305405131094,0.5736163622161671
0.7163792904466391,0.8199027040973306,2.7139004048780204e-05,0.6096381577811365,0.10743006030809445,0.07912934396984836,0.6096381577811365
0.7182956943288445,0.545465319417417,2.713806748439837e-05,0.5983247626642935,0.1073249614416881,0.06616929709744146,0.5983247626642935
0.7194877360016108,0.9652219470590353,2.7135253992041707e-05,0.5701287623847486,0.11927077459499603,0.06371789530690987,0.5701287623847486
0.7171606998890638,0.6070156060159206,2.7134957176960266e-05,0.6093529700404381,0.1058000032401483,0.07275187206904878,0.6093529700404381
0.716889463365078,0.6685589384287596,2.7115929768493256e-05,0.6101325943674653,0.10612276323672397,0.07465605647924332,0.6101325943674653
0.717001392506063,0.6396919768303633,2.71128727726878e-05,0.6099649489419615,0.10593090911273557,0.07382879844252327,0.6099649489419615
0.7191304340958595,0.7759848451241851,2.710221833477638e-05,0.5808413630509329,0.11374508092360358,0.06322480135410936,0.5808413630509329
0.7185256415978074,0.5759441945701838,2.7099182825548038e-05,0.5946720849071265,0.10834387393804742,0.06495902740753956,0.5946720849071265
0.7193421861156821,0.8755890661850572,2.7094716422207534e-05,0.5748816285508377,0.11658103844446994,0.06345626087947202,0.5748816285508377
0.7186621259897947,0.6077482644468546,2.7093837452533348e-05,0.5920447352021379,0.10922950409145468,0.06432336846687642,0.5920447352021379
0.7161896815523505,0.8748200163245201,2.7093274734038995e-05,0.6093454846446467,0.1079794416490978,0.08095484571247887,0.6093454846446467
0.7180212307721376,0.5106525830924511,2.7092627890510694e-05,0.6026248315591538,0.10612446667201388,0.06772010787660451,0.6026248315591538
0.7190932650119066,0.7565667750313878,2.7090677869426135e-05,0.5819562026709448,0.11322446706856967,0.06319834305126665,0.5819562026709448
0.7173453727737069,0.5596315851435065,2.7076080806082382e-05,0.6088992745232703,0.10544564508816938,0.07157510515786787,0.6088992745232703
0.7182415053248405,0.5222557689994574,2.7074704419073363e-05,0.599690530326315,0.1067725378271624,0.06647985737984904,0.599690530326315
0.7192742051556706,0.8342132698744535,2.707131534831561e-05,0.5771373498261946,0.11540568289242166,0.06322750503398535,0.5771373498261946
0.7177404779940844,0.5089433584362268,2.706700270674241e-05,0.6059635843825951,0.10549265820130956,0.06931689368523199,0.6059635843825951
0.7179565392434597,0.5013564405962825,2.7060658874438897e-05,0.6036696551004457,0.10581847758994706,0.06810447210012734,0.6036696551004457
0.7174894763156772,0.5324200736358762,2.705553052052741e-05,0.6081395744038456,0.10532367178295969,0.0707353066129264,0.6081395744038456
0.7184550566598773,0.5494871186092496,2.70548142268453e-05,0.5963460033443987,0.10768960223937828,0.06530860325302866,0.5963460033443987
0.7175792828202248,0.5205489248037338,2.7053975404456244e-05,0.6074787346866688,0.10532861955304876,0.07022674877621542,0.6074787346866688
0.7172337556257844,0.5761895291507244,2.705152420513571e-05,0.6096163410633496,0.10544258913183979,0.07225076786487038,0.6096163410633496
0.7191930608823895,0.7862880202010274,2.7040082865087803e-05,0.5797746553706274,0.1140910148648739,0.06303458689709188,0.5797746553706274
0.7181533146649599,0.4994741277769208,2.701960163738467e-05,0.6014227849033564,0.10617159263972996,0.06700895674330531,0.6014227849033564
0.7194476947188377,0.9092243397608399,2.701588499229334e-05,0.5725088936893024,0.11764354789506233,0.06343144692089582,0.5725088936893024
0.7188358139246702,0.6369271595031023,2.7012247687147984e-05,0.5890701639449234,0.11012854854768356,0.06354984615456977,0.5890701639449234
0.7167026400566101,0.7043226398527622,2.701165301220082e-05,0.6108329191863556,0.10619210400000015,0.07603058208282718,0.6108329191863556
0.7165931081399322,0.7369696386158466,2.701139173863163e-05,0.6107378450094846,0.1064571294298865,0.07696703354951494,0.6107378450094846
0.7195700919255614,0.972474317997694,2.7005111134782373e-05,0.5690794636442654,0.11959785647917132,0.0631226696972896,0.5690794636442654
0.7190998997539282,0.7338734781369567,2.7002253015486936e-05,0.5826964717916526,0.11270317301612717,0.06293832439783989,0.5826964717916526
0.7178215943276882,0.48924712277948856,2.7001853178844652e-05,0.6056227256866635,0.10531090258978347,0.06890466949243244,0.6056227256866635
0.7159720892086625,0.9363979194313288,2.6999095837887797e-05,0.6089978879776698,0.10867928904366592,0.08306780070328888,0.6089978879776698
0.719378286972642,0.8649210911244154,2.699461420972601e-05,0.574879818035931,0.11635511037764822,0.06313686440479017,0.574879818035931
0.7193563729524612,0.8530861474573612,2.6993726021863645e-05,0.5755505318416756,0.11601411279429069,0.0630812714608643,0.5755505318416756
0.7174150999635458,0.5297920843586326,2.6988658684537516e-05,0.609094034091965,0.10508762322503686,0.07117428831427491,0.609094034091965
0.7190404934808612,0.7039181860163808,2.6984065697516408e-05,0.5844255554622579,0.11192468818304199,0.06296549018875973,0.5844255554622579
0.7183817587792873,0.516834725625813,2.6982138475195788e-05,0.5982228269998893,0.10691860000212211,0.06572309249251483,0.5982228269998893
0.719123836606741,0.7376640262082219,2.6979930768761046e-05,0.5822937961450222,0.11282784399890593,0.06285672544252852,0.5822937961450222
0.7179826702922583,0.47741518914699554,2.6963849081142814e-05,0.604085821605058,0.1054280420553814,0.06803146287158664,0.604085821605058
0.7176064867526293,0.49679120164364576,2.6961549584137468e-05,0.6079144453292911,0.10496346533716377,0.07012127749191295,0.6079144453292911
0.7196530969813466,0.9999503400176764,2.6960676780131055e-05,0.5677102577336065,0.12045454056084522,0.0616237234136594,0.5677102577336065
0.7189775640144944,0.6715373564511538,2.6957546183444947e-05,0.5862688000171322,0.11110298417657674,0.06303605102840712,0.5862688000171322
0.7184035982936621,0.512816115282476,2.695429148061641e-05,0.5980912381597764,0.10687763980994035,0.06561146907643733,0.5980912381597764
0.7186189340427518,0.5558160487562418,2.6947334355604785e-05,0.5942452879735556,0.10808976751395562,0.06444103951331044,0.5942452879735556
0.7157611604779959,0.9978182697668672,2.6945357048385538e-05,0.6095282902741537,0.1093772171950321,0.08245990099855008,0.6095282902741537
0.7182858195155859,0.4926797952502966,2.6943688152423387e-05,0.6000757838386616,0.10628449761299638,0.06629740423071416,0.6000757838386616
0.7189186848700047,0.6407016441226006,2.692624033963721e-05,0.5879976711408905,0.11033792021312216,0.06314727787025881,0.5879976711408905
0.7164606275036931,0.7665054062381387,2.692585318552477e-05,0.6109914089204356,0.10658316038890323,0.07805434729141021,0.6109914089204356
0.7181160971522331,0.47200228180736303,2.6924604609381226e-05,0.6026763830571419,0.10558601783660354,0.0673046252854832,0.6026763830571419
0.7187658660113811,0.5884429411962628,2.6919911874551607e-05,0.5914944299801135,0.1089926440803411,0.06372631079910329,0.5914944299801135
0.7172014312818646,0.5575224123895168,2.691817448818508e-05,0.6106431290002612,0.10501484087492557,0.07242768692535569,0.6106431290002612
0.7167960368096828,0.6619661338627338,2.6913175539466932e-05,0.6114506132432171,0.10569589834895499,0.07518191990335935,0.6114506132432171
0.7187477527186275,0.5799823552370071,2.6909308738028767e-05,0.5919792622870823,0.10878855573747263,0.06380094204647509,0.5919792622870823
0.7180721210315824,0.4657286750152707,2.690929071170232e-05,0.6033753499775579,0.10538691786335624,0.06757601103059828,0.6033753499775579
0.7168573485687375,0.6437143720686436,2.690882218642306e-05,0.6114568838802198,0.10555411509111849,0.07471535130433317,0.6114568838802198
0.7166635189205408,0.7002992909401655,2.6906068502099734e-05,0.6114350060173271,0.10598057551747464,0.0762379215601946,0.6114350060173271
0.7192630581557751,0.7787358351051807,2.6902607335164088e-05,0.5792733485917805,0.1140126932388225,0.0626083615520185,0.5792733485917805
0.7163467947393656,0.8002589354291558,2.690199386363121e-05,0.6108288094852101,0.10687488514867699,0.0791048846573565,0.6108288094852101
0.7177501516416669,0.46792236249893904,2.689652159127722e-05,0.6071015563637404,0.10477018419323617,0.06939393193444802,0.6071015563637404
0.7179003758355975,0.4603764656931162,2.689523737270513e-05,0.6055520746786541,0.10495107955313027,0.06856848971551076,0.6055520746786541
0.7188252070918679,0.5987687697634101,2.6891528532432485e-05,0.5904731284762215,0.10929994240980861,0.06344926549987116,0.5904731284762215
0.717706598341465,0.4693160140886903,2.688756168731236e-05,0.6075731815795623,0.10469934517652378,0.06963900889007969,0.6075731815795623
0.7175110392272472,0.4914465360343456,2.688156142633537e-05,0.6092005918095257,0.10464012232758549,0.0706940100389406,0.6092005918095257
0.7170743970200419,0.5802234020084143,2.6878094630113278e-05,0.6113162153697214,0.10506027458585084,0.0732075045487677,0.6113162153697214
0.7189100040122867,0.6181682096794248,2.6859867850439544e-05,0.5888575092100272,0.10983920461784125,0.06308582639754458,0.5888575092100272
0.7190063390880823,0.6519737308844924,2.6853363525488136e-05,0.5866168544760911,0.11071439883738039,0.0627680664565107,0.5866168544760911
0.7169812470674515,0.5997253684327006,2.6851302777077557e-05,0.611685079811992,0.10513485943992774,0.07380652521061326,0.611685079811992
0.7193064847961068,0.7840558271855116,2.684950091587687e-05,0.5786018274516728,0.11420539662335112,0.06245913478130398,0.5786018274516728
0.7178764352574944,0.4485410451889038,2.684611006048452e-05,0.6061722640960108,0.10468933175120393,0.06876310605825833,0.6061722640960108
0.7186580142006278,0.5361533463001251,2.684396457691016e-05,0.5944118104683453,0.10775282371114983,0.06423243673761836,0.5944118104683453
0.7185448929667473,0.5064267665147781,2.6834739534440763e-05,0.5966363401631875,0.10698376398006548,0.0648656552899908,0.5966363401631875
0.7173780016601086,0.5025764303281903,2.6828439025421128e-05,0.6104106019134238,0.10450664237347436,0.07144418304215437,0.6104106019134238
0.7162753958255053,0.8128804434090853,2.681360764574901e-05,0.6110757905432421,0.10687862046645914,0.07968263240436323,0.6110757905432421
0.7195375068113208,0.8976584933698177,2.6809994925321823e-05,0.5719625447067904,0.11745901394109964,0.0628437848644344,0.5719625447067904
0.7164215510711074,0.7624683184549212,2.680064131375645e-05,0.6115933987808166,0.10635610040676882,0.07825291494246786,0.6115933987808166
0.716165860183537,0.8476043362170458,2.6793535873179363e-05,0.6107798051383743,0.1072379495455169,0.08076136496762107,0.6107798051383743
0.7190730189904571,0.6603256883099675,2.6792286958517123e-05,0.5855751395324393,0.11099506463837898,0.06248578712895898,0.5855751395324393
0.7158394595608115,0.9590994417667389,2.6786306279654322e-05,0.6094610119204681,0.10875027536945676,0.0839862266186284,0.6094610119204681
0.7192544266581535,0.7389263343065977,2.6785232987379273e-05,0.5807923524473463,0.11304868896867205,0.06223063273962019,0.5807923524473463
0.7177869649603963,0.43718670308589935,2.678313886942654e-05,0.6075470636234322,0.1043027584822233,0.06933793639020334,0.6075470636234322
0.7195813562721014,0.91455321572721,2.6780346574074e-05,0.5708768083558962,0.1179825261217465,0.06288238354339697,0.5708768083558962
0.7186908293515444,0.526085028424859,2.677989759076685e-05,0.5943414070680403,0.10759918605419083,0.06406683534468063,0.5943414070680403
0.7182161053642631,0.43825268652290106,2.677363240147677e-05,0.6024485452887833,0.10514262657579605,0.06691126570637239,0.6024485452887833
0.7194048119708896,0.8115127421915531,2.6773268320536203e-05,0.5765297826250171,0.11502505931154662,0.06231518265144848,0.5765297826250171
0.7184277782216668,0.46393135748803616,2.6766673088908615e-05,0.5992452367185745,0.10597438759282402,0.06562722591052725,0.5992452367185745
0.7184909544885159,0.47328079864382744,2.6758998798150886e-05,0.5982385149334253,0.10625307553044022,0.06524954826724001,0.5982385149334253
0.7194334929808974,0.8223827667534351,2.6758347718615427e-05,0.5758229860831926,0.11533936160936749,0.06231465544387821,0.5758229860831926
0.719527143985033,0.8731948146596551,2.675159718922573e-05,0.5729630541798014,0.11678805522258634,0.0625479841600271,0.5729630541798014
0.7183296484872699,0.4445282183587551,2.6751235783883095e-05,0.6009386228676692,0.10544999847230191,0.0662529418696677,0.6009386228676692
0.7196184657514095,0.9263995699584484,2.674602370318155e-05,0.570049616262804,0.11836247603830115,0.06288009789059111,0.570049616262804
0.717275895178318,0.5052044000476599,2.6740264026848326e-05,0.6115223312203466,0.10428758696827478,0.07204269687650244,0.6115223312203466
0.7192015657201409,0.7001241510733962,2.6739602365461753e-05,0.5827490585141052,0.11207317086812968,0.06213952905774775,0.5827490585141052
0.7181873498484492,0.42592920269817114,2.6738455286230985e-05,0.6031191788936844,0.10486814775120439,0.06714331051151602,0.6031191788936844
0.7164521152153611,0.7432984812185168,2.6733600105737828e-05,0.6120506053963389,0.10607844965179342,0.07788415926490173,0.6120506053963389
0.716948670335114,0.5875740433111787,2.6730978490268167e-05,0.6125031076353197,0.10481697486426976,0.07397641395689922,0.6125031076353197
0.7185787726193666,0.48355363588780165,2.6730810385229147e-05,0.5969147240744297,0.10658681696526098,0.06474498146579442,0.5969147240744297
0.7168353144079447,0.6193728083744645,2.672237494599006e-05,0.612632074559933,0.10503739843475421,0.07474770334972596,0.612632074559933
0.7191731305792928,0.679744235239923,2.6715293055906772e-05,0.5837762294920794,0.11157017405862062,0.06212227123540981,0.5837762294920794
0.7181044751778245,0.4140796260908246,2.671412533199654e-05,0.6044108655585605,0.10450971121627767,0.06768211835260757,0.6044108655585605
0.7179939365014434,0.40972677804529667,2.6707116662760317e-05,0.6058333825407973,0.10423085242364044,0.06833410613235613,0.6058333825407973
0.7190207736566663,0.6118545774370432,2.67021204801149e-05,0.5878020884887833,0.10986184657549636,0.06250211157156278,0.5878020884887833
0.718297085724771,0.42560530826449394,2.6700013556162962e-05,0.6018310776730207,0.10504701088534743,0.06653955392307936,0.6018310776730207
0.7171031823381782,0.5378630515187979,2.6692151488891138e-05,0.6124589995642362,0.10438849619962542,0.07302025453183382,0.6124589995642362
0.7176328925415874,0.4295891607180238,2.6690729269494714e-05,0.6095796728990874,0.10383785764773558,0.07027510123517813,0.6095796728990874
0.7175431838259101,0.4404516154900193,2.668184591571108e-05,0.6103372966171235,0.10382193688599207,0.07073400551657431,0.6103372966171235
0.7179501447826624,0.4025726318359375,2.6679573127159412e-05,0.6065365661081301,0.10402354055544005,0.06863370368552564,0.6065365661081301
0.7188592404127121,0.5453617321327329,2.6675588470666898e-05,0.5917946356222149,0.1082347537898513,0.06318765294284971,0.5917946356222149
0.7186636254191399,0.48734323028475046,2.6674706345930807e-05,0.5958129675028006,0.10678602394414195,0.06428469773830352,0.5958129675028006
0.7185230692848563,0.45371922198683023,2.6671409653560124e-05,0.5984103670607109,0.10592666932964086,0.06516050602734909,0.5984103670607109
0.7167066344991326,0.6507915537804365,2.6669648528448315e-05,0.6129013062766788,0.10519288867252903,0.0756648238227679,0.6129013062766788
0.718022707849741,0.39815938379615545,2.6664943338302357e-05,0.6057872677920961,0.1040820293072102,0.06825556994584799,0.6057872677920961
0.7176568293944001,0.41774197202175856,2.6655457278031506e-05,0.6096182892902345,0.10368692222410532,0.07021289311905203,0.6096182892902345
0.718792867846787,0.5173345347866416,2.6653285957152672e-05,0.593421381779085,0.10756892468557945,0.06354559703465518,0.593421381779085
0.7188983801752329,0.5491408696398139,2.664491122166371e-05,0.5912246214986027,0.10836679831598499,0.06298860501221708,0.5912246214986027
0.716246722266078,0.8012704271823168,2.6641106056715454e-05,0.6118853096048099,0.10651441688800939,0.07972818000238036,0.6118853096048099
0.7174555221572518,0.44585669599473476,2.663984090284665e-05,0.6112188017229052,0.10370843586295145,0.07121879590521958,0.6112188017229052
0.7172906454652548,0.4796122219413519,2.6635150678790525e-05,0.6121553249515076,0.10387963287231536,0.07203681654408889,0.6121553249515076
0.7170381704345345,0.5442448491230607,2.663263713360148e-05,0.612997204084402,0.10431407429946034,0.07340703983131089,0.612997204084402
0.7159330723807216,0.9091708213090897,2.6619314860213067e-05,0.6106032454064227,0.10780159460980081,0.08296168833206878,0.6106032454064227
0.7173726512119174,0.457687821239233,2.6618535903309164e-05,0.6118519138368117,0.1037093843883817,0.07164665597683896,0.6118519138368117
0.719781287945807,0.9800859885290265,2.6614437854403677e-05,0.5667151566699963,0.12009942471869442,0.0617657818049576,0.5667151566699963
0.7174840392544866,0.4340102579444647,2.6612031388436882e-05,0.6112180595649231,0.10357322989946166,0.0711194962339367,0.6112180595649231
0.7184563251212239,0.4218266811221838,2.6608327853204763e-05,0.6000495001831208,0.10522643688493595,0.06569562098179903,0.6000495001831208
0.7197079956531525,0.9377501271665096,2.6605422756827795e-05,0.5686848273227548,0.11880218775760372,0.06262273519165679,0.5686848273227548
0.7189881559461355,0.5690402528271079,2.6604706994580533e-05,0.5895637404100729,0.10890412309683786,0.06255232666017856,0.5895637404100729
0.7177388854324818,0.3949886495247483,2.660353035656051e-05,0.6092379255034877,0.10347462000376594,0.06990230090214358,0.6092379255034877
0.7182431053370237,0.3863129960373044,2.658618142061945e-05,0.6034633093961268,0.10425419023093431,0.06711495367816492,0.6034633093961268
0.7165737356990576,0.6816130708903074,2.6585803235424202e-05,0.6131951700810694,0.10531421329514142,0.07665486855328389,0.6131951700810694
0.7192809516564012,0.6874769814312458,2.6580339662650043e-05,0.5822957743972117,0.11189094805527704,0.06165417668709815,0.5822957743972117
0.7170708794146776,0.5248679034411907,2.6579537074326507e-05,0.6132731280190219,0.10406864304992425,0.07322970601450036,0.6132731280190219
0.7180350078269839,0.37366518564522266,2.6578495425260636e-05,0.6062384589351961,0.10368367174903076,0.06838268728076566,0.6062384589351961
0.7195002632215619,0.8022085083648562,2.6578354124978275e-05,0.5758162002015483,0.11492219504759466,0.06175122526593428,0.5758162002015483
0.7161142006516457,0.8400919213891029,2.6576884379694126e-05,0.6116653886206967,0.1068592867397098,0.08098681793766377,0.6116653886206967
0.7193132089450955,0.6983430422842503,2.6564903622274834e-05,0.5815581305904886,0.11218269703255268,0.06158353478992472,0.5815581305904886
0.7178500294685364,0.3751171473413706,2.6564627153512467e-05,0.608405522812071,0.10336441619395761,0.06942365642058704,0.608405522812071
0.7169095939025283,0.5679310439154506,2.655525265029693e-05,0.6136598401116752,0.10434860658283991,0.07418712962677204,0.6136598401116752
0.716004703193903,0.8763902485370636,2.6553197548257468e-05,0.6112714181132236,0.10727544485273664,0.08210373183551822,0.6112714181132236
0.7188190585002303,0.49266133829951286,2.6548197667310086e-05,0.5938448642532004,0.10710618859536612,0.06345921050043643,0.5938448642532004
0.7179397838190198,0.3644142420962453,2.6542242371263732e-05,0.6075884719737659,0.10335643499833971,0.06900366382102423,0.6075884719737659
0.7184013724327087,0.3908700905740261,2.6537318663545736e-05,0.601476034554034,0.10458001804882144,0.0662103601439154,0.601476034554034
0.7190604880452156,0.5754143446683884,2.6535821332967427e-05,0.5885297389094484,0.10913353370956598,0.06220004590842227,0.5885297389094484
0.7183794174343348,0.38709465228021145,2.653573150078096e-05,0.6018273485008574,0.10447988234299445,0.06635940887976134,0.6018273485008574
0.7164300857111812,0.7236386695876718,2.6535602169538695e-05,0.6131073034945554,0.10560829598161278,0.07784725095527135,0.6131073034945554
0.7171810287982225,0.4813551800325513,2.6514132058693398e-05,0.6133890666932101,0.10362007835900014,0.07268492704780187,0.6133890666932101
0.717724691145122,0.37244758382439613,2.6513124138510068e-05,0.6099619371477423,0.10307031781799468,0.07016992678935628,0.6099619371477423
0.7190320380032063,0.556499183177948,2.651216147655535e-05,0.589453088813287,0.1086963594363721,0.06231682500471642,0.589453088813287
0.7192133069038391,0.6325596245005727,2.6508873970362993e-05,0.584922181084718,0.11056870481440743,0.061639128251685195,0.584922181084718
0.7171590700745583,0.48514906968921423,2.650376776832293e-05,0.6135283892634628,0.10362592860027713,0.07280250494844799,0.6135283892634628
0.7186520034447312,0.43003450613468885,2.6500108514006127e-05,0.5975291402394183,0.10565765178936669,0.06459954895971155,0.5975291402394183
0.7196815917268395,0.8858088906854391,2.6499948442921878e-05,0.5708375069014084,0.11733329735800947,0.06200938234712006,0.5708375069014084
0.7164993323385715,0.6939099738374352,2.649562121007881e-05,0.6135409094897041,0.1052848523315082,0.07719379044412608,0.6135409094897041
0.7189387446269393,0.5135595994070172,2.6487612979689813e-05,0.5918398448843665,0.10768495793218871,0.06280225211449249,0.5918398448843665
0.718550069257617,0.40214216988533735,2.6486716704248785e-05,0.5994403412393016,0.10499715985060126,0.06532341118246458,0.5994403412393016
0.7187452958896756,0.44992614071816206,2.648384050498874e-05,0.595904287109577,0.10616372544437466,0.06400278550295466,0.595904287109577
0.7178415944799781,0.3525837128981948,2.6482087027139982e-05,0.6090289256831266,0.10297861454517694,0.06967420418368611,0.6090289256831266
0.7194680031388998,0.7512754332274199,2.647811486432734e-05,0.5779817553311757,0.11362975304590935,0.06133327621389058,0.5779817553311757
0.717577813193202,0.38313797395676374,2.6473598473797526e-05,0.6114502853344872,0.10293397379482477,0.07093587378604194,0.6114502853344872
0.7167265694588423,0.6127780703827739,2.6473168948808166e-05,0.61412577939513,0.10456783801546847,0.07538718359033386,0.61412577939513
0.7183888843283057,0.3684892365708947,2.6471931439198582e-05,0.602151203569577,0.10416592180852172,0.06646077199310176,0.602151203569577
0.718612807802856,0.41061500553041697,2.646932150432251e-05,0.5984883416146548,0.10523919179973779,0.0649296227059125,0.5984883416146548
0.719398065470159,0.7101775091141462,2.6468020219365222e-05,0.5801977395579426,0.11256613159560402,0.061275881196557164,0.5801977395579426
0.7196288136765361,0.8415187457576394,2.646665645917567e-05,0.5730019649034509,0.11609213698370552,0.06164836084828593,0.5730019649034509
0.719731517136097,0.9070254107937217,2.6466618596312185e-05,0.5695362505514731,0.11797617476148259,0.062083785328775586,0.5695362505514731
0.7172362199053168,0.45640262868255377,2.6466051221997737e-05,0.613498289781272,0.10333982178586015,0.07246555262129335,0.613498289781272
0.719589808024466,0.8140473766252398,2.645552734406805e-05,0.574411241962427,0.11533681511436879,0.061478090416032444,0.574411241962427
0.7181750647723675,0.341017859056592,2.6454392977506443e-05,0.6053037603933419,0.10337536043025974,0.06789346822543747,0.6053037603933419
0.718257294036448,0.3461938425898552,2.64512132105041e-05,0.6042124439318988,0.10358936638606649,0.06738633627776346,0.6042124439318988
0.7187710646539927,0.44512695632874966,2.6445832465193738e-05,0.5957308333460056,0.10610333151329962,0.06389202189064318,0.5957308333460056
0.7198248989880085,0.9571867575868964,2.643151057219085e-05,0.5667777610465721,0.11950748911641056,0.06224335594276985,0.5667777610465721
0.7183650033548474,0.34908884298056364,2.6421752124359118e-05,0.6028671060085037,0.10379795030365735,0.06676542140885094,0.6028671060085037
0.7191586811095476,0.5792078766971827,2.6420619798886122e-05,0.5872824125791682,0.10933685279912585,0.06172002482846362,0.5872824125791682
0.7192258527502418,0.6080654263496399,2.6416506222344177e-05,0.5855859707686168,0.11004481558799314,0.061473118355848684,0.5855859707686168
0.7162793902680278,0.7609380260109901,2.6414340826348987e-05,0.6132330035124409,0.1057920092929802,0.07910901333685785,0.6132330035124409
0.7183095887303352,0.3386416593566537,2.6410653217346322e-05,0.6037501322602873,0.10354242432788963,0.06716964871129334,0.6037501322602873
0.715818083845079,0.9283027527853847,2.6408830217722097e-05,0.6109847423316807,0.10782086044449178,0.08390767654024611,0.6109847423316807
0.717384273186326,0.40623832307755947,2.6408260315732286e-05,0.6131576934855361,0.10286926021147418,0.07189692308846518,0.6131576934855361
0.7180023863911629,0.322854689322412,2.6406907667150826e-05,0.607743610457899,0.1027990573921877,0.06904839508944903,0.607743610457899
0.7177973110228777,0.3346895994618535,2.640589896538485e-05,0.6099493047702407,0.10260985294269462,0.07010330617352481,0.6099493047702407
0.7160248709842563,0.8520258041098714,2.6402021670177265e-05,0.6121159642888814,0.10677611692698019,0.08167813282822098,0.6121159642888814
0.7189039709046483,0.4730167891830206,2.6400988839865192e-05,0.5934126038326525,0.10681910242841579,0.06308376642168387,0.5934126038326525
0.7196731548756361,0.84572025667876,2.6397014813196962e-05,0.5723691733778064,0.11625775755769627,0.061499826228980106,0.5723691733778064
0.7194766569882631,0.7270953543484211,2.6391201093773654e-05,0.5787327604581376,0.11306222110432973,0.061055366322997295,0.5787327604581376
0.718090271577239,0.31354326754808426,2.6376852502837704e-05,0.606877933044791,0.10280176530760775,0.06864821574616169,0.606877933044791
0.719925376586616,0.9919170876964927,2.636832075888163e-05,0.5650503765977029,0.12058992374583143,0.06046013741222285,0.5650503765977029
0.7176471017301083,0.3427246995270252,2.6365059708229767e-05,0.6115703260776284,0.10243498088165046,0.07089693226781282,0.6115703260776284
0.7173400586470962,0.4065536670386791,2.636464412337026e-05,0.6136739716545234,0.10276738524230902,0.07215767914401262,0.6136739716545234
0.7166218562051654,0.6311480440199375,2.6363392796206292e-05,0.6146251086533288,0.10455023827911251,0.07609285086183433,0.6146251086533288
0.7169527821242809,0.5185468075796962,2.636152281430107e-05,0.6148613966949474,0.10361709200423691,0.07395423355978625,0.6148613966949474
0.7185606816783547,0.36217561177909374,2.635719199181358e-05,0.6002536339781781,0.10429108150029463,0.06558529033479558,0.6002536339781781
0.7179129011929035,0.3110119765624404,2.6356982703478392e-05,0.6090496791971799,0.10246119355179122,0.06968374118801571,0.6090496791971799
0.7195556536316872,0.760518298484385,2.6356872338698997e-05,0.5766858938109258,0.11396289670919091,0.061019113618714885,0.5766858938109258
0.7167741982266307,0.5750100994482636,2.6344431183446868e-05,0.6149702885004242,0.10405190174220211,0.07501695505682195,0.6149702885004242
0.7180615309625864,0.3026847168803215,2.6343478835564666e-05,0.6074298027363008,0.102589856276292,0.0689272833554376,0.6074298027363008
0.7156892875209451,0.967124187387526,2.633876897270413e-05,0.6107654970227767,0.10833461928266999,0.08474796564068666,0.6107654970227767
0.7174214869737625,0.378777589648962,2.633202472860584e-05,0.6134187932701658,0.10250964599576058,0.07189498432625192,0.6134187932701658
0.7186958827078342,0.38272710982710123,2.6321551621750388e-05,0.5981823901374826,0.10482936937461076,0.06469378599311724,0.5981823901374826
0.7175655076280236,0.34497195295989513,2.6320683205211364e-05,0.6124953150449766,0.10229773380877814,0.07135356408977189,0.6124953150449766
0.7198620121926069,0.94535240996629,2.6319254975624744e-05,0.5667767153697506,0.1192145985821939,0.06201420846136594,0.5667767153697506
0.7158587109297514,0.9036208335310221,2.6315904368452743e-05,0.6116402287509061,0.10734920432162735,0.08334386782404728,0.6116402287509061
0.7193869184702635,0.652741078287363,2.6314058522163033e-05,0.5822822148914377,0.11123141856248234,0.06090972971094956,0.5822822148914377
0.7190221277996898,0.484213181771338,2.6305250187826975e-05,0.5917203021479384,0.1071839754844352,0.06244572795704607,0.5917203021479384
0.7195087680593133,0.7155297109857202,2.630416821762428e-05,0.5787762832789625,0.11282686434134062,0.0607993687787154,0.5787762832789625
0.7198136346414685,0.9057318912819028,2.6301820709828183e-05,0.5687015981940987,0.11804323049935153,0.06169363740684519,0.5687015981940987
0.7188608404248953,0.4249758031219244,2.6301137946801088e-05,0.5952029695206573,0.10582066229800591,0.06353745203086046,0.5952029695206573
0.7169874962419271,0.49536891281604767,2.6300113357195415e-05,0.6152150394207136,0.10332096997386545,0.07380276267619718,0.6152150394207136
0.7191322771832347,0.5256774872541428,2.6295114856599144e-05,0.5892370687697965,0.1081672807098901,0.06181549718113786,0.5892370687697965
0.7193477191030979,0.6252846401184797,2.6292527357609216e-05,0.5836364946798531,0.11056888955785027,0.06095326019789515,0.5836364946798531
0.7182074040174484,0.29083368368446827,2.6292032260520703e-05,0.6059003043521406,0.10264035164425572,0.06823783375417768,0.6059003043521406
0.7164708897471428,0.674269930459559,2.629002094517735e-05,0.6146495569877193,0.10481507685558908,0.0772386243467977,0.6146495569877193
0.7177588436752558,0.3029252868145704,2.628253194797525e-05,0.6110508668137085,0.10205743264816673,0.07066039035083416,0.6110508668137085
0.7184707242995501,0.31923801731318235,2.6282017734969607e-05,0.6022229449250096,0.10344661384592416,0.0664814518167028,0.6022229449250096
0.7189932316541672,0.4647747538983822,2.6280688163187045e-05,0.592597932641359,0.10675733280468024,0.06266014521888921,0.592597932641359
0.7176691200584173,0.3152524959295988,2.6280178924620853e-05,0.6118846922891542,0.10206235549305902,0.07104970540676822,0.6118846922891542
0.7168160630390048,0.5482642678543925,2.6274438697046304e-05,0.6154364139652178,0.1037172048847033,0.07475173997353796,0.6154364139652178
0.7194267688319087,0.6600161027163267,2.62739291418836e-05,0.5815886803546606,0.11144285289827847,0.060764491611237696,0.5815886803546606
0.7166436798870564,0.6087596053257585,2.6271644160354482e-05,0.6152264371018685,0.10422284329470319,0.07588183892367788,0.6152264371018685
0.7183381207287312,0.2950721690431237,2.6268894278879e-05,0.604260481856463,0.10289005709916639,0.06746513584567902,0.604260481856463
0.7191102588549256,0.5062619242817163,2.6265637833346175e-05,0.5900640713218017,0.10773680843206948,0.06195035191039273,0.5900640713218017
0.7178908865898848,0.2835516007617116,2.6263414436722786e-05,0.6098220490465739,0.10202323786525146,0.0701146827025499,0.6098220490465739
0.7187903178855777,0.3873279355466366,2.6256360885629046e-05,0.5969581222548653,0.1050251992592427,0.06416180960297371,0.5969581222548653
0.7195490561425686,0.721682439558208,2.6255062497580968e-05,0.5781145701978577,0.11301991270440816,0.06066612199064437,0.5781145701978577
0.7161464877426624,0.7896825298666954,2.6254717038610473e-05,0.6134800163838328,0.10587546711418451,0.08021815738825981,0.6134800163838328
0.7173927174881101,0.36612680088728666,2.6254212231633715e-05,0.6140689488093445,0.10224118978395946,0.07217722674514294,0.6140689488093445
0.7191912215203047,0.537080192938447,2.6253043192139123e-05,0.5882140889143204,0.10847365794005721,0.06151865174243832,0.5882140889143204
0.7172708492726088,0.3984826849773526,2.6252977730442394e-05,0.6147084186900404,0.10246484257608003,0.07263245489164236,0.6147084186900404
0.7188998572528362,0.42095349356532097,2.6251182911114487e-05,0.5948464996338606,0.10578688374514618,0.06336068219910174,0.5948464996338606
0.7192951198667288,0.5848883176222444,2.6250859509727227e-05,0.5855400041379041,0.1096179832144586,0.06106563299252473,0.5855400041379041
0.7174318572506309,0.35429102275520563,2.6245931163871172e-05,0.6138799748099733,0.10214628389013793,0.07205409518929992,0.6138799748099733
0.7193354619666934,0.6029037861153483,2.624538436871129e-05,0.5845037552705208,0.11005837335070884,0.06092321546279101,0.5845037552705208
0.7187046064063907,0.35838550701737404,2.6243726707284016e-05,0.5986297496162121,0.10440023672521516,0.0648519667346294,0.5986297496162121
0.7196405548602343,0.7723693056032062,2.6243358583538963e-05,0.5753319160512219,0.11435531897515125,0.060754367838995994,0.5753319160512219
0.718163919635117,0.27186257392168045,2.6242310152057615e-05,0.6067462496368592,0.10230310526680068,0.06869778468932643,0.6067462496368592
0.7180294543504715,0.12348509300500154,2.6239922437722046e-05,0.6128276232891628,0.10029335926156137,0.06572421649712742,0.6128276232891628
0.7172074345871806,0.4137905081734061,2.623977852030373e-05,0.6150518842716022,0.10255389145445695,0.0728989155057922,0.6150518842716022
0.7184381764382124,0.29885035287588835,2.6238795728253795e-05,0.6029963299237329,0.10308075634306822,0.06687467184198741,0.6029963299237329
0.7170769767835736,0.4526119278743863,2.623264013068021e-05,0.6154876954161573,0.10285030540997563,0.0734430774691586,0.6154876954161573
0.7163401674479246,0.7135730339214206,2.62259649048576e-05,0.6145263903318006,0.10508230152858916,0.07831799264963049,0.6145263903318006
0.7193727353587747,0.6147352689877152,2.6224949644399506e-05,0.5836968536775661,0.11036193041305924,0.06078800670005642,0.5836968536775661
0.717809054069221,0.2792060887441039,2.6224648102110277e-05,0.6108794348386082,0.10181645978188975,0.0706368925963219,0.6108794348386082
0.7165415929630399,0.6384305311366916,2.6223900150122365e-05,0.6152585737777331,0.10440744899673264,0.07661564560172279,0.6152585737777331
0.7185107916593552,0.30620867386460304,2.622294017123678e-05,0.6019939325281296,0.10328766947763812,0.06640051174414038,0.6019939325281296
0.7186040990054607,0.3256121166050434,2.6221956507569735e-05,0.6005082618286371,0.10371683083387043,0.06569700721122995,0.6005082618286371
0.7197994384914637,0.8656508848071098,2.6215710459656525e-05,0.5702880763228986,0.11693814892299746,0.06119407072823779,0.5702880763228986
0.7178481919690967,0.1257868381217122,2.6213773742911374e-05,0.6149471525838686,0.10005473925504386,0.06672405528479282,0.6149471525838686
0.7181247835978866,0.2600157428532839,2.621112260155294e-05,0.607405424102261,0.10208298219121137,0.06905733216905618,0.607405424102261
0.7186413761228323,0.3294066023081541,2.6207499283776888e-05,0.5999888822774869,0.10382423785510227,0.06545991548485969,0.5999888822774869
0.7182754362002015,0.26716632675379515,2.6206998174894956e-05,0.6054858988387118,0.102397463548739,0.06812954803222578,0.6054858988387118
0.7174755800515413,0.33346627186983824,2.6206928793903e-05,0.6138219866451026,0.10192572252308475,0.07199926780811207,0.6138219866451026
0.7157283080741763,0.9399088649079204,2.6199222796375056e-05,0.6114253845830724,0.10775014514656701,0.08458885818963748,0.6114253845830724
0.7197438096627593,0.8221369553357363,2.6197988630038972e-05,0.5724410167848025,0.11573159467090935,0.06087266302293042,0.5724410167848025
0.7171093011274934,0.4332047598436475,2.619085430875523e-05,0.6156717110449729,0.10261547010018758,0.07336026249770543,0.6156717110449729
0.7168678101152182,0.514523901976645,2.618922651819081e-05,0.6159864625988384,0.1032953166772958,0.07447912081598747,0.6159864625988384
0.7179682338610291,0.2517491402104497,2.6180351933559545e-05,0.6094115985997761,0.10172970143553998,0.07004557314749164,0.6094115985997761
0.7181552881374955,0.2496598232537508,2.617840655183002e-05,0.6071966227690254,0.10199246025816755,0.06900956782382864,0.6071966227690254
0.719058183953166,0.4535178868100047,2.6175514572369208e-05,0.5921435795013529,0.1066007635602557,0.062379990167146335,0.5921435795013529
0.7184099145233631,0.11867440305650234,2.6173792807059038e-05,0.6080078695024101,0.1008045623913395,0.06367270436168922,0.6080078695024101
0.7196471896022558,0.7491533318534493,2.6165878991180024e-05,0.5760714619808961,0.11379349849141757,0.06047695097606436,0.5760714619808961
0.7192457085475326,0.5290378807112575,2.615842321314106e-05,0.5878266639696766,0.10836093042400786,0.06125406940371978,0.5878266639696766
0.717941639944911,0.11521136201918125,2.6154998918269506e-05,0.6133457815191836,0.1002955188006424,0.06650927025315087,0.6133457815191836
0.7197224488481879,0.790361643768847,2.6147942731239988e-05,0.5737982709673072,0.11489844416755723,0.060583806655539765,0.5737982709673072
0.7182486401870847,0.13600665517151356,2.6147276203046514e-05,0.6088638340953652,0.10093446388596922,0.06530370968752042,0.6088638340953652
0.7182688387110829,0.24250023160129786,2.6138752044288595e-05,0.6059376356130957,0.10205993845887865,0.06846075361214499,0.6059376356130957
0.7162861442193389,0.7216439414769411,2.61349428138364e-05,0.614797169027124,0.10503632683907892,0.078715364665174,0.614797169027124
0.7188085354864597,0.34916186425834894,2.6132420556623746e-05,0.5975960253999018,0.10435098073281711,0.06438864368393822,0.5975960253999018
0.7189363101497293,0.39134604297578335,2.6130857121767983e-05,0.5951405733253853,0.10525818260830681,0.06337511733827986,0.5951405733253853
0.7177303433418274,0.12274956982582808,2.612188239790973e-05,0.6165006570425683,0.09981090777649936,0.06746120438582576,0.6165006570425683
0.7175537645816803,0.29107949510216713,2.6120098459737834e-05,0.6137314514763932,0.10148084084785633,0.07199397088206956,0.6137314514763932
0.7184824673458934,0.2633923450484872,2.611789386446104e-05,0.6030663700995518,0.10260943411421417,0.06703453455412786,0.6030663700995518
0.7176960026845336,0.2592826075851917,2.610891487834207e-05,0.6125664907272431,0.10134353140064714,0.07152982896083193,0.6125664907272431
0.719951780512929,0.9344861702993512,2.6105992104856887e-05,0.5662012442415277,0.11901199169612825,0.06148564940079206,0.5662012442415277
0.7179616363719106,0.2266214108094573,2.6105271943967075e-05,0.609844578462015,0.10141734848730863,0.07039174159789297,0.609844578462015
0.7181334374472499,0.22218475490808487,2.610226209544001e-05,0.6078364198924785,0.10162801175905069,0.06946998437339745,0.6078364198924785
0.7178156888112426,0.2384558441117406,2.6100104636912674e-05,0.6114388847644835,0.1013085301930397,0.07108634480500212,0.6114388847644835
0.715615164488554,0.9706064341589808,2.6098263108143538e-05,0.6114447949336965,0.10810921435204573,0.08506523463370158,0.6114447949336965
0.7195205092430115,0.6483278227970004,2.6093804059017395e-05,0.580921299368342,0.11127891625648254,0.06025167985322241,0.580921299368342
0.7190256435424089,0.4106654105708003,2.6091671693778138e-05,0.5936242256921713,0.10571871471795868,0.06278349132479025,0.5936242256921713
0.7172621199861169,0.3604692444205284,2.6086174628494818e-05,0.6157603358533563,0.10184074607218699,0.073010113296344,0.6157603358533563
0.7183583686128259,0.13739961478859186,2.608612740794406e-05,0.6073653734195497,0.10109184893962717,0.06498178956726848,0.6073653734195497
0.7175978096202016,0.271132780238986,2.608548477504515e-05,0.613553175831478,0.10130348004355566,0.07196518921762925,0.613553175831478
0.7180547844618559,0.21505373902618885,2.6082690327905966e-05,0.6088704918085796,0.10143412131926045,0.07000432197014107,0.6088704918085796
0.7188445264473557,0.3381113214418292,2.6070669229938785e-05,0.5973991928227043,0.10419280485140076,0.0643040437870698,0.5973991928227043
0.7200740100815892,0.9962846487760544,2.606868995376836e-05,0.5633776486184258,0.1208849034494799,0.05974550247443599,0.5633776486184258
0.7192270839586854,0.4882474122568965,2.6068610113350468e-05,0.5892235257486753,0.10748272583925812,0.06141281934828878,0.5892235257486753
0.7193238381296396,0.5332620376721025,2.6064840834256845e-05,0.5867999500284075,0.10853011493970564,0.0608718836644151,0.5867999500284075
0.719896643422544,0.8782753339037299,2.606244854420997e-05,0.5687898914256057,0.11739019534650814,0.06093331545955532,0.5687898914256057
0.7175254700705409,0.2794523695483804,2.60579887736761e-05,0.6142793175084961,0.10126458170864637,0.0722949648076046,0.6142793175084961
0.71895263902843,0.3688050163909793,2.6052615107843977e-05,0.5954641064035655,0.10485208105075058,0.0634696921577044,0.5954641064035655
0.7179214060306549,0.2106785150244832,2.6051271997172752e-05,0.6105275190460234,0.10118067981819523,0.07082155943536753,0.6105275190460234
0.7191564925014973,0.4494792753830552,2.6049339521372772e-05,0.5911022666465605,0.10661703090900594,0.06190646138022373,0.5911022666465605
0.7166844299063087,0.5548590058460832,2.6039479247496688e-05,0.6167286699102538,0.10341489051983206,0.0755556945687435,0.6167286699102538
0.7185929538682103,0.2560946773737669,2.6037697679690853e-05,0.6018563526337056,0.10263121067488384,0.06652198616434436,0.6018563526337056
0.7186758881434798,0.2755092866718769,2.603546961399807e-05,0.6005607847182787,0.10299930257490163,0.06585190757352197,0.6005607847182787
0.7187511371448636,0.2957548750564456,2.6034096086492965e-05,0.5993183741964413,0.1033890879519304,0.0652270911718978,0.5993183741964413
0.7187132379040122,0.1320549827069044,2.603300705342983e-05,0.6037422464779455,0.1012788567757461,0.06218054457620612,0.6037422464779455
0.7170369094237685,0.4219400975853205,2.602792617225108e-05,0.6168459202444828,0.10223484707278596,0.07387240249827334,0.6168459202444828
0.7187311295419931,0.28679063729941845,2.6025518207776023e-05,0.5997129361603477,0.1032277501154071,0.06543137734778653,0.5997129361603477
0.7175721423700452,0.13332230225205421,2.6024683943078923e-05,0.6174341795160964,0.09982591348696027,0.06870566222513122,0.6174341795160964
0.7194067686796188,0.5607214597985148,2.60237304564864e-05,0.5850160784683601,0.10920598601655036,0.06048457010903524,0.5850160784683601
0.715880767442286,0.8636313444003463,2.602288134752185e-05,0.6131627941622337,0.10645591756307697,0.08270398544825101,0.6131627941622337
0.7177673857659101,0.21871942654252052,2.602072406494478e-05,0.6122829479101128,0.10100327318005203,0.07161255352043441,0.6122829479101128
0.7198843359947205,0.8538192827254534,2.6020073654317097e-05,0.569791079713997,0.11672036179540976,0.06065357177560142,0.569791079713997
0.717329703271389,0.32163469586521387,2.60162328320749e-05,0.6158176251289492,0.10141944377748771,0.07299154054901864,0.6158176251289492
0.7195290019735694,0.6239862199872732,2.6013407181882487e-05,0.5816234238116373,0.11073381625910372,0.06008684427339517,0.5816234238116373
0.7195983501151204,0.664368943311274,2.601311836743493e-05,0.5795118237334991,0.11172875471831539,0.05998712488424759,0.5795118237334991
0.7159500177949667,0.8357318853959441,2.6012048903220108e-05,0.6136354793590245,0.1060942900373327,0.08194273125785456,0.6136354793590245
0.718429634347558,0.21460014674812555,2.6011298639284545e-05,0.6043734298404467,0.10192387802183173,0.06791539808381457,0.6043734298404467
0.7194390408694744,0.5730524538084865,2.601050224021572e-05,0.5842659513528772,0.10950788119642585,0.06034922149670346,0.5842659513528772
0.7176044071093202,0.24648337438702583,2.6010380879567564e-05,0.6138637614642853,0.10100963980157125,0.07222288574439825,0.6138637614642853
0.7196203088387847,0.676219473592937,2.600944426055316e-05,0.5788688360345691,0.1120268493662278,0.05996621727055408,0.5788688360345691
0.7178823444992304,0.1988475089892745,2.6007389349518362e-05,0.6111333264825428,0.10100089434682796,0.0711917177789238,0.6111333264825428
0.7184891020879149,0.22309611272066832,2.6007079786581944e-05,0.6035558066488355,0.10208975961846976,0.06748487918658837,0.6035558066488355
0.7173582054674625,0.3102764496579766,2.600613634476857e-05,0.6157080553704096,0.10132226391497834,0.07294290923695654,0.6157080553704096
0.7163726855069399,0.6702323658391833,2.600504701236264e-05,0.615919477444837,0.10438746707315737,0.07781881852652205,0.615919477444837
0.7182141281664371,0.18758287280797958,2.600124814201685e-05,0.6072636837133877,0.10138343148984594,0.06942761858608539,0.6072636837133877
0.7198335928842425,0.8098059017211199,2.5997367741402768e-05,0.5718975848311953,0.11551582012742805,0.06031437359649918,0.5718975848311953
0.7183954818174243,0.14117732178419828,2.5997003924864386e-05,0.6065050886348615,0.1011996608214128,0.06560841401420209,0.6065050886348615
0.7174430023878813,0.28282036911696196,2.5995895362404204e-05,0.6152098394768273,0.10113365010737876,0.07274562641559607,0.6152098394768273
0.7183466255664825,0.19520022999495268,2.5990831078048408e-05,0.6055899892017124,0.10162080104286339,0.0686080834706476,0.6055899892017124
0.7200185507535934,0.9409232381731272,2.5987473509418124e-05,0.5652660965072752,0.11927093649582016,0.06127350224766647,0.5652660965072752
0.7169041791930795,0.4617314636707306,2.5986669892921267e-05,0.617247000967579,0.10251450005120795,0.0744460562303599,0.617247000967579
0.7185843223705888,0.23434581235051155,2.5985869089276066e-05,0.602268762023238,0.10233092972950805,0.06683005262987614,0.602268762023238
0.718881624750793,0.31846402678638697,2.598496744533851e-05,0.5973476616968251,0.1038890167934633,0.06430447752809049,0.5973476616968251
0.717689367942512,0.21901164762675762,2.5980675429308544e-05,0.6132183625921879,0.10086508425933256,0.07206468373894352,0.6132183625921879
0.718181811273098,0.17672059684991837,2.5978418734715092e-05,0.6077726020685424,0.1012468158155426,0.06967982630979683,0.6077726020685424
0.7185433451086283,0.11138486210256815,2.5977549639476513e-05,0.6055558337044964,0.10110345268022598,0.06380216416066742,0.6055558337044964
0.7180436393246055,0.1478572115302086,2.5971087520827942e-05,0.6102105530414251,0.10084366732675773,0.06890229496775437,0.6102105530414251
0.7191157033666968,0.4015734726563096,2.5967394336372862e-05,0.5927861688628859,0.10562580679351123,0.06239040825645903,0.5927861688628859
0.716943378560245,0.44233166612684727,2.596382658718214e-05,0.6173660840494373,0.10230719491268023,0.07431197876284636,0.6173660840494373
0.7191849425435066,0.4303276026621461,2.5963390154567784e-05,0.5912653060674019,0.10625650057202314,0.06186388956354132,0.5912653060674019
0.7197706904262304,0.7524973228573799,2.595782041113237e-05,0.5745905834341187,0.11400955375744251,0.05994804670618911,0.5745905834341187
0.7180835474282503,0.1648732889443636,2.5957425517828654e-05,0.6091257641276884,0.10102267147900061,0.07012059215384316,0.6091257641276884
0.7162380609661341,0.7160865589976311,2.5953966920648014e-05,0.6155635459240503,0.10474746797846737,0.07896718657648337,0.6155635459240503
0.7183181308209896,0.1748088402673602,2.5949301533829296e-05,0.6061570336383988,0.10140101559105406,0.0689186189168421,0.6061570336383988
0.7180109284818172,0.15954442042857409,2.594515231663275e-05,0.6101171358049018,0.10088228434396478,0.07032221581501583,0.6101171358049018
0.7185175158083439,0.2034118752926588,2.5942850429059422e-05,0.6034490571905375,0.10189621374176658,0.06757269589292796,0.6034490571905375
0.7177888061851263,0.1870008921250701,2.593977003186698e-05,0.6123884299263712,0.10073920077911874,0.07186394981772415,0.6123884299263712
0.7168416790664196,0.4759646747261286,2.5938925321324888e-05,0.6175402776287633,0.10256712906240224,0.07476271581749591,0.6175402776287633
0.7179331490769982,0.1532476907595992,2.5932768743851127e-05,0.6112630414480041,0.10072398869337623,0.0702692043789143,0.6112630414480041
0.7186845419928432,0.23813982121646404,2.593240957069632e-05,0.6010182758591242,0.102479679546345,0.06624584316551119,0.6010182758591242
0.7193330051377416,0.48828138411045074,2.5930369201415263e-05,0.5879937888288717,0.10758160095626224,0.0608953471180389,0.5879937888288717
0.7165255192667246,0.5984715577214956,2.592900691546077e-05,0.6169664676145888,0.10364316594822892,0.0765814473581399,0.6169664676145888
0.7167553026229143,0.5074448464438319,2.5927854196358717e-05,0.6175339076161348,0.10283189516390288,0.07518405509117283,0.6175339076161348
0.7175168162211776,0.24211580585688353,2.5927846026663556e-05,0.6149814261744683,0.10078292096713483,0.07279454224014129,0.6149814261744683
0.7174232257530093,0.12798577081412077,2.5926696813164266e-05,0.619950642565459,0.09934566898809956,0.06920161408067543,0.619950642565459
0.7197640556842089,0.7297797072678804,2.5908978259286596e-05,0.5754473158851848,0.11344766591449242,0.05975328431406508,0.5754473158851848
0.7200978165492415,0.9688138756901026,2.5907763164151792e-05,0.5635637078023062,0.1201626148925788,0.06089038253621799,0.5635637078023062
0.7199845174327493,0.8836118578910828,2.590406161378445e-05,0.5676556823950808,0.11763210688288625,0.06061970367631233,0.5676556823950808
0.7200470082461834,0.9290882144123316,2.5897728129569625e-05,0.5653780908547215,0.11896506042781166,0.06099448694465686,0.5653780908547215
0.717218067497015,0.326834486797452,2.5897415713726883e-05,0.6170434249305766,0.10122871825891414,0.07360830769062421,0.6170434249305766
0.7184622194617987,0.17103438172489405,2.5891794560880435e-05,0.6044758218900974,0.1015295255156562,0.06810797981833994,0.6044758218900974
0.719137598760426,0.3819147078320384,2.5890811951687557e-05,0.5929877319166906,0.10526451974743627,0.062425186433622416,0.5929877319166906
0.7177180936560035,0.14516857080161572,2.5887441433268416e-05,0.6143281298659313,0.10031206682852631,0.07029518675299536,0.6143281298659313
0.7188408896327019,0.26700292620807886,2.5887222085500585e-05,0.5987283878301541,0.10302771030516417,0.06507702705373898,0.5987283878301541
0.7190936207771301,0.36146191135048866,2.588645222288943e-05,0.5939603060377877,0.10484160294493161,0.06281390288034877,0.5939603060377877
0.7160436455160379,0.7843384509906173,2.5885827000850454e-05,0.6148371939551479,0.1053541390395306,0.08079555679105155,0.6148371939551479
0.7170657105743885,0.3790642907842994,2.5885147414350607e-05,0.61764469822551,0.10162907546690057,0.07403005501105439,0.61764469822551
0.7197139067575336,0.6880546761676669,2.5884877118410216e-05,0.5774235838421002,0.11239849067236321,0.059623764261368124,0.5774235838421002
0.7160725379362702,0.7725291717797518,2.5882888020607556e-05,0.6150248676878325,0.10522434736383801,0.08049696181492648,0.6150248676878325
0.7165538156405091,0.5790320513769984,2.587878523597342e-05,0.6173627893434412,0.10340136728749226,0.07637317335524098,0.6173627893434412
0.7192966192960739,0.4489265028387308,2.5874006933470508e-05,0.5894817046660368,0.10673058971544325,0.06121784175588935,0.5894817046660368
0.7194943707436323,0.5523942075669765,2.587379691661421e-05,0.5842658680807361,0.10910467874376707,0.06006010752396022,0.5842658680807361
0.7172503769397736,0.306938948109746,2.5864985531817188e-05,0.6170659794774049,0.10102357751052998,0.07362725987184275,0.6170659794774049
0.7178585715591908,0.10337546467781067,2.5858658525728216e-05,0.6129652880728673,0.1003974194113427,0.0696385923484069,0.6129652880728673
0.7188000231981277,0.13702117931097746,2.5855632458499315e-05,0.6020806447007979,0.10147210978199257,0.06253669249485586,0.6020806447007979
0.7189429150894284,0.118625458329916,2.5853366573439705e-05,0.6015210545815957,0.1012322538032865,0.060846014056459265,0.6015210545815957
0.7189714154228568,0.29977762792259455,2.5853268295325038e-05,0.5966262481412382,0.10365318995206,0.06403456679502399,0.5966262481412382
0.7198725948110223,0.782346598803997,2.5852480446235123e-05,0.5724327087348494,0.11485815350969895,0.05981523507834893,0.5724327087348494
0.7193701630458236,0.47669501043856144,2.5850063662678605e-05,0.5878831303185723,0.10736940442431024,0.06074997101372945,0.5878831303185723
0.7191174421459436,0.35742819122970104,2.5850009780560152e-05,0.5937658265762125,0.10478585336940593,0.0627286630954452,0.5937658265762125
0.7190458150580525,0.3257464300841093,2.5845303206033795e-05,0.5952595809461987,0.10415591385248227,0.06338656227996312,0.5952595809461987
0.7166471974924207,0.5352106122300029,2.5842907396216895e-05,0.6178491638014116,0.10295927623401223,0.07579626167421157,0.6178491638014116
0.7185520278289914,0.1514734961092472,2.5841371068540893e-05,0.6038953260490159,0.10146328005058734,0.06659800933785139,0.6038953260490159
0.7188323549926281,0.24284649919718504,2.5833823482525494e-05,0.5991872930650498,0.10267397878354338,0.06540617164031153,0.5991872930650498
0.7176385596394539,0.17892001383006573,2.583333876763412e-05,0.6142876020650987,0.10040854360981472,0.07280256476115653,0.6142876020650987
0.7176776248961687,0.16707031801342964,2.5830959849581542e-05,0.613976084439258,0.10039458587600254,0.0725161955480256,0.613976084439258
0.7186346519738436,0.18021394684910774,2.5822615099990735e-05,0.6022956741282853,0.10177638414162091,0.06717332146200139,0.6022956741282853
0.718236381188035,0.0960095813497901,2.5816173230464178e-05,0.6079670514726073,0.10093176566488779,0.06900710614361216,0.6079670514726073
0.7183709125965834,0.0992717407643795,2.5815639715263546e-05,0.6065099584155033,0.10106656195145687,0.06766480937805115,0.6065099584155033
0.719965991564095,0.8339726999402046,2.5811110890275746e-05,0.5696074517391988,0.1162828619906527,0.060030943807715696,0.5696074517391988
0.7187243830412626,0.1996212936937809,2.5809780029788905e-05,0.601012704276556,0.10205003067870219,0.06650415490389792,0.601012704276556
0.7196797523647547,0.636480481363833,2.5806514439714294e-05,0.5795139694543474,0.11116255520290455,0.05944823305012601,0.5795139694543474
0.7189238835126162,0.2629833621904254,2.5805313269460893e-05,0.5978014421735687,0.10303573001019688,0.06469054767251942,0.5978014421735687
0.7186108455061913,0.16079981438815594,2.5802792011187423e-05,0.6028753847567009,0.10158958464461489,0.06704874354242596,0.6028753847567009
0.7193288914859295,0.43683202005922794,2.5801221039515165e-05,0.5894176447858082,0.10650836180301854,0.06112039205145976,0.5894176447858082
0.719611831009388,0.5912165846675634,2.5797302064054224e-05,0.5817290013120697,0.11007114997964368,0.059579784454823696,0.5817290013120697
0.7175452597439289,0.19124331884086132,2.5796677886246456e-05,0.6152763335253376,0.100330322379904,0.07325134519465303,0.6152763335253376
0.7181959813460708,0.09168719220906496,2.5793308046732662e-05,0.6083073019644851,0.1008928078278012,0.06982594453326345,0.6083073019644851
0.7187026292085648,0.10759130399674177,2.5790924347452545e-05,0.6031961325991566,0.1012913792325288,0.06385733640591874,0.6031961325991566
0.7173909973353148,0.11545192822813988,2.5786491917413633e-05,0.6200871935087016,0.09931825886067155,0.06969177310660893,0.6200871935087016
0.7199948858469725,0.8454763563349843,2.5785061810553747e-05,0.5688901458456168,0.11661621951913875,0.060054391161443905,0.5688901458456168
0.7194660427048802,0.5015818858519197,2.5782386030649796e-05,0.586080389066124,0.10797664643392778,0.060225180521725145,0.586080389066124
0.7159129194915295,0.8241297723725438,2.5782113202308917e-05,0.6145429885405105,0.10568007216824496,0.08203647453602882,0.6145429885405105
0.7164888745173812,0.589259397238493,2.5778379696160316e-05,0.6177307024655899,0.1033574606125706,0.07678903438574017,0.6177307024655899
0.7170550925657153,0.3566758055239916,2.5773960996068162e-05,0.6183177826583336,0.10125776944357591,0.07429815606391724,0.6183177826583336
0.7187577644363046,0.1944567272439599,2.577385646194494e-05,0.600668953369548,0.10202204826109697,0.06638632445496183,0.600668953369548
0.7171180155128241,0.33062372356653214,2.576847103424433e-05,0.6181578468619818,0.10103478473510506,0.07417471053485115,0.6181578468619818
0.7190742501989007,0.30610656552016735,2.576666409329212e-05,0.5952917730151785,0.10383823463877348,0.06344139224681415,0.5952917730151785
0.7199166975915432,0.7799534369260073,2.576513088822848e-05,0.572032640196764,0.11484162408140026,0.05959223572644247,0.572032640196764
0.71958795376122,0.5637410394847393,2.5763245488451162e-05,0.5828505794497518,0.10943576727916922,0.05963286558851488,0.5828505794497518
0.7183036832138896,0.0879672672599554,2.57595909447848e-05,0.6069331545398647,0.10101648670364206,0.06958707423249114,0.6069331545398647
0.719239697791636,0.3758680522441864,2.5756823383403985e-05,0.591922557371534,0.10522778527368651,0.06196379229534609,0.591922557371534
0.7169550005346537,0.3902682363986969,2.574546995604471e-05,0.6186726624290629,0.10150445731751462,0.07461028772325762,0.6186726624290629
0.7197523145005107,0.656355656683445,2.57380671768114e-05,0.5780478139653428,0.11168885682019866,0.0592299095230984,0.5780478139653428
0.7173031801357865,0.25199304055422544,2.5737681883912014e-05,0.6174023230678638,0.10043784322616445,0.07395043324648985,0.6174023230678638
0.7201797608286142,0.96839839220047,2.5734640233365744e-05,0.5627086882978484,0.12023695643381364,0.060550599021657096,0.5627086882978484
0.7167214825749397,0.4825574904680252,2.5722712215738583e-05,0.6187395470637269,0.10231176608648125,0.07547347398787937,0.6187395470637269
0.7174497488886118,0.19567248318344355,2.5722340559521764e-05,0.6163784702793929,0.10017732572996034,0.07376971381592257,0.6163784702793929
0.71748230420053,0.18431796226650476,2.5721060289445484e-05,0.6161099507794869,0.10015047859635183,0.07369279113406935,0.6161099507794869
0.718000533990562,0.07255025207996368,2.571938411410619e-05,0.6104469159351729,0.1006865037741165,0.07202570983064153,0.6104469159351729
0.7198421349748969,0.7079780921339989,2.5715832702134775e-05,0.5753232059498403,0.11299524856203663,0.059205828225991956,0.5753232059498403
0.719004150480032,0.2565940208733082,2.5715391129267155e-05,0.5969416324885887,0.10299993777014255,0.0643499542704349,0.5969416324885887
0.7194406632333994,0.4605172574520111,2.5713171347777173e-05,0.5875002020773609,0.10708441299717672,0.060470039805202394,0.5875002020773609
0.7163365324959159,0.6424638936296105,2.57126149047699e-05,0.6174301623053585,0.10375350978967525,0.0778978139211201,0.6174301623053585
0.7166113331913948,0.5270887995138764,2.5712574327108753e-05,0.6185457513001158,0.10270597662970489,0.07602843807851063,0.6185457513001158
0.7180958213284612,0.064214869402349,2.570991205935271e-05,0.6092845346674352,0.10083651025428803,0.07165609531048309,0.6092845346674352
0.7167802350595593,0.4546543303877115,2.5706487881300288e-05,0.6189193161562343,0.10203201379136027,0.07524178072601173,0.6189193161562343
0.7189323958009481,0.223199681378901,2.570155011008899e-05,0.5982520318060981,0.10248903027547458,0.06512160034637274,0.5982520318060981
0.7200385509058833,0.8422542726621032,2.5692470478413854e-05,0.5685311823644081,0.11657426100825856,0.05982135648412376,0.5685311823644081
0.7196901338174939,0.5965139232575893,2.5687645487166284e-05,0.5806734324115761,0.11025689907480801,0.05923429847868402,0.5806734324115761
0.7154520228505135,0.9905358161777258,2.5686200085100345e-05,0.6129347020097472,0.10785402756666801,0.08452800751111138,0.6129347020097472
0.7177803302183747,0.0843817088752985,2.56816591132755e-05,0.6131706680412177,0.10033995062056354,0.07282826259973323,0.6131706680412177
0.7192070102319121,0.3297836370766163,2.5680681215613332e-05,0.5932734997272783,0.10434486766335055,0.06253393647885486,0.5932734997272783
0.7180634895339608,0.05188771989196539,2.5680115101326234e-05,0.6096535182260459,0.10085635020240966,0.07202247723084595,0.6096535182260459
0.7192596029490232,0.35347962100058794,2.5677620326729198e-05,0.5921726455381274,0.10481579357915964,0.062053246596380576,0.5921726455381274
0.7173118116334081,0.23028375301510096,2.5676722717208727e-05,0.6176146572563954,0.10021509070520343,0.07416716641366072,0.6176146572563954
0.7191241960972548,0.1325848139822483,2.567374514217038e-05,0.5987141595666239,0.10152567556678271,0.0601313423348964,0.5987141595666239
0.7162667717784643,0.6656734421849251,2.567132689342055e-05,0.617296733320538,0.10391499031097898,0.0784471448869883,0.617296733320538
0.7157324198633432,0.8839400643482804,2.5671220342415187e-05,0.61385610553096,0.10631886757635224,0.08386656693551879,0.61385610553096
0.7160658212378621,0.748855896294117,2.5669810001991934e-05,0.6161048921337374,0.10471860635100246,0.0803116756934805,0.6161048921337374
0.7179070105776191,0.061191946268081665,2.5669607000173928e-05,0.6115463630478487,0.10060280916510772,0.07278412248321332,0.6115463630478487
0.7197928410023451,0.655917527154088,2.5669080954284188e-05,0.5776073661059665,0.11171379821756722,0.059043865608390374,0.5776073661059665
0.7189973965287209,0.23341898433864117,2.5666588008212936e-05,0.5973460615783627,0.10266728879298485,0.06466058390876907,0.5973460615783627
0.719561549834907,0.5098484959453344,2.566616115500609e-05,0.5847440107319555,0.1082289558366007,0.05975944137669159,0.5847440107319555
0.7201472278684378,0.9172375649213791,2.5663447252763557e-05,0.5647288925991105,0.11873384276076174,0.06039296849158505,0.5647288925991105
0.7188511313870549,0.1757666626945138,2.566154091625322e-05,0.5997554148154974,0.10190482463265461,0.06603492704862346,0.5997554148154974
0.715992278419435,0.777934861369431,2.5660983417785514e-05,0.6156751940923084,0.10501362942065223,0.0810470291419481,0.6156751940923084
0.7184496903792024,0.06856779381632805,2.5659950231101777e-05,0.6050488974632944,0.10119231985077873,0.06960029922248819,0.6050488974632944
0.7199232950806618,0.7416149750351906,2.5656295522653477e-05,0.5732813000141175,0.11389017327386751,0.05915559768426717,0.5732813000141175
0.7202323405072093,0.9764693761244416,2.5655055599544514e-05,0.5619965172271804,0.12052091603136374,0.06001578760761424,0.5619965172271804
0.7182247592136264,0.04004180897027254,2.5653414644857607e-05,0.6076971349325135,0.10111619535876602,0.07126396193004321,0.6076971349325135
0.7173514813184738,0.20750778447836637,2.565214373266023e-05,0.617427087248953,0.10007627244573265,0.0742144683969195,0.617427087248953
0.7189648104831576,0.21410035621374846,2.5651312194124938e-05,0.5979753658033495,0.10239653026847241,0.0650648175396664,0.5979753658033495
0.7198640899732709,0.6961460132151842,2.564779675208287e-05,0.575477168878422,0.11273003338111894,0.05900978522600014,0.575477168878422
0.7183362832292914,0.04586625657975674,2.5645840307000892e-05,0.6063737878286612,0.10118975429170562,0.07057017251138568,0.6063737878286612
0.7189611736685038,0.1410444090142846,2.5643649018371183e-05,0.5997141312067606,0.10164184951815518,0.06256705330581797,0.5997141312067606
0.7170225009322166,0.3369295811280608,2.5638783748565888e-05,0.6191599054830592,0.10087951648175243,0.07469164856422601,0.6191599054830592
0.715473921969533,0.9789340607821941,2.5636576582764365e-05,0.6127668007128033,0.10770446424830146,0.08539060023683076,0.6127668007128033
0.718874997459352,0.17174757551401854,2.5634663409135453e-05,0.5995208373668339,0.10188366408212966,0.06589841078245261,0.5995208373668339
0.7184211807325482,0.04964121803641319,2.5629008225516556e-05,0.6053639071943803,0.10124563750174818,0.07005296655026987,0.6053639071943803
0.720006032846868,0.7915816372260451,2.5628317569620275e-05,0.570652122144706,0.11522251354444454,0.05933310841471401,0.570652122144706
0.7194119449704885,0.40961576998233795,2.562522284920485e-05,0.5891208439674428,0.1060134296342718,0.060877106661981824,0.5891208439674428
0.7181465681642294,0.022170349024236202,2.5621356367350015e-05,0.608578612662646,0.1011818420437293,0.0719175223531281,0.608578612662646
0.7176262950524688,0.09193347673863173,2.562128839635817e-05,0.6151668476995932,0.100071703425906,0.07308582887897361,0.6151668476995932
0.7191744847223163,0.28644290938973427,2.5612587456755233e-05,0.5944460701235543,0.10357611759569096,0.06314480084989507,0.5944460701235543
0.7195342862978578,0.47232692409306765,2.5612395533035644e-05,0.5860987574584806,0.10740087841183757,0.05998031626340046,0.5860987574584806
0.7175863180309534,0.09527834597975016,2.5612212885535953e-05,0.6157605113814573,0.09999306558200996,0.07287532538574057,0.6157605113814573
0.7155253579840064,0.9588579293340445,2.560666426983415e-05,0.6127653895238931,0.10738659409176181,0.08589505671832262,0.6127653895238931
0.7168701440095901,0.3940460626035929,2.5601894711639142e-05,0.619579954933451,0.10132560373825265,0.07509940509890527,0.619579954933451
0.7165214074775577,0.5464070998132229,2.560163533037335e-05,0.6189133502404607,0.10273513316331223,0.0765628764337523,0.6189133502404607
0.7171448981389403,0.2752682436257601,2.5601581308762497e-05,0.6189206223464172,0.10034896264030274,0.0746282513993388,0.6189206223464172
0.7187836905941367,0.09897718392312527,2.560138829532736e-05,0.6015416786107598,0.10140043383905814,0.06548417621877176,0.6015416786107598
0.7168146790936589,0.41816575825214386,2.560110610012737e-05,0.6195789794157065,0.10154566324824614,0.07525702363374517,0.6195789794157065
0.7182772774249315,0.016864698380231857,2.5598929539304193e-05,0.6069943946821328,0.10137072850995675,0.07124833868025024,0.6069943946821328
0.7185317231342196,0.056023391894996166,2.559834380348387e-05,0.6040499300627641,0.1013056656493208,0.06936172252044241,0.6040499300627641
0.7186214393004775,0.07591899018734694,2.5597934868772716e-05,0.603013193315794,0.10131351940969752,0.068477853961237,0.603013193315794
0.7181228213012218,0.010320295579731464,2.5597422324961094e-05,0.6088116860793261,0.10128043030987083,0.0721895069736631,0.6088116860793261
0.7178698377683759,0.033735984936356544,2.559706018508898e-05,0.6119331775023386,0.10073084422011153,0.07335705498507838,0.6119331775023386
0.7169674979522824,0.3503093095496297,2.5596671580420876e-05,0.6195110888749414,0.1009293138464587,0.0748944266430816,0.6195110888749414
0.7186433495953679,0.07970810774713755,2.5595711103474768e-05,0.6027705253126505,0.10132398827042001,0.06822096144751595,0.6027705253126505
0.7177567491307855,0.053600274957716465,2.5589442406629006e-05,0.6133378812438716,0.10042272175796567,0.07376371299439514,0.6133378812438716
0.719268137589097,0.12519634421914816,2.5587237239407048e-05,0.5976764691021702,0.10136697130292287,0.05908901111387646,0.5976764691021702
0.7174013713374734,0.15544137451797724,2.5582657645322575e-05,0.617589090925485,0.0997950414360993,0.07360945167237666,0.617589090925485
0.7191070420667529,0.1122584966942668,2.5579439300295265e-05,0.5988657754019091,0.10143127065109332,0.060694446998318,0.5988657754019091
0.7193070827051997,0.33425100799649954,2.5574613683125397e-05,0.5920040979518998,0.10448823348216413,0.061994651608054265,0.5920040979518998
0.7178300991654396,0.028536871075630188,2.5570415946421387e-05,0.6123921668531641,0.10072089681054291,0.07364832708200594,0.6123921668531641
0.7171687753871083,0.25584933906793594,2.5569033222447185e-05,0.6189570831207989,0.1001704777381181,0.07471630321688526,0.6189570831207989
0.7179741282016039,0.001077422872185707,2.55611718054178e-05,0.6105407517200395,0.10121659980228402,0.07313851281754949,0.6105407517200395
0.717089245095849,0.2875232920050621,2.555914443394314e-05,0.6193682340632635,0.10036813738127506,0.0748237971018654,0.6193682340632635
0.7176634641364217,0.06445876602083445,2.5558177508787713e-05,0.6144776776461286,0.1002178116038762,0.07414602556880918,0.6144776776461286
0.7172793541103601,0.11113810446113348,2.5555258387854985e-05,0.6208405490912776,0.09921999221270747,0.0710709628437203,0.6208405490912776
0.7166384775191545,0.4863327834755182,2.555265349605988e-05,0.619588953918098,0.10211426347966367,0.07597080701524958,0.619588953918098
0.7198050925508142,0.6159586003050208,2.5549953548095893e-05,0.5787587030279844,0.11079339363185686,0.05878239359238428,0.5787587030279844
0.7197381518781185,0.5713451402261853,2.5549223554273416e-05,0.5809059131223243,0.10972330534288935,0.058952327481063625,0.5809059131223243
0.7192110028117895,0.2762532364577055,2.5548635920390893e-05,0.5941799715050494,0.10343128370261195,0.06307414744577337,0.5941799715050494
0.719661601819098,0.5216943733394146,2.554677609371374e-05,0.5832539311554902,0.10855975569818054,0.05927943797983429,0.5832539311554902
0.7194599164649844,0.4030808750540018,2.5546215027977228e-05,0.5887152165154103,0.10591108567484847,0.06068921514327761,0.5887152165154103
0.717414740473032,0.10362127982079983,2.55458596673216e-05,0.6183415606198774,0.09962624618653278,0.07219329082411803,0.6183415606198774
0.7157998606562614,0.8432693313807249,2.554537391486243e-05,0.6149277608163544,0.10563903759032475,0.082955621908332,0.6149277608163544
0.7197013981640339,0.5405441280454397,2.5531803550054034e-05,0.5822486170861196,0.1090053403867723,0.05908981762297084,0.5822486170861196
0.719492144882679,0.4150134166702628,2.5531665033926393e-05,0.5880539895393432,0.1061734184895604,0.060457725889157425,0.5880539895393432
0.7195817120373249,0.4649458220228553,2.55269970126891e-05,0.5857464207620375,0.10727439483178668,0.0597834728516678,0.5857464207620375
0.7184994593262672,0.013085594400763512,2.5526008820842466e-05,0.6043253091324579,0.10160150161487935,0.07006930524417941,0.6043253091324579
0.7168845674023032,0.3697120910510421,2.552254097914772e-05,0.6200318486990464,0.10099208344344555,0.07522020576012856,0.6200318486990464
0.720191384665668,0.8954590801149607,2.552102080835945e-05,0.5650229339997671,0.11816663703561794,0.05989230361086379,0.5650229339997671
0.7190829114988446,0.2038193978369236,2.5516638342345014e-05,0.5966842402164552,0.10234096791290107,0.06458171279878946,0.5966842402164552
0.7172418721020222,0.20658784359693527,2.551094796619658e-05,0.6187575657980072,0.09982615296691554,0.0748870164950962,0.6187575657980072
0.7163185328245163,0.6181299649178982,2.5496432860563936e-05,0.6185827180212264,0.10325882171893158,0.07791539158015634,0.6185827180212264
0.7161551117897034,0.688871355727315,2.549628811061728e-05,0.6176110581155241,0.10391835923618525,0.07928181733938088,0.6176110581155241
0.7171753728762269,0.2306848932057619,2.549389671169412e-05,0.6192503849746693,0.09990720204734822,0.0749875196275496,0.6192503849746693
0.7173229567706585,0.15685815643519163,2.5491225434222373e-05,0.6184861615511781,0.09964092346883616,0.0741950345784366,0.6184861615511781
0.7192783793434501,0.28383783157914877,2.5490284541116043e-05,0.5932578948260996,0.1035902930580554,0.06265387093638264,0.5932578948260996
0.7202874701470137,0.9612616924569011,2.548594784811509e-05,0.5617611595976473,0.1201354317474942,0.06021406368404664,0.5617611595976473
0.7185720261186361,0.006764777936041355,2.5481048062114295e-05,0.6034319596854356,0.10172228224189456,0.06974917521980246,0.6034319596854356
0.7188693750649691,0.08878011628985405,2.5473113369811245e-05,0.6001726525170968,0.10145607167490825,0.06644966970181185,0.6001726525170968
0.7174926931038499,0.08365191146731377,2.5472706054144996e-05,0.6166221510662051,0.09985346902501602,0.07456576649307242,0.6166221510662051
0.7186703495681286,0.02618380170315504,2.5465754628321898e-05,0.6023342285493729,0.10159274604003361,0.06899049601822688,0.6023342285493729
0.7190544391050935,0.16048263385891914,2.5462560619942567e-05,0.5975757791938983,0.10188345750954976,0.06469367689652346,0.5975757791938983
0.7176980935037136,0.00910030584782362,2.5461153268366005e-05,0.6138868344429244,0.10073331662252824,0.07464018162725046,0.6138868344429244
0.7155959131196141,0.9167110109701753,2.545763446936402e-05,0.6138473489120145,0.10655659936300782,0.08511766043183204,0.6138473489120145
0.7199574494734406,0.6838112939149141,2.545484746018867e-05,0.5748484982802319,0.11251062619446961,0.05850068468565046,0.5748484982802319
0.715647503733635,0.895527365617454,2.5454146757999207e-05,0.6142452129793905,0.10623955204802947,0.08453304666033115,0.6142452129793905
0.7192177195101976,0.23745666816830635,2.5452647104473287e-05,0.5946702689585761,0.10284575116891553,0.06349034586095814,0.5946702689585761
0.7201998271048069,0.8729485338553786,2.5450598789528136e-05,0.565720382325017,0.11755355797957975,0.059541115090349456,0.565720382325017
0.7171382633969188,0.23447460681200027,2.5450403313999922e-05,0.6196438280923483,0.09985889911680806,0.07516583550856072,0.6196438280923483
0.7187366643920541,0.03660785499960184,2.5445258616671973e-05,0.6015704802852472,0.10155120486845087,0.06850971559327396,0.6015704802852472
0.7193920547142625,0.32265974301844835,2.5444121258536837e-05,0.5912258578264402,0.10432161207619195,0.0616897106202139,0.5912258578264402
0.7196955410763621,0.4995541414245963,2.544269415204089e-05,0.5834908970889886,0.10809439427671481,0.05915387667307212,0.5834908970889886
0.7202587444335222,0.9186686752364039,2.5439482014320898e-05,0.5634930779504262,0.1188810753832275,0.05993899561734897,0.5634930779504262
0.719146222807467,0.1082203621044755,2.543864935365533e-05,0.5979380872644914,0.10150455693847155,0.06140218756854541,0.5979380872644914
0.719086904078722,0.15224799327552319,2.543774187820282e-05,0.597455606327939,0.10182582647740976,0.06386822024618068,0.597455606327939
0.719890970736742,0.628457747399807,2.543733603539906e-05,0.5773929743605053,0.11114788857980379,0.05845382983535942,0.5773929743605053
0.7172687547281384,0.14927360601723194,2.543658536513015e-05,0.6194724981807532,0.09947802973667694,0.07368565522504934,0.6194724981807532
0.7201368743553758,0.8147786082699895,2.5436305253996012e-05,0.568424145286041,0.11594076114065921,0.059046279080045755,0.568424145286041
0.7187795769423246,0.04496258124709129,2.5433112862313342e-05,0.6010742792496095,0.10152220212784831,0.06817738991052279,0.6010742792496095
0.7196054738014936,0.43771535623818636,2.542860596918286e-05,0.5861741556028874,0.10671042101621082,0.05979294596270638,0.5861741556028874
0.719481710344553,0.36506739910691977,2.542800437716591e-05,0.5893150316927729,0.10516645663529371,0.06087068652931785,0.5893150316927729
0.7176150288432837,0.020947017706930637,2.5427905157156126e-05,0.6149391168586493,0.10046798455537286,0.07499056418058793,0.6149391168586493
0.7191658606752753,0.19978615455329418,2.5424157473163218e-05,0.5957401915340214,0.10233268224117044,0.06420731746498914,0.5957401915340214
0.7200884390622377,0.7706567468121648,2.5423880709426967e-05,0.5704726634606474,0.11476161750561835,0.05873820201434395,0.5704726634606474
0.7170484950765967,0.12985842674970627,2.540876365873673e-05,0.6242953841259411,0.09858835012619567,0.07150674814324105,0.6242953841259411
0.7175365490838885,0.04174912255257368,2.5407773429764277e-05,0.6159542230175328,0.10014456336711358,0.0752070190195518,0.6159542230175328
0.7188913449645042,0.06913604401051998,2.5400407269016797e-05,0.5997700330346509,0.10148442202660131,0.06721781124822852,0.5997700330346509
0.7193493414670229,0.27840055245906115,2.5395139617520917e-05,0.592506158160312,0.10353341472842403,0.0623627604089525,0.592506158160312
0.7195628182962537,0.39774388540536165,2.539504175324806e-05,0.5876371529747044,0.10585905823773421,0.06023485863958539,0.5876371529747044
0.7167538292706013,0.40112319588661194,2.539101092485955e-05,0.6207683015170321,0.10109851348878442,0.07575940204757557,0.6207683015170321
0.7163887741044164,0.5695968475192785,2.538507641517455e-05,0.6196064732480967,0.10267382085672468,0.07738553980172011,0.6196064732480967
0.7200797852128744,0.7469596480950713,2.5384336781935096e-05,0.571376015539714,0.11415682605619257,0.058525438990044115,0.571376015539714
0.7194243120029569,0.31105363089591265,2.5377696544444994e-05,0.5910605941759988,0.10412698459288032,0.06164849716479695,0.5910605941759988
0.7160008130595088,0.739620259962976,2.537681672375e-05,0.6172141966090591,0.1042770039590407,0.08063160114647651,0.6172141966090591
0.7198314964771271,0.5604751752689481,2.5374979351611856e-05,0.5801715108238603,0.1095400554638214,0.0585125994355106,0.5801715108238603
0.7200127793475986,0.6907409401610494,2.537390932953028e-05,0.5740035648253093,0.11272020575817177,0.058311185748457235,0.5740035648253093
0.719546714797616,0.3734099492430687,2.5361021541554846e-05,0.5883726112482013,0.10536176651750147,0.06049221506365803,0.5883726112482013
0.7157487319782376,0.8439429439604282,2.535866166399332e-05,0.6154485338293457,0.10543670282067139,0.0832785037127251,0.6154485338293457
0.7199051482602954,0.6041237758472562,2.5356619534348376e-05,0.5780010425067348,0.11059051836560695,0.05828891705818404,0.5780010425067348
0.7188124535605311,0.017310163006186485,2.5356526364038502e-05,0.600611827925437,0.10174745338048514,0.06834029527054016,0.600611827925437
0.7201103493571281,0.7588109886273742,2.535550663546295e-05,0.5706373998367877,0.11447938731389781,0.058516310930744664,0.5706373998367877
0.7201653169468045,0.8034318359568715,2.5355413353267867e-05,0.5685075614623047,0.1156685608116898,0.058786162642045676,0.5685075614623047
0.7175043150782585,0.03024371527135372,2.5353573817965125e-05,0.6163036791847931,0.10018799012887813,0.07553531120146346,0.6163036791847931
0.7191983489319682,0.18014232628047466,2.534913417363051e-05,0.5955621373468862,0.10212841316068631,0.0642313197792068,0.5955621373468862
0.7158233672380447,0.8115660520270467,2.534790284388987e-05,0.6160622594683738,0.10502959843962832,0.08244757001976721,0.6160622594683738
0.7172095254063606,0.16348368674516678,2.5346272311079103e-05,0.6196826239985364,0.09943299897223086,0.07522365990091669,0.6196826239985364
0.7197727831080556,0.5023131212219596,2.5332104263654782e-05,0.5825255525630822,0.1082000401406348,0.05879459684547169,0.5825255525630822
0.7169959777966142,0.2679023267701268,2.5328236460318176e-05,0.6208338481125162,0.09988522968361772,0.0756256197913136,0.6208338481125162
0.7161963982507586,0.6465650517493486,2.5320904920563316e-05,0.6188540720542481,0.10330921897221207,0.07878571178025989,0.6188540720542481
0.7174641536548734,0.032514091581106186,2.5319350349529593e-05,0.6167934268386057,0.10009571620144282,0.07574684788944445,0.6167934268386057
0.7165277116000652,0.49369119573384523,2.53168082725229e-05,0.6206420243473039,0.10187832042604869,0.07663024899229125,0.6206420243473039
0.7169329859316349,0.2948287492617965,2.5311066228326536e-05,0.6211026882709687,0.10005960580664644,0.07569694107006575,0.6211026882709687
0.7192717744037509,0.19862207490950823,2.5308745100592945e-05,0.5944925278314805,0.102359269477102,0.06368766684014367,0.5944925278314805
0.7161228619515896,0.6772650647908449,2.5306314868496122e-05,0.6184465392994577,0.10358143898297659,0.07940788978611392,0.6184465392994577
0.7193578537553549,0.23907851334661245,2.5298327088643006e-05,0.5929849113618466,0.10292474781627198,0.06277321179093064,0.5929849113618466
0.71903239749372,0.0754415774717927,2.529616518282382e-05,0.5981043606297921,0.10152956475719094,0.06632191816966361,0.5981043606297921
0.7166497437283397,0.4309762269258499,2.529433911140508e-05,0.6211584494727886,0.10125338533095342,0.07618826557133178,0.6211584494727886
0.7156657418236136,0.8711552899330854,2.5290922352787432e-05,0.6151342736476868,0.10571881683847895,0.0841172090344658,0.6151342736476868
0.720045275054872,0.6793902041390538,2.5290411648467348e-05,0.5740164628341724,0.11246902538286817,0.058084342054340196,0.5740164628341724
0.7193884178996086,0.25118919368833303,2.5288637752223023e-05,0.5924555623263537,0.1031157720213562,0.06248013593290966,0.5924555623263537
0.7166868532076478,0.41157294251024723,2.5287942858242514e-05,0.6212732785953655,0.10106108837023825,0.07609390408719034,0.6212732785953655
0.7199862543493509,0.6328181391581893,2.5286339276284508e-05,0.576182978580609,0.11131606128844039,0.058054492641521724,0.576182978580609
0.7197366449981928,0.45734081231057644,2.528382954674048e-05,0.5841519219366937,0.10719709340728135,0.05909335202860418,0.5841519219366937
0.7170977871865034,0.20279488153755665,2.5283215963830303e-05,0.6205358590165261,0.09945791728805135,0.07581024646611742,0.6205358590165261
0.7189846970140934,0.04898116551339626,2.5282670850551125e-05,0.598635597430856,0.10158875464427741,0.06704935554991996,0.598635597430856
0.7195101594552398,0.3143778908997774,2.5276532074815627e-05,0.5899878366401299,0.10422082536790979,0.06119974520545731,0.5899878366401299
0.7189105981960893,0.013288330286741257,2.527542062477883e-05,0.5994295798170277,0.10182625729453204,0.06787237298824189,0.5994295798170277
0.7198553774505854,0.533018141053617,2.527389419271127e-05,0.5807072978513402,0.10893214093740827,0.05839029064701668,0.5807072978513402
0.7173639973625541,0.05997434817254543,2.5271276917265078e-05,0.6180666741953121,0.09970600477649035,0.075994097563312,0.6180666741953121
0.7196990568190813,0.42662029433995485,2.5269402642066198e-05,0.5853620304620365,0.10652284257008826,0.059415719592889764,0.5853620304620365
0.7171265203505754,0.18290306814014912,2.526890172790755e-05,0.620410615253093,0.09936914756757646,0.07584943340339437,0.620410615253093
0.7170046092942357,0.24567048903554678,2.5265133912722145e-05,0.621086445824307,0.09965043852568259,0.07584376348941722,0.621086445824307
0.7173314271494746,0.07181712053716183,2.5261239680258843e-05,0.6184862881723899,0.09958474196671624,0.07596987343419377,0.6184862881723899
0.7203724272549152,0.9418574804440141,2.5259276513258142e-05,0.5614873361263145,0.11964740162419693,0.05977603360224313,0.5614873361263145
0.7194532891735435,0.11427611112594604,2.5257736176320386e-05,0.594939815455931,0.10145747263692448,0.05866523946845631,0.594939815455931
0.7204544628039002,0.9958692071959376,2.5255575956284342e-05,0.5593821626050083,0.12125498327662244,0.058192290531629186,0.5593821626050083
0.7203221013769507,0.893570207990706,2.525308495012764e-05,0.5636943956176836,0.1182305411406006,0.05931429934584665,0.5636943956176836
0.7193004554137588,0.18701199907809496,2.525296204502624e-05,0.5942739021875095,0.10223478327375142,0.06366800896248616,0.5942739021875095
0.7168957125395536,0.2986035915091634,2.525281491227827e-05,0.6214758300086075,0.1000092292371832,0.07588350005235214,0.6214758300086075
0.7201189808547497,0.7194835068657994,2.5249737694672765e-05,0.5718704773144877,0.1135024310169843,0.05809360199945434,0.5718704773144877
0.7193798832595348,0.22748677153140306,2.5247626487600205e-05,0.5928739269133249,0.10276624539171729,0.06280335192390324,0.5928739269133249
0.7199451830238104,0.5831757625564933,2.5242516006636887e-05,0.578194469873972,0.1101298598064516,0.0580481263497054,0.578194469873972
0.7192463027313352,0.10268583334982395,2.5234447693844652e-05,0.5962483818157945,0.10156892716243511,0.062285589295769085,0.5962483818157945
0.7195714423432946,0.12359565403312445,2.5233907516554672e-05,0.5940677087780725,0.10137482776785921,0.0576338834173342,0.5940677087780725
0.7196629932150245,0.3861412098631263,2.5230239120953016e-05,0.586731247693392,0.10566703279747784,0.059846259140338656,0.586731247693392
0.7198075568303466,0.4803554527461529,2.5229277241753957e-05,0.5827259046617455,0.10773312458209539,0.05868842880338087,0.5827259046617455
0.7190649006515741,0.05628600064665079,2.5226226578747405e-05,0.5976884570083344,0.10158228443215632,0.06653533431909499,0.5976884570083344
0.71556749753654,0.9048393927514553,2.5223532422315223e-05,0.6146773479584559,0.10612414112612571,0.08514089528133496,0.6146773479584559
0.7162146456539631,0.6240240326151252,2.522161786705351e-05,0.6195349289475363,0.1029811240064353,0.078580653843963,0.6195349289475363
0.7203133702278137,0.869205716997385,2.52160598454339e-05,0.564634160607511,0.11754883023548228,0.05901126192810371,0.564634160607511
0.7199777709320188,0.5948046986013651,2.5214678214654755e-05,0.5774695115429693,0.11041899814627533,0.05793696029529166,0.5774695115429693
0.7167415423318744,0.3631173940375447,2.5191438659729315e-05,0.6218940497953365,0.10048414572011581,0.07616369447112463,0.6218940497953365
0.7202693792060018,0.8180026244372129,2.5188536694216125e-05,0.5668775289697436,0.1161345489669535,0.0585243548688839,0.5668775289697436
0.7163603166118264,0.5504451151937246,2.5185280983661065e-05,0.6206288571860609,0.10225183523340574,0.07756056463163058,0.6206288571860609
0.7164319511502981,0.515831908211112,2.5183533350376406e-05,0.6210135151503056,0.10192346490812126,0.0771619388367682,0.6210135151503056
0.7190135037526488,0.005921888165175915,2.5176749452624733e-05,0.5981775587058527,0.1019341243160965,0.06742441381160114,0.5981775587058527
0.716037018224597,0.6981674702838063,2.5175949989749564e-05,0.6185481968262906,0.10363132864213691,0.08007885481601996,0.6185481968262906
0.7201585927978158,0.7182126408442855,2.5174986832918146e-05,0.5714758065078773,0.11349886134420008,0.05791276297783583,0.5714758065078773
0.7165599754080176,0.45087555050849915,2.5171565274768417e-05,0.6216211569368639,0.10128866366848283,0.07662434500006866,0.6216211569368639
0.7191782258450985,0.07947628479450941,2.516846100633834e-05,0.5963871689054896,0.1015647153262062,0.06542998911635224,0.5963871689054896
0.7196449637413025,0.34618222899734974,2.516752183769314e-05,0.587792053150386,0.10486472119347663,0.06025685507142479,0.587792053150386
0.7203611629083753,0.8897958425804973,2.5165893883773496e-05,0.5634092282257959,0.11815751394213157,0.05909845831300016,0.5634092282257959
0.7202200852334499,0.7645972855389118,2.5164153067358744e-05,0.5692394479648277,0.11470993265633675,0.05811040471564199,0.5692394479648277
0.7195141520351171,0.26048532873392105,2.51548782015774e-05,0.5908328723462628,0.1032972200568638,0.061760507053725135,0.5908328723462628
0.7194309392943978,0.21020937617868185,2.515098762824571e-05,0.5924747752534012,0.10254607339186546,0.06276154092827801,0.5924747752534012
0.7204046919941902,0.9224464679136872,2.5149046606469036e-05,0.5618142306881899,0.11911565149251244,0.05938388279087594,0.5618142306881899
0.7159092845395207,0.7507028793916106,2.5143048619035223e-05,0.6177527574399283,0.10412401196349147,0.08129844822206066,0.6177527574399283
0.7199339186772704,0.5297734038904309,2.5141901153631787e-05,0.5799035054781496,0.10889919768393193,0.058040317801164136,0.5799035054781496
0.716802166774869,0.317530226893723,2.51333009943655e-05,0.6222103652345051,0.10000593111262111,0.07625112646343521,0.6222103652345051
0.7196037573739886,0.30181789584457874,2.5127403419492187e-05,0.5891098032424464,0.10402257435674174,0.06088026712437834,0.5891098032424464
0.7161591062322259,0.6349776312708855,2.5120146767576276e-05,0.6197346319817342,0.1029647071544236,0.07896754910951938,0.6197346319817342
0.7170571684837341,0.10734788049012423,2.5119345469998997e-05,0.6230386810762526,0.09881249582819525,0.07337438780009466,0.6230386810762526
0.7201301278546453,0.667543969117105,2.511444975370802e-05,0.5734583202926844,0.1122381995369701,0.05763555909482209,0.5734583202926844
0.7191497385501862,0.03662771265953779,2.5109059528324093e-05,0.5966548529461964,0.1016962437827,0.06635720819295439,0.5966548529461964
0.7197787864133716,0.40528028830885887,2.51069975731765e-05,0.5849446423455448,0.10610447272970956,0.05917690125019646,0.5849446423455448
0.7193986596539617,0.15980016347020864,2.5100636041533624e-05,0.5934936469353393,0.10197917436675526,0.06292360524436866,0.5934936469353393
0.7199077280238271,0.4919470753520727,2.510060848192481e-05,0.5812604002762122,0.1080349985628891,0.058206796877548796,0.5812604002762122
0.7203505430370569,0.8498063962906599,2.5099767625904713e-05,0.5649067626162739,0.11704900549674094,0.05859495151615921,0.5649067626162739
0.717200837098062,0.07664974499493837,2.5098034851943504e-05,0.6200759338558772,0.09929834617976611,0.07662318300464918,0.6200759338558772
0.7164080254733562,0.5117970816791058,2.5092810130867477e-05,0.6214286950201573,0.10177584821868113,0.0773206260218545,0.6214286950201573
0.7172295851632953,0.05724624264985323,2.5090460712945423e-05,0.61967487582016,0.09945400090091137,0.07684266817405758,0.61967487582016
0.7203016290441155,0.7981033008545637,2.508294632661553e-05,0.5672105196713499,0.11563513978083101,0.05814737605518133,0.5672105196713499
0.7200556620955467,0.5924341827630997,2.5079193119531324e-05,0.5766626712857,0.1104065636543252,0.05758945011306789,0.5766626712857
0.7169761518016458,0.1400854056701064,2.5075542786230356e-05,0.6237768118149184,0.09870968606446905,0.07364827424978217,0.6237768118149184
0.7196255931630731,0.2902124747633934,2.507407294625242e-05,0.5890504260416163,0.10382152994097128,0.06089852988333218,0.5890504260416163
0.7202266827225685,0.7257971893996,2.506728712549131e-05,0.5704726392071504,0.11373359191024997,0.057693248525176974,0.5704726392071504
0.7195208687335253,0.2221426535397768,2.5066536799237873e-05,0.5912691476181346,0.10272283157896364,0.06217938807273962,0.5912691476181346
0.7172973919659853,0.002786647528409958,2.5066015516541526e-05,0.6186436829135471,0.10012379174046344,0.07708153871488393,0.6186436829135471
0.7205270892009139,0.9846733324229717,2.506418910889104e-05,0.5588002070154695,0.12101241889158564,0.05833713280914298,0.5588002070154695
0.7198502086102962,0.4341433756053448,2.506376199930514e-05,0.583423930101032,0.10674272613098264,0.05868255963471773,0.583423930101032
0.7197151752188802,0.34160975366830826,2.506119840962861e-05,0.5870602881542184,0.10479537410759222,0.059969010982969306,0.5870602881542184
0.716790834441781,0.30519828852266073,2.5059161063063265e-05,0.6225992994029673,0.09980763099232554,0.07645741381451811,0.6225992994029673
0.7204829100519419,0.9531149622052908,2.5055734864468776e-05,0.5599520790964349,0.12006757867005055,0.059416227802748724,0.5599520790964349
0.7170157544314861,0.17261467594653368,2.505264713318921e-05,0.621866528003998,0.0990360586063811,0.07655597583394076,0.621866528003998
0.7197588868439198,0.36531367991119623,2.5050101687244114e-05,0.5860641364327684,0.10527592912040878,0.059562132425253884,0.5860641364327684
0.7198264505714178,0.4069314207881689,2.5040917958483204e-05,0.5843520318838241,0.10615418526953832,0.05894818516738453,0.5843520318838241
0.7193203791975975,0.08455304801464081,2.503551700352623e-05,0.5947393555659033,0.10158350854523066,0.06445340093069167,0.5947393555659033
0.7168520567938685,0.2641231035813689,2.503403219640633e-05,0.6226231881038617,0.09946092173022972,0.07655803489759959,0.6226231881038617
0.7153117768466473,0.9860541420057416,2.5028107567604002e-05,0.6144112769103598,0.1071296274128883,0.08572759986692655,0.6144112769103598
0.719473198056221,0.15241166669875383,2.5020386325959942e-05,0.5928491348250177,0.10191643641069177,0.06195458943201566,0.5928491348250177
0.720027182251215,0.5412772595882416,2.5016406444273537e-05,0.5785090274078762,0.10920475214217806,0.05762919180334523,0.5785090274078762
0.7199724791571498,0.4963834071531892,2.5008608867681088e-05,0.5803965927679353,0.10816027502652645,0.057909188225665924,0.5803965927679353
0.7192357452586293,0.025584557093679905,2.5003618024559397e-05,0.5956099574477457,0.1017826825566652,0.06605614976418606,0.5956099574477457
0.7196382470428944,0.13644575327634811,2.4995964725690786e-05,0.5921006039033476,0.10168583085195733,0.058261177309242344,0.5921006039033476
0.7195014981552958,0.16422153264284134,2.4982460521737747e-05,0.5921779314811824,0.10203051291173598,0.06260076390903405,0.5921779314811824
0.7171159358695149,0.08044411148875952,2.4978042676495398e-05,0.6211210168319442,0.09910128541832439,0.076996557147119,0.6211210168319442
0.7196735106408596,0.2720875609666109,2.4973105928672934e-05,0.5887768175819256,0.10351701881782156,0.060868970011213996,0.5887768175819256
0.7192880846560001,0.03365546464920044,2.496445578268648e-05,0.5950083151360848,0.10172667430997594,0.06569485535079424,0.5950083151360848
0.7195951333269477,0.2156151458621025,2.496034147051514e-05,0.5904679535029814,0.10264081900548012,0.06190039740297655,0.5904679535029814
0.7166097443550825,0.381724352017045,2.4959826434117114e-05,0.62298827395972,0.10036779858567776,0.07681404142110465,0.62298827395972
0.7169024590402842,0.21094066556543112,2.4953212296545615e-05,0.6227878857098221,0.09904234328567867,0.07690880852426957,0.6227878857098221
0.720413408242166,0.8374054320156574,2.494978292434359e-05,0.5646579000868126,0.11675946529671939,0.058172984769529715,0.5646579000868126
0.7199435532093048,0.44575339183211327,2.4947041666975073e-05,0.5820559786657812,0.10702440100330987,0.05820622124485818,0.5820559786657812
0.7164876321330667,0.4435778548941016,2.494154861638372e-05,0.6226911163683778,0.10093959546024327,0.0771173201444143,0.6226911163683778
0.7195534687489271,0.14805165119469166,2.4941117635636106e-05,0.5921136996942848,0.10187241116461708,0.06096776094068232,0.5921136996942848
0.7197548942640424,0.3098303033038974,2.4940164179675533e-05,0.5871917803212672,0.10419809499624218,0.06008785165422746,0.5871917803212672
0.7168633975088596,0.11940467357635498,2.4938660251596574e-05,0.6269792884317146,0.0979699730584345,0.07271171219171794,0.6269792884317146
0.7169262617826462,0.19153740722686052,2.4938649758086935e-05,0.6227252265377667,0.0989439099117635,0.07699613510334431,0.6227252265377667
0.7154928175732493,0.9074606504291296,2.4937306311293223e-05,0.6153480819955742,0.1058586654508557,0.08563113771970597,0.6153480819955742
0.7196667566895485,0.24937403947114944,2.4935903156877845e-05,0.5891900395580304,0.10314475883016067,0.061158559796705106,0.5891900395580304
0.7167010512202978,0.3246093010529876,2.4932838099128422e-05,0.6232653780252445,0.0998138603173195,0.0768023491308864,0.6232653780252445
0.7162504279986024,0.5631839828565717,2.493257716990122e-05,0.621430747697239,0.10207491298759738,0.07824430991516651,0.621430747697239
0.7202084809541702,0.6446678610518575,2.492797462372137e-05,0.573318557327662,0.11172859676575728,0.05716047940397174,0.573318557327662
0.7159007722511888,0.7280186237767339,2.4926322654981968e-05,0.6188110232314066,0.10364728168928063,0.08115427179565168,0.6188110232314066
0.7165160896256566,0.4246626337990165,2.4922375293812987e-05,0.6229151781010751,0.10073384995330326,0.07706187281361893,0.6229151781010751
0.7171895708888769,0.005056991241872311,2.4920205331871604e-05,0.6199466707025987,0.0998809910741626,0.07770508388359566,0.6199466707025987
0.7203846974298358,0.7943240441381931,2.4915909624039318e-05,0.566438418935881,0.11559318552765953,0.0577584394115036,0.566438418935881
0.7202931242063642,0.7114411927759647,2.4915409940934715e-05,0.5702170682086973,0.11341522787597702,0.05728557855864654,0.5702170682086973
0.716175464913249,0.5968115674331784,2.4911926675630076e-05,0.6210302960958043,0.10236758502127782,0.07874997795398038,0.6210302960958043
0.7200672859326005,0.521453807130456,2.49096668075305e-05,0.57861774915416,0.1087650176328586,0.057458397737559626,0.57861774915416
0.7193396324291825,0.02907560206949711,2.4901487100054486e-05,0.5943881030305775,0.10175719210516208,0.06549326174951312,0.5943881030305775
0.7171505652368069,0.02447171974927187,2.4900311152036694e-05,0.620517794225576,0.09956734608420918,0.07772249757151149,0.620517794225576
0.7201981088146567,0.6222793757915497,2.4899556648920497e-05,0.5741388513269482,0.111184549979209,0.05709049475881622,0.5741388513269482
0.7194204796105623,0.0729661975055933,2.489551320354011e-05,0.5934853923848076,0.10158454403234166,0.06443253591937523,0.5934853923848076
0.7202608371153474,0.668363768607378,2.488459748074991e-05,0.5719782583982634,0.11233199479002477,0.05708705550907923,0.5719782583982634
0.7201385963708162,0.5649629328399897,2.488235466652358e-05,0.5765515956345678,0.1098006492221306,0.057168757606636776,0.5765515956345678
0.7168434029445052,0.22627161163836718,2.4882131004370214e-05,0.6232999269937632,0.09902985711873796,0.07708063042905504,0.6232999269937632
0.7197874477133155,0.11598295532166958,2.4879320923327453e-05,0.5911162190580471,0.1013847472741222,0.05690259824170358,0.5911162190580471
0.7204945338889956,0.8795688711106777,2.487590540591808e-05,0.5623415365161908,0.11797332236119827,0.05840813024136264,0.5623415365161908
0.719634254463017,0.18838694877922535,2.4857439907471208e-05,0.5903011405240647,0.10229289312662852,0.06202484497072015,0.5903011405240647
0.717028277926147,0.08772622048854828,2.4855007054851974e-05,0.6222645791410742,0.09888022355916874,0.07709863619683091,0.6222645791410742
0.7166620455682278,0.32838757056742907,2.4854559397938422e-05,0.623647626554574,0.09975169617715673,0.07700502319826516,0.623647626554574
0.7206253530457616,0.980882665142417,2.48411839535334e-05,0.5578129875931738,0.1209845766096198,0.05817454845091765,0.5578129875931738
0.7194491755217314,0.06086781062185764,2.4838708498754235e-05,0.5931307072299535,0.10160005267051458,0.06453315791276075,0.5931307072299535
0.7198482537642121,0.3219285113736987,2.483410668429789e-05,0.5858777926082673,0.10443668055851182,0.05953769317223524,0.5858777926082673
0.7193635581061244,0.0018588751554489136,2.482725213869846e-05,0.594015983033899,0.10200457651561429,0.06569900299525869,0.594015983033899
0.7157810861244798,0.7703288085758686,2.482681848087816e-05,0.6183151943368622,0.1039845934646245,0.08227946893573344,0.6183151943368622
0.7198700932785869,0.33351548109203577,2.4826224993672574e-05,0.5854043393447503,0.10466317604522364,0.059328410064709604,0.5854043393447503
0.7201045630499721,0.5096026808023453,2.4825080166305672e-05,0.5785226461809105,0.1085053362482131,0.057308725966923185,0.5785226461809105
0.7165955314412713,0.35934350546449423,2.482177619884014e-05,0.6237201669466641,0.09999269134665817,0.07710743991032268,0.6237201669466641
0.7170835742726922,0.03782832529395819,2.4819838842000944e-05,0.6213733781581311,0.09929241475883302,0.07797409578887592,0.6213733781581311
0.7169617246836424,0.10000439919531345,2.481845620430879e-05,0.6235239860391657,0.09867315003868021,0.07579888545681208,0.6235239860391657
0.7205765005201101,0.9327348675578833,2.4817205104257874e-05,0.5596465542146039,0.11954396656456533,0.05882743863654189,0.5596465542146039
0.7168759359046817,0.14386072475463152,2.4814062753856548e-05,0.6246029626958187,0.09851087859933776,0.07510828087169162,0.6246029626958187
0.7199400374665856,0.37806508503854275,2.4813824512689895e-05,0.5836797545324759,0.1055727821691881,0.0586359992841041,0.5836797545324759
0.7205070294439793,0.8571498701348901,2.4805557147598243e-05,0.5629775804772111,0.11736124292609286,0.05805163406548518,0.5629775804772111
0.7201711069792509,0.5531240049749613,2.48040449967654e-05,0.5765307371572732,0.10953537700596364,0.05701455665168437,0.5765307371572732
