x1,x2,ensemble_ei,ensemble_mu_mean_model,ensemble_sigma_mean_model,ensemble_mu_std_model,ensemble_mu_mean_original_approx
0.3162991525605321,0.8733862834051251,0.024834194155858,-0.02398000952794669,0.18135768129036722,0.05967048742572833,-1.9809622336727443e-05
0.31270815897732973,0.8743501240387559,0.024374782299073087,-0.024014907116352395,0.1794924253114765,0.05961505863087525,-1.983845638870799e-05
0.3171180849894881,0.8749101962894201,0.023897963075323027,-0.024020286894749266,0.17523260852935807,0.059607241894670676,-1.984290142035636e-05
0.3137877965345979,0.8726853989064693,0.02527816109062149,-0.024022627657016734,0.18429253791934394,0.059717053464134674,-1.984483547089844e-05
0.31691368017345667,0.8754278123378754,0.023585859447339073,-0.024048038172827017,0.1730570049769451,0.059605130318990486,-1.986583087010839e-05
0.31496016774326563,0.8717514127492905,0.025647599651063873,-0.024100371105422336,0.18588046875482064,0.0598131168890964,-1.990907091478733e-05
0.31235310435295105,0.8724429551512003,0.025477299721825348,-0.024110235902680542,0.18559939436457007,0.059716528512567854,-1.9917221701920595e-05
0.31253454368561506,0.8757856031879783,0.02352273835908936,-0.024121036664876184,0.17330769399819843,0.059589988791964005,-1.9926145832154317e-05
0.3112734816968441,0.8745925715193152,0.02435150375841155,-0.024122431579305742,0.17965547333197784,0.05958178483990342,-1.992729838043185e-05
0.31104240752756596,0.8750510597601533,0.02409522815888463,-0.02416512139147647,0.177956513747632,0.05956843699104548,-1.996257086354227e-05
0.3182282103225589,0.8721806285902858,0.0254568784622787,-0.024176276466849292,0.18308046031711914,0.059718641519076604,-1.9971787757304465e-05
0.3162706447765231,0.8767115203663707,0.02297594701354285,-0.024207349068873354,0.16691799404701813,0.059610666382607536,-1.9997461543307803e-05
0.3197628250345588,0.87392115034163,0.02457295833621379,-0.024230858171485972,0.17749026915912217,0.05954824194115797,-2.0016885988925864e-05
0.30997854843735695,0.8736283062025905,0.025139539836103307,-0.024243142782927093,0.1845758686705781,0.059595115587998224,-2.0027036179439412e-05
0.3138963272795081,0.8771722111850977,0.022912050315882112,-0.0243081420975794,0.16530046106052493,0.05960701799050159,-2.0080742073884743e-05
0.31839323323220015,0.8711612513288856,0.025826475485132838,-0.02432395981891743,0.18463871806639162,0.0598309009846585,-2.009381153024432e-05
0.32049258705228567,0.8746216958388686,0.024165080578159047,-0.02433848436554622,0.17585711485881914,0.059496342048060716,-2.0105812500187242e-05
0.32037606928497553,0.8750172713771462,0.023915346197224192,-0.02434010326641232,0.17400447485115703,0.0594949991531466,-2.0107150124344924e-05
0.3148557748645544,0.8701278045773506,0.02604799132314791,-0.024368368766829573,0.18766342893152657,0.0600508610831877,-2.0130504630313622e-05
0.3098930586129427,0.8759774016216397,0.023747999755172115,-0.024370185900898112,0.17487080942501657,0.05954046110207541,-2.013200604664694e-05
0.31964290980249643,0.8764552585780621,0.023124516610742295,-0.02440777362466429,0.16605978070356922,0.05952013472303883,-2.0163063110887342e-05
0.3192349411547184,0.8708462482318282,0.02593032836485934,-0.024458526379397445,0.1842799502780251,0.05984436581953566,-2.0204997899842103e-05
0.3182449759915471,0.877459411509335,0.022823135578809318,-0.024487129156144392,0.16126683119075672,0.059568577517487675,-2.0228631150414345e-05
0.31756966933608055,0.8698206646367908,0.02604197534529222,-0.024512105603894396,0.1863038613663811,0.06007448101147802,-2.0249268134034035e-05
0.30794318206608295,0.8729113535955548,0.0259854885367185,-0.024513475184393473,0.18921588336541528,0.05962942778755358,-2.025039976090627e-05
0.3117221659049392,0.8699302691966295,0.026241974498350955,-0.0245369060947764,0.18929982920930108,0.06005120911776398,-2.0269759744425932e-05
0.3151682084426284,0.87812883220613,0.022836467445982046,-0.02456796996909743,0.15938121070534148,0.05960524516087179,-2.029542654469609e-05
0.3086395785212517,0.8715093936771154,0.026431350426422147,-0.02457188469061705,0.19132084750671438,0.059765715053459074,-2.0298661119284813e-05
0.3094535758718848,0.8708585929125547,0.02644033539127055,-0.02457704377873805,0.19114957640504962,0.059859715265548334,-2.0302923863675056e-05
0.321564476005733,0.8724681455641985,0.02545736347778279,-0.0245795006046711,0.18456419399184607,0.059555061501033846,-2.030495383906958e-05
0.3124041762202978,0.8779067508876324,0.022937340370684803,-0.02458044445589007,0.16185154644641547,0.059575982298890336,-2.0305733704995325e-05
0.31419731490314007,0.869200024753809,0.026106212517085847,-0.0245829684536699,0.18791451763651865,0.06023337774469771,-2.030781918193221e-05
0.31548515893518925,0.8691037716343999,0.02606488713566558,-0.02460133710236076,0.1874264395434154,0.060255077150965605,-2.0322996454808663e-05
0.3068330716341734,0.8741794675588608,0.025529070833532317,-0.024617765727215756,0.18653040066584492,0.05957474531656527,-2.0336570770116605e-05
0.30654548667371273,0.8731908462941647,0.02619231894141643,-0.024677824223226813,0.19016303393116923,0.05962910670933607,-2.038619474880053e-05
0.30669375509023666,0.8756740745157003,0.024654064442463874,-0.02472241419269921,0.18031608661669318,0.05954609754344425,-2.042303773851207e-05
0.26180922146886587,0.8742888644337654,0.02528013694980722,-0.02475151701839051,0.1828392067690248,0.060312974955387774,-2.0447084314379676e-05
0.26104262191802263,0.8739818437024951,0.02547349157863253,-0.02478032685162344,0.18360830839931658,0.06033846689949054,-2.0470888818599886e-05
0.26312519144266844,0.872745675034821,0.026281338311191952,-0.024812730296994923,0.1891193080146144,0.06040161931298024,-2.0497662612491372e-05
0.3080250360071659,0.8772131530568004,0.02370445522691046,-0.024821661533961144,0.17055563165266663,0.059521641810949176,-2.050504217406422e-05
0.31857108045369387,0.8784556770697236,0.022887109436544196,-0.024834782993361705,0.1552796041945659,0.05954315195855424,-2.05158839694881e-05
0.26187193486839533,0.8758460264652967,0.024317970655465312,-0.024842196429499874,0.17616505356092144,0.06024810012061483,-2.0522009429776727e-05
0.265391512773931,0.8733246065676212,0.026386782783128112,-0.024875156085654285,0.1904739298638842,0.060275101934106554,-2.0549242842515007e-05
0.3133391011506319,0.8681451687589288,0.02602880476415804,-0.024890849706112297,0.1874378958688477,0.060477555067185315,-2.056220994083066e-05
0.3064901828765869,0.876701096072793,0.024232122911765845,-0.02490704090751907,0.1752967266703131,0.059542548250022094,-2.057558817846224e-05
0.32286571245640516,0.8714792858809233,0.026031783013793164,-0.024935560955281936,0.1886526828842851,0.05960718499595314,-2.0599153334567205e-05
0.26117465924471617,0.8763934941962361,0.024037459555720102,-0.024940341737536068,0.1730623537467328,0.06023870816129611,-2.060310353576636e-05
0.2663545198738575,0.8734329743310809,0.026559768413100607,-0.02494157248294098,0.1913846619381368,0.060236492310808534,-2.0604120459792655e-05
0.2643043575808406,0.8718121061101556,0.02689954588649509,-0.024952449253641804,0.19270583697488555,0.06047253389975841,-2.0613107575308142e-05
0.30831937957555056,0.8695787014439702,0.02685876361822402,-0.02496233128382185,0.19318338361717252,0.0600830608372805,-2.0621272771780018e-05
0.3051759097725153,0.8718915516510606,0.027180280291729537,-0.024972507032674857,0.1949039481209448,0.0597825397271648,-2.0629680660434037e-05
0.3044466096907854,0.8727144040167332,0.027001193108888086,-0.024990207244621608,0.19392080066256503,0.059734750195319784,-2.0644305772073945e-05
0.32269348576664925,0.8708944227546453,0.026167439359714696,-0.02499345520846189,0.18911910736976922,0.059689807166178485,-2.0646989460062432e-05
0.2597531611099839,0.8721193689852953,0.02653123079101402,-0.025001637790250247,0.18948443606550314,0.06050443316270152,-2.065375046501089e-05
0.3241969486698508,0.8736021323129535,0.02531255507743614,-0.025017570065207616,0.18568856732755123,0.05940825457162427,-2.0666914796890713e-05
0.3219197504222393,0.8698993567377329,0.026212700308738884,-0.025040480128164743,0.18845468880408445,0.05988242190004004,-2.0685844662178738e-05
0.2584065841510892,0.8749704724177718,0.02501735292474716,-0.025050608812354276,0.18208104344507262,0.060256007308518655,-2.0694213679186384e-05
0.26299738604575396,0.8771108640357852,0.023860839385985856,-0.02505676330562683,0.1708111694287273,0.060187957999704875,-2.069929894676999e-05
0.3217456014826894,0.8778690285980701,0.022963616385502664,-0.02506101903384193,0.16128067685639422,0.05942231914700068,-2.070281532392736e-05
0.31008294504135847,0.8683729870244861,0.026409497363466143,-0.025067243691081174,0.19040924711360138,0.06036834633703659,-2.0707958567174147e-05
0.31983377784490585,0.8684520740061998,0.02604324579938562,-0.025069874668056723,0.18457642437014285,0.06028948151502612,-2.0710132462947586e-05
0.258438634686172,0.8753664651885629,0.02476499240936785,-0.025071624025811378,0.1802960457785638,0.060240708329377855,-2.0711577903813537e-05
0.30337473563849926,0.8743754336610436,0.02631289729461434,-0.0250839750963027,0.1897574175697515,0.05969835528916283,-2.0721783217811967e-05
0.323996894992888,0.8760142000392079,0.023831320034489133,-0.025088804486469062,0.1752332011825495,0.05936609090439735,-2.072577359692282e-05
0.2676287740468979,0.8726690132170916,0.02731010247901458,-0.02510371742835495,0.195088642660893,0.06027227159842986,-2.073809571306365e-05
0.3167418837547302,0.86745779030025,0.025783984224584357,-0.025107014954575346,0.185042777386099,0.06065514049870423,-2.0740820360598674e-05
0.2656148308888078,0.8767723608762026,0.024460274297285697,-0.025107460777603983,0.17603128444573726,0.060116784373592774,-2.0741188730883518e-05
0.508738286793232,0.9971667118370533,0.019516282564974313,-0.02512761758171075,0.14324625901324553,0.05697918157425021,-2.0757843701833937e-05
0.2599249789491296,0.8710995744913816,0.02689564898658108,-0.025130855331088175,0.1910184486057905,0.06065240642600695,-2.0760518959150668e-05
0.26051569543778896,0.8707853760570288,0.026959041287492002,-0.02513752238048179,0.1909731996764691,0.0607091012476789,-2.0766027747142458e-05
0.31919135339558125,0.8790561715140939,0.02303112771080035,-0.025144027162909824,0.15174980539142194,0.05949972813895655,-2.0771402459574342e-05
0.31478145718574524,0.8794960360974073,0.023114442362048723,-0.02514676989666595,0.1532432804875088,0.05955325688683482,-2.0773668700927207e-05
0.32484147418290377,0.8741493597626686,0.025141460588498258,-0.025146785487068786,0.184765174157027,0.05938451327215121,-2.0773681582825338e-05
0.25767300743609667,0.8735417369753122,0.026054858414860924,-0.025154274608490908,0.18848847552430903,0.0603235974015223,-2.077986962744151e-05
0.26896001026034355,0.874421781860292,0.026616180145733238,-0.025169905154031492,0.19096516188701526,0.060126899407769684,-2.079278469929716e-05
0.3051049532368779,0.8706037411466241,0.027580104348742192,-0.025174627356314497,0.19670664597309745,0.05996034866965437,-2.0796686520718507e-05
0.26611569710075855,0.8769431980326772,0.024528585816068236,-0.025180284654071513,0.1757628314229924,0.06009688108842648,-2.080136098554143e-05
0.3033151999115944,0.8757480001077056,0.025496513550140695,-0.02518406460981398,0.18382374665632373,0.059673556059548494,-2.0804484256227927e-05
0.26742640882730484,0.8716493975371122,0.027708956599604827,-0.025199951429638788,0.19699567970936743,0.06039770969324823,-2.081761109006628e-05
0.26394908502697945,0.8701896602287889,0.027270515703224935,-0.025213021339375415,0.1941395175020136,0.06075363255631785,-2.0828410394009304e-05
0.5075164139270782,0.99646280054003,0.02036871453248274,-0.025220632502544936,0.15365529968674888,0.05661561369726803,-2.0834699288692396e-05
0.32481624465435743,0.8757069390267134,0.024193180560862077,-0.02522468488092849,0.17802060676887174,0.05936127952931664,-2.0838047657929787e-05
0.30468471720814705,0.8771383035928011,0.02458548219655875,-0.02524489547175422,0.17501869540039824,0.059593871622697976,-2.0854747120540118e-05
0.2697266098111868,0.8738741911947727,0.027152332130870184,-0.0252496898387751,0.19376246746402123,0.0601553378949246,-2.0858708577122716e-05
0.3021950777620077,0.8733562948182225,0.02722230065703974,-0.02525050735809691,0.19447541016965023,0.059817543420509475,-2.085938407140884e-05
0.25770928990095854,0.8760754279792309,0.024492289413894218,-0.02525245910984929,0.1779888596966094,0.06019940887554995,-2.0860996751583577e-05
0.2688822690397501,0.8759164670482278,0.025684241675073678,-0.02526445833014074,0.1843048609929993,0.06007278904554357,-2.087091138753103e-05
0.5108940154314041,0.9961705133318901,0.020648239002763472,-0.02526916781350628,0.15528629980609548,0.05636876329093266,-2.0874802708949264e-05
0.30879063718020916,0.8788629472255707,0.023620294825422838,-0.02527773561656639,0.1605153496788755,0.05948554470206,-2.0881882058966935e-05
0.3108639670535922,0.8674149280413985,0.026087572130657558,-0.02528216592603353,0.18824077265643574,0.06063664370717691,-2.088554270759944e-05
0.5071983998641372,0.9959032693877816,0.02113385853831887,-0.02528823521702273,0.15963272059680267,0.05632128646505587,-2.0890557604385535e-05
0.5079339584335685,0.9948422126471996,0.022490271518316066,-0.0252982255390013,0.1664623357364804,0.05577285775883658,-2.0898812348447616e-05
0.2595334788784385,0.8775198347866535,0.023753202186726642,-0.02530190310988056,0.16791557825968376,0.0601917777097502,-2.0901851030453104e-05
0.3179229265078902,0.8670550426468253,0.025681330369111414,-0.025311329706338984,0.18341826119295582,0.060741275749417144,-2.0909639985369173e-05
0.26777208410203457,0.876970786601305,0.02494856581013148,-0.025332391146001176,0.1776273991128984,0.06005726549594151,-2.0927042519572574e-05
0.264260564930737,0.8780670678243041,0.02396724183423374,-0.02536227378500468,0.1672365964809174,0.06011546834956047,-2.0951733803322186e-05
0.2668051263317466,0.8703576233237982,0.027896156302585576,-0.02536310860626537,0.19776172481010115,0.06062486642066414,-2.09524235957013e-05
0.3094443464651704,0.8792497143149376,0.023566179220327558,-0.025377164753848137,0.1580861405696008,0.05947345692248887,-2.096403784867947e-05
0.26957954466342926,0.8762233722954988,0.025701883639037675,-0.025378838924275747,0.18349846748509813,0.06006247495119687,-2.0965421175273036e-05
0.3120478056371212,0.8668213244527578,0.02578751754436735,-0.02539010442881797,0.18599809326724842,0.06083114461410321,-2.097472959114564e-05
0.31348272133618593,0.8665792942047119,0.025618777609224676,-0.025402654087539434,0.18462400078559363,0.06092554910723192,-2.098509907591321e-05
0.2632974199950695,0.8692613439634442,0.027230742720527314,-0.025405650311067483,0.19343970786222325,0.060976822765646616,-2.0987574784699926e-05
0.5115153109654784,0.9958293437957764,0.021239477415530873,-0.025414330137154675,0.1601997174782078,0.05614228120812802,-2.0994746721204926e-05
0.3259438509121537,0.8728851797059178,0.02616137149701371,-0.02543645894928783,0.19042451073583863,0.05945492280993137,-2.101303124627322e-05
0.30541836842894554,0.878209843300283,0.024352153914462344,-0.02545987798368713,0.16811569436848806,0.05954708815083895,-2.1032381863332e-05
0.30205248296260834,0.8767445040866733,0.0253544794835883,-0.025507199349198314,0.1799570458532664,0.05974016533479433,-2.1071482469777934e-05
0.3174415323883295,0.8800433846190572,0.023201207906503166,-0.025510658813952456,0.1516774358512958,0.0594930678055982,-2.1074340951479362e-05
0.2588572185486555,0.8697603289037943,0.027223883454288923,-0.025513402399865916,0.1932214608234549,0.06089154002689502,-2.1076607917992292e-05
0.3057037750259042,0.8686945773661137,0.02749852593934905,-0.025519141280151158,0.19607429802996468,0.060322190658114554,-2.108134983286073e-05
0.2648302987217903,0.8690428994596004,0.027499383559961857,-0.025522274459573863,0.19539213151497392,0.0609757031530631,-2.1083938712752455e-05
0.25657810363918543,0.8715406646952033,0.027288842258135035,-0.025530361031076917,0.1949522357391248,0.06052190462727985,-2.109062047671481e-05
0.510012786835432,0.9989033015444875,0.019042767305819826,-0.0255425536738676,0.12529545479467846,0.05770709278296214,-2.1100695003633916e-05
0.30086385644972324,0.8717251196503639,0.02831466893507872,-0.025558041497895454,0.19961820708338274,0.060055273914532886,-2.1113492274735497e-05
0.2674852292984724,0.8779677674174309,0.024743203165493104,-0.025569763081651802,0.171858559640749,0.060027973374133584,-2.1123177582170822e-05
0.3074916088953614,0.8676997497677803,0.02685882474209183,-0.025571154034621027,0.19277450555669767,0.06053989031847149,-2.112432689865166e-05
0.32105378806591034,0.8673800816759467,0.025870755221228836,-0.02557685968280439,0.1850218062149429,0.060512442730178306,-2.1129041361491865e-05
0.259850881062448,0.8785165175795555,0.02376476539511381,-0.02559103376349272,0.16234103691136448,0.060149930020094555,-2.114075312351056e-05
0.2719776052981615,0.8721967460587621,0.02857760819219603,-0.025595971813023376,0.2004963634910949,0.060328381141007734,-2.1144833336989624e-05
0.3262377390637994,0.871920675970614,0.02668481520609318,-0.02559720201310711,0.193047338944676,0.0595413850062618,-2.1145849827271578e-05
0.27082898654043674,0.8712634751573205,0.028682138518645935,-0.025599274397235198,0.20115037669131086,0.06043242439978018,-2.1147562197839232e-05
0.300097718834877,0.8721506400033832,0.02831033411533692,-0.025601127436625917,0.19946541337579293,0.06006752058089205,-2.114909332820727e-05
0.5104281408712268,0.9934622989967465,0.02463704772946097,-0.025608607126658273,0.1762915304876162,0.05498967879195037,-2.1155273651182247e-05
0.261366480961442,0.8685139296576381,0.027075903235354835,-0.025619827997517164,0.1912058217565509,0.06120719051266928,-2.1164545241618625e-05
0.2659391639754176,0.8689407287165523,0.027752728799713425,-0.02562149285949384,0.19680406168775097,0.06096135746915271,-2.1165920885374088e-05
0.27333944849669933,0.8748387470841408,0.027320326077789784,-0.025641572643245233,0.1931410863832852,0.060176901037886164,-2.1182512433028188e-05
0.2988230474293232,0.8739501554518938,0.027601744577549124,-0.02564281637458646,0.19542157771234422,0.06004051550902173,-2.1183540105124223e-05
0.30388540495187044,0.8691652975976467,0.02801239430040233,-0.02564396449299986,0.19839700751877726,0.06029063008086282,-2.118448877406377e-05
0.29899535700678825,0.8748839031904936,0.026983272483939533,-0.025644951910979517,0.19166186775706615,0.05999460010622836,-2.1185304659239342e-05
0.32288671005517244,0.8788958117365837,0.023287897418937796,-0.025648045804795738,0.15752272463031208,0.05935331671783426,-2.1187861086490555e-05
0.2552836621180177,0.872529941610992,0.02720660323292313,-0.025652720397710174,0.19486328951785611,0.06038007060100076,-2.1191723616562667e-05
0.2732918933033943,0.8752972166985273,0.027025096438961897,-0.02566504506139966,0.19111575849692516,0.060159021700453494,-2.1201907261508656e-05
0.3233306184411049,0.8684048829600215,0.02638500227743915,-0.025682922936047504,0.19022503661795703,0.060152959354090076,-2.121667942916708e-05
0.3115674117580056,0.8802159316837788,0.023446451648260983,-0.025694307318515255,0.15539962353085135,0.05944606146332385,-2.1226086144058456e-05
0.5122021976858377,0.9976981235668063,0.019773719506212574,-0.025696526458891443,0.14602327536634613,0.056993440773548766,-2.1227919781019346e-05
0.2989055160433054,0.875464491546154,0.02664787182075492,-0.025698127819651865,0.18914688644298508,0.059989694079561784,-2.1229242957531128e-05
0.256168594583869,0.8709546392783523,0.02757586646139234,-0.02569961570674842,0.196371576837501,0.060607905230931146,-2.123047237277917e-05
0.27407302521169186,0.873703976161778,0.02816721137107589,-0.0257052273627099,0.1979068698761414,0.06026172023355348,-2.123510918699112e-05
0.3017301829531789,0.8701598197221756,0.02850484610508982,-0.025705922425911777,0.20053370966265638,0.06022438278015053,-2.123568350573339e-05
0.31397794932127,0.8804617095738649,0.023341977532461117,-0.0257165886340344,0.15495223222144686,0.059470807439061135,-2.1244496810928722e-05
0.5066734217107296,0.9986119382083416,0.01945292941268155,-0.025719484555683826,0.13711348683920402,0.05757316492757999,-2.1246889661834507e-05
0.26267553865909576,0.8680848330259323,0.02705668197049747,-0.025723379842347415,0.19190879202363223,0.061298834383040075,-2.1250108271370085e-05
0.3225696999579668,0.8792263865470886,0.023305772653014128,-0.025736696894467857,0.15557447423334336,0.059347887719556375,-2.1261111928900398e-05
0.2684331154450774,0.869332754984498,0.028400347910051357,-0.025740416334944435,0.19991803195496202,0.060804454161231994,-2.1264185241057473e-05
0.3152651907876134,0.8656531982123852,0.025259175514601485,-0.02574321560606686,0.18155024768101588,0.06122775462435075,-2.126649823268814e-05
0.27121484000235796,0.8706162208691239,0.028935658794978437,-0.02575024167862003,0.20221798674523897,0.060542876680071224,-2.1272303761469075e-05
0.3186985841020942,0.8660282520577312,0.025378414872215517,-0.025761268917431305,0.18028060209427474,0.06102924093871055,-2.1281415390574326e-05
0.2607240527868271,0.879117876291275,0.023851751656397146,-0.02577378866883909,0.15922702959380555,0.06011784707527872,-2.1291760261839208e-05
0.3261552890762687,0.8772499514743686,0.02395803865835247,-0.025788278516394546,0.17170487553936362,0.05937201584811465,-2.13037329963521e-05
0.3275995822623372,0.8732160367071629,0.026427631530910302,-0.025792877457189643,0.19173344182259677,0.05949296582240286,-2.130753303017008e-05
0.5092499433085322,0.9924448216333985,0.02620468557335934,-0.02580164701423139,0.18141482363517375,0.05455011662654321,-2.1314779181089712e-05
0.3253531437367201,0.8696105973795056,0.026945990008526093,-0.02580644061674815,0.19394499396087939,0.059866228072813304,-2.131874006226033e-05
0.32138147111982107,0.8668590765446424,0.025743406807595678,-0.02581088913472018,0.1845601780403717,0.06064681874514967,-2.1322415805735458e-05
0.5122828157618642,0.9941796688362956,0.023906083684672924,-0.025821954642547933,0.1757766661357938,0.05523590212621817,-2.133155907021029e-05
0.2540952591225505,0.8750789165496826,0.026003229517037787,-0.025830673516698544,0.187880574144758,0.06019664334086525,-2.1338763348032924e-05
0.2740212380886078,0.8761751977726817,0.026666436117059586,-0.025836798945659288,0.1874093298940379,0.060161879984636624,-2.1343824701105816e-05
0.2539599435403943,0.874560883268714,0.026373441213986284,-0.02583948011235809,0.1902139455589053,0.06022333125747533,-2.1346040110498414e-05
0.30236730072647333,0.869139482267201,0.028393781576634747,-0.02585117135899124,0.19995972774014814,0.06038552844629405,-2.13557004208487e-05
0.29858857579529285,0.8764213509857655,0.026217061115462948,-0.0258604327313237,0.18463379801119537,0.06000142608740142,-2.1363352962791605e-05
0.5060730529949069,0.9933874495327473,0.02524230481652918,-0.02590717165493514,0.1826155121896671,0.05503252161352135,-2.140197270720089e-05
0.30024454556405544,0.8774923952296376,0.025596830948205446,-0.025908880646255815,0.17744143469555865,0.05985649451763176,-2.1403384824645824e-05
0.2641266006976366,0.8794352551922202,0.024167688571307328,-0.025914973177062057,0.1612420087784489,0.06003268199674961,-2.140841900463292e-05
0.27547030337154865,0.8723965547978878,0.029105988960046077,-0.025920417381458546,0.20242560257797623,0.06043033861948732,-2.141291748150339e-05
0.3004215871915221,0.8698563752695918,0.028831332098931354,-0.02593121923359799,0.2018113563331859,0.06037726659170092,-2.142184291646106e-05
0.3281696494668722,0.873053084127605,0.026667701635837697,-0.025934477399548062,0.1929269508694464,0.05953407290837168,-2.1424535098615825e-05
0.5084332711994648,0.9920383766293526,0.026846010451811834,-0.025937477970658512,0.18584992192626848,0.054388073993738496,-2.142701443354747e-05
0.3274301989004016,0.8766633737832308,0.024452654213805464,-0.025950136421864053,0.1767138665701861,0.05942020088501178,-2.1437473957908688e-05
0.2768092881888151,0.874638014473021,0.02798377529329148,-0.025957055458822445,0.19598143074295632,0.06033841969043267,-2.1443191075494814e-05
0.27221231535077095,0.877660627476871,0.025886139012910928,-0.02596855173994329,0.17815609159714188,0.06005765361319731,-2.1452690317524064e-05
0.27665894478559494,0.8752185245975852,0.027599594213486282,-0.025975218674336716,0.19344492302604305,0.06030998657484269,-2.1458199128387506e-05
0.29542298521846533,0.8737838687375188,0.028274156650412705,-0.0259772735568938,0.19819393153037507,0.06031834290924199,-2.1459897054295797e-05
0.5093601830303669,0.9999307850375772,0.019086907867523067,-0.025978377234036034,0.11158125808362496,0.05808422641585464,-2.1460809010107865e-05
0.27515266276896,0.8714327663183212,0.029449963018769197,-0.02600947368354761,0.2040811730408921,0.06053396927228556,-2.1486503661781383e-05
0.32713369093835354,0.8705688947811723,0.02732023516763787,-0.026011680736021246,0.19606935605145612,0.05974083714908781,-2.1488327325574917e-05
0.2718969928100705,0.8696882026270032,0.029203838308279096,-0.026013191733918504,0.20324550466360466,0.06073463459357446,-2.1489575846995895e-05
0.2532630851492286,0.8732774155214429,0.027368304908918475,-0.026014402365896642,0.19561364043911028,0.06032376261890031,-2.149057617930202e-05
0.27458561677485704,0.8710572794079781,0.029475740483888502,-0.026014574858003035,0.20425628901547796,0.06056578822579704,-2.149071870769446e-05
0.29746121913194656,0.8711865609511733,0.02916937541468301,-0.02601677786031065,0.20306673816730028,0.06039626811974933,-2.149253902512064e-05
0.3076381515711546,0.8663247311487794,0.026430614893858766,-0.026030023209169327,0.1898422737677501,0.060945519687414906,-2.1503483518508036e-05
0.300942312926054,0.8781655114144087,0.02545199769532229,-0.026032197871321817,0.17303898429187364,0.05978795503594102,-2.1505280419486373e-05
0.27750614657998085,0.8731139842420816,0.02899745073383976,-0.026035458240925517,0.20156011089203854,0.06046229493322637,-2.150797442955975e-05
0.30894482508301735,0.8658956382423639,0.02597953141372293,-0.026039932474324866,0.18706956275680767,0.06108072918623061,-2.1511671443250522e-05
0.30301945749670267,0.8681141370907426,0.028117436112102216,-0.026041638845355947,0.1985090466883452,0.060590849949568516,-2.1513081400444953e-05
0.25538806430995464,0.8699601097032428,0.027969438119958626,-0.02604666322784397,0.19826306191863524,0.06078763894031596,-2.151723299744716e-05
0.2552129616960883,0.8778083072975278,0.024595869250876354,-0.026061524770345033,0.17253461633697434,0.06009116459677709,-2.1529512944569015e-05
0.29676954727619886,0.8712984994053841,0.029252530157797486,-0.026067872199280064,0.20336351148345122,0.060436887560912214,-2.1534757764426105e-05
0.29427387472242117,0.8748031863942742,0.027790934618848285,-0.026083002038830672,0.1949192458397534,0.06036104780778202,-2.1547259409727374e-05
0.2973205288872123,0.870815216563642,0.029290175591911206,-0.026090930985804596,0.2035839310574609,0.06046186302749563,-2.155381102662644e-05
0.3263506209477782,0.8781760549172759,0.023999497900543943,-0.026102309611463547,0.1666030515639271,0.05936268484967798,-2.156321308407166e-05
0.29434868786484003,0.875321320258081,0.02746187252488763,-0.02611156783995202,0.19262213317744517,0.06034294602419978,-2.157086307820428e-05
0.5044344952329993,0.9948856206610799,0.0237620519801134,-0.02611281332229922,0.17660471007259212,0.05576444310623794,-2.157189220963762e-05
0.27037930581718683,0.868615385144949,0.028840281925612717,-0.026125292694684367,0.2015883417227244,0.060967540986090966,-2.1582203810376092e-05
0.29564195219427347,0.8763175262138247,0.02675344751494801,-0.02613037296863449,0.187086848871861,0.06023299723816416,-2.1586401599095836e-05
0.32451760955154896,0.8677355796098709,0.026531061262296353,-0.02613233893582754,0.19126752741498967,0.060299290930085486,-2.158802606182106e-05
0.32832400500774384,0.8765638442710042,0.024725383068314965,-0.026136885253818756,0.17838274732067538,0.05947039798340336,-2.1591782647774362e-05
0.2666426235809922,0.8795445561408997,0.02477833336029929,-0.026140828655721884,0.16425947517628373,0.05994595174315044,-2.1595041049379637e-05
0.2709185890853405,0.8786170100793242,0.025672373388731726,-0.026153795252309892,0.1720287157903033,0.059985440779424894,-2.1605755247301223e-05
0.25704205967485905,0.8683436829596758,0.02751078696443714,-0.026156678480247317,0.19536041158226386,0.06120000352357363,-2.160813763661714e-05
0.32187956012785435,0.8802441172301769,0.02342795927601907,-0.026161536303754406,0.15407730849205567,0.05930043235287277,-2.1612151619640514e-05
0.3128914022818208,0.8648226009681821,0.0251161911223008,-0.026166214173366037,0.17984569120138036,0.061496525472000685,-2.161601690859571e-05
0.25333014968782663,0.8766030697152019,0.0253890854436364,-0.026167327036510993,0.18158271444636465,0.060150302986411275,-2.1616936459225754e-05
0.26907024811953306,0.8679457297548652,0.028425072386650544,-0.026187021110585275,0.19963707998211475,0.061150822385282834,-2.1633209532186504e-05
0.08268886897712946,0.3695851545780897,0.019340713812378823,-0.026189433408914074,0.15354202211680126,0.05767230944116781,-2.163520279766916e-05
0.2774240542203188,0.8765021078288555,0.027007356332231818,-0.026195715021407273,0.18754144796727445,0.06031469147561381,-2.1640393251367935e-05
0.504299633204937,0.9974895166233182,0.02115689721903812,-0.0262049551869759,0.1565258946811449,0.056991824367403236,-2.164802833891171e-05
0.279880166053772,0.8729565618559718,0.029302867786377928,-0.026207926554526622,0.20281941968985268,0.06058885892859395,-2.1650483560610364e-05
0.2563627725467086,0.8788355076685548,0.024395278532739987,-0.026208424656675874,0.16572006943948353,0.060047601892786504,-2.165089513919824e-05
0.26282017584890127,0.866640673018992,0.026718647371154706,-0.02621492435253828,0.18971989474476433,0.06173269586634103,-2.1656265796389622e-05
0.08198956679552794,0.3708650441840291,0.019810802796549922,-0.026217628169650998,0.1609928551773378,0.05756430885731507,-2.1658499943475776e-05
0.2786162719130516,0.8719674637541175,0.029672161634794355,-0.026219859299788463,0.20474331542796753,0.06062857067661209,-2.1660343512404454e-05
0.25826588459312916,0.8675191095098853,0.027106912592793356,-0.02622192641980078,0.19254033413270588,0.06146150841040013,-2.1662051560885024e-05
0.3050039066001773,0.8797907745465636,0.024777984802634965,-0.0262233356729066,0.1625753476392988,0.05947581771417272,-2.1663216018062876e-05
0.5057887760922313,0.9924004897475243,0.02684178662115314,-0.026223740929763446,0.1899791575993886,0.05458086268356107,-2.1663550879320305e-05
0.2931562466546893,0.872287604957819,0.02936843098956137,-0.026235349642196447,0.20346960954650242,0.06058467248724765,-2.1673143088777308e-05
0.29593368247151375,0.8707085102796555,0.029537676929573983,-0.026240295048112646,0.20454062843867893,0.06058894564556765,-2.1677229448911537e-05
0.2812497578561306,0.8741333093494177,0.02869326437388876,-0.026240915616487753,0.19937119901236006,0.060570372262983285,-2.167774222098661e-05
0.2594478176906705,0.8669946473091841,0.026827050635879562,-0.026253115769524837,0.19006821302397636,0.06164455380554536,-2.1687823138887412e-05
0.2910741539672017,0.8735232967883348,0.0289162233134697,-0.026266333729837665,0.2008941203986947,0.06060059909447047,-2.169874506886435e-05
0.3156169317662716,0.881279076449573,0.023469440477423626,-0.026269363831271972,0.1596358245238628,0.05939044473060946,-2.1701248826022393e-05
0.29087129700928926,0.8744573425501585,0.02835612608059566,-0.02627044713066778,0.1976354179220733,0.06056488986404127,-2.170214395076388e-05
0.28100753761827946,0.8755058944225311,0.02782255606137107,-0.02629380461951135,0.19359833400598095,0.06051072135554338,-2.172144413034148e-05
0.08114797994494438,0.3715005563572049,0.020322353538013975,-0.02630886619458353,0.16630052212425384,0.057477042864069586,-2.173388944294926e-05
0.5037348167970777,0.9955588560551405,0.02326460034987529,-0.026311467681381106,0.17377816764892576,0.056094932445864235,-2.173603904043859e-05
0.07824872713536024,0.3699085870757699,0.019827910475923912,-0.026316079006462666,0.16139927752677036,0.05758249791777556,-2.1739849359125363e-05
0.5138002568855882,0.9940947387367487,0.024681456151584583,-0.026320543756731832,0.18078879460780162,0.055108732062745656,-2.174353856409631e-05
0.2829725509509444,0.874728336930275,0.02838568364399281,-0.026321714213250563,0.19731603720551188,0.060604097251813434,-2.1744505707624394e-05
0.2832906832918525,0.8737395368516445,0.029014885798247337,-0.026322947294911084,0.2010428379846799,0.06065845378289882,-2.1745524598088246e-05
0.2755565084517002,0.8777383361011744,0.026474488957468928,-0.02632472514214193,0.17992962443832333,0.0601844915048848,-2.1746993626230866e-05
0.27102197241038084,0.8790073832497001,0.02577100152429111,-0.026327638222171275,0.17039159017714106,0.05996132588299226,-2.17494006928982e-05
0.32951622642576694,0.8720292877405882,0.027502893351565538,-0.026341755734289526,0.19699683858785286,0.059709748613906516,-2.176106594071868e-05
0.28318812046200037,0.8751243706792593,0.02814276778167997,-0.02634989374451643,0.19565228574041207,0.06059706395956887,-2.176779035030909e-05
0.2763424711301923,0.8700987435877323,0.029922807042472518,-0.026351154125140136,0.2060139752215612,0.06080858093250576,-2.1768831798570576e-05
0.08409926760941744,0.36870293971151114,0.019350078405334932,-0.026354353842712005,0.15287347970010856,0.05769018336802211,-2.1771475714571473e-05
0.2818776620551944,0.8723615305498242,0.029719315639197174,-0.026357699545314833,0.20474189022701417,0.06072373474733137,-2.1774240257756908e-05
0.08063539024442434,0.3683493956923485,0.01945717295711205,-0.026357864747801708,0.15336698640683585,0.057658171091880726,-2.1774376764041134e-05
0.25185060035437346,0.8728243671357632,0.028008792401489804,-0.026358041374775727,0.19865436119734212,0.060415575840851936,-2.1774522710343046e-05
0.2923901090398431,0.8716143732890487,0.029722898090354936,-0.026360749381690928,0.20506724993206565,0.060704691049117514,-2.1776760327853272e-05
0.28643616009503603,0.8740429868921638,0.02883367981350927,-0.02636346413138603,0.20000902155356737,0.060681973320077624,-2.1779003517061404e-05
0.25628113746643066,0.8791650990024209,0.024480445648090588,-0.026366692057375518,0.16458997923880656,0.06002011216495375,-2.1781670742450324e-05
0.30426338128745556,0.8666132315993309,0.027413908611270688,-0.02637010049108524,0.19457434786259065,0.06095025065945472,-2.1784487121063657e-05
0.5076996348798275,0.9908488290384412,0.028624459486291314,-0.02637242579940416,0.194745435238357,0.053918770459193355,-2.178640851654074e-05
0.28978415671736,0.8725781543180346,0.02952547002739199,-0.02637329553362282,0.20390514938425242,0.06072181117399472,-2.1787127175417407e-05
0.29091532807797194,0.8758923634886742,0.027488256578964858,-0.02637503559284929,0.1912599146350251,0.060525375676156824,-2.1788564981387584e-05
0.31145647168159485,0.8645805744454265,0.025181050167518936,-0.026376570559738216,0.18008539535649587,0.06155736943797312,-2.178983332019965e-05
0.07750547677278519,0.3700129073113203,0.020015380756051887,-0.026377604798963707,0.1629951043089584,0.05756213742682258,-2.1790687909184304e-05
0.3173010600730777,0.8644174430519342,0.024906813014412544,-0.026378825835943486,0.17640677151143738,0.06161626779302752,-2.1791696848661828e-05
0.2877005459740758,0.8730784235522151,0.029369229545781292,-0.026385173463199508,0.20298023819541192,0.060730970984157535,-2.1796941876021772e-05
0.5118968542665243,0.9915971523150802,0.027727597068867817,-0.026388357353793572,0.19231773806034333,0.05406219345783818,-2.1799572716602464e-05
0.08542289678007364,0.3705820608884096,0.019735331691484972,-0.026392285979157774,0.16271297921098304,0.05759863528553115,-2.1802818929906237e-05
0.28531078342348337,0.8729915861040354,0.0294658884470536,-0.026394507863250292,0.2034056768537994,0.06074391868713899,-2.1804654867318735e-05
0.2521376935765147,0.8718602806329727,0.028386469943583247,-0.02639935621751933,0.20048806691527557,0.06051542329832803,-2.1808661051012983e-05
0.5127934869378805,0.9993288200348616,0.019812874285581743,-0.026409050687410947,0.13409801270825855,0.05756595017869798,-2.181667157015064e-05
0.30813426058739424,0.8807774437591434,0.024175667007622553,-0.02641996108661458,0.162200349781243,0.05933144350644121,-2.182568681145533e-05
0.5111990980803967,0.9910495616495609,0.02837549983902811,-0.026425504689369873,0.19394297022663576,0.05387770787958658,-2.1830267480454065e-05
0.26331439055502415,0.8804014651104808,0.02422519112555873,-0.026426448857362925,0.16112879557667345,0.05995617202348738,-2.1831047644837577e-05
0.28656044881790876,0.875600048340857,0.02786538052856722,-0.026439045776029665,0.19349890800717115,0.060629138758003506,-2.1841456458858277e-05
0.25896552950143814,0.8801045529544353,0.02414088552924226,-0.02644373927693684,0.15989084363763217,0.05999723598165249,-2.1845334692139294e-05
0.28905485663563013,0.8720583226531744,0.029807447689037304,-0.026446347099292132,0.20522242784426348,0.060795441500423535,-2.1847489532337558e-05
0.5136293480172753,0.9931588526815176,0.026003819350675347,-0.026450106157920632,0.1867734776604151,0.05467315248397368,-2.1850595637822735e-05
0.28336114529520273,0.8761510942131281,0.027566580025512707,-0.026464714443873823,0.19080056783499633,0.06057599758879308,-2.1862666449329928e-05
0.2527962364256382,0.8705076947808266,0.028614013155844574,-0.02647782928872947,0.20147722932563972,0.06070763559912498,-2.1873503235984085e-05
0.08615796361118555,0.369141205213964,0.019519087110394275,-0.02648549626908568,0.15677719063091053,0.05768849650104996,-2.187983845795344e-05
0.2789342990145087,0.8704057699069381,0.030160100495407804,-0.02648573616892686,0.20689901265358565,0.060873051563346936,-2.1880036687090954e-05
0.3230486651882529,0.8658628035336733,0.025650703399033446,-0.02650467774878564,0.1848701131283785,0.06088293420241084,-2.189568811050972e-05
0.2975090127438307,0.8784180739894509,0.026161718982939012,-0.026509643784096194,0.1743780879197608,0.060039041872539056,-2.189979154573283e-05
0.3015417857095599,0.8794688936322927,0.02556802284310089,-0.0265100910231456,0.1666559536086839,0.05967856619199465,-2.190016109940802e-05
0.2912017209455371,0.8768490441143513,0.027052104411219115,-0.026523036098557804,0.18620177766984913,0.06049508806204754,-2.1910857618528303e-05
0.3307869154959917,0.8730178494006395,0.02734016717274877,-0.026543344945396456,0.19602365815017442,0.05975434323478429,-2.1927638831258955e-05
0.26793403550982475,0.8665671329945326,0.027786842518460263,-0.02654925030939476,0.1960253383180902,0.0615862342131649,-2.1932518438887973e-05
0.2799357082694769,0.8773803757503629,0.02698992699311177,-0.026560641862491137,0.1836463248248667,0.060415827082278065,-2.1941931291706606e-05
0.2877403451129794,0.8765262113884091,0.02737080394830048,-0.026561533121087486,0.18872526296343675,0.06060133155835765,-2.194266773978245e-05
0.28461438696831465,0.8713419074192643,0.03018616775590623,-0.02656229836017995,0.20686995665517047,0.06091203017610859,-2.194330005780094e-05
0.29792709928005934,0.8684173468500376,0.029277295696816485,-0.026567586839848403,0.20322714365558248,0.06089315511625168,-2.1947669935511717e-05
0.26023027021437883,0.8659674394875765,0.02647897344232156,-0.026574716278899863,0.18703332822460236,0.06199026445491942,-2.1953561001355327e-05
0.29250035248696804,0.8702653339132667,0.03005050435004414,-0.026576982008355496,0.20650558971615315,0.06089939265397488,-2.1955433177129097e-05
0.5031677652150393,0.9969383534044027,0.022223663347834904,-0.026579524219043006,0.16499781502950886,0.05673973659205826,-2.195753380990904e-05
0.08378368336707354,0.36767616402357817,0.019501982405899725,-0.026585914415228968,0.15344450767370554,0.05764541338918602,-2.1962814039922093e-05
0.3277402762323618,0.868663664907217,0.027543253986711015,-0.026590535888571486,0.1968523702316055,0.06013000654149647,-2.1966632771790196e-05
0.2737274030223489,0.8681752504780889,0.029469718906754993,-0.026594553276660046,0.20388300505303178,0.06114670422564944,-2.196995234729024e-05
0.08552741818130016,0.3719156179577112,0.02079814653447644,-0.0265976798465331,0.1711904503238818,0.05743627164566236,-2.1972535838231783e-05
0.2930249245837331,0.8775659371167421,0.026738541893323472,-0.026599618607311366,0.18155480686138223,0.06038395603585443,-2.1974137840249706e-05
0.2504962747916579,0.8742111558094621,0.027533555615844002,-0.02659988525013122,0.19579384067569428,0.06038374558012165,-2.197435816776653e-05
0.30701627023518085,0.8651477508246899,0.026223847176771075,-0.026601031695209047,0.18727268522227053,0.0613392309458472,-2.1975305477737448e-05
0.3295968445017934,0.8704664912074804,0.02797902182932409,-0.02660478344270708,0.19917683614517703,0.05990934010892167,-2.1978405554761186e-05
0.2938089482486248,0.8697141669690609,0.029958585755458136,-0.026607030192505442,0.20613560513778267,0.06091997606802159,-2.1980262049098102e-05
0.07890715077519417,0.3724670195952058,0.021610402463088138,-0.02660970529789485,0.17593209668541132,0.05729863147729993,-2.198247249475378e-05
0.2847769595682621,0.8710313150659204,0.030277820871437974,-0.026612976955723223,0.20727769218152217,0.060958402677658355,-2.198517587325778e-05
0.25072299037128687,0.875646217726171,0.026570371115950935,-0.026613075513115,0.18949071390943006,0.06029734563892841,-2.198525731146442e-05
0.31611596141010523,0.8638661587610841,0.024839394494076652,-0.026615440589586647,0.17514721448647805,0.06183358298772674,-2.1987211579827858e-05
0.08227924071252346,0.37290251813828945,0.021823340770650877,-0.026626083953402463,0.17340582638559257,0.05728531667340988,-2.1996006218409486e-05
0.5149178551509976,0.9951454242691398,0.02378191224037975,-0.026628690397690197,0.17653217728197426,0.05557717026350648,-2.199815993033107e-05
0.27538302168250084,0.8786642011255026,0.026531960484643277,-0.026629217494974548,0.1749602677513271,0.06013079539021219,-2.199859547225223e-05
0.27250357810407877,0.867657020688057,0.02914035762093492,-0.026631907881968044,0.20235475258277769,0.061256246480117696,-2.200081854644518e-05
0.2895610770210624,0.8770654769614339,0.027107676620727078,-0.026632979821987493,0.18547187653101177,0.06055131734186245,-2.200170429348408e-05
0.2646094402298331,0.8657149942591786,0.026712288896362252,-0.026641197802745046,0.18976922513505234,0.06198098713420624,-2.200849483482969e-05
0.25181008595973253,0.877311596646905,0.025589185857482724,-0.02664836512648705,0.1797183872136014,0.060171759188756065,-2.2014417216448157e-05
0.29673678148537874,0.8785934429615736,0.026320036543646272,-0.026652477465825677,0.17397344392554753,0.06009015436556876,-2.2017815255582992e-05
0.3207979006692767,0.8646143926307559,0.025041552362705097,-0.026659884610996335,0.17714497563318138,0.061399091032112156,-2.2023935804243445e-05
0.2995860679075122,0.867489805445075,0.02877289500682159,-0.026663427015226303,0.20078675039489557,0.06100282619231595,-2.2026862905053356e-05
0.07782362308353186,0.37235269509255886,0.02170255170396929,-0.02666520873229314,0.1767956445716618,0.05729614346191105,-2.20283351441037e-05
0.07937396969646215,0.36742328479886055,0.019790443040940773,-0.026682072811151522,0.1575176801064567,0.0575723335646947,-2.2042269994971625e-05
0.504883173853159,0.9996089041233063,0.020458732850748375,-0.026692209484844825,0.13628745800271722,0.05781546649218496,-2.205064596903251e-05
0.07611040398478508,0.3682763194665313,0.020319547174311933,-0.02669541055789919,0.15997448114425444,0.057570745251161716,-2.205329102898539e-05
0.28153204545378685,0.8700064541772008,0.030389436144431684,-0.026709265201912018,0.20776072293810863,0.061053463426351505,-2.2064739181451512e-05
0.2881492581218481,0.8704317342489958,0.030339896617679503,-0.026712535681497163,0.20758268810112365,0.06104209723156132,-2.2067441593541855e-05
0.31027980614453554,0.8815253945067525,0.02390436485041767,-0.02671738411681644,0.1649283213099262,0.05926933795497796,-2.207144787803483e-05
0.25363927334547043,0.8687238814309239,0.028471376499142838,-0.026718067100869974,0.20054419510537502,0.06108254027452469,-2.2072012230953776e-05
0.07474096119403839,0.3710096348077059,0.021208585223570248,-0.026731557568180454,0.17241188518415224,0.05744877887138857,-2.208315946932141e-05
0.514452962204814,0.9984029401093721,0.02094912963197751,-0.02673315874149618,0.1489618456900291,0.05706003383071399,-2.208448252684095e-05
0.30548100732266903,0.8652975307777524,0.026675709058818397,-0.026738037663625574,0.18961827230372547,0.06132552374927167,-2.2088514004948992e-05
0.2852444341406226,0.8773568086326122,0.02718184770431237,-0.026744813002274697,0.18440923396507575,0.06058263974512067,-2.209411250252058e-05
0.2797453170642257,0.8694114191457629,0.030314604754971334,-0.026750440256211698,0.20742422492625642,0.06110434296173153,-2.2098762332493116e-05
0.07404165901243687,0.3694820264354348,0.02080160592434933,-0.026751661058267713,0.16500217940086684,0.0575673417880109,-2.2099771087842333e-05
0.33190455846488476,0.874072945676744,0.02698154363278442,-0.026758478389561816,0.1937431244283097,0.059833748148665954,-2.2105404286210344e-05
0.2953423634171486,0.8685898380354047,0.029718880617903655,-0.02676478678690324,0.2049808765562059,0.06105600231063992,-2.211061695056748e-05
0.2818416180089116,0.877761903218925,0.027071314473609342,-0.02676480241484655,0.18192793977370328,0.0604837095323428,-2.2110629864026408e-05
0.2923271572217345,0.8779913345351815,0.026804831751679546,-0.0267697897607822,0.17945128254513754,0.06040908867441052,-2.2114750936769322e-05
0.2781065134331584,0.8688935060054064,0.0301566741482371,-0.026772218116928967,0.206724463537229,0.0611484624226095,-2.2116757501673525e-05
0.29991475865244865,0.8670220887288451,0.02857891014256404,-0.02678157085355132,0.19967305239953453,0.06111059270783507,-2.212448572393152e-05
0.08842351008206606,0.3691172953695059,0.01993846506896886,-0.026786368318957934,0.15965491530463571,0.05772934006092926,-2.2128449899066307e-05
0.5095433667302132,0.9894274296239018,0.030425175573728053,-0.026796982888189828,0.1991443079253245,0.053402630880301734,-2.2137220784634676e-05
0.07460599299520254,0.37136597372591496,0.021525247060513255,-0.02679855152507309,0.17480898739715367,0.05740749046194257,-2.2138516959405964e-05
0.5153037030249834,0.9967414354905486,0.022243099504145557,-0.026802512732065065,0.16560813248650041,0.056312302410965555,-2.214179013052798e-05
0.08727569598704576,0.3681210372596979,0.01980307814523496,-0.02680278243483871,0.15719451658023695,0.05768340903604187,-2.2142012987698044e-05
0.30378012638539076,0.8804860804229975,0.02523691327996972,-0.02680387508884736,0.16580392313809722,0.0594567595133031,-2.2142915854885423e-05
0.27875535003840923,0.8784078741446137,0.026900727007634965,-0.02680635066665595,0.17769544473909743,0.060315545737528044,-2.2144961441193938e-05
0.27228271774947643,0.8670674720779061,0.028949050269673652,-0.02680748571600642,0.2012069967789077,0.06142570463963769,-2.214589934002107e-05
0.33059050515294075,0.877320159226656,0.025097104260824912,-0.02681897077460379,0.17670799309730756,0.05965371951233437,-2.215538952192855e-05
0.2971623772755265,0.8790842378512025,0.026351931816360384,-0.02682033763843624,0.17143118600705998,0.06002952767058203,-2.215651897098947e-05
0.30586991365998983,0.8809328246861696,0.024784106897336497,-0.026822860697492634,0.16602875403752365,0.05933282134172634,-2.2158603792288313e-05
0.3319142833352089,0.8755670944228768,0.02607388530076536,-0.026823834583235503,0.18741850074749336,0.05981077364685836,-2.2159408520909083e-05
0.5041163600981236,0.9918681615963578,0.028282177613010245,-0.026828545411937667,0.1975479326998671,0.05440515299705474,-2.2163301112007067e-05
0.27448808681219816,0.8793264012783766,0.026523061694746938,-0.026835825732038396,0.17184304851277601,0.06004205683973636,-2.2169316893000987e-05
0.32900551054626703,0.86883186083287,0.027889913084211192,-0.02684144163552501,0.19852719680450964,0.0601683999368345,-2.2173957355348184e-05
0.2961068470031023,0.8789188917726278,0.026483155101283417,-0.02684547711846489,0.17280055218737794,0.060119376561013384,-2.2177291905007888e-05
0.08491313643753529,0.37318392004817724,0.022225088489772397,-0.026861000873400705,0.17835121285350844,0.05724329096971775,-2.2190119302892773e-05
0.3294188492000103,0.8783471211791039,0.024835990177446456,-0.026861897514769858,0.1694576770482268,0.059524602013432154,-2.2190860204703267e-05
0.08056430518627167,0.373650461435318,0.02286530245862971,-0.026866531440312223,0.18074926614004852,0.05714574179162643,-2.2194689254083676e-05
0.2520141201093793,0.8782372828572989,0.025491307382202587,-0.02687314893886007,0.17453697629597723,0.06011461493533706,-2.220015734637644e-05
0.320057375356555,0.8816674239933491,0.023639547437275414,-0.026874090826708556,0.16054114646056306,0.059222639227164656,-2.220093563596286e-05
0.2684316346421838,0.8805315308272839,0.025441780901619176,-0.026879347848543386,0.16802321363644246,0.05980324891748402,-2.220527955620446e-05
0.2671210952103138,0.8655396271497011,0.02726055915947021,-0.026894474895732733,0.19249051046237844,0.06195201558666011,-2.2217779162739426e-05
0.2718036947771907,0.879973771981895,0.026141578783676823,-0.026899341833135044,0.1694240665574337,0.059888853594954584,-2.2221800755198812e-05
0.2918784860521555,0.8689662758260965,0.03016220267143888,-0.026904760897003267,0.20677148529196812,0.061194770383684455,-2.2226278575150486e-05
0.3325490839779377,0.8737658001482487,0.02730712142912958,-0.026909250608021427,0.1954417234659746,0.05992384395161502,-2.2229988463194325e-05
0.2547739315778017,0.867318345233798,0.027908662256861665,-0.02691580019576485,0.1973949849312107,0.06146788791442236,-2.2235400446453676e-05
0.32576063740998507,0.8662879625335336,0.026438320166207868,-0.026917653483399515,0.19017460201303724,0.060710643239610805,-2.2236931834867788e-05
0.28591115586459637,0.8695037085562944,0.030493194432877502,-0.0269244082643295,0.2081125194980881,0.061237707721145375,-2.2242513372380232e-05
0.2893688064068556,0.8693067906424403,0.030367100194837973,-0.026924963113329127,0.20761399901343963,0.06122690900183566,-2.2242971849248973e-05
0.08674879930913448,0.37273611780256033,0.021911621178672194,-0.02694124942241573,0.17815218707617383,0.05732327940003497,-2.2256429380381296e-05
0.5026398980990052,0.993680383078754,0.026412460887254317,-0.026942572517084575,0.1902081662178344,0.05526279421581429,-2.225752266627094e-05
0.3004080066457391,0.8800199376419187,0.025934931434127256,-0.026949857375215363,0.1675145042159929,0.059708321502160995,-2.226354221552424e-05
0.07872394472360611,0.3668454186990857,0.020095219687924482,-0.026951866992326566,0.16146584767086747,0.057492098792272045,-2.2265202781931788e-05
0.3269185572862625,0.8798150261864066,0.024489656724330264,-0.0269544959060606,0.16077913210227596,0.05929459898056879,-2.2267375079372708e-05
0.08977017644792795,0.3701686291024089,0.020390619917788393,-0.026963308240205916,0.16602793029259522,0.057739989662315735,-2.2274656799429125e-05
0.24931682273745537,0.8723893323913217,0.02887051340218512,-0.026971886031513067,0.2025268266856313,0.060635514572556545,-2.2281744716048183e-05
0.2705239411443472,0.8661416145041585,0.02829222063189977,-0.02697370356810675,0.19769677513128933,0.06169971325080832,-2.2283246565320597e-05
0.07639550045132637,0.367249364964664,0.020458746489311133,-0.02698132318603681,0.16252235859760614,0.05749582347334162,-2.2289542735169577e-05
0.2551007168367505,0.8669197699055076,0.027711661088000016,-0.0269905830551176,0.1962179816873159,0.061592221580594846,-2.2297194263411594e-05
0.33040106762200594,0.8694717232137918,0.028261666955764674,-0.02700672965349985,0.20034807291163134,0.06015320116321365,-2.2310536373846385e-05
0.08887411467730999,0.3717187000438571,0.021218976907092724,-0.02700931121205436,0.1744430767332284,0.05752912292828966,-2.2312669544389165e-05
0.2888274258002639,0.8783131837844849,0.02708981144829271,-0.02701887825445553,0.1787205456301952,0.060528127945566036,-2.2320574899215893e-05
0.2555996999144554,0.8801822932437062,0.024860153082597067,-0.02702614719535531,0.16505165575018282,0.059901386531341895,-2.232658130826938e-05
0.26199240516871214,0.8647622056305408,0.026121293225257344,-0.027028254999014952,0.18380604194180916,0.06240192296164777,-2.2328323010776323e-05
0.3097956106066704,0.8636237224563956,0.025309486140381213,-0.02703417832874812,0.17846124142939843,0.061868351443677895,-2.233321752707435e-05
0.5158513765782118,0.9952797591686249,0.024140909866006203,-0.02703678814543285,0.17840754005710782,0.05563463742125609,-2.2335374049224336e-05
0.31337130442261696,0.8822150146588683,0.02386894300989677,-0.027043432523785948,0.16800137379298705,0.05924966155834948,-2.2340864377708854e-05
0.07800658326596022,0.36674373783171177,0.0202805383581781,-0.027048971757536115,0.16310868974465095,0.057462572742778904,-2.2345441512879923e-05
0.25676111597567797,0.865923079662025,0.02697166873957708,-0.027063844398124422,0.19151642460146942,0.0619421933734011,-2.2357730957265886e-05
0.08315285481512547,0.37420162837952375,0.023527449839670735,-0.02706737579285775,0.1818867052650854,0.05708457641494974,-2.2360648992548622e-05
0.33273363299667835,0.8761144448071718,0.025963699509039408,-0.027071507793725455,0.1854572343709319,0.059910538392112925,-2.236406331648604e-05
0.09053707402199507,0.36986517906188965,0.020493702888116937,-0.02708377676164325,0.1653160178931565,0.05780689199122374,-2.2374201320201096e-05
0.25100889429450035,0.869548860937357,0.02920822199409696,-0.02708918541729964,0.20402804261681232,0.06098509048342127,-2.2378670562001008e-05
0.28756568767130375,0.8688007993623614,0.03042998778164257,-0.02709056310086131,0.20772722027713258,0.061381310410392215,-2.2379808959768927e-05
0.08209624327719212,0.3663159254938364,0.02005081468156308,-0.027090779892427568,0.1596561725804399,0.05747833389064586,-2.2379988097451425e-05
0.26604372728616,0.8811790095642209,0.024951947606751373,-0.02710161189492656,0.16902685367426337,0.05976562917793279,-2.23889387229227e-05
0.07167020253837109,0.36877720803022385,0.021402945213015223,-0.027104780360886246,0.16548335694464156,0.05760631644601313,-2.2391556868321464e-05
0.2482144683599472,0.8746614344418049,0.027780597300396788,-0.027118180542114175,0.1963716353716289,0.06055812757037143,-2.2402629618083595e-05
0.31957978289574385,0.8634205218404531,0.024868285142545587,-0.02712223428474196,0.17107219983772656,0.06187633188065851,-2.2405979280865982e-05
0.29465971887111664,0.867564314045012,0.029628175255598386,-0.027123522582479857,0.20412815456941108,0.061370163955432655,-2.24070438189223e-05
0.26471024565398693,0.8813407812267542,0.02467446649616352,-0.02712736186602792,0.16841943612184437,0.059784122795341336,-2.241021627169454e-05
0.07296211086213589,0.36785079911351204,0.021193604255144657,-0.027154638096620453,0.16443526247496373,0.057544206901689154,-2.243275500549686e-05
0.5098295360803604,0.9884077915921807,0.031606757072687654,-0.02716031246458062,0.2044510344843486,0.053137338198528526,-2.243744381782027e-05
0.24804142862558365,0.8736968860030174,0.028433662122688937,-0.027163203391151233,0.20008574452488198,0.06063823354722131,-2.2439832632539677e-05
0.24812484346330166,0.8752419371157885,0.027429239179315387,-0.027164124969157304,0.19399574902713146,0.060538723708732346,-2.24405941459044e-05
0.32528210431337357,0.8807501820847392,0.024242795716883876,-0.027164893959809037,0.1620068347484044,0.05916940131900872,-2.2441229574124502e-05
0.3063622210174799,0.8641512393951416,0.026177824254330545,-0.0271706790205799,0.18469424821322872,0.061695262848669434,-2.244600985485705e-05
0.2769718552008271,0.8672474035993218,0.029747750724347564,-0.027180486389589698,0.2043750602941392,0.06153549676227252,-2.2454113829715817e-05
0.30367979593575,0.8648602338507771,0.027031912972235162,-0.02718049166798634,0.19026269521440495,0.0615500530853042,-2.245411819133404e-05
0.3010470326989889,0.8656165488064289,0.027891607835710635,-0.027184328818872793,0.1952407235294593,0.06146257617929763,-2.2457288886762235e-05
0.3103882363066077,0.8632484888657928,0.02520831600766411,-0.027188669460269255,0.1763885702230187,0.06200913904565762,-2.2460875624362055e-05
0.28447883296757936,0.8787588914856315,0.027251715335228077,-0.02720020673741528,0.17689267806938577,0.060509254913875585,-2.2470409052924847e-05
0.28034415375441313,0.8678679894655943,0.030200201166064377,-0.0272052646566311,0.20647245509080236,0.0615048789954691,-2.247458848987427e-05
0.07033130712807178,0.37043818552047014,0.02199522386815171,-0.0272095604245551,0.1737991246575386,0.05758203503180424,-2.2478138149863955e-05
0.502294285222888,0.998206946067512,0.02228506431100809,-0.027211303151456607,0.15781479200868354,0.05728139433514262,-2.2479578192383182e-05
0.5129765216261148,0.9898133296519518,0.030435851623140445,-0.027217130522760452,0.2046562116246144,0.05339184370383631,-2.248439344100862e-05
0.5051882788538933,0.9895967207849026,0.03085813136009209,-0.027218145878553236,0.20709159516607292,0.05357225434922845,-2.2485232445559002e-05
0.07975027710199356,0.3745856396853924,0.024239430625760217,-0.027225939749993985,0.18753750263080524,0.05698657031306447,-2.2491672645569824e-05
0.28416284173727036,0.8682679571211338,0.030411642445905183,-0.027226061401971684,0.20746071405630254,0.06150849754041287,-2.2491773168545912e-05
0.08644352294504642,0.3666349155828357,0.02008698956987923,-0.027233398045752484,0.16244665852303364,0.05752534575668046,-2.2497835555332987e-05
0.29025000520050526,0.8680384363979101,0.030181177411903282,-0.02723593236346908,0.20649303897928623,0.06149566094240392,-2.249992970311538e-05
0.2756534945219755,0.8667761087417603,0.02944473267614729,-0.027236012317692716,0.20283047320652467,0.06162171747237601,-2.2499995770587896e-05
0.24963972996920347,0.870105960406363,0.029503796699684174,-0.02727275358489346,0.2053723468795759,0.060965401540891785,-2.253035569115119e-05
0.26133812591433525,0.881606643088162,0.02437393443841667,-0.02727423507680994,0.16668113360756867,0.0598191539892051,-2.2531579873215497e-05
0.3251465195789933,0.8651149161159992,0.025911485373363977,-0.02727675301726304,0.18586037275207296,0.061081535795986915,-2.2533660490514494e-05
0.2494639102369547,0.8777311211451888,0.02612549743034547,-0.027284113527231417,0.18006962558865727,0.060302667052395086,-2.2539742606719287e-05
0.06959624029695988,0.36931559443473816,0.02187783977504614,-0.027292523519984523,0.16895883474710793,0.05766150395283793,-2.2546691930125908e-05
0.5063683688640594,0.9886076003313065,0.03165742972583271,-0.02730208068736879,0.20898461250714528,0.05327797392430993,-2.255458918583523e-05
0.3330607255920768,0.8709956342354417,0.02865480220826519,-0.027305317561765324,0.20221207256494597,0.06021217018758007,-2.2557263872616748e-05
0.32339742593467236,0.8814981328323483,0.02395289715912956,-0.027310334786053683,0.16459020168366817,0.05910048174070411,-2.2561409694589407e-05
0.09018192067742348,0.3721442148089409,0.02197675877723885,-0.027318008194776096,0.17881801261403713,0.05753917231697743,-2.256775037026382e-05
0.08133123815059662,0.3658868307247758,0.020381655240315828,-0.027318507270780553,0.1639307316238096,0.05739785373489291,-2.2568162765790864e-05
0.07347473222762346,0.37301565054804087,0.023650129140299212,-0.027319912491373163,0.18670662940210547,0.057185834615578905,-2.2569323925006678e-05
0.2478067558258772,0.8761681150645018,0.026966436724122994,-0.02732807543223722,0.1899166614098367,0.06053373821026244,-2.257606911170613e-05
0.07520491909235716,0.3737326106056571,0.024122109901810487,-0.0273357724327314,0.18900991992644792,0.05706209889566119,-2.2582429284770226e-05
0.2687770575284958,0.8649053825065494,0.027505731618254394,-0.0273380533472318,0.19247458566497158,0.06213629824979106,-2.258431404662722e-05
0.5164420837536454,0.9965980276465416,0.023073643872631364,-0.027339370398798413,0.17043909128588325,0.056243074079914836,-2.2585402350760526e-05
0.07120335567742586,0.3720494853332639,0.023089994274615507,-0.02735212362242911,0.18301524433267222,0.05737639297191689,-2.2595940577972983e-05
0.29333945270627737,0.8671621605753899,0.029688875382191452,-0.02735246406921856,0.20406165105299898,0.06157281552662398,-2.2596221895572912e-05
0.08828292973339558,0.37337991409003735,0.023042869190370102,-0.02735250790460543,0.18427915480380855,0.05725786390803836,-2.2596258117579623e-05
0.3341894894838333,0.8723361911252141,0.028399847643297747,-0.02736981366524014,0.20092988243757198,0.06022846257340445,-2.261055819729339e-05
0.2867541778832674,0.86784244235605,0.030313497414945094,-0.02737158375064429,0.20688253030042486,0.061629919576046854,-2.2612020852967342e-05
0.30749720241874456,0.881950793787837,0.02465056863000165,-0.027380347796235535,0.17175238091930306,0.05917675286765295,-2.2619262753741465e-05
0.2976442463696003,0.8660658849403262,0.028726061632051113,-0.027388846793170784,0.19919372888629128,0.06158352000901147,-2.2626285641332164e-05
0.07967212609946728,0.3750427309423685,0.02487860203179083,-0.027402738303324323,0.1902275614504568,0.0569182007363858,-2.2637764471707678e-05
0.2789284670725465,0.8797148028388619,0.027174823474576792,-0.02740805162134874,0.17316147735621684,0.06022465425645753,-2.264215497293485e-05
0.3157901968806982,0.8625182369723916,0.02492357545802061,-0.02740987318300554,0.1704760528774752,0.06231278397024345,-2.264366016600527e-05
0.3109607817605138,0.8824607888236642,0.024207163911410513,-0.02741545932511474,0.17182609073907554,0.05915636883896431,-2.2648276108164138e-05
0.25281755812466145,0.8798753898590803,0.02556624232351381,-0.027422645233244843,0.16839309303322927,0.059943932718488094,-2.2654213970367598e-05
0.33386505395174026,0.8713718662038445,0.02870851968963821,-0.02742375162783874,0.20243268335268355,0.06027542473149006,-2.2655128206852252e-05
0.5107332384213805,0.9878521496430039,0.032218458706868285,-0.027430045187599963,0.2086377806393315,0.05299398924008526,-2.266032870454767e-05
0.5062562292441726,0.9882626906037331,0.032055935821688655,-0.02743459419329527,0.21070085682500891,0.05320766693079852,-2.2664087641945495e-05
0.09182635601609945,0.36842424515634775,0.02079216010878651,-0.027437570975212152,0.16236616408181426,0.05792181849834085,-2.26665474186037e-05
0.2585896188393235,0.8644788218662143,0.026211535692224616,-0.027442237670609385,0.1845486533820497,0.06249383763976071,-2.2670403606236175e-05
0.292704239487648,0.8796330476179719,0.027061596898343313,-0.02744299687551778,0.17234751584429056,0.06028700732267997,-2.267103095311592e-05
0.31680445931851864,0.8826848492026329,0.024066582127549637,-0.02744454062661512,0.1704694576082372,0.05919241747018129,-2.2672306586945344e-05
0.2965862890705466,0.866165179759264,0.028937876106950696,-0.02745414670622484,0.20014414775067565,0.0616366044167786,-2.268024429271537e-05
0.3264210196211934,0.8653313489630818,0.02631216830090729,-0.027468394258298792,0.18837477349592413,0.06101948334718075,-2.2692017348730416e-05
0.06832228414714336,0.3689731741324067,0.022134974686325463,-0.027469149756614197,0.16895113635178813,0.057706767357682556,-2.2692641633223104e-05
0.28480167873203754,0.8793637966737151,0.027380122125273486,-0.02747904396260154,0.17456951371315033,0.060469731998163224,-2.2700817429439664e-05
0.2824054956436157,0.8672729507088661,0.030162919221498104,-0.02748923026357223,0.20593956840072292,0.06174007728286542,-2.2709234592374696e-05
0.5033507775515318,0.9903441313654184,0.030634370489642074,-0.027500790456753212,0.20766015793970952,0.05390452910192466,-2.2718787035299933e-05
0.2761463252827525,0.8802622724324465,0.026966032277396686,-0.027502348582079734,0.17287488208903587,0.06002191346085297,-2.2720074548899642e-05
0.07699574809521437,0.37475049775093794,0.025042376791329743,-0.02750377739680987,0.19256923344167676,0.05691702472618125,-2.272125521032702e-05
0.33527664467692375,0.8746993020176888,0.02725884335108944,-0.02750825326044811,0.19421287459163034,0.06028455033287588,-2.2724953716417036e-05
0.3023694967851043,0.8812556294724345,0.025745572556053052,-0.027522812788024757,0.17217343740653054,0.059432162967506856,-2.27369845823814e-05
0.3298274679109454,0.8796530067920685,0.025215606224737164,-0.02753060738192497,0.1643495968394695,0.05948564404859809,-2.2743425433075523e-05
0.29383801855146885,0.8799363765865564,0.02700125666287657,-0.02753641927129746,0.1718265172784391,0.06019124425932057,-2.27482279307024e-05
0.08987685292959213,0.36701563373208046,0.020616235288516895,-0.027543227710860187,0.1644257648394503,0.05766685827612376,-2.2753853901609147e-05
0.27496941946446896,0.8658197335898876,0.02904841715378657,-0.02754855009940226,0.20016729324458496,0.06190212374075944,-2.275825191495968e-05
0.3201390840113163,0.862831799313426,0.024932915074193235,-0.027550796256150124,0.1695875517285369,0.06205254342039383,-2.2760107966677054e-05
0.3353781346231699,0.8751583080738783,0.026994968613501955,-0.027551294320357925,0.19230071106175955,0.06029383777825113,-2.276051952876597e-05
0.07183288875967264,0.3731005787849426,0.02419857035377423,-0.027554732572141,0.18908664784815496,0.05720750913727899,-2.2763360636680616e-05
0.06696035154163837,0.3702412359416485,0.02259894981132486,-0.027584118654461157,0.17545660449048095,0.05772264750726314,-2.278764305521376e-05
0.08759943582117558,0.37436710484325886,0.024235200282504806,-0.027588395388345507,0.1893178795150682,0.057083444560490734,-2.279117702375001e-05
0.09314247500151396,0.37079111859202385,0.021516837421499235,-0.027599213162115572,0.17345347724718388,0.05796961551429871,-2.2800116013438895e-05
0.2652082620188594,0.8638053461909294,0.026421510090716773,-0.02760785164887702,0.184574968543058,0.06264251243575927,-2.2807254207161208e-05
0.06849377416074276,0.3680162476375699,0.022184393712826198,-0.027626827652280653,0.16832956951857553,0.05766153501441472,-2.2822934550691035e-05
0.07365796063095331,0.36641879845410585,0.021508347549222474,-0.027632372889533855,0.17070483581284987,0.057366733755684025,-2.2827516719690226e-05
0.5013483325019479,0.9927139794453979,0.028411131549174233,-0.02763608845756342,0.1995429384472564,0.05497099037641563,-2.2830586987388403e-05
0.08310548588633537,0.37569769192487,0.025568325957344273,-0.027636276433536368,0.19012091908810141,0.05686885235350506,-2.2830742316690487e-05
0.28826531767845154,0.8796774074435234,0.027384345141964327,-0.027637309836243174,0.173650073872281,0.06044205678824398,-2.2831596243505797e-05
0.06998197454959154,0.3725717291235924,0.02398899606470068,-0.02763751829879562,0.1875709438442102,0.05734505500981745,-2.2831768501392682e-05
0.26653752475976944,0.8639091765508056,0.02675268442364195,-0.02764483216072181,0.1866198235719037,0.06255430251764557,-2.2837812131370947e-05
0.06619345396757126,0.36969007458537817,0.022567367948750392,-0.027650352532385455,0.17313873908447813,0.057780265208682374,-2.284237375557595e-05
0.07705840934067965,0.375147988088429,0.025573619738923182,-0.027650895977351247,0.19470183694799775,0.056860842577734765,-2.2842822818079136e-05
0.5089449128136039,0.9868272738531232,0.0331590844412492,-0.02765764417197453,0.21057120914654687,0.05291024364986293,-2.28483990248079e-05
0.09162437822669744,0.3674676166847348,0.020901690922247793,-0.027659153781736855,0.16414119436115407,0.05783546017136107,-2.284964645431244e-05
0.33600640669465065,0.8738130228593946,0.027930529219592878,-0.027660315316786237,0.1981347386566096,0.06041974655433197,-2.285060626073449e-05
0.2821827298030257,0.8667525434866548,0.030008996710794583,-0.027663677903942672,0.20490461899768594,0.061887217373573625,-2.2853384853555308e-05
0.33125185314565897,0.8678067615255713,0.028272360914491396,-0.02766492420298675,0.19992427759580028,0.06060777106712658,-2.285441470278629e-05
0.5169537086039782,0.9940109299495816,0.02643176809075931,-0.027674750833685154,0.19025648416807964,0.055107751242972236,-2.286253470389339e-05
0.2466796226799488,0.8714560838416219,0.029830672561158122,-0.027685799571210895,0.20678053274238178,0.06104148925291124,-2.2871664566366474e-05
0.24585300497710705,0.8729799967259169,0.029295225505924748,-0.027686776876849218,0.20415992542666994,0.06096504658159421,-2.2872472139859473e-05
0.09331458434462547,0.371208269149065,0.02185605293501082,-0.02768965810488181,0.1762660802711273,0.057945223990289445,-2.287485297490168e-05
0.2800632081925869,0.8663711389526725,0.029781165533739405,-0.027708174863171172,0.2036394188161611,0.06193274469617222,-2.2890153867286523e-05
0.33402386866509914,0.8777995361015201,0.02580948426959443,-0.027715535179973796,0.1771154032649388,0.06006823022059969,-2.2896235896004186e-05
0.2504253089427948,0.8677963325753808,0.02920713796129017,-0.027716548078665863,0.2035752319432793,0.06146890493210787,-2.2897072881668397e-05
0.09397834166884422,0.3690192839130759,0.02126214391229286,-0.027724952313897,0.1654639988521723,0.05815898775962885,-2.2904017530111558e-05
0.3212806638330221,0.8824850404635072,0.02406911712063878,-0.027728727668270736,0.16924972321195095,0.05904781024252094,-2.2907137208770976e-05
0.2568725310266018,0.881558496505022,0.024836015964324294,-0.027730578477590254,0.1708482825216566,0.05972996246170201,-2.2908666583291994e-05
0.0803257878869772,0.37600102089345455,0.026081943854178516,-0.027756055379050907,0.19428559621151545,0.05680277118825788,-2.2929718853950856e-05
0.2608596393838525,0.8634823178872466,0.025952614287772492,-0.027756284220559247,0.1790761620612835,0.06288452532558628,-2.2929907952106952e-05
0.07261636946350336,0.3740360550582409,0.02525126672842787,-0.027763861355333284,0.1939936470813754,0.05704715148164942,-2.2936169151746184e-05
0.5008967611938715,0.9978645239025354,0.023234516081102777,-0.027770590039825377,0.1650275385534096,0.0572309283913237,-2.2941729254151006e-05
0.28996715415269136,0.8664724444970489,0.029794520914672402,-0.027773947316419124,0.20378706515601885,0.06194985855143652,-2.294450346719338e-05
0.06687985826283693,0.3716360814869404,0.023595025845668516,-0.027779238616438082,0.18407101095860917,0.05759741606886213,-2.294887581926996e-05
0.3105586236342788,0.8622825695201755,0.025311915438452313,-0.027780573815842775,0.1729653471731756,0.06235164026649385,-2.294997913271013e-05
0.08345816098153591,0.36516994144767523,0.021050170897061193,-0.02778061091139146,0.16888795931198256,0.05727511804156279,-2.2950009785823118e-05
0.32389168720692396,0.8635869538411498,0.02534904260822973,-0.027783569712431316,0.17850026852864365,0.06161698826741829,-2.2952454727859967e-05
0.24653987865895033,0.8710339711979032,0.029990909510643517,-0.027786561994354746,0.20748638867609173,0.06112440607632047,-2.295492733631413e-05
0.2624714132398367,0.8822761829942465,0.024692554553932974,-0.02779226713874293,0.17273526912693474,0.059696885656042524,-2.2959641661471866e-05
0.33243884425610304,0.8682359717786312,0.028618211838999326,-0.027807515134364687,0.20163429106724018,0.060637322503274,-2.2972241523175787e-05
0.31222120858728886,0.8830273300409317,0.0244823373087729,-0.027817215070749187,0.17547733456287887,0.05910822630492122,-2.298025686515208e-05
0.336111294105649,0.8762837080284953,0.026517806752452067,-0.027823610520811903,0.18731265361801444,0.06039997615247242,-2.298554161432829e-05
0.5156089942902327,0.9906326038762927,0.03039759908710894,-0.027834275683437645,0.2065884625018562,0.053682237674041795,-2.2994354555125636e-05
0.08571034856140614,0.3653216268867254,0.0210125565245486,-0.02785991421328338,0.17092168190326995,0.05729546794267512,-2.301554044489982e-05
0.24478107877075672,0.8741261018440127,0.028795694743452987,-0.027863625725545748,0.20130708849176815,0.061022936983120155,-2.3018607380574e-05
0.32777683064341545,0.8809610102325678,0.024957281793844106,-0.027866459491898463,0.1667851261913706,0.05920569149114359,-2.3020949008271113e-05
0.31806196365505457,0.8830760354176164,0.024380914269038628,-0.02786702196521521,0.172808481041385,0.05910702574290461,-2.3021413797175966e-05
0.28561605978757143,0.866394704207778,0.029943677299877996,-0.027870468322553906,0.20426239454140516,0.06205068978651324,-2.302426162781068e-05
0.5056055476889014,0.9872683323919773,0.03320798202200868,-0.027872710279534422,0.21596604523816187,0.05306354360820409,-2.302611422568412e-05
0.3348107850179076,0.8700375156477094,0.029160053465405532,-0.02787768746505399,0.20439685486549944,0.06059578023972886,-2.303022702727527e-05
0.32351358607411385,0.8632757207378745,0.025269388907501345,-0.02788414951293702,0.1767412442634762,0.061735220852435824,-2.3035566817192197e-05
0.31643664464354515,0.8618448842316866,0.025048959765186556,-0.02788853601826351,0.16833704396167434,0.06253599704370666,-2.3039191522684746e-05
0.5142699796706438,0.988880081102252,0.031965379520498265,-0.027889059285754393,0.21187449429374555,0.05313916967877193,-2.3039623914882385e-05
0.07442296575754881,0.3657491412013769,0.021803580733184016,-0.027898372334470286,0.17454201123195368,0.05724952992634895,-2.3047319577661797e-05
0.09508079290390015,0.370196083560586,0.021679153436535342,-0.0278987773850044,0.1717856236734519,0.058264439270948855,-2.3047654283603602e-05
0.3246527798473835,0.8819274660199881,0.024390903064857097,-0.02790547707380075,0.1700187847826116,0.05901394105847777,-2.305319044682707e-05
0.04307171516120434,0.3690797071903944,0.021365024353662422,-0.02792137029512462,0.16408226527492126,0.05876734272789772,-2.3066323518795418e-05
0.2534393798559904,0.8808997226879001,0.025593305348079968,-0.027921591972011845,0.17132686726982466,0.05979176977680089,-2.3066506697466942e-05
0.24472229555249214,0.8754986943677068,0.02792987709703801,-0.027922896107642044,0.19567732218898815,0.0609574186308915,-2.3067584346293136e-05
0.5015109088271856,0.9991633435711265,0.022772235268564988,-0.02792379947404492,0.15257753692985448,0.057647905693875304,-2.306833082675969e-05
0.2817018125206232,0.8803507639095187,0.027497307885309897,-0.027934353284395447,0.17491871090020666,0.06027725441866559,-2.307705177820236e-05
0.30189006961882114,0.8638332048431039,0.027301233111587834,-0.027935713432871604,0.18851982120646688,0.06200979697831819,-2.3078175712629317e-05
0.246091790497303,0.8774038031697273,0.02687572589906098,-0.0279410757588952,0.18494009895632565,0.06068383654339091,-2.3082606775486e-05
0.1438144501298666,0.9622200578451157,0.0187587683907456,-0.027942935054169508,0.1349678933293026,0.06196730919517068,-2.3084143171263556e-05
0.5000245990231633,0.9946236182004213,0.02651896389996695,-0.027944486938118473,0.19096294145707138,0.05596109498454533,-2.3085425543188554e-05
0.044425876811146736,0.3701347364112735,0.02171003231623143,-0.027946831397124342,0.17053645299865536,0.05868336626813563,-2.308736284563573e-05
0.06394311413168907,0.3685676511377096,0.022838324464730827,-0.02795076946007151,0.1710431792021763,0.057859416181833954,-2.3090616994944886e-05
0.041155047714710236,0.36982759088277817,0.021522316144447724,-0.02795358328097211,0.16489515902283858,0.058911874343769495,-2.3092942146758455e-05
0.14117964915931225,0.9612939022481441,0.018670210054107912,-0.027955435213785167,0.12515809332037844,0.06227440895201827,-2.3094472459230968e-05
0.045564765110611916,0.36917786952108145,0.02167503035426894,-0.027960896441520767,0.16762286300996931,0.05858071825347633,-2.3098985250253532e-05
0.2993006259202957,0.864380793645978,0.027946914476526738,-0.027965297122389793,0.19275831074696748,0.06200935713312387,-2.3102621677228878e-05
0.2703926479443908,0.8817676994949579,0.026231758018084292,-0.027972962465190414,0.17813690689682685,0.05961513490172441,-2.310895580253059e-05
0.1425414402037859,0.9635389382019639,0.019403965541147122,-0.027990923650345608,0.14572315125984173,0.061503518202866744,-2.3123797726899947e-05
0.0702870050445199,0.3664659895002842,0.022290323877513517,-0.02799592926616182,0.17379650984754275,0.057420617918066665,-2.3127934034977313e-05
0.333859084174037,0.8787259375676513,0.025906179880174775,-0.02800245430511661,0.17168487565924542,0.06001150936891757,-2.3133325894177052e-05
0.25166732724756,0.8662262856960297,0.028466141035544453,-0.02800305652735925,0.1992659287244135,0.06188194691495812,-2.313382353072538e-05
0.14188789669424295,0.9607198508456349,0.0186608185374025,-0.02801035064824131,0.11626486416436034,0.06243901661200207,-2.3139850909462167e-05
0.27843329682946205,0.865374150685966,0.029339563086993262,-0.028019662655620024,0.20049521607603932,0.06219100790589367,-2.3147545737835477e-05
0.06261172890663147,0.37071731965988874,0.023439249244054477,-0.028021659475531216,0.18063997861473616,0.05786818016559394,-2.314919577829589e-05
0.14055088628083467,0.9613669691607356,0.018742711501569802,-0.028022823108273056,0.12835909279010382,0.06222246446509502,-2.3150157327797342e-05
0.06244905758649111,0.36881014704704285,0.022978423437745962,-0.028026655210744756,0.17204108572314553,0.05792060039984792,-2.3153323925252496e-05
0.3208707682788372,0.8622582880780101,0.0250604835853785,-0.028035219039159537,0.16889838519841,0.0622097685947443,-2.316040051106265e-05
0.06341618951410055,0.37129207979887724,0.023784841917844707,-0.02804591915178959,0.18388403867433958,0.057786615059457654,-2.3169242384344053e-05
0.2922071786597371,0.8655160618945956,0.02930479137590158,-0.02805571275328789,0.20055130617645603,0.06214631588703347,-2.317733517843783e-05
0.2731561679393053,0.8643344528973103,0.028352784362829023,-0.028064812703746583,0.19446896373150932,0.06235893094097094,-2.3184854786505565e-05
0.04096199572086334,0.37082408741116524,0.022022255422547793,-0.028065598901340052,0.17067014897306254,0.058907121633153724,-2.3185504449227726e-05
0.2795794168487191,0.8807322951033711,0.027433659569229815,-0.028066394302564652,0.17633845049904767,0.06013237620449946,-2.318616171724857e-05
0.04866576287895441,0.36927884072065353,0.022270719254780455,-0.02807260232743834,0.17101785228817337,0.05837172589731299,-2.319129162715668e-05
0.06557205226272345,0.37230931874364614,0.02454111321628724,-0.028075189981446595,0.18930511938335795,0.05757501300329037,-2.319342989719331e-05
0.26167172752320766,0.8628925522789359,0.025978362678359866,-0.028075906598309754,0.17739607177844177,0.06309381670916725,-2.3194022063082723e-05
0.5161370383575559,0.9904999174177647,0.030789537260084217,-0.028078588321488605,0.2084635579296203,0.053673305988507926,-2.3196238066010847e-05
0.33096989803016186,0.8664313834160566,0.02782316023415551,-0.028080199022901712,0.19694213654567538,0.06095228264454053,-2.3197569045767062e-05
0.14464352652430534,0.961794781498611,0.01882585613780684,-0.028080694551817012,0.1334888841170397,0.062051878831184494,-2.3197978518912743e-05
0.5018161628395319,0.990131395868957,0.03154482839659907,-0.028083047125949147,0.21215608552348883,0.0539923676313414,-2.3199922534567743e-05
0.06512141600251198,0.3675712142139673,0.022822647245766735,-0.0280901575725723,0.17179103891960681,0.05773832338665357,-2.320579815021657e-05
0.0611176872625947,0.3704748200252652,0.023420411341432214,-0.028093917226742503,0.17970595268770606,0.057938278189569425,-2.320890488702495e-05
0.27388144191354513,0.8814496649429202,0.026859947732369265,-0.028098559848746086,0.17850796666626395,0.0597503359540747,-2.321274125221038e-05
0.09622814506292343,0.36923963390290737,0.021761954769143443,-0.028106247274518284,0.16818776306304112,0.058467605553714615,-2.32190936491281e-05
0.3293331917375326,0.8654349315911531,0.02710928509543752,-0.028106285280912646,0.19238046277894816,0.06111606128357613,-2.3219125055184662e-05
0.08744892105460167,0.37574106827378273,0.026089776276268215,-0.028106436352444877,0.19674370415014963,0.0568834672187814,-2.3219249891049204e-05
0.04882832709699869,0.3702750392258167,0.022563021750896247,-0.028107018984905398,0.17589364340075725,0.058364935955535074,-2.321973134130391e-05
0.31303401105105877,0.8615517886355519,0.02521832828878401,-0.028118964981647503,0.16934413135011553,0.06264383618012243,-2.3229602751800932e-05
0.03963838145136833,0.3684609094634652,0.021452808472758624,-0.028119206826135577,0.16315442328003887,0.05890876940277173,-2.322980259670954e-05
0.3060088576748967,0.8625898286700249,0.026302421054823676,-0.02812315069220356,0.179587267564488,0.06225087145220205,-2.3233061557071055e-05
0.2843093862757087,0.8657250450924039,0.029735191612585567,-0.028124448575799082,0.20255187196427307,0.06225288596155709,-2.3234134045697805e-05
0.0598177770152688,0.369448103941977,0.0231679590016794,-0.028124995255512545,0.17477065844189363,0.058010994153358725,-2.3234585787127005e-05
0.046689992770552635,0.3681540060788393,0.021907440731586906,-0.02812763413916398,0.16748968824118307,0.058422776229092456,-2.3236766393240983e-05
0.08917944319546223,0.3656100993975997,0.021343214259868973,-0.028129704147336194,0.17314895129584762,0.05740313787109475,-2.3238476916845425e-05
0.28948909789323807,0.8805689262226224,0.02750476732776292,-0.028138561522963155,0.17551611044044232,0.060313008317263536,-2.3245796092013365e-05
0.05019775498658419,0.36901091132313013,0.02252174577067718,-0.02814613349199205,0.17127786551076704,0.05828078604062252,-2.3252053089890567e-05
0.25736768636852503,0.8635256942361593,0.02633241293868666,-0.02814625997181936,0.18320306536533967,0.06281423878427243,-2.3252157604858028e-05
0.5113320453092456,0.9858212135732174,0.03405231342579263,-0.028149721069102296,0.21696731056538066,0.05275250247472704,-2.3255017637923145e-05
0.24360122717916965,0.8731372868642211,0.029592702787593326,-0.028150810629170422,0.20538278858786652,0.061274614932264146,-2.3255917981879432e-05
0.333199524320662,0.8793872138485312,0.02592114445162297,-0.028152808557160295,0.16820776048597455,0.059880303249048646,-2.3257568944062745e-05
0.0658773509785533,0.36718384455889463,0.022811047827482202,-0.028154429570585525,0.17298220145293974,0.05766408210975663,-2.3258908447795393e-05
0.517277573235333,0.9984767409041524,0.022835734925524823,-0.028159905810116483,0.15834033027867786,0.05702254512966587,-2.3263433668815245e-05
0.08005531504750252,0.364573672413826,0.02192249498364622,-0.028165925468786237,0.17603193041432758,0.0571142663965759,-2.3268407938147094e-05
0.2782913940027356,0.8810097463428974,0.027371529437352674,-0.028169048922550836,0.17764111264936502,0.060027692652464174,-2.327098896526558e-05
0.08476601913571358,0.37669276539236307,0.02692119617419144,-0.028172978400434822,0.19759619436454526,0.05675008591164674,-2.3274236040699266e-05
0.3373607322573662,0.8713237196207047,0.02932233572477926,-0.02817535721729036,0.20513721683439642,0.06081185426616974,-2.32762017467516e-05
0.04014813061803579,0.3711848370730877,0.022330109459302267,-0.02818012673799936,0.17423421667784736,0.05892895147288724,-2.32801429819276e-05
0.05209915619343519,0.3697278117761016,0.022883237194122708,-0.02818352728929615,0.17507208882206501,0.058218112914342215,-2.3282952986275805e-05
0.2542651975527406,0.864552715793252,0.027273679856699345,-0.02818730720238839,0.1911879692528364,0.06239879988782126,-2.328607647196164e-05
0.0954045420512557,0.3718033004552126,0.022892002697832915,-0.02819276838422064,0.1821845209176626,0.05815063419259691,-2.3290589254421352e-05
0.3031812449917197,0.8822430809959769,0.025900887091605224,-0.02819819242931161,0.1791588531506727,0.05924128355713157,-2.3295071350065474e-05
0.04755580145865679,0.36798342783004045,0.022094459395099478,-0.028198397948260973,0.16855519542829384,0.0583450623683059,-2.3295241178237137e-05
0.26925936061888933,0.8821966731920838,0.026140437229462167,-0.02819845044586093,0.18038533339831914,0.059541538408572105,-2.329528455901286e-05
0.5007138159126043,0.9912781622260809,0.0306118290911524,-0.028206818605836303,0.20894187303248843,0.05451433613868029,-2.330219949063872e-05
0.3289539432153106,0.8810705589130521,0.02528937331055589,-0.028212010682089495,0.1689889786042803,0.05925976364520627,-2.3306489903257135e-05
0.32144031021744013,0.8830021098256111,0.024450142126756648,-0.028212326037628865,0.17389003940948988,0.058963431099952224,-2.3306750493707755e-05
0.24672714062035084,0.8786875111982226,0.026782063491789253,-0.028213467406923397,0.1778249859219203,0.06051864338814817,-2.3307693651216553e-05
0.2887495281174779,0.8654688391834497,0.029553480737568572,-0.02821788960521824,0.20141719273903314,0.06230586778735749,-2.331134788466616e-05
0.04449695814400911,0.37174305599182844,0.02291573443554457,-0.02821931214725077,0.18051414561600954,0.05861025572221824,-2.3312523386251734e-05
0.14271211065351963,0.9644953208044171,0.020477112084353,-0.028221835351146373,0.15544995721306734,0.06109145502239955,-2.3314608407486433e-05
0.5068933917209506,0.9854115964844823,0.03440539483201984,-0.02822288173065947,0.21922066023375053,0.05287802818058963,-2.3315473071502696e-05
0.27650426514446735,0.8646267401054502,0.02893208058526558,-0.02822371543683889,0.1973813958170367,0.062367066321816926,-2.33161619953048e-05
0.3272944698110223,0.8641889914870262,0.026282718831520356,-0.028224106078423832,0.18563265076178306,0.06141599033862742,-2.3316484797626826e-05
0.04224984720349312,0.3674337239935994,0.021499466336743874,-0.02822643895053616,0.16355944176665965,0.058654608080386424,-2.3318412540583067e-05
0.05644542258232832,0.3700458463281393,0.023316298283676873,-0.028226798320489813,0.17781445766320278,0.05808935736511901,-2.331870950196363e-05
0.509302768856287,0.8766246605664492,0.021012075365853523,-0.028227443482910227,0.15884075252249932,0.06509007260035769,-2.3319242624791018e-05
0.03778510540723801,0.36987573746591806,0.02187069875848505,-0.02822814375623574,0.17065721356789376,0.05902518870178942,-2.3319821287916017e-05
0.2861117646098137,0.8806438036262989,0.027635725415916506,-0.028230424383820313,0.1764586845589219,0.06033960794566047,-2.3321705859400432e-05
0.06748629454523325,0.3735149661079049,0.025748748091247445,-0.028233127092116884,0.1956833066139259,0.05731913696517898,-2.332393921278923e-05
0.07542842347174883,0.37614276353269815,0.027358186464680846,-0.028238980864429487,0.20222177559151536,0.05672528970798505,-2.332877641398736e-05
0.5074519962072372,0.8770923707634211,0.020992938024432774,-0.028240706545207897,0.1589203423559532,0.0649454266613655,-2.333020241171604e-05
0.08251424133777618,0.3772067278623581,0.027516316890033612,-0.028250799297913493,0.19669176538861002,0.05670277684881126,-2.333854245062458e-05
0.49943850561976433,0.9940891126170754,0.02750391682260759,-0.028256321931422218,0.19583164892307145,0.05582780277407031,-2.3343106021123138e-05
0.26990982331335545,0.8633777722716331,0.027580276831366893,-0.02826013497605697,0.1885213804582304,0.06267309683556244,-2.3346256891133223e-05
0.5141055034473538,0.9874966945499182,0.03332269225828562,-0.02826546211223226,0.2170688220383311,0.05287266576522205,-2.3350658915601716e-05
0.252320914529264,0.8652700893580914,0.02799977982191642,-0.028267897431012195,0.19594731565462747,0.06218024579940404,-2.3352671316576804e-05
0.5081171570345759,0.9848261922597885,0.03466551659837111,-0.028276361724954596,0.21826832889336611,0.052847504187319164,-2.3359665701109557e-05
0.33850255608558655,0.8722575269639492,0.02913594319929023,-0.028277319972333393,0.20419244717647203,0.06090899686601509,-2.3360457539340003e-05
0.24880423303693533,0.8672239892184734,0.0294683047456455,-0.02828024883120501,0.2044143844240443,0.06176722971895147,-2.3362877772992486e-05
0.053268532268702984,0.3706844998523593,0.023422583149642486,-0.028281107311762116,0.18080502111853924,0.05815279523037251,-2.3363587169974934e-05
0.33048711996525526,0.8806709162890911,0.02558905635538557,-0.02828631344335821,0.1679667594646922,0.05943842600659883,-2.3367889206090475e-05
0.0766904791817069,0.36474308278411627,0.02233654736721437,-0.02828670153477535,0.17944638945017816,0.05707194084023953,-2.3368209901676803e-05
0.2809444069862366,0.8651023004204035,0.029448356618807913,-0.028288507546571976,0.2003536413332801,0.06237807398864896,-2.3369702282091383e-05
0.5019889641553164,0.9891676297411323,0.03257734505820896,-0.028291808868171113,0.21611584212603346,0.05370975217753962,-2.3372430297523957e-05
0.05460741277784109,0.368530897423625,0.023057863380321716,-0.02830266409777709,0.17232037881601248,0.058104432653036324,-2.338140041416639e-05
0.5086733922362328,0.878286293707788,0.020975720369717076,-0.028304583298251917,0.14836064768389615,0.06476754596695714,-2.3382986327671248e-05
0.13920434657484293,0.9633943345397711,0.019861043187864674,-0.028308267846486445,0.15280441967094263,0.06144869180724597,-2.3386031020158745e-05
0.24345789477229118,0.8765254030004144,0.0275925309062866,-0.028311425865272976,0.1915559790721048,0.0610993958606667,-2.3388640620140537e-05
0.3374955942854285,0.8706775680184364,0.029506179781223527,-0.02831469120198358,0.20595958239096654,0.06091376006794028,-2.3391338901554017e-05
0.056738520972430706,0.370972016826272,0.02383286656697018,-0.02832253817772286,0.18326034072929662,0.05803612041763534,-2.3397823179898395e-05
0.0926927924156189,0.37394182477146387,0.02490815073719381,-0.0283229026856833,0.19313536711984827,0.05748642302215295,-2.339812438783219e-05
0.0581004386767745,0.3682423969730735,0.023208524710460633,-0.028323135636563454,0.1725806427382553,0.058005567279645995,-2.3398316884736227e-05
0.5109436511993408,0.8772588027641177,0.020842235486917743,-0.028330495615986946,0.15676739726523392,0.06498766359421716,-2.340439873943522e-05
0.5133240493014455,0.986568683758378,0.033898217415245256,-0.028331467714004983,0.21867898533189722,0.05275886995618715,-2.3405202024234845e-05
0.2471464416012168,0.8681823313236237,0.03002849171381041,-0.02833930606087599,0.207254861343566,0.06166834762905306,-2.341167917526747e-05
0.041785879991948605,0.3721722662448883,0.023288496367393285,-0.028340446950033082,0.1795671196271499,0.058784365561128336,-2.3412621939404276e-05
0.5100854597985744,0.8756284695118666,0.021408888517052894,-0.028341001376007324,0.1651844200523473,0.06528281208896201,-2.341308008464506e-05
0.5066164843738079,0.8757939180359244,0.02155923829404418,-0.028345316853998496,0.1682116721168608,0.06513712935700322,-2.341664614383353e-05
0.14318254683166742,0.9597613075748086,0.01867243667474532,-0.02835194137478796,0.12016925389419025,0.06259651221995685,-2.3422120262098237e-05
0.2511898074299097,0.8808110821992159,0.026179026528894967,-0.02835203824877597,0.17361105116546288,0.05987202058971745,-2.3422200313129023e-05
0.2572250869125128,0.863215385004878,0.02636878489769553,-0.028353940402869773,0.18239840976899976,0.06292458498178581,-2.3423772142712605e-05
0.24962642509490252,0.8802694967016578,0.02646124496317059,-0.02835593532484504,0.17289715120297677,0.06005187425153169,-2.342542063037251e-05
0.04973381571471691,0.3716118149459362,0.023712147133473343,-0.028360723377410923,0.1848318457518252,0.05824602080095977,-2.3429377199314337e-05
0.07264872547239065,0.37559171952307224,0.02740001750815019,-0.028365319790689503,0.2028273778190097,0.05682903264020299,-2.343317540916919e-05
0.041602629236876965,0.36704671010375023,0.021620467473453586,-0.02836831275606694,0.1644064383813019,0.05862915661784023,-2.3435648622765553e-05
0.29802063573151827,0.8816917948424816,0.026778687498951837,-0.028369268784913484,0.17920239263759608,0.05966315326994559,-2.3436438629790693e-05
0.2491336315870285,0.866768074221909,0.029267883732915747,-0.028371046841715337,0.20324220476378602,0.0618773557690996,-2.34379079133004e-05
0.14336576778441668,0.9648819984868169,0.021031669127875366,-0.028373325102940283,0.16033800221441563,0.060905809897268244,-2.3439790536981312e-05
0.06100757233798504,0.37202238757163286,0.024725735775748485,-0.028375774166880627,0.18950851057466722,0.05780597159196196,-2.3441814302311126e-05
0.5181014183908701,0.9929937506094575,0.028394653434830143,-0.028379045408708187,0.19947205457846628,0.05480554504500791,-2.3444517468293907e-05
0.05757450684905052,0.37139405496418476,0.024195708683491645,-0.02838123074745718,0.18595463587030278,0.057980101213864974,-2.344632330660724e-05
0.06914658937603235,0.3744809599593282,0.026740389314331457,-0.02838218976078037,0.20016854367868406,0.057104609879532205,-2.3447115780121958e-05
0.09106304496526718,0.37490752059966326,0.025829896718754988,-0.02838421368508087,0.19693428339869787,0.05718419499786613,-2.3448788234959694e-05
0.05310584232211113,0.3713153628632426,0.02388834538027654,-0.028384303249444683,0.184695917235999,0.05811951739678565,-2.3448862245809803e-05
0.3396279476583004,0.8747770423069596,0.02786158642640609,-0.02838458578864409,0.19675142940746437,0.06098744414875247,-2.3449095719990357e-05
0.08778240345418453,0.36485187523067,0.021884669411447816,-0.028398800706286385,0.17731569612262438,0.057209660549131465,-2.3460842114607175e-05
0.2905659908428788,0.8649294842034578,0.029283029141752594,-0.02840071137477458,0.1993012885550603,0.062420313610649515,-2.346242098208611e-05
0.1459747701883316,0.9629674758762121,0.019647999578109275,-0.028402526791416652,0.14947254747732036,0.06154545971616236,-2.346392113895068e-05
0.058745753951370716,0.36781318113207817,0.02325884621937413,-0.0284058070148836,0.1731838494080623,0.05794972275587508,-2.3466631728901912e-05
0.2580920048058033,0.8826246047392488,0.02509475343562739,-0.02840782214293164,0.17732701605859955,0.05958618508643303,-2.3468296916137838e-05
0.24529083911329508,0.8693879898637533,0.03047098539001893,-0.02841090348963718,0.20943714155868037,0.06160766340466351,-2.347084316602993e-05
0.26513539627194405,0.8624565005302429,0.026486587744089594,-0.028424908833596753,0.18016330806886166,0.06313900886037697,-2.3482416389561126e-05
0.31467256881296635,0.8610969372093678,0.02524447394793777,-0.02842491196492141,0.1686279267101343,0.06280682789139275,-2.3482418977111102e-05
0.03890282288193703,0.36738650128245354,0.021666071341170108,-0.02842780870603305,0.16636211536698678,0.058792869166444967,-2.348481268058221e-05
0.31371310632675886,0.8837614562362432,0.025101325731005666,-0.02843010853398671,0.18084499831562087,0.05903715404375261,-2.3486713128827313e-05
0.051019622944295406,0.36760501749813557,0.02276246692152597,-0.028430430399154494,0.172075984613807,0.058116513244016385,-2.3486979100077505e-05
0.13888156600296497,0.9608575273305178,0.019264455859133053,-0.028436476392305482,0.12989628162291947,0.06222859054604487,-2.349197516881534e-05
0.5049553699791431,0.876820626668632,0.021529682490491343,-0.02843786711223508,0.1650935620642723,0.06487143196218052,-2.3493124381678182e-05
0.29186127707362175,0.8811420314013958,0.027449120449993085,-0.028438316355839887,0.17834885550283072,0.06014378819344396,-2.3493495611378506e-05
0.07102017942816019,0.3654600316658616,0.0229092639510829,-0.028447701502705085,0.18025265106249702,0.05721693434329318,-2.3501250971072203e-05
0.33981684781610966,0.8753580888733268,0.027533457490562414,-0.028451255648623795,0.19427070480107972,0.06101199525887593,-2.3504187918726902e-05
0.2862531924620271,0.8650081483647227,0.029512494178273365,-0.02845720776923667,0.20036192409248035,0.06249631878249542,-2.350910641938437e-05
0.09456917177885771,0.3733467971906066,0.02456221401874184,-0.028474361301077035,0.19141681479714845,0.05781231409451313,-2.3523281146486823e-05
0.502822925336659,0.9875753587111831,0.03386003395506854,-0.02848195803804442,0.2206419931171628,0.05329984949459945,-2.3529558670690792e-05
0.03651568293571472,0.37090275157243013,0.022712526561636266,-0.02848837933295979,0.17843406904567774,0.05903400409761204,-2.3534864875508723e-05
0.27007430512458086,0.8630061447620392,0.027639230630028645,-0.02850031726363495,0.1874427390442724,0.06280620201938474,-2.3544729727172074e-05
0.2939688367769122,0.8643103512004018,0.028806058505767514,-0.02850683002708502,0.1959067230885375,0.062438934109133704,-2.3550111519376124e-05
0.09759006276726723,0.3680931655690074,0.022112303662084245,-0.028509982976348595,0.16773852865302094,0.058641657904401595,-2.3552716944896887e-05
0.4989268695935607,0.996735792607069,0.02487910776595104,-0.028511647088576616,0.17908724746500493,0.05704211174692025,-2.355409207668731e-05
0.04518845397979021,0.37270899023860693,0.024155509482032725,-0.02851533215930606,0.18770078180863908,0.05848043128431039,-2.35571372188424e-05
0.2743781004101038,0.863700577057898,0.028492994690006945,-0.0285225815621791,0.19310363793832291,0.0626170009794281,-2.3563127732281483e-05
0.5080416770651937,0.9658404039219022,0.02564364584682631,-0.02852350496005056,0.18635866313259433,0.060695491409480634,-2.3563890778300583e-05
0.508611524477601,0.9635464521124959,0.02352981360047008,-0.02852561817810579,0.17161256670569536,0.061937302190598745,-2.356563702739231e-05
0.5094593307003379,0.9837711853906512,0.035230366908630746,-0.028531950357000326,0.21836294107616522,0.052867491499608586,-2.3570869598137937e-05
0.2656338354572654,0.862343623302877,0.026623295360824577,-0.028532157997337854,0.1805072423615268,0.063159603578757,-2.3571041180917764e-05
0.5073915589600801,0.9646685123443604,0.024452801717712733,-0.02853517811739192,0.18073354984146278,0.06135025670383132,-2.3573536845413e-05
0.30784180015325546,0.8833218803629279,0.025490587517417243,-0.02853755363183124,0.18275542296585218,0.058971036940076216,-2.357549984270922e-05
0.5124658057466149,0.9851515581831336,0.034721229658164786,-0.028539976602226888,0.22110968564171155,0.0527088559215885,-2.3577502055190994e-05
0.2422699686139822,0.8719603586941957,0.030380885888164424,-0.02854057599044551,0.20911392935608802,0.061610101714666674,-2.3577997357414516e-05
0.282789315097034,0.8647208921611309,0.029427469349154838,-0.02854113171348457,0.19940997619597156,0.0625591123795961,-2.3578456577087e-05
0.2873840592801571,0.8810986550524831,0.027702498518928094,-0.028541284705996484,0.179155098064128,0.060272146149857736,-2.3578583001883142e-05
0.08460789732635021,0.3641443429514766,0.022413711682305767,-0.028541488135512293,0.1786443163910431,0.05705046129920819,-2.3578751105111684e-05
0.14400005713105202,0.8756357375532389,0.024739554101027652,-0.028543241277598906,0.18062597469880154,0.0644674181186578,-2.3580199807636058e-05
0.14384220726788044,0.8742635957896709,0.025651606279365902,-0.028543270584630704,0.18604651195705485,0.0645746108306451,-2.3580224025394763e-05
0.5073118405416608,0.9653196260333061,0.025113919735057527,-0.02854725854948582,0.18473538138877854,0.060990293064451466,-2.3583519465778587e-05
0.34044688008725643,0.8734932187944651,0.02874503927979542,-0.028547988586463423,0.20197366976695494,0.06115863909004399,-2.3584122729244302e-05
0.29851771146059036,0.8634544592350721,0.028014773037328213,-0.028550826550304765,0.19006487073249617,0.062389142733895,-2.3586467870712738e-05
0.04500547144562006,0.3666029153391719,0.02198803840946153,-0.028553614489154843,0.17143409744321936,0.05830492881268788,-2.3588771674390036e-05
0.24638146627694368,0.8793030856177211,0.02696458272685848,-0.028553847671843813,0.17585466995372281,0.06050139356874815,-2.3588964364111148e-05
0.5107575673609972,0.9645030656829476,0.024275815616138806,-0.028555021756298444,0.17863063684345334,0.06139473104777309,-2.3589934564822303e-05
0.09835745207965374,0.3685222566127777,0.022211025403785643,-0.02855567259329145,0.16817307407929044,0.058796257411477676,-2.3590472381780376e-05
0.5068126861006021,0.8742992514744401,0.022379362881419174,-0.0285683453170435,0.17499489224040662,0.06543340009049693,-2.3600944446380905e-05
0.04806551896035671,0.37259894609451294,0.024542436284503092,-0.028573985000603028,0.18997886650264031,0.05826893441682099,-2.3605604782008868e-05
0.09082124941051006,0.375486652366817,0.02656861325644305,-0.028576335889120844,0.19985683730813922,0.05708402539615862,-2.360754743192028e-05
0.3385008182376623,0.8775987718254328,0.02654764286594604,-0.028577408134034324,0.181457204161514,0.06077021227716736,-2.3608433478439394e-05
0.0960875740274787,0.37276977114379406,0.024159585636069337,-0.028578355489814085,0.18915825831930858,0.05812401353257793,-2.360921632320245e-05
0.5043487921357155,0.8780893441289663,0.021643162217524124,-0.028581007399883104,0.1574949322762179,0.06461467876507655,-2.361140772168308e-05
0.5101786945015192,0.8742558434605598,0.022200173643487336,-0.028581794442756145,0.17176192605801432,0.06555541071736101,-2.3612058092395515e-05
0.07231130916625261,0.36500124633312225,0.023106228295600047,-0.028581863152733145,0.18249844491673325,0.057102408015367645,-2.3612114870696634e-05
0.0366562670096755,0.37147238571196795,0.023166631108135015,-0.028586609906233535,0.18184110388561167,0.05900542294853772,-2.3616037337707903e-05
0.09361958503723145,0.36608756333589554,0.02197494535090927,-0.028586973730426547,0.17434680155722898,0.05781979721310628,-2.361633798287498e-05
0.5127358641475439,0.8760536285117269,0.021342222345684347,-0.028592583330897967,0.16695640524576189,0.06520111890841089,-2.362097346189844e-05
0.32847499288618565,0.8640138721093535,0.026572859164824006,-0.02859547881360751,0.18647399602649167,0.061523121348318444,-2.362336613693167e-05
0.4995180470868945,0.998400934971869,0.02398719188061225,-0.028597206457740616,0.16476562152475357,0.05758553340691583,-2.3624793771516787e-05
0.14470563642680645,0.8760611349716783,0.024495408405009998,-0.028597584168530157,0.17966931465785482,0.06442223553467658,-2.3625105891931066e-05
0.2415363322943449,0.8726609786972404,0.030151413292060968,-0.028603858593347256,0.20798812465932603,0.06164701162019609,-2.3630290748476685e-05
0.2778114303946495,0.8640755768865347,0.028985814800955665,-0.028606537397006165,0.19607726310460624,0.06261144803264163,-2.3632504372014796e-05
0.5185672650113702,0.9975945241749287,0.02375244412897816,-0.028609241393381023,0.16919508943804057,0.056807033206395165,-2.363473881367056e-05
0.05244489386677742,0.3722811182960868,0.02483038389788332,-0.028609809434494718,0.19072670773376363,0.058063437294100996,-2.363520821325919e-05
0.03516903147101402,0.36838316917419434,0.022372153540943046,-0.028610438759262783,0.1700548804782933,0.05899392744709156,-2.3635728254476597e-05
0.055342971347272396,0.36728599946945906,0.023286743543016776,-0.02861303436303791,0.1748903420311584,0.05794922254121478,-2.3637873126374025e-05
0.3025505216792226,0.8625416541472077,0.02721314489357654,-0.028617769513424582,0.1833498803007088,0.062416230678361335,-2.364178600867012e-05
0.14124199375510216,0.8766326513141394,0.02418667634517488,-0.028617785301823892,0.17563996537815932,0.06442122440473888,-2.3641799055384013e-05
0.1446005329489708,0.8735903641209006,0.026101543774026948,-0.028618746964025107,0.18945486412352228,0.06462005842453951,-2.364259372313541e-05
0.1412282381206751,0.8732440173625946,0.02630821816196506,-0.028621485849017293,0.18938898809265367,0.0646917962297864,-2.364485699571755e-05
0.05262789875268936,0.3671529171988368,0.023083253756079183,-0.028621766821345193,0.17468900538790944,0.057993372496389736,-2.3645089176694615e-05
0.14048878010362387,0.8764878148213029,0.024263519342727226,-0.028623987242039725,0.1774676889455077,0.064425447445591,-2.364692401740171e-05
0.08683469891548157,0.3771623680368066,0.027809747559525377,-0.028626944173752805,0.20283843773110416,0.05671563114243528,-2.3649367472865146e-05
0.2529580323025584,0.8642492676153779,0.027587798648350873,-0.028628661360582806,0.19196973209372964,0.06252412450824839,-2.365078646735987e-05
0.24313724134117365,0.8704128656536341,0.03072582734322541,-0.028628949338411713,0.21064525944906756,0.06171419778896972,-2.365102443736896e-05
0.33719838969409466,0.878555690869689,0.026451010166124833,-0.028632330818316225,0.17506187958625777,0.060525243159076626,-2.3653818717918027e-05
0.512137034907937,0.8787867650389671,0.021109108296339246,-0.028634474188257698,0.14764088593573654,0.06468159476674412,-2.3655589888405395e-05
0.05579260364174843,0.3723292928189039,0.025148840936618275,-0.028641289914384385,0.1919550357991999,0.05794438254509899,-2.366122205403396e-05
0.061644600704312325,0.3730771765112877,0.02597306204910629,-0.02864211550769531,0.1961531233646875,0.05765523360261828,-2.3661904281971405e-05
0.5116326557472348,0.964874722994864,0.024693721437235704,-0.028642170725896924,0.18245978826380804,0.061162342812488744,-2.3661949911459647e-05
0.3381845420226455,0.8697499670088291,0.029722650628326065,-0.028648164643329036,0.2068513934751035,0.06116674458015363,-2.366690297767103e-05
0.30718659330159426,0.8616023845970631,0.026189802161302685,-0.02864962434737898,0.17575751595327307,0.06256910979461638,-2.366810920242503e-05
0.14051754865795374,0.87316261138767,0.026364211723139935,-0.028653620005616637,0.19068273845209457,0.06469513680109927,-2.3671411010248016e-05
0.07905039377510548,0.37792846467345953,0.028679019374238078,-0.028654775719885076,0.20518909987091824,0.056602596969544706,-2.3672366033542614e-05
0.1427472960203886,0.872842469252646,0.026540390787175062,-0.028655780136029117,0.18917524438290467,0.06473405836935074,-2.3673196031813732e-05
0.25080137979239225,0.8651756094768643,0.028379881394939518,-0.028657345934633486,0.19748320456336976,0.06228328031276307,-2.367448992796434e-05
0.08823120966553688,0.3767666593194008,0.027613023382418323,-0.0286682052628261,0.20297601103487398,0.05678667075998122,-2.3683463524829603e-05
0.14170462358742952,0.9658483872190118,0.022474845911234432,-0.028681151484716855,0.1687707740060662,0.0604880803931085,-2.3694161628224917e-05
0.09963099099695683,0.36976675037294626,0.02246789423334085,-0.028681333606824393,0.17307304126203474,0.0590303820296355,-2.369431212475742e-05
0.09886815119534731,0.3711236687377095,0.022987189935121798,-0.02868473311329696,0.18061102844198954,0.05880265595324025,-2.3697121305748995e-05
0.07769539300352335,0.3777554780244827,0.0287759110900928,-0.028691898356841466,0.2065279464835147,0.056592051231206815,-2.3703042303157552e-05
0.5031030792742968,0.8775380598381162,0.02193312234552782,-0.028692311616510487,0.16330365448243886,0.06466541720836422,-2.37033838002302e-05
0.5078613152727485,0.8798363944515586,0.02137539736256727,-0.028695144215202462,0.13927381587725696,0.06440423055450377,-2.3705724517892357e-05
0.336912008933723,0.8685549618676305,0.029485719690591564,-0.028695564985107048,0.20555934493078692,0.06119520713991628,-2.3706072221079584e-05
0.5103088850155473,0.9677600972354412,0.027906773293938526,-0.028696437400974828,0.1958165893946061,0.05953069507237397,-2.3706793141896717e-05
0.14626700710505247,0.9604307282716036,0.019340075863377878,-0.02869843369847168,0.1266227700489045,0.06225044789006931,-2.3708442782320558e-05
0.06405323278158903,0.3738074880093336,0.026711459793043693,-0.02870087529243927,0.19971775612163345,0.057450310959105556,-2.3710460393608614e-05
0.09590453188866377,0.3666647393256426,0.02213749007520696,-0.028702213863512203,0.17245968816348828,0.05820888604251166,-2.3711566521936636e-05
0.14265357702970505,0.8772667935118079,0.023945104026803117,-0.028703637091547406,0.17109252542728015,0.0643723926598502,-2.371274260659974e-05
0.2593505261465907,0.8831372633576393,0.025330542058616238,-0.028705004514652247,0.17979455236221908,0.05953523775283048,-2.371387257689698e-05
0.2839509677141905,0.8813607562333345,0.02778389515480179,-0.02870586783671658,0.1811766424521714,0.06020071783318207,-2.371458598324313e-05
0.060233017429709435,0.3730400362983346,0.026019018882070585,-0.028717801612254144,0.19631867583647408,0.05771667860277353,-2.3724447462657708e-05
0.29523333720862865,0.881804677657783,0.02725659104267408,-0.028718183699502863,0.18183185537198393,0.059843624627342,-2.372476320063954e-05
0.04824873246252537,0.3664979003369808,0.022651736070981858,-0.028722252706717757,0.17548418101554364,0.05806046378270718,-2.372812562692436e-05
0.5101435165852308,0.9622275717556477,0.023056864976121014,-0.02872358470696879,0.16389186506281234,0.06253302853723001,-2.3729226326128414e-05
0.09942947514355183,0.37076366413384676,0.022834620142184757,-0.02872588527441347,0.1787088214449247,0.058936945572097284,-2.3731127401511365e-05
0.24042622931301594,0.8744441363960505,0.029223739564253018,-0.028731234502424093,0.20290170408448438,0.06168548213350435,-2.373554773999322e-05
0.5122099043801427,0.8792038261890411,0.021219687584810708,-0.028738664780269728,0.14458041238215524,0.06458972630813213,-2.374168775665636e-05
0.04391329828649759,0.37340796552598476,0.02491596326922548,-0.028738761592528653,0.1905833434556859,0.058528029812942674,-2.3741767757560718e-05
0.033436426892876625,0.36961892805993557,0.02288139129560872,-0.028740513823602955,0.1752865545466918,0.05910630726212257,-2.3743215715452255e-05
0.5034294808283448,0.986032159999013,0.0349236945631488,-0.028744229968980052,0.22442422526956451,0.0530819885985682,-2.374628655612305e-05
0.33437274023890495,0.8667149404063821,0.02862529041036395,-0.02875084614012185,0.2007567688632149,0.06127587320397867,-2.3751753836969688e-05
0.5091364989057183,0.9686960279941559,0.02900626516439748,-0.028753756240510207,0.1989116092737451,0.059000468846811274,-2.3754158602196006e-05
0.24161844700574875,0.8769627446308732,0.027693112402237548,-0.02875716548136969,0.19044790819903185,0.06136675835232398,-2.375697583305322e-05
0.1380573520436883,0.9643910173326731,0.021314094846372103,-0.028764136103131416,0.16514355421185023,0.0609841353215921,-2.3762736016760018e-05
0.037461369298398495,0.37249033246189356,0.024109868466912685,-0.028774039202426195,0.18727566754292613,0.0589234383250562,-2.3770919459642796e-05
0.3404598832130432,0.8768818788230419,0.026913152603467373,-0.028775940407403527,0.18670602928998467,0.06110691924932091,-2.377249052386407e-05
0.037156316451728344,0.3668812336400151,0.0221566412336714,-0.028779209682888322,0.17151905885730995,0.058737892095793415,-2.377519209586019e-05
0.1367539158090949,0.8755316631868482,0.025182567279315022,-0.028787272509353746,0.1870090644333718,0.06441995042880154,-2.3781854828884986e-05
0.5102340197190642,0.9828373854979873,0.03562986951044718,-0.028787330658582827,0.22153164692098096,0.05294772963673445,-2.3781902880624152e-05
0.1369272554293275,0.8740960983559489,0.026113851971417388,-0.028793135373360715,0.1925591056690222,0.06453534396045472,-2.378669961943506e-05
0.5120754018425941,0.9629754591733217,0.023380469202072804,-0.028796138946605983,0.1717682348149506,0.06213026285483284,-2.3789181629100427e-05
0.509495573118329,0.8732365109026432,0.022809775325917013,-0.02879890947982765,0.1747086452619137,0.06577496982959335,-2.379147106579612e-05
0.14822131395339966,0.8745236722752452,0.02584055862204514,-0.028802352935397017,0.19087514134604924,0.06443036875437735,-2.3794316573723636e-05
0.5059653306379914,0.9673161776736379,0.027622621045595,-0.02880449544397988,0.19813805142400587,0.05982982932574387,-2.3796087041070986e-05
0.2401398215442896,0.8734248038381338,0.029900313832813896,-0.02881020883187599,0.20662394744139342,0.06180487154517427,-2.3800808314039464e-05
0.1484100129455328,0.8751046853139997,0.025479341593834973,-0.028811431984082012,0.1887476027419155,0.06438015216039882,-2.3801819069151575e-05
0.5123905083164573,0.966524401679635,0.02662813119553455,-0.028812755522870766,0.1932052856792131,0.06019343266433348,-2.3802912779026185e-05
0.14255197905004025,0.8718535946682096,0.027032483507931797,-0.028813202475426,0.19135579767429564,0.06486746691051475,-2.380328211949415e-05
0.13693976122885942,0.9623939981684089,0.020423129193841025,-0.028817764038663984,0.15079744367686576,0.06165298808813538,-2.3807051580039276e-05
0.3315992671996355,0.8650411320850253,0.027535814696121968,-0.02881856761947354,0.19354292126109165,0.061436857500183836,-2.380771562134102e-05
0.13800691533833742,0.8729536887258291,0.02667310633770679,-0.028820407889258624,0.19479667305115253,0.06467557987266223,-2.3809236333602504e-05
0.1385632399469614,0.9598630052059889,0.019430516875679222,-0.028820753110848082,0.13188374110695805,0.062388416755023636,-2.3809521608470787e-05
0.08025921508669853,0.36364590749144554,0.02325217781429077,-0.028821461896732525,0.18304749174987783,0.05691366456324138,-2.381010731576451e-05
0.49809183180332184,0.9951434321701527,0.02684233616208316,-0.028823804206925655,0.1921941889810795,0.05654067550854992,-2.3812042890745187e-05
0.27354414481669664,0.8630495527759194,0.028360352769094262,-0.028823955471504244,0.19036268705390008,0.06282550738977194,-2.381216788868319e-05
0.06311094295233488,0.3661587303504348,0.02363572434148999,-0.028824699148151417,0.1804752305258429,0.057579848086211236,-2.3812782428118008e-05
0.2913793930783868,0.8640033286064863,0.02903760666867413,-0.02882597341393906,0.1958979992568095,0.06269506086544338,-2.3813835421516e-05
0.3356919987127185,0.8673077076673508,0.029032987596377857,-0.028827592084032534,0.20300220829554597,0.06130531081159765,-2.3815173014512325e-05
0.03452371619641781,0.3677138714119792,0.02260599531292974,-0.028828793031402324,0.17171420222807476,0.05892342767561063,-2.3816165421095066e-05
0.5068001877516508,0.9620611416175961,0.023147354136890615,-0.028829571617449017,0.16629010311527295,0.06262118396867097,-2.3816808808107227e-05
0.056097887456417084,0.3667080122977495,0.02352432679766715,-0.028830705507834793,0.1779890097438691,0.05783722277659168,-2.381774580199586e-05
0.060538092628121376,0.3664535405114293,0.023639906034745715,-0.02883225779995123,0.17932235690588932,0.05770292595581211,-2.3819028543520995e-05
0.5044914027675986,0.8794229906052351,0.021911122686896812,-0.028840919630886815,0.1474167646884409,0.06434708662565095,-2.3826186276104213e-05
0.04033131431788206,0.3660518676042557,0.022158244662506158,-0.02884543648696999,0.17122860116663463,0.05848540826503233,-2.3829918795746172e-05
0.24028712883591652,0.8759388290345669,0.028313143171286626,-0.028845652944234086,0.1964264997012088,0.06163183010611971,-2.3830097665966996e-05
0.13838026486337185,0.9649963099509478,0.021943450722896284,-0.028849150533265012,0.16942713373766974,0.060750641527689615,-2.3832987911108108e-05
0.31905194371938705,0.8608348919078708,0.02529273631381162,-0.028850270305349132,0.16605446054167022,0.06278352440671864,-2.38339132388159e-05
0.5128316851332784,0.9842391051352024,0.035345503378466495,-0.028852353888980904,0.22400198764985035,0.052731182238681,-2.3835635015758172e-05
0.033112840726971626,0.3705452773720026,0.0233342295047283,-0.028852719439158264,0.18051958145627897,0.05911467268184651,-2.38359370894927e-05
0.5147349173203111,0.9861099002882838,0.03470372852572054,-0.028854633251408725,0.2229222103027205,0.05274922975602069,-2.3837518575341962e-05
0.5047395555302501,0.9843860575929284,0.0355574694405185,-0.028858906723656843,0.22605356805080098,0.05298023014056186,-2.3841049975294662e-05
0.3375546718016267,0.8789471071213484,0.0265890249627638,-0.02886114750868478,0.17322464894219697,0.06056062736843834,-2.38429016566502e-05
0.31875402573496103,0.8840649025514722,0.025405466056071534,-0.028863539729986735,0.1804683076950394,0.05894316755085262,-2.3844878478087333e-05
0.24377441126853228,0.8688702126964927,0.0307180080235232,-0.028869208016097287,0.21041129084645807,0.06194549763043349,-2.3849562489047824e-05
0.14715225249528885,0.963964456692338,0.020952880705324115,-0.028870387250031323,0.1621296582659577,0.06107527857733512,-2.38505369538349e-05
0.07196451630443335,0.37654983066022396,0.02887318879962622,-0.028870506620387978,0.20855004835795288,0.05674018227169051,-2.3850635596019457e-05
0.0665747607126832,0.36553774029016495,0.02370130190430562,-0.028871576578869754,0.18312795990714253,0.05734740572431838,-2.385151976062112e-05
0.5082621350884438,0.9697043094784021,0.030152842748183244,-0.028884489236062464,0.2049562642205224,0.05841347933080015,-2.3862190190270352e-05
0.34196616895496845,0.8726073084399104,0.029388374147079267,-0.028886951898338883,0.20525332488400438,0.061456752440786605,-2.3864225222255705e-05
0.5022371392697096,0.8754187822341919,0.022855661112938307,-0.028887060818016345,0.1772350072883276,0.06500585958326656,-2.3864315228521614e-05
0.13616892974823713,0.8736705780029297,0.026519225270289538,-0.028888680258365995,0.19493508023117945,0.06455650046501459,-2.3865653460379912e-05
0.13604833651334047,0.8762047793716192,0.024900189807766343,-0.028890059327806104,0.1847774252182198,0.0643565685217088,-2.386679306069916e-05
0.14895448833703995,0.8740037959069014,0.026311499707019414,-0.028892930595443626,0.19364935440461623,0.06445304888302307,-2.386916574594767e-05
0.13917855639010668,0.8719893787056208,0.027048263171969237,-0.028892980369033653,0.1955262480964336,0.06482390144204195,-2.3869206876584973e-05
0.14709597453474998,0.8725270684808493,0.026913357055354928,-0.028898004231056044,0.19583065514383535,0.06466808501470561,-2.3873358368606004e-05
0.5194632168859243,0.9942923299968243,0.027316288261080297,-0.028900018572122613,0.19478004185057565,0.055582660216735136,-2.387502292899369e-05
0.5177774438634515,0.989976298995316,0.03211171786356428,-0.028902610782428777,0.2145281223092883,0.05370223416654716,-2.387716501453766e-05
0.5085781095549464,0.9820143114775419,0.03587792797148081,-0.028906307491418676,0.2225143882115067,0.053132839322155706,-2.3880219808197026e-05
0.5015833135694265,0.8763449601829052,0.022598869568487827,-0.02890700345535433,0.17305236635069732,0.06482981342044679,-2.3880794921455475e-05
0.13811564724892378,0.8774404674768448,0.024077850210988527,-0.02890726313272793,0.17617433359516466,0.06431462881677248,-2.3881009507147186e-05
0.5094850417226553,0.9613016471266747,0.023052102901772526,-0.028910342203379562,0.15830398135598087,0.0629235160565738,-2.3883553912646702e-05
0.5045537473633885,0.9662547893822193,0.026683948611052354,-0.028916083653792137,0.1948518201006423,0.060450592848070285,-2.3888298389639897e-05
0.28788356576114893,0.8640514751896262,0.029269804474014834,-0.0289170921854943,0.19695543541454405,0.06279962982786638,-2.3889131795065493e-05
0.25474897399544716,0.8825459405779839,0.0258524244456236,-0.028925135698031373,0.18158398838106052,0.05950648442617125,-2.38957785944195e-05
0.29572807531803846,0.8632836202159524,0.028494096171636875,-0.028926497244885954,0.19132553180798584,0.06266398997522692,-2.3896903716055395e-05
0.5024029687047005,0.8749603535979986,0.023071042728861686,-0.028927384879243588,0.1792452644554258,0.06509391357016864,-2.3897637217550147e-05
0.5074420031160116,0.8727906309068203,0.023138222916940735,-0.028928697057557927,0.17906766853418288,0.06580883331083202,-2.3898721543294515e-05
0.0856165960431099,0.37823155149817467,0.028863310968801622,-0.028939803763790718,0.20561579366770363,0.05663162158568557,-2.39078996325334e-05
0.5067726140841842,0.9825145807117224,0.03587265957332017,-0.028940680904734832,0.2254501332477982,0.053090257530133356,-2.3908624463017512e-05
0.5056714275851846,0.9682826260104775,0.028836537196345994,-0.02894072988988489,0.2034191806905165,0.059257713278041746,-2.3908664942179662e-05
0.49791986495256424,0.9941853806376457,0.028095540294701467,-0.028945602578787973,0.1986987388287665,0.0561768121631929,-2.391269151713212e-05
0.1491397898644209,0.8763524666428566,0.02484513813727472,-0.02894662218292204,0.1839154403659026,0.0642720122801646,-2.3913534073038994e-05
0.1423596441745758,0.8782935617491603,0.023804156554005765,-0.028951113517174654,0.1662330781292863,0.06428520858185861,-2.3917245513959648e-05
0.5050529558211565,0.8733104364946485,0.023326637591841927,-0.028951566740246144,0.1817281188387692,0.06555263420759859,-2.391762003758213e-05
0.5071262335404754,0.8804099429398775,0.021578098426207656,-0.028954889654897897,0.14378657484022805,0.06422906913186774,-2.3920365948324267e-05
0.5041689071804285,0.9637424163520336,0.024319788379550934,-0.028955871057538263,0.18062720149815026,0.061822549094416354,-2.3921176936418408e-05
0.06928161438554525,0.37591452430933714,0.028704852798920058,-0.028956988495080042,0.208059804908347,0.056916523376782775,-2.3922100337816146e-05
0.050332726910710335,0.37348676566034555,0.026112702077879493,-0.028959040073239985,0.19741802604303568,0.05804746720463573,-2.392379567214718e-05
0.5179607244208455,0.9995039263740182,0.023267149544952813,-0.02896251928581447,0.1520541730063839,0.0573905187312492,-2.3926670741257333e-05
0.08120697177946568,0.37885652761906385,0.029416441382434343,-0.02896642367854819,0.20538008555881043,0.05659993828111315,-2.3929897161000958e-05
0.333681870251894,0.8657580288127065,0.028187044875287795,-0.028977293977453692,0.19769999334507965,0.061459202644485234,-2.393887990349207e-05
0.3417705986648798,0.8715882292017341,0.02979495986109272,-0.028978062370490262,0.2072491045001104,0.06150795764234937,-2.3939514870203003e-05
0.2997786970809102,0.8826577067375183,0.026925054832100618,-0.028980990081773194,0.18574819779139431,0.05937797491011225,-2.3941934204078967e-05
0.031796736642718315,0.3686700901016593,0.023169147667750134,-0.028982410106505322,0.17401076091834447,0.05909892920125908,-2.3943107651124632e-05
0.2981101116165519,0.8628073986619711,0.028136923201667035,-0.028982442450777662,0.18811022659847587,0.06264301489458149,-2.3943134379033492e-05
0.06896339077502489,0.3649530718103051,0.023904697165715052,-0.02898324041431312,0.18586416060855865,0.057151045138808455,-2.394379378162206e-05
0.14595482125878334,0.8715625796467066,0.02723374634077735,-0.02898801100838777,0.19636145969779903,0.06484026516863965,-2.3947735994763198e-05
0.3430610727518797,0.8744825627654791,0.028420866719837474,-0.02899096957429161,0.1996674335030777,0.06156020971325757,-2.395018082626819e-05
0.5038482313975692,0.965581557713449,0.026101682704499127,-0.028996601465308417,0.19216423894400692,0.06083936089202094,-2.3954834779146793e-05
0.2726619681343436,0.8827029224485159,0.0272238762870496,-0.028997007044957765,0.1875136813558051,0.05949362610817302,-2.3955169932781002e-05
0.5051044812425971,0.9834788981825113,0.035893876342503676,-0.028997084407963072,0.2271517115631059,0.05302662148872114,-2.3955233862252328e-05
0.5088609643280506,0.9707592269405723,0.03127161032086858,-0.02899798146738857,0.2079008036791083,0.057791958142705414,-2.3955975153718483e-05
0.04467999283224344,0.36564487125724554,0.02259186580799913,-0.028999301897474714,0.17731827916673903,0.058116640512549625,-2.395706630059031e-05
0.5107853319495916,0.8728349627926946,0.022981455486464894,-0.029009152034644412,0.1776338686697661,0.06589006322425817,-2.3965206033403952e-05
0.24234773218631744,0.8784007765352726,0.02746887748415278,-0.029015770994551306,0.18244197064975298,0.061159348999805636,-2.397067566058619e-05
0.5145258437842131,0.8750969329848886,0.02215751087526612,-0.02902154582015234,0.17446109534675358,0.06539245949508511,-2.39754477319089e-05
0.5070382952690125,0.9702294087037444,0.03079801952589299,-0.029022086163062344,0.2093822337331073,0.05811119462787419,-2.3975894248448037e-05
0.06470617931336164,0.37479485757648945,0.02801277299685242,-0.029023244950287127,0.20528904950454208,0.057290186098532155,-2.3976851821249264e-05
0.05292288959026337,0.3661945750936866,0.023558823202401418,-0.029027052392982026,0.1803721965684993,0.057802661593518656,-2.3979998131246117e-05
0.3348664650693536,0.8803226677700877,0.026442710203100867,-0.02902721997467437,0.17002265541351844,0.06001963500817621,-2.3980136613693937e-05
0.24442485440522432,0.8678751913830638,0.03048510849893216,-0.029029862618019178,0.20910585368854362,0.0621072769890563,-2.3982320382868867e-05
0.2623705081641674,0.8614905886352062,0.026265041617452526,-0.029033482313973024,0.17500021003617977,0.06358538352009761,-2.3985311547446744e-05
0.1390646081417799,0.9659829866141081,0.023137345895234477,-0.02903778318944672,0.17584821551899893,0.06035998340456033,-2.398886561055414e-05
0.14709396101534367,0.8778683990240097,0.024031557864726372,-0.029038340773444072,0.17406306762234192,0.06421717699510274,-2.3989326374616278e-05
0.5188723774626851,0.991488553583622,0.03072807599247098,-0.02903838175076487,0.20952613639981277,0.05436935157521123,-2.3989360236558228e-05
0.5174607867375016,0.9889564821496606,0.03311737771081605,-0.02903902774000869,0.21828442511659865,0.053396896955238464,-2.3989894055023334e-05
0.3089736569672823,0.8839914165437222,0.02592934504326036,-0.0290397964999943,0.1869287566698659,0.05888545873844152,-2.399052932610239e-05
0.24008431658148766,0.8769350200891495,0.027893346131967124,-0.0290402358816177,0.19146883569017345,0.061617411063222494,-2.3990892412693956e-05
0.5153536070138216,0.8778608925640583,0.021487679376034616,-0.029044729560688595,0.15891766860211018,0.06488351816369584,-2.3994605801346104e-05
0.3408984364941716,0.8702972000464797,0.030014135407656992,-0.029050443706598202,0.20821897996888822,0.061523096331841776,-2.3999327733506232e-05
0.3418731428682804,0.8770316587761045,0.02703272692248225,-0.02905838136087345,0.18655145811308912,0.06133871137869236,-2.4005887081661065e-05
0.14822416380047798,0.9628215124830604,0.02066020095556017,-0.029059842337507944,0.15524726820353624,0.06142471833529815,-2.4007094372299782e-05
0.28044543880969286,0.8819968923926353,0.02784915375238647,-0.029060564995367612,0.18557687401479794,0.05996913935263368,-2.4007691546871948e-05
0.07325522135943174,0.3773785224184394,0.029563259154298936,-0.029062133291431824,0.21095032683272485,0.05663292206335005,-2.4008987521930973e-05
0.13938638102263212,0.8783668838441372,0.02386139823586606,-0.029063227127869747,0.17013317461482164,0.06425629029224739,-2.400989142319641e-05
0.058180928230285645,0.37375699635595083,0.027062592244646598,-0.029065425552123977,0.20118149576047906,0.05770781087086986,-2.401170811030933e-05
0.5128984153270721,0.8735823733732104,0.02276128994421657,-0.029068327077499206,0.17852083330328733,0.0657074832281574,-2.4014105811361535e-05
0.5136809749528766,0.967046114616096,0.02752583020609905,-0.029070355952187193,0.19816167702896523,0.05985212779971157,-2.4015782389951606e-05
0.26281410548835993,0.8837011521682143,0.02588251761240085,-0.02907125296039048,0.18466264127983376,0.05944646809092368,-2.40165236406664e-05
0.28347385209053755,0.8637246787548065,0.02929263977159305,-0.029076784339533174,0.1960565354105117,0.06291322741115034,-2.402109454549348e-05
0.13352447282522917,0.8746904544532299,0.026352307071837052,-0.029078147245670274,0.1941593166358453,0.06440506238883646,-2.4022220795331798e-05
0.5073561919853091,0.9813721654936671,0.0360715889231542,-0.029086984156300167,0.2256113441311876,0.05328952234536312,-2.4029523257601846e-05
0.03953386377543211,0.37391469720751047,0.025685319007621447,-0.029087895926250558,0.19295991499456086,0.058759378890923634,-2.4030276707182157e-05
0.13332076091319323,0.875208044424653,0.026045479091012767,-0.029095521677483468,0.1922443897456443,0.06436170583196255,-2.4036578318434867e-05
0.34321966022253036,0.8758546113967896,0.027625806028396635,-0.0290986106664889,0.19351970220541656,0.06156968121748776,-2.4039130933949695e-05
0.2579605858772993,0.8619051007553935,0.026414548799016602,-0.02910089081239987,0.1777667584737832,0.06341774351267392,-2.4041015154409112e-05
0.5082248458638787,0.9607120985165238,0.023102768318394848,-0.029102908358854082,0.15859617197323306,0.06314257236311897,-2.4042682373391114e-05
0.13611068483442068,0.961720522493124,0.020788491267325192,-0.029109076306756278,0.14723265368711572,0.06180633993989415,-2.4047779317268482e-05
0.14167885575443506,0.8705201121047139,0.027470907180726062,-0.029109914710439843,0.1940932332775669,0.0650976392387708,-2.404847214039622e-05
0.5126717928797007,0.9690246032550931,0.029643545762734133,-0.029111079347500332,0.2060263859311926,0.05869581659358375,-2.404943454971081e-05
0.512918371707201,0.9618020569905639,0.023322279087852067,-0.02911640634622486,0.1666918738177042,0.06262477576268664,-2.4053836568030085e-05
0.07551025506108999,0.3637177823111415,0.02408021279131539,-0.02912141227975277,0.18898161113773806,0.05682136030531967,-2.405797327155648e-05
0.09558751713484526,0.36570615880191326,0.022705623397877232,-0.029122357658369232,0.17889259038309224,0.05798376182576114,-2.4058754494753606e-05
0.2419134760275483,0.869340798817575,0.03100712319911975,-0.029122487598249636,0.21176373079907537,0.0621236782079454,-2.405886187189185e-05
0.5198754472658038,0.9963146364316344,0.02523631591706253,-0.029123465891002315,0.1821709558782742,0.05651690766577452,-2.405967029404458e-05
0.08081863354891539,0.3632248677313328,0.023875175197694675,-0.029125085619923313,0.1854850439396195,0.056830265519835436,-2.4061008773540714e-05
0.10169410519301891,0.36832152400165796,0.022777050149250706,-0.029126291211561593,0.17021863445271157,0.059380975062195945,-2.4062005026514904e-05
0.08809990994632244,0.3638567943125963,0.023329462749413322,-0.029128445426470275,0.18558266386932348,0.05699052107298734,-2.4063785184112762e-05
0.5030428767204285,0.9642935832962394,0.02504308006277882,-0.029128498475807167,0.18572319947250648,0.061551359074179766,-2.406382902197814e-05
0.5092002777382731,0.8808871898800135,0.021560325648764533,-0.029129616223615457,0.14453735495468248,0.06416602446140787,-2.4064752684396064e-05
0.5113549679517746,0.9706704672425985,0.031234932729378793,-0.029130064676454834,0.21036947914357962,0.05777163539673056,-2.40651232680289e-05
0.1516837328672409,0.8749676216393709,0.02618638187505354,-0.029130648151077375,0.19283754706197892,0.06430898040837568,-2.4065605428313217e-05
0.5145273730158806,0.8745164042338729,0.022501338450771197,-0.02913104992353706,0.17711969076767062,0.06551124669443312,-2.4065937437142202e-05
0.14608872216194868,0.8709269929677248,0.027459820232241947,-0.02913239065858519,0.19748513562844885,0.06494311053078636,-2.4067045367449206e-05
0.05936715938150883,0.3740641362965107,0.027465942925608923,-0.029133497699653624,0.2029346487492936,0.05762764657851619,-2.4067960182345886e-05
0.5166487079113722,0.9874255293980241,0.03430162430290022,-0.029138955855072524,0.2224488324273291,0.05301615325150804,-2.407247058625536e-05
0.5009461883455515,0.87849444989115,0.022665689382100243,-0.02913897988080392,0.1594654516768508,0.06443940834050546,-2.4072490440171774e-05
0.08182736951857805,0.3792585236951709,0.029802987316120754,-0.029139026993393557,0.20580482540144346,0.056600885998650534,-2.407252937215692e-05
0.5135159371420741,0.9680635472759604,0.02870407945095164,-0.02914353217413993,0.20300924775087392,0.05924879912770877,-2.4076252276010467e-05
0.15178448520600796,0.875426534563303,0.025903472354826117,-0.029148417923819118,0.19097102032952723,0.06427400444842489,-2.4080289667587063e-05
0.3243344407528639,0.8616256825625896,0.025733526548330787,-0.029152321853250805,0.1731232671101089,0.06226394029533276,-2.4083515721899423e-05
0.49982314463704824,0.9888820247724652,0.03375927125586052,-0.029153226701322688,0.221674356626179,0.053978585960808734,-2.4084263452943223e-05
0.03108293656259775,0.370926808565855,0.024042648816731297,-0.029154654690927356,0.18475051135854403,0.05916174049072243,-2.4085443487721557e-05
0.49874360393732786,0.9906383007764816,0.03224735320981068,-0.029156573741391106,0.21621657543274858,0.05466941807567684,-2.408702931607189e-05
0.053735360503196716,0.3738347049802542,0.027009630324100527,-0.029157654451379623,0.20118602371793493,0.0578574751037582,-2.408792237263584e-05
0.14655484538525343,0.959436384961009,0.019532197087122533,-0.029159185857190604,0.13657911564449013,0.06237493486853074,-2.4089187866688978e-05
0.04603156540542841,0.37434367276728153,0.026557603206288374,-0.029160248612962972,0.19903010737680893,0.05827360784405261,-2.4090066086655935e-05
0.29515912011265755,0.8629691684618592,0.028599479935534564,-0.029163923705250158,0.19055659232187153,0.06281299421530503,-2.4093103039955882e-05
0.27698179986327887,0.8824154054746032,0.027733916909310975,-0.029165078419119323,0.1877618626386596,0.05972464894518138,-2.409405725064457e-05
0.5105272047221661,0.9716946808621287,0.032194774520877566,-0.029167466573773247,0.21239373160660552,0.05721682923601095,-2.4096030728988914e-05
0.5108558936044574,0.9810502845793962,0.03609072335822991,-0.029170891812111646,0.22481989708614922,0.05326365856814626,-2.4098861213290632e-05
0.5036623822525144,0.8800963433459401,0.022286688871493484,-0.029180094201958183,0.1474064008896211,0.06415151464996356,-2.4106465713247083e-05
0.14673785772174597,0.9655449409037828,0.022759615912462915,-0.02918123154199741,0.17437902729781382,0.06045010550123902,-2.4107405567320563e-05
0.13463456090539694,0.8724146569147706,0.027535388556484994,-0.02918355057323541,0.20021958013430724,0.06466074074968885,-2.4109321925656924e-05
0.10049743670970201,0.37211056146770716,0.02422402488715985,-0.029185321894091655,0.18828880529601932,0.05899848098589441,-2.411078567725982e-05
0.5047624334692955,0.969293768517673,0.030220115305548703,-0.029188885361722976,0.20954030279826746,0.05866553718211301,-2.411373039043517e-05
0.13279129844158888,0.8738675275817513,0.027051497871141042,-0.029192443194975017,0.19791100423888713,0.06445843775369839,-2.4116670447880746e-05
0.09124628081917763,0.36440438125282526,0.023227535229775418,-0.0292082690484458,0.18487276365993646,0.057248462253876545,-2.4129748332142234e-05
0.3143805731087923,0.8601617738604546,0.025441428332288435,-0.029210092495793233,0.1714312808244582,0.06311283940668334,-2.4131255160166047e-05
0.33235654700547457,0.8813878688961267,0.02616986229951103,-0.029211430328297178,0.1749357509854875,0.05953715293573315,-2.41323606944739e-05
0.10096236132085323,0.36749548837542534,0.02278682027032196,-0.029218306598219668,0.17160852139942884,0.05916308142457915,-2.413804298519326e-05
0.06493296194821596,0.3753143884241581,0.02871210021374263,-0.029218946690143497,0.20812011497585722,0.0572161811463602,-2.4138571933131397e-05
0.5086601208895445,0.8718458423390985,0.02347823054814667,-0.029223681406685582,0.17911130671323738,0.06611666258094195,-2.4142484525457533e-05
0.07213789690285921,0.36407366022467613,0.02438050763691873,-0.029226172953894815,0.18989608133121405,0.05689267315042403,-2.4144543446922718e-05
0.13259098399430513,0.8762796288356185,0.02553774407521832,-0.029226542086529386,0.1881284185047064,0.06427112410377857,-2.414484848434435e-05
0.09669399540871382,0.3742819679901004,0.026344447544864175,-0.02922719922265928,0.19924623209798026,0.05800445732374408,-2.4145391517105357e-05
0.1457927394658327,0.8787945173680782,0.02391122454663126,-0.02922882322862881,0.1684529289266888,0.0641633081553794,-2.414673353504472e-05
0.5015890747308731,0.8739958051592112,0.023878189804495277,-0.029232367372215594,0.18449654831495121,0.06525840691129875,-2.4149662283289193e-05
0.514583658427,0.96282949578017,0.023874634305360232,-0.02923623773562317,0.17505162207833955,0.062142625782613814,-2.4152860607788733e-05
0.5160345453768969,0.9862487874925137,0.03504887862615851,-0.029236709601893014,0.2250232700066265,0.05283713842406562,-2.4153250540564597e-05
0.5119808921590447,0.9816016862168908,0.03612777254782798,-0.029237864990315846,0.2265031898285441,0.05310450579319843,-2.4154205310706945e-05
0.5150352334603667,0.9655371960252523,0.026122465138965777,-0.029237971634791672,0.19197705268745385,0.06072237729123034,-2.4154293437748234e-05
0.2549076108261943,0.8829403454437852,0.02609590158059505,-0.029238019384626095,0.18453355037126815,0.05943495533162013,-2.415433289644131e-05
0.029980470426380634,0.3682885551825166,0.02353529565318184,-0.029240572040638582,0.1752773019833465,0.05911970075054748,-2.4156442316822648e-05
0.23877026699483395,0.8716718582436442,0.030930497334184497,-0.0292406582114516,0.21158942255120053,0.062221111946060996,-2.4156513525193608e-05
0.5163771593943238,0.8776857806369662,0.021683275566685097,-0.029240850600777933,0.16135329206569402,0.06495437426475001,-2.415667250861379e-05
0.3402843037620187,0.8690020758658648,0.029989271567132,-0.029242785343639638,0.20792352442788464,0.061643656795458794,-2.4158271308571985e-05
0.34381104353815317,0.8722257809713483,0.029742379042055688,-0.029243965931642642,0.20696017003548636,0.06178243361098804,-2.4159246902886432e-05
0.032246400602161884,0.37194286473095417,0.02476032475112961,-0.029249063248785945,0.19021949872846264,0.05907380895872119,-2.4163459137863985e-05
0.13907510973513126,0.8703781235963106,0.027584141795240005,-0.029250262284502206,0.1979926853588575,0.06509644860061892,-2.4164449976869345e-05
0.03696137201040983,0.3658558735623956,0.022796431750814625,-0.029251465105051184,0.17812176512356948,0.058517703099691065,-2.4165443943556128e-05
0.13465206418186426,0.8776935329660773,0.02460464996582965,-0.029253462613622258,0.17917137880661826,0.06421109895270843,-2.4167094611289412e-05
0.24686286598443985,0.8658421942964196,0.029485932849346783,-0.029257196545476327,0.20325645145597945,0.06240772273230055,-2.4170180195719732e-05
0.057269155979156494,0.3657801877707243,0.02415330944746738,-0.02926080681258465,0.1841667294682783,0.05762560771417302,-2.4173163588457092e-05
0.5151672810316086,0.9639717321842909,0.024667581455799927,-0.029262071891196468,0.18284652897274756,0.06157813968920581,-2.4174209003241803e-05
0.1504302565008402,0.8775455662980676,0.024643793407935547,-0.029263841521837496,0.17944333965643836,0.06414927041884014,-2.4175671361470338e-05
0.28673357143998146,0.8820338705554605,0.028009181192331988,-0.02926468006580877,0.18630496405896277,0.06011945106141506,-2.417636430365541e-05
0.2900727279484272,0.8821077644824982,0.027900955696020087,-0.029265060610053902,0.1863130107867606,0.06005437822817923,-2.417667877155986e-05
0.5011653723195195,0.9866168303415179,0.035299532870907854,-0.029267019310859205,0.22702933400823652,0.053390018503810796,-2.4178297370623325e-05
0.04723765887320042,0.37450424302369356,0.02701177533020431,-0.029267501596785497,0.2012536134774355,0.05816350436864829,-2.417869591417545e-05
0.049550535157322884,0.36550287902355194,0.023626214424105178,-0.029267763967933968,0.18325103497254328,0.05776642234089269,-2.4178912728154302e-05
0.34157758578658104,0.8780281031504273,0.026937545917991797,-0.029269590078995513,0.18055103981820714,0.06126624186730377,-2.418042175999523e-05
0.1451416527852416,0.9585560774430633,0.01908961980194328,-0.029274568113133087,0.14027700605556573,0.06257696597816902,-2.418453542697029e-05
0.5115726953372359,0.880853864364326,0.021534894511341943,-0.029275322693514235,0.14713258763850973,0.06417639932795957,-2.4185158984898688e-05
0.5202307216823101,0.995694293640554,0.026010855914452336,-0.029275686014159186,0.18736710552182528,0.05633997548443136,-2.4185459219940675e-05
0.5050196256488562,0.9611046994104981,0.023522987454218092,-0.02927670736662187,0.16509781598758597,0.06297686817558155,-2.4186303228697108e-05
0.23813354596495628,0.8722190856933594,0.030765941548515672,-0.029278380722381033,0.21082344372150744,0.06225729391142181,-2.418768602946438e-05
0.14079297054558992,0.9582002088427544,0.018975220327917406,-0.029278639936391477,0.14075530694485022,0.06268765028202618,-2.4187900234567332e-05
0.2679551187902689,0.883564181625843,0.026864090907867687,-0.029279899874402434,0.19007339734105105,0.059318303419571054,-2.418894140189038e-05
0.15059657022356987,0.8720821952447295,0.02772303637680651,-0.029281966778423384,0.20087830627857506,0.06462706506647231,-2.4190649416897917e-05
0.5099287433549762,0.973317171446979,0.033568317019869176,-0.029286553481850018,0.21597829961109208,0.056354129472781074,-2.419443970370919e-05
0.30283618438988924,0.8615236924961209,0.027349839389448915,-0.029289235345314073,0.1808077589218277,0.06274390893318166,-2.4196655899493728e-05
0.24566996283829212,0.8663934785872698,0.029886000227092403,-0.029293629599151143,0.20557940754220597,0.06237655720524691,-2.420028715364568e-05
0.10031424555927515,0.36698580998927355,0.02281790888352267,-0.029294309944899184,0.17369584530982668,0.058973250994692174,-2.420084936707201e-05
0.15238782204687595,0.8733179429545999,0.02741217785453541,-0.02929573906560791,0.19946235933243373,0.06444150500707276,-2.420203034141839e-05
0.10280406661331654,0.3709634728729725,0.023492843429304612,-0.029303854586975982,0.18208579033297678,0.059563101132139994,-2.420873671956014e-05
0.2637658193707466,0.8611576901748776,0.026492822712218277,-0.02930835233744436,0.17668524857293944,0.06365605863463505,-2.4212453501222433e-05
0.5072213374078274,0.9797458155080676,0.036208670443072306,-0.029316505238082605,0.22674086151062733,0.053709135526249445,-2.4219190770756634e-05
0.25030853413045406,0.8818656420335174,0.02668639243874709,-0.029319781520307186,0.18179077833731608,0.05973427481718263,-2.4221898175285795e-05
0.5053995586931705,0.9711688440293074,0.032063450536665476,-0.029321493401608993,0.2157951315703372,0.057578615639935826,-2.4223312813955794e-05
0.03399775642901659,0.37287828139960766,0.02548778081579111,-0.02932502363633573,0.1944889823035076,0.058962236966397644,-2.4226230076348372e-05
0.32792351208627224,0.8625616133213043,0.02649117484154549,-0.029325621720682715,0.1804665124966308,0.061976971384255626,-2.422672431234503e-05
0.09261040948331356,0.37641442473977804,0.02830051765826946,-0.02932621093415785,0.20686998227213188,0.0571430239290198,-2.4227211217771782e-05
0.5061723552644253,0.9721348155289888,0.03280678261301004,-0.02932856067249946,0.21761649961747193,0.05703635827807119,-2.4229152959513167e-05
0.23705387115478516,0.8748306976631284,0.029331298107333086,-0.029332900998813888,0.20300262678834216,0.06222077682669185,-2.4232739654020088e-05
0.5025322092697024,0.9670027364045382,0.028112081879743206,-0.029334952779896027,0.20202704781973235,0.06005381260435706,-2.423443517460847e-05
0.3450034884735942,0.8752595838159323,0.02811399569090326,-0.029335391725979168,0.19710836221419606,0.061858341119338196,-2.423479790441177e-05
0.3451806204393506,0.8748640865087509,0.028367728502651568,-0.029343612143725092,0.19893848144789955,0.06189070429928816,-2.4241590973094206e-05
0.03606509696692228,0.3736262246966362,0.025974806607129034,-0.029345038536647428,0.19666577862484885,0.058862801251687885,-2.4242769694998607e-05
0.09023751504719257,0.37748355977237225,0.029019711946266447,-0.0293453221358013,0.2090006936997671,0.056826231500789165,-2.4243004051561863e-05
0.5097646592184901,0.9742435729131103,0.034229906158363535,-0.029346826218352162,0.21785696444564046,0.05588450305836139,-2.4244246973558975e-05
0.13564204424619675,0.8710696967318654,0.027896357471959118,-0.029347813553152743,0.20159618152420683,0.06488864849955389,-2.4245062873049532e-05
0.13479939009994268,0.8714260803535581,0.027936612955088102,-0.029348619186641712,0.20201075232985868,0.06480822596030944,-2.4245728620848686e-05
0.49958309065550566,0.8750951085239649,0.023776205355243184,-0.02934966479667904,0.18226191339661857,0.06503060830731403,-2.4246592677034984e-05
0.5079568214714527,0.9787427093833685,0.03606910182773502,-0.029352575430373597,0.22527172541078738,0.054013960223347826,-2.4248997924790842e-05
0.3049217024818063,0.8610768588259816,0.02690289399786186,-0.029352851100540783,0.17849033368298314,0.06279550315938469,-2.424922572916321e-05
0.060702549293637276,0.36542800161987543,0.024424759974855766,-0.029353576576024953,0.18641393414173638,0.05748208002628271,-2.4249825237232778e-05
0.15254239365458488,0.8768286174163222,0.02528766615106851,-0.02935432443633116,0.18506691472281858,0.06416399504213072,-2.4250443243365246e-05
0.030492110177874565,0.37156133726239204,0.024719748104048037,-0.029354792268744684,0.18925776639220784,0.05915149500782769,-2.4250829844048932e-05
0.1489591859281063,0.9615024644881487,0.02082136244320654,-0.029356169439246925,0.14558517027457007,0.061779957286293916,-2.4251967890615913e-05
0.0980022931471467,0.3739749416708946,0.02618833484257894,-0.02935688610425938,0.1985011929938468,0.058277858108232224,-2.425256011807129e-05
0.2779235830530524,0.8627875726670027,0.029002600563819824,-0.029361699538234108,0.19174364798343288,0.06306537581265755,-2.425653777560482e-05
0.299939239397645,0.8831059942021966,0.027238994623875516,-0.02936478487500672,0.18935732878128708,0.059290760069158295,-2.425908739289347e-05
0.3153514815494418,0.8847259525209665,0.026220477119753262,-0.029365528410766263,0.18820117711986734,0.05892552242215702,-2.425970182557084e-05
0.10406502522528172,0.369936041533947,0.0231479701142538,-0.02937346038937525,0.176490609225363,0.05986261311741066,-2.4266256543903794e-05
0.2669881461188197,0.8613230381160975,0.027180204634843278,-0.029374584865130268,0.1806997982912167,0.06346934807981792,-2.426718577268638e-05
0.042659479193389416,0.3749318765476346,0.027029676892404483,-0.029375805112003394,0.1981793538534134,0.058512932144874345,-2.426819414352084e-05
0.49898413475602865,0.8778550764545798,0.023085367580407416,-0.02937819482261931,0.16649388435712623,0.06456690617809298,-2.4270168919829377e-05
