x1,x2,x3,ensemble_ei,ensemble_mu_mean_model,ensemble_sigma_mean_model,ensemble_mu_std_model,ensemble_mu_mean_original_approx
0.9335762364789844,0.77960782404989,0.5190559951588511,3.293107866229646e-06,-0.06107248997826356,0.04849052797452594,0.01994617761237916,-0.06107248997826356
0.976537961512804,0.7753444155678153,0.5214082095772028,3.2844329371179436e-06,-0.06108387866127329,0.04835886561695379,0.01983222922753228,-0.06108387866127329
0.8274265993386507,0.7740993341431022,0.5174514381214976,3.272415273668044e-06,-0.060455232989204785,0.04856527585911137,0.020272882345351476,-0.060455232989204785
0.8917010296136141,0.782506256364286,0.5210137777030468,3.27143075255868e-06,-0.06114677624327536,0.04819769339815476,0.019893312477052432,-0.06114677624327536
0.8063179440796375,0.7813408067449927,0.5172972725704312,3.2702256548120362e-06,-0.06074728598945338,0.04849567121309259,0.020220326249866347,-0.06074728598945338
0.11775155924260616,0.7802487881854177,0.5196852758526802,3.267956199342893e-06,-0.06211033885704567,0.04945845598811628,0.020698990617938944,-0.06211033885704567
0.5593124451115727,0.7772772489115596,0.5198830086737871,3.265444708978399e-06,-0.0606790375353474,0.048532130133609346,0.02029530181621156,-0.0606790375353474
0.035709925927221775,0.7747646616771817,0.5178489992395043,3.264957965717881e-06,-0.06193199897955792,0.04981443680449511,0.020891015466484742,-0.06193199897955792
0.4998352974653244,0.776636534370482,0.5194978201761842,3.2639260995736667e-06,-0.06077567780597815,0.048690204565096484,0.020298562409897143,-0.06077567780597815
0.5944771636277437,0.7776372535154223,0.5177739365026355,3.2638310135569756e-06,-0.060529533748485145,0.04860671777445903,0.02040715471135821,-0.060529533748485145
0.6953731365501881,0.7783905966207385,0.5214904267340899,3.2618285799399947e-06,-0.060674538503837076,0.04819040374761767,0.02022732996824233,-0.060674538503837076
0.9215483805164695,0.7726984033361077,0.5220732800662518,3.2606989388311563e-06,-0.06080927003080143,0.0481940378303398,0.019910796064831603,-0.06080927003080143
0.7569393301382661,0.7718538651242852,0.5182214127853513,3.258140014501011e-06,-0.060239516512826566,0.04848597731504409,0.020372793348415404,-0.060239516512826566
0.4099966725334525,0.7782172271981835,0.5210890471935272,3.2572877868861833e-06,-0.06120878269039004,0.04874978886890322,0.020243990993430692,-0.06120878269039004
0.26113630179315805,0.7790313670411706,0.5172523939982057,3.2542664715412557e-06,-0.061549697640575364,0.049237388696998945,0.020658683850963117,-0.061549697640575364
0.08051548805087805,0.7830862300470471,0.517759925685823,3.2538679879213807e-06,-0.06218593857917369,0.04963839081179607,0.020757462103165605,-0.06218593857917369
0.9502903642132878,0.7880065506324172,0.519454007036984,3.253635768912989e-06,-0.061424488188908624,0.04829015106183733,0.01972018753034499,-0.061424488188908624
0.6445812685415149,0.7760622082278132,0.5160482628270984,3.250192024998943e-06,-0.060301518783034774,0.04862208767218026,0.02051621545728187,-0.060301518783034774
0.13684223499149084,0.7734583066776395,0.5219335630536079,3.2497354750298596e-06,-0.06186775644851721,0.049238672624398135,0.020643736386373755,-0.06186775644851721
0.1918475516140461,0.7722505135461688,0.5205217730253935,3.2496232832971528e-06,-0.06159940087820328,0.04918763807527251,0.020655919393694405,-0.06159940087820328
0.2448877776041627,0.7819815771654248,0.5215965937823057,3.2488081931844436e-06,-0.061931890385051175,0.04899488679634098,0.020435656593027537,-0.061931890385051175
0.5726314289495349,0.7845006315037608,0.519731942564249,3.2469965964958026e-06,-0.06094413818512999,0.04844174913559522,0.02018675366896785,-0.06094413818512999
0.8772753113880754,0.7758418284356594,0.5234648389741778,3.246491351516489e-06,-0.060896411365847544,0.047964553775046624,0.019914342732335596,-0.060896411365847544
0.10621197707951069,0.7730342550203204,0.5167900687083602,3.244253257989182e-06,-0.06163999919236265,0.04957377226484575,0.02093162976194971,-0.06163999919236265
0.7688372554257512,0.7803311264142394,0.5231386516243219,3.242253615542265e-06,-0.06087295464480668,0.047939122384790284,0.020056466584514016,-0.06087295464480668
0.7152058631181717,0.7700107069686055,0.5186485769227147,3.2419053502851583e-06,-0.06010559599125388,0.04843864195283364,0.02040859448275052,-0.06010559599125388
0.014100536704063416,0.7873658360913396,0.5197784136980772,3.241385752854698e-06,-0.06253599081728825,0.04974999262278903,0.02056342078489355,-0.06253599081728825
0.3840000834316015,0.7851415956392884,0.5191634735092521,3.2403324485137095e-06,-0.06147579683539983,0.04886890321341162,0.020264217717311815,-0.06147579683539983
0.7216133894398808,0.7832441059872508,0.5156493009999394,3.2391590651718985e-06,-0.060611130172944366,0.04852203589684252,0.020368569190845537,-0.060611130172944366
0.8537776824086905,0.7818809561431408,0.5144212665036321,3.2389441547895553e-06,-0.060711524064041615,0.048638693248527494,0.020234275168562944,-0.060711524064041615
0.9889830341562629,0.7839849703013897,0.5238628508523107,3.2345514291686873e-06,-0.06153991164588696,0.04792063707531755,0.019599377271366583,-0.06153991164588696
0.695201032795012,0.7754007279872894,0.5147586790844798,3.2342665556367363e-06,-0.06018165537774081,0.0486315448142274,0.02056254580414833,-0.06018165537774081
0.20325718820095062,0.7809108169749379,0.5157265970483422,3.234192103006533e-06,-0.061698545156646294,0.04936160552530926,0.0207948608290644,-0.061698545156646294
0.2804807545617223,0.7703462457284331,0.5202163215726614,3.233879219342239e-06,-0.06120793805699318,0.04901365541813425,0.020524103404898953,-0.06120793805699318
0.521839577704668,0.7860956741496921,0.5179290594533086,3.233040675822255e-06,-0.06101965310285026,0.04863872436419696,0.020216622077058523,-0.06101965310285026
0.33534874580800533,0.7754822904244065,0.5232162177562714,3.2325296901729322e-06,-0.061423883953324036,0.04868897800836733,0.02026364059793935,-0.061423883953324036
0.45821250323206186,0.7855159202590585,0.5214269813150167,3.2298901407916374e-06,-0.061340227367790164,0.04852562041328736,0.020079029551436745,-0.061340227367790164
0.7779815196990967,0.7735589407384396,0.5143312318250537,3.2280864263591036e-06,-0.060141408056498716,0.04865969110499748,0.020497454239023143,-0.060141408056498716
0.1287135500460863,0.780356390401721,0.5150477970018983,3.2271808344049897e-06,-0.06181366391851228,0.049539747621461114,0.020914417367797332,-0.06181366391851228
0.3725769957527518,0.7861359873786569,0.5173424324020743,3.226268884323877e-06,-0.06145030045954744,0.04896530930926228,0.020344587256369416,-0.06145030045954744
0.6253512641415,0.7694084392860532,0.5209655500948429,3.2249504274566625e-06,-0.06018609740422343,0.04828353061810606,0.020321739217034472,-0.06018609740422343
0.6728564193472266,0.7839053422212601,0.5150920795276761,3.2243676285697956e-06,-0.06058242795305955,0.04854947566864757,0.020411526311211205,-0.06058242795305955
0.9766414696350694,0.7801634110510349,0.5126398904249072,3.2239864496218283e-06,-0.060871283208673084,0.048878203558057394,0.020109946614200867,-0.060871283208673084
0.6864486802369356,0.7867770148441195,0.5218858160078526,3.223939022795512e-06,-0.06099928831614125,0.04799865574322846,0.020045642944826598,-0.06099928831614125
0.8801693227142096,0.7892096424475312,0.5162264136597514,3.2228415372404312e-06,-0.061120097872256016,0.04840579059070894,0.019925398972955533,-0.061120097872256016
0.2827383726835251,0.7838237965479493,0.5231221374124289,3.2222511897008337e-06,-0.06193387529674184,0.04874630528076719,0.020271611357442924,-0.06193387529674184
0.959612850099802,0.7896279338747263,0.5155629320070148,3.221449430654368e-06,-0.06131694971005055,0.048538519084234816,0.019796712520066564,-0.06131694971005055
0.8389659430831671,0.7673444384709001,0.5202932469546795,3.221127844327969e-06,-0.06020373778016712,0.048304287789167066,0.020147728841913667,-0.06020373778016712
0.31563045270740986,0.769011571072042,0.5184210082516074,3.2197929280669425e-06,-0.06091229284373295,0.04903767124733119,0.020550236575069714,-0.06091229284373295
0.4292264385148883,0.771038911305368,0.5161183616146445,3.2192526693299977e-06,-0.06049764397315547,0.048961301649474064,0.02051373086464909,-0.06049764397315547
0.44383165426552296,0.7806448806077242,0.5238780388608575,3.218956693514844e-06,-0.061297683111144134,0.04835765208457476,0.020055903575957927,-0.061297683111144134
0.6141952183097601,0.7706420989707112,0.5226225592195988,3.21825598502669e-06,-0.060339601091721776,0.04813787770805009,0.0202349537985306,-0.060339601091721776
0.02855768334120512,0.7787940036505461,0.5251589203253388,3.2176283283449687e-06,-0.06244758331753302,0.04932981034768395,0.020485453763879866,-0.06244758331753302
0.33645838033407927,0.7783538866788149,0.5144979665055871,3.217064270071519e-06,-0.061094925409437596,0.04916473901618065,0.02066812706348526,-0.061094925409437596
0.9879478365182877,0.7662205928936601,0.5165596352890134,3.2165610659987513e-06,-0.060359695579297885,0.048753185769726516,0.020037287981032288,-0.060359695579297885
0.794900432229042,0.7904970431700349,0.5202004108577967,3.2154209200589656e-06,-0.06113797889854065,0.04800764135984714,0.019887696201643597,-0.06113797889854065
0.8329649223014712,0.7722872365266085,0.5135295512154698,3.212112383260367e-06,-0.060125612910889296,0.04870425170469878,0.020437878822708828,-0.060125612910889296
0.47305669728666544,0.7707274295389652,0.5155764585360885,3.210808772998622e-06,-0.060299809715220955,0.048885195085825436,0.02052335329079581,-0.060299809715220955
0.0016287509351968765,0.1528492635115981,6.864592432975769e-05,3.210139856649439e-06,-0.12834156252855616,0.04435858813148147,0.046939633071916384,-0.12834156252855616
0.9060862269252539,0.7655414957553148,0.5179444747045636,3.20505400746186e-06,-0.06014397443581414,0.048512724507850866,0.020117711045645314,-0.06014397443581414
0.14886985253542662,0.7670086501166224,0.5189696913585067,3.203996597276111e-06,-0.061320749631303045,0.049283941671233074,0.020797576398637538,-0.061320749631303045
0.5399682307615876,0.7680714474990964,0.5168656827881932,3.202517009837443e-06,-0.06002763958861486,0.04867096000327839,0.020478112513579977,-0.06002763958861486
0.06849549245089293,0.7896064547821879,0.5226693525910378,3.202457191425577e-06,-0.06261059397769686,0.0492808699237291,0.020370913054421753,-0.06261059397769686
0.16284616850316525,0.7881990494206548,0.5160600012168288,3.201786646525884e-06,-0.06205627057948214,0.04934968328499293,0.020665498524570836,-0.06205627057948214
0.8492796523496509,0.7887789672240615,0.5232887677848339,3.200259636871048e-06,-0.06129816023497612,0.04770922186195459,0.019732055845512585,-0.06129816023497612
0.23298199195414782,0.7908325819298625,0.5185713777318597,3.199621463917025e-06,-0.06207569749633678,0.049054357901964274,0.02039838155638248,-0.06207569749633678
0.15807455126196146,0.770803265273571,0.5243245800957084,3.199020183298481e-06,-0.06176579726015705,0.048917283379998275,0.020510529578316263,-0.06176579726015705
0.06169530749320984,0.7726016268134117,0.5139292618259788,3.197949765555545e-06,-0.061503683889622074,0.04970588759921391,0.0211023320911625,-0.061503683889622074
0.8661192357540131,0.7778729535639286,0.5257360143586993,3.1967864651585306e-06,-0.06101163035701684,0.04757898175942767,0.019825420438783294,-0.06101163035701684
0.3697347044944763,0.7727661170065403,0.5247524445876479,3.1938687030750388e-06,-0.0612127803716065,0.04842282144507893,0.02013997213814817,-0.0612127803716065
0.7409652257338166,0.7923793392255902,0.5206273216754198,3.1920648576293067e-06,-0.06111840574483114,0.04789524965808316,0.019881470098069346,-0.06111840574483114
0.5501146912574768,0.778314046561718,0.5129443136975169,3.1917012482257213e-06,-0.06032676069415256,0.04878252630102724,0.020603126009242384,-0.06032676069415256
0.5869808495044708,0.773846447467804,0.525112452916801,3.1909311803833953e-06,-0.060637486660702684,0.04787603554384647,0.020090541343573798,-0.060637486660702684
0.4800028093159199,0.7677358528599143,0.5223930831998587,3.189368358672392e-06,-0.06045091244829773,0.0484007007969079,0.020171328799795427,-0.06045091244829773
0.5918538114055991,0.7912440495565534,0.5167754692956805,3.187584446482745e-06,-0.06095693562386064,0.04841753312924012,0.020131969882155702,-0.06095693562386064
0.29959222208708525,0.7750153932720423,0.525569380261004,3.186780934266515e-06,-0.061596613812153984,0.04846584453864087,0.020215495554829068,-0.061596613812153984
0.5468215998262167,0.7820492833852768,0.5252675758674741,3.1860580082696326e-06,-0.06109350635307654,0.04789642969994541,0.019973569153871662,-0.06109350635307654
0.001577344723045826,0.7825467642396688,0.5130528649315238,3.185176690971307e-06,-0.06198568280802152,0.049928457112539106,0.021000304083431856,-0.06198568280802152
0.9065218288451433,0.7658025417476892,0.515163672156632,3.1833771371056935e-06,-0.06000521218670182,0.04866182811375536,0.02023690413447904,-0.06000521218670182
0.1166953993961215,0.7753038909286261,0.5128977382555604,3.182987727072691e-06,-0.06145202345396849,0.04952773737854412,0.021097794012696493,-0.06145202345396849
0.2953301938250661,0.7868137080222368,0.514343804679811,3.181254638786425e-06,-0.06153667085624017,0.049134708928290936,0.020596317401649772,-0.06153667085624017
0.10533803422003984,0.7868905048817396,0.5250698467716575,3.1797096561177127e-06,-0.06255111436422627,0.04894898265490157,0.020326367449001292,-0.06255111436422627
0.42245597019791603,0.7889248747378588,0.5235436921939254,3.1794859195799457e-06,-0.061620849191952536,0.04829198804998382,0.019931867868454807,-0.061620849191952536
0.6667382624000311,0.7937283040955663,0.5189827485010028,3.17923529575757e-06,-0.061049922450262445,0.04806454434537483,0.01995079102210233,-0.061049922450262445
0.30257849767804146,0.7927759876474738,0.5182661795988679,3.179098214246073e-06,-0.0618881332788828,0.04887564055194009,0.020244235098202945,-0.0618881332788828
0.31657337862998247,0.7823755983263254,0.5256594186648726,3.1782258985364256e-06,-0.0618468005184058,0.04837693354690332,0.020119017987182974,-0.0618468005184058
0.40371073968708515,0.791579901240766,0.52199786901474,3.1779852014377656e-06,-0.06169121635155364,0.04842930825769845,0.019950796852956552,-0.06169121635155364
0.047608089633286,0.7658240078017116,0.5228196512907743,3.1763548445326794e-06,-0.06165802258807199,0.04934372820807633,0.020665901725947265,-0.06165802258807199
0.8612998863682151,0.7957551339641213,0.5183106688782573,3.1736232198968207e-06,-0.06129230844286437,0.04797749359365486,0.01965433989469589,-0.06129230844286437
0.23943707719445229,0.7887537162750959,0.5146488389000297,3.1733473187091323e-06,-0.06177840771735196,0.049186171096079825,0.02062381506053557,-0.06177840771735196
0.09056718181818724,0.7649005427956581,0.5212822537869215,3.173293357257905e-06,-0.06143991194563373,0.04927577183587362,0.020725493715140732,-0.06143991194563373
0.3533548517152667,0.7933925157412887,0.5203675627708435,3.1732914269912143e-06,-0.06182981719144234,0.04862123507398457,0.0200448826593841,-0.06182981719144234
0.9052398493513465,0.787451196461916,0.5123055400326848,3.1710826257080026e-06,-0.06090301882472228,0.048595935682275035,0.02007228543754594,-0.06090301882472228
0.4181939382106066,0.7772986982017756,0.5122267911210656,3.1689480701424404e-06,-0.06059429056146569,0.04900979520548633,0.020674998325794114,-0.06059429056146569
0.7500169929116964,0.785339493304491,0.5255818488076329,3.1687074584834237e-06,-0.06108348679098015,0.04746336021201088,0.01988385151474189,-0.06108348679098015
0.1164911650121212,0.16039358731359243,0.00046283937990665436,3.1674604895715904e-06,-0.12791960252418735,0.043384314173653495,0.04733740262211672,-0.12791960252418735
0.8112336350604892,0.7678493354469538,0.5245852889493108,3.1665692829683116e-06,-0.0603205881177475,0.04776798399828701,0.02000890047068863,-0.0603205881177475
0.5680647846311331,0.7854191139340401,0.5128552364185452,3.166382959675353e-06,-0.06057936039168417,0.048674357042622754,0.02046854295853513,-0.06057936039168417
0.8040940016508102,0.7643604297190905,0.5218002162873745,3.1625342817564707e-06,-0.059980567195438955,0.04807916978504432,0.020135794120549593,-0.059980567195438955
0.46371665969491005,0.7844791952520609,0.5126248067244887,3.1614431718811645e-06,-0.060786415642644955,0.04888149090020597,0.02050446430621956,-0.060786415642644955
0.6201275242492557,0.7677763905376196,0.5138823734596372,3.160122127748834e-06,-0.05967105071946732,0.048599932304793,0.02066309500086622,-0.05967105071946732
0.9403907060623169,0.7831877879798412,0.5107066668570042,3.1588570039178694e-06,-0.06074481086348173,0.048741928367209676,0.02017663663882156,-0.06074481086348173
0.6436250545084476,0.7899202164262533,0.5243700472638011,3.15864042322032e-06,-0.06116163055407986,0.047639851837483545,0.019862084140196617,-0.06116163055407986
0.9269577702507377,0.7978012356907129,0.5199270490556955,3.158469207895571e-06,-0.06154217943801104,0.04778075707717283,0.019403269387173697,-0.06154217943801104
0.17437811382114887,0.7953582657501101,0.5209160223603249,3.157691286895564e-06,-0.0624045606298673,0.04889972227116039,0.020221146359490454,-0.0624045606298673
0.22807970829308033,0.776858588680625,0.5269732857123017,3.1567251721487983e-06,-0.06194380721875485,0.04842354078307534,0.020267073460755663,-0.06194380721875485
0.5168550563976169,0.7721198629587889,0.5261287139728665,3.1560446952780004e-06,-0.0607247055629056,0.04787349957468548,0.020003154778997365,-0.0607247055629056
0.9258662816137075,0.7746631167829037,0.5103687364608049,3.1552492174021607e-06,-0.060277161972331295,0.048791816877963266,0.020356226952746203,-0.060277161972331295
0.2664622366428375,0.7693078480660915,0.5133625036105514,3.155137127867154e-06,-0.06074946530740093,0.04917628834896617,0.02090178504112013,-0.06074946530740093
0.9621959114447236,0.7964055994525552,0.5224105510860682,3.153808764913136e-06,-0.061695151585385764,0.04760740531961482,0.019319429825008567,-0.061695151585385764
0.0834265947341919,0.7692320048809052,0.5260817250236869,3.1529713748331313e-06,-0.06190710932317782,0.04893013174174753,0.020487077501768765,-0.06190710932317782
0.438860428519547,0.7941342955455184,0.516517617739737,3.1527964285559986e-06,-0.06137246750083955,0.048641711323427546,0.02007373499211642,-0.06137246750083955
0.5669590076431632,0.7636392097920179,0.5193489762023091,3.1499225164532165e-06,-0.05979496488105637,0.04837257694458794,0.020358044400318537,-0.05979496488105637
0.025517810136079788,0.7960700048133731,0.5169439325109124,3.1494907771504872e-06,-0.06251634149131796,0.04956518529923769,0.02040717833186814,-0.06251634149131796
0.6403244454413652,0.7703209649771452,0.5121252285316586,3.148119485207848e-06,-0.05969084186311363,0.048613510415029745,0.0207378325230285,-0.05969084186311363
0.7245557326823473,0.7659699227660894,0.524035875685513,3.1478401031053735e-06,-0.060059342975431494,0.04781853481657812,0.020147973472810037,-0.060059342975431494
0.11558865197002888,0.7972212433815002,0.5193359116092324,3.14588008925189e-06,-0.062484986395113344,0.04910328014129943,0.020257218188388163,-0.062484986395113344
0.238330346532166,0.7637807503342628,0.5175543045625091,3.1444428768599786e-06,-0.06076596331309792,0.04905621923277356,0.020726322859497392,-0.06076596331309792
0.9472942966967821,0.7702480126172304,0.5267992438748479,3.1437068029174294e-06,-0.060843559208071184,0.04746322341670942,0.019680218428926345,-0.060843559208071184
0.8206463726237416,0.791983300819993,0.5246745450422168,3.143042806055464e-06,-0.06133334720819317,0.04736521563335782,0.019632315698006008,-0.06133334720819317
0.6087178876623511,0.7767190039157867,0.5109182093292475,3.142780526068553e-06,-0.05999072375928461,0.048649179628867445,0.020731417908657505,-0.05999072375928461
0.5501968627795577,0.1573836738243699,4.9620866775512695e-05,3.1420969664916244e-06,-0.13021835106844348,0.03990599633999994,0.04776194879926718,-0.13021835106844348
0.5135544510558248,0.7915393467992544,0.5140362409874797,3.142033550927952e-06,-0.060953918412446614,0.04862883099615788,0.020230763841738622,-0.060953918412446614
0.5019992142915726,0.7945308806374669,0.5227163452655077,3.141364069623121e-06,-0.061457880898930756,0.048010940366698805,0.019756478504633353,-0.061457880898930756
0.6695633167400956,0.7798758968710899,0.5272625116631389,3.139940951935664e-06,-0.06088259891213184,0.047351687028404955,0.019967323162070255,-0.06088259891213184
0.04246530309319496,0.7795834969729185,0.5110872089862823,3.1385099627435124e-06,-0.06164025319832808,0.04969913009623737,0.02115336387541367,-0.06164025319832808
0.9963597627356648,0.7729984987527132,0.5096757747232914,3.1375737887514068e-06,-0.06034401677257794,0.04892723448291078,0.02027510897106429,-0.06034401677257794
0.7918894281610847,0.7765230499207973,0.5275493878871202,3.1375315090546593e-06,-0.060825033644553494,0.0472589245460919,0.019892772695603474,-0.060825033644553494
0.38278322108089924,0.7630592174828053,0.5200013723224401,3.1355759423844063e-06,-0.06035229101308149,0.048686984839794015,0.020329943557602675,-0.06035229101308149
0.1556938923895359,0.7844024058431387,0.5273066898807883,3.133571902651802e-06,-0.062420384267079694,0.04851526010588971,0.02025061725957829,-0.062420384267079694
0.984199502505362,0.15848765056580305,0.5181624135002494,3.132892177240743e-06,-0.08046033645960093,0.05181715250766621,0.023308965528394145,-0.08046033645960093
0.9494430162012577,0.764986858703196,0.512764391489327,3.132458565657394e-06,-0.059911016462969445,0.04875542361881971,0.020254747473747076,-0.059911016462969445
0.39311021473258734,0.7944455333054066,0.5152432331815362,3.1323166279846397e-06,-0.06144946363016259,0.04874978726984955,0.02017359159778659,-0.06144946363016259
0.35819512978196144,0.7795401085168123,0.527594543993473,3.13081145851421e-06,-0.061636733661318034,0.04801150959522367,0.019994769749610973,-0.061636733661318034
0.4845960410311818,0.7776730228215456,0.5106594040989876,3.128604931314429e-06,-0.06027318802589356,0.04883961427422258,0.02070570428019037,-0.06027318802589356
0.9256096985191107,0.1620215130969882,0.5204707439988852,3.127780969109918e-06,-0.08036145193511011,0.05161191810136812,0.023150020716116115,-0.08036145193511011
0.2101966431364417,0.7948904111981392,0.5239262664690614,3.1259833916150685e-06,-0.062409726565054564,0.048534078209043756,0.020073263307257862,-0.062409726565054564
0.8731297571212053,0.790812099352479,0.5115870255976915,3.1221187916406426e-06,-0.060853666492326715,0.0484437797949295,0.02004915950286041,-0.060853666492326715
0.9135820735245943,0.16848452109843493,0.5175142670050263,3.1208759111420275e-06,-0.07932003630786157,0.05147568283894131,0.02270715974836545,-0.07932003630786157
0.7788279140368104,0.7985089216381311,0.5159492967650294,3.1207928814895314e-06,-0.06104338469312677,0.04792792213516326,0.019767975280527823,-0.06104338469312677
0.8312437040731311,0.1664878325536847,0.5192370796576142,3.120304513604439e-06,-0.07954268544372778,0.051439807726896075,0.022706039840635454,-0.07954268544372778
0.5250863963738084,0.7850591093301773,0.5110113434493542,3.1186006128357985e-06,-0.06051195474110013,0.048714982332902126,0.020549200714092813,-0.06051195474110013
0.7141171088442206,0.7872828617691994,0.5268635498359799,3.1185919894234514e-06,-0.06113109151632546,0.04720759353918317,0.019818879716612534,-0.06113109151632546
0.03472248278558254,0.7920350581407547,0.5262355888262391,3.1177469858459347e-06,-0.06281578995447504,0.048956433132877425,0.020146220969919155,-0.06281578995447504
0.3498266991227865,0.7924799434840679,0.5134517559781671,3.1172717051830696e-06,-0.06143715302470167,0.048898038842854916,0.02038370574865477,-0.06143715302470167
0.9425678998231888,0.15363414119929075,0.5201373398303986,3.1165636662352355e-06,-0.08110795088526293,0.05176285446774416,0.02370996201177051,-0.08110795088526293
0.8265792680904269,0.7979697221890092,0.514797474257648,3.115095660282389e-06,-0.06106494918667232,0.048030651340802095,0.01975008608984424,-0.06106494918667232
0.8398687476292253,0.7847381941974163,0.5276995040476322,3.1149182658360225e-06,-0.0612339369635225,0.047069483042137227,0.01969001629331812,-0.0612339369635225
0.4190412862226367,0.7991017065942287,0.5180548066273332,3.1147046590428074e-06,-0.06157364199209853,0.048393756509955026,0.019851514674398156,-0.06157364199209853
0.32504850532859564,0.7699243761599064,0.5114804040640593,3.1139775532518017e-06,-0.06043669232032015,0.049055282913938326,0.02088465295255462,-0.06043669232032015
0.7832918735221028,0.7953215260058641,0.5133747262880206,3.111445265065228e-06,-0.06086337419340067,0.04817088349711742,0.019983573216911635,-0.06086337419340067
0.055726056918501854,0.7624805523082614,0.523560076020658,3.1097641577399914e-06,-0.061448117746900094,0.049139642409772734,0.020616512837504253,-0.061448117746900094
0.16395196225494146,0.7643361343070865,0.5142052760347724,3.1096264090144057e-06,-0.060781685010248304,0.04923341909074235,0.021026310311589143,-0.060781685010248304
0.9956091465428472,0.16713460255414248,0.5229496955871582,3.108363166948949e-06,-0.08032127660038428,0.051580837298664084,0.022811188887483326,-0.08032127660038428
0.6940952390432358,0.8004803862422705,0.5174760473892093,3.1080751589093604e-06,-0.06105399226389166,0.047781397261479376,0.01972347552409627,-0.06105399226389166
0.6078552808612585,0.7997426595538855,0.521331774070859,3.106469740050819e-06,-0.06124768792449007,0.0476629561848035,0.01962649711866814,-0.06124768792449007
0.8996066590771079,0.1513067064806819,0.5184993827715516,3.1063200490675433e-06,-0.08099577046869143,0.051743052284380656,0.023829719716847095,-0.08099577046869143
0.18504738714545965,0.7904155105352402,0.512170591391623,3.1058653721750774e-06,-0.061780872429124514,0.04920261254488123,0.02075407656107333,-0.061780872429124514
0.7587517537176609,0.767029145732522,0.5114357806742191,3.1055478778867292e-06,-0.05947642893100219,0.04857652203205066,0.02067782430661525,-0.05947642893100219
0.3888254100456834,0.7672614715993404,0.52638656552881,3.1053966638845385e-06,-0.06086332030212836,0.048077413390293436,0.020015924212176142,-0.06086332030212836
0.5678913006559014,0.1499771559610963,0.0003877934068441391,3.1046856886321456e-06,-0.1308565876127747,0.03955151518746344,0.04774737093678476,-0.1308565876127747
0.04367559030652046,0.15906757954508066,0.5206990279257298,3.104519485511946e-06,-0.07823568569776138,0.05141415662479927,0.021000601605638932,-0.07823568569776138
0.8327762447297573,0.16701130848377943,0.0005758535116910934,3.1042884602126863e-06,-0.13047636324327697,0.03817972055477297,0.04785376832840469,-0.13047636324327697
0.009213238023221493,0.7696072980761528,0.5281764324754477,3.1041811624331806e-06,-0.06212640863368758,0.04895488440062294,0.020403634632746227,-0.06212640863368758
0.9777472466230392,0.8040187228471041,0.5176110742613673,3.104161691133846e-06,-0.061616831162415925,0.04768775052438737,0.019139168079190465,-0.061616831162415925
0.34966829512268305,0.14712775964289904,0.00052654929459095,3.1039591182129445e-06,-0.13001242750183628,0.04130848088460178,0.04745339774779778,-0.13001242750183628
0.2177034206688404,0.7978681325912476,0.5234300121665001,3.103752625273126e-06,-0.062400652728887056,0.04844602596454389,0.01998776750844512,-0.062400652728887056
0.1100910110399127,0.16138072405010462,0.5189104499295354,3.1025016081184646e-06,-0.07775992708462881,0.05116900255108913,0.020905022587276792,-0.07775992708462881
0.25552491564303637,0.7999007068574429,0.5217827409505844,3.1017377859561444e-06,-0.06225232179839022,0.04842226859536294,0.01993460156859486,-0.06225232179839022
0.14096536301076412,0.1668234458193183,0.5196300763636827,3.1014302909761687e-06,-0.07740059010000071,0.0510071698644446,0.02062624624797884,-0.07740059010000071
0.6021382948383689,0.16402251180261374,0.5207766126841307,3.1009034295541555e-06,-0.07917274917523946,0.05141222497066217,0.021792173947592138,-0.07917274917523946
0.730596967972815,0.7623670678585768,0.523326713591814,3.100242131331377e-06,-0.05977978546814607,0.047828074008338675,0.020160757865600173,-0.05977978546814607
0.26652885135263205,0.16999095398932695,0.0008645392954349518,3.100167139120081e-06,-0.1275648692032089,0.042270125035109025,0.04748906943082212,-0.1275648692032089
0.6332568395882845,0.16445437911897898,0.5175890335813165,3.1000204575224215e-06,-0.07878755739396422,0.0513762592440593,0.021923166551339336,-0.07878755739396422
0.8197041293606162,0.15925613325089216,0.5221401508897543,3.09992960927605e-06,-0.08056278176162833,0.0515150041706689,0.023169829283002832,-0.08056278176162833
0.27359470911324024,0.787618400529027,0.5275004636496305,3.0997399504400226e-06,-0.06217630239325287,0.04809622566825546,0.020024774231809712,-0.06217630239325287
0.6876508379355073,0.16276205237954855,0.5170467561110854,3.099434439356843e-06,-0.0790634915229243,0.05141492127623679,0.02231667984313818,-0.0790634915229243
0.4710301151499152,0.7645063465461135,0.524963847361505,3.0994002191063225e-06,-0.06034875618127883,0.04803220161461812,0.020020037206030253,-0.06034875618127883
0.7767428904771805,0.1608521295711398,0.5163747509941459,3.099085201342453e-06,-0.07945643250716845,0.0514705518247412,0.02285452731896984,-0.07945643250716845
0.7648447342216969,0.16977561730891466,0.5213527679443359,3.09880422738971e-06,-0.07931997832585433,0.05130177043386645,0.02230896455802743,-0.07931997832585433
0.9492169506847858,0.17572416923940182,0.5190211767330766,3.0979101525971515e-06,-0.0789006338240053,0.05136177363744063,0.022262946167114123,-0.0789006338240053
0.19884701911360025,0.7674259543418884,0.5118364235386252,3.097471830951395e-06,-0.060703575570685474,0.049183071880532926,0.02109707458364285,-0.060703575570685474
0.9492692975327373,0.17437653243541718,0.00036001019179821014,3.096903596465472e-06,-0.1301004135653039,0.03793072507564205,0.04785480445593419,-0.1301004135653039
0.4179621506482363,0.16344283241778612,0.518484060652554,3.0966265906155992e-06,-0.07821583773216646,0.051317002797069404,0.020912341707247727,-0.07821583773216646
0.93446359410882,0.7929738480597734,0.5264660222455859,3.0962356185251947e-06,-0.0616389193225946,0.047053408118862654,0.01935091743128314,-0.0616389193225946
0.006195795722305775,0.15427515003830194,0.5187603337690234,3.095949411036977e-06,-0.07838958075536223,0.051575177775765306,0.021172682669149356,-0.07838958075536223
0.6343249119818211,0.7648175777867436,0.5254281656816602,3.0958033301242793e-06,-0.06002011831186816,0.04762877394931941,0.020098675728999378,-0.06002011831186816
0.8652471415698528,0.3438994698226452,0.5199113301932812,3.095724111797751e-06,-0.07165934417459018,0.04804096893782307,0.021601667051703275,-0.07165934417459018
0.7074833335354924,0.17164938244968653,0.5199498906731606,3.0954861411079144e-06,-0.07875036637257031,0.05124837205686608,0.0219239838391594,-0.07875036637257031
0.49296471383422613,0.7901241593062878,0.5267858216539025,3.0949135390424472e-06,-0.061497542300099635,0.04760312602947254,0.019721949589571675,-0.061497542300099635
0.09855167474597692,0.16814897116273642,0.5217448491603136,3.094409773949734e-06,-0.07756645773188231,0.05105101812592,0.020601498722129456,-0.07756645773188231
0.6522226091474295,0.7789336368441582,0.5092297289520502,3.0941787164423344e-06,-0.05992525954478,0.04853063396354309,0.020762912112307404,-0.05992525954478
0.32335208263248205,0.1648509530350566,0.5211556944996119,3.0939412584980068e-06,-0.07817609603595561,0.051223365743481554,0.02065992884856558,-0.07817609603595561
0.3625938994809985,0.7613662593066692,0.5216316785663366,3.093781154304124e-06,-0.060378866693791,0.048533144171014404,0.02025780473393456,-0.060378866693791
0.5513459593057632,0.15658530499786139,0.5187113946303725,3.0932370382556906e-06,-0.07933219825058231,0.05153244413516691,0.021924600006073044,-0.07933219825058231
0.4921750547364354,0.15722631383687258,0.520027618855238,3.093106026565203e-06,-0.07924835726538568,0.05151296614512631,0.021593760829678198,-0.07924835726538568
0.9885991988703609,0.34216833487153053,0.5218149516731501,3.0928934793979605e-06,-0.0720300404421427,0.048463010098388784,0.02098891699288529,-0.0720300404421427
0.09142881818115711,0.7880308907479048,0.5109361466020346,3.092670184224179e-06,-0.06182644825439672,0.049439410548577215,0.020943602973264433,-0.06182644825439672
0.07207698188722134,0.7965023890137672,0.5138390446081758,3.0923313869787827e-06,-0.06224258375068934,0.04937457824206295,0.02052849006306581,-0.06224258375068934
0.14805776439607143,0.7719516381621361,0.5101994629949331,3.092131394856488e-06,-0.06096624262409582,0.049278686426965146,0.021228289979419435,-0.06096624262409582
0.9887002110481262,0.168173311278224,0.5142719754949212,3.0919991677487113e-06,-0.07899087390248945,0.05155448009442383,0.022681195942317205,-0.07899087390248945
0.6720100250095129,0.7607863303273916,0.5171416969969869,3.0917299283929866e-06,-0.059339171083515385,0.048303983940956814,0.020495051225357514,-0.059339171083515385
0.5320015139877796,0.16525326017290354,0.5216679349541664,3.091572555595942e-06,-0.07892440627010516,0.05135710854182936,0.021352547781978256,-0.07892440627010516
0.26217744313180447,0.7967937476933002,0.5245976159349084,3.091506586430792e-06,-0.06229791191814197,0.048242817481812264,0.01991451918890453,-0.06229791191814197
0.5492683136835694,0.8020548354834318,0.5192589415237308,3.0912348908936493e-06,-0.06127845958485292,0.047852438360109543,0.019609250958609877,-0.06127845958485292
0.8407063977792859,0.3430175222456455,0.5179611770436168,3.0907034322527598e-06,-0.07140258151725447,0.04798360640353101,0.02180199790525557,-0.07140258151725447
0.8208528477698565,0.16017437726259232,0.5153449838981032,3.089608411808336e-06,-0.0795043169783922,0.05146990277432757,0.023064600334366515,-0.0795043169783922
0.9674764070659876,0.345190804451704,0.5159354256466031,3.0894056469337547e-06,-0.07118420016639339,0.04842904752372735,0.02153833409994022,-0.07118420016639339
0.8569412138313055,0.1523927552625537,0.5162816131487489,3.0893133046019476e-06,-0.08045538373079276,0.0516546502719225,0.02366704864055188,-0.08045538373079276
0.5115832341834903,0.7982562826946378,0.5236696777865291,3.088946129376741e-06,-0.06149714688920114,0.04769489909698971,0.019582907064723237,-0.06149714688920114
0.4723423207178712,0.16558903735131025,0.5171931413933635,3.0887223957602923e-06,-0.07802105204987558,0.05126264457986207,0.021007750603812905,-0.07802105204987558
0.5297449016943574,0.15557562466710806,0.520686574280262,3.0884019301800055e-06,-0.0796249342708478,0.051553710999554435,0.021891534592345854,-0.0796249342708478
0.19956875685602427,0.16937879379838705,0.5180303258821368,3.0879253574093758e-06,-0.07700431771138758,0.05088036642924634,0.020426648080061605,-0.07700431771138758
0.19888698868453503,0.1680275211110711,0.0012917034327983856,3.087871487652961e-06,-0.1273384905897932,0.042745423072102294,0.04740675630652957,-0.1273384905897932
0.7434795536100864,0.7934178095310926,0.511726918630302,3.0876965041651144e-06,-0.06066060935510072,0.04824580648643047,0.020176076702827422,-0.06066060935510072
0.4987849276512861,0.13977969996631145,0.0002542007714509964,3.08768405520397e-06,-0.13142698937958747,0.039838175118464776,0.04767173796349985,-0.13142698937958747
0.29617752507328987,0.7617262788116932,0.5159072866663337,3.0872578723075574e-06,-0.06031309977871656,0.048931645563651906,0.020690778716765827,-0.06031309977871656
0.465933907777071,0.15615555364638567,0.5180886713787913,3.0867989257472428e-06,-0.07895804279036275,0.05148634075845629,0.021523933186860703,-0.07895804279036275
0.17730432469397783,0.7774760853499174,0.5292415618896484,3.0866706787501783e-06,-0.06215346186028681,0.04818999791067891,0.020234772683794984,-0.06215346186028681
0.7359656151384115,0.7746187448501587,0.5288308653980494,3.0862152178576838e-06,-0.06067623167061835,0.04703367224871673,0.0199236038802081,-0.06067623167061835
0.2532319910824299,0.16212109941989183,0.5223378948867321,3.085730971696392e-06,-0.07839186339758579,0.051201065403580756,0.020835841427701007,-0.07839186339758579
0.813995024189353,0.8027885425835848,0.5217070821672678,3.0855062346406838e-06,-0.0613446031734628,0.047169120595252405,0.01932955691454383,-0.0613446031734628
0.2725761979818344,0.17131354939192533,0.5193126825615764,3.0850575521039746e-06,-0.07718257961483972,0.05095309007270019,0.020266437229747157,-0.07718257961483972
0.4648234071210027,0.7607308141887188,0.5176558485254645,3.084994427405414e-06,-0.059750567030170926,0.048575603526218106,0.020383198979870277,-0.059750567030170926
0.38169270288199186,0.7860598880797625,0.5102649759501219,3.0848187758024533e-06,-0.06091156567196622,0.048909937260790015,0.02065248545316493,-0.06091156567196622
0.3717306014150381,0.7624028092250228,0.5148770427331328,3.084754911375539e-06,-0.06002065121253528,0.04886267445076855,0.020614732987464576,-0.06002065121253528
0.8984279436990619,0.17609943263232708,0.5205885618925095,3.084700790340579e-06,-0.07897889058191318,0.051235994045179103,0.022264438767544886,-0.07897889058191318
0.4854576773941517,0.8026345707476139,0.5196059793233871,3.0841331344372816e-06,-0.0614524542043626,0.0479399117439468,0.019588336981420096,-0.0614524542043626
0.9544736929237843,0.14476597029715776,0.517120017670095,3.0840580352841967e-06,-0.08150390790337045,0.051877766319616964,0.02432241150387513,-0.08150390790337045
0.8131324341520667,0.7809971012175083,0.5085591394454241,3.0834061591935377e-06,-0.060133446655988444,0.048527897857577315,0.02054614596803882,-0.060133446655988444
0.6784821888431907,0.1543642794713378,0.5167088219895959,3.0824499253127386e-06,-0.0797158372141158,0.05155363931420195,0.022770425730497833,-0.0797158372141158
0.08823694474995136,0.15072702709585428,0.5208531934767962,3.0816749004353953e-06,-0.07896744295074275,0.051478425880902894,0.021507943501073414,-0.07896744295074275
0.12893749959766865,0.15989685896784067,0.5166049422696233,3.0815863596529506e-06,-0.0775429164262554,0.0510721181395126,0.02097172884215248,-0.0775429164262554
0.9708071202039719,0.8756196480244398,0.5198069792240858,3.0814900363703574e-06,-0.06465126171205389,0.045487271525364935,0.01710155897683466,-0.06465126171205389
0.7983513856306672,0.15203370433300734,0.5222292244434357,3.0810195832702347e-06,-0.08115073733073201,0.05160709849634123,0.02356750375242433,-0.08115073733073201
0.9336307011544704,0.7804538169875741,0.0006389059126377106,3.0807602168102327e-06,-0.09800444752606849,0.04345972051030106,0.05568257673503467,-0.09800444752606849
0.6524866130203009,0.1572627117857337,0.5225671362131834,3.0801035156579054e-06,-0.08020491904593252,0.05150713535053437,0.022510503541019765,-0.08020491904593252
0.2109786393120885,0.16027213726192713,0.5228862799704075,3.079516348627931e-06,-0.07853869170622924,0.051199892228084895,0.020988305000899796,-0.07853869170622924
0.7224607206881046,0.7614487605169415,0.514646609313786,3.0788616194363e-06,-0.05925280187566857,0.04842091412951307,0.020579801205493152,-0.05925280187566857
0.86896120198071,0.14588588196784258,0.5211989041417837,3.077794342858237e-06,-0.08178170172167673,0.05172697970742427,0.02421135286142246,-0.08178170172167673
0.6511311372742057,0.8008546959608793,0.5229887831956148,3.0772771926525373e-06,-0.061259351651880935,0.04730285841581909,0.019516661448428282,-0.061259351651880935
0.7145239477977157,0.7705207718536258,0.00023094750940799713,3.0772372264148997e-06,-0.09740442227546219,0.043077912057846106,0.0561383783718283,-0.09740442227546219
0.9356450280174613,0.8818361517041922,0.5177274560555816,3.077188270041896e-06,-0.06523081011724739,0.04640546311070518,0.017384199029900585,-0.06523081011724739
0.18485458940267563,0.14522497449070215,0.001198628917336464,3.0767523609441943e-06,-0.12926771954943211,0.04257518878101424,0.047283724040574515,-0.12926771954943211
0.9594684196636081,0.16252640634775162,0.5245262747630477,3.076597909292194e-06,-0.08089556512705214,0.051468230814024116,0.02322410456715233,-0.08089556512705214
0.008389272727072239,0.1751442514359951,0.5203295219689608,3.0765565022562794e-06,-0.0767728580965556,0.05105081024408945,0.020112755127941622,-0.0767728580965556
0.0834975466132164,0.7818587003275752,0.001021355390548706,3.0764817866596463e-06,-0.09843282483864352,0.04625779320677184,0.05347124628156228,-0.09843282483864352
0.810967031866312,0.15307026356458664,0.515496046282351,3.076253113222454e-06,-0.08012919034729764,0.051583575307483504,0.023484133670745373,-0.08012919034729764
0.041374784894287586,0.8046594485640526,0.5211321339011192,3.076172177428395e-06,-0.06270462749480049,0.048887897498602444,0.0198944138980614,-0.06270462749480049
0.9325514184311032,0.13496947288513184,0.0002096518874168396,3.075903811036794e-06,-0.1337422580853498,0.03655129717372783,0.047845926622558495,-0.1337422580853498
0.6587715251371264,0.14794314000755548,0.519550634548068,3.0755430986135855e-06,-0.08062632819826958,0.05168972311586098,0.023087253125481714,-0.08062632819826958
0.07807829976081848,0.8012580974027514,0.5237142378464341,3.0754816024197895e-06,-0.0627344437818098,0.04870247165255862,0.01993015635130231,-0.0627344437818098
0.9905177839100361,0.8845736458897591,0.5169117012992501,3.0751270797797727e-06,-0.06563592957605727,0.0467769039145254,0.017435395083197806,-0.06563592957605727
0.7067406149581075,0.7689720001071692,0.5097882263362408,3.074947885891678e-06,-0.05940946707989157,0.048517164279193566,0.020808238963101158,-0.05940946707989157
0.1771695176139474,0.3442960437387228,0.5193201368674636,3.074871212339607e-06,-0.07114965127930961,0.04689674779607472,0.021462643144986863,-0.07114965127930961
0.9076133174821734,0.8062631748616695,0.517085243947804,3.074866988776125e-06,-0.061390570067056845,0.04742101078073695,0.019168115183553113,-0.061390570067056845
0.854120516218245,0.17027303390204906,0.5236459085717797,3.074664356437906e-06,-0.07984065492848827,0.05123978178016258,0.022622621963006097,-0.07984065492848827
0.5649091508239508,0.14934287872165442,0.518805474974215,3.0746367320642885e-06,-0.08002649670603493,0.05164759647828429,0.022454705259953706,-0.08002649670603493
0.3649167586117983,0.1550050051882863,0.522182771936059,3.074010243145173e-06,-0.07930551327200928,0.051454594333520454,0.021324613718115417,-0.07930551327200928
0.12786621879786253,0.8033684715628624,0.5171562889590859,3.073892572621951e-06,-0.06236677526910182,0.0488451363573211,0.0201079903638132,-0.06236677526910182
0.45685870945453644,0.1731126308441162,0.5208797100931406,3.073806605469783e-06,-0.07782652442279928,0.051117582353616485,0.02054700092585671,-0.07782652442279928
0.5163362147286534,0.1737536583095789,0.5183504680171609,3.0730522335292e-06,-0.07761130894476556,0.05109805706157333,0.020776839355380224,-0.07761130894476556
0.6218565804883838,0.1705103972926736,0.515989244915545,3.0728886668661048e-06,-0.07794662960033788,0.051150363142975684,0.021538775898063856,-0.07794662960033788
0.05557350814342499,0.16753148939460516,0.5157896680757403,3.0726092780766637e-06,-0.07673553601258036,0.05093785879500661,0.02055468433478341,-0.07673553601258036
0.16520702373236418,0.7813012059777975,0.5092142876237631,3.071961858480437e-06,-0.06128889564545178,0.04921235042911954,0.021135091677151687,-0.06128889564545178
0.4552412983030081,0.7715401090681553,0.5287264417856932,3.0718597389371043e-06,-0.060930384066335816,0.04757507272377036,0.01987298638071541,-0.060930384066335816
0.3430701298639178,0.1578424470499158,0.5162996696308255,3.071569891992199e-06,-0.07811878812877397,0.05126754268241166,0.02105079934902119,-0.07811878812877397
0.6456879992038012,0.7998181926086545,0.5142485974356532,3.071568249052491e-06,-0.060880875506277646,0.04802003797118187,0.019896200971610475,-0.060880875506277646
0.1708118123933673,0.15297249052673578,0.5224882680922747,3.0715077484635188e-06,-0.07905746021851648,0.05134803601462882,0.021420049730326508,-0.07905746021851648
0.19084456097334623,0.7857361417263746,0.5289045926183462,3.071289315977168e-06,-0.06239101250960319,0.048121357600519304,0.020125457714522982,-0.06239101250960319
0.9338308228179812,0.15915007889270782,0.5135926073417068,3.0712737874005344e-06,-0.07961936095008258,0.05154413404702193,0.023332637462271193,-0.07961936095008258
0.6797296209260821,0.17255745269358158,0.5224331244826317,3.071048247556252e-06,-0.0789051036280338,0.05117448092729492,0.02177294485743001,-0.0789051036280338
0.9671270307153463,0.7791295982897282,0.5296946782618761,3.0707513899109107e-06,-0.0613559332491847,0.046825922358800336,0.019506112852487486,-0.0613559332491847
0.15580210834741592,0.3433531355112791,0.5212988927960396,3.0706867045057254e-06,-0.07142469901304546,0.04694682696082492,0.021197642209991537,-0.07142469901304546
0.6012037070468068,0.7950292509049177,0.5260385004803538,3.070345946444005e-06,-0.061327216155765064,0.047266506813367325,0.01962049649563299,-0.061327216155765064
0.5239949077367783,0.7600900884717703,0.5212376900017262,3.0702480043139417e-06,-0.05971238861773989,0.04818080589629667,0.020206945350669556,-0.05971238861773989
0.6692149536684155,0.3459257632493973,0.5213150419294834,3.070233508579184e-06,-0.07157208323270244,0.04763857971991747,0.022070948913156304,-0.07157208323270244
0.6324761621654034,0.34095215052366257,0.5193646652624011,3.0699570153123873e-06,-0.0713794987752282,0.04770045489024545,0.022061523647642578,-0.0713794987752282
0.8965053232386708,0.768652031198144,0.5284352339804173,3.069713822495702e-06,-0.06062914528272681,0.04708348811846475,0.019698533561034546,-0.06062914528272681
0.05393953435122967,0.3425652217119932,0.5175690958276391,3.0692655633132596e-06,-0.07084967443186149,0.04736355773138827,0.02109406711901598,-0.07084967443186149
0.33756511099636555,0.8014957047998905,0.5157521599903703,3.0691841473713443e-06,-0.061726414006440654,0.048512078087055946,0.019987787087307533,-0.061726414006440654
0.8469810057431459,0.1744979228824377,0.522737666964531,3.0688865552929434e-06,-0.07929654249209621,0.05116342716137097,0.022329145674283173,-0.07929654249209621
0.7869341196492314,0.14331618417054415,0.5193873783573508,3.068511964133668e-06,-0.08150301350607478,0.05175777224052486,0.024082460817909993,-0.08150301350607478
0.37049769423902035,0.171977698802948,0.5169210312888026,3.0678540063026136e-06,-0.077049362344306,0.05097418377061502,0.02030922123792939,-0.077049362344306
0.9577914867550135,0.8719455096870661,0.5208739386871457,3.067850104118985e-06,-0.06420440148570732,0.04481007902880329,0.017031863804838687,-0.06420440148570732
0.3760957522317767,0.14870208967477083,0.5204265806823969,3.067835030082142e-06,-0.0796393275734797,0.0515750105395596,0.021712717042678152,-0.0796393275734797
0.6401624130085111,0.16513229813426733,0.001124536618590355,3.0675874505767e-06,-0.12970017286726163,0.039350059719463426,0.04777283723556429,-0.12970017286726163
0.34569438360631466,0.14827875327318907,0.5192188965156674,3.0674263996105305e-06,-0.07940352145078579,0.0515434566018312,0.021659409481303692,-0.07940352145078579
0.7595981480553746,0.8054335378110409,0.5207978747785091,3.0673125195719586e-06,-0.061227921545691205,0.04706903049283264,0.019325457514882852,-0.061227921545691205
0.3829459473490715,0.1792940478771925,0.0001603551208972931,3.066696972810871e-06,-0.12739303019484582,0.04142750594209318,0.047746049645157565,-0.12739303019484582
0.7356122527271509,0.34921354800462723,0.5192756475880742,3.06603128558185e-06,-0.07128310540159427,0.048045592379515535,0.022173556305507054,-0.07128310540159427
0.03456073813140392,0.7735791532322764,0.0013545211404561996,3.065758658252459e-06,-0.0982265971976957,0.04627722335111989,0.05333583776089248,-0.0982265971976957
0.8835666673257947,0.8705946374684572,0.5187400691211224,3.0657046941860673e-06,-0.06384068432002399,0.04494898019433195,0.01715291604407848,-0.06384068432002399
0.9537107665091753,0.8002602392807603,0.5249515129253268,3.065319350215154e-06,-0.06173677808954195,0.04696217109261026,0.01910179501911532,-0.06173677808954195
0.19798536598682404,0.8050979878753424,0.518459371291101,3.0648246252126317e-06,-0.06226720951248063,0.04849065960033288,0.019947175162503376,-0.06226720951248063
0.23722724989056587,0.15139275137335062,0.5169993741437793,3.0646291632623853e-06,-0.07850368132501082,0.05130529308466524,0.02138606791196301,-0.07850368132501082
0.49233276303857565,0.7756054690107703,0.0008055400103330612,3.0645267713708317e-06,-0.0975572770502888,0.04386624270986863,0.05529390165300827,-0.0975572770502888
0.26003050804138184,0.8008189415559173,0.5149661162868142,3.064349249240517e-06,-0.061912559188253447,0.04870316490734229,0.020176931110821084,-0.061912559188253447
0.31719733867794275,0.3413487244397402,0.5200171172618866,3.064309026089681e-06,-0.07124099258404733,0.04737606560626074,0.021533990564912335,-0.07124099258404733
0.2955977041274309,0.16727860271930695,0.5236929161474109,3.064166187009692e-06,-0.0782268798287366,0.05108895570276907,0.020578037444562238,-0.0782268798287366
0.22790556587278843,0.7897293316200376,0.00012383423745632172,3.06394004497597e-06,-0.09855360916574972,0.0456605159982763,0.05410234517758868,-0.09855360916574972
0.017613300122320652,0.14510174747556448,0.5216555930674076,3.063772239243996e-06,-0.07959420485089103,0.05174498462739036,0.0217836973996905,-0.07959420485089103
0.3575977459549904,0.34626137651503086,0.5180381378158927,3.0637278964075274e-06,-0.0708701321353014,0.04740482729030188,0.021973211472892516,-0.0708701321353014
0.0713679725304246,0.15762033499777317,0.5242653237655759,3.0636073519872676e-06,-0.0788412748772878,0.05134390445762976,0.02121384077537039,-0.0788412748772878
0.9412533128634095,0.7580890301615,0.519590076059103,3.063286879757748e-06,-0.05974691805905421,0.0481880918138972,0.019945098303675163,-0.05974691805905421
0.0007299967110157013,0.7586687654256821,0.5191817497834563,3.062773609980076e-06,-0.06105059298004354,0.04949150816084387,0.020859339572892585,-0.06105059298004354
0.888053797185421,0.34550133254379034,0.5147836627438664,3.0624040132809e-06,-0.0709379659250139,0.04809247705551958,0.021936532670828564,-0.0709379659250139
0.871544610708952,0.8725655768066645,0.5170182101428509,3.0622560745519173e-06,-0.06400743427192794,0.04542486553606987,0.017222301818481743,-0.06400743427192794
0.40085303504019976,0.7741822991520166,0.5294041410088539,3.062213897565438e-06,-0.06126964751772448,0.04759563725884467,0.019882372942731256,-0.06126964751772448
0.8118134262040257,0.17681105248630047,0.5167538160458207,3.0620583087600548e-06,-0.07812954598758895,0.05108915660249637,0.022051212234973833,-0.07812954598758895
0.6320933401584625,0.7827724665403366,0.5292262546718121,3.0620487311085205e-06,-0.061035921961096425,0.0469766563142541,0.01983839945054346,-0.061035921961096425
0.7292745262384415,0.15009991731494665,0.5229014828801155,3.061416621928078e-06,-0.08116783689669024,0.051596484072409056,0.023396501483214358,-0.08116783689669024
0.7314595580101013,0.7862337306141853,0.5088927559554577,3.061157960670357e-06,-0.06022884325753168,0.04838811387043834,0.020538195301171753,-0.06022884325753168
0.03266893047839403,0.8750396557152271,0.5194217758253217,3.060956253632677e-06,-0.06537028538715517,0.047980383645386204,0.018051091549770113,-0.06537028538715517
0.43719216249883175,0.1701137674972415,0.5233934912830591,3.060307573461266e-06,-0.0783801506387288,0.05115047258020509,0.02068677153128145,-0.0783801506387288
0.9548175139352679,0.7761418363079429,0.5072830943390727,3.060029707369691e-06,-0.06017684385811921,0.04870939030390782,0.020392420378814755,-0.06017684385811921
0.5058282194659114,0.3470640331506729,0.5174612822011113,3.0596240439311725e-06,-0.07082024188436128,0.047607423277251586,0.02228814916243452,-0.07082024188436128
0.8427550960332155,0.8833739832043648,0.5208876058459282,3.0591307306027393e-06,-0.0652440950283235,0.046328752111788926,0.017563201390154912,-0.0652440950283235
0.9481322001665831,0.3516481164842844,0.5207840595394373,3.058173021779174e-06,-0.07157102957297451,0.048794491293755175,0.021375120363013405,-0.07157102957297451
0.029154173098504543,0.34552658163011074,0.5234162043780088,3.0578837446618155e-06,-0.07157058757383797,0.04759585453364699,0.020697080993231635,-0.07157058757383797
0.9698447706177831,0.13761085085570812,0.5209865774959326,3.0577567911527923e-06,-0.08274028372194717,0.05189832487795207,0.024950730159094686,-0.08274028372194717
0.10452115722000599,0.16723616048693657,0.5149887828156352,3.0576321221167593e-06,-0.07662188663518502,0.05077469802960338,0.020608843727310963,-0.07662188663518502
0.26233717147260904,0.1573022659868002,0.5153915705159307,3.0574306954936786e-06,-0.0777921696625941,0.051117307061648194,0.021037131417191265,-0.0777921696625941
0.9125749506056309,0.7615274274721742,0.5252849133685231,3.057097853128082e-06,-0.06013217276383347,0.04755101862399958,0.019760472744845013,-0.06013217276383347
0.5129206795245409,0.1605839915573597,0.524098708294332,3.0569096882769915e-06,-0.07959136145660009,0.05137068492741334,0.021590701295994177,-0.07959136145660009
0.21856507379561663,0.774138918146491,0.5088188946247101,3.0569001009585087e-06,-0.06077296789365964,0.0490768654907875,0.021181188842274212,-0.06077296789365964
0.3894256064668298,0.7837024172767997,0.0007152631878852844,3.056511730329541e-06,-0.09798936097424032,0.04462843642889218,0.0547219131465887,-0.09798936097424032
0.2989993607625365,0.3488167244940996,0.5196226295083761,3.0561130504009947e-06,-0.07104191993090953,0.04763632696059724,0.021849374599321434,-0.07104191993090953
0.1823435267433524,0.1462824558839202,0.5176930548623204,3.055827486782672e-06,-0.07895892107785135,0.051394102075367085,0.021729633736521644,-0.07895892107785135
0.15639604534953833,0.1738572083413601,0.5164928687736392,3.0550935080551253e-06,-0.07628590447591589,0.05061249609725798,0.02024816427435636,-0.07628590447591589
0.14979929197579622,0.12993723526597023,0.0008290670812129974,3.0550715841051355e-06,-0.1305713868831252,0.04250937669624136,0.04724064965165608,-0.1305713868831252
0.8776277797296643,0.3504479415714741,0.521720927208662,3.054821529693503e-06,-0.071676540612152,0.04843989323683973,0.02156283688088243,-0.071676540612152
0.7486266084015369,0.14146437589079142,0.5179842477664351,3.054819605555256e-06,-0.0813264295360688,0.05176051417925425,0.02402699778217569,-0.0813264295360688
0.08260267041623592,0.17674020305275917,0.5183034194633365,3.0547250542488737e-06,-0.07626154716463512,0.050686682497051,0.020122843620946303,-0.07626154716463512
0.5989849176257849,0.8799953106790781,0.5191311230883002,3.05430713969752e-06,-0.06472441243020415,0.046729544583831044,0.017737431320916115,-0.06472441243020415
0.8229149784892797,0.8769415002316236,0.516092381440103,3.0542636556846018e-06,-0.06439662267521057,0.04614094530404745,0.017422198777171823,-0.06439662267521057
0.9754474433138967,0.7971206540241838,0.5108254421502352,3.0542485796072223e-06,-0.06120317527100491,0.048343129212649424,0.01964863508035147,-0.06120317527100491
0.99819256644696,0.8161911088973284,0.5188911352306604,3.0540675395362767e-06,-0.06158536633832812,0.046412531138360705,0.018589311426540883,-0.06158536633832812
0.02313231583684683,0.8715486824512482,0.5185125004500151,3.053922670579034e-06,-0.06496574279568486,0.047732823188833554,0.018005829573483515,-0.06496574279568486
0.44396735541522503,0.3474609199911356,0.521767919883132,3.0537370527724286e-06,-0.07134625489993048,0.04762581184147597,0.021865414157020636,-0.07134625489993048
0.8548834761604667,0.7588763479143381,0.5158602194860578,3.0535528340997793e-06,-0.05936801898094534,0.04837660410246907,0.02028498087221951,-0.05936801898094534
0.9346772003918886,0.13603106699883938,0.5186267485842109,3.053197165834879e-06,-0.08250235924535501,0.05189088725967147,0.025058756177464652,-0.08250235924535501
0.3068619007244706,0.7938146181404591,0.5113875642418861,3.0529522253377714e-06,-0.061443194529258165,0.048869860919317755,0.020502055008408133,-0.061443194529258165
0.13812973629683256,0.9978743381798267,0.0007172049954533577,3.0525184402453147e-06,-0.10214778461352379,0.04876845124225063,0.04972665867438708,-0.10214778461352379
0.9068503649905324,0.1551203951239586,0.5248632440343499,3.0525114582544934e-06,-0.08151118674144696,0.05146324804540823,0.023735702084705594,-0.08151118674144696
0.09575592540204525,0.8058663513511419,0.5222997944802046,3.0524966781813536e-06,-0.06263827760722962,0.04849728973144831,0.01980913354337906,-0.06263827760722962
0.1288870321586728,0.15894620027393103,0.002094099298119545,3.052406856308433e-06,-0.12765776965055006,0.04324584043976052,0.04714795384860516,-0.12765776965055006
0.9700733637437224,0.9974159225821495,0.5156321004033089,3.0522224357297603e-06,-0.06982960180746468,0.04838155424169446,0.018055652354555814,-0.06982960180746468
0.54605155531317,0.1700779814273119,0.5148217463865876,3.052195693764553e-06,-0.07751151968584938,0.05105437758357703,0.02115999145130331,-0.07751151968584938
0.2907038452103734,0.14951992500573397,0.5164507357403636,3.052135467614613e-06,-0.07871081051268843,0.051366636266957755,0.021503303578275304,-0.07871081051268843
0.6123822825029492,0.33971574902534485,0.5171278221532702,3.0518275014825007e-06,-0.07105781598373817,0.04776525801582349,0.022177711579439544,-0.07105781598373817
0.18286230508238077,0.7993239937350154,0.5254713827744126,3.051719569567468e-06,-0.0625475515705045,0.04822433663381733,0.01989237075763107,-0.0625475515705045
0.25443438068032265,0.7760416958481073,0.5085141137242317,3.051651005563222e-06,-0.06073867903726002,0.04901937399477092,0.021117227737146478,-0.06073867903726002
0.6425163587555289,0.8787899035960436,0.5173749318346381,3.0514690224772764e-06,-0.0645088498615964,0.04663750518448239,0.017699445261601058,-0.0645088498615964
0.7056348212063313,0.8074908554553986,0.5204933770000935,3.051284111231334e-06,-0.06116431395817234,0.04699228109550136,0.019301220335842327,-0.06116431395817234
0.4221284342929721,0.16517077386379242,0.5145607991144061,3.0512430839624008e-06,-0.07745863548405571,0.05107326127536987,0.020855258152713323,-0.07745863548405571
0.9147531688213348,0.7865546531975269,0.5293002463877201,3.050727623174599e-06,-0.061466236821933744,0.046681628690415096,0.019473008173306005,-0.061466236821933744
0.2253216952085495,0.14298035111278296,0.5199632979929447,3.050720140047969e-06,-0.07966886100667085,0.051523823468451975,0.021962111686394368,-0.07966886100667085
0.07390222698450089,0.8709302470088005,0.5201247101649642,3.0506383205551964e-06,-0.06487966124078391,0.04732647467663792,0.018041409623030937,-0.06487966124078391
0.7721281135454774,0.8812201377004385,0.52156793884933,3.050002495865523e-06,-0.06490670643271042,0.04616857244835648,0.01757887938529848,-0.06490670643271042
0.12250159867107868,0.8824768774211407,0.5210425816476345,3.0499519224267893e-06,-0.06610309121215362,0.04806377993463402,0.018384743079242382,-0.06610309121215362
0.15577533468604088,0.7657031612470746,0.0002779364585876465,3.0499465892818012e-06,-0.09825164711993059,0.04533440683389975,0.05413511378853819,-0.09825164711993059
0.15388305392116308,0.8830384332686663,0.5183430491015315,3.049926860635693e-06,-0.06606153108612936,0.048152216043106266,0.01850381535934612,-0.06606153108612936
0.7144972858950496,0.33838245272636414,0.5212219674140215,3.0494201213417473e-06,-0.07176512510484746,0.04797604120933705,0.021780715622309325,-0.07176512510484746
0.9143738858401775,0.33765795454382896,0.5158454505726695,3.0493203925370918e-06,-0.07127089435954559,0.04853008684041173,0.021518585199533008,-0.07127089435954559
0.26755277160555124,0.8070942256599665,0.5188874891027808,3.049109837320897e-06,-0.062088197967957746,0.0481631175808674,0.019771420518116017,-0.062088197967957746
0.7238000007346272,0.15491867437958717,0.5140916788950562,3.0490478924129045e-06,-0.07942634844565254,0.05142891622551373,0.023000956685366964,-0.07942634844565254
0.7910218415781856,0.35109447315335274,0.5176267670467496,3.0489951893701536e-06,-0.07104857828089148,0.0483370787182361,0.022162772086635307,-0.07104857828089148
0.4123114449903369,0.8805750459432602,0.5197603888809681,3.048848600588318e-06,-0.06525330812366133,0.04714801362044323,0.018069763931624055,-0.06525330812366133
0.03681570291519165,0.7977616665884852,0.512446784414351,3.0487499574101918e-06,-0.06221281200499194,0.04941752283660111,0.020535811748975338,-0.06221281200499194
0.06246635224670172,0.15025917626917362,0.5241152076050639,3.04850746298406e-06,-0.07946093858882657,0.05150790620620304,0.02161365497681383,-0.07946093858882657
0.7833281997591257,0.14428592007607222,0.0009703412652015686,3.0479135354201175e-06,-0.132223323846209,0.03781939570668979,0.04780861212708639,-0.132223323846209
0.8052112134173512,0.759415783919394,0.5149525972083211,3.0479046656480543e-06,-0.05923607064487653,0.04839176549473257,0.020428020615374808,-0.05923607064487653
0.49434663727879524,0.8770411983132362,0.5178964706137776,3.047850353021001e-06,-0.06456898574332755,0.0467814526322103,0.017773847861123945,-0.06456898574332755
0.5582391042262316,0.7907648738473654,0.5281017515808344,3.0478096729668684e-06,-0.06136115500313016,0.0471683637301377,0.019662649056603317,-0.06136115500313016
0.3617322463542223,0.7832646314054728,0.508664233610034,3.0472826316633024e-06,-0.06073229815693219,0.04887817725461373,0.02081377985384723,-0.06073229815693219
0.16411648876965046,0.7595173567533493,0.5230355840176344,3.0469049891246796e-06,-0.06095586830559644,0.04870491527784573,0.020534953838285304,-0.06095586830559644
0.82218770775944,0.9961090907454491,0.5197262475267053,3.046736473149862e-06,-0.06949763533777048,0.047874946596409014,0.018380233399588913,-0.06949763533777048
0.5229463251307607,0.7629614593461156,0.5123372869566083,3.046685555901687e-06,-0.059368062325559634,0.04859129040295742,0.020681429994162878,-0.059368062325559634
0.6008771704509854,0.778511923737824,0.0010652951896190643,3.046659754034104e-06,-0.09733482754018546,0.04344846989090194,0.05562057425521374,-0.09733482754018546
0.48105892073363066,0.7817136887460947,0.5297420751303434,3.0466171343652722e-06,-0.061326126750770954,0.04726740791770382,0.01977202706888686,-0.061326126750770954
0.8880747063085437,0.14416465628892183,0.5233480092138052,3.0465240357274654e-06,-0.08227071349037245,0.05165073074326014,0.024448226670451042,-0.08227071349037245
0.575441513210535,0.7666205074638128,0.5280079655349255,3.046350384156424e-06,-0.06028341949593396,0.04733019777029786,0.01994393210552507,-0.06028341949593396
0.45011152140796185,0.8734519742429256,0.5188171621412039,3.046234807814884e-06,-0.06430550927003038,0.04642399374741677,0.017766236043025234,-0.06430550927003038
0.64431884419173,0.16220741346478462,0.5136972507461905,3.0461091426242636e-06,-0.0784115461540172,0.051220299713757085,0.022156976309239403,-0.0784115461540172
0.968758842907846,0.3350167740136385,0.5188584672287107,3.045329612021477e-06,-0.07174881282060397,0.04896493791547636,0.0210227025055188,-0.07174881282060397
0.5151471672579646,0.8737878110259771,0.5204458953812718,3.0449326918574302e-06,-0.06419982082972289,0.0461551989614001,0.01760222009971167,-0.06419982082972289
0.9958438258618116,0.3373476704582572,0.5149377686902881,3.0448807047941744e-06,-0.07121714587842666,0.04884538361747758,0.021272968812467253,-0.07121714587842666
0.6306105656549335,0.885308314114809,0.5203387886285782,3.044811929283079e-06,-0.06528545745397038,0.046981034931145124,0.017921379529635323,-0.06528545745397038
0.712632168084383,0.887863676995039,0.5182984406128526,3.0447719116400557e-06,-0.06550520980041512,0.0471653445427913,0.018001930198301333,-0.06550520980041512
0.948111173696816,0.15064451098442078,0.5131972143426538,3.0447670472264628e-06,-0.08034989443234734,0.05166397096114918,0.02391350052401582,-0.08034989443234734
0.5749226976186037,0.17803232558071613,0.5201609954237938,3.0445674233868447e-06,-0.07767673596859699,0.05099630249078319,0.02088169356302846,-0.07767673596859699
0.8338275123387575,0.8118970431387424,0.5186898009851575,3.044544611650791e-06,-0.06122030649614141,0.04667926335856087,0.019009089615471948,-0.06122030649614141
0.8774960990995169,0.14507742039859295,0.5146102076396346,3.044190883695974e-06,-0.08091318979916212,0.0516871521105035,0.024247174034662998,-0.08091318979916212
0.9868573183193803,0.8058458408340812,0.51372089702636,3.043833700311061e-06,-0.061451285401662024,0.047780429455241934,0.019162655135978444,-0.061451285401662024
0.962922228500247,0.8305512284860015,0.5182926915585995,3.0435998311316864e-06,-0.06126058378823595,0.04391422838968534,0.01828898729736539,-0.06126058378823595
0.3191774394363165,0.884911684319377,0.5190152479335666,3.0434839524950374e-06,-0.06597191535365599,0.047721969018671366,0.01854969419049401,-0.06597191535365599
0.4223513975739479,0.33931911922991276,0.5216178596019745,3.043458096658791e-06,-0.07147218694907673,0.047721831064055226,0.021513478823037117,-0.07147218694907673
0.976696876809001,0.1593794273212552,0.0016984418034553528,3.043206325352294e-06,-0.13121996108178968,0.037918966779714354,0.04756514488895574,-0.13121996108178968
0.6209434010088444,0.15311649814248085,0.5241927886381745,3.043145244391967e-06,-0.08065987085237868,0.051495078137765604,0.02264206839505278,-0.08065987085237868
0.20874198153614998,0.8818000666797161,0.5173298912122846,3.0431341619048542e-06,-0.06582129486628291,0.04792020538525038,0.018535030201678522,-0.06582129486628291
0.6632834570482373,0.8746210243552923,0.5164681412279606,3.043002045070614e-06,-0.06399318636872631,0.04616881732824525,0.01757766055487745,-0.06399318636872631
0.696210078895092,0.3454588679596782,0.5236539589241147,3.0429247662926304e-06,-0.07189939599343881,0.047543921117559694,0.021881807446465788,-0.07189939599343881
0.06430218368768692,0.350051311776042,0.5171700781211257,3.042691794852057e-06,-0.0706445935304222,0.0479021498204743,0.021484421958086076,-0.0706445935304222
0.12456017080694437,0.7936148121953011,0.5280261337757111,3.042657154796716e-06,-0.06268895863574016,0.0482813495584078,0.020016990671654012,-0.06268895863574016
0.6614391459152102,0.7928155418485403,0.5101824793964624,3.042653364488053e-06,-0.06048583922991364,0.04827672511584796,0.020329463817115326,-0.06048583922991364
0.8517121151089668,0.8641895018517971,0.5199745027348399,3.0424325476075275e-06,-0.06305586501845051,0.04372390153265778,0.01719683295915946,-0.06305586501845051
0.6736885011196136,0.1682185847312212,0.5249275648966432,3.04217972332806e-06,-0.0796101405896642,0.05117339729176939,0.022057744407107803,-0.0796101405896642
0.5560253346338868,0.877682151272893,0.5214556660503149,3.0418805147440827e-06,-0.06457237636994179,0.04637464349006159,0.01764099049721888,-0.06457237636994179
0.7713982295244932,0.9957519173622131,0.5179309323430061,3.041689355173029e-06,-0.06940512272291255,0.0479118937573724,0.018475836826552402,-0.06940512272291255
0.3928884267807007,0.15964618884027004,0.5248155118897557,3.0416176304652528e-06,-0.07934537021996921,0.05130116001277684,0.02119843432836306,-0.07934537021996921
0.9245193349197507,0.997956077568233,0.5150901973247528,3.041559238111856e-06,-0.06974238298781564,0.04833956595872598,0.01810917437231641,-0.06974238298781564
0.8219586415216327,0.13839447312057018,0.516903935931623,3.0414447013136314e-06,-0.08171278155476286,0.05178330637461767,0.0245961549943524,-0.08171278155476286
0.7778208842501044,0.14736459963023663,0.5237962072715163,3.0411069137801986e-06,-0.08170152298554481,0.051579285294878756,0.02385376141226269,-0.08170152298554481
0.8030025297775865,0.788112748414278,0.5084650553762913,3.0409361005675486e-06,-0.060365271558583275,0.048357369045237776,0.020378979848493094,-0.060365271558583275
0.9044688045978546,0.16467643342912197,0.5257988283410668,3.0407818119986255e-06,-0.08074827096106071,0.05124438682850883,0.023136759717422815,-0.08074827096106071
0.7529059769585729,0.8898365646600723,0.518603996373713,3.0407532958859586e-06,-0.06573988137248436,0.04718982249011346,0.018037481898497697,-0.06573988137248436
0.9883701289072633,0.546700032427907,0.518718559294939,3.0407127561584384e-06,-0.05919433727720616,0.049440529705801345,0.020602266174348835,-0.05919433727720616
0.750857749953866,0.33653875812888145,0.5195733401924372,3.040690939273325e-06,-0.07161566312156203,0.04822165217579646,0.021753458819927376,-0.07161566312156203
0.8579263789579272,0.8908974630758166,0.5171886393800378,3.0401768910017972e-06,-0.06598028865767326,0.047215792110869785,0.017927927183855302,-0.06598028865767326
0.05189130548387766,0.8841768223792315,0.5224391166120768,3.0401085323840794e-06,-0.06637734273615292,0.04836264891691878,0.018307415721205998,-0.06637734273615292
0.7144608497619629,0.16487147845327854,0.5131256366148591,3.0399688435163605e-06,-0.07834850908052457,0.0511542198737801,0.02238542047510005,-0.07834850908052457
0.9380732011049986,0.8649312816560268,0.515895614400506,3.0398760005556452e-06,-0.06323744823541644,0.044059490619395625,0.01711892920841743,-0.06323744823541644
0.4465820640325546,0.14700696896761656,0.523059319704771,3.039643387762797e-06,-0.08039262708676484,0.051594581695012215,0.022120284451567867,-0.08039262708676484
0.10666975751519203,0.1727167209610343,0.5246367631480098,3.039607218525625e-06,-0.07753648154014815,0.050839284253446776,0.020460844694503905,-0.07753648154014815
0.9852645909413695,0.8568299999460578,0.5202506957575679,3.039544365395776e-06,-0.06268251438752834,0.04346962748926215,0.017108104393652037,-0.06268251438752834
0.20410358253866434,0.8028128547593951,0.5145396227017045,3.03919847310854e-06,-0.0620391681968145,0.04870747796963054,0.020187409201950782,-0.0620391681968145
0.9435624303296208,0.8917005164548755,0.5211606696248055,3.038972961147938e-06,-0.06629386049467025,0.04678617894488789,0.017793346302109644,-0.06629386049467025
0.9974655397236347,0.8107888139784336,0.5225283168256283,3.038941897435943e-06,-0.061756486582684816,0.04658635782164611,0.01868649938614186,-0.061756486582684816
0.5841312874108553,0.1420997017994523,0.5218227636069059,3.0388675993051556e-06,-0.08117195063894675,0.05171283862378139,0.023117600154475854,-0.08117195063894675
0.01496314350515604,0.765566791407764,0.5104716029018164,3.0387997644203532e-06,-0.06085706346612189,0.0495764578713668,0.021321130842915287,-0.06085706346612189
0.5099047841504216,0.14661008212715387,0.5158380037173629,3.038755855607843e-06,-0.0795963215759978,0.05156343939636255,0.022347119198041637,-0.0795963215759978
0.4638023404404521,0.15488421451300383,0.0015935935080051422,3.038419513774254e-06,-0.12962489755035647,0.04055606211262363,0.0474585070164023,-0.12962489755035647
0.480949810706079,0.3406528402119875,0.5159210646525025,3.0383476621173044e-06,-0.070705043789842,0.047533136666563613,0.022132163941110197,-0.070705043789842
0.36939096357673407,0.15006034635007381,0.515298436395824,3.0379747539447612e-06,-0.07871275932517025,0.0513763765704935,0.021584610182873457,-0.07871275932517025
0.4180164681747556,0.16224391292780638,0.001744898036122322,3.037894883524316e-06,-0.12873405992116238,0.041070720579887005,0.04739459008393625,-0.12873405992116238
0.5567593406885862,0.999297771602869,0.5172801315784454,3.0376994066900086e-06,-0.06932123358714215,0.048167988971091556,0.018663582945973946,-0.06932123358714215
0.5569879300892353,0.13960516639053822,0.5203161220997572,3.037624102050148e-06,-0.08107938995024608,0.051755836959463626,0.023125068576693563,-0.08107938995024608
0.21084561944007874,0.15923565067350864,0.5141103314235806,3.0376164877541e-06,-0.07729883255770725,0.05090903362805639,0.02097148551903383,-0.07729883255770725
0.22793991677463055,0.35075864009559155,0.5211478900164366,3.0375804848903975e-06,-0.07122131640801276,0.04774018887601056,0.021682754859874417,-0.07122131640801276
0.33059494383633137,0.878210224211216,0.5218570418655872,3.037292232962095e-06,-0.06526997293875306,0.04693365940423697,0.01820353050057887,-0.06526997293875306
0.13526592776179314,0.9967501033097506,0.5191348288208246,3.0372535678812674e-06,-0.07019379336180605,0.0486907910404013,0.01861733000111831,-0.07019379336180605
0.5815439932048321,0.8685316275805235,0.5180688835680485,3.0370688478110987e-06,-0.0633946159956649,0.0454587680835711,0.01752385259014728,-0.0633946159956649
0.24019190203398466,0.16536865755915642,0.5253402320668101,3.0370214712753094e-06,-0.07847172712580647,0.05101605585897551,0.02077293275755444,-0.07847172712580647
0.7843833453953266,0.7576723583042622,0.518843668513,3.0370162842907124e-06,-0.059281069888772506,0.04811951664947904,0.020278702312267343,-0.059281069888772506
0.2462337166070938,0.17739102616906166,0.5220218170434237,3.036804177334955e-06,-0.07692592196965084,0.05072055410224209,0.020012083264677825,-0.07692592196965084
0.08144778106361628,0.17726767249405384,0.001564856618642807,3.0366801658766232e-06,-0.12600612882594672,0.04362822805885659,0.04731078998703214,-0.12600612882594672
0.3105442011728883,0.1410675523802638,0.5212459079921246,3.036641928613266e-06,-0.08023203462567696,0.051613819726662326,0.02215541732694031,-0.08023203462567696
0.5878493301570415,0.34841395169496536,0.5230035223066807,3.0364553736457685e-06,-0.07159719361254807,0.047744641896151074,0.022015642182132582,-0.07159719361254807
0.9083434455096722,0.8167952839285135,0.5207188157364726,3.036228692963076e-06,-0.06137876731545932,0.045940160467130876,0.018647807667544078,-0.06137876731545932
0.39580617751926184,0.1417641518637538,0.5175313698127866,3.0358669532392736e-06,-0.07988225534848453,0.05162546348822494,0.02222068629470641,-0.07988225534848453
0.6392329735681415,0.8100452944636345,0.5181401642039418,3.0358297369373577e-06,-0.061065817845103766,0.04710473045608022,0.019307519324134374,-0.061065817845103766
0.4300918634980917,0.7681730352342129,0.5093847047537565,3.035407682215935e-06,-0.059765943979775346,0.0487685875531989,0.02084179780370565,-0.059765943979775346
0.9324694890528917,0.8045731196179986,0.5131633533164859,3.0351147380443814e-06,-0.06126476458114614,0.0477688514491488,0.019319956199133705,-0.06126476458114614
0.9349062517285347,0.9950903654098511,0.5219068238511682,3.0346751580329896e-06,-0.06967577117753158,0.04777760394709178,0.018226341845481702,-0.06967577117753158
0.739120907150209,0.874199097044766,0.5153163187205791,3.0345290460697697e-06,-0.06393208077236705,0.04598567021839656,0.017502583733925794,-0.06393208077236705
0.32985999155789614,0.9987239371985197,0.5177313406020403,3.0343648924303434e-06,-0.06984794358937173,0.04836824767463378,0.018521598874675114,-0.06984794358937173
0.03663847502321005,0.13793604262173176,0.0019020680338144302,3.0343399346491073e-06,-0.1292146713406208,0.04370575409168126,0.04683102656777216,-0.1292146713406208
0.6432433798909187,0.9981440044939518,0.5210080230608582,3.0342361087842053e-06,-0.06929186161871852,0.04787861838517516,0.018677967710098227,-0.06929186161871852
0.4933614516630769,0.1390252485871315,0.5189464883878827,3.034005674940277e-06,-0.0806892055021744,0.05174027666333139,0.02282422847490741,-0.0806892055021744
0.9733590362593532,0.8476985180750489,0.5172331891953945,3.0339729084378195e-06,-0.061929520656174616,0.04423621858371509,0.017476078137397776,-0.061929520656174616
0.13747000973671675,0.3483004691079259,0.5237308880314231,3.0339154565829434e-06,-0.07162188634239688,0.047399745129322046,0.021176937814643994,-0.07162188634239688
0.00932167749851942,0.3522891253232956,0.5184454927220941,3.0339101849853085e-06,-0.07071377316671561,0.04848695005275948,0.02125069648315246,-0.07071377316671561
0.9188682213425636,0.854273653589189,0.5183867756277323,3.033763300560889e-06,-0.062279254949101144,0.0438754670531783,0.017278646510240744,-0.062279254949101144
0.27422179095447063,0.33804661966860294,0.5176400626078248,3.033735206615624e-06,-0.07094405030550902,0.04760931385075382,0.021469872981556885,-0.07094405030550902
0.9141453113406897,0.5394907537847757,0.5207732887938619,3.033513468598876e-06,-0.060308564645134226,0.04975461275477991,0.02122955300143322,-0.060308564645134226
0.40099181327968836,0.34807840175926685,0.5157669624313712,3.033284561772405e-06,-0.07048736153096004,0.04756837581483013,0.02229723324637912,-0.07048736153096004
0.8009252762421966,0.8625963665544987,0.5176823232322931,3.033116907188491e-06,-0.06274019209363513,0.04378005603516101,0.017336806764237326,-0.06274019209363513
0.47333852015435696,0.15210332535207272,0.524420122615993,3.0330716007832667e-06,-0.08022464786488838,0.05148043150740336,0.021939921201651103,-0.08022464786488838
0.498988919891417,0.7997631570324302,0.5127521613612771,3.033051677949351e-06,-0.0610238647974952,0.0483103236304672,0.019976486911621606,-0.0610238647974952
0.39044280257076025,0.17861201614141464,0.5186085579916835,3.0328433452529185e-06,-0.07673926098119256,0.05082421787767459,0.020012156440682206,-0.07673926098119256
0.1866398612037301,0.8722300231456757,0.5222404366359115,3.0324341389402984e-06,-0.06490549467734666,0.0467876339059257,0.018156234762619634,-0.06490549467734666
0.619264917448163,0.8081073462963104,0.5164144905284047,3.032368570165839e-06,-0.061019935136221164,0.047423600004153715,0.019456053921960367,-0.061019935136221164
0.3915136018767953,0.8689281977713108,0.5206744214519858,3.0323075055192127e-06,-0.0640011872767462,0.045851015510795304,0.017848803836179608,-0.0640011872767462
0.2762014055624604,0.8881994541734457,0.5205987859517336,3.032038599386401e-06,-0.06643569552425062,0.04790464493795127,0.01873733426554349,-0.06643569552425062
0.5459849629551172,0.3403170630335808,0.523340554907918,3.0315356328361856e-06,-0.07177621811682776,0.04762592264286105,0.021684342047651687,-0.07177621811682776
0.6434724498540163,0.14029771275818348,0.5165996169671416,3.0312742081382728e-06,-0.08080537492561964,0.05171350190275701,0.023535968338729056,-0.08080537492561964
0.9789704298600554,0.8229078240692616,0.5217331694439054,3.0311760154623485e-06,-0.06147366512801544,0.04500762467347455,0.018355500936612718,-0.06147366512801544
0.4516964256763458,0.7911424748599529,0.5097219720482826,3.0311583503135955e-06,-0.06078421746853252,0.04864916517653172,0.020450717631499908,-0.06078421746853252
0.0336543470621109,0.13696982339024544,0.5183965535834432,3.031102535676535e-06,-0.07983223803599347,0.05174868155509135,0.0223007300875839,-0.07983223803599347
0.8460171297192574,0.3528172615915537,0.5170694617554545,3.0308643695145813e-06,-0.07095320133236772,0.04862205857677366,0.02202693342734183,-0.07095320133236772
0.06370830908417702,0.7762386407703161,0.5309300422668457,3.0307490059925314e-06,-0.062388112040738436,0.04830298815905607,0.02025410173455665,-0.062388112040738436
0.2380736442282796,0.17451937403529882,0.5152037618681788,3.030461731245754e-06,-0.07615713334807002,0.050570954658554906,0.02012931594030766,-0.07615713334807002
0.7746806479990482,0.8762754322960973,0.5146812191233039,3.030397768157793e-06,-0.06419350147140014,0.046204973039136246,0.01750984697962469,-0.06419350147140014
0.5876908591017127,0.14704273827373981,0.5149145862087607,3.030128638100923e-06,-0.0797118208622022,0.05153885803949356,0.022746659144298634,-0.0797118208622022
0.49362056236714125,0.9999385010451078,0.5215870244428515,3.0301031714270297e-06,-0.06940010616153022,0.0480170936967869,0.01860295726198003,-0.06940010616153022
0.42821934539824724,0.17456753831356764,0.523965354077518,3.029662049448404e-06,-0.07800934456503483,0.050987886959710293,0.020428862296928158,-0.07800934456503483
0.07621671818196774,0.14376802649348974,0.5158825041726232,3.029661716556353e-06,-0.07881819672537926,0.05142883862310528,0.02187292371209962,-0.07881819672537926
0.722694206982851,0.17877398617565632,0.5162042239680886,3.0295063585908745e-06,-0.07755289140852169,0.05092509241434648,0.021623252627583155,-0.07755289140852169
0.8809001604095101,0.8338561793789268,0.5203407304361463,3.0294615767269566e-06,-0.06112206932925611,0.04295002999559836,0.018263744099690782,-0.06112206932925611
0.701830348931253,0.9938777647912502,0.5194559395313263,3.029285460961769e-06,-0.06927214459439526,0.04779019085306337,0.018649170782190867,-0.06927214459439526
0.18903155624866486,0.890233451500535,0.5201717559248209,3.029258401798794e-06,-0.06677361638434479,0.04831380779212832,0.018816087288242682,-0.06677361638434479
0.6223143907263875,0.759585072286427,0.5237597124651074,3.0291406831793213e-06,-0.05958171729050128,0.04769881774445772,0.020147802637024807,-0.05958171729050128
0.8152094343677163,0.8241835422813892,0.5180205516517162,3.0290833058459172e-06,-0.06095013896582414,0.044954966390398254,0.018668755188793604,-0.06095013896582414
0.14221659302711487,0.7632796717807651,0.5274158027023077,3.029029966497221e-06,-0.06143167613134242,0.048390365669341406,0.02035398099845026,-0.06143167613134242
0.7976788552477956,0.12350857444107533,4.005897790193558e-05,3.028881435295338e-06,-0.13445426900402174,0.03675738539311033,0.04797511671021939,-0.13445426900402174
0.49225470423698425,0.1639982145279646,0.5133035006001592,3.0288279226545608e-06,-0.07760341371504252,0.051057569678321084,0.021243253202174437,-0.07760341371504252
0.14721043314784765,0.8122939299792051,0.5200515072792768,3.02847985866045e-06,-0.062379670434115464,0.04798116222548081,0.019652759587161412,-0.062379670434115464
0.12349201645702124,0.1366107575595379,0.5202404446899891,3.028406710549705e-06,-0.08015154185082068,0.05162685068854086,0.022434303591112734,-0.08015154185082068
0.8504952602088451,0.8381856987252831,0.5191062930971384,3.028332584915873e-06,-0.06114610247597642,0.04322600820920026,0.018144895588872223,-0.06114610247597642
0.5440053464844823,0.8865389712154865,0.5164850289002061,3.0282883469665037e-06,-0.06544066378240611,0.04754174525451562,0.018105005793279345,-0.06544066378240611
0.9162929458543658,0.8890983611345291,0.5226981565356255,3.028285263389975e-06,-0.06598679658776979,0.046416064699388915,0.017696296068484267,-0.06598679658776979
0.7816955028101802,0.8692768383771181,0.5224699126556516,3.027951121681217e-06,-0.06355005328021388,0.04447801276884791,0.0172526901714843,-0.06355005328021388
0.913422298617661,0.7836852064356208,0.5069487439468503,3.027924400898594e-06,-0.06036325190219425,0.04852125910191214,0.02033593962895145,-0.06036325190219425
0.024280249141156673,0.879080324433744,0.5238306196406484,3.0277678242328424e-06,-0.06589393833390428,0.04799935346570705,0.018058644816222557,-0.06589393833390428
0.1852080225944519,0.16368013806641102,0.5258965836837888,3.0276997724181923e-06,-0.07858842046130593,0.05100087179120815,0.020945956045277898,-0.07858842046130593
0.527174792252481,0.8668745756149292,0.5175430495291948,3.0276682327947365e-06,-0.06329169895532755,0.045417273932806736,0.017589578533849255,-0.06329169895532755
0.24429110158234835,0.3399136634543538,0.5235758209601045,3.0275447576182297e-06,-0.07173696557471303,0.047329780136222216,0.021081625374467717,-0.07173696557471303
0.4793258309364319,0.992183355614543,0.00015241187065839767,3.0275189658812957e-06,-0.10176005526992606,0.04700812837837685,0.05121152179334778,-0.10176005526992606
0.1345312101766467,0.8763007111847401,0.5232603512704372,3.0274058657964816e-06,-0.06545380790703749,0.04730756793053699,0.01816377989653609,-0.06545380790703749
0.8929280238226056,0.8405214482918382,0.5173844341188669,3.0271004961058887e-06,-0.061301110280654755,0.04368975676384314,0.0179839884467658,-0.061301110280654755
0.675181613303721,0.8661628365516663,0.5212556822225451,3.026949958294637e-06,-0.06311047344905822,0.044450988823817594,0.017394257596745004,-0.06311047344905822
0.9029111126437783,0.8614002801477909,0.5216429559513927,3.026858969518741e-06,-0.06289910386377566,0.042849416870885546,0.01712456281490528,-0.06289910386377566
0.3261552359908819,0.8103810716420412,0.5207228567451239,3.026809811844194e-06,-0.06195217453224616,0.047627636600240046,0.019483734975219522,-0.06195217453224616
0.7800473403185606,0.8245416395366192,0.5196403311565518,3.0268078494590478e-06,-0.06093891189159133,0.04471673770400788,0.01866999917562591,-0.06093891189159133
0.8308470221236348,0.7628827849403024,0.5270763905718923,3.0264221316768796e-06,-0.06006676475834555,0.04725370794288351,0.019842189798022433,-0.06006676475834555
0.7011002153158188,0.8791651967912912,0.5230936016887426,3.026354253435122e-06,-0.0646346633610238,0.045917575598503915,0.017566699649325508,-0.0646346633610238
0.7508481675758958,0.16678384505212307,0.5124547490850091,3.026259747558931e-06,-0.07819631752303813,0.05107665992556622,0.022459820770326797,-0.07819631752303813
0.7337654661387205,0.8606606349349022,0.5192086417227983,3.026022641577981e-06,-0.06250467825152682,0.04368989032765622,0.017428907260567526,-0.06250467825152682
0.16729565430432558,0.8635487165302038,0.5194062069058418,3.025993899756439e-06,-0.06391654472275214,0.046116450037312344,0.018186525412626425,-0.06391654472275214
0.538087073713541,0.7710632216185331,0.5081493370234966,3.025983405130346e-06,-0.059524843020242135,0.04855159678037221,0.02087832681933733,-0.059524843020242135
0.9117643889039755,0.884273643605411,0.5138068133965135,3.0255779145389565e-06,-0.06532423489245753,0.046877293654048635,0.017573058275911796,-0.06532423489245753
0.6815911801531911,0.773407144472003,0.5302266888320446,3.0254100565268197e-06,-0.06060325881173715,0.046775698886074274,0.01990244018069291,-0.06060325881173715
0.9696311904117465,0.7926148120313883,0.5287725050002337,3.0253387668043767e-06,-0.06173479584541632,0.04663809811835782,0.01924158499569324,-0.06173479584541632
0.2641811789944768,0.8798062056303024,0.5156815620139241,3.0252205568269e-06,-0.06544569978432054,0.04764950110826895,0.01849681509924968,-0.06544569978432054
0.05986983887851238,0.8158552721142769,0.5204590568318963,3.0251404748594993e-06,-0.06250354514928833,0.04793532324435862,0.01951322614061613,-0.06250354514928833
0.005239710211753845,0.8922804901376367,0.5175788132473826,3.0250651413300186e-06,-0.06709624753515712,0.04925640274460586,0.018647824264312284,-0.06709624753515712
0.7453050408512354,0.8674269746989012,0.5221648933365941,3.024654820308632e-06,-0.06329218175565496,0.04430704036350306,0.017302877356578508,-0.06329218175565496
0.9690180541947484,0.537833709269762,0.5216827346011996,3.0245757222041845e-06,-0.060842986092086965,0.049854005094489444,0.021225718873132394,-0.060842986092086965
0.6104021836072206,0.887156467884779,0.522026315331459,3.0244590996389055e-06,-0.06551014975589158,0.04696427516126936,0.01799225468667991,-0.06551014975589158
0.42421699967235327,0.8875530418008566,0.5167431188747287,3.024364068478317e-06,-0.06587306213725515,0.047803836542935955,0.018383999844607406,-0.06587306213725515
0.8212556643411517,0.5389537401497364,0.5175828505307436,3.024160226292764e-06,-0.05975427336242329,0.04989794093804566,0.02180294274218597,-0.05975427336242329
0.03458745218813419,0.3355967029929161,0.5204035174101591,3.0237626249995528e-06,-0.07125060319670638,0.04826919012168374,0.020416060220723842,-0.07125060319670638
0.9281835630536079,0.825234305113554,0.5158018283545971,3.0237295312971557e-06,-0.06111770678664459,0.04507109275015164,0.01851497199510158,-0.06111770678664459
0.3594149760901928,0.8655831608921289,0.5180016458034515,3.0236693203484702e-06,-0.06364847328184316,0.04571518492391136,0.01800842320562263,-0.06364847328184316
0.5372406961396337,0.8087239190936089,0.5221007950603962,3.0235973188672533e-06,-0.06137523196322401,0.047111390997819476,0.019226334355484022,-0.06137523196322401
0.9481589440256357,0.7886580536141992,0.0007928330451250076,3.023593866872646e-06,-0.09804283484236871,0.04356212145560093,0.055520131268492326,-0.09804283484236871
0.3362528122961521,0.1444765031337738,0.5235991301015019,3.023402195213195e-06,-0.08032603437654055,0.05154138657274784,0.022015033106132627,-0.08032603437654055
0.4739183336496353,0.8091204930096865,0.5166420629248023,3.023238963390947e-06,-0.06132174719442059,0.04766364707148618,0.019452580091630114,-0.06132174719442059
0.9689821638166904,0.16147751361131668,0.511247081682086,3.0228361183328425e-06,-0.07908657353707088,0.05141816084490454,0.023200490483221634,-0.07908657353707088
0.3895954545587301,0.15559993498027325,0.5136404735967517,3.0222517043518753e-06,-0.07802581211427814,0.05117323174986879,0.021316501282117234,-0.07802581211427814
0.982385185547173,0.8825174169614911,0.5130203953012824,3.0221984898373047e-06,-0.06527597559014871,0.04677538650117825,0.017405123636619946,-0.06527597559014871
0.19095014687627554,0.33614193461835384,0.519165069796145,3.022190251225598e-06,-0.07117599933544815,0.0476881398437615,0.021058340681675964,-0.07117599933544815
0.22178835980594158,0.8696737214922905,0.5162708889693022,3.0219342460306704e-06,-0.06439198296806292,0.04675198639518055,0.01827121848101569,-0.06439198296806292
0.8560938825830817,0.17748784739524126,0.5139998653903604,3.0217512761892495e-06,-0.07775992334239598,0.05098108338431353,0.022146767324415652,-0.07775992334239598
0.3437717854976654,0.7974722227081656,0.5269969264045358,3.0215240725504264e-06,-0.06208927441745284,0.047658157288195294,0.01965805268753023,-0.06208927441745284
0.34800509363412857,0.8742243908345699,0.5229112645611167,3.0212830113476673e-06,-0.0647805882518977,0.046367658280723055,0.018019111075164913,-0.0647805882518977
0.03339524008333683,0.9979956615716219,0.5231126276776195,3.021139377017139e-06,-0.070312395013786,0.04903846932284427,0.018510456526361737,-0.070312395013786
0.024784046225249767,0.8308870764449239,0.5205702101811767,3.0209673480177425e-06,-0.06234482455430631,0.04616304955100477,0.019125728092643183,-0.06234482455430631
0.12323244381695986,0.9944494161754847,0.5173557493835688,3.020933515828191e-06,-0.07015962600536028,0.0486902276288565,0.01865077019352612,-0.07015962600536028
0.9893031297251582,0.9884847830981016,0.5206025606021285,3.020904255799624e-06,-0.069746730618854,0.04821680340168896,0.018209228123270835,-0.069746730618854
0.1355255153030157,0.1378147192299366,0.52235521748662,3.0207857212181636e-06,-0.08035012720920756,0.05159763993096002,0.022405063995144737,-0.08035012720920756
0.46290078293532133,0.16964686661958694,0.525510142557323,3.02052850210358e-06,-0.07878559827165177,0.051076193606278124,0.020890988890479485,-0.07878559827165177
0.3050290858373046,0.8677627481520176,0.5166985746473074,3.0202752307544055e-06,-0.06400316299057361,0.04622837933673441,0.018175712851526696,-0.06400316299057361
0.05419911816716194,0.5463644340634346,0.5200271597132087,3.0201593097106695e-06,-0.06007191238527103,0.05033275804134342,0.021740861371239314,-0.06007191238527103
0.7435502735897899,0.14222246315330267,0.0012755393981933594,3.020116797698191e-06,-0.13215183237055667,0.03803987768151325,0.04778143345156646,-0.13215183237055667
0.923258519731462,0.8743703002110124,0.5241273678839207,3.0201159597382215e-06,-0.06441690628973873,0.044696125697195395,0.0170893281393417,-0.06441690628973873
0.10470993909984827,0.33732240460813046,0.5230207517743111,3.020042611659601e-06,-0.07165037710493466,0.047751519528566974,0.020563575212831742,-0.07165037710493466
0.44672492425888777,0.34849549923092127,0.5149808591231704,3.019731613693865e-06,-0.07036832776866522,0.04760866159422137,0.022451369367370983,-0.07036832776866522
0.8988447925075889,0.5475010806694627,0.5173339582979679,3.019524749962942e-06,-0.05857907253474842,0.04930088558301485,0.020833025998261104,-0.05857907253474842
0.6499164775013924,0.8221882358193398,0.5193014778196812,3.019457189664701e-06,-0.060910940863362836,0.045454065882895335,0.018851128023122752,-0.060910940863362836
0.536513427272439,0.8143116515129805,0.5184633154422045,3.0194330787116434e-06,-0.061180913930806345,0.04689866708620076,0.019149871455785682,-0.061180913930806345
0.9684393256902695,0.1822463572025299,0.5218630339950323,3.0190297307197763e-06,-0.07863294742311712,0.051110059743892274,0.021913840207298724,-0.07863294742311712
0.8940185569226742,0.8642659327015281,0.5148501712828875,3.0189807460410494e-06,-0.0630187277393573,0.04407345981155136,0.01720856259709901,-0.0630187277393573
0.6894534500315785,0.8782469490543008,0.5143763041123748,3.0189290662656018e-06,-0.06433902840747313,0.04661075980871827,0.017696256281274747,-0.06433902840747313
0.9742206875234842,0.8258994212374091,0.5150004662573338,3.0188946189726566e-06,-0.061203276324842876,0.04510080497252564,0.018452852564163204,-0.061203276324842876
0.4309392115101218,0.8077715132385492,0.522850027307868,3.018858635412229e-06,-0.06170470620812069,0.04737880260339342,0.019312479213521857,-0.06170470620812069
0.0950183430686593,0.8171918541193008,0.5181745663285255,3.0188311035098906e-06,-0.06232188090745761,0.047770526788352106,0.0195654293979055,-0.06232188090745761
0.4370794342830777,0.34023550245910883,0.5148908803239465,3.0187164351940536e-06,-0.07052205473522259,0.04747859325673548,0.02211900010993698,-0.07052205473522259
0.9050320908427238,0.15191244054585695,0.0017913412302732468,3.0185857021993867e-06,-0.13173542999538954,0.03776877967460014,0.04763393557723063,-0.13173542999538954
0.20947979670017958,0.9951722417026758,0.521451803855598,3.0185731929106315e-06,-0.07005506850298382,0.04823809240413859,0.01870994832273694,-0.07005506850298382
0.7506286948919296,0.5402178708463907,0.5170567817986012,3.0183105341376677e-06,-0.05930184564730309,0.04984165023192684,0.021927582468807685,-0.05930184564730309
0.5840761372819543,0.347497615031898,0.5142337726429105,3.018281566126863e-06,-0.07041999980968551,0.047554272894453395,0.022675044255349035,-0.07041999980968551
0.3341830689460039,0.9998157992959023,0.001023237593472004,3.018200800501446e-06,-0.10188647010761576,0.04792216076132223,0.050297225223517796,-0.10188647010761576
0.06775672361254692,0.833459590561688,0.5190400164574385,3.0180522488947225e-06,-0.062234909951055684,0.04577226522491959,0.019132633993573525,-0.062234909951055684
0.6239029159769416,0.8861177628859878,0.5152106443420053,3.017858813276614e-06,-0.06524541856325958,0.047404383654284905,0.0180558934899766,-0.06524541856325958
0.7603366766124964,0.8176094237715006,0.5166228208690882,3.0177262933299108e-06,-0.06092304259725695,0.046088774955074886,0.01897373096360091,-0.06092304259725695
0.6126108607277274,0.5414321478456259,0.5204683737829328,3.0177093326484743e-06,-0.05935065032641531,0.049754173939354114,0.021750786839338565,-0.05935065032641531
0.8795894384384155,0.1400623144581914,0.5240121399983764,3.017603740190116e-06,-0.08271215262852001,0.05162648056254607,0.02478361097204405,-0.08271215262852001
0.6185350315645337,0.8188191708177328,0.520047883503139,3.0174852091049833e-06,-0.0610230912518226,0.04598111542583772,0.018928897069024585,-0.0610230912518226
0.7656697127968073,0.8466488281264901,0.5195015035569668,3.017457417147092e-06,-0.061472801239173626,0.0440021793273918,0.017792490414565678,-0.061472801239173626
0.10496903490275145,0.5398875623941422,0.5184883680194616,3.0174464422687756e-06,-0.06077882897513578,0.05057011363626574,0.022497304968571625,-0.06077882897513578
0.05029878951609135,0.8572268085554242,0.5186446234583855,3.0174311032398166e-06,-0.06349985674784614,0.04657289514251773,0.01815329203045211,-0.06349985674784614
0.060604789294302464,0.8111244272440672,0.5163369690999389,3.017248731367896e-06,-0.062387638353816895,0.04855153770743514,0.019831959977653076,-0.062387638353816895
0.1026612427085638,0.8894339744001627,0.51619394402951,3.01721932877081e-06,-0.06669348489267941,0.04876798241885948,0.018722847655882148,-0.06669348489267941
0.263443598523736,0.9932369794696569,0.5198031766340137,3.017214066324274e-06,-0.06993643085436223,0.04821230419580387,0.018724421536621325,-0.06993643085436223
0.5408298671245575,0.8078110991045833,0.5153690474107862,3.017210434828907e-06,-0.06109212287567496,0.047663632129264125,0.019518444263212677,-0.06109212287567496
0.09846579656004906,0.34226897079497576,0.5142200076952577,3.0170022572425014e-06,-0.07037913496360437,0.04694984989791627,0.02153587550008456,-0.07037913496360437
0.3412260105833411,0.8792467145249248,0.5151243405416608,3.016877056939423e-06,-0.06517642572574545,0.04742227593503547,0.01835025793189487,-0.06517642572574545
0.9150737635791302,0.9878815915435553,0.5190113317221403,3.016305080250899e-06,-0.06960706048153323,0.048240611598785905,0.0182982590689109,-0.06960706048153323
0.32960040774196386,0.13965699821710587,0.5227831564843655,3.016157149133031e-06,-0.08062764444171772,0.05161466893062034,0.02233183283961146,-0.08062764444171772
0.2930012224242091,0.8613016474992037,0.5195327484980226,3.016082718048453e-06,-0.06342939833704174,0.045412552020067914,0.01816048839181386,-0.06342939833704174
0.24150640703737736,0.8631762992590666,0.52118054125458,3.015909466168795e-06,-0.06377780020006266,0.04561958502276872,0.018165656693457797,-0.06377780020006266
0.1572433765977621,0.1520541999489069,0.5137724010273814,3.0155616267154315e-06,-0.07778605729401747,0.051015279206188015,0.02140821165974739,-0.07778605729401747
0.42209230549633503,0.5417679958045483,0.5189157109707594,3.0155577501198325e-06,-0.059575594713787566,0.049998001268572165,0.021859171662742906,-0.059575594713787566
0.4616508577018976,0.8662336263805628,0.5218420708552003,3.0155102950473533e-06,-0.0634950038806031,0.045143689758666436,0.01761416378322093,-0.0634950038806031
0.16984923742711544,0.8915382334962487,0.5216786358505487,3.0154046774278104e-06,-0.06694469296467831,0.04831513568937959,0.018826165323223242,-0.06694469296467831
0.9895628178492188,0.130394347012043,0.5160085493698716,3.0153968764530238e-06,-0.08276100143570479,0.051989528155994516,0.025516352829181372,-0.08276100143570479
0.4828149229288101,0.8862031381577253,0.5227450300008059,3.0153712043474437e-06,-0.06567358599532302,0.04710337594098597,0.018059769575067185,-0.06567358599532302
0.02919045463204384,0.14406311139464378,0.5148375378921628,3.015327116713241e-06,-0.07863364621561143,0.05145631290660742,0.021807050459992563,-0.07863364621561143
0.4746530568227172,0.8139148242771626,0.5207634950056672,3.0152737962253963e-06,-0.06143388769589699,0.04691151664159734,0.01912047296431603,-0.06143388769589699
0.7692212471738458,0.3472997536882758,0.5249347807839513,3.015245610316234e-06,-0.07206378820430089,0.04771005557223371,0.021696049925869508,-0.07206378820430089
0.2895980514585972,0.1725169299170375,0.5138003481552005,3.01498588911685e-06,-0.0762450651558138,0.05060778298283844,0.020227319394895606,-0.0762450651558138
0.04015941359102726,0.8222668748348951,0.517494959756732,3.0149008073751977e-06,-0.062292033243245545,0.04741210866992599,0.01942984207323337,-0.062292033243245545
0.7956382548436522,0.8325232407078147,0.5165059827268124,3.0148268574093573e-06,-0.06080812918558943,0.04339433297268809,0.018530179107561707,-0.06080812918558943
0.5907719172537327,0.8762005725875497,0.5235113417729735,3.014400204521541e-06,-0.06436405405781445,0.045847514435968593,0.01753419267019797,-0.06436405405781445
0.09373496100306511,0.8620410095900297,0.5170997455716133,3.0143142276617586e-06,-0.06380389622802034,0.04645586261827737,0.018175772969847154,-0.06380389622802034
0.05456260032951832,0.7835883852094412,0.5310231801122427,3.0142741998292522e-06,-0.0626672072094253,0.0482778324605669,0.020163085496610257,-0.0626672072094253
0.21647666674107313,0.8251826521009207,0.5192549657076597,3.0139693544532184e-06,-0.06196627321925778,0.04622945645156849,0.01932561535860735,-0.06196627321925778
0.5999524993821979,0.13412013091146946,0.5181994056329131,3.0139423944289365e-06,-0.0814457771869809,0.05179287220157138,0.023789198587074373,-0.0814457771869809
0.6884981691837311,0.1397423604503274,0.5151879778131843,3.0137999801468007e-06,-0.08081532018158283,0.05167006061779639,0.023842435331526347,-0.08081532018158283
0.7203949186950922,0.8436976717785001,0.5198355568572879,3.013767756875742e-06,-0.06126059542088281,0.04390018330335883,0.01799749179887979,-0.06126059542088281
0.8620345965027809,0.8311866736039519,0.522009183652699,3.0136963345409966e-06,-0.061088285909772805,0.04317657043743447,0.01833656392560596,-0.061088285909772805
0.8242540555074811,0.8489590967074037,0.521085043437779,3.013641875703474e-06,-0.06174724394417188,0.04381682914407472,0.017563246429120462,-0.06174724394417188
0.24791220389306545,0.7684901058673859,0.5298153217881918,3.0135664760460364e-06,-0.06150166564618985,0.047825854199862086,0.02010611619503523,-0.06150166564618985
0.21910796407610178,0.7572757285088301,0.520388774573803,3.0133656824189434e-06,-0.06049279530113639,0.04867394410841763,0.020577627224598397,-0.06049279530113639
0.45712101459503174,0.7636024719104171,0.5107772331684828,3.0132210277198378e-06,-0.05947536312019849,0.04867847616674816,0.020751066839291333,-0.05947536312019849
0.6852333145216107,0.8362432988360524,0.5177026856690645,3.0131200331322847e-06,-0.060835482275733585,0.043362645077578615,0.01848354127936852,-0.060835482275733585
0.431677021086216,0.8191547803580761,0.5187240242958069,3.012962715367985e-06,-0.061402608351075895,0.04655483306656283,0.019095473457323073,-0.061402608351075895
0.5462140291929245,0.5447361748665571,0.5181686244904995,3.012959273879295e-06,-0.05863439036822252,0.049659102596369645,0.02167886506384285,-0.05863439036822252
0.9006033409386873,0.8971998868510127,0.5193034121766686,3.0129081001511976e-06,-0.06668579305047334,0.04728618840911818,0.018138783543219218,-0.06668579305047334
0.7402276527136564,0.8345853565260768,0.5169327147305012,3.0128803215314027e-06,-0.060785935703363325,0.04316598523691492,0.01852155442678827,-0.060785935703363325
0.6683121165260673,0.1815076731145382,0.5194158470258117,3.0128419657447366e-06,-0.07755744349035722,0.050870386727806964,0.021220486689742073,-0.07755744349035722
0.8559340834617615,0.8078850051388144,0.5240752073004842,3.0126624504517747e-06,-0.06145001512677387,0.04642680221202989,0.018970657900349144,-0.06145001512677387
0.8362742820754647,0.8556911339983344,0.5161680523306131,3.0125576892219852e-06,-0.062132777742239555,0.044054820073230694,0.017414531614412043,-0.062132777742239555
0.41132079623639584,0.13476090133190155,0.5205453597009182,3.0125029785032747e-06,-0.08102321312946849,0.05174351483585862,0.022863667416041195,-0.08102321312946849
0.11764317192137241,0.3460239963606,0.5254565617069602,3.012420723587084e-06,-0.07186919230485103,0.047126086985810584,0.020905597668855462,-0.07186919230485103
0.5657564988359809,0.17321326676756144,0.5133987301960588,3.0124056507432207e-06,-0.07705860208534088,0.050855356361760806,0.021133253948143162,-0.07705860208534088
0.8415321605280042,0.9896689485758543,0.5167620908468962,3.0123939368521988e-06,-0.06946193107008965,0.048214719052425414,0.01839508192224213,-0.06946193107008965
0.8417913755401969,0.12973219901323318,0.5198604017496109,3.012356182476067e-06,-0.08304656064650942,0.05182543054128438,0.02547050419331456,-0.08304656064650942
0.7147263372316957,0.5421893056482077,0.516385730355978,3.012159976659092e-06,-0.05882544896371469,0.0497227985989409,0.021910719496585733,-0.05882544896371469
0.12664399668574333,0.8236038666218519,0.5213353699073195,3.012082993138862e-06,-0.062262317870064254,0.046634890365191674,0.019309466999922177,-0.062262317870064254
0.9866356011480093,0.17953034956008196,0.5244065681472421,3.0120029921197476e-06,-0.07926329821233423,0.051128413813408234,0.022111564835478353,-0.07926329821233423
0.6928760623559356,0.8264535516500473,0.5211664261296391,3.012001747002373e-06,-0.06088723183198432,0.04438064556660888,0.018675271825799308,-0.06088723183198432
0.33878709841519594,0.8215474504977465,0.5199310621246696,3.0119124756127775e-06,-0.06170325735665103,0.046370304892190684,0.019183070841732704,-0.06170325735665103
0.17280447110533714,0.8693583710119128,0.5154848452657461,3.0117857794364387e-06,-0.06440861649735234,0.046911742571852134,0.018262938384132323,-0.06440861649735234
0.05743354931473732,0.8891198122873902,0.5155304623767734,3.0116418026528395e-06,-0.06668349016271037,0.04894421406900395,0.018644917678133303,-0.06668349016271037
0.48069022316485643,0.5443395860493183,0.5206976151093841,3.0115699363620404e-06,-0.05916332932777313,0.04971156208915954,0.02141334540892287,-0.05916332932777313
0.7964856009930372,0.8722667628899217,0.5137907601892948,3.0115502097134057e-06,-0.06371590436215258,0.04566519964520438,0.01740148629445665,-0.06371590436215258
0.532209581695497,0.3392824111506343,0.5146327940747142,3.011397169293753e-06,-0.07057890535356684,0.04763767149292325,0.022273924250680175,-0.07057890535356684
0.32688154373317957,0.8126697428524494,0.5170355439186096,3.011388415647927e-06,-0.0617642710690647,0.04764317581780267,0.019544398610569474,-0.0617642710690647
0.5012731468304992,0.8284967942163348,0.5185983069241047,3.011289604845939e-06,-0.061058516307049206,0.04487034081529345,0.01880631068521488,-0.061058516307049206
0.7436851216480136,0.15874047204852104,0.5263098021969199,3.0112019363209644e-06,-0.08088242631399,0.051256057868981096,0.023041653938041386,-0.08088242631399
0.679588919505477,0.17932957503944635,0.5155249470844865,3.0111447031769993e-06,-0.07723529687364214,0.05084245878867314,0.021399899666563672,-0.07723529687364214
0.6595955463126302,0.797075335867703,0.5273976270109415,3.011071126029313e-06,-0.061307153130300315,0.04678744515751081,0.019503644834038495,-0.061307153130300315
0.6985409138724208,0.8446449460461736,0.5178529806435108,3.0108357017862743e-06,-0.06125204789087675,0.04423226304968468,0.01801184018000113,-0.06125204789087675
0.2826023958623409,0.34185457322746515,0.5249804863706231,3.010803499191334e-06,-0.07187024569994692,0.047136943350852174,0.021165827199861847,-0.07187024569994692
0.17441240511834621,0.34564945101737976,0.0009030997753143311,3.010768585939868e-06,-0.11982809715682477,0.04083902837383903,0.04399362089949782,-0.11982809715682477
0.23935491126030684,0.15085020568221807,0.002244453877210617,3.0107367151647976e-06,-0.12873260582690116,0.04228241363680683,0.04719622378608443,-0.12873260582690116
0.0039023039862513542,0.8643512930721045,0.5233687469735742,3.0106723115744593e-06,-0.06431580823998263,0.04670753870192056,0.017882890055939373,-0.06431580823998263
0.1616232255473733,0.838765393011272,0.51975850854069,3.0106611252351107e-06,-0.062223524135921894,0.04537142465626567,0.018952280021925026,-0.062223524135921894
0.8973364550620317,0.15417837351560593,0.5116460397839546,3.010596667082979e-06,-0.07966025739882043,0.05141020191267282,0.02368351777078111,-0.07966025739882043
0.528750617057085,0.8935719048604369,0.5196346342563629,3.010572769270205e-06,-0.06623014915269676,0.04772615445666343,0.018388557752694806,-0.06623014915269676
0.7508921306580305,0.772575712762773,0.0015133041888475418,3.010312384544761e-06,-0.09711910971298338,0.0430068564070989,0.05586603551560309,-0.09711910971298338
0.6477535776793957,0.8508643405511975,0.5196816893294454,3.010040994162504e-06,-0.061725597336357935,0.0444602604953629,0.017713714141954204,-0.061725597336357935
0.7647017305716872,0.343312612734735,0.5127810342237353,3.0099473651073648e-06,-0.0705537854497852,0.04753042582777009,0.022478734308041662,-0.0705537854497852
0.47731186728924513,0.8591983104124665,0.5182177573442459,3.0099458473559636e-06,-0.06264554908260138,0.044850114467996215,0.01772910851523941,-0.06264554908260138
0.6168756047263741,0.8524008644744754,0.5189352799206972,3.0096548592949987e-06,-0.06184117601720156,0.04461554041138979,0.017697694179354132,-0.06184117601720156
0.8075361726805568,0.841732912696898,0.5214843032881618,3.0096223596934933e-06,-0.06128248807356861,0.043333986872840936,0.017962714953895804,-0.06128248807356861
0.771169651299715,0.13484630547463894,0.5225835051387548,3.0094702708531567e-06,-0.08267304934260533,0.05172764163850742,0.024763286632561148,-0.08267304934260533
0.7048960505053401,0.8194811996072531,0.5163180250674486,3.009328871464336e-06,-0.06083244237178776,0.04593047837008902,0.018983870463438118,-0.06083244237178776
0.4395944271236658,0.8288936028257012,0.5201431205496192,3.0092718525832276e-06,-0.061290767192595005,0.04486682308989971,0.018839106607006155,-0.061290767192595005
0.6066292384639382,0.8272372931241989,0.5172057785093784,3.0088592294696763e-06,-0.06079958379975838,0.04486444219417833,0.01881379718570478,-0.06079958379975838
0.5426512490957975,0.8588624624535441,0.5205560876056552,3.0088444187365835e-06,-0.06251065552490787,0.04441952337635618,0.017576732008942792,-0.06251065552490787
0.28845701459795237,0.17941495031118393,0.5226931218057871,3.008601327330141e-06,-0.07692730234045687,0.050686425225317314,0.019900443175283205,-0.07692730234045687
0.6034575365483761,0.9999590134248137,0.514419324696064,3.008414084948063e-06,-0.0693011836291594,0.04831270912848089,0.018648213405291294,-0.0693011836291594
0.13635080121457577,0.53837382607162,0.5211571389809251,3.0083260073279636e-06,-0.06124075319747899,0.05054264744297145,0.02234091808745749,-0.06124075319747899
0.10890005994588137,0.8539380552247167,0.5209691682830453,3.0083145803349876e-06,-0.06323412845600986,0.04619142565725396,0.018235954898404322,-0.06323412845600986
0.10467556584626436,0.7723713042214513,0.002035081386566162,3.008073604515678e-06,-0.09795218379012655,0.0457431531559019,0.05348597618285663,-0.09795218379012655
0.0888765025883913,0.5469210920855403,0.5215643187984824,3.008032494983627e-06,-0.06007391105876712,0.05015305355429943,0.021516884904475304,-0.06007391105876712
0.3952263230457902,0.8031023060902953,0.5253628054633737,3.0079947706699613e-06,-0.06190288848335923,0.0474707098347498,0.019440443856601472,-0.06190288848335923
0.03888152353465557,0.8482784954831004,0.5215400671586394,3.007788773165807e-06,-0.06298360099653146,0.046450349189768356,0.018337895728409586,-0.06298360099653146
0.8464011885225773,0.7713831830769777,0.53053093329072,3.007747830294269e-06,-0.06068116599590901,0.04662577205952566,0.01971307381106834,-0.06068116599590901
0.8079484393820167,0.88582834135741,0.5239588851109147,3.0076291487697493e-06,-0.0654505578012145,0.046149807461340515,0.017703207991572833,-0.0654505578012145
0.8723909901455045,0.8322232328355312,0.5152163989841938,3.0076202649424267e-06,-0.06091190195020672,0.04363757249190686,0.018443211962673414,-0.06091190195020672
0.13104126416146755,0.881119548343122,0.5144538851454854,3.007529076359311e-06,-0.06574698410068894,0.04819174801827352,0.018483057426592467,-0.06574698410068894
0.6384992115199566,0.8130052965134382,0.5223190588876605,3.007111900483802e-06,-0.06116716189572358,0.04639486068208722,0.01904410118316001,-0.06116716189572358
0.8345615165308118,0.8150368649512529,0.5228688744828105,3.006990410263797e-06,-0.06128406418068618,0.045819911425251235,0.018766250281810996,-0.06128406418068618
0.6442367006093264,0.5371019616723061,0.519229942932725,3.0069068067266737e-06,-0.059912345100229476,0.05002000646312625,0.02226307553946694,-0.059912345100229476
0.8404778083786368,0.5454587657004595,0.5225533219054341,3.006684773559851e-06,-0.05926473248536187,0.04923617506751984,0.020648923925984886,-0.05926473248536187
0.19850418530404568,0.15540109761059284,0.5262910155579448,3.0066383254758302e-06,-0.0793860054241158,0.051161323935340695,0.021419463275804525,-0.0793860054241158
0.5172381019219756,0.3535576220601797,0.5204785484820604,3.006606323417426e-06,-0.07100630998612871,0.04829892207829681,0.022196589237290322,-0.07100630998612871
0.3585919011384249,0.18111108802258968,0.5198162458837032,3.0064848728147975e-06,-0.07656298741553373,0.05070356432507699,0.01982544611596514,-0.07656298741553373
0.40444927383214235,0.8353695506229997,0.5183678772300482,3.006187552270557e-06,-0.061395759747047265,0.04433151642058717,0.018795661914053338,-0.061395759747047265
0.46689022425562143,0.8942128689959645,0.5192263228818774,3.006186773200699e-06,-0.06644326002115054,0.0478924499978534,0.01852265793862264,-0.06644326002115054
0.20643254276365042,0.8460689140483737,0.519848725758493,3.0059442024679035e-06,-0.06250543956053217,0.045740514334815636,0.018595461214260565,-0.06250543956053217
0.5911227241158485,0.8357051489874721,0.5208894880488515,3.0058877534969147e-06,-0.06099281016040399,0.04340191659165958,0.01846920060142466,-0.06099281016040399
0.25675190426409245,0.8270334843546152,0.5176073964685202,3.00588583649049e-06,-0.061772227578079625,0.04590438004839938,0.019306747406397356,-0.061772227578079625
0.6789399916306138,0.8060122607275844,0.5245021181181073,3.005762916404145e-06,-0.06126975621927568,0.046651879161480656,0.019239065670178357,-0.06126975621927568
0.8853997243568301,0.796105744317174,0.509280564263463,3.005327930110787e-06,-0.06081076926535163,0.04818420889990336,0.01989448888722433,-0.06081076926535163
0.6327047552913427,0.5435249488800764,0.5221253829076886,3.0050157283681022e-06,-0.059165982355554946,0.04951698694381327,0.02138429360697499,-0.059165982355554946
0.2839641785249114,0.8431177577003837,0.5194275230169296,3.004705877094872e-06,-0.06213136466888382,0.045308418616820036,0.018677526421771166,-0.06213136466888382
0.6280431523919106,0.857571485452354,0.5168395806103945,3.004677140988156e-06,-0.06216408825740708,0.04448050429349403,0.017619283105898952,-0.06216408825740708
0.48159270640462637,0.9907231852412224,0.518569502979517,3.00456241609354e-06,-0.06929271676971692,0.0479346637204395,0.018696296604167852,-0.06929271676971692
0.0792962983250618,0.8399416981264949,0.5218742350116372,3.004150382999195e-06,-0.06248547282006456,0.045693798764714195,0.018786626430492934,-0.06248547282006456
0.33216862473636866,0.8514440348371863,0.5190902557224035,3.003920654855363e-06,-0.06251219481259851,0.04550583371972681,0.018247362680220126,-0.06251219481259851
0.19120971579104662,0.540553405880928,0.5223250379785895,3.0036978257705435e-06,-0.060890627850787006,0.050275098493707204,0.02194101869609969,-0.060890627850787006
0.017790639773011208,0.3503473224118352,0.514553471468389,3.0036278489939412e-06,-0.07020112906653604,0.04799260408847342,0.02157926533534213,-0.07020112906653604
0.14002210646867752,0.849599870853126,0.5178083758801222,3.0036146585981073e-06,-0.06278822145334678,0.04624356141287073,0.01847992733224795,-0.06278822145334678
0.1464843526482582,0.8146402314305305,0.5163649693131447,3.003581272015204e-06,-0.062174788668348475,0.04791597119655997,0.019710400423619424,-0.062174788668348475
0.10730346571654081,0.8106910856440663,0.5154140284284949,3.0034811091645405e-06,-0.062255832741931784,0.04842389262777988,0.01989014000107255,-0.062255832741931784
0.1972542917355895,0.817945197224617,0.5221503982320428,3.003450335350189e-06,-0.06223767317995347,0.04704888699370416,0.01938871190737107,-0.06223767317995347
0.5953245116397738,0.8027323456481099,0.5124914525076747,3.0033745421012485e-06,-0.060825243423769534,0.047942215850382934,0.01984113559297092,-0.060825243423769534
0.8663328494876623,0.18335089087486267,0.5178890516981483,3.003283693942419e-06,-0.07776591850649166,0.05090593952501996,0.021821941401852896,-0.07776591850649166
0.7567256977781653,0.17301249969750643,0.5260149398818612,3.003157394299897e-06,-0.07957909449932203,0.050969973704718965,0.022234158408321873,-0.07957909449932203
0.6676359996199608,0.18031286634504795,0.0007540136575698853,3.0025522728573963e-06,-0.12845570708396642,0.03924551541266732,0.04803519223831947,-0.12845570708396642
0.8099808031693101,0.8915625736117363,0.5145719731226563,3.0025112942368556e-06,-0.06588153384911409,0.04745006554945151,0.018080382748491986,-0.06588153384911409
0.3504747683182359,0.16164672188460827,0.5265678884461522,3.002456118083879e-06,-0.07925569268864525,0.05112501830590238,0.021071469536846296,-0.07925569268864525
0.5729800825938582,0.3437260193750262,0.5254429010674357,3.0024417735987223e-06,-0.07199161672307705,0.047293115627998754,0.021727579386065888,-0.07199161672307705
0.9515123460441828,0.8389426181092858,0.5230802772566676,3.002239442651115e-06,-0.06149600502690821,0.04289608536505367,0.017877026736684842,-0.06149600502690821
0.7020589234307408,0.13284429349005222,0.522034166380763,3.002104866294562e-06,-0.0825264399286587,0.05176487477639083,0.024553114150726595,-0.0825264399286587
0.426538597792387,0.8520042756572366,0.5202972823753953,3.002057344431534e-06,-0.062292588254703976,0.0451138673803396,0.01794144075836148,-0.062292588254703976
0.24366174452006817,0.8410918889567256,0.5179021582007408,3.0019877527278777e-06,-0.06207568100383146,0.04536670189615979,0.018868170214675028,-0.06207568100383146
0.5452197585254908,0.9903875757008791,0.5201755901798606,3.0019758709348878e-06,-0.06919839973991106,0.04791246427763746,0.018781663323525082,-0.06919839973991106
0.15745123196393251,0.3533969968557358,0.5222840681672096,3.001970680900592e-06,-0.07128444040556624,0.048013641784369315,0.021493052945464483,-0.07128444040556624
0.15596049558371305,0.16968931630253792,0.5127128390595317,3.0016993292798614e-06,-0.07604676985128415,0.05042676390541858,0.020503477529850333,-0.07604676985128415
0.0531132947653532,0.9888813532888889,0.5182642452418804,3.001591839868977e-06,-0.0702051639320593,0.04922329206447238,0.018666363870423096,-0.0702051639320593
0.6774967778474092,0.8929219162091613,0.5157846296206117,3.0014749164687616e-06,-0.06592094349652766,0.04766574956346368,0.018322759767992275,-0.06592094349652766
0.6318337433040142,0.991663770750165,0.5162130948156118,3.001397282065676e-06,-0.06917858483420317,0.04800649552867858,0.018754408445479463,-0.06917858483420317
0.7839865703135729,0.15680573880672455,0.5266143446788192,3.0013734880770425e-06,-0.08122699014430358,0.05125549997622998,0.023363293940177544,-0.08122699014430358
0.08727823104709387,0.8965591723099351,0.5199558231979609,3.0012216725259084e-06,-0.0674568102893554,0.048922827051537485,0.018929916886396423,-0.0674568102893554
0.373800165951252,0.8368840729817748,0.5210406417027116,3.001087348307923e-06,-0.061623920996973156,0.04429388912130457,0.018731939857536645,-0.061623920996973156
0.38289430644363165,0.7600696077570319,0.5130855655297637,3.000932858010744e-06,-0.0596550847016566,0.048734350536512414,0.020678673419570748,-0.0596550847016566
0.685580400750041,0.3369342563673854,0.5237429765984416,3.000824190803862e-06,-0.07204539442359982,0.04798238279359603,0.021615644557031716,-0.07204539442359982
0.2008200278505683,0.7599918572232127,0.5258693983778358,3.000742583863876e-06,-0.06099073690661101,0.04831493918146222,0.020327525965530405,-0.06099073690661101
0.5639122230932117,0.8951678713783622,0.5180224264040589,3.000675921404099e-06,-0.06627434629117353,0.047843452484690484,0.018465385116029197,-0.06627434629117353
0.3169382316991687,0.5431891568005085,0.5166130643337965,3.000608030129935e-06,-0.05942646077272226,0.05002412878198678,0.02210737328458517,-0.05942646077272226
0.7080715876072645,0.9919590661302209,0.5155342947691679,3.000416652928021e-06,-0.06924184359768461,0.048038839833057345,0.018642529806243216,-0.06924184359768461
0.36424640379846096,0.12053705379366875,0.00048385467380285263,3.000305825083728e-06,-0.1325048839298084,0.040320520826740404,0.047503325263711406,-0.1325048839298084
0.06162459310144186,0.16694482509046793,0.0029878132045269012,3.0001954026708803e-06,-0.12651063762073542,0.04390532663866773,0.046889372341953964,-0.12651063762073542
0.45942692272365093,0.8375501548871398,0.5173089355230331,3.0000164737005886e-06,-0.061250486814120306,0.044343462119177175,0.018619558140413855,-0.061250486814120306
0.12801885325461626,0.14250501617789268,0.5250029610469937,3.0000023877603713e-06,-0.08027378072533875,0.05147014851565231,0.022179079000197388,-0.08027378072533875
0.03435875475406647,0.5371929984539747,0.5171850472688675,2.9996309184803644e-06,-0.06116601716522158,0.050887333016271935,0.022930445937025486,-0.06116601716522158
0.4448387213051319,0.17985420487821102,0.5160845415666699,2.9995076097872763e-06,-0.07641148656395343,0.05071178468364763,0.020152493161747696,-0.07641148656395343
0.4202595166862011,0.8278780225664377,0.5216882070526481,2.9994688853602685e-06,-0.06140371998077237,0.04495224177662624,0.01884578160490557,-0.06140371998077237
0.7614424554631114,0.8559908978641033,0.5156108308583498,2.9993260809497547e-06,-0.062013993819793306,0.0441964836185632,0.01753832569256266,-0.062013993819793306
0.8489274745807052,0.3389595886692405,0.5252691907808185,2.9993042837495147e-06,-0.07236788444969391,0.04797449775873304,0.021220335761572524,-0.07236788444969391
0.9391646748408675,0.839855382218957,0.5144011247903109,2.9992211607959667e-06,-0.06127493126148529,0.043865494103486675,0.018009856902866928,-0.06127493126148529
0.17365085054188967,0.8315833183005452,0.51673355512321,2.998864677186366e-06,-0.061918280761189805,0.0455504139343504,0.019298435634994553,-0.061918280761189805
0.45586551167070866,0.3541375510394573,0.5188727164641023,2.998844756140427e-06,-0.07072596660805681,0.048343547005020956,0.022243306845648694,-0.07072596660805681
0.9773504789918661,0.14072518609464169,0.5254045790061355,2.9987780588181553e-06,-0.08301482326404212,0.051626408474294054,0.024843625134878863,-0.08301482326404212
0.31457918509840965,0.13190924376249313,0.0013787038624286652,2.9985100563215797e-06,-0.13095672444356246,0.04116413426748952,0.04733983787407683,-0.13095672444356246
0.6010582763701677,0.15712473914027214,0.5120659908279777,2.998509123854479e-06,-0.07840916427244689,0.051156032879693586,0.02224751341028542,-0.07840916427244689
0.8825327130034566,0.878081482835114,0.5250373771414161,2.998504379608798e-06,-0.06474751511148191,0.045076390336652575,0.017250767422032888,-0.06474751511148191
0.6315745320171118,0.1316145546734333,0.5213869735598564,2.9984183791731973e-06,-0.08227335388247084,0.05179270263911592,0.024240737861721123,-0.08227335388247084
0.5449600666761398,0.13242881372570992,0.5174129763618112,2.998293971798516e-06,-0.08126750089442863,0.05177373251844263,0.02362857927780317,-0.08126750089442863
0.001248808577656746,0.1715492494404316,0.5270363418385386,2.998263730670917e-06,-0.07801418859139853,0.051079522138914445,0.02049122917629453,-0.07801418859139853
0.869073779322207,0.3507991498336196,0.5131791057065129,2.9978587441516816e-06,-0.07049610057929354,0.04835878078808104,0.02224090924929766,-0.07049610057929354
0.5206173537299037,0.8369701774790883,0.5215545548126101,2.9978274532057514e-06,-0.06119311426641593,0.0437019914264342,0.018439780711698807,-0.06119311426641593
0.3231384390965104,0.7651533549651504,0.5289415996521711,2.997806767203974e-06,-0.06101943838779921,0.04774357314833832,0.019978496659124698,-0.06101943838779921
0.9290461549535394,0.8483648244291544,0.5144939608871937,2.997670323428795e-06,-0.061756146216510016,0.04435715511816622,0.017549407837127325,-0.061756146216510016
0.6945529635995626,0.14549179561436176,0.5253227790817618,2.997620888609982e-06,-0.08175628612713533,0.05150296289366081,0.02362200928897707,-0.08175628612713533
0.7412242935970426,0.9976685559377074,0.523834265768528,2.9974940974560804e-06,-0.0693380826464543,0.04759697289373919,0.01857183935413189,-0.0693380826464543
0.25796119682490826,0.8440039223060012,0.5213738670572639,2.9974023171387822e-06,-0.06230402606600565,0.04529836176444745,0.018618299972100003,-0.06230402606600565
0.1560612190514803,0.545061893761158,0.5163087453693151,2.9972777539083947e-06,-0.059579508556273114,0.05011015938986551,0.022207151022920958,-0.059579508556273114
0.5227383319288492,0.17243457958102226,0.001885911449790001,2.9972384975078213e-06,-0.1282669481207545,0.04037227977268067,0.04759549695301948,-0.1282669481207545
0.7542522083967924,0.8550726538524032,0.5223435340449214,2.996691254956778e-06,-0.06210201866504387,0.04362272852837435,0.017434122650303446,-0.06210201866504387
0.7977132583037019,0.5488071972504258,0.5210465909913182,2.9966675966198585e-06,-0.058414614216936014,0.04909237445254253,0.02063653193274418,-0.058414614216936014
0.4068279340863228,0.8448335593566298,0.5174017753452063,2.996584081722065e-06,-0.06178840964603426,0.045193138818113605,0.01836299442580959,-0.06178840964603426
0.9554603481665254,0.8988884063437581,0.5163047080859542,2.996506530917032e-06,-0.06690342150824102,0.047594799940836915,0.018160157561773253,-0.06690342150824102
0.6400569351390004,0.15059828385710716,0.5259718680754304,2.9963240596470406e-06,-0.08117678489428365,0.05140699460676565,0.022990518669760953,-0.08117678489428365
0.05812016595155001,0.7771758669987321,0.5317788030952215,2.996287101430507e-06,-0.06244526672046869,0.04816278958026977,0.020215011382411344,-0.06244526672046869
0.95089843403548,0.5429302239790559,0.5241039656102657,2.996214530519252e-06,-0.060188407904205876,0.049286907745771324,0.020505049194907667,-0.060188407904205876
0.27396221831440926,0.542585950344801,0.5228743767365813,2.9961813181036773e-06,-0.06037897476168184,0.050001963048294684,0.021562410128995478,-0.06037897476168184
0.3289584657177329,0.5364609379321337,0.5196305671706796,2.996164879661488e-06,-0.06079919843271444,0.050385732771258886,0.022450552300814754,-0.06079919843271444
0.19452674966305494,0.8546757819131017,0.5168846175074577,2.995988133797618e-06,-0.06300441058252786,0.046045990512516545,0.018378883353308402,-0.06300441058252786
0.9119836231693625,0.2603482371196151,0.5191229991614819,2.9959587547664927e-06,-0.07441584195464179,0.04938610294215917,0.022043700957375713,-0.07441584195464179
0.4109240174293518,0.7956092245876789,0.5283312276005745,2.995796506891079e-06,-0.06186226461972364,0.04733458012374878,0.01956045020185207,-0.06186226461972364
0.9153329934924841,0.12709225714206696,0.52152980864048,2.995718700409268e-06,-0.08374851758383255,0.05179953288236075,0.025955485286959026,-0.08374851758383255
0.028099936433136463,0.18184948898851871,0.5173656018450856,2.9956916910913567e-06,-0.07564620510286503,0.05055865057088689,0.019821909707989194,-0.07564620510286503
0.9487500162795186,0.5469616148620844,0.5144574157893658,2.995546205127045e-06,-0.05851294821293679,0.049376496466663256,0.021054168857410873,-0.05851294821293679
0.11437018681317568,0.8258140441030264,0.5229694908484817,2.9955027516160838e-06,-0.062295306610501894,0.04621560049431757,0.01921384313284574,-0.062295306610501894
0.4115803651511669,0.9924831595271826,0.516073377802968,2.9954765331141553e-06,-0.06947691807941805,0.047973543801620125,0.018598528982202454,-0.06947691807941805
0.19187414646148682,0.3372015506029129,0.0005038436502218246,2.9951335557592937e-06,-0.12016599811622963,0.04134082061677441,0.044238192671425626,-0.12016599811622963
0.8984999116510153,0.17506269086152315,0.5117506245151162,2.9949689249536977e-06,-0.07774218866088987,0.05096520438449163,0.02237970396953166,-0.07774218866088987
0.20973888877779245,0.13548726961016655,0.5161558957770467,2.994940527608577e-06,-0.07973939776080308,0.05147566138842374,0.022480079263094296,-0.07973939776080308
0.31294648814946413,0.8579681301489472,0.5220544273033738,2.9947334888262292e-06,-0.06313278799247485,0.04512311948426239,0.018093665557257874,-0.06313278799247485
0.9303999356925488,0.8473261157050729,0.5232351021841168,2.9946831817504523e-06,-0.06190233438268908,0.04342138521426259,0.01744219042988928,-0.06190233438268908
0.26828361861407757,0.8198780827224255,0.5225778603926301,2.994655762329672e-06,-0.06202571772334783,0.04654565319919354,0.019254795580000945,-0.06202571772334783
0.3770542349666357,0.8945881174877286,0.5213601905852556,2.994560388773221e-06,-0.06679002685981666,0.047863459028319684,0.018783405070612835,-0.06679002685981666
0.7519396394491196,0.12839849293231964,0.5177962118759751,2.993859604680007e-06,-0.08255661370711355,0.051827569412987454,0.025168249749040236,-0.08255661370711355
0.6730606481432915,0.15569831524044275,0.0021668728440999985,2.993757751056278e-06,-0.1303978043718761,0.039085134325156125,0.04762879343055958,-0.1303978043718761
0.5401208093389869,0.17753502819687128,0.5247124368324876,2.993684608826304e-06,-0.0782123605295122,0.050894164235980505,0.020812572810904397,-0.0782123605295122
0.6328692985698581,0.5424843924120069,0.5153407044708729,2.993352342295273e-06,-0.05856681020885651,0.04970798320407291,0.022156604664653586,-0.05856681020885651
0.4866732833907008,0.8204236049205065,0.515968507155776,2.9933429152483045e-06,-0.06109142452413143,0.04638306007708774,0.019082828996801984,-0.06109142452413143
0.7161074858158827,0.1250967476516962,0.0006599929183721542,2.9932032182114864e-06,-0.13376840437759496,0.037435879154336126,0.047904548281137986,-0.13376840437759496
0.23651720117777586,0.7714837891981006,0.5074256723746657,2.9930798463794277e-06,-0.060427185539966566,0.048896291043403435,0.021231659945984048,-0.060427185539966566
0.2631845027208328,0.13342426717281342,0.5168269472196698,2.9928425438414063e-06,-0.08015276718003539,0.051567979043178835,0.02266140646746399,-0.08015276718003539
0.6271958062425256,0.8199033634737134,0.515410402789712,2.9927123204699038e-06,-0.06080131514736637,0.04610811862545148,0.01904411903799236,-0.06080131514736637
0.7188229914754629,0.8838344579562545,0.5246298769488931,2.9927119908274633e-06,-0.06514780500186367,0.04606748475754632,0.017725714915649112,-0.06514780500186367
0.15155405923724174,0.8560266690328717,0.5226032892242074,2.9926828148570943e-06,-0.0633489641145711,0.04579538488930424,0.018193152241418556,-0.0633489641145711
0.5049571385607123,0.7810414656996727,0.5310991797596216,2.9926622461353912e-06,-0.061236425388210634,0.04691344980679519,0.019728987927143414,-0.061236425388210634
0.6660033026710153,0.8293453855440021,0.5226809652522206,2.9925548871357297e-06,-0.060896978418174215,0.04371762825192614,0.018585321966491083,-0.060896978418174215
0.749450596049428,0.8042865665629506,0.5257625160738826,2.9925493664368495e-06,-0.06132427140012107,0.04645740463860215,0.01921941523302097,-0.06132427140012107
0.7097746692597866,0.8647108254954219,0.523617485538125,2.9923166727407177e-06,-0.06297345258160586,0.04374104681072511,0.01732888090848776,-0.06297345258160586
0.6951496284455061,0.1639015981927514,0.0022607147693634033,2.9923149008210913e-06,-0.1297486858935605,0.039155897529272995,0.04764030247056435,-0.1297486858935605
0.15486996062099934,0.12933561392128468,0.5195208145305514,2.992281777576185e-06,-0.08076738380745505,0.05166071797661538,0.023023009104769083,-0.08076738380745505
0.6036962550133467,0.8723435150459409,0.524432759732008,2.991957625250465e-06,-0.06390433890976784,0.04518773739891555,0.01741993495349608,-0.06390433890976784
0.5976532297208905,0.8454133095219731,0.5219528647139668,2.9918970433316486e-06,-0.06146715413757419,0.04421988976146179,0.017931674300705646,-0.06146715413757419
0.5048045003786683,0.18018999323248863,0.5232677143067122,2.99183465220757e-06,-0.07763339912069137,0.05083876336464474,0.020456336592310387,-0.07763339912069137
0.44397708494216204,0.14218217134475708,0.5141665460541844,2.991799791428897e-06,-0.07947042558608187,0.05147258126832915,0.02237739077791837,-0.07947042558608187
0.00730157271027565,0.1760627245530486,0.5134742734953761,2.991741498235281e-06,-0.07560620601806328,0.05057305575967159,0.02009334484863534,-0.07560620601806328
0.034501695074141026,0.16205725260078907,0.5118992375209928,2.991643856189329e-06,-0.07657360332451443,0.050766829328204144,0.020863574839891895,-0.07657360332451443
0.1497324425727129,0.8055160092189908,0.513263969682157,2.9915133698100224e-06,-0.06207456660703693,0.04866086186672546,0.02016860563697749,-0.06207456660703693
0.31819076370447874,0.1312789600342512,0.5178737221285701,2.9914555474883855e-06,-0.08066456874644917,0.05167135558647797,0.022908924577131992,-0.08066456874644917
0.7247864603996277,0.8934658206999302,0.5149985859170556,2.9914491819852237e-06,-0.06596861816691098,0.04764265673219992,0.018305497406714936,-0.06596861816691098
0.90976282954216,0.8931744918227196,0.5236817384138703,2.991224557232075e-06,-0.06635666460162296,0.04651204353584275,0.017902741988017817,-0.06635666460162296
0.15509865432977676,0.9900047220289707,0.5219769226387143,2.9910449109228126e-06,-0.0700972965405768,0.048638965344703,0.018782623870299286,-0.0700972965405768
0.2379876859486103,0.5481664119288325,0.5177238937467337,2.990977108259419e-06,-0.059014767770542625,0.04979046578299896,0.02167415926276155,-0.059014767770542625
0.3540818803012371,0.8296809205785394,0.5161844398826361,2.9908988418388446e-06,-0.06140312577750685,0.04523829256682348,0.019127946214803983,-0.06140312577750685
0.8373810276389122,0.8179084742441773,0.5141277331858873,2.9908707054432875e-06,-0.06092980739819264,0.04620493792006749,0.0189111344796359,-0.06092980739819264
0.29167167842388153,0.8958147214725614,0.5175082786008716,2.9907855347233793e-06,-0.06705139933679764,0.0483540801737237,0.01912144137619038,-0.06705139933679764
0.10388822946697474,0.9875457547605038,0.5203733192756772,2.9907841313017508e-06,-0.07016500076007408,0.04904272004994095,0.018757508687631076,-0.07016500076007408
0.481821876950562,0.13203194551169872,0.5219716969877481,2.9906486035578864e-06,-0.08173167107944052,0.05176274076418848,0.02341802430131807,-0.08173167107944052
0.39607270061969757,0.7810819754377007,0.5068413997069001,2.9906414689235474e-06,-0.06034706586475821,0.04869663718345192,0.02088196379947827,-0.06034706586475821
0.7756361598148942,0.13771791476756334,0.5139057850465178,2.990523360502757e-06,-0.08113808375965055,0.051646052167703994,0.02447116795992918,-0.08113808375965055
0.014240052551031113,0.33880112040787935,0.5258555794134736,2.990512819719406e-06,-0.07192466460348995,0.04791300888263698,0.020169552058890206,-0.07192466460348995
0.02128776255995035,0.7892921417951584,0.5080745220184326,2.9904360975019947e-06,-0.06171877453881036,0.04944802930160258,0.021034941269402436,-0.06171877453881036
0.8699542423710227,0.8995692702010274,0.5200230609625578,2.990413945215107e-06,-0.06683447276831707,0.04731975038719246,0.01829856245529775,-0.06683447276831707
0.7409308226779103,0.3485373090952635,0.0005833003669977188,2.9904094850228934e-06,-0.12062389620285037,0.038588686591674956,0.04554629343675435,-0.12062389620285037
0.9208826972171664,0.9872205406427383,0.00031904224306344986,2.990350705200401e-06,-0.10228520485579101,0.047098146233549416,0.05139767280336341,-0.10228520485579101
0.30330862384289503,0.8341884845867753,0.5224524429067969,2.9903040684786095e-06,-0.061809824860072346,0.04437389485213627,0.018941912856302017,-0.061809824860072346
0.27780131436884403,0.8527119616046548,0.5165788680315018,2.9900714998026493e-06,-0.06266086031009042,0.04580241578248109,0.01838332401559528,-0.06266086031009042
0.6966489851474762,0.9929422978311777,0.0007641976699233055,2.9899794294813697e-06,-0.10162213426815357,0.04669346487331035,0.051519471483929796,-0.10162213426815357
0.5714046768844128,0.8424561666324735,0.5161019433289766,2.9899210136071696e-06,-0.061156975675451884,0.04457388513506205,0.018260920006207465,-0.061156975675451884
0.23225210048258305,0.8321874486282468,0.5227584159001708,2.9897932938388424e-06,-0.061989840733445066,0.04481412762682435,0.019081489367465877,-0.061989840733445066
0.04492524731904268,0.8674946827813983,0.5248439367860556,2.989613299530267e-06,-0.06460915023426893,0.046643064158009714,0.0178936032032512,-0.06460915023426893
0.6212076433002949,0.7816283134743571,0.5065218927338719,2.989582933002077e-06,-0.059804830537504954,0.048332555641639637,0.020817600426751407,-0.059804830537504954
0.8209959724918008,0.33429049141705036,0.5229392163455486,2.9895527343562426e-06,-0.07212178291350907,0.04844979036222652,0.021285849443317687,-0.07212178291350907
0.37961568403989077,0.8600142467767,0.5158182084560394,2.9893824550608586e-06,-0.06293084981519197,0.04528362277188939,0.018043942242134483,-0.06293084981519197
0.4895213507115841,0.8694380139932036,0.5241720508784056,2.9892792802682504e-06,-0.0638039673805648,0.04519551784490067,0.01751008245128344,-0.0638039673805648
0.16038742382079363,0.8868293548002839,0.524706925265491,2.9891216688001837e-06,-0.06652954338634275,0.047798375437379345,0.018565221070588434,-0.06652954338634275
0.22021469473838806,0.7956573739647865,0.5098612308502197,2.9891066431457815e-06,-0.061594980567931834,0.04886181308412722,0.020633260802327268,-0.061594980567931834
0.7921030009165406,0.1839684173464775,0.5197711493819952,2.98896364691362e-06,-0.07776094686966079,0.050812482531474405,0.0216375104921538,-0.07776094686966079
0.9640289610251784,0.8709087679162621,0.5119725801050663,2.9889351309749913e-06,-0.06384661876803067,0.0453002821514383,0.01713110838945996,-0.06384661876803067
0.8481891173869371,0.7636954048648477,0.5089143700897694,2.9888571313812566e-06,-0.05919999335909364,0.04848828754922952,0.020602101749483875,-0.05919999335909364
0.01288588996976614,0.8395835859701037,0.5156605467200279,2.9886531463632403e-06,-0.06234313057488811,0.04632438894563868,0.0189144921509037,-0.06234313057488811
0.707306144759059,0.3413701755926013,0.512353035621345,2.9885678101032783e-06,-0.07044759979416904,0.047447469683617974,0.022588676390248884,-0.07044759979416904
0.865470259450376,0.14301993511617184,0.5123609667643905,2.9882524400716426e-06,-0.08069939890970065,0.0515547319379186,0.024409099190014185,-0.08069939890970065
0.1365799717605114,0.33493121713399887,0.5164429312571883,2.987774007992385e-06,-0.07075640527031214,0.047766026262383667,0.021039463350840847,-0.07075640527031214
0.47025364357978106,0.8871159451082349,0.5140038905665278,2.9875025284101656e-06,-0.06558909405093197,0.047778285513449564,0.018296815980593597,-0.06558909405093197
0.7178927576169372,0.8530477536842227,0.5227700425311923,2.987377773106498e-06,-0.06193044182624781,0.04378164299636042,0.017517668702053277,-0.06193044182624781
0.317962066270411,0.9920606538653374,0.5226483466103673,2.9873091731259524e-06,-0.06977698618884481,0.04796586702443049,0.018708733647044878,-0.06977698618884481
0.2049356158822775,0.18059530202299356,0.5235048728063703,2.9872581244167215e-06,-0.07671835569163174,0.050505400844148,0.019949744876431762,-0.07671835569163174
0.7282841028645635,0.896455748938024,0.5217541754245758,2.987231796952377e-06,-0.06637139979771925,0.047221947010532214,0.018358258284526984,-0.06637139979771925
0.19342097081243992,0.8149553490802646,0.5153347253799438,2.987190265671913e-06,-0.062008057053996986,0.047762506026870995,0.019716436681198116,-0.062008057053996986
0.2656301548704505,0.15354926697909832,0.5267189545556903,2.987187816642627e-06,-0.07974054570528252,0.05119733756887365,0.021517218673752163,-0.07974054570528252
0.9990389589220285,0.8539585657417774,0.5133129525929689,2.987050721948652e-06,-0.0622903961154643,0.044364927704382696,0.017266706680382174,-0.0622903961154643
0.04479787405580282,0.9950040811672807,0.5143724400550127,2.9870046579620907e-06,-0.070198136377068,0.048972345283833284,0.018552481601330283,-0.070198136377068
0.42836383171379566,0.8088102051988244,0.5141317760571837,2.986841882121528e-06,-0.06131855648235931,0.047848967007533175,0.019613241646032415,-0.06131855648235931
0.9396359315142035,0.1709082406014204,0.5273604467511177,2.9867415340046945e-06,-0.08040605918524206,0.05100982098046232,0.022826865296718377,-0.08040605918524206
0.3173291105777025,0.171747125685215,0.512407879345119,2.9864238613690327e-06,-0.07615842990038517,0.05053779439077693,0.020310456966630523,-0.07615842990038517
0.5705430256202817,0.8663304327055812,0.5141787026077509,2.986342128553157e-06,-0.0630125111944111,0.04534224156211362,0.017623531047630567,-0.0630125111944111
0.9448592076078057,0.8201918387785554,0.5242784339934587,2.9863186138650796e-06,-0.061467512246476626,0.04497256557056593,0.01840302317018686,-0.061467512246476626
0.5107358861714602,0.7742676613852382,0.5066109700128436,2.9858814359155225e-06,-0.05962818287181881,0.048497869736294684,0.02091430248694422,-0.05962818287181881
0.12092004809528589,0.8466854048892856,0.5159987788647413,2.9858651888185222e-06,-0.06256088670663304,0.046285305864803554,0.018637417854452828,-0.06256088670663304
0.13004329334944487,0.13482487108558416,0.5155991511419415,2.9858557015623958e-06,-0.07960729803426586,0.05145862570227425,0.02252895350777634,-0.07960729803426586
0.5172723857685924,0.786653664894402,0.0014644954353570938,2.9857037291277202e-06,-0.09742457216219723,0.04392755843157691,0.05511565583194872,-0.09742457216219723
0.9127204371616244,0.13008385431021452,0.514734641648829,2.9853411225165646e-06,-0.08245059654623621,0.05180782404341664,0.025582102571161024,-0.08245059654623621
0.8322100974619389,0.1486019492149353,0.5265212068334222,2.9848819928356085e-06,-0.08210090027567064,0.05135640878754673,0.024105650268147552,-0.08210090027567064
0.19002060312777758,0.12873434461653233,0.5210652519017458,2.9846627531036835e-06,-0.08109891770741444,0.05166522780296749,0.02311848352415341,-0.08109891770741444
0.8862461019307375,0.7563700564205647,0.52292256988585,2.9845667079985305e-06,-0.059576978753644934,0.04768269767034533,0.019883249742895164,-0.059576978753644934
0.13598322868347168,0.7913422733545303,0.5302095711231232,2.9845137782201042e-06,-0.06265539225528677,0.047930990753652605,0.01999567952062561,-0.06265539225528677
0.4923670766875148,0.33372441306710243,0.520830487832427,2.9844317286870603e-06,-0.07143425130573487,0.048336861811377585,0.021461885638216598,-0.07143425130573487
0.5624916050583124,0.8496948378160596,0.515707690268755,2.9842097042256553e-06,-0.061615084827221944,0.04501666734895933,0.01791308275954777,-0.061615084827221944
0.7135982597246766,0.12637172266840935,0.5190776148810983,2.9841612690784185e-06,-0.08279790097642284,0.05183557917467477,0.02517278309595591,-0.08279790097642284
0.570134349167347,0.8594345077872276,0.5230471594259143,2.984111155290286e-06,-0.06254500072788409,0.04397550639790946,0.017487816221910736,-0.06254500072788409
0.23737979121506214,0.8088850947096944,0.5247927298769355,2.9839997521566715e-06,-0.06234472072013901,0.047535748478025816,0.01952651671022452,-0.06234472072013901
0.9754838477820158,0.6895317165181041,0.5194021994248033,2.9837401017630983e-06,-0.061015839449058556,0.045158036822832155,0.022164599198658163,-0.061015839449058556
0.7162963980808854,0.8103567464277148,0.5135546820238233,2.9836793652475804e-06,-0.060823378760937075,0.04711129512308946,0.019401599428023664,-0.060823378760937075
0.6692491779103875,0.7946542305871844,0.0003209225833415985,2.983273293504081e-06,-0.09758568531696397,0.04354642751060006,0.05570261237745042,-0.09758568531696397
0.843044875189662,0.8422035966068506,0.5235170293599367,2.983179782375859e-06,-0.06139921148448469,0.043084411615182824,0.017840421660779295,-0.06139921148448469
0.28939163219183683,0.8108565220609307,0.5242442702874541,2.983125954479103e-06,-0.062158599341400646,0.04729494121753313,0.019404302934749366,-0.062158599341400646
0.7426169635728002,0.7556388452649117,0.5185394240543246,2.982812339124739e-06,-0.059023385210022435,0.04801552014488489,0.020351124251895773,-0.059023385210022435
0.3103094343096018,0.345828958787024,0.5127354329451919,2.9827723903627207e-06,-0.07008379066829788,0.04694247895391228,0.02236152068198434,-0.07008379066829788
0.17497342638671398,0.9927207762375474,0.5235455650836229,2.982772095328617e-06,-0.07006331739428555,0.04829337411422955,0.018766854896666615,-0.07006331739428555
0.5997234443202615,0.993063148111105,0.5233097160235047,2.9825865412587366e-06,-0.06915918390909856,0.04747171818781946,0.018797510083583834,-0.06915918390909856
0.36587910261005163,0.8935016067698598,0.5229599792510271,2.9825264571912304e-06,-0.06673825186025349,0.04767191836861017,0.018748420069617498,-0.06673825186025349
0.6807542899623513,0.3548187967389822,0.5163978142663836,2.982365882235079e-06,-0.07058929916872302,0.048426797982227016,0.022569820607555583,-0.07058929916872302
0.08680486958473921,0.8133934391662478,0.524506002664566,2.98198161079944e-06,-0.06261688447094163,0.04769154796046973,0.019456332602730546,-0.06261688447094163
0.30613583140075207,0.8292438257485628,0.5155056398361921,2.981830687642161e-06,-0.061516869623947625,0.04547090848888961,0.019255544523325046,-0.061516869623947625
0.20164632517844439,0.8833372751250863,0.5134071065112948,2.981815025745056e-06,-0.06583999118400576,0.04810067552886031,0.018672973289319696,-0.06583999118400576
0.9940107017755508,0.2629198422655463,0.5214675711467862,2.9816670532876575e-06,-0.07463220514615429,0.049610401497930924,0.02172042629474361,-0.07463220514615429
0.5937154227867723,0.13812656793743372,0.5245613744482398,2.9816414304446234e-06,-0.08193395932952939,0.05162275921738374,0.023570596340700835,-0.08193395932952939
0.5677829617634416,0.16673856414854527,0.5272035086527467,2.9816377755047045e-06,-0.0796340588975663,0.051039608710035295,0.021656385254117408,-0.0796340588975663
0.6350856479257345,0.8883000900968909,0.5134840169921517,2.981596244900954e-06,-0.0653939232897714,0.04756087208700986,0.01818202222760029,-0.0653939232897714
0.01179441623389721,0.861359772272408,0.5145894587039948,2.9815559138625587e-06,-0.06373740417731168,0.046887592529560686,0.01813695853478584,-0.06373740417731168
0.14343476947396994,0.8597482712939382,0.5237864255905151,2.981450658083841e-06,-0.06368131781479688,0.04562987131787422,0.018107978925842243,-0.06368131781479688
0.49082389287650585,0.9931608783081174,0.5146774146705866,2.981447187926747e-06,-0.06924619470541465,0.04777438997706196,0.018687592123316627,-0.06924619470541465
0.19934594631195068,0.5454945517703891,0.5153853874653578,2.981074688322286e-06,-0.05926898192875709,0.049973492424460864,0.022217281385819326,-0.05926898192875709
0.009943418204784393,0.8534359019249678,0.5240014046430588,2.9808215216450367e-06,-0.06340514954912765,0.04641852986308618,0.01805849600400517,-0.06340514954912765
0.9338559675961733,0.5323467366397381,0.5159782934933901,2.980795325238633e-06,-0.06095420058923584,0.050287697569158636,0.0224596761086632,-0.06095420058923584
0.22266796324402094,0.8211495103314519,0.523635184392333,2.980767050490074e-06,-0.06214926765333456,0.04639415009594503,0.0192498567055087,-0.06214926765333456
0.0769725227728486,0.7791081639006734,0.5065357694402337,2.9806662788382246e-06,-0.0611134345682645,0.0491931625583003,0.02135702794159773,-0.0611134345682645
0.5480453800410032,0.8210035935044289,0.5233803810551763,2.9806082855356215e-06,-0.06118553832037674,0.045484021880210335,0.018776614828046413,-0.06118553832037674
0.35518765915185213,0.8673263704404235,0.514081908389926,2.9804465781676884e-06,-0.06370359305706282,0.046088256915523526,0.018110940707812866,-0.06370359305706282
0.41882770974189043,0.14555876702070236,0.5258483709767461,2.980434426642411e-06,-0.08078650214151889,0.05145531858474503,0.022236376844768656,-0.08078650214151889
0.2278732331469655,0.14597216621041298,0.5131080495193601,2.9800140874433834e-06,-0.07831865985844992,0.05110210339154156,0.021754757196900378,-0.07831865985844992
0.6884676422923803,0.7893770234659314,0.5073486072942615,2.9800028279640785e-06,-0.0601536567603149,0.04820858421780387,0.020536069476482326,-0.0601536567603149
0.8313410896807909,0.5406358921900392,0.5136920176446438,2.9799518294443424e-06,-0.05903666161130663,0.04974567750694467,0.02198618794322185,-0.05903666161130663
0.052884120494127274,0.1300585586577654,0.5232525039464235,2.9799043703993223e-06,-0.08117669121350575,0.05179111919234459,0.022992852705145526,-0.08117669121350575
0.818384911864996,0.9951965687796474,0.5128724277019501,2.979887183774551e-06,-0.06942499705708455,0.048000599985805026,0.018357720591879036,-0.06942499705708455
0.5004258137196302,0.8689687522128224,0.513621162623167,2.9797344106960304e-06,-0.06344440023699263,0.04593936824099188,0.0177236342158855,-0.06344440023699263
0.6005908651277423,0.5341909378767014,0.5175042692571878,2.9796738196412412e-06,-0.06018476133218541,0.05021407255518891,0.022784404491317946,-0.06018476133218541
0.8846724592149258,0.8308665491640568,0.5134630687534809,2.979587471677953e-06,-0.06085124901096364,0.04399167960364642,0.01849898970583499,-0.06085124901096364
0.37448665872216225,0.8886777954176068,0.5244025466963649,2.97956490451443e-06,-0.06626044582798024,0.04725226016197309,0.018472761585210055,-0.06626044582798024
0.8513568984344602,0.8632769202813506,0.5130968410521746,2.979420508991285e-06,-0.06273952513743723,0.04403059579793703,0.017320058393152205,-0.06273952513743723
0.5578905176371336,0.33308340422809124,0.5185532094910741,2.979115285823018e-06,-0.07120640553789812,0.048401509253207305,0.021730082349180013,-0.07120640553789812
0.1762361628934741,0.18301529623568058,0.5214635618031025,2.9789450741069945e-06,-0.07614192297984147,0.05036967393892753,0.019832181119447873,-0.07614192297984147
0.5601740814745426,0.7991832243278623,0.5103985909372568,2.978765523623646e-06,-0.060702846965102995,0.04816167810067095,0.020077617211960396,-0.060702846965102995
0.6116216080263257,0.985879072919488,0.5183393117040396,2.978748528199436e-06,-0.06917908706102222,0.04832165475983619,0.018824778675584537,-0.06917908706102222
0.6588575467467308,0.34879529010504484,0.5125080989673734,2.9786498696150807e-06,-0.07021298022440109,0.04761990691638019,0.022860120687148527,-0.07021298022440109
0.08370941784232855,0.15359838493168354,0.5119933215901256,2.9780628504812033e-06,-0.07730397776223503,0.05086526986539294,0.0213500078947532,-0.07730397776223503
0.8038348946720362,0.12405303493142128,0.518732400611043,2.978044732394608e-06,-0.08333771090388212,0.05183325612439361,0.025876373204389295,-0.08333771090388212
0.06665093172341585,0.871848720125854,0.513209855183959,2.9779481443933143e-06,-0.06472913707749842,0.04762463816553084,0.01819647679226435,-0.06472913707749842
0.7300959974527359,0.5506894635036588,0.5197639809921384,2.9775230732346815e-06,-0.05777625366783273,0.04901710480247681,0.020838823927709436,-0.05777625366783273
0.4410137590020895,0.8810456125065684,0.5252349870279431,2.9774698101817862e-06,-0.06526620643402418,0.0464595782726766,0.017903711480801974,-0.06526620643402418
0.33545314706861973,0.3503020266070962,0.525378561578691,2.977408863909674e-06,-0.07169392388446569,0.04771193050334717,0.021539418561361354,-0.07169392388446569
0.7164571043103933,0.17501550260931253,0.5264419252052903,2.9773661927186997e-06,-0.07930132722574312,0.05087044996563229,0.021959427042545623,-0.07930132722574312
0.7028205515816808,0.53355573117733,0.5213561234995723,2.977340460068249e-06,-0.0607517595735445,0.05008695734885731,0.02232115934416662,-0.0607517595735445
0.6055377647280693,0.8502380307763815,0.5150442086160183,2.977189572485454e-06,-0.061557090674970706,0.044912049590565016,0.01787611391928551,-0.061557090674970706
0.8406855817884207,0.1693535428494215,0.5104353800415993,2.9768160205328707e-06,-0.07791090926117845,0.05090764310723353,0.022670238868965006,-0.07791090926117845
0.2251137224957347,0.3439848320558667,0.5124310692772269,2.9767550143297267e-06,-0.0701030854875272,0.04655807124776476,0.022171187137538212,-0.0701030854875272
0.41023027803748846,0.15654475055634975,0.5116578973829746,2.9766470096195146e-06,-0.07767167987061788,0.05097919085579591,0.021369699856609116,-0.07767167987061788
0.2625447064638138,0.5341354254633188,0.5180260464549065,2.9766387787776727e-06,-0.06116701387429258,0.050573199311139135,0.022992597704632717,-0.06116701387429258
0.29000468272715807,0.5501097878441215,0.5191270243376493,2.9766255349132884e-06,-0.05868082122691621,0.049569208068548656,0.021275979790638503,-0.05868082122691621
0.656420374289155,0.8259752122685313,0.5237103216350079,2.9764166301974455e-06,-0.06095288669093657,0.04425173155777628,0.018630681242368118,-0.06095288669093657
0.01889240462332964,0.11060423217713833,0.0008740434423089027,2.97640525749483e-06,-0.1320555936589409,0.04304258463883211,0.04686517574428178,-0.1320555936589409
0.46028951462358236,0.8594559440389276,0.5148952677845955,2.9763962155717688e-06,-0.062590674401787,0.04505778401293063,0.0178456968932967,-0.062590674401787
0.9840522706508636,0.5328871598467231,0.5148260537534952,2.976265375932338e-06,-0.060904255525839,0.050337899032048355,0.0224253010651527,-0.060904255525839
0.09264442790299654,0.8389030620455742,0.5151186436414719,2.976248837314021e-06,-0.06216073861593837,0.04586975511265481,0.019036545669055393,-0.06216073861593837
0.23089373670518398,0.8777517741546035,0.5256144674494863,2.9759942713498446e-06,-0.06547122302018467,0.046743926612293624,0.018253971851957863,-0.06547122302018467
0.9723180197179317,0.8343343995511532,0.524654645472765,2.97542327174499e-06,-0.06142004657971656,0.042433199890067066,0.01803202508670451,-0.06142004657971656
0.08087965194135904,0.543943609111011,0.5248217266052961,2.9751485412751666e-06,-0.060895580993907045,0.050202886115682875,0.021431629489978028,-0.060895580993907045
0.2752121277153492,0.12676853500306606,0.519661420956254,2.9749020093193866e-06,-0.08126410310709796,0.051702310537487674,0.023308594907125127,-0.08126410310709796
0.7932375632226467,0.999517927877605,0.5252389311790466,2.974707409192905e-06,-0.06943278551460946,0.04766137970875048,0.01846235517229994,-0.06943278551460946
0.4105605985969305,0.5348319057375193,0.5217577377334237,2.9746844353696838e-06,-0.061015844248077114,0.05029359734140874,0.022301049540848165,-0.061015844248077114
0.8765102876350284,0.89918745867908,0.5153817674145103,2.97446376112509e-06,-0.06673118021650018,0.047666325827447044,0.018310986228936527,-0.06673118021650018
0.6778494566679001,0.7665128754451871,0.5077469171956182,2.9741979086670925e-06,-0.05902640254051284,0.048330012543649915,0.02091837169095639,-0.05902640254051284
0.4079194078221917,0.8209821442142129,0.5148014854639769,2.973877243422344e-06,-0.06125745505742388,0.04652753896299606,0.01922691895585244,-0.06125745505742388
0.5614010719582438,0.8277812032029033,0.5145739130675793,2.9738272181690158e-06,-0.060740568344843905,0.045010834576049506,0.018898219402292582,-0.060740568344843905
0.46572023816406727,0.8053505653515458,0.5259356116876006,2.9738075306513097e-06,-0.06167599490602813,0.047039109451961936,0.019248633953905463,-0.06167599490602813
0.027196230366826057,0.13320192601531744,0.5247298972681165,2.9736450904450333e-06,-0.08108122998029607,0.05178417068093899,0.0227565582928388,-0.08108122998029607
0.595379676669836,0.13296514376997948,0.001490756869316101,2.973634998065768e-06,-0.13219752460814257,0.03879306682111161,0.0477001280252469,-0.13219752460814257
0.770468819886446,0.53149838373065,0.5199522925540805,2.973531048418948e-06,-0.061053169009255386,0.05022540196240114,0.022531441767980366,-0.061053169009255386
0.29889843240380287,0.14784540981054306,0.5125581743195653,2.9733416421145566e-06,-0.07823175133499713,0.051098723134562984,0.02165795495483113,-0.07823175133499713
0.4966639494523406,0.8503358056768775,0.5231882324442267,2.9733293308652554e-06,-0.062022059460632634,0.04456187363165256,0.017772222427148866,-0.062022059460632634
0.7559154098853469,0.12696908973157406,0.0010881107300519943,2.9732613631096625e-06,-0.13366668718238658,0.03727572557169267,0.04786242414361636,-0.13366668718238658
0.41587010584771633,0.8775853766128421,0.5128226475790143,2.973184318177922e-06,-0.06466177701892711,0.0471423322382652,0.018109916821993706,-0.06466177701892711
0.5534194447100163,0.880553581751883,0.5125924563035369,2.9730037432697646e-06,-0.06462619473151973,0.047153862977182964,0.01793074111635744,-0.06462619473151973
0.385219500400126,0.8418154558166862,0.5232774848118424,2.973000220827185e-06,-0.06184767005087424,0.044471783118096804,0.018410659665128903,-0.06184767005087424
0.07121534552425146,0.7560342233628035,0.5164262214675546,2.9728937119443326e-06,-0.060523942224806115,0.049130184699039986,0.02098856434573389,-0.060523942224806115
0.26228940300643444,0.7780940001830459,0.0024968814104795456,2.9727421928508955e-06,-0.09768253094235069,0.045016543084507525,0.05390083649489772,-0.09768253094235069
0.3152337409555912,0.1760145528241992,0.5262145949527621,2.9724397604564376e-06,-0.07779483254850525,0.050721104895444256,0.02020727000124252,-0.07779483254850525
0.8912583272904158,0.9918861361220479,0.5243681129068136,2.9722730309041553e-06,-0.06949666435594364,0.04749767224918775,0.018379856506290912,-0.06949666435594364
0.8295156266540289,0.2621012916788459,0.517369668930769,2.972023218101302e-06,-0.07392060827133397,0.049095269329728276,0.022236279272901085,-0.07392060827133397
0.37856518663465977,0.815396404825151,0.5240789130330086,2.9720115422192014e-06,-0.06180047932991953,0.04661456440288802,0.01910417454112982,-0.06180047932991953
0.4380975319072604,0.13523635547608137,0.5243032844737172,2.9720059830115534e-06,-0.08158658084934092,0.05164158850334057,0.02303542318380261,-0.08158658084934092
0.7639970844611526,0.9900872381404042,0.5140076633542776,2.971921522291138e-06,-0.0692884610309125,0.048191039925952486,0.01854597926703472,-0.0692884610309125
0.10365952085703611,0.12748890556395054,0.5172153068706393,2.971633467459611e-06,-0.08055637125263095,0.05165094914897218,0.023138662834326484,-0.08055637125263095
0.7853166712448001,0.8022902915254235,0.5271654678508639,2.9715752437612185e-06,-0.06138385404394857,0.04632403211375775,0.019215050959863193,-0.06138385404394857
0.3949435707181692,0.18027151096612215,0.5146881015971303,2.9715210599102315e-06,-0.07597249225385008,0.05053793432541137,0.019976837877370684,-0.07597249225385008
0.18138881213963032,0.899904808960855,0.5187221514061093,2.971489940467342e-06,-0.06761339124882298,0.04870874359290138,0.019252965203028535,-0.06761339124882298
0.32772888988256454,0.8531492967158556,0.5151677057147026,2.971392387598673e-06,-0.062495133807369575,0.04568377695959581,0.018311879282265558,-0.062495133807369575
0.9833521544933319,0.1366923050954938,0.5120885586366057,2.9712818643922073e-06,-0.08151484241247435,0.051780817191890156,0.024983566009453204,-0.08151484241247435
0.7906671389937401,0.8504035118967295,0.5239122398197651,2.971224211950918e-06,-0.061821216940674564,0.043443684285112215,0.017497969816896587,-0.061821216940674564
0.7040496710687876,0.8579924553632736,0.5139635745435953,2.971005285285044e-06,-0.06206445109249409,0.044294239908508316,0.017608041491413613,-0.06206445109249409
0.7632250236347318,0.866621776483953,0.5250208396464586,2.970945743751243e-06,-0.06322679605379515,0.043653500088867175,0.01723731305949463,-0.06322679605379515
0.12187614850699902,0.8294130992144346,0.5243967976421118,2.970693683250139e-06,-0.06227103751753209,0.04548918494975571,0.01910921625849011,-0.06227103751753209
0.669403588399291,0.1410470400005579,0.512788369320333,2.9706409550104054e-06,-0.08022301286277506,0.05149076854305221,0.023672199176906144,-0.08022301286277506
0.06994522269815207,0.9985016295686364,0.5256422180682421,2.9703765800668425e-06,-0.07024483864648282,0.048710884851403555,0.01857556887211491,-0.07024483864648282
0.328593366779387,0.7893402986228466,0.530637688934803,2.970213343166471e-06,-0.06206401280356272,0.0473217056967114,0.019771220390469437,-0.06206401280356272
0.016649354249238968,0.8992852186784148,0.5225568525493145,2.970082670378821e-06,-0.06778466252560898,0.049084403697024756,0.018883956648076638,-0.06778466252560898
0.9428274724632502,0.9813271583989263,0.5174665432423353,2.970060083473219e-06,-0.06968036244534699,0.048590421567512525,0.018326917442625507,-0.06968036244534699
0.7217659605666995,0.13012818153947592,0.5234883660450578,2.9697804190649155e-06,-0.08306160045410206,0.051702298665726995,0.02495912753515132,-0.08306160045410206
0.026380416937172413,0.7564678015187383,0.5152591997757554,2.969758756987969e-06,-0.060560560346314816,0.04932301233573672,0.021072163987289744,-0.060560560346314816
0.4730203729122877,0.1649738298729062,0.002681765705347061,2.969671907480344e-06,-0.1284820898699059,0.04078834981639611,0.04734104804768001,-0.1284820898699059
0.26020423229783773,0.13463815115392208,0.0020714271813631058,2.969545507890707e-06,-0.1302721508118993,0.041727694086558034,0.04721509780817135,-0.1302721508118993
0.7985746208578348,0.353493788279593,0.5137051744386554,2.9695284340833427e-06,-0.07038741674811115,0.04842277860400391,0.022480658148860726,-0.07038741674811115
0.03929776232689619,0.8473656848073006,0.5147243943065405,2.969376999120434e-06,-0.06266724076991485,0.046701414612837444,0.018559400187344314,-0.06266724076991485
0.007447059266269207,0.8073144303634763,0.5266070952638984,2.9692170876071864e-06,-0.06288537751657422,0.04828204892002364,0.019570153204346723,-0.06288537751657422
0.3569760052487254,0.847439605742693,0.5234685819596052,2.9691342055139834e-06,-0.06226783077136529,0.04491410531337833,0.018215474782879788,-0.06226783077136529
0.8925733249634504,0.3416930055245757,0.5270902318879962,2.968747642160913e-06,-0.07254230050910646,0.04771992906812051,0.021071940469747794,-0.07254230050910646
0.5576313026249409,0.5357687845826149,0.522963541559875,2.9685157960977406e-06,-0.06058870646482885,0.04999036301305571,0.022059991283899846,-0.06058870646482885
0.4721358921378851,0.788487539626658,0.5072394153103232,2.9683135951061344e-06,-0.06042129207874195,0.04850797018436797,0.020618965926874292,-0.06042129207874195
0.2767662452533841,0.8393460251390934,0.5238058492541313,2.968274323983425e-06,-0.06206873442535566,0.044554730556312185,0.018751743508960275,-0.06206873442535566
0.5263122003525496,0.8419132139533758,0.5147059801965952,2.9682665606369428e-06,-0.061155117978794055,0.04470957122809715,0.018366192910747637,-0.061155117978794055
0.1902497923001647,0.9867007397115231,0.5165347568690777,2.9682338340599e-06,-0.07003656745130807,0.04889676406145214,0.018841778030355617,-0.07003656745130807
0.8106259824708104,0.5306160189211369,0.5179809220135212,2.9682167429181394e-06,-0.06107264532938426,0.05030979750451331,0.022732709242430798,-0.06107264532938426
0.37164867017418146,0.17323360405862331,0.0024095959961414337,2.9677548060516757e-06,-0.12733313623819198,0.04157097042030899,0.047336337795887154,-0.12733313623819198
0.10031028278172016,0.2599513651803136,0.5197751587256789,2.9676837317092757e-06,-0.07290645823892924,0.048799679989538894,0.020500615426344283,-0.07290645823892924
0.0999262910336256,0.865833823569119,0.5254167318344116,2.967639818688852e-06,-0.06435827295757184,0.04608617037439778,0.01796921783983559,-0.06435827295757184
0.6782230930402875,0.984019891358912,0.5198984732851386,2.967582175102196e-06,-0.06922070757179574,0.048330303243850646,0.01878964094317255,-0.06922070757179574
0.6253245426341891,0.3401957433670759,0.0009165219962596893,2.967321324419607e-06,-0.12065409746274053,0.038753880767694635,0.04553584931066268,-0.12065409746274053
0.6793086668476462,0.5510466368868947,0.5178923718631268,2.967270487393283e-06,-0.05742070270506967,0.04904429426807946,0.021142026906896334,-0.05742070270506967
0.5171825923025608,0.1488036774098873,0.5119158709421754,2.96713982882057e-06,-0.07877575106581598,0.051232960042920384,0.022305936626446414,-0.07877575106581598
0.11683982983231544,0.14752257242798805,0.5271291779354215,2.9669960465375296e-06,-0.08009078474436837,0.05129414579455993,0.021964379233666263,-0.08009078474436837
0.6643097968772054,0.8825922692194581,0.5256919180974364,2.9668265966185636e-06,-0.06500497491000713,0.045920370512489275,0.017705337632341975,-0.06500497491000713
0.04840689245611429,0.9901260454207659,0.001555602066218853,2.966576614221397e-06,-0.1019038857277578,0.04914549605923423,0.049357845540374964,-0.1019038857277578
0.9211990563198924,0.35505611542612314,0.5240603787824512,2.9664719349463712e-06,-0.07176985893728026,0.048784131880837925,0.021291497001045556,-0.07176985893728026
