x1,x2,ensemble_ei,ensemble_mu_mean_model,ensemble_sigma_mean_model,ensemble_mu_std_model,ensemble_mu_mean_original_approx
0.7076753312721848,0.121237363666296,0.0010609699304123968,0.702438397399181,0.025891764247587,0.08446623671297121,0.702438397399181
0.708127954043448,0.12489827908575535,0.002201396410271428,0.7023328664523284,0.029672713834564535,0.0846017267660557,0.7023328664523284
0.7073252769187093,0.1209203889593482,0.0004295221633435499,0.7017352809973807,0.023443279250412088,0.08350933172243696,0.7017352809973807
0.7083129156380892,0.12631973810493946,0.0026031648877886844,0.7014228048709665,0.03155926056628902,0.08401201094930828,0.7014228048709665
0.707978518679738,0.1275368668138981,0.0019988670731878795,0.7012550059293404,0.0300782261078883,0.08352626915180121,0.7012550059293404
0.7068924941122532,0.12422329653054476,0.0002497312742630771,0.7007271827921765,0.020502115590714128,0.08194280505223935,0.7007271827921765
0.7077936744317412,0.11687735002487898,0.0014691857933097187,0.6994918757256003,0.029357550182229963,0.083869652678947,0.6994918757256003
0.7071441169828176,0.1303031211718917,0.0006058544111755348,0.6988205364820473,0.02555037298447004,0.08163161177459019,0.6988205364820473
0.7065854957327247,0.12649833876639605,0.000442055511176772,0.6983248861908202,0.01959503594799331,0.07965742351571828,0.6983248861908202
0.7076085917651653,0.13385799061506987,0.0011926164809987773,0.6977754562316655,0.029988898018369774,0.0840510737466232,0.6977754562316655
0.7086572553962469,0.13152644131332636,0.00308110700586815,0.6975738054202993,0.035688100999265705,0.08326047320741961,0.6975738054202993
0.7089642705395818,0.11725803557783365,0.0035095551530413783,0.6975155689188887,0.036391920569304986,0.0832176471642822,0.6975155689188887
0.709420002065599,0.11997103318572044,0.003940563686826281,0.6971302368446786,0.037286697799023785,0.08272030055008898,0.6971302368446786
0.7095640627667308,0.12224781420081854,0.003959254840079866,0.6970629367545316,0.03707993810953486,0.08280141092755877,0.6970629367545316
0.7091168127954006,0.12929171696305275,0.003630975610067228,0.6969791789111899,0.03718277531139262,0.0821373016746637,0.6969791789111899
0.7081334851682186,0.13557007629424334,0.002160062506706101,0.6967653656123178,0.033836816045003236,0.08553739042704613,0.6967653656123178
0.7084367936477065,0.11370185483247042,0.0027058286937039224,0.6965599480449111,0.034927496412805514,0.08522238071904777,0.6965599480449111
0.7069251397624612,0.13478017039597034,0.00042033774020285063,0.6957679220228528,0.025438290522272835,0.08257561316494727,0.6957679220228528
0.708578827790916,0.11288992129266262,0.002926064685902654,0.6956675738066654,0.03605346145824911,0.08558573522556576,0.6956675738066654
0.7074684575200081,0.13954629749059677,0.0008631929461624101,0.6952594416513026,0.030338330324663577,0.08753109047545496,0.6952594416513026
0.7064776672050357,0.13134741596877575,0.000470503642593922,0.6951755264743223,0.02111134837909202,0.07886548390108387,0.6951755264743223
0.7067438755184412,0.11401158012449741,0.0002471645019507222,0.6945260729356955,0.02292255784931653,0.08239135624664636,0.6945260729356955
0.7062926888465881,0.11793250404298306,0.00013652055133638662,0.694318877081936,0.017360388598031583,0.07823905359062094,0.694318877081936
0.708760105073452,0.13783946447074413,0.003105364123508776,0.6941858286600212,0.0379277428427661,0.08656536851070462,0.6941858286600212
0.7073091585189104,0.14333933778107166,0.0005917674884185387,0.6938880305361015,0.02986748024958538,0.08974285230620728,0.6938880305361015
0.7097452208399773,0.12848717626184225,0.003988875037593661,0.6938226600851283,0.03949166252666549,0.08030525222014001,0.6938226600851283
0.7071613250300288,0.10971680283546448,0.00041378477089839367,0.6937892134174832,0.02759572523637405,0.0873915436448522,0.6937892134174832
0.7076916452497244,0.14569336269050837,0.0012061036835778838,0.693787746667144,0.032730497252449586,0.09196883834450827,0.693787746667144
0.7100844262167811,0.12395655456930399,0.00408553750200315,0.6933914922881201,0.03916236391932813,0.08057377164042191,0.6933914922881201
0.7081097271293402,0.1474011605605483,0.0019873871308946313,0.6932279905376869,0.03555297833696795,0.0932242856226297,0.6932279905376869
0.7086790585890412,0.109115120023489,0.0030328516636339868,0.6931791792515795,0.037694357516587035,0.08849699570000623,0.6931791792515795
0.7079986901953816,0.10502635780721903,0.0018341663603136593,0.6926954106083101,0.034423921956494644,0.09255193369481074,0.6926954106083101
0.7077716067433357,0.15501290373504162,0.0013239450487024065,0.6925165569442899,0.03418439376190169,0.09598955839332193,0.6925165569442899
0.7090958440676332,0.11066711228340864,0.0035456791604869596,0.6924447052380083,0.039504505996058155,0.08619304495745982,0.6924447052380083
0.7071831338107586,0.14970630127936602,0.0004146114996719031,0.6923900083665822,0.029841954929626605,0.0928486159821949,0.6923900083665822
0.7078458564355969,0.15726031735539436,0.001461591197993217,0.6923286638994834,0.03484584235633087,0.0966388662574713,0.6923286638994834
0.7096270527690649,0.1329086348414421,0.0038805048046603387,0.6921082410422956,0.04065427895999957,0.08133265947712545,0.6921082410422956
0.7071242267265916,0.10593866743147373,0.0003725170944769953,0.6920095388746962,0.02825882306705172,0.09049806460800887,0.6920095388746962
0.7089822757989168,0.1416301168501377,0.0033097687317666146,0.6919964636921663,0.039707126975194386,0.08880657663291987,0.6919964636921663
0.7069031251594424,0.1466117724776268,0.0002719227046958967,0.6919871985273602,0.027591679898943462,0.09032805434721507,0.6919871985273602
0.7077427161857486,0.16651843022555113,0.0012766797093344024,0.6919392540540747,0.035071972097451304,0.09785783329906768,0.6919392540540747
0.7080580098554492,0.16529558319598436,0.001854576651749352,0.6917809211260436,0.03681306042204067,0.0980014870576959,0.6917809211260436
0.7085589431226254,0.15092628728598356,0.0027103845782695695,0.6916945488798721,0.038474076190876394,0.09461104763972819,0.6916945488798721
0.7084569558501244,0.15379052609205246,0.0025448391958052346,0.6916633030148958,0.03814429955425495,0.09572873788283265,0.6916633030148958
0.7075224975124002,0.17835037503391504,0.0009309569002818646,0.6916456754456746,0.03500696076940648,0.09785216590768127,0.6916456754456746
0.7076122285798192,0.18970865104347467,0.001137734490466544,0.6916144414440296,0.03677923238248083,0.09777315764897433,0.6916144414440296
0.7073946883901954,0.16939125210046768,0.000694417545064407,0.6916091433683874,0.03328980233065781,0.09741098924919064,0.6916091433683874
0.7079460313543677,0.18473215214908123,0.0016985556089969842,0.6916017344290255,0.038045389536374846,0.09831358195592993,0.6916017344290255
0.7074165837839246,0.173180865123868,0.0007413641488077247,0.6915801727866884,0.033830566048868096,0.09759141777316578,0.6915801727866884
0.7075101220980287,0.19307643361389637,0.0009900182494798802,0.6915094027894807,0.036626835225713,0.09746371026525541,0.6915094027894807
0.7083821641281247,0.1589666772633791,0.002412597854279351,0.6914580246699937,0.03813469698258657,0.09707761713315054,0.6914580246699937
0.7079745260998607,0.19705933146178722,0.001798556540390722,0.6914552129013813,0.03951307379564306,0.09792513368780403,0.6914552129013813
0.7072155335918069,0.16308572050184011,0.00044435656130290804,0.6914304196970252,0.03152814315600842,0.09642130752664663,0.6914304196970252
0.7078132713213563,0.2089056707918644,0.0015877699228359664,0.6913914452850236,0.040029489708867966,0.0972813736537324,0.6913914452850236
0.7074864720925689,0.10150230396538973,0.000835994474484377,0.691360779379446,0.031577271970208945,0.0945871607332479,0.691360779379446
0.7082192609086633,0.1771299159154296,0.002148383764796063,0.6913061664026983,0.038780863966799674,0.09848369098054799,0.6913061664026983
0.7082908572629094,0.101856111548841,0.0023687203709399497,0.6912691708614079,0.0367210522077222,0.09479058878786165,0.6912691708614079
0.706365330144763,0.11258071009069681,0.00023327236079330005,0.6912633128090513,0.02079698630737943,0.08166921755030924,0.6912633128090513
0.7081905277445912,0.1889726584777236,0.0021290450745563,0.6912409938189916,0.0397810679596746,0.09828224045754534,0.6912409938189916
0.7076493864879012,0.21716418396681547,0.0013717408475300455,0.69123134325042,0.04020032995668308,0.09668798810975723,0.69123134325042
0.7099341871216893,0.11586594581604004,0.004145640315164035,0.6911646870062629,0.041394908565847495,0.08028801101617303,0.6911646870062629
0.7077239397913218,0.22053198609501123,0.0015139149633454643,0.6911636407324451,0.04095411375154438,0.09665466203725281,0.6911636407324451
0.708255517296493,0.19730036705732346,0.0022584614582336657,0.6910277133811615,0.040969737769065914,0.09798345289680029,0.6910277133811615
0.7080903565511107,0.21643343288451433,0.002078527509141934,0.6909889924658377,0.04222822182100595,0.09716193755448617,0.6909889924658377
0.7080163452774286,0.2207787549123168,0.001984312219867214,0.6909823372499996,0.04236417159219697,0.09693922484591581,0.6909823372499996
0.7059069974347949,0.13061188906431198,0.00047330278783639474,0.6909784886252177,0.020522462140523823,0.07512932016506904,0.6909784886252177
0.707305165939033,0.21249153465032578,0.0008321911092354738,0.6909662483944179,0.0379900018584137,0.09615002775998742,0.6909662483944179
0.7085262248292565,0.16137315426021814,0.002627501635337666,0.6909458953685704,0.039110654789723615,0.09737249384152533,0.6909458953685704
0.708345009945333,0.1864418461918831,0.0023667325564954646,0.690945821402586,0.040329367719015435,0.09832072407422608,0.690945821402586
0.7078652270138264,0.22885210625827312,0.0017924658912423863,0.6908948913734805,0.04258351368506518,0.09646865250645878,0.6908948913734805
0.7092809248715639,0.1405567480251193,0.003581277774911626,0.690878736748452,0.040954643347454384,0.08730961070975925,0.690878736748452
0.7071867706254125,0.2051867013797164,0.0006375956877131222,0.6908374457483482,0.036498312723703845,0.0961381490330491,0.6908374457483482
0.7073376458138227,0.22474686987698078,0.0009714755434975977,0.690749270959362,0.039681852039752746,0.09568743015279278,0.690749270959362
0.7070695413276553,0.18248469848185778,0.00038179046310446804,0.6907315387032158,0.03299962406387654,0.09659023454260734,0.6907315387032158
0.7071018582209945,0.20141130406409502,0.0005268661938411495,0.6906673781672794,0.03560506648770914,0.09603491356471637,0.6906673781672794
0.7103914394974709,0.12531596515327692,0.004052116516031104,0.6905584388057115,0.04039260887047289,0.07871221717748227,0.6905584388057115
0.7069842927157879,0.17743197828531265,0.0003018929758259886,0.6904976628124363,0.03190933449999858,0.09634683854706408,0.6904976628124363
0.7078889887779951,0.24070169404149055,0.0019036639965391148,0.6904873366108236,0.04405503452844641,0.09599156906138878,0.6904873366108236
0.707272931933403,0.23211331386119127,0.0009527131656364964,0.6904292549267322,0.04032463267185949,0.09518743854443171,0.6904292549267322
0.7091350285336375,0.10687276069074869,0.0035395024650112243,0.690353724004861,0.04054224678249605,0.08935484207871036,0.690353724004861
0.7081497935578227,0.0974421501159668,0.0021004876130461363,0.690351176158508,0.03639152504672843,0.0974370268484502,0.690351176158508
0.7084757322445512,0.20915100164711475,0.002612254859639765,0.6903088528658877,0.0432686280534672,0.09740559169667047,0.6903088528658877
0.7069520205259323,0.1887940987944603,0.0003383707661370474,0.6903064484723331,0.033222331913746406,0.09600257015120899,0.6903064484723331
0.707435954362154,0.24416635185480118,0.0012618908345499702,0.6902711471132563,0.04250685899851302,0.09508917294325059,0.6902711471132563
0.7067313687875867,0.15397051628679037,0.00021550889829407977,0.6902607299723128,0.027516444291586263,0.09273122063926964,0.6902607299723128
0.7075798958539963,0.24799189995974302,0.001494108325670295,0.6902436483757763,0.04357212017567681,0.09523526964645447,0.6902436483757763
0.7068251129239798,0.1655962336808443,0.00021318969573439115,0.6900702324568836,0.029546378171029338,0.09530050640145692,0.6900702324568836
0.7064634598791599,0.10880634468048811,0.0002488936339657896,0.6900056901619033,0.022850511419899557,0.08543732184861089,0.6900056901619033
0.7078584730625153,0.2535315044224262,0.0019422610875277388,0.6899988444855002,0.04539029103940047,0.09543069690548645,0.6899988444855002
0.7090795245021582,0.14871111325919628,0.0033394952184975595,0.6899922202028341,0.04095581950125513,0.09273533969352458,0.6899922202028341
0.7084244228899479,0.2281218245625496,0.0026059500131718366,0.6899866772658292,0.045036235000770114,0.09664458177624592,0.6899866772658292
0.708615985698998,0.20494279358536005,0.002780868957509889,0.6899509348965036,0.04349048899634652,0.09745592646647225,0.6899509348965036
0.7086378848180175,0.20116501580923796,0.0027998731809900025,0.6899358421694791,0.043214220042247245,0.0975836234872785,0.6899358421694791
0.7077324520796537,0.25789959263056517,0.0017896561187149876,0.6898554921095809,0.045364990496781006,0.0950886906245211,0.6898554921095809
0.7087311847135425,0.18077738117426634,0.002888250188750526,0.689838660228804,0.041742037844750224,0.09806423877725604,0.689838660228804
0.7083413731306791,0.2399690318852663,0.002544832599118339,0.6898013119628773,0.04594770898050998,0.09619102380111405,0.6898013119628773
0.7070507649332285,0.2358919596299529,0.0007639437466073763,0.6897838225076295,0.039892813715209995,0.09432279783664874,0.6897838225076295
0.7066916897892952,0.15829886216670275,0.000201415874587562,0.6897508288395369,0.027866567393869727,0.09367181741192064,0.6897508288395369
0.7082232534885406,0.24823532719165087,0.0024270120349999245,0.6897401971675088,0.04634235203443086,0.09586605159167277,0.6897401971675088
0.7075903592631221,0.09377694688737392,0.0010160838428451345,0.6897397441491804,0.033234242494208484,0.09865932488138285,0.6897397441491804
0.7075388263911009,0.09346191212534904,0.0009223889496681593,0.6896296528003093,0.03293193566783508,0.09869144626659199,0.6896296528003093
0.7072643972933292,0.2543141162022948,0.0011359978981549754,0.6896168713877366,0.04304956168431679,0.09421760016641359,0.6896168713877366
0.7088114367797971,0.17440276220440865,0.002982715670771627,0.6896158739736484,0.04159443757851,0.09792637807165554,0.6896158739736484
0.7068538311868906,0.21625340171158314,0.0004753784799001929,0.6896126177454669,0.036507698746652543,0.09445475086646733,0.6896126177454669
0.7085302174091339,0.23284883331507444,0.002753078071193107,0.6895336685210961,0.04599936281894039,0.09638572434535134,0.6895336685210961
0.7087788814678788,0.1938062347471714,0.0029528414185012713,0.6895214429402565,0.043155119621585296,0.09767287530459094,0.6895214429402565
0.7080096285790205,0.2615590812638402,0.002209129921241096,0.6894975019936038,0.04691747018069495,0.0952481567395006,0.6894975019936038
0.706282346509397,0.142419065348804,0.000294635710014326,0.6894691183454459,0.023287850072534158,0.08461845512596436,0.6894691183454459
0.7067812569439411,0.20994043070822954,0.00039839905862129057,0.6894235151412977,0.035355399208038124,0.0944390153622192,0.6894235151412977
0.7068133717402816,0.22144655138254166,0.0004982125069503886,0.6893443623349971,0.03705901584758774,0.09405377581562553,0.6893443623349971
0.7088963529095054,0.1706088613718748,0.003079308095506669,0.6893389238448329,0.041702706821705335,0.09766679999171113,0.6893389238448329
0.7075713612139225,0.2697310606017709,0.0016541791904885355,0.6892683645114677,0.0460766209330081,0.09433591511488952,0.6892683645114677
0.7073443625122309,0.26551050692796707,0.0013271384781308171,0.6892531645800675,0.044706969707117114,0.09398052353622088,0.6892531645800675
0.7070184471085668,0.24890266545116901,0.0008552139590797915,0.6892395882296307,0.04144009063372767,0.09365157033647788,0.6892395882296307
0.7074292004108429,0.2692996431142092,0.0014640112604967616,0.6891786329650096,0.045476800249848494,0.09404244950899941,0.6891786329650096
0.7084329575300217,0.25035552866756916,0.0027020420750690976,0.6891548519155742,0.047447385562577334,0.09574553316607151,0.6891548519155742
0.7066525537520647,0.18577452655881643,0.00022857307050269017,0.6890431629402036,0.0314414772967315,0.09483435581715852,0.6890431629402036
0.7056037932634354,0.12013143301010132,1.5005712314909794e-05,0.6890372948805377,0.018373271744021476,0.07360462833846365,0.6890372948805377
0.7087439959868789,0.0978423384949565,0.003055808510764791,0.6890222208083503,0.03976211437862035,0.0966219579023955,0.6890222208083503
0.7082010488957167,0.090288320556283,0.0021931218068560105,0.6889810176711303,0.037407231314360516,0.10022875203350531,0.6889810176711303
0.7094420716166496,0.1443354794755578,0.0036442316699271757,0.6889508383944474,0.04215777607621411,0.08934315962283215,0.6889508383944474
0.706062008626759,0.13862979505211115,0.0003449737567028875,0.6888754746383136,0.02244197736026048,0.08053118769595932,0.6888754746383136
0.7086895201355219,0.23662318382412195,0.002941574579305949,0.6888751261353319,0.0470662396674376,0.09608561284099262,0.6888751261353319
0.709043244831264,0.1640198715031147,0.0032373632548163265,0.6888744908030263,0.04190806862970367,0.09688099189271547,0.6888744908030263
0.7067028367891908,0.22782119270414114,0.0005074503532663121,0.6887156180562195,0.03753830518962307,0.09329071629321514,0.6887156180562195
0.7054902501404285,0.12202674429863691,7.143806488279551e-06,0.6887052180289581,0.017886480161976318,0.07315541748732536,0.6887052180289581
0.7069164346903563,0.09676673915237188,0.00024013328870427773,0.6886488855559654,0.028371950236943565,0.09560674335956629,0.6886488855559654
0.7078957054764032,0.2810038160532713,0.002178166743049079,0.6886151728974171,0.04859188429176513,0.09439446700199275,0.6886151728974171
0.7089248774573207,0.21322467736899853,0.003125155036755445,0.6886124380509527,0.04568300839050472,0.09668242517552096,0.6886124380509527
0.7063776114955544,0.15074673667550087,0.00022643045067592807,0.688586974946992,0.02520133461431916,0.08977155638908581,0.688586974946992
0.7082300074398518,0.27339389082044363,0.0025647396210258504,0.6885425158667742,0.049079722829605,0.09488609816723151,0.6885425158667742
0.708536971360445,0.25748483929783106,0.0028481142038274,0.6885361265766311,0.04862047697072433,0.09541059997635817,0.6885361265766311
0.7079659020528197,0.2812961973249912,0.0022731551854711985,0.6885308652681946,0.04889382219705854,0.09445210360493524,0.6885308652681946
0.706558970734477,0.19809023197740316,0.0002671850164095719,0.688475665841224,0.03285183433980724,0.09394266682426246,0.688475665841224
0.7088927160948515,0.22450630739331245,0.0031127692159298136,0.6884670956403106,0.046670622106225475,0.09628512965003151,0.6884670956403106
0.7065998911857605,0.1021643579006195,0.00023381194056035194,0.6884266786783112,0.025394661034876066,0.09125410673484212,0.6884266786783112
0.7074004802852869,0.08619432058185339,0.0007024934138781019,0.688348153326092,0.03284420341124876,0.10049176967954045,0.688348153326092
0.7065181490033865,0.18144424632191658,0.00019803500817286174,0.6883399173874684,0.030287489894999974,0.09427927058180102,0.6883399173874684
0.7070592772215605,0.2737135710194707,0.0011133853925414387,0.6882705378219726,0.0446547160938132,0.09278507250533781,0.6882705378219726
0.7095422707498074,0.144758315756917,0.003692600817110734,0.6882653766100502,0.042619085054309155,0.08927801707973987,0.6882653766100502
0.7070269817486405,0.27260447293519974,0.0010781678949986864,0.6882363004431507,0.04441198731661641,0.09271551934285936,0.6882363004431507
0.707923948764801,0.08227320294827223,0.0016859810659377503,0.6882274700998807,0.03651637941648236,0.10198103282500351,0.6882274700998807
0.7083651572465897,0.08593602944165468,0.002486463985011404,0.6880936134653745,0.038759063212556406,0.1012618363981608,0.6880936134653745
0.7083328608423471,0.27783022075891495,0.00270899059889595,0.688071957117999,0.0499429832367825,0.09472256682511129,0.688071957117999
0.7090755319222808,0.20614368095993996,0.0032469019254590327,0.6880657871434046,0.045629929786016196,0.09667273051427297,0.6880657871434046
0.7076188558712602,0.29250734578818083,0.0018931834374538463,0.6880391207674664,0.04879481163693913,0.0935580645991392,0.6880391207674664
0.7067095907405019,0.25053409952670336,0.0007037180380128418,0.6880382850532102,0.040610903980320974,0.09234281496347295,0.6880382850532102
0.7068048594519496,0.2607692051678896,0.0008359960715508232,0.6880292092748852,0.04222425013821229,0.0923312892692303,0.6880292092748852
0.7066180435940623,0.23966695088893175,0.0005780622973618609,0.6879796945475211,0.038891171650763674,0.0923847701846209,0.6879796945475211
0.7088536955416203,0.24392054788768291,0.003116777978734707,0.6879690468457617,0.048478043274687466,0.09558823414171491,0.6879690468457617
0.7075187833979726,0.2933965250849724,0.0017728858259633577,0.6879444716560861,0.04852833807937549,0.09332421738329476,0.6879444716560861
0.7102635772898793,0.11464453302323818,0.004158465863414307,0.687932651972423,0.04297815171855451,0.07918576402826737,0.687932651972423
0.7089862022548914,0.23109529726207256,0.0032031795690625614,0.6878571464993811,0.04770866808981987,0.09586459918481995,0.6878571464993811
0.7069949088618159,0.09047596622258425,0.00026259312536322803,0.6878378596520198,0.029733687176407522,0.09823609564688827,0.6878378596520198
0.7082621222361922,0.2849614042788744,0.0026628364673281324,0.6878321815578058,0.05041096586011753,0.09446019128506539,0.6878321815578058
0.7091871509328485,0.18343506567180157,0.003330184313185113,0.6878101930450994,0.04405240694011052,0.09714263181510094,0.6878101930450994
0.7081818664446473,0.2893370958045125,0.0025914364612622115,0.6877394526583784,0.05055945764045977,0.09428419462264157,0.6877394526583784
0.7091584773734212,0.20235398225486279,0.0033082015040145113,0.6877225358687202,0.04561587275575932,0.09663624394595971,0.6877225358687202
0.7064283732324839,0.20037463679909706,0.00025920643590319673,0.6877006525663428,0.03278293848852421,0.09318338867701201,0.6877006525663428
0.7070952532812953,0.289044207893312,0.0012805339816331868,0.6875548704185666,0.046575622066052744,0.09231981844019481,0.6875548704185666
0.709260773845017,0.10056725703179836,0.0036019402353428785,0.68752846144326,0.04204520187804879,0.09376411946512697,0.68752846144326
0.7064044922590256,0.20415389351546764,0.0002758670107665232,0.6875189917497677,0.03327960888480788,0.09289304285009772,0.6875189917497677
0.7072965418919921,0.2971900422126055,0.001543936368124059,0.6874799481067229,0.04816489238378686,0.09263677720877742,0.6874799481067229
0.7065064078196883,0.2369247805327177,0.0005243771406627185,0.6874798456010274,0.038216150970311745,0.09196235990053528,0.6874798456010274
0.7092386661097407,0.192134709097445,0.0033636196733958074,0.6874481623392893,0.045016614330740924,0.0968028221154935,0.6874481623392893
0.7063111178576946,0.1620414387434721,0.0001861107574571808,0.6873115146235728,0.026723325964524716,0.0923642225136834,0.6873115146235728
0.707642781548202,0.30434319470077753,0.0020100895867050557,0.6873102021573712,0.05013881627078548,0.09317489655372235,0.6873102021573712
0.7100822981446981,0.13657289557158947,0.003926757588417588,0.6872590329662797,0.043251069338027304,0.08164423121525903,0.6872590329662797
0.7093282183632255,0.1722314516082406,0.0034422071668977956,0.6872211448388507,0.043768162065955706,0.09672612907293605,0.6872211448388507
0.7088294569402933,0.08936933521181345,0.003155631446412846,0.6871941169367912,0.04097849862882839,0.09979676887138292,0.6871941169367912
0.7093520807102323,0.1684561474248767,0.0034653431180360363,0.6871719120874986,0.043594263515037805,0.09648213968179514,0.6871719120874986
0.7080989805981517,0.30116770323365927,0.0025576748042222615,0.6871529687584115,0.05145839574631407,0.09382536851857501,0.6871529687584115
0.7069453932344913,0.28963771648705006,0.0011754837420551046,0.6871081927029453,0.046169940813122444,0.09176423997143629,0.6871081927029453
0.7086828034371138,0.27688858937472105,0.003063048399561853,0.6870649168268949,0.05116710519549606,0.09456850278254571,0.6870649168268949
0.7072354387491941,0.07804466225206852,0.0005004030806557234,0.6870590998417079,0.03277839964942652,0.10142414463452828,0.6870590998417079
0.7078256998211145,0.07042635325342417,0.0015466682076253702,0.6870555235466466,0.03718586281174963,0.10331958845884896,0.6870555235466466
0.7088842038065195,0.261844826862216,0.003186357362274309,0.6870541023328705,0.0504057412340214,0.09487106988867557,0.6870541023328705
0.7070913352072239,0.08181865513324738,0.00033934298451957645,0.6870509918032778,0.03143390490300417,0.1004523705884668,0.6870509918032778
0.7078219326213002,0.30877175740897655,0.0022645422346575833,0.6869711129508067,0.051229804976576615,0.09330003960654665,0.6869711129508067
0.708862230181694,0.26563920453190804,0.00317919141925336,0.6869595199907418,0.050704058455110494,0.09476388812564719,0.6869595199907418
0.7089929562062025,0.2552558369934559,0.003252659652855867,0.6868844598010969,0.0501510555877541,0.0949389753928005,0.6868844598010969
0.7084042374044657,0.0740858456119895,0.0025850267185487867,0.6867543631471892,0.040080744088940516,0.10302206782527867,0.6867543631471892
0.7107147490605712,0.11826085485517979,0.00421350329570019,0.6867287208891765,0.042735862003796005,0.07697216210620217,0.6867287208891765
0.7086465088650584,0.28538423869758844,0.003061098276114988,0.6867102464445596,0.05188044672718178,0.09429753943441381,0.6867102464445596
0.7092065215110779,0.23488824442029,0.0033626569014632702,0.6866606197565295,0.04893025231949061,0.09527014663965958,0.6866606197565295
0.7077609337866306,0.06600498221814632,0.0014459794796213964,0.6866331953294744,0.03731329428912956,0.1036011862197821,0.6866331953294744
0.7063452722504735,0.2331499643623829,0.00046048638287520894,0.6866302100414579,0.03735259421996859,0.09129084807572654,0.6866302100414579
0.7071933979168534,0.3084469111636281,0.0015332228039955167,0.6866054413796333,0.049049390949922174,0.09193327331526759,0.6866054413796333
0.7077360888943076,0.3156975666061044,0.0022030591931264613,0.686543692954523,0.051625811559731796,0.09293910716998703,0.686543692954523
0.7085044365376234,0.07437897846102715,0.0027419393906767285,0.6865433173690356,0.0405937730016578,0.1029028284612621,0.6865433173690356
0.7062232811003923,0.17030774150043726,0.00017594741483388372,0.6864886863973244,0.02781830648531334,0.09257979630455654,0.6864886863973244
0.7059584837406874,0.10989636089652777,0.000230384403678014,0.6864402409097436,0.021935293107249648,0.08161185751186421,0.6864402409097436
0.7062558215111494,0.21340417955070734,0.00031121852304215217,0.6864301828530002,0.034379080728729014,0.0916699507183825,0.6864301828530002
0.7080666711553931,0.31301417108625174,0.002584667052009281,0.6864162827181872,0.05251859457380067,0.09339723125076957,0.6864162827181872
0.7066113268956542,0.27801024075597525,0.0009147688640603657,0.6864127193341212,0.04385205998477773,0.0907954530571555,0.6864127193341212
0.7094941148534417,0.16751451045274734,0.003547457625860918,0.6863848725159666,0.04410971425856323,0.09599847755689138,0.6863848725159666
0.7073860270902514,0.31708170659840107,0.0017984364601170964,0.6863222482630341,0.05058095591709467,0.09217596507258347,0.6863222482630341
0.7087112851440907,0.07815822027623653,0.00302548443152574,0.686303953461775,0.041333768463954625,0.10218889452895123,0.686303953461775
0.7073766589164734,0.06677972245961428,0.0007561114888051478,0.6862731760515275,0.03501068973575708,0.10286533748076523,0.6862731760515275
0.7080416865646839,0.06282900273799896,0.0019985894923319762,0.6862714015553985,0.03925401330960956,0.10402868820092043,0.6862714015553985
0.7068604361265898,0.3014697954058647,0.001229667358158575,0.6861541964119915,0.047277660931660595,0.09100454915583014,0.6861541964119915
0.7057733880355954,0.13887036498636007,0.0003425109167598531,0.686109613336513,0.023706495592839105,0.07876355101850525,0.686109613336513
0.7078544804826379,0.3210952114313841,0.0023799053194506915,0.6861001546403424,0.052566603243496865,0.09292433943603252,0.6861001546403424
0.7077971901744604,0.05956410709768534,0.0015532176483443582,0.6860500169484953,0.0382709758326107,0.10406577674567101,0.6860500169484953
0.7097272044047713,0.1040311697870493,0.0038836709488626474,0.6859989361219712,0.04358645885803089,0.0896305469237856,0.6859989361219712
0.7094457084313035,0.2115336013957858,0.0034809013722754407,0.6859962597712023,0.04758728216144079,0.0955501290457816,0.6859962597712023
0.7063538068905473,0.25730578415095806,0.000659665682371184,0.6859160612506828,0.04067737197226929,0.09032809737802638,0.6859160612506828
0.7064978955313563,0.27670906856656075,0.0008668197351360819,0.6859107605601742,0.04343836793250764,0.09030214324108152,0.6859107605601742
0.706567594781518,0.28429361898452044,0.0009560352892438028,0.6858923367734282,0.04452151135013463,0.09035249695290183,0.6858923367734282
0.7053091069683433,0.12722861301153898,0.00039663590303059035,0.6858780822147905,0.02198387311943552,0.07118209133087695,0.6858780822147905
0.7094094790518284,0.2257658401504159,0.0034653389645940857,0.68584579501502,0.048792726114743924,0.09511077854162896,0.68584579501502
0.7061403468251228,0.174101154319942,0.00017459336247080046,0.685819508964071,0.028377747975293202,0.09220326830519024,0.685819508964071
0.70618877094239,0.2238380117341876,0.00037085834470355504,0.6857823993852873,0.03585170177933262,0.0908285631071297,0.6857823993852873
0.7093094419687986,0.24516911339014769,0.0034290644261088087,0.6857268072966827,0.05030398606357421,0.09465022506647508,0.6857268072966827
0.7105297856032848,0.13246911950409412,0.003944782396776348,0.685681579299704,0.043304316077414244,0.07740718577893849,0.685681579299704
0.708607324399054,0.30478456150740385,0.003098585494071224,0.6856285384299342,0.05362484214617272,0.09365865701775461,0.6856285384299342
0.7087722541764379,0.29657298140227795,0.0032036003825390226,0.685560531083698,0.05341370350139969,0.09378675540654474,0.685560531083698
0.7084691049531102,0.3124326691031456,0.003004692215650263,0.6855470117062928,0.053870560101295005,0.09347681538649022,0.6855470117062928
0.7061118967831135,0.1939853085204959,0.00020861464761475604,0.6855305709481572,0.0314178842343328,0.09166810026229831,0.6855305709481572
0.7076712176203728,0.05415833555161953,0.0013495729160466214,0.6854943591415714,0.038231981063410234,0.10420692020079148,0.6854943591415714
0.7066400619223714,0.08513898588716984,0.00019043953023550864,0.6854841666018875,0.028364016801370674,0.09806313288789824,0.6854841666018875
0.7084937151521444,0.06176257040351629,0.0027761514441848657,0.6854306796842125,0.04179062943075654,0.10395032700242925,0.6854306796842125
0.7095134854316711,0.21957399137318134,0.0035094206372662503,0.6854062768359575,0.048579400007079936,0.0950528133457885,0.6854062768359575
0.7072221385315061,0.3273697914555669,0.0017076168833786997,0.6853847155756092,0.05110592541499136,0.09138297462286195,0.6853847155756092
0.7068317402154207,0.31283558160066605,0.0013108098233185583,0.6853594929644629,0.04846028240954935,0.09049426767364127,0.6853594929644629
0.7059442708268762,0.15001550503075123,0.00023196769591688954,0.6852721295955648,0.02509007504137671,0.08680709233254823,0.6852721295955648
0.7096230601891875,0.1907114703208208,0.0035635784707833806,0.6852474970175391,0.04638395410729155,0.09574437517452329,0.6852474970175391
0.7080704346299171,0.05147445201873779,0.00211545977408249,0.6852195998989484,0.04070110796074082,0.1046870956584348,0.6852195998989484
0.7067725956439972,0.31176531966775656,0.0012734387460111409,0.6852146573488876,0.048190304253640986,0.09028736178732334,0.6852146573488876
0.7079373700544238,0.3329452760517597,0.002542344700568489,0.6851518530742191,0.05397262834017453,0.09263572754790672,0.6851518530742191
0.706434978172183,0.2860525529831648,0.0009311783167088448,0.6851188888450812,0.04447461615877527,0.0896383409512895,0.6851188888450812
0.7061514938250184,0.24325369391590357,0.000508785647308702,0.6850405247454873,0.0385860240994714,0.0897884867602499,0.6850405247454873
0.7083755591884255,0.32329509407281876,0.0029606992027352667,0.6850350492799923,0.05456245014417278,0.09314439776027483,0.6850350492799923
0.7095839353278279,0.2181832119822502,0.0035356699465603496,0.685011468271394,0.04869602608999001,0.09489646487860301,0.685011468271394
0.7090250141918659,0.0770333195105195,0.0033921875005785977,0.6850080291453335,0.04298926491535646,0.10172277317325654,0.6850080291453335
0.7072031069546938,0.05765330232679844,0.0005729563805303848,0.6850014422867423,0.03523911928912543,0.10298362785670112,0.6850014422867423
0.7074252078309655,0.33650071173906326,0.001977584190477974,0.6849745358552545,0.052631738985262674,0.09164062201322642,0.6849745358552545
0.7060110829770565,0.16228771954774857,0.00018568571157241687,0.6849665079022089,0.026775057158488512,0.09060183743966638,0.6849665079022089
0.7091998048126698,0.27467150799930096,0.003417168525917119,0.6849085665658167,0.05277824518775962,0.09385275196278246,0.6849085665658167
0.7089124470949173,0.06995044928044081,0.0032950810866264556,0.6848174046835115,0.0430844789871703,0.10270331140323397,0.6848174046835115
0.7070629140362144,0.3311489140614867,0.001600741259708348,0.6847975123091986,0.05101350064974612,0.09075276764821119,0.6847975123091986
0.7097164196893573,0.17936076410114765,0.0036101299229102345,0.6847850128730439,0.04581054909749322,0.0956243583362381,0.6847850128730439
0.7091708462685347,0.08082352858036757,0.003517886590425095,0.6847288672884282,0.0433492735017941,0.10083164734970704,0.6847288672884282
0.7089314823970199,0.3003631569445133,0.0033255983120818633,0.6846550793498268,0.054311445199330295,0.093457405979418,0.6846550793498268
0.7093179766088724,0.2683426598086953,0.0034613994999677365,0.6846131799189935,0.05256713072689106,0.09381041017239126,0.6846131799189935
0.7085977215319872,0.05545627698302269,0.002956733111118469,0.6846015946479277,0.0429751560712267,0.1042196012958121,0.6846015946479277
0.7061820542439818,0.2626351872459054,0.000671550500978702,0.6845994407008138,0.04121187467086337,0.08918102658970857,0.6845994407008138
0.7093502730131149,0.0871904008090496,0.0036457334657543617,0.6845602360379466,0.04363794881983885,0.09906589071915417,0.6845602360379466
0.7075291024520993,0.34315700363367796,0.00213317744032068,0.6845302727848868,0.05358438614548989,0.09167203640481089,0.6845302727848868
0.7059192843735218,0.10611770022660494,0.00023495656594906258,0.6845024287083737,0.023275696950403116,0.08455489074601469,0.6845024287083737
0.7085176007822156,0.32517610024660826,0.00309642614013814,0.6844857899994278,0.05521061607798879,0.09304600135009881,0.6844857899994278
0.71112219709903,0.12244847044348717,0.003993915568778701,0.6844815529924779,0.0419997508948141,0.07584462056096905,0.6844815529924779
0.7060376079753041,0.23192663677036762,0.00041206670314584395,0.6844746814519127,0.03702383809101746,0.08960036835180797,0.6844746814519127
0.7098795613273978,0.15626519080251455,0.003725365166279084,0.6844669108919007,0.04480655470004176,0.09295254750698206,0.6844669108919007
0.7076000794768333,0.34457358811050653,0.002220712870897503,0.6844366058745528,0.05393915464532102,0.09177396680382922,0.6844366058745528
0.7059787809848785,0.20586120337247849,0.00025256848679496875,0.6843867456739062,0.033317868901666145,0.09037587333201083,0.6843867456739062
0.7066772794350982,0.07328833639621735,0.000199874441204171,0.6843846177041413,0.03029778260189865,0.0998738884819999,0.6843846177041413
0.7097488576546311,0.19605555851012468,0.0035975841135075476,0.6843703041477134,0.047280486454132464,0.09516830024763874,0.6843703041477134
0.7076321411877871,0.042327847331762314,0.0013606007235368283,0.6843667182954123,0.0395193221753966,0.10465654136787221,0.6843667182954123
0.7094009667634964,0.2645678324624896,0.003489755175678841,0.6843385781462143,0.0524799909293278,0.09374029518493131,0.6843385781462143
0.7091671014204621,0.28802523389458656,0.0034275599239753335,0.6843107664771897,0.05393518658872986,0.09346624605980333,0.6843107664771897
0.707489987835288,0.04358228947967291,0.001099509983343986,0.6843039123159559,0.03862241185020745,0.10434940517280789,0.6843039123159559
0.7097813533619046,0.18372080940753222,0.0036207268417970855,0.6843031788533908,0.0463754516843841,0.09536516682777128,0.6843031788533908
0.7061582477763295,0.26642812322825193,0.0006994895619057114,0.6842865785854386,0.04169778659549674,0.08890032665502794,0.6842865785854386
0.7072831355035305,0.04737234581261873,0.0007476792713716018,0.6842423395162457,0.037051425519909816,0.103707250618193,0.6842423395162457
0.708351637236774,0.33514182455837727,0.002984918410220164,0.6842067761214581,0.05555231411958018,0.09277418028373983,0.6842067761214581
0.7068338328972459,0.06301520671695471,0.0002656429151812377,0.6841567509149392,0.03257484682118999,0.10135506183746308,0.6841567509149392
0.7065304452553391,0.07895476464182138,0.00018382332501826922,0.6841360615337068,0.02875128623609586,0.09853025946861978,0.6841360615337068
0.7082106368616223,0.340471220202744,0.0028698662842118914,0.684124248468285,0.05555917614010857,0.0925894019791551,0.684124248468285
0.7066830657422543,0.32408498879522085,0.0013349136639112325,0.6840764483398029,0.049303378261339556,0.08949542511016961,0.6840764483398029
0.7081686872988939,0.03963872231543064,0.0023624929554730183,0.6840532514861163,0.04259591379634449,0.10517971913128556,0.6840532514861163
0.7096469486132264,0.09477308858186007,0.0038101161261761634,0.6840525538522041,0.04425895537317772,0.09555234253665776,0.6840525538522041
0.7099502850323915,0.15594699699431658,0.0037399446486400915,0.6840009306553412,0.04502673287153585,0.09259723392092133,0.6840009306553412
0.709506768733263,0.2589033618569374,0.0035205602959028737,0.6839923826589391,0.05228429932482581,0.09366004095551368,0.6839923826589391
0.7069776877760887,0.3402912188321352,0.0016072796000233425,0.683926272195498,0.051680852425062075,0.09016863106083489,0.683926272195498
0.7074617408216,0.3507110793143511,0.0021046999663931164,0.6839059502266626,0.05406382574879711,0.0912957078949741,0.6839059502266626
0.7063978649675846,0.3054513968527317,0.0010874926763198072,0.6838724014915808,0.04670987842197821,0.08876323300140251,0.6838724014915808
0.706770877353847,0.062437504529953,0.0002480269132534031,0.6838043100427433,0.03235404375451275,0.10112545584433488,0.6838043100427433
0.706030854023993,0.25462285429239273,0.0005837549555306523,0.6837868328809824,0.040144523477200725,0.08863109161950025,0.6837868328809824
0.7101043276488781,0.14842018857598305,0.0038060335303044964,0.683783379736356,0.04498436485538519,0.08916844701367228,0.683783379736356
0.7081402018666267,0.34676775988191366,0.0028245938360067103,0.6837644184207532,0.055878789501262585,0.09237047227709773,0.6837644184207532
0.7058958504348993,0.20208719559013844,0.00023414561459014706,0.6836956372537771,0.032890352194198884,0.09002691303678895,0.6836956372537771
0.7060704622417688,0.09851827844977379,0.00021727074629237554,0.6836885349461026,0.02446564992064053,0.09048547730568793,0.6836885349461026
0.7053967425599694,0.13453340902924538,0.00041271170442216937,0.6836527386806946,0.024342717535457047,0.07325349271873342,0.6836527386806946
0.7092320388182998,0.2944145454093814,0.0034700768874088516,0.6835815224906419,0.05473735690351716,0.09312519729121481,0.6835815224906419
0.7096593771129847,0.24705011397600174,0.003556182125880499,0.6835699899005886,0.051649113465202234,0.09363249312031122,0.6835699899005886
0.7090668706223369,0.3074441533535719,0.003420680713462981,0.6835605458679782,0.05540240658157571,0.09301561797189466,0.6835605458679782
0.7079565487802029,0.032092723064124584,0.002034337168605221,0.6835468750093209,0.0424496999747657,0.10526967136233255,0.6835468750093209
0.7058671619743109,0.18168814666569233,0.0001786523821527683,0.6834697436083357,0.029958052857206728,0.09051402019932815,0.6834697436083357
0.7082716040313244,0.03428689111024141,0.0025703355934188197,0.6834437289933243,0.04373493587730232,0.10530009729228493,0.6834437289933243
0.7089029802009463,0.31977035477757454,0.0033602213723835815,0.6834423887541091,0.05598477828292063,0.092873983099999,0.6834423887541091
0.7079050550237298,0.03069878462702036,0.0019502663837130607,0.6834368037109827,0.04236761954606834,0.10524506448487746,0.6834368037109827
0.7087398460134864,0.32894997391849756,0.0032802427520091477,0.6834281497340642,0.05627164845465569,0.0927749034519263,0.6834281497340642
0.7062644455581903,0.30006157886236906,0.001007799192219571,0.6833981820426436,0.0459248626294226,0.08825405289752411,0.6833981820426436
0.7106116050854325,0.11188614834100008,0.004063451524898171,0.6833669530926966,0.044806622858892205,0.07899141285682168,0.6833669530926966
0.7096946127712727,0.09252680744975805,0.0038254767859657716,0.6833617197000469,0.044632106328039954,0.09627655520959912,0.6833617197000469
0.7079852726310492,0.35484674386680126,0.002697440968952213,0.6833585415328285,0.05607296299025458,0.09202218315229743,0.6833585415328285
0.7056122561916709,0.14266487676650286,0.00029445365061465245,0.6833381027977381,0.025169367568785916,0.08038606197754897,0.6833381027977381
0.7069336520507932,0.3474355861544609,0.0016292004300124435,0.683276399975742,0.05225175075018742,0.0897929878331764,0.683276399975742
0.7066612150520086,0.33593122381716967,0.0014164636266775917,0.683184859289961,0.0504794755091539,0.08902802176162326,0.683184859289961
0.7068660901859403,0.051164775155484676,0.0003359839325731133,0.6831679592324937,0.034461634335778486,0.10212858090536375,0.6831679592324937
0.7088009174913168,0.046265208162367344,0.0032626499560418154,0.6831659714223137,0.04492320799609261,0.10438423482748471,0.6831659714223137
0.7065247762948275,0.32816104404628277,0.0013093734081519464,0.683116784536895,0.049410327064047986,0.08864343109855399,0.683116784536895
0.7071526516228914,0.3561243088915944,0.001841700202595895,0.683105548633725,0.05364374824177496,0.090293628659798,0.683105548633725
0.7099080262705684,0.20788759645074606,0.003618437612097182,0.6830981745372587,0.048831192005134444,0.09420447392263158,0.6830981745372587
0.7090537026524544,0.0566495293751359,0.003488205084667511,0.6830890001879513,0.045014473264163905,0.10333837609036357,0.6830890001879513
0.7089450173079967,0.05005860608071089,0.003406749329679104,0.6829665928690305,0.04518784209926778,0.10393485561549362,0.6829665928690305
0.7083043809980154,0.3521576151251793,0.003002370387504548,0.6829647612202656,0.056863562038964616,0.09226580605761166,0.6829647612202656
0.7099926425144076,0.1761881299316883,0.003673978285894749,0.6829410852714549,0.04651012027875234,0.09460543346703541,0.6829410852714549
0.7071201130747795,0.03825286030769348,0.0006151346117983035,0.6829185814062245,0.03751330894520685,0.10351656758493283,0.6829185814062245
0.709860784932971,0.2298091473057866,0.0035960534518450784,0.6828647820101171,0.05066571511841784,0.09358669393959947,0.6828647820101171
0.7071746215224266,0.3598992293700576,0.0018826568218265494,0.6828423135200172,0.05404194060321441,0.09025520978072764,0.6828423135200172
0.7086215391755104,0.036053454503417015,0.00308645148751151,0.6828395685439469,0.04520275814716853,0.10500233501677382,0.6828395685439469
0.7083233753219247,0.028013004921376705,0.0026937868681749053,0.6828277253314233,0.04471696743082959,0.10535415243014834,0.6828277253314233
0.7057851292192936,0.19276770669966936,0.00020141557661336847,0.6827063884277454,0.031753679414384714,0.08969943647745512,0.6827063884277454
0.7098387517035007,0.24164443369954824,0.003588443106851696,0.6825977565758636,0.05169261191547394,0.09325148301964871,0.6825977565758636
0.7077648900449276,0.36669260635972023,0.0025123130628528583,0.6825824693560386,0.0563718315144769,0.09142078171515189,0.6825824693560386
0.710024899803102,0.18802330270409584,0.0036540640566606743,0.6825555685750042,0.04750993739182799,0.09439640697172773,0.6825555685750042
0.7058172738179564,0.23570478707551956,0.0004246366640410698,0.6825467797692377,0.03778178252787001,0.08811613547847422,0.6825467797692377
0.7061032354831696,0.296271831728518,0.0009420032395241606,0.6825461968209622,0.04538820212528385,0.08750326373803341,0.6825461968209622
0.7061299895867705,0.0891821887344122,0.00019191014977382656,0.6825226108613989,0.026037898091548283,0.09437193327599537,0.6825226108613989
0.7093722466379404,0.06779011152684689,0.0037022041989902,0.6825210142690384,0.04535369415986164,0.10171705871041387,0.6825210142690384
0.7082431903108954,0.022599801421165466,0.0025987242695594236,0.682506227574086,0.04496841133700547,0.10535863620343762,0.682506227574086
0.7069662055000663,0.039330427534878254,0.00047012995291924076,0.6824622408425516,0.03664777695420896,0.10294794106124583,0.6824622408425516
0.7096661310642958,0.2707491386681795,0.003568924409570735,0.6824103006308049,0.053883695425339134,0.09281523598194814,0.6824103006308049
0.7088048318400979,0.3391850721091032,0.0033496079805232014,0.6823782475902695,0.0573528799806645,0.09240372577961592,0.6823782475902695
0.7063253102824092,0.0751769719645381,0.00017836844371509143,0.6823767931650353,0.028581470347370908,0.0978829503782387,0.6823767931650353
0.7090346207842231,0.32635934464633465,0.0034471602196128903,0.6823604395215475,0.05697087576876978,0.0924824925688037,0.6823604395215475
0.7075580796226859,0.02040325663983822,0.0014023268068784778,0.6823460657098308,0.04199496116562171,0.10471389864709862,0.6823460657098308
0.7063045129179955,0.32438575103878975,0.001215218816208752,0.6822134053980875,0.04868938058081065,0.0876669353376158,0.6822134053980875
0.7073159124702215,0.3701266571879387,0.002064993713606242,0.6821941496918906,0.05531996365814885,0.09038286178108121,0.6821941496918906
0.7077001798897982,0.37202959787100554,0.002465717441954127,0.6821559622581129,0.05660860108741294,0.09117303119820917,0.6821559622581129
0.7102455515414476,0.15277245175093412,0.003777826464967517,0.6821280654678665,0.045734033556071335,0.09040269429016641,0.6821280654678665
0.7094523133710027,0.2981937536969781,0.0035520702983378198,0.6821141068244212,0.055754288490911456,0.09250782955016466,0.6821141068244212
0.7049732487648726,0.12328824959695339,2.4949656181537408e-05,0.6821029161933846,0.02089188847618982,0.06986716014417273,0.6821029161933846
0.7105134604498744,0.10809704568237066,0.004002147357134525,0.6820752620639833,0.04544208201523299,0.0825720686882666,0.6820752620639833
0.7101518074050546,0.16433758847415447,0.0037207501101217733,0.6820596391441722,0.046200058590521176,0.09332127959095673,0.6820596391441722
0.7062319424003363,0.31994939874857664,0.0011623284643191287,0.6820590187137912,0.04814269566796737,0.08742487038511527,0.6820590187137912
0.7074579996988177,0.018630017526447773,0.0012474088577780072,0.6820380945741988,0.04175897662054544,0.10447291393208485,0.6820380945741988
0.7098693195730448,0.2525286888703704,0.003590108995877229,0.6819376547333448,0.052789430605622856,0.09278452317692973,0.6819376547333448
0.7056955918669701,0.17336801905184984,0.00017566324121493632,0.6818384048972542,0.02921717801697984,0.0893985561738613,0.6818384048972542
0.7087077694013715,0.026704203337430954,0.003249139793624276,0.6818135797109268,0.04663545098502083,0.10501379634245757,0.6818135797109268
0.708768617361784,0.3485116697847843,0.003348893011993172,0.6817688834276868,0.05801225091885458,0.09217141356992373,0.6817688834276868
0.7094742339104414,0.06505556870251894,0.0037714552038700154,0.6817395182898686,0.04601756420419666,0.10161169615943863,0.6817395182898686
0.7080381708219647,0.010768214240670204,0.0023295812954705055,0.6817251345714965,0.0453965447112986,0.10520160593167818,0.6817251345714965
0.7065787417814136,0.35185695346444845,0.0014974012189115531,0.6817000735539948,0.051875287982253854,0.0881906861184953,0.6817000735539948
0.7057448858395219,0.24496292229741812,0.0004874444212948533,0.6816762655829766,0.039135060515667265,0.08730316462954216,0.6816762655829766
0.7100605005398393,0.09648421686142683,0.003918368300090172,0.6816750198117125,0.045606288367602846,0.09307727284630228,0.6816750198117125
0.7056717146188021,0.16957794781774282,0.00017731618531369723,0.681623634474918,0.02876301673707434,0.08910027034042077,0.681623634474918
0.7096143988892436,0.29155030101537704,0.0035790172192835725,0.6815481864717161,0.05562979206107028,0.09229571596983854,0.6815481864717161
0.7084654681384563,0.3640087265521288,0.0031725674538443877,0.6815162306817001,0.058324208308254855,0.09192431061314889,0.6815162306817001
0.7073577651754022,0.014835520647466183,0.0011199073446631685,0.6815114123535528,0.041798120321708314,0.10416513305587398,0.6815114123535528
0.7081029731780291,0.3742280574515462,0.002884121726332367,0.6815044810597835,0.05800976745944499,0.09158043462812308,0.6815044810597835
0.7077040122821927,0.008568327873945236,0.0017525114961663105,0.6814807187605284,0.04415205516638398,0.10486485347905573,0.6814807187605284
0.709797466173768,0.08320735394954681,0.0038618227027333906,0.6814729876743545,0.045747534272489246,0.09837226464723432,0.6814729876743545
0.7058239905163646,0.2740228045731783,0.0007185913904331089,0.6814167616432835,0.04279383257274638,0.086676516336588,0.6814167616432835
0.7067380854859948,0.3637066753581166,0.0016335295941213546,0.6814127005896389,0.05328745624806309,0.08856111325871156,0.6814127005896389
0.7080073142424226,0.3772351769730449,0.0028005396439595327,0.6813979781192248,0.05794994430571869,0.091428573972872,0.6813979781192248
0.7101231040433049,0.21549838595092297,0.0036247324214956854,0.6813764032991984,0.05013709791457698,0.09314102700833343,0.6813764032991984
0.7086505014449358,0.35880723129957914,0.0032951974485995374,0.6813505147065699,0.058478205668314694,0.0919807172208069,0.6813505147065699
0.707034413702786,0.024019846692681313,0.0006427499406564619,0.6813355178154294,0.03914164240765787,0.10330376858434231,0.6813355178154294
0.7058872263878584,0.2882462367415428,0.0008417467108478238,0.6813290115176511,0.04448292440410305,0.08654422014920551,0.6813290115176511
0.7085656598210335,0.36258548591285944,0.003244395384975098,0.6813202072977746,0.05851779312238062,0.09192661492611058,0.6813202072977746
0.7057630363851786,0.10071196593344212,0.00022233862674652467,0.6813095083803782,0.02514516510005806,0.08731237754392916,0.6813095083803782
0.7093587080016732,0.3180931070819497,0.0035565660041482206,0.6812919899801483,0.057226289779380705,0.09211675639755909,0.6812919899801483
0.7091958122327924,0.3301527686417103,0.003523216817731646,0.6812751219532198,0.05777461801833844,0.09209303577420382,0.6812751219532198
0.7099890056997538,0.24924571625888348,0.0035975540821203723,0.6812351711564805,0.052822857680284774,0.09248745702011937,0.6812351711564805
0.7109981402754784,0.1331351650878787,0.0038108450814253836,0.6812065065945958,0.04441214245394411,0.07538074899226187,0.6812065065945958
0.7097554625943303,0.2822541957721114,0.003590068779090107,0.6811919522908503,0.05519104770544199,0.09218264734310755,0.6811919522908503
0.7070061732083559,0.023396833799779415,0.0006226839268917245,0.6811748344295857,0.039109571831412,0.10319260754791454,0.6811748344295857
0.7092566601932049,0.04460131749510765,0.003706308075411258,0.6811422112467418,0.04709489761497892,0.10343887155576736,0.6811422112467418
0.7056448338553309,0.22554485220462084,0.0003553345977350085,0.6811318084123168,0.03666874040308024,0.08747659691500782,0.6811318084123168
0.7059874422848225,0.30765032954514027,0.0010144454461420746,0.6811274996636202,0.0467022594527073,0.0864707326854921,0.6811274996636202
0.7054815394803882,0.14636835269629955,0.00025935559546965493,0.6811233856342308,0.026295216989296936,0.08185589106394538,0.6811233856342308
0.7075837319716811,0.3845325671136379,0.0023939172405663595,0.6810774020614145,0.057245275881744,0.09063470689633724,0.6810774020614145
0.7100125290453434,0.09130729082971811,0.0039033159460336335,0.6810743447232949,0.04587552173083389,0.09543682505303926,0.6810743447232949
0.7091385442763567,0.037234785966575146,0.003645273325418783,0.6810695954678185,0.047365487101379174,0.10401215359866293,0.6810695954678185
0.7071308316662908,0.3806108236312866,0.0019584213188926537,0.6810401950902493,0.05567404893629675,0.08956511308257029,0.6810401950902493
0.7078832192346454,0.0032242117449641228,0.002111139890494034,0.6810285760099404,0.04564299888428635,0.10524575944525531,0.6810285760099404
0.7103157630190253,0.15992371831089258,0.0037361814078890588,0.6810056386408283,0.04639116201699823,0.09198199062902582,0.6810056386408283
0.7062148423865438,0.06976376101374626,0.0001773866554260564,0.6810037609487712,0.02926468746894705,0.09774919173384543,0.6810037609487712
0.706415100954473,0.054781767539680004,0.0002097867745764914,0.6810021908207038,0.03212262032971925,0.09982377058652224,0.6810021908207038
0.7068945905193686,0.37489536590874195,0.0017730234500757417,0.6809950848984427,0.05461186212438112,0.08888927024485395,0.6809950848984427
0.7095925593748689,0.30340045876801014,0.0035887713421434713,0.6809252481772168,0.056618156022323465,0.09198992092902038,0.6809252481772168
0.7082842523232102,0.3764991806820035,0.003054099750235517,0.6809093293976285,0.05873308376623553,0.09159715470867584,0.6809093293976285
0.7057363511994481,0.268625152297318,0.0006680272659812065,0.6808657610813847,0.04220985206024237,0.08635195812870142,0.6808657610813847
0.7106945887207985,0.14067218359559774,0.0038217474437816533,0.6808548347365635,0.04564548740450432,0.08173383891801345,0.6808548347365635
0.7098302394151688,0.27998478431254625,0.003594915813893254,0.6808188790632382,0.05519219769893771,0.09202544807992388,0.6808188790632382
0.7104075467213988,0.10281309112906456,0.003952712187044503,0.6807744035946384,0.04598735981192378,0.08749951082296312,0.6807744035946384
0.7102261809632182,0.2100850949063897,0.003628251232198419,0.6807121351542916,0.049942977226570665,0.09292828844949709,0.6807121351542916
0.7095027761533856,0.3147472608834505,0.003586513778115622,0.6806945155787995,0.057349183840629536,0.09187974032925612,0.6806945155787995
0.7101940661668777,0.22177483513951302,0.003616075798206969,0.6806784630926113,0.050886294433901746,0.09265224988850886,0.6806784630926113
0.7064691325649619,0.3591083325445652,0.0015077142297207607,0.6806717084477544,0.052366812659662865,0.08747892551345213,0.6806717084477544
0.7085465779528022,0.00730486772954464,0.003143274454984219,0.6806710441281077,0.04805106583468258,0.10513794416636252,0.6806710441281077
0.707477810792625,0.38887715246528387,0.002304168170436053,0.6806694374026866,0.057271089136518585,0.09030155650796272,0.6806694374026866
0.705578101798892,0.21218228992074728,0.0002821708858846525,0.6806132710396919,0.03495515593370455,0.08762161899763567,0.6806132710396919
0.7088335705921054,0.016431081108748913,0.00345023423676469,0.6806088614101518,0.04828665500935951,0.1047549422567139,0.6806088614101518
0.7113072779029608,0.12878230586647987,0.003726314789744072,0.6805357001063959,0.04316126294488421,0.0730792146782431,0.6805357001063959
0.7055601980537176,0.16633223369717598,0.00018116341109153492,0.6805010428807285,0.028670434995549728,0.08815261111618497,0.6805010428807285
0.7081584548577666,0.38477360643446445,0.002962859244430792,0.6804410148235709,0.05896897766334267,0.09134139509179733,0.6804410148235709
0.7094617839902639,0.04837516508996487,0.003822488513038043,0.6804113436587444,0.04754106933366788,0.10266001025273955,0.6804113436587444
0.7057917565107346,0.29358319099992514,0.0008736574320411131,0.6803079140390337,0.04518230796730572,0.0858049576739515,0.6803079140390337
0.7072546919807792,0.004616215825080872,0.0010560175333006714,0.6802904051135017,0.04272477727446268,0.10392841695242835,0.6802904051135017
0.7084083510562778,0.0005408124998211861,0.0029888233082131874,0.6802719638991581,0.04828996274057141,0.10553466970679827,0.6802719638991581
0.7109149117022753,0.13689773995429277,0.0038021265088185193,0.6802622086221872,0.04533210690184579,0.07797120820764264,0.6802622086221872
0.7056533461436629,0.26483460422605276,0.0006333432808766904,0.6802486427132063,0.04183505014926731,0.08599519690406567,0.6802486427132063
0.7073339009657502,0.3926676856353879,0.002182210427236722,0.6802389921953095,0.05715478380741784,0.08985684655881539,0.6802389921953095
0.70956757850945,0.05321661103516817,0.003857961735303836,0.6802269537508304,0.047480392439543564,0.10206164732778686,0.6802269537508304
0.7061317227780819,0.3393646040931344,0.0012845225030106108,0.6802105349262102,0.05011199890803974,0.0863037837922919,0.6802105349262102
0.7060197070240974,0.3280457127839327,0.0011786160585053654,0.6801860716353013,0.048920447506108744,0.08601893908881854,0.6801860716353013
0.7088706651702523,0.012641825713217258,0.0035081088717915554,0.6801838896123974,0.048837188682265074,0.10466592374124489,0.6801838896123974
0.70998047105968,0.27245979383587837,0.00359640069988616,0.6801824694678139,0.05491465124281497,0.09177448538252181,0.6801824694678139
0.7069230619817972,0.3855710970237851,0.001842481017348791,0.6801684507451113,0.055552072290296815,0.08872763004595925,0.6801684507451113
0.7050896231085062,0.11669736728072166,7.80569255271093e-05,0.6801130293062327,0.0227035128112923,0.07111022214660416,0.6801130293062327
0.7103548841550946,0.18738458584994078,0.0036518528954393808,0.6800487952585073,0.04839058489181876,0.09308369504032304,0.6800487952585073
0.7093216134235263,0.3374959034845233,0.003574209954872668,0.6800308421049296,0.05873755025039509,0.09163510315050107,0.6800308421049296
0.7063861237838864,0.3628871124237776,0.0015058371080829886,0.6799876445239128,0.052593797167492594,0.08697580224122357,0.6799876445239128
0.7113013295456767,0.11612019222229719,0.00401681664794247,0.6799808660942267,0.044692899526505195,0.07373879902531791,0.6799808660942267
0.707681936211884,0.39636353217065334,0.0025320209495423925,0.679969954507401,0.05840427076650641,0.0905266082003305,0.679969954507401
0.7059987811371684,0.07737638521939516,0.0001772526371572803,0.679968966421466,0.028196944643097636,0.09567994681017884,0.679968966421466
0.7065504798665643,0.03496235050261021,0.0003145559186694174,0.6799668524658422,0.03566195676217219,0.10120125189941961,0.6799668524658422
0.7102740984410048,0.22712669800966978,0.0036045147011552208,0.6799038815856187,0.0515694643089532,0.09216040784938796,0.6799038815856187
0.7065912671387196,0.37631299532949924,0.0016477506554963353,0.679859323300887,0.05409302130656137,0.08759800023701972,0.679859323300887
0.7055103098973632,0.21973447315394878,0.0003236296121952433,0.6798540425857175,0.03613102278011897,0.08689059927555273,0.6798540425857175
0.7066284380853176,0.02782537043094635,0.00038028622432058226,0.6797705127627064,0.037009660226093984,0.1016189140579604,0.6797705127627064
0.7098975628614426,0.07137672044336796,0.0039104704690504635,0.6796997290365219,0.04705434365176199,0.09955451042332004,0.6796997290365219
0.7092283656820655,0.024976887740194798,0.0037722495114906997,0.679682273593735,0.04901269337260996,0.10396205520854997,0.679682273593735
0.7091100588440895,0.3570594172924757,0.003531486986474366,0.6795283225143265,0.059684886262562215,0.09149272415527687,0.6795283225143265
0.7054703924804926,0.21747386828064919,0.00031251474989019623,0.6794583281640046,0.03590328608035738,0.08674025674638537,0.6794583281640046
0.708119329996407,0.3966088593006134,0.0029519247486291572,0.6794114492149442,0.0596934909151427,0.09103040404788627,0.6794114492149442
0.7071546977385879,0.4000107888132334,0.002058907262162689,0.6793566309078309,0.05722160108372295,0.08917046268070124,0.6793566309078309
0.7062432775273919,0.05036785826086998,0.00020546362934841173,0.6793381210820477,0.0324743656693497,0.09906823793536737,0.6793381210820477
0.7047882722690701,0.1255031507462263,0.00022573720986035232,0.6793243897507963,0.02289863034148039,0.06864093941114044,0.6793243897507963
0.7090862412005663,0.36084863916039467,0.0035270043792381693,0.6793193248783925,0.059905682924283006,0.09143076143550759,0.6793193248783925
0.7104587713256478,0.17977366596460342,0.0036560902932303847,0.6793074376716287,0.04807851669514828,0.09271662328030547,0.6793074376716287
0.706437055952847,0.035377555526793,0.00028615324491076564,0.679285079026493,0.035264166170455816,0.10060675514056942,0.679285079026493
0.7086704345420003,0.38134062848985195,0.0033461465610780906,0.6792723364609181,0.06022701136750424,0.09137809872219144,0.6792723364609181
0.7060687253251672,0.34784340392798185,0.0013291906832558192,0.6792422439242504,0.05092295843818153,0.08572559414665318,0.6792422439242504
0.7067992016673088,0.011565734632313251,0.0005699047896216677,0.6792414942012662,0.039969049739745674,0.10215950660530004,0.6792414942012662
0.708973741158843,0.36792963556945324,0.0034891341728190066,0.679230622221905,0.060118375380140456,0.09141046814868267,0.679230622221905
0.7092894371598959,0.3497769245877862,0.003580177931391596,0.6792103952207377,0.05962076813221933,0.09136343931728634,0.6792103952207377
0.7104484820738435,0.19825067650526762,0.003622513069756911,0.6791513918227784,0.04949934473629686,0.09240592443604838,0.6791513918227784
0.7055170265957713,0.25857504084706306,0.00058139724114596,0.6791453828287769,0.041234806638712644,0.08541344791713382,0.6791453828287769
0.7102025784552097,0.26060877554118633,0.0035855328081372145,0.6791346296897269,0.05440703044964805,0.0913609230577244,0.6791346296897269
0.7106298264116049,0.15188326686620712,0.0037398975409704406,0.6791215705256577,0.0466502879966371,0.08833930389467834,0.6791215705256577
0.7077850131317973,0.4047060841694474,0.002654468744512117,0.6791120609956429,0.05927978339945676,0.09049552367800048,0.6791120609956429
0.7062755925580859,0.3672627517953515,0.0015010207376590038,0.6790841029098318,0.05286004645637995,0.08630851503587497,0.6790841029098318
0.7090061204507947,0.005558955483138561,0.0036730530354458523,0.6790792125098584,0.05013832610224263,0.10450295705702262,0.6790792125098584
0.7054312527179718,0.19001695327460766,0.00020177226115164536,0.6790772481780354,0.03223029893015911,0.08756259843989475,0.6790772481780354
0.7102673444896936,0.2513048807159066,0.0035832399699481255,0.6790582360974802,0.053725699879115865,0.09140809117687909,0.6790582360974802
0.706885889172554,0.39740592148154974,0.0018735133779611045,0.6790382993250452,0.05637966050897772,0.08830832130804844,0.6790382993250452
0.7096048071980476,0.04136991407722235,0.0039180427210027905,0.6790333264186618,0.04877370288186324,0.10249605755249346,0.6790333264186618
0.7058529639616609,0.08115179743617773,0.0001804006853228094,0.6790215551218288,0.027970563174993843,0.09423651818505407,0.6790215551218288
0.7114454973489046,0.12906137760728598,0.0036680752581086267,0.6790085815034206,0.04337010098210074,0.07233029079130696,0.6790085815034206
0.7064958140254021,0.026891368441283703,0.000345597142887756,0.6788894133069258,0.03674113221523289,0.10094687324727246,0.6788894133069258
0.7064568549394608,0.3815273279324174,0.0016305362334246543,0.6788666747216215,0.05430852132960779,0.0868499519562408,0.6788666747216215
0.710358876734972,0.2389576891437173,0.003581782544213597,0.6788322927251547,0.0528332197375794,0.09144218342659531,0.6788322927251547
0.709293351508677,0.017672022804617882,0.003849803452391874,0.6788287452058066,0.05000576872777046,0.1037483390371244,0.6788287452058066
0.710031527094543,0.2903322260826826,0.003600164212671633,0.6787909078809403,0.056629838286583425,0.09106217477382489,0.6787909078809403
0.705858500674367,0.3318233862519264,0.0011778995897924484,0.6787907163799575,0.04933515989021338,0.08500195364379316,0.6787907163799575
0.7078324537724257,0.40805124025791883,0.0027068604660489136,0.6787439057774649,0.05963879915181386,0.09048573639178878,0.6787439057774649
0.7099300734698772,0.0605067852884531,0.003947493342864507,0.6785818020156573,0.04810438477992183,0.10027958168417023,0.6785818020156573
0.7099013989791274,0.30971353966742754,0.003615530010025011,0.6784587223961944,0.05797218573421224,0.0909175492417486,0.6784587223961944
0.7072439733892679,0.41228877007961273,0.002169538340327584,0.6783284581112105,0.058309609554932564,0.08916044132417247,0.6783284581112105
0.7105485619977117,0.20015361160039902,0.003603098206523411,0.6782952049322898,0.04988899060118851,0.09191808766675638,0.6782952049322898
0.7087506232783198,0.3886308604851365,0.003399257572952278,0.6782836225978929,0.06096184336943819,0.09113896511266556,0.6782836225978929
0.7055714968591928,0.2973772259429097,0.0008833189390919261,0.6782154852273764,0.04582451733093041,0.08439634372237823,0.6782154852273764
0.7057040398940444,0.08649592101573944,0.00018747252631419852,0.6781666984939878,0.027635760100756867,0.09228922270676203,0.6781666984939878
0.7106658173725009,0.16035513766109943,0.0036853754635724073,0.6781092527415588,0.04727222260941259,0.0904852352255871,0.6781092527415588
0.7067525368183851,0.40378767251968384,0.0018340683440561758,0.6780904581048799,0.0565637124049067,0.08764240245595693,0.6780904581048799
0.7056650873273611,0.3167729498818517,0.001040577462820292,0.6780898077298779,0.04787363074011758,0.08433593037415961,0.6780898077298779
0.7093914998695254,0.0138937346637249,0.0039252650891028265,0.6780657705410116,0.05074310391976836,0.10344498169770786,0.6780657705410116
0.7105724280700088,0.20394760556519032,0.003592715427282531,0.6780329698627618,0.05025937540088076,0.09169494523445665,0.6780329698627618
0.7077524214982986,0.4163330905139446,0.0026449335967484422,0.6780054763746076,0.05994966163628827,0.09018761167233334,0.6780054763746076
0.7053379081189632,0.1781627368181944,0.0001835964666616226,0.6779786367966532,0.030887269649622157,0.08719136609070592,0.6779786367966532
0.7084434209391475,0.4039753368124366,0.003219130412519759,0.6778813733817153,0.0611154461409739,0.0909334824791325,0.6778813733817153
0.7053644331172109,0.24719487503170967,0.0005003942471038878,0.6778798694300004,0.040023401655312145,0.08493969014222395,0.6778798694300004
0.7103368733078241,0.08491801284253597,0.003913534882109107,0.6778540934156753,0.04735863407995709,0.09573833960785173,0.6778540934156753
0.7059701075777411,0.05844220984727144,0.00018099797930712955,0.6778342146269225,0.031285967631594705,0.09700431986641977,0.6778342146269225
0.7060974640771747,0.04657394252717495,0.00020516240612659508,0.6777992343260283,0.0330552907265468,0.0983517542017451,0.6777992343260283
0.7098729563876987,0.32204456347972155,0.003623954164563062,0.6777784105492232,0.05892394211227292,0.09065902749445294,0.6777784105492232
0.7073699422180653,0.4195711752399802,0.0022948876205274313,0.6777317490173089,0.05911502076389786,0.0893424038034077,0.6777317490173089
0.7085874890908599,0.40074392780661583,0.003312231465590008,0.6777264164141008,0.0613109760988219,0.09096238188278344,0.6777264164141008
0.710501030087471,0.23757355101406574,0.003559203472640144,0.6777260733220238,0.053030142167106505,0.09091322214442521,0.6777260733220238
0.708048403263092,0.4156028125435114,0.0029155542643849973,0.6776914423047508,0.06073537536485583,0.09054848165183277,0.6776914423047508
0.705913751386106,0.35593760199844837,0.001350690039031832,0.6776456627484846,0.05166955749691199,0.08465856138171847,0.6776456627484846
0.7067113127559423,0.000354597344994545,0.0006079092958872506,0.6776266670030558,0.041345646393171044,0.10205392802314181,0.6776266670030558
0.7083957027643919,0.4082980053499341,0.003187991312229249,0.6775971186104291,0.06125676288434279,0.0908404755196748,0.6775971186104291
0.705937554128468,0.3597120866179466,0.0013785563895534082,0.6775518237985985,0.052015085949467445,0.0846944477093737,0.6775518237985985
0.709633769467473,0.34556871838867664,0.0036336198056815174,0.6775311830089835,0.060196375922845526,0.09069128511564055,0.6775311830089835
0.7097879806533456,0.3338803267106414,0.003632054774662142,0.6774606522493107,0.059667018394431226,0.090585254384139,0.6774606522493107
0.711752631701529,0.11970534827560186,0.0039038176884294814,0.6774522203998764,0.04366900318995198,0.07206954091570336,0.6774522203998764
0.7091264044865966,0.3796004382893443,0.003555175310888165,0.6774403158408313,0.06136840773190639,0.09089398910475202,0.6774403158408313
0.7101164991036057,0.302179042249918,0.0035970840525982374,0.677414032221041,0.05784867750800005,0.09043575597047974,0.677414032221041
0.7097689863294363,0.033049702644348145,0.004007665330126861,0.6773915822167257,0.05018009638886823,0.10216296039751444,0.6773915822167257
0.707407234236598,0.4233651952818036,0.0023355327362670803,0.6773776088825494,0.05945216736163544,0.08935508685116283,0.6773776088825494
0.7066705254837871,0.4089734349399805,0.0018191599884668876,0.6773608186293216,0.05677480952278187,0.08718944136964396,0.6773608186293216
0.7049372000619769,0.13577631209045649,0.0003915097559987781,0.6773513206810493,0.026362532111233614,0.07128650889241939,0.6773513206810493
0.7052749525755644,0.19638386461883783,0.00022737428533297895,0.6773425789226056,0.03347116741606619,0.08640304820862625,0.6773425789226056
0.7097077956423163,0.3422229066491127,0.0036354293955782437,0.6773285886704494,0.0601221703884906,0.09058505314915878,0.6773285886704494
0.7057021968066692,0.33619149681180716,0.0011858913042886831,0.6773053654393424,0.049846508826315056,0.08399192286143238,0.6773053654393424
0.7068423451855779,0.4152945475652814,0.0019137464601567628,0.6772990644533,0.057557701705489475,0.08775044690924783,0.6772990644533
0.705296590924263,0.10484776459634304,0.0002245487604594892,0.6772219716780422,0.026237839290384514,0.08157935912548427,0.6772219716780422
0.7062840647995472,0.3916272483766079,0.0016290366965877147,0.6772129921616171,0.05490600069436338,0.08577115345817742,0.6772129921616171
0.7054399140179157,0.2923211194574833,0.0008366227070575444,0.6771971891362303,0.04539327854261412,0.08380272877326347,0.6771971891362303
0.7053576791658998,0.2704060208052397,0.000668127900484022,0.6771813289319607,0.04292188764326948,0.0840657307761004,0.6771813289319607
0.7101736199110746,0.06383176427334547,0.003961016092997593,0.6771592604247526,0.0485833770047026,0.09903011811082284,0.6771592604247526
0.7055515367537737,0.31600583903491497,0.0010235471265844349,0.6771389926486622,0.04788615929677285,0.08370875323549334,0.6771389926486622
0.7096757190302014,0.021422226913273335,0.004025547278466508,0.6770763786320986,0.051015260114814796,0.10258184870577558,0.6770763786320986
0.7089576655998826,0.39242378156632185,0.0034983539521082694,0.6770399098968413,0.06178214201976376,0.09083159293857238,0.6770399098968413
0.7095317533239722,0.009571089409291744,0.0040115949593009835,0.6770001008112996,0.05166263617077643,0.10302819182019764,0.6770001008112996
0.7102996408939362,0.07308213040232658,0.003935251973175725,0.676992489394856,0.04817592047605267,0.09767272000788922,0.676992489394856
0.7075473610311747,0.4281675424426794,0.002470170504485858,0.676918594069937,0.060116980168956335,0.089570110921228,0.676918594069937
0.7103655934333801,0.2787652714177966,0.003557003924943968,0.6769152695248192,0.056388780327797185,0.09021280135037563,0.6769152695248192
0.7084976825863123,0.4120482113212347,0.0032591478637740917,0.6769087899359271,0.06177369558602615,0.09074247903272904,0.6769087899359271
0.7052424419671297,0.18552918825298548,0.00019819717454687972,0.6769056061197434,0.0321056417688623,0.08653350152264726,0.6769056061197434
0.7054617684334517,0.30415558628737926,0.0009279197004682522,0.6768892871757128,0.04669348882741644,0.08355519001474292,0.6768892871757128
0.706371957436204,0.4009310631081462,0.001692453371587736,0.6768659498837686,0.05571775471114578,0.08600113868640688,0.6768659498837686
0.7057648757472634,0.3515090914443135,0.0012972465784845046,0.6768461043775872,0.05129032329978686,0.08393956619876312,0.6768461043775872
0.7098167194053531,0.02968076802790165,0.004033425460632287,0.6768376504320449,0.050674064122724884,0.10204274923143905,0.6768376504320449
0.7094335369765759,0.3691762937232852,0.003622611803776271,0.6767234169106822,0.061434169625200076,0.09056651434143857,0.6767234169106822
0.710784156806767,0.17162783164530993,0.00361493422076581,0.6766883348805071,0.04822713044938364,0.0910808372771058,0.6766883348805071
0.7102060578763485,0.06075116619467735,0.003970106083157154,0.6766753880238927,0.04894766688754608,0.09910351689875348,0.6766753880238927
0.7069863742217422,0.42712516989558935,0.0020231134569319324,0.676508960839074,0.05864408437578373,0.08803576479446033,0.676508960839074
0.710662180557847,0.23378298431634903,0.003528290327461386,0.6765007204030851,0.05302747411309368,0.09035733807516619,0.6765007204030851
0.7101413477212191,0.052484902553260326,0.003994326251284106,0.6764780118840202,0.04949935925929649,0.09988887358410606,0.6764780118840202
0.7101451801136136,0.314017940312624,0.003597241264478678,0.6763939835767154,0.05889790851445196,0.09001273571071225,0.6763939835767154
0.7052155612036586,0.2408893210813403,0.00046359239492347194,0.6763858315091872,0.0394593688267639,0.08432796717329734,0.6763858315091872
0.7060791235417128,0.38783285580575466,0.0015608911327702865,0.6763797788323267,0.05444980184070974,0.08479535967951461,0.6763797788323267
0.7051935428753495,0.22903831396251917,0.00039097377902104074,0.6763049386030129,0.037968916308609935,0.08465611632475248,0.6763049386030129
0.7107516312971711,0.21422081906348467,0.003535581337028354,0.6762881195539954,0.05149846965733485,0.09058041886138782,0.6762881195539954
0.7070828229188919,0.4316928777843714,0.002094111663558176,0.6762340135068285,0.059147465810846185,0.08826904055552388,0.6762340135068285
0.7100412473082542,0.04063486400991678,0.004028316914076947,0.6762258187541971,0.05031425567635984,0.1008705286865983,0.6762258187541971
0.7081942949444056,0.42743487656116486,0.003042258809078761,0.6761856940408403,0.06184659704079434,0.09038924961749718,0.6761856940408403
0.7097366861999035,0.35385065991431475,0.0036406326663981046,0.6761790418471674,0.0610675162123896,0.09020957513371243,0.6761790418471674
0.7104770075529814,0.07911526132375002,0.003906710054839481,0.6761600103545676,0.048175802725963474,0.09610949341040849,0.6761600103545676
0.7054073791950941,0.09456684533506632,0.00020438073955748398,0.6760935765494135,0.02753988044334599,0.08797308026150001,0.6760935765494135
0.7063365746289492,0.007491537369787693,0.0004192823523142744,0.6760753444894816,0.039315439378896144,0.09981965309267166,0.6760753444894816
0.7104398580268025,0.2839653203263879,0.003540720235192288,0.676020077751961,0.05699432064586941,0.08978448440818089,0.676020077751961
0.7059279084205627,0.38030972983688116,0.0014919383577187443,0.6760000200576457,0.05379544250925772,0.08414895130348839,0.6760000200576457
0.7051442489027977,0.15805781912058592,0.0002005555141220741,0.6759365340199122,0.028951128746225137,0.08430074612054335,0.6759365340199122
0.710509542375803,0.2758924439549446,0.0035271703855605345,0.6759028186191658,0.056435891610817315,0.08974302146376206,0.6759028186191658
0.7102348422631621,0.3114222837612033,0.003582382903849614,0.6758934114740006,0.05887903822109927,0.08977653849992197,0.6758934114740006
0.7108671059831977,0.17540552373975515,0.0035815871196275386,0.6758802685073397,0.04863559011875923,0.09081649816897934,0.6758802685073397
0.7079172320663929,0.4355262899771333,0.0028122526825115663,0.675869710652766,0.06154173353669799,0.09000927504863546,0.675869710652766
0.7052683476358652,0.28209372889250517,0.0007551744710761049,0.6758650815474622,0.04442067411201104,0.08317402843660053,0.6758650815474622
0.7056820811703801,0.06708083488047123,0.0001754661155942237,0.6758529589427604,0.03059643283465921,0.09458545840752455,0.6758529589427604
0.7051850082352757,0.25322322081774473,0.0005477715810896963,0.6758020910225627,0.04106083128717823,0.08370801967933268,0.6758020910225627
0.7095355167984962,0.37304093688726425,0.0036347216589798824,0.6757687187472662,0.06195434559336215,0.09024406698124858,0.6757687187472662
0.7092674011364579,0.3898884914815426,0.0035932029286674405,0.6757385758619259,0.06242019630440423,0.09040902480104931,0.6757385758619259
0.7107881493866444,0.22357120271772146,0.003510746546975024,0.6757258630884366,0.05237287994197763,0.09012640175671283,0.6757258630884366
0.7063167756423354,0.4113722825422883,0.0017150228381360214,0.6757070503438583,0.05640585448706811,0.0855135544862867,0.6757070503438583
0.7091045053675771,0.39901470486074686,0.003549007041786627,0.6757003083720058,0.06258872013378029,0.09047701542189553,0.6757003083720058
0.7111421097069979,0.14498186204582453,0.003654708067564038,0.6756912465318596,0.04697141692449791,0.08237427925356888,0.6756912465318596
0.707640653476119,0.44001022540032864,0.002566109330037805,0.675676044756807,0.06104270093001464,0.08951590272211182,0.675676044756807
0.7106536459177732,0.2564743924885988,0.0035039079320500544,0.6756636358011427,0.05501436451788228,0.08971913713588578,0.6756636358011427
0.7051040278747678,0.15470317099243402,0.00021211326066856274,0.6756355470392528,0.028679513714853232,0.08315731199396818,0.6756355470392528
0.7061640229076147,0.01563451811671257,0.00033736158567645655,0.6755183128397172,0.0379260684552086,0.09886717561063565,0.6755183128397172
0.705115769058466,0.2082307292148471,0.00028523617068210833,0.6755055844968818,0.0353884695299663,0.08504148251835515,0.6755055844968818
0.70620321854949,0.011843850836157799,0.00036450058262586874,0.675490978274709,0.03851349500380772,0.09903989507207332,0.675490978274709
0.7052240734919906,0.2806941131129861,0.0007447995377410488,0.675448742385189,0.04431231951579174,0.08297876529998736,0.675448742385189
0.7074967045336962,0.4427686082199216,0.0024389516277947133,0.6754289260676579,0.06081423833258086,0.08917575027710055,0.6754289260676579
0.7099992474541068,0.34148929826915264,0.0036232045008167814,0.6753943142163962,0.06074312527173894,0.08976403683276811,0.6753943142163962
0.7108955411240458,0.19481668528169394,0.0035288578167501227,0.6753581461820866,0.050139672628798156,0.09051694955630558,0.6753581461820866
0.7069576932117343,0.43897932674735785,0.0020281932589066255,0.6752897151447678,0.05928910527502135,0.08770616468737215,0.6752897151447678
0.7099707471206784,0.021664696745574474,0.004092062898946795,0.675266697486137,0.05194253579877778,0.10147807928766153,0.675266697486137
0.7109369905665517,0.09886136651039124,0.003822195056723486,0.6752187894025841,0.04760744675426312,0.08745945866200722,0.6752187894025841
0.7058852510526776,0.039043246768414974,0.00021454326411372068,0.6751802898205618,0.034508599335026556,0.09724734209176335,0.6751802898205618
0.7081619706004858,0.4387930929660797,0.0030144194275625313,0.6750700448256091,0.0623825578442178,0.090146436773353,0.6750700448256091
0.7105419570580125,0.28631934709846973,0.0035156986159024283,0.6750417212405297,0.05739686980897979,0.08932721851958998,0.6750417212405297
0.7109410995617509,0.19044673535972834,0.0035239325755464235,0.6750044372325076,0.04986936506428034,0.09040900120394604,0.6750044372325076
0.7053291825577617,0.09315984230488539,0.00020097143493845335,0.6749239784699381,0.028014807064387293,0.08799186502249719,0.6749239784699381
0.7065389575436711,0.4307725904509425,0.0018331960132926962,0.6748928435109292,0.05798917490270442,0.08617961685640341,0.6748928435109292
0.7083736695349216,0.4357697209343314,0.0031701635526595108,0.6748404551288872,0.06279192809688743,0.09026468920227543,0.6748404551288872
0.7057976676151156,0.04340320825576782,0.000201457283608153,0.6747488427338395,0.03398307780382905,0.09656009435207565,0.6747488427338395
0.7108254414051771,0.24297113437205553,0.0034711164288458037,0.6747379921506114,0.05413586548874728,0.0893843853046626,0.6747379921506114
0.7050543399527669,0.22244931291788816,0.0003626612729279783,0.6747363742961572,0.0373581150356123,0.08415433222316437,0.6747363742961572
0.7066467786207795,0.4364446848630905,0.0018810523261152967,0.6747272133203078,0.058514892669941435,0.08654362605306734,0.6747272133203078
0.7090182602405548,0.4132238207384944,0.0035138626655235993,0.6747003177103335,0.06322630742200454,0.09029237960105183,0.6747003177103335
0.7079497948288918,0.4463848704472184,0.002838634245688215,0.6746726449334798,0.06220565262850597,0.08983487192033777,0.6746726449334798
0.7059498224407434,0.39970916975289583,0.0015845761106633113,0.6746399266136933,0.05531169650821562,0.0838496318381543,0.6746399266136933
0.7098406413570046,0.0022204965353012085,0.004134424367793758,0.6745711357365363,0.05342754753069563,0.1022116220108483,0.6745711357365363
0.7049609431996942,0.14762222301214933,0.00025208019542524224,0.6745708908340766,0.028256532059023644,0.07936194984167104,0.6745708908340766
0.7094133971258998,0.393662815913558,0.0036161590133624425,0.6745595611789496,0.06301810436651167,0.09003832093255551,0.6745595611789496
0.7100737858563662,0.3458107151091099,0.0036140119824089744,0.6745038944148835,0.06122667852115462,0.08942480873432952,0.6745038944148835
0.7050431929528713,0.16464682016521692,0.0001898663848283165,0.6744704415752918,0.03001146270081124,0.08482368254414258,0.6744704415752918
0.7088209223002195,0.42409642320126295,0.003429094310001954,0.6744662737328592,0.06333788186443151,0.0902922035253456,0.6744662737328592
0.7062215590849519,0.4206154551357031,0.0017184282889486872,0.6744294717686894,0.05693549478070709,0.08485746593296656,0.6744294717686894
0.7056207908317447,0.37092319782823324,0.001390690658830163,0.6744263246386272,0.05306557841557749,0.08266564120475733,0.6744263246386272
0.7089209593832493,0.4203066909685731,0.003473252245380058,0.6744236523746462,0.06338333553734334,0.0902656282824737,0.6744236523746462
0.7103243870660663,0.3222922785207629,0.0035660824607211842,0.6744219331894611,0.059936900626484775,0.08917960211748077,0.6744219331894611
0.7110308753326535,0.17959593329578638,0.0035218965273269374,0.6743279466469677,0.04919929205214915,0.09009500244418721,0.6743279466469677
0.7055495763197541,0.06570432428270578,0.00017636205799441862,0.6742943477503315,0.03116572664846614,0.0938124623970761,0.6742943477503315
0.705061056651175,0.25981222186237574,0.0005991685164510102,0.674257338747429,0.04204220059945981,0.08282132692543058,0.674257338747429
0.7050108313560486,0.21531167719513178,0.00032781695566495297,0.6742387538625454,0.03651040225377488,0.08420336989095346,0.6742387538625454
0.7110681077465415,0.1677447957918048,0.0035475639849935057,0.6742262163880497,0.04845814658254431,0.08948701506830754,0.6742262163880497
0.7071115784347057,0.45208057202398777,0.0021387461283735617,0.6742166542141784,0.06035378982979376,0.08797944753811937,0.6742166542141784
0.7053900258615613,0.34377610497176647,0.0012026821481676516,0.6741680544878561,0.05078498435043622,0.08204926479479649,0.6741680544878561
0.7106821276247501,0.07532171811908484,0.0038767344150787237,0.6741483262571926,0.048960295756484334,0.09561065797103652,0.6741483262571926
0.7107948660850525,0.26285622734576464,0.0034578608724423693,0.6741361238268402,0.05582642098757485,0.08895170340349615,0.6741361238268402
0.7097205994650722,0.37818458676338196,0.0036391317273843544,0.674132234226391,0.06273184653069439,0.08966999594620545,0.674132234226391
0.7057564090937376,0.38954541087150574,0.0015046551358803442,0.6741173029305284,0.05453097984478111,0.08300626417475322,0.6741173029305284
0.7087180018424988,0.4314470700919628,0.003374187521324929,0.6741139747537989,0.06346998095747522,0.09023001648614012,0.6741139747537989
0.7108469307422638,0.08841134048998356,0.0038225568039652845,0.6741115813572637,0.048302648622148635,0.09238520032755658,0.6741115813572637
0.7096556099131703,0.38358220364898443,0.0036370959462181567,0.6740488965953313,0.06293896620515108,0.08971200478307971,0.6740488965953313
0.7109763091430068,0.09497672878205776,0.003795286419974647,0.6740182946046813,0.04802377228495351,0.08931789764428442,0.6740182946046813
0.7072116192430258,0.4558582305908203,0.002211659642348352,0.6739350676206777,0.06078186017983683,0.08821372586364402,0.6739350676206777
0.7060055350884795,0.41307912673801184,0.0016449685286186353,0.6738871216381661,0.056282032362800424,0.08388186062233037,0.6738871216381661
0.7053465321660042,0.34346671774983406,0.0011971203380912148,0.6737858684793132,0.05078718065630072,0.0818221026022307,0.6737858684793132
0.7082801386713982,0.4480969598516822,0.003093877856121448,0.6737784291320326,0.06317129246903792,0.09001512328527671,0.6737784291320326
0.710818687453866,0.26663439627736807,0.003447188750358493,0.6737392130157847,0.056194666284230255,0.08874820440097028,0.6737392130157847
0.7099587973207235,0.3656822210177779,0.0036267343784248296,0.6736419982527814,0.06240539214771045,0.08929998249877114,0.6736419982527814
0.7078039068728685,0.45823538582772017,0.0027071343244967905,0.6735957129330558,0.06239881729246446,0.0894396937324197,0.6735957129330558
0.7061232356354594,0.42440564557909966,0.001704680492005681,0.6735824780506892,0.05710012618966049,0.08428456846857098,0.6735824780506892
0.7095554387196898,0.39542937744408846,0.003626705636788283,0.673542505517106,0.06345907791229354,0.08968922510118134,0.673542505517106
0.7105790553614497,0.30573397129774094,0.0035017916139734304,0.6735109081722416,0.05908583554317704,0.08867030595818443,0.6735109081722416
0.7060481924563646,0.0043150922283530235,0.0003789581553810324,0.6734763815688981,0.039662409089075666,0.09816160877466405,0.6734763815688981
0.7065572338178754,0.44729942083358765,0.0018660142614275726,0.6733765304602544,0.05898032570689277,0.08596170717070434,0.6733765304602544
0.7105923518538475,0.056406586430966854,0.003942391877803882,0.6733606872383632,0.05034404738645673,0.09759302836107996,0.6733606872383632
0.7103462228551507,0.3341227928176522,0.0035610560449072775,0.673358405363469,0.06089526896107941,0.08880781809430702,0.673358405363469
0.7113233590498567,0.10428815428167582,0.0037431588186806588,0.6733483773078573,0.04754257845430383,0.08144710343593675,0.6733483773078573
0.7052358146756887,0.33227030467242,0.0011164276499404278,0.6733390931045885,0.04980582142497344,0.08152261710314838,0.6733390931045885
0.7054882934316993,0.3712325431406498,0.0013751364540950145,0.6733227206037156,0.053149462651833464,0.08193057652073257,0.6733227206037156
0.7072763815522194,0.46218717005103827,0.002261140826216576,0.6733158277217578,0.0612446828491913,0.08828476772647931,0.6733158277217578
0.7114291610196233,0.10668056644499302,0.0037390975763607398,0.6733078936666685,0.04728877914554828,0.07882203425845384,0.6733078936666685
0.7051223963499069,0.3095687637105584,0.0009553927600366515,0.6732654110536552,0.04761205097016804,0.08156103476041404,0.6732654110536552
0.7112320372834802,0.15654893592000008,0.0035442485145734735,0.6732442526706176,0.04798007592365216,0.08689575911245963,0.6732442526706176
0.705825962126255,0.023718257434666157,0.0002642549259086897,0.6732197460291698,0.03697148462329416,0.09690480116278853,0.6732197460291698
0.7051508538424969,0.3204197743907571,0.0010322156810671113,0.673073481359003,0.04870322958233022,0.0814015348278992,0.673073481359003
0.7116494840011001,0.11047026515007019,0.003739091024019251,0.6730437196566953,0.046707669608659914,0.07438718596356031,0.6730437196566953
0.7101777335628867,0.00981880072504282,0.004138819912963237,0.6730241690998217,0.053624706706734165,0.10059580423647937,0.6730241690998217
0.7055925289168954,0.04719283618032932,0.00019290097849790396,0.6729890143034385,0.033840178099300525,0.09508125603379018,0.6729890143034385
0.7107620928436518,0.06900866329669952,0.003871481571701174,0.6729518438101232,0.04964031937087912,0.0958490649277692,0.6729518438101232
0.7110508028417826,0.09272382780909538,0.0037672687294837727,0.6729481279173288,0.048329502581246596,0.08988233109584735,0.6729481279173288
0.7111097704619169,0.21932087931782007,0.003418659646464725,0.672919312617509,0.05252064259618443,0.0888070623471311,0.672919312617509
0.7103790147230029,0.02894715592265129,0.004065005302034196,0.6729132789000919,0.05238720317016896,0.099698112554178,0.6729132789000919
0.71042644046247,0.03329170309007168,0.004043676952491875,0.6728736098020106,0.05209058476399114,0.09940276147729248,0.6728736098020106
0.7049106750637293,0.18783616553992033,0.00022116751743060694,0.6728461140845196,0.03316165536895618,0.08465509091663366,0.6728461140845196
0.705317641608417,0.3550329217687249,0.0012662988274931158,0.6728453363379086,0.05185749763010809,0.08138524391975006,0.6728453363379086
0.7104521440342069,0.3299079108983278,0.0035344374452121467,0.6728331637143212,0.06077021960389633,0.08853591564860146,0.6728331637143212
0.7067641606554389,0.45914616622030735,0.0019517812139841953,0.6728168909031419,0.05996740219641237,0.08662361774705626,0.6728168909031419
0.7112833522260189,0.15623938851058483,0.0035286211300460256,0.6727797256710687,0.04801890454277806,0.08655429406790702,0.6727797256710687
0.711026880890131,0.24679211806505919,0.003401542062078554,0.6727634982928515,0.05478771113037191,0.08839760689428026,0.6727634982928515
0.7056103982031345,0.39333456195890903,0.001498020412434122,0.672748650456974,0.0548447219727758,0.08212730313060392,0.672748650456974
0.707662682980299,0.4674711190164089,0.0025779417778549005,0.6727189086255592,0.06245190163449659,0.08905610389890974,0.6727189086255592
0.7052568616345525,0.08294053003191948,0.00018398584101296905,0.6726519773207261,0.029607713728164602,0.09006809836286005,0.6726519773207261
0.7064455905929208,0.4511716989800334,0.001835877295213368,0.6725902864432883,0.05901877926393745,0.08539177968857888,0.6725902864432883
0.7046338766813278,0.11494567338377237,0.00010141046371222694,0.6725864956127401,0.024867728205845166,0.07025858919823867,0.6725864956127401
0.7107430072501302,0.29941279347985983,0.0034533139518396912,0.6725252247590879,0.05884707300978299,0.08819383280686725,0.6725252247590879
0.7111614821478724,0.2179214609786868,0.0034036323831612143,0.672469677809829,0.052470047860802074,0.0886099032525342,0.672469677809829
0.7087924052029848,0.44399193208664656,0.003388878420487548,0.6724620724750203,0.06429297916519518,0.08992995057901791,0.6724620724750203
0.7077106395736337,0.4697411861270666,0.0026161002622532457,0.6724276394923452,0.06267310667629789,0.08909816844651951,0.6724276394923452
0.7086282931268215,0.45037373527884483,0.0033011381830700803,0.6724112570523809,0.06418218977066777,0.08992511013706012,0.6724112570523809
0.7048819269984961,0.17649687360972166,0.000198352696901891,0.6723726970656914,0.03181687479464112,0.084614142206727,0.6723726970656914
0.706874624826014,0.4664363609626889,0.0020039895274420578,0.6723203712730036,0.06053760483608391,0.08692369304544577,0.6723203712730036
0.7050022073090076,0.3024878157302737,0.0009050953853351478,0.6722674290563484,0.04697437051178126,0.08117254249109034,0.6722674290563484
0.7080771885812283,0.46624874509871006,0.002918992481972294,0.672259769043016,0.06347183907305352,0.0895890208650415,0.672259769043016
0.7093807589262724,0.41863707825541496,0.0035862440642936712,0.6722445672133363,0.0644044738797036,0.08957850685917251,0.6722445672133363
0.7054562168195844,0.05433835927397013,0.0001845229094519513,0.6721587001631241,0.033093662888534284,0.0938722968793524,0.6721587001631241
0.7050345316529274,0.3138307733461261,0.0009845831043229407,0.6721540654990378,0.04813190778346813,0.08100518257294811,0.6721540654990378
0.7085910048335791,0.45414901338517666,0.003274661305483522,0.6721305701608842,0.06426097019128814,0.08987423132219509,0.6721305701608842
0.7093417383730412,0.42241488955914974,0.0035756413156735655,0.6720723470113805,0.06451841179568825,0.08957896092835074,0.6720723470113805
0.706406588666141,0.4549455875530839,0.0018279459985004957,0.6720696044035175,0.059161846153080545,0.08514754326655734,0.6720696044035175
0.7105703819543123,0.036987547762691975,0.0040070665882976746,0.672031070888112,0.05208283352957263,0.09862204386933268,0.672031070888112
0.7048474168404937,0.24992163572460413,0.0005473319479625212,0.6719366600005966,0.04111351582815376,0.08213253452989962,0.6719366600005966
0.7104811212047935,0.025709076784551144,0.004062182091411283,0.6719073432950351,0.05294534766705663,0.09925277577950173,0.6719073432950351
0.7073664264753461,0.4755439357832074,0.002324033389888594,0.6719061524229784,0.06205546432857853,0.08829400536639889,0.6719061524229784
0.7057304438203573,0.019296864047646523,0.00027746568346894015,0.671895664858505,0.03778528519946544,0.09618366615367001,0.671895664858505
0.7091775629669428,0.43264222983270884,0.003530303861640581,0.6718786888228648,0.06466763505888261,0.0896676666100201,0.6718786888228648
0.7111897766590118,0.2296092640608549,0.003372793545479129,0.6718678530478719,0.05351156420040275,0.08814406265533471,0.6718678530478719
0.7084852028638124,0.4599431799724698,0.003204938490377078,0.671852646491121,0.06425001902549207,0.08980456842349478,0.671852646491121
0.7101128622889519,0.3732853215187788,0.003599015368512699,0.6718482615915755,0.06322765415309192,0.08866409654915261,0.6718482615915755
0.7094809506088495,0.41732828225940466,0.003596698649592133,0.6717955242094888,0.0645590809343903,0.08939919386300497,0.6717955242094888
0.7080295095220208,0.47144754230976105,0.002873212674559394,0.6717722049987094,0.06356637924551874,0.08946224183613098,0.6717722049987094
0.7049193363636732,0.2906414279714227,0.0008232244992653502,0.6717699715618647,0.04576805223133623,0.08113556683597105,0.6717699715618647
0.7048151530325413,0.19904721155762672,0.0002681624582007026,0.6717240905042017,0.034763538835625815,0.08385228246517067,0.6717240905042017
0.7110182493925095,0.2709461012855172,0.003376699801337743,0.671719943002211,0.05686893886891695,0.087789743026549,0.671719943002211
0.7112645776942372,0.20769444480538368,0.003386658553039401,0.6717175183680228,0.05173075577411156,0.08842801551541624,0.6717175183680228
0.7053987178951502,0.3838647333905101,0.0014279921759273093,0.67171081410255,0.05419967454447983,0.08117684306955697,0.67171081410255
0.7054988741874695,0.395696216262877,0.001492247403908248,0.6717001100666339,0.055049089227530955,0.08147486954500992,0.6717001100666339
0.7067925743758678,0.47077210154384375,0.0019650206450287796,0.6716843866046978,0.06057065310457834,0.08654293738571044,0.6716843866046978
0.7060907473787665,0.4438052736222744,0.001736319521257202,0.6716649040502881,0.05823491821571727,0.08377593762950891,0.6716649040502881
0.7102388348430395,0.3649505088105798,0.0035776333994165872,0.6716437297556473,0.06290990578780069,0.08844916455762183,0.6716437297556473
0.7107336428016424,0.04910925030708313,0.003932035066911698,0.6716357486480523,0.05131134703530041,0.09730928940991362,0.6716357486480523
0.710296125151217,0.0014911796897649765,0.0041562534270923705,0.6714723383601503,0.05476384289931607,0.10039502272697931,0.6714723383601503
0.710398193448782,0.3531156135722995,0.0035432562266500423,0.6714133535101979,0.06238017749828532,0.08818094687664906,0.6714133535101979
0.7048406628891826,0.27166179846972227,0.0006943083115462085,0.6714097349806274,0.04370242445474362,0.08137496370495206,0.6714097349806274
0.7044134149327874,0.1322815092280507,0.0004363327574115318,0.6713787883604624,0.026646701053574043,0.0675019611485766,0.6713787883604624
0.7111184243112803,0.25909544061869383,0.0033535294364373824,0.6713761602896033,0.0559822963990569,0.08766514029108802,0.6713761602896033
0.7109042024239898,0.29563882667571306,0.0034003925403643413,0.6713413132108115,0.058783991292657295,0.08763994597134032,0.6713413132108115
0.7053031958639622,0.3775358460843563,0.001387673050405087,0.6713038652670474,0.0537488475690889,0.08080577893231157,0.6713038652670474
0.7106724223122001,0.3261178210377693,0.0034691761654202023,0.6712843902335877,0.06085469261714188,0.08781350072833011,0.6712843902335877
0.7058462472632527,0.43248181510716677,0.0016646149714653348,0.6712550774249147,0.05746437867512614,0.08267899642706489,0.6712550774249147
0.7056735688820481,0.4193921238183975,0.0016010536655826622,0.6711927870526831,0.05663798390496054,0.08197600273120834,0.6711927870526831
0.7109478237107396,0.29175400268286467,0.003386918050386859,0.6711878070799119,0.05852557974727007,0.08755738061889709,0.6711878070799119
0.7078745951876044,0.4790373230352998,0.002736646557168475,0.671181863732017,0.06347120487098243,0.08917539234877488,0.671181863732017
0.7057125745341182,0.4231856558471918,0.0016180641330110202,0.671155654479886,0.0568780150202469,0.08211986827574527,0.671155654479886
0.70724808704108,0.4819332752376795,0.002227165315281963,0.6711511604782685,0.0620311873396427,0.08787936353748449,0.6711511604782685
0.7122880155220628,0.11848821584135294,0.003740321555779141,0.6711353851321625,0.04418678786756861,0.06890249806086611,0.6711353851321625
0.7100538732483983,0.38577731791883707,0.003599523047058364,0.6711253005335768,0.06391255901753982,0.08857389739206467,0.6711253005335768
0.7111831791698933,0.25278960540890694,0.003338318087659631,0.6710519864892963,0.05551707584244946,0.08754497268918832,0.6710519864892963
0.7047598296776414,0.23864893428981304,0.0004840257639066153,0.6710014137116969,0.03983845837624547,0.08214549392840502,0.6710014137116969
0.711364678107202,0.19585966877639294,0.003373534353697969,0.6709467654446982,0.05086179208271017,0.08827457449842198,0.6709467654446982
0.7107754955068231,0.3188276803120971,0.0034366790254859053,0.6709266644051951,0.06045192812371762,0.08759053353791177,0.6709266644051951
0.7119638537988067,0.11218235455453396,0.003682613492425191,0.6708417005598614,0.04637386606906525,0.07145517705426603,0.6708417005598614
0.7113931281492114,0.18400920741260052,0.0033891831772199293,0.6708279028516709,0.04996603550024174,0.08833874539942997,0.6708279028516709
0.7067199368029833,0.4781227558851242,0.001931553661364539,0.6707326841141549,0.060750610310582015,0.0861397757382191,0.6707326841141549
0.7048085480928421,0.2832908611744642,0.0007769145945386796,0.6707192957731978,0.04505469179390567,0.08086993082255262,0.6707192957731978
0.7054190030321479,0.04250639956444502,0.00020291929801884433,0.6706094921540423,0.03493792094760383,0.09411019284780785,0.6706094921540423
0.706250031478703,0.46321997605264187,0.0017911225260595065,0.6706000499469279,0.05938190528433965,0.0842631508544924,0.6706000499469279
0.7049513943493366,0.09581738337874413,0.00020764744702334161,0.6705956712350141,0.02885259285243482,0.08474030219376989,0.6705956712350141
0.7056323103606701,0.015503808856010437,0.0002894550683175836,0.670561369817227,0.038506369746281924,0.09544269532745595,0.670561369817227
0.7070410409942269,0.48570774495601654,0.00208418925982903,0.6705361572171179,0.06170729903761625,0.08719358675998129,0.6705361572171179
0.7092481479048729,0.4418258722871542,0.0035238410573368868,0.6705104119840039,0.06527652580136875,0.08937880184572039,0.6705104119840039
0.7124319644644856,0.12367179431021214,0.0034294519446825063,0.6704723759662933,0.04237963809398514,0.06862659393141604,0.6704723759662933
0.705542859621346,0.4165116725489497,0.0015723098077023456,0.6704636782697986,0.05646405780362009,0.08132212600094654,0.6704636782697986
0.7047256752848625,0.18670867756009102,0.0002309101250599689,0.6704197598704604,0.03337156779862221,0.08381154414387315,0.6704197598704604
0.7047683419659734,0.2789519615471363,0.0007494020618802704,0.6703640433059549,0.04460355214339988,0.08083589579768731,0.6703640433059549
0.7121067363768816,0.13272228930145502,0.0033973474257941927,0.6702335451700736,0.04481018880647942,0.06946059924481156,0.6702335451700736
0.7098890282213688,0.4070550948381424,0.0035975545475841284,0.6702176089803961,0.06484797054391139,0.08860885261785195,0.6702176089803961
0.7051567500457168,0.07109417580068111,0.00017953033159100027,0.6701717780310256,0.03147666036914561,0.09088707022342686,0.6701717780310256
0.7118306420743465,0.1402730569243431,0.0034524246746853436,0.670140648272118,0.04681457265150776,0.07559818461935855,0.670140648272118
0.7117324974387884,0.14404690451920033,0.003456191631427396,0.6701196582541742,0.047336664385533814,0.07871342903568825,0.6701196582541742
0.7108794711530209,0.04533016122877598,0.0039031623775530266,0.6701164081686705,0.051945449784563176,0.09675947931239984,0.6701164081686705
0.7058061799034476,0.44306975044310093,0.0016762708010135364,0.6700778796138089,0.05805540706821394,0.0822882731854986,0.6700778796138089
0.7084149559959769,0.4778144797310233,0.0031205001124761174,0.6700436471800981,0.0647948430842782,0.08950750947453019,0.6700436471800981
0.7050955155864358,0.3668802632018924,0.0013170877807784306,0.6700412463875364,0.05299425511818729,0.07998752170044258,0.6700412463875364
0.7046767650172114,0.22681747749447823,0.00042237089400814874,0.6700202205645891,0.03847259748698886,0.08223090987817415,0.6700202205645891
0.7099408144131303,0.4056411925703287,0.0035926385322460463,0.669999432058547,0.06486940912822801,0.08849403373577679,0.669999432058547
0.7059768242761493,0.45519140269607306,0.00172427833889229,0.669994743660641,0.05876249270576952,0.08299940958920396,0.669994743660641
0.7046885062009096,0.15924922935664654,0.0002074031991509049,0.6699339979194108,0.03024478742009013,0.08220186128830538,0.6699339979194108
0.7047798279672861,0.10311466734856367,0.00021981488229433978,0.6699181818200465,0.02820029904704706,0.08000113670974265,0.6699181818200465
0.7116677388548851,0.14847612101584673,0.0034443158772396753,0.6699064441957087,0.04775616519658803,0.08161121008919132,0.6699064441957087
0.7105383202433586,0.35778825730085373,0.003499474485076229,0.6698813527442455,0.06293947295225333,0.08758725452617651,0.6698813527442455
0.7090469859540462,0.4568162290379405,0.0034445869333803183,0.6698808576223866,0.06548471477089914,0.0894173653315278,0.6698808576223866
0.7114648697897792,0.20260727126151323,0.003325038892021969,0.6698611197285221,0.051507681132729626,0.08761830885093869,0.6698611197285221
0.7114971419796348,0.18321133870631456,0.00335441097977789,0.6698162370307134,0.049996128142556405,0.08783361610357313,0.6698162370307134
0.7091452982276678,0.45302235428243876,0.003477242100017399,0.6698130860976138,0.06554770336039342,0.08934359006310141,0.6698130860976138
0.7110899239778519,0.06524770520627499,0.0037830569464303793,0.6697948293013869,0.05054552730706927,0.09447171350134105,0.6697948293013869
0.7058784971013665,0.451412265188992,0.001700786872797464,0.6697752883387311,0.058521758840697616,0.08254045400623117,0.6697752883387311
0.7079137163236737,0.49088464956730604,0.0027403263605032396,0.6697535012768988,0.06400069121314572,0.08902917929475464,0.6697535012768988
0.7074493756517768,0.4949580570682883,0.0023599164342517093,0.6697242522877359,0.0629875899911602,0.08818062579841225,0.6697242522877359
0.7100910311564803,0.3976268796250224,0.003578249939964366,0.6697155634792284,0.06469428463171041,0.08821943746285332,0.6697155634792284
0.7046682303771377,0.2514920365065336,0.0005741098747031174,0.6696993802993518,0.04150036651329422,0.08132988216835822,0.6696993802993518
0.7046442469581962,0.15295911207795143,0.00022747748481087682,0.6696898158131064,0.029649921317544688,0.08024146035836181,0.6696898158131064
0.7089535519480705,0.4634071523323655,0.003400206139490507,0.6695800564429747,0.06554013563749507,0.08941984069252018,0.6695800564429747
0.7049304833635688,0.3464852226898074,0.0011952291597803599,0.6695139184092807,0.05133650798126192,0.07968134034094022,0.6695139184092807
0.7113967631012201,0.24143989756703377,0.0032773120186768527,0.6694628346164535,0.054764171235260034,0.08687918943158336,0.6694628346164535
0.7075514746829867,0.49719763919711113,0.0024361146059315923,0.6694284865162671,0.06331016124386729,0.08836384542778832,0.6694284865162671
0.7115819798782468,0.16379340644925833,0.0033882793117951926,0.6694137517338031,0.048740397364854644,0.08651838868413837,0.6694137517338031
0.704890551045537,0.34130261931568384,0.0011632772549969275,0.6693541004204073,0.0508919521614366,0.07962918296731787,0.6693541004204073
0.7104161707684398,0.3754964228719473,0.003522960844348834,0.6693127922122837,0.06391211352253875,0.08763455062326901,0.6693127922122837
0.7106403457000852,0.0062935249879956245,0.004081873679979874,0.6693107275229013,0.055047238754389556,0.09855379544129678,0.6693107275229013
0.7096878588199615,0.42917894292622805,0.0035738739339627196,0.6692684181471263,0.06561128367194059,0.08870146887866907,0.6692684181471263
0.7045223601162434,0.11158552207052708,0.00016628084049581627,0.66926159634595,0.026542907802409796,0.07254557419492427,0.66926159634595
0.706194557249546,0.47450728341937065,0.0017775859812345519,0.6692366940254647,0.05983501355747436,0.08381581764037367,0.6692366940254647
0.7066197767853737,0.4899738822132349,0.001883724293129729,0.6692031520942465,0.06103923723324651,0.08554627717055022,0.6692031520942465
0.7064891867339611,0.4866204047575593,0.001846220267620488,0.6691574546939233,0.06070181698210387,0.08502902748017653,0.6691574546939233
0.7112159710377455,0.07163757923990488,0.0037259899063206937,0.6691503285489376,0.05020003451739104,0.09325468219368956,0.6691503285489376
0.7109574135392904,0.041082289069890976,0.0038918769525666534,0.6691242394809258,0.052479265116086575,0.09654255512121575,0.6691242394809258
0.7070127781480551,0.4982323842123151,0.0020491937634641616,0.6691081485218517,0.06209477443018998,0.08690792586087952,0.6691081485218517
0.7063431795686483,0.4828421352431178,0.0018095697752149222,0.6690217684486486,0.060349742757426286,0.08441275549194402,0.6690217684486486
0.7083167480304837,0.4896641867235303,0.0030262832885606574,0.6689578422178404,0.06496787074801146,0.08930805746693703,0.6689578422178404
0.7085552019998431,0.4831508807837963,0.003180192995033217,0.66894299342098,0.06533148594389111,0.08939250658139274,0.66894299342098
0.7045949529856443,0.2108831088989973,0.00034488751107315585,0.6689229123014334,0.03658330232840403,0.08250392940763669,0.6689229123014334
0.7106213141232729,0.36158272810280323,0.0034696700405694235,0.6688657632125651,0.06332486198889484,0.08720994754872796,0.6688657632125651
0.7088640378788114,0.47383137326687574,0.0033396999661249216,0.6687865801073843,0.06573387207959297,0.08933970367882144,0.6687865801073843
0.7048696363344789,0.09148635528981686,0.000199226382259783,0.6687747341847557,0.029619789501675146,0.08585956317810337,0.6687747341847557
0.7113751359283924,0.08347286563366652,0.003652792985549087,0.6687282282072486,0.04946321872583741,0.09076015967493482,0.6687282282072486
0.7055225744843483,0.007900523953139782,0.0003192516211687889,0.668702093759106,0.039795461641271526,0.09463586584592279,0.668702093759106
0.7110613835975528,0.3144559422507882,0.003333430274303456,0.6686739895575675,0.06049976415096039,0.08655456400261845,0.6686739895575675
0.7108757300302386,0.33822808880358934,0.0033928474980845723,0.6685938964168561,0.06205383444256584,0.0867619761189692,0.6685938964168561
0.7051242543384433,0.058774685487151146,0.00018644332824775277,0.6685880838129101,0.03326035967068954,0.09154589913867443,0.6685880838129101
0.7095980904996395,0.44101393688470125,0.0035485150992285715,0.6685596110621558,0.06599067550709942,0.08869603090754247,0.6685596110621558
0.7111547356471419,0.3036011764779687,0.0033029289933928264,0.6685390638408911,0.05975240748979219,0.08641829658189043,0.6685390638408911
0.7071607271209359,0.5046538198366761,0.0021283341573721856,0.6685321664306507,0.06262520607847928,0.0872769228272477,0.6685321664306507
0.7108042342588305,0.013652214780449867,0.0040213898228909865,0.6685248437584963,0.05471638019638548,0.09764948265570493,0.6685248437584963
0.7077797250822186,0.5031311605125666,0.0026021790140839684,0.6685178535011481,0.06405719809928101,0.0886656674694166,0.6685178535011481
0.7108434149995446,0.01742716133594513,0.0040007007274083795,0.6684475256389665,0.05446281371125762,0.09746773559792732,0.6684475256389665
0.7067537680268288,0.5001413999125361,0.0019186263599014675,0.668436318997017,0.061635203025713396,0.08593986874831977,0.668436318997017
0.7049676971510053,0.37396121118217707,0.00134626835306736,0.6683678108534505,0.05361950414224423,0.07923850246154335,0.6683678108534505
0.7116106981411576,0.20640162285417318,0.0032653879928611147,0.6683407923227987,0.0519329932778128,0.08681642116546079,0.6683407923227987
0.7045749630779028,0.16103009600192308,0.00020941491337399642,0.668311624713824,0.030653079908143765,0.08207745078800642,0.668311624713824
0.7115388046950102,0.23515006061643362,0.0032358076858846683,0.6682905570009022,0.054340706038405864,0.08638875277333101,0.6682905570009022
0.7043410977348685,0.13769474811851978,0.0003713307755881698,0.6682739053812423,0.028076922547389936,0.07034820122475781,0.6682739053812423
0.7045404529199004,0.23409270402044058,0.0004803683848828607,0.6682220429983775,0.03951776322425265,0.08147037585928374,0.6682220429983775
0.7053785938769579,0.019735910929739475,0.00027128359404538936,0.6681213423164006,0.03835828419272589,0.09387661878349693,0.6681213423164006
0.7117003304883838,0.16816095262765884,0.0033294779521421485,0.6680693373495132,0.049077667288985126,0.08637754592075574,0.6680693373495132
0.7051652846857905,0.40726135298609734,0.0014983293250918678,0.6680474446277478,0.055948798771415925,0.07953045645029079,0.6680474446277478
0.7111797146499157,0.05293196998536587,0.0037827797931678626,0.6680447082055591,0.05174647670689797,0.09480082215787738,0.6680447082055591
0.7082518143579364,0.4989073369652033,0.002955123198620521,0.6680439539104429,0.06509938787271469,0.08914560856320618,0.6680439539104429
0.7115779854357243,0.23135985154658556,0.0032284751168800683,0.668027061717084,0.054041601884803586,0.0863044688174965,0.668027061717084
0.7046951111406088,0.3230888433754444,0.001050629969631473,0.6680220795492748,0.049287548569213524,0.07929113621316507,0.6680220795492748
0.705285326577723,0.03130286559462547,0.0002338238617872781,0.6680163549888121,0.03686836929199046,0.09343958886727968,0.6680163549888121
0.7112444061785936,0.060275488533079624,0.0037410913168802653,0.668007528305602,0.0511887429384444,0.09400634466846411,0.668007528305602
0.7076845122501254,0.5085440771654248,0.0025114602736052084,0.6679894196152545,0.06397938481996078,0.08843427392427985,0.6679894196152545
0.7102549159899354,0.40295636281371117,0.0035318402883623813,0.6679621421592254,0.06528405513334565,0.087613015916906,0.6679621421592254
0.7045117421075702,0.15169704612344503,0.00023767256543191074,0.6679484539873657,0.029756111242099426,0.07924862153975294,0.6679484539873657
0.7086991081014276,0.4869296457618475,0.003233036856297789,0.6679456071855395,0.06580329873626556,0.0892602031833718,0.6679456071855395
0.7045336989685893,0.256286752410233,0.000619043195811906,0.6679281328746461,0.042187450651461005,0.08069234204687262,0.6679281328746461
0.7098059784621,0.43451584316790104,0.0035510409266908006,0.6679188224023277,0.06609925978593723,0.08831100028778745,0.6679188224023277
0.7053359365090728,0.4283475363627076,0.001575924513140274,0.6679160617323742,0.057215394324078316,0.08002976990151696,0.6679160617323742
0.7113561360165477,0.282511118799448,0.003239599518679649,0.6679071195560582,0.05823901987152537,0.0860516259277216,0.6679071195560582
0.7050289837643504,0.06401128694415092,0.00018469292802637713,0.6678639585526672,0.03275512608555,0.09066413019091496,0.6678639585526672
0.7105200653895736,0.38228241074830294,0.0034832954613481073,0.6678487161610779,0.0644990384423569,0.08714291947383655,0.6678487161610779
0.7047190479934216,0.33492077700793743,0.00112437402110259,0.6677880202159013,0.050395054068435224,0.07908310478323055,0.6677880202159013
0.7047968069091439,0.35280636325478554,0.0012296318774075207,0.6677801134669381,0.05195455743148755,0.07896550056039603,0.6677801134669381
0.7060395684093237,0.4821123378351331,0.0017389093708796938,0.6677404243891784,0.06000743082503143,0.08292051620478522,0.6677404243891784
0.705425719730556,0.4397095972672105,0.0016097529433550233,0.6677073017878594,0.05784024062648946,0.08031372545335891,0.6677073017878594
0.7114033978432417,0.2802503537386656,0.003223280901534892,0.6675751310585447,0.058093715526037856,0.08589926139414845,0.6675751310585447
0.7107013426721096,0.36893334705382586,0.0034353526827188147,0.6675464538390422,0.06392358329757086,0.08677005044471547,0.6675464538390422
0.7050829958170652,0.4050081428140402,0.001483646581977708,0.6674655308595842,0.05582190679378927,0.07917322921059011,0.6674655308595842
0.7101651076227427,0.41464582923799753,0.0035325124659019865,0.6674621456397256,0.06576249772782981,0.08766975512189543,0.6674621456397256
0.7068797405809164,0.5114060454070568,0.0019518050715438677,0.6674213690378668,0.062224659158271224,0.08624916425958518,0.6674213690378668
0.707332550548017,0.5149266626685858,0.0022226019519802757,0.6674076823012327,0.06331056831576305,0.08759615543329197,0.6674076823012327
0.7046015802770853,0.31074634566903114,0.0009743707313213649,0.6674062411550388,0.04811565256726426,0.07928323409688627,0.6674062411550388
0.7109081950038671,0.3495296901091933,0.0033737192295799916,0.6674005834964487,0.06289787246628693,0.0863974470485658,0.6674005834964487
0.7044852171093225,0.2031501205638051,0.00031909697808998785,0.6673790679007245,0.03575164082076612,0.08240215138464926,0.6673790679007245
0.7049427330493927,0.3865662273019552,0.001402909203966952,0.6673538676855614,0.054580890819177344,0.07887345524821912,0.6673538676855614
0.7100210636854172,0.4264922020956874,0.003537567756049919,0.6672826917807785,0.06611034628140053,0.08787505527499712,0.6672826917807785
0.7110086632892489,0.02112608216702938,0.003936937973300109,0.6672826172503544,0.05442209820583907,0.096638059879823,0.6672826172503544
0.7090147444978356,0.48091424349695444,0.003358932449203766,0.6672533792410844,0.06632822165011514,0.08905521934833016,0.6672533792410844
0.7115693539381027,0.25505231972783804,0.0031906001307243177,0.6671978101169997,0.056085044988766396,0.08575706642911474,0.6671978101169997
0.708448831923306,0.5009312741458416,0.0030625830826809595,0.6671930009481396,0.0656370492464193,0.08913465666739104,0.6671930009481396
0.7061726469546556,0.4939252343028784,0.001756243320886225,0.6671721186012459,0.06056507153293381,0.0834236176324141,0.6671721186012459
0.7115153819322586,0.08062268793582916,0.0036040351301836427,0.6670975384992021,0.04981304043312479,0.09050981827350418,0.6670975384992021
0.7121250005438924,0.10838836058974266,0.003539018710659964,0.667096844373808,0.04720440046323992,0.0733927523661526,0.667096844373808
0.7094703186303377,0.4612301252782345,0.00348822022129301,0.6670754591439028,0.06658541091817602,0.08862208168871953,0.6670754591439028
0.7052070908248425,0.03100087307393551,0.00023735801146745382,0.6670451441403665,0.03706581509683166,0.09294843835540728,0.6670451441403665
0.7044633030891418,0.19935656245797873,0.00030402548390885193,0.6670344134213635,0.035307775832150765,0.08246218537178222,0.6670344134213635
0.710989486426115,0.3452811548486352,0.003344823583170854,0.6670171509336932,0.0627001607836447,0.08617256730504814,0.6670171509336932
0.7112730825319886,0.30996772460639477,0.0032523057901045344,0.6670012154292819,0.06038063078266478,0.08578444750991644,0.6670012154292819
0.7049818728119135,0.39841726049780846,0.0014527482493894364,0.6669701098016476,0.05540567678212453,0.0788242521805369,0.6669701098016476
0.7103063948452473,0.40925594232976437,0.0035063784637429673,0.6669349838471088,0.06571087110313248,0.08733230179094327,0.6669349838471088
0.7117039654403925,0.22596191056072712,0.0031929737779084477,0.6669243104065665,0.0536536313793775,0.08585479231152678,0.6669243104065665
0.7097775209695101,0.4453821126371622,0.0035243615550829104,0.666921082277931,0.066535097918195,0.08819225921118555,0.666921082277931
0.7081168694421649,0.5112274764105678,0.0028224898590553747,0.6669076539064931,0.06511232156213972,0.0888905888412579,0.6669076539064931
0.707476575858891,0.5189603976905346,0.0023180201159473893,0.6669021042569377,0.06375146293424919,0.08787596554585377,0.6669021042569377
0.7055839942768216,0.46248874068260193,0.001656580899605497,0.6668950247488077,0.05897287944793257,0.08080416187987834,0.6668950247488077
0.7118526725098491,0.10030645597726107,0.0035218420012359027,0.6668758412466462,0.04835780815279137,0.08144438616389466,0.6668758412466462
0.711037621833384,0.3419267041608691,0.003327915107382445,0.6668483668538258,0.06251911496896669,0.0860544530347003,0.6668483668538258
0.7041064146906137,0.1189286457374692,3.080298477631559e-05,0.6667129858367054,0.023034605504117674,0.06738181536212898,0.6667129858367054
0.7052483493462205,0.43473689816892147,0.0015790843920530455,0.6667026942542357,0.05758452647291743,0.07948154638543625,0.6667026942542357
0.7075861850753427,0.5201318701729178,0.002398135309584278,0.6666929815900577,0.06404135795514854,0.08808283954146018,0.6666929815900577
0.7045835871249437,0.3253208016976714,0.0010684661677042011,0.6666535876648523,0.04955250231306062,0.07884005821156755,0.6666535876648523
0.7127352710813284,0.12511995621025562,0.0032640022304732106,0.6666326206141125,0.041811187219296796,0.06662902198649666,0.6666326206141125
0.7114581232890487,0.28783298190683126,0.003194757453277558,0.6666085932468497,0.05876881711870942,0.08548987456176475,0.6666085932468497
0.7088401755318046,0.4932507360354066,0.0032615067832040064,0.6665912074699828,0.06632823183655709,0.0890495073237482,0.6665912074699828
0.7122708670794964,0.13709756545722485,0.0033266951345464323,0.6665747970858428,0.046022843812479904,0.07104815869546419,0.6665747970858428
0.7119475081562996,0.1521413279697299,0.0033231037152847394,0.6665272829872727,0.048088180014605415,0.0817973520512242,0.6665272829872727
0.7118118675425649,0.19233441539108753,0.0032220809874460394,0.6665134794487197,0.05086975489938052,0.08618034203580545,0.6665134794487197
0.7063695006072521,0.5076378732919693,0.001780488964443586,0.6665072846019936,0.0612428281437534,0.08417703728546941,0.6665072846019936
0.7112405793741345,0.3218218516558409,0.003258289058455897,0.6664840868887407,0.061260655991700455,0.08566355252668961,0.6664840868887407
0.7115474585443735,0.2744707288220525,0.0031732540878330966,0.6664713534790081,0.05772511055160078,0.08540189726066326,0.6664713534790081
0.7047864329069853,0.37531691137701273,0.0013460111634337776,0.6664550392786696,0.05378651339924339,0.07843897129257005,0.6664550392786696
0.7117898976430297,0.2117381915450096,0.003190923399831401,0.6664111708561627,0.05247543309048404,0.08581742689422178,0.6664111708561627
0.7050002506002784,0.05218380317091942,0.0001984696470605887,0.6663816218227626,0.034454467146906725,0.09115551045961312,0.6663816218227626
0.7044546790421009,0.2869943352416158,0.0008282727773570022,0.666336352089451,0.04570541556205861,0.07949495542640357,0.666336352089451
0.705834623426199,0.48588727321475744,0.0016947829916035412,0.6662743444022768,0.06001522028218941,0.08179921467240883,0.6662743444022768
0.7044938784092665,0.3064093952998519,0.0009524632413859923,0.6662683920393553,0.04772541591344158,0.07905725901522115,0.6662683920393553
0.7050222670659423,0.4143442418426275,0.0015086111797507026,0.6662601404443255,0.05643156958678681,0.07872594469241508,0.6662601404443255
0.7044221442192793,0.10779494047164917,0.00020731967681744123,0.6662566400178214,0.027883135669697797,0.07534576410086913,0.6662566400178214
0.7071369839832187,0.5242969570681453,0.0020617745348344495,0.6662284358525912,0.06309880038081475,0.08691393548662486,0.6662284358525912
0.7040039459243417,0.12959381472319365,0.00042717869720837606,0.6662268973516084,0.026092756496233088,0.06662128669480613,0.6662268973516084
0.7069170288741589,0.5229976680129766,0.0019402674418624293,0.6661480523530154,0.06260144074665391,0.08621292938987614,0.6661480523530154
0.705638937652111,0.4747535679489374,0.0016663707343114328,0.6661445034819599,0.05950758655993897,0.08091956850423102,0.6661445034819599
0.7043811650946736,0.2378818215802312,0.0005226368641508269,0.6661017147071432,0.04010796755869255,0.08086157546512777,0.6661017147071432
0.7085813293233514,0.506847514770925,0.0031042577621989255,0.6659984479734681,0.06611184938516768,0.0890095950249582,0.6659984479734681
0.7047360306605697,0.08412764314562082,0.00019147797713813566,0.6659742847081428,0.03081522091856166,0.0869400186249003,0.6659742847081428
0.7052767919376493,0.447052663192153,0.001601511938218547,0.6659467117786498,0.05822373920539747,0.07943475860059783,0.6659467117786498
0.7115983311086893,0.07682974077761173,0.0035780051136107393,0.6659463993661677,0.05017296242466677,0.0906050699926415,0.6659463993661677
0.7095230920240283,0.46878420282155275,0.00346214933594525,0.6658860313829124,0.06697421778887196,0.08838821515159695,0.6658860313829124
0.7119054505601525,0.17193924076855183,0.0032455224476501876,0.6658650398913508,0.049378387571275925,0.08559226750365312,0.6658650398913508
0.7100497595965862,0.4378427295014262,0.003502162618443797,0.665858161438711,0.06668995959170594,0.08759438735291991,0.665858161438711
0.7055312357842922,0.4705310547724366,0.0016498742708274913,0.6658133158981324,0.059309490313281345,0.08040966026193301,0.6658133158981324
0.7093848725780845,0.47656201384961605,0.0034299031789774563,0.6657956658638892,0.0669702593734213,0.08853955307536035,0.6657956658638892
0.7110934415832162,0.009279828518629074,0.003931996938665903,0.665773156528759,0.05557246160329198,0.09618512059526838,0.665773156528759
0.7092197043821216,0.4847049294039607,0.0033826814136135638,0.6657511096992598,0.06689603003540802,0.08869990918084128,0.6657511096992598
0.7043878817930818,0.2757062530145049,0.0007608090122597421,0.6657431368384511,0.04449877611322775,0.0796528754673656,0.6657431368384511
0.7062894720584154,0.5120589574798942,0.0017509279721491034,0.6657373095684223,0.06126404290447991,0.08373668704986188,0.6657373095684223
0.7095743324607611,0.46848913934081793,0.003462168374044168,0.6656051031845516,0.06706338378321455,0.08828296823983471,0.6656051031845516
0.7054494628682733,0.4671690193936229,0.0016376593836681039,0.6655408013991425,0.059155488159018776,0.08002849663644722,0.6655408013991425
0.7043700180947781,0.18044911976903677,0.00024381856782899953,0.6654541248293476,0.033131238325759475,0.08260985748193629,0.6654541248293476
0.7046357346698642,0.3646417837589979,0.0012916924807342056,0.6654419703309215,0.05298815079799968,0.07809870350158248,0.6654419703309215
0.7081558713689446,0.5228176498785615,0.002801708406321798,0.6653831788912202,0.06548039994757962,0.08873768643216405,0.6653831788912202
0.711710600182414,0.26431072503328323,0.003123617024921242,0.6653472754114662,0.056966219365287875,0.08490834674649614,0.6653472754114662
0.7106049777939916,0.401701926253736,0.0034248069711723984,0.6652895733433231,0.06574363255897861,0.08648344716639339,0.6652895733433231
0.7107233731076121,0.39146673679351807,0.003398880304594878,0.6652854679728474,0.06532655306723552,0.08625705219184834,0.6652854679728474
0.7059524022042751,0.5039779152721167,0.001693459662705523,0.6650989010508062,0.06069153693797597,0.08216368839312739,0.6650989010508062
0.7113426104187965,0.0328156678006053,0.003778837954181538,0.6650746421958135,0.05381025121570539,0.09476215024953956,0.6650746421958135
0.706592621281743,0.5273729050531983,0.0017950209433532185,0.6649970705586733,0.062094258509541506,0.08488793581614985,0.6649970705586733
0.7119438732042909,0.2037124941125512,0.0031536609738753384,0.6649715693458127,0.051837737831501265,0.08528578557370962,0.6649715693458127
0.7120336787775159,0.16061981115490198,0.003248457310876892,0.6649295768191393,0.04863786224564911,0.08372615800374775,0.6649295768191393
0.7123100515455008,0.140876654535532,0.0032907084149147075,0.6648762737906483,0.04675420285616872,0.07352542715066818,0.6648762737906483
0.7057238388806581,0.49416913092136383,0.0016657640827983941,0.6648253390920157,0.06024544986670809,0.0810997962114139,0.6648253390920157
0.7080019107088447,0.5303588658571243,0.002667099961671534,0.6648114874270742,0.06526334051099408,0.08851267926715503,0.6648114874270742
0.7079235929995775,0.5318796578794718,0.0026058839153359392,0.6647831409107138,0.06510393565723663,0.08841181112346466,0.6647831409107138
0.7064542826265097,0.5272848103195429,0.0017537669923869514,0.6646210798963614,0.061869972804124033,0.08428564091559729,0.6646210798963614
0.7118631899356842,0.24536219984292984,0.003097970599590846,0.6646171941016955,0.05540145144773139,0.08464874447334585,0.6646171941016955
0.7099215611815453,0.45721641182899475,0.0034659449682925775,0.6646124961805967,0.06727742388236231,0.08762323728117948,0.6646124961805967
0.7042918037623167,0.19500433653593063,0.0003046784092709666,0.6645888421759829,0.03494467036184628,0.0821286889861778,0.6645888421759829
0.7129489695653319,0.1214905371889472,0.0034470544568970495,0.6645209200350835,0.04240900405384332,0.06614428745621924,0.6645209200350835
0.7070776280015707,0.538399332202971,0.0019794053314469325,0.6645034867126113,0.06325684605732275,0.08652283372890231,0.6645034867126113
0.7060844078660011,0.5160965221002698,0.0016951750123651648,0.6644613632988586,0.06114069232910314,0.08267131605154344,0.6644613632988586
0.71167828515172,0.06753306556493044,0.003564071828069213,0.6644150954196154,0.0509831234224559,0.09111324253939262,0.6644150954196154
0.7051831539720297,0.0035248510539531708,0.0003441826597351841,0.6643453250763968,0.04100389957133777,0.09254237372567871,0.6643453250763968
0.7082895478233695,0.5281623210757971,0.0028595136430871367,0.6643378274210323,0.06590719763799774,0.08870940386926457,0.6643378274210323
0.7069914499297738,0.5393060706555843,0.0019274078986620676,0.6643167057048245,0.0630901810992085,0.08622946814671667,0.6643167057048245
0.7042474923655391,0.24229569919407368,0.0005668816870891532,0.6642931455409241,0.04071201076586796,0.0804055235612094,0.6642931455409241
0.7066444745287299,0.5348694054409862,0.0017891718440783794,0.6642614078508636,0.06233773447536515,0.08499603598294388,0.6642614078508636
0.71138462331146,0.33365296199917793,0.0031911489400848923,0.6642375668333435,0.06226245332716842,0.08483581898337919,0.6642375668333435
0.7046969654038548,0.07229320984333754,0.0001907033928696467,0.6641916414097928,0.032352534609236705,0.08827418471561549,0.6641916414097928
0.7042984310537577,0.2953290957957506,0.0008967983052768537,0.6641767474237463,0.04664694968097213,0.07886668552014595,0.6641767474237463
0.7114169197157025,0.029453345574438572,0.0037597279359810904,0.6641552275068661,0.054206831311882135,0.09442006832610172,0.6641552275068661
0.7112118592485785,0.00199772696942091,0.0039012300639749897,0.6641509409303447,0.05642611905347238,0.09583856771380886,0.6641509409303447
0.704505025409162,0.36189102847129107,0.0012785111806358712,0.6641465264883304,0.05278994863724112,0.07773535149221697,0.6641465264883304
0.7087519811466336,0.516276041045785,0.0031311460221027255,0.6641430319114195,0.06672779722960215,0.08876906319403595,0.6641430319114195
0.7120556524023414,0.1800353629514575,0.0031705393745295497,0.6641411479397048,0.04994570675993604,0.08506992829144769,0.6641411479397048
0.7118853311985731,0.08693633880466223,0.0034683546235334695,0.6640959038099872,0.04951004676849759,0.08717384766328687,0.6640959038099872
0.7116305883973837,0.056945616379380226,0.0036043750622684508,0.6640931985322258,0.05186490448387383,0.09211907023016484,0.6640931985322258
0.70487639028579,0.4261910729110241,0.0015288880168065698,0.6640792864425805,0.057144646883717114,0.07788539138608719,0.6640792864425805
0.711486678570509,0.037526220083236694,0.00370911951885654,0.6640583234014034,0.05352054409645091,0.09384650740506956,0.6640583234014034
0.7075458578765392,0.5421680258587003,0.0022855762976571295,0.6640238170866567,0.06438116648120547,0.08767365608557018,0.6640238170866567
0.7049019830301404,0.04033324681222439,0.00022710467786910219,0.6639985973480478,0.03630199912963717,0.09103441397416616,0.6639985973480478
0.7042389577254653,0.2674318924546242,0.0007245790420920768,0.663956283747405,0.04362931624216508,0.07957727156709553,0.663956283747405
0.7092999564483762,0.49596182629466057,0.0033432166054040134,0.6639490548603356,0.06739236137488713,0.08839051252874679,0.6639490548603356
0.7065405799075961,0.5354152619838715,0.0017535479009804294,0.6639419845776631,0.062171423315348855,0.08454933878245224,0.6639419845776631
0.7041189121082425,0.14146970957517624,0.0003353272125174604,0.6639047809960268,0.02894174385514299,0.07262665578658678,0.6639047809960268
0.7074094191193581,0.5437972601503134,0.002179428687726074,0.6639040685389775,0.06408864166950655,0.08735283348309683,0.6639040685389775
0.7109695849940181,0.3833175264298916,0.003314174840779617,0.6639014263383539,0.06514109221331695,0.0855120576650266,0.6639014263383539
0.7043613567948341,0.32911039609462023,0.001102071238851234,0.663899172712714,0.049968622806936834,0.07810982829544122,0.663899172712714
0.710330156609416,0.4367114417254925,0.003432984361507839,0.6638759863496534,0.06708192959983279,0.08677734780310646,0.6638759863496534
0.7119762785732746,0.2335564000532031,0.0030809932497197,0.6638724561598996,0.0544051391611153,0.08440106562618545,0.6638724561598996
0.7109283292666078,0.3876881245523691,0.0033244759864388008,0.6638609113667742,0.06535189322368114,0.08558566556176196,0.6638609113667742
0.7116174222901464,0.3072472484782338,0.003115068953909161,0.6638266764977228,0.06043773390014726,0.08439717422060015,0.6638266764977228
0.7091019256040454,0.505649009719491,0.003273477292252963,0.6638205680830968,0.06723788590852181,0.08855380940340143,0.6638205680830968
0.7051327666267753,0.4589027427136898,0.0015960010049288886,0.6638178924286998,0.0587730159224244,0.0785511451949732,0.6638178924286998
0.7042592335492373,0.17509723454713821,0.00024169839191598018,0.6638049915788303,0.03262572514469992,0.0822848100841235,0.6638049915788303
0.704208486713469,0.22289622575044632,0.000458348112132077,0.6637442188978205,0.03839924292721628,0.08099809366752873,0.6637442188978205
0.704216999001801,0.26365326531231403,0.0007033838882831271,0.6637165267160742,0.04320813549362714,0.07965540264093973,0.6637165267160742
0.7089589079841971,0.512238010764122,0.003212260475861089,0.6637106941725031,0.06709083176623007,0.08863547624252467,0.6637106941725031
0.7118565924465656,0.268088536337018,0.003063732023998422,0.663668894635916,0.05735094802970919,0.08417559828168299,0.663668894635916
0.7106906622648239,0.41102917958050966,0.0033747685001471483,0.6636410941761817,0.06634707217320669,0.0860237382173336,0.6636410941761817
0.7050630170851946,0.01060773991048336,0.0003198993301867115,0.6635454890872835,0.0401806566044471,0.09169343587301387,0.6635454890872835
0.7047055000439286,0.40992278698831797,0.0014773766716661826,0.663534929186774,0.05619426461097008,0.07747808516218922,0.663534929186774
0.7049086997285485,0.43802228197455406,0.0015538316048967266,0.6635190270669205,0.05777711851805774,0.07783690153302025,0.6635190270669205
0.7104684952646494,0.430444254539907,0.003406595802092669,0.6634556743023924,0.06699683254986136,0.0864410637409462,0.6634556743023924
0.711490417830646,0.33043753262609243,0.003149500311183691,0.6634532541564213,0.062107385060392956,0.08446726124107161,0.6634532541564213
0.7073722500354052,0.5478344820439816,0.0021367551394804916,0.6634155057873872,0.06406220592924922,0.08720326820940033,0.6634155057873872
0.7044201688840985,0.3580979472026229,0.0012608221267403213,0.6633747190856434,0.052490337298176065,0.07757952628457544,0.6633747190856434
0.7113138753920794,0.353616563603282,0.0032044780171920587,0.6633321847210335,0.06359441175958785,0.08473765089585358,0.6633321847210335
0.7083674240857363,0.5345687828958035,0.0028723557850172964,0.6632802033856031,0.06620410560802985,0.08862477170960485,0.6632802033856031
0.7086643977090716,0.5264958934858441,0.003049262298091859,0.6632179092934516,0.06673968161898813,0.08867197694505363,0.6632179092934516
0.7111507412046194,0.3727563573047519,0.0032528571915153627,0.6632155066120947,0.06468366884709242,0.08502072265708685,0.6632155066120947
0.7046272493898869,0.4027772871777415,0.0014521922207307192,0.6631956012262695,0.05574542770752491,0.07732393507705682,0.6631956012262695
0.7081959210336208,0.5399738578125834,0.002748674589902094,0.663111256567953,0.06588930606063509,0.08849870757758824,0.663111256567953
0.7128020701929927,0.11441335547715425,0.0035273808924638278,0.6631064158345267,0.045144861054370405,0.06606704209688345,0.6631064158345267
0.7126171067357063,0.13630827981978655,0.0032290791765062733,0.6630670967342174,0.04546594126067014,0.06876724632801305,0.6630670967342174
0.7059303727000952,0.5236224643886089,0.0016448133326217387,0.6629461930132531,0.06117708226127536,0.08177929165599017,0.6629461930132531
0.7115188995376229,0.025261590257287025,0.0037310156444943553,0.662923694857156,0.054693879650388445,0.09389970785659335,0.662923694857156
0.7119828760623932,0.2567620137706399,0.0030353947980085016,0.6628924140358551,0.05641686406129346,0.08385437767935237,0.6628924140358551
0.7121489970013499,0.1999233914539218,0.003094090941800237,0.6628692033412759,0.05151637244733173,0.0843911264452597,0.6628692033412759
0.7041457928717136,0.21440699882805347,0.00042010415690168135,0.6628036627996069,0.03739822897204811,0.08119216504660202,0.6628036627996069
0.7043325854465365,0.34885474294424057,0.001215213456278578,0.6627790685643893,0.05172443415131922,0.07757213721436014,0.6627790685643893
0.7117813555523753,0.29792812652885914,0.0030582254376034755,0.6627703152103958,0.059784069471588236,0.08388735908184744,0.6627703152103958
0.7115887263789773,0.32664684671908617,0.003111735079670451,0.6627658223207981,0.06189239555263501,0.08413638720881897,0.6627658223207981
0.7068475438281894,0.5508934911340475,0.0018133292346258541,0.6627446178490207,0.06297491311073268,0.08555115440095067,0.6627446178490207
0.7045662486925721,0.07611112296581268,0.00019491920010855266,0.6627312380923214,0.032097934249763586,0.08731455994613098,0.6627312380923214
0.7121966937556863,0.17559872940182686,0.003139706816110169,0.6627181665363325,0.04959185385187525,0.08429005537413298,0.6627181665363325
0.712074426934123,0.2373499432578683,0.003039873901963162,0.662708951458066,0.05474536477475692,0.08386281461995261,0.662708951458066
0.7112767174839973,0.3654508627951145,0.003208034727946809,0.6626825413022818,0.06433567758372921,0.08466686071165468,0.6626825413022818
0.7118203723803163,0.2941538020968437,0.0030467751141344413,0.6626031466555448,0.059496713251772554,0.08379539842332182,0.6626031466555448
0.7041743323206902,0.17131813056766987,0.0002431232239613862,0.6625417872378145,0.03227065161829747,0.08198536801880138,0.6625417872378145
0.7043266743421555,0.09952872898429632,0.0002244488569906734,0.662525820752986,0.02958409011813165,0.08046146893366225,0.662525820752986
0.7051765490323305,0.4788587596267462,0.001600830775159203,0.6624837342610718,0.05956861652967281,0.07848422445475271,0.6624837342610718
0.7098472462967038,0.47999526001513004,0.0033902002201112646,0.6624720815545515,0.06794093623033413,0.0874573886500965,0.6624720815545515
0.7057509943842888,0.5192696331068873,0.0016229646551765664,0.6624692129223813,0.06094962823836286,0.08090161186889937,0.6624692129223813
0.7048295987769961,0.033958577550947666,0.00025003276026697516,0.66246717496773,0.03731328311972584,0.09074925939510793,0.66246717496773
0.7122507272288203,0.0990840820595622,0.003384957598202355,0.6624257016330252,0.0484199042595663,0.07999833892120774,0.6624257016330252
0.7042658384889364,0.33841429837048054,0.0011611175472022671,0.6624136741895416,0.0508191525699759,0.07767554836821125,0.6624136741895416
0.7116918256506324,0.3183272648602724,0.0030762672165218757,0.6623314925785623,0.06132809951319987,0.08386783958959675,0.6623314925785623
0.707750802859664,0.5537593057379127,0.0023847042850172993,0.6623164180728156,0.06501989427566446,0.08785630702418971,0.6623164180728156
0.7044307682663202,0.3824624363332987,0.0013738898269584916,0.6622824342366436,0.05436008019926049,0.07710101237042172,0.6622824342366436
0.7050716783851385,0.471775870770216,0.001592188306611926,0.6622553994825425,0.05929121885270501,0.07808018949981323,0.6622553994825425
0.704097312875092,0.23470966052263975,0.0005425576493331491,0.6622536392231965,0.03986330465062819,0.08042220486064554,0.6622536392231965
0.7038228008896112,0.11917349975556135,5.210421775052593e-05,0.6622481366649994,0.022780122597640104,0.06761674178398389,0.6622481366649994
0.705369969829917,0.4979870496317744,0.001605660045387841,0.6621820786634051,0.06023069245480405,0.07919506839004087,0.6621820786634051
0.7045730026438832,0.41036183573305607,0.0014744138711877514,0.6621742633169143,0.05621910688351869,0.07700870191965282,0.6621742633169143
0.7101328130811453,0.4653145903721452,0.003391052418441731,0.6621671476117186,0.06791534968370326,0.08691071981625823,0.6621671476117186
0.707238893955946,0.558046611957252,0.0020036852810645122,0.6621561037870265,0.06388469424164116,0.08670174732648621,0.6621561037870265
0.7124101240187883,0.1481583183631301,0.0032084024653599268,0.6621516519756259,0.04755411276827863,0.07760598198817248,0.6621516519756259
0.7049934966489673,0.46549362502992153,0.0015848649698781037,0.6621272768402666,0.059035153681195246,0.07780812920003614,0.6621272768402666
0.7055049147456884,0.5082357916980982,0.0016073305347357912,0.6621060524813995,0.06055753194740847,0.07975671712680776,0.6621060524813995
0.7117718830704689,0.04860264528542757,0.0035700811784798348,0.6620945437687896,0.05270072247010979,0.09180196737677086,0.6620945437687896
0.712229204364121,0.1945328749716282,0.003080461779399877,0.6620911439461861,0.05104669565062795,0.08411730024785823,0.6620911439461861
0.7102127745747566,0.4608782883733511,0.003386754625508799,0.6620807603288903,0.06787703165252845,0.08674644284654812,0.6620807603288903
0.7045136988162994,0.4018804728984833,0.0014468231801642428,0.6620777263448574,0.05568480834810747,0.07697231914082296,0.6620777263448574
0.7041391879320145,0.2991045340895653,0.0009362856156976004,0.6620721757303559,0.04705914766376863,0.0784833842495476,0.6620721757303559
0.7056051064282656,0.5152354026213288,0.0016080361442266833,0.6620380608338471,0.060774148379190346,0.08018804378647339,0.6620380608338471
0.7107553761452436,0.4213247690349817,0.0033258332520592466,0.6620368755357683,0.06693107802847344,0.08562722108963142,0.6620368755357683
