x1,x2,x3,x4,ensemble_ei,ensemble_mu_mean_model,ensemble_sigma_mean_model,ensemble_mu_std_model,ensemble_mu_mean_original_approx
0.954676540568471,0.9888115599751472,0.9742205962538719,0.9792178366333246,0.0022694404559631997,1.7900690324902513,0.011911390693213997,0.0608475642030845,6720.86124465438
0.9773365678265691,0.9928074479103088,0.9924876866862178,0.9278185004368424,0.007294431000368064,1.7860517408022707,0.022772599572158426,0.07400837603680728,6692.367528194112
0.9967933632433414,0.9524313760921359,0.979582279920578,0.9647503169253469,0.008116601117255824,1.7641937333814928,0.04422525077584883,0.07778538448445839,6539.214461784619
0.9884646432474256,0.9803555812686682,0.9663742249831557,0.9150811759755015,0.003537079536682964,1.743447387201833,0.040119240201237645,0.07960755739105664,6396.741701884565
0.936291447840631,0.9837992116808891,0.9698055200278759,0.9489285638555884,0.0006862744374209849,1.7370525625157902,0.026914659228332076,0.061591704541549754,6353.384055836679
0.9506083074957132,0.9763635080307722,0.9377653710544109,0.9898875206708908,0.0006282485576180648,1.7296690793237222,0.026898963796474943,0.07955999838296268,6303.646250448716
0.991138850338757,0.9641228877007961,0.9216556381434202,0.9975003320723772,0.0022361683146742395,1.7268966274235675,0.027257119517058268,0.10949843822065428,6285.058905611706
0.9690461121499538,0.9648856343701482,0.9519352205097675,0.9423619275912642,0.0008123285395845254,1.712567976079012,0.03961388737477623,0.07522409798276572,6189.762234511178
0.8944204309955239,0.9576726062223315,0.983982939273119,0.9950426891446114,0.0015725360067641184,1.7003574292381223,0.04809280482861311,0.0633206146086343,6109.556297171317
0.9084237655624747,0.9962534736841917,0.9421814605593681,0.957698498852551,0.0005175055598238364,1.6911180251328657,0.03738132288358692,0.06840270068443992,6049.472602176586
0.9927488099783659,0.9076405223459005,0.9847099157050252,0.9918596940115094,0.0071639252069651835,1.6848275635579426,0.08696184131689072,0.11441890518316554,6008.861631705592
0.9263661410659552,0.9954839339479804,0.9118855316191912,0.981585830450058,0.001157378575178947,1.6793902583607032,0.04868529816208019,0.11556225683300292,5973.950248783402
0.971036022529006,0.9986327225342393,0.978428041562438,0.8388780318200588,0.00454092724506054,1.6750009916123798,0.07395512572204535,0.1150982691859327,5945.896902330468
0.9730600919574499,0.923997238278389,0.9585277820006013,0.9772609313949943,0.0013345314722185311,1.6699187154079744,0.06583713283440205,0.08958156731522408,5913.557362497446
0.9167428594082594,0.9614319829270244,0.9866242101415992,0.9123626006767154,0.0013478931260698054,1.6638340480963734,0.056446331340358265,0.07874081222767833,5875.040240709411
0.9712546877563,0.9811235731467605,0.9342015059664845,0.8911179061979055,0.0016373766601863403,1.6602528422538592,0.06470600470550687,0.10211176092091404,5852.472289653093
0.8395652789622545,0.9958032472059131,0.9555099299177527,0.9992598555982113,0.0010843010836122232,1.657154212140785,0.014301128679992241,0.06527800079273563,5833.006000705593
0.9646483389660716,0.9692465206608176,0.9075163211673498,0.9493987457826734,0.0007029977924973751,1.6509055411755482,0.05428587616319181,0.12742669258833586,5793.920604790075
0.9984528906643391,0.9999216953292489,0.8996613705530763,0.8902442716062069,0.005474669426807874,1.6472855771147186,0.08942184268979725,0.150893047510849,5771.381342507054
0.8731142478063703,0.9734899001196027,0.9789812564849854,0.9341388838365674,0.00048189830576176825,1.6468051837262903,0.047472910572043635,0.06721902087821711,5768.395922589432
0.9619819996878505,0.9532603370025754,0.9561643591150641,0.8987603075802326,0.000714134694796439,1.6462717030489302,0.0626345454171538,0.08999806591986935,5765.082150016147
0.9279951211065054,0.9489801125600934,0.9605182511731982,0.9310279795899987,0.00022602574195926663,1.6422765873114238,0.05640643645805341,0.07314953602565952,5740.318146104415
0.8824443742632866,0.9719259589910507,0.9968265062198043,0.8975752107799053,0.001881888274778973,1.6363110004757744,0.0630566174670368,0.08405248437648037,5703.510468104662
0.8196333888918161,0.9774896176531911,0.991877387277782,0.9688758607953787,0.0012542610588751754,1.6319193370598315,0.0476524038245235,0.07839915679502388,5676.543686911637
0.8982188953086734,0.9321844484657049,0.9891106570139527,0.9596019983291626,0.0011130167352407727,1.6311956368209573,0.07113037308360623,0.08055753574007005,5672.110364305552
0.8539281748235226,0.9562460016459227,0.9932985184714198,0.9545876244083047,0.0011611287119058433,1.6276181430859689,0.05957081151455889,0.07413342935937754,5650.238554288214
0.9660246009007096,0.935569129884243,0.945666940882802,0.9258768521249294,0.0005479324731775015,1.6273617932722046,0.06680624655368113,0.08967099305185439,5648.674082093281
0.9870962044224143,0.9271456012502313,0.9262930629774928,0.954334894195199,0.0008197871915694051,1.624217484741012,0.06840702129739214,0.10745830750542255,5629.514912370366
0.9017544686794281,0.9843764062970877,0.9620345113798976,0.8828161265701056,0.0004188805118892071,1.6229939583875903,0.061986742560586755,0.08441207780880504,5622.074669862964
0.9432800812646747,0.9408098934218287,0.9909791154786944,0.8821166884154081,0.0018225592986253628,1.6220913148342888,0.0776064240893138,0.10313286924789757,5616.591105583502
0.976612932048738,0.9790678005665541,0.919162429869175,0.8726422218605876,0.0016870749522516445,1.6170623117565461,0.07996350890669346,0.1260357742353523,5586.1235335241845
0.9987096469849348,0.982274099253118,0.9494268763810396,0.8165276106446981,0.003629578953752008,1.6161011765214144,0.09396743781546053,0.13590449272619892,5580.316722816299
0.9839496770873666,0.9739240258932114,0.8693693215027452,0.9593995725736022,0.0015947014269284377,1.6133184136244023,0.07463536927451614,0.19762834128808676,5563.533385811926
0.9586905315518379,0.9010531203821301,0.9988794373348355,0.9442959446460009,0.0030883549462334737,1.6129106122536963,0.09672837365880804,0.12287958176724909,5561.077485862458
0.9528247509151697,0.9603673107922077,0.9239000426605344,0.9080758551135659,0.0004694181869561944,1.611889323285787,0.06585064414967187,0.10574096823339764,5554.931040271676
0.9445428801700473,0.9880484575405717,0.8794724959880114,0.9562460323795676,0.0011432384448298851,1.6113735297675347,0.07219346890590102,0.17572666137319856,5551.829031355602
0.8884468609467149,0.9914918458089232,0.9297560239210725,0.9233810780569911,0.00018610459109386933,1.611143919193688,0.057409985844143765,0.08282214406422914,5550.4486166341685
0.8897401476278901,0.9452245505526662,0.9475354552268982,0.9745540488511324,4.4731106034052526e-05,1.609734524975089,0.05359453070124411,0.06433629041053122,5541.9817714920055
0.8877060590311885,0.9741042936220765,0.9818408060818911,0.8691756511107087,0.0008460623833053685,1.599723304519797,0.07079249952604283,0.09693763288763449,5482.155845880577
0.9392679343000054,0.919208599254489,0.9819466974586248,0.9170075710862875,0.0009398971323683221,1.598482936927188,0.083125716081645,0.10237974675221807,5474.7819252930485
0.8576980736106634,0.9346486506983638,0.9710823725908995,0.9972647959366441,0.00015708883028552414,1.597801081561022,0.0660694626701429,0.07298420597897484,5470.731919299345
0.9786067577078938,0.9453271422535181,0.884864741936326,0.9711217507719994,0.0007784652853709266,1.596845787565243,0.0655061820758478,0.16555973850134528,5465.062051594895
0.9565901979804039,0.959077563136816,0.9401665423065424,0.864502982236445,0.0006557912116597192,1.5897013579308976,0.07865369569740636,0.11046897424324813,5422.816154429982
0.9526008367538452,0.9427213165909052,0.9759693425148726,0.8538713855668902,0.0009798143264650617,1.587586695999828,0.08479250748566247,0.11739339439885889,5410.365082436077
0.9903975864872336,0.9467210192233324,0.994812567718327,0.8036627098917961,0.0035576897300683085,1.5823131160619566,0.10320521300602614,0.149244677643787,5379.4196672005455
0.8466007830575109,0.991799714975059,0.9527800865471363,0.9097437998279929,0.00011815297412541375,1.582143322602991,0.05563241143190509,0.06925843364823714,5378.425808202695
0.7891556760296226,0.9873695792630315,0.9874270549044013,0.938640701584518,0.0006859872100931194,1.5797965193791008,0.055876843988903566,0.08689025485075108,5364.705038750007
0.9877108419314027,0.9902821537107229,0.8436449589207768,0.9467232348397374,0.003656011652562401,1.578250411790089,0.09935538578478503,0.23936884319024462,5355.681748640913
0.9144427012652159,0.9766881847754121,0.8751023914664984,0.9865486864000559,0.000322978376791591,1.5780359674627413,0.06669673242194245,0.17854687229601326,5354.43123442585
0.8658098615705967,0.9379385635256767,0.9658078318461776,0.9515473349019885,3.8820207133584994e-05,1.571376869982153,0.06585776807380425,0.07058939807701871,5315.721516862261
0.9401297187432647,0.9673365382477641,0.8639773139730096,0.9757814705371857,0.0004285540663396326,1.5627685212449427,0.07373866878781174,0.19992267256044557,5266.029759696669
0.8757517971098423,0.9987120032310486,0.8737385990098119,0.9916045386344194,0.0006258038609554564,1.5622051670619006,0.07273101037570108,0.17705865209354293,5262.791437964629
0.9563434589654207,0.9415677506476641,0.8982443669810891,0.936293195001781,0.00038735027506371823,1.56188018367684,0.07358849577456082,0.13820785942275216,5260.924099815241
0.9793098187074065,0.9630810804665089,0.968199254013598,0.7909483332186937,0.0018492410929548111,1.5611889877233935,0.10317692356051841,0.1536472166564677,5256.954370042474
0.9205126948654652,0.9283716659992933,0.977591635659337,0.8848264394327998,0.0004952660354807423,1.5611698362310276,0.08569741661470587,0.10463066282760401,5256.84441348533
0.8925482137128711,0.9904605438932776,0.9460150059312582,0.8487097201868892,0.0003918006909940905,1.5586645171166915,0.08248463827326287,0.10400805848290091,5242.476959615979
0.9639094555750489,0.9869997957721353,0.9885165514424443,0.757495149038732,0.0035754944810786294,1.5583239464555152,0.11314759062296269,0.16996981997458635,5240.526404388935
0.8016455983743072,0.9690621448680758,0.9599593682214618,0.9670028770342469,3.86464480494867e-05,1.5550270537466955,0.04779076941207181,0.07490335629644715,5221.67545278468
0.9813791578635573,0.8969885678961873,0.971736503764987,0.9007401028648019,0.0010733041275447625,1.5549242422120384,0.1011767424548269,0.13367750035854048,5221.0885112892165
0.9892263701185584,0.9939591661095619,0.8836953602731228,0.8462254339829087,0.003150391509795196,1.554399406976999,0.11149316948521702,0.18359677205685143,5218.0931355236835
0.9122222112491727,0.892637032084167,0.9683051453903317,0.993055266328156,0.0004235521802776179,1.5530143073770473,0.09525962975027219,0.11805361525190002,5210.194899721663
0.9146899022161961,0.9942122912034392,0.9584218980744481,0.8063743114471436,0.0009526144446709884,1.5529765300874592,0.09666676712892146,0.1322620186444214,5209.979622863675
0.8252850426360965,0.9970479849725962,0.9252904104068875,0.9440604085102677,0.00012524083832954707,1.5512746409793527,0.05461182419833314,0.08308405861175709,5200.288981799611
0.9001180976629257,0.9381143562495708,0.9172700885683298,0.9653139626607299,5.798077824971164e-05,1.550666157250937,0.06601287476834779,0.09532025894377597,5196.82790204917
0.9337087636813521,0.9685377646237612,0.8938139723613858,0.9060377757996321,0.0003715095408333278,1.5504683852616343,0.08011913076054972,0.14804797845756268,5195.703381466529
0.9261417649686337,0.9778522262349725,0.9850579733029008,0.7877472583204508,0.0018838690293164948,1.5485900141094657,0.1019167723901073,0.15112363397053705,5185.033191890409
0.932523456402123,0.8762803124263883,0.9944645026698709,0.976556739769876,0.0020315648834525204,1.5453676654553217,0.11287444202026087,0.15115994122720763,5166.771055463209
0.8439573319628835,0.944561162032187,0.935496804304421,0.9920971523970366,1.5685666493360112e-05,1.5453208061773127,0.05797438894868482,0.07041825690179167,5166.505884348391
0.9063837127760053,0.9675091449171305,0.9725729022175074,0.823573051020503,0.0005387433527386585,1.5447333258444191,0.09050598317334936,0.12737442429282597,5163.182365083435
0.8738650670275092,0.9911220474168658,0.9365703416988254,0.8662606319412589,0.0002110949300186206,1.5434757926120346,0.07941000390166131,0.09524854909172004,5156.074181696953
0.8918456146493554,0.9726922819390893,0.9041078658774495,0.9205008829012513,8.410926049756616e-05,1.5416034873932984,0.07191451539852323,0.12128493071712888,5145.506114946109
0.9960214719176292,0.9557074410840869,0.8529161904007196,0.9332174537703395,0.0011460285757831222,1.539056628595239,0.09241588601209949,0.2210206306039875,5131.159537359954
0.9465637356042862,0.8846949664875865,0.9638891974464059,0.962801031768322,0.0005642583196085314,1.538588180227529,0.10042489626402999,0.13324928248907258,5128.5243719457085
0.903918469324708,0.9204392889514565,0.9219076102599502,0.9845841517671943,0.00010230460429366998,1.5380425963457711,0.07438341652655017,0.09401804590117381,5125.456714272911
0.8638154249638319,0.9715637974441051,0.9959627883508801,0.8296899348497391,0.0014609545009360756,1.5354267074404497,0.09204920786495618,0.12332605559457009,5110.769518364446
0.9992313254624605,0.8742114072665572,0.9410950103774667,0.9703982900828123,0.0011466844923164474,1.5336437862638328,0.10882008274021537,0.1517582994341448,5100.77915867568
0.8635705299675465,0.985182361677289,0.9205777775496244,0.900489280000329,9.428905459684505e-05,1.5335878073288987,0.07244310977328741,0.09589274756625721,5100.465750923854
0.8312395391985774,0.9678789135068655,0.973600797355175,0.8884942848235369,0.00013955918492126356,1.5335488223762126,0.07207701114722895,0.08902000776712479,5100.247496363111
0.7668618559837341,0.9992390023544431,0.9833553917706013,0.9038281142711639,0.0004878990867439233,1.5327269396570653,0.07069051363275407,0.09537664518923746,5095.648046593596
0.9606023300439119,0.9299269029870629,0.9628727650269866,0.8369668358936906,0.0006764900176097537,1.5318963063088729,0.0989648075814255,0.13033310472449494,5091.003123458948
0.9686604226008058,0.8892994988709688,0.9316849811002612,0.9691266985610127,0.0005285025586983945,1.5317750185648769,0.09629503919244321,0.12869347393958167,5090.3251732328645
0.7751590171828866,0.9644202664494514,0.9613728104159236,0.9838012140244246,3.64023277257709e-05,1.5310858202122617,0.05354246373733769,0.08527586685056465,5086.4742500836755
0.8718743370845914,0.957503735087812,0.8986105108633637,0.9774984009563923,1.3323158058698744e-05,1.531083810888355,0.062245378595671204,0.1241542254191119,5086.463026439688
0.9744071513414383,0.985616615973413,0.811439803801477,0.9853360131382942,0.0029643986313340398,1.5292669747187646,0.10972713847427781,0.2792204081767873,5076.322975502015
0.8859721450135112,0.915826290845871,0.9541279347613454,0.9470097962766886,6.535170861724722e-05,1.524714775162505,0.08080976311209762,0.0839008528815246,5050.989943098162
0.9724598918110132,0.8559020617976785,0.9750439571216702,0.9987070746719837,0.0019683656645354017,1.5242779346558977,0.12411165769120405,0.17920638540974398,5048.564434072023
0.9405002156272531,0.9041913487017155,0.9060827186331153,0.9995106523856521,0.00031864889216923084,1.5221386648894815,0.0865051259234223,0.12946779384274523,5036.700275832654
0.9826188301667571,0.9122523283585906,0.8919436698779464,0.9512946158647537,0.0005632168395315586,1.521578409976878,0.08902465408417108,0.15383204749890772,5033.596973830409
0.7551028812304139,0.9461066406220198,0.9977325266227126,0.9848196841776371,0.000690198326917895,1.5214890520437718,0.07883655751144705,0.10817506319168053,5033.1021583780885
0.9344251872971654,0.9511505179107189,0.9435639958828688,0.8323201574385166,0.00037573786488790355,1.5178481567596125,0.09512556637495953,0.12540128283947155,5012.975001852001
0.8620095085352659,0.9202436255291104,0.9450566712766886,0.970886173658073,2.7056900408099568e-05,1.5129490227850155,0.07585150080765633,0.07475339157362988,4985.997022570557
0.9071230879053473,0.9497396387159824,0.9283313313499093,0.8758138753473759,0.0001245871508298667,1.512621590424715,0.08461637679191947,0.10391998853357691,4984.198229815559
0.9750481657683849,0.8913545049726963,0.9869742346927524,0.8665133602917194,0.0014871206850747662,1.5122931200497793,0.1143808293243749,0.1518491022228279,4982.394271499719
0.9101841440424323,0.9224704569205642,0.9928377186879516,0.8506895806640387,0.0010912676555310768,1.5119881457073674,0.102133830320292,0.12668141917094,4980.719834588711
0.9488106966018677,0.9309545839205384,0.9153540059924126,0.8882568413391709,0.000313698267089547,1.511210328695161,0.09016226074182088,0.12034847125455096,4976.451390370286
0.8520164247602224,0.9859669152647257,0.9668051907792687,0.8266877327114344,0.0002385745667718377,1.507609057903301,0.09060558665131371,0.11732423781600185,4956.727813572786
0.7771971626207232,0.9931777380406857,0.9993402371183038,0.8599310563877225,0.0011658255845885582,1.507187705901019,0.08816285891975323,0.11240344893774569,4954.424342500782
0.9670854350551963,0.9509798483923078,0.8295058803632855,0.9923640135675669,0.0007006620840009169,1.5063753324283218,0.09266560685108714,0.2506125461746792,4949.9856954508095
0.8300074962899089,0.9841116182506084,0.8970978418365121,0.9625654546543956,7.90303840427582e-05,1.5062432239412764,0.06325515185109497,0.12605494188914548,4949.264189850078
0.9965236913412809,0.966278319247067,0.9359198464080691,0.7660079067572951,0.001942492117185107,1.505981461449017,0.12186569941013835,0.17151122156684098,4947.8348388340855
0.8112522568553686,0.9886207543313503,0.8927553640678525,0.9928025510162115,0.00014746235092027288,1.5054335767051767,0.06099868051011774,0.13602094726539993,4944.844217920186
0.9452588120475411,0.9706449871882796,0.9549643332138658,0.7741157012060285,0.0009140989974512521,1.5042841240401381,0.11204582329050491,0.16066869117009397,4938.574769899486
0.7834551464766264,0.9756781850010157,0.9296339014545083,0.97630400583148,2.8335416043497775e-05,1.5033284784696148,0.05210154405961551,0.0862434030380903,4933.367369838879
0.9485582504421473,0.9174731289967895,0.9962342409417033,0.8184235421940684,0.001701226061912164,1.503027166439342,0.113810708982561,0.14896223133707706,4931.726427493784
0.9241947047412395,0.912017323076725,0.9500209894031286,0.8955801511183381,0.00018906543152427948,1.502280264891627,0.0933278469551904,0.10531810922658112,4927.660739269653
0.8375772759318352,0.9620387842878699,0.9895634772256017,0.8445040052756667,0.0007280748175952967,1.49992015666198,0.09158873335945929,0.1169741542221404,4914.83176866974
0.9312487347051501,0.9868463948369026,0.8470532950013876,0.9177597621455789,0.0009072062783178668,1.4989913454818922,0.1025198673182417,0.22552165088079984,4909.790489297684
0.9025876186788082,0.9823553171008825,0.8392746681347489,0.9770285114645958,0.0004340780234030224,1.4975540468846782,0.09154107018194932,0.2339815092507879,4901.997655747003
0.8350380593910813,0.9230844033882022,0.9997246013954282,0.9078250322490931,0.0008811966235960663,1.4967466460011414,0.09432755422353152,0.10452015413051893,4897.624483347586
0.9306553369387984,0.91002191696316,0.9662703005596995,0.8672110550105572,0.0003021152673557975,1.4946403276494766,0.10146128867353817,0.12375005771621185,4886.230930374184
0.9979977877810597,0.9920565728098154,0.9984288727864623,0.6806787429377437,0.005910641873814215,1.4943691440830185,0.14959897140576522,0.21474413578766274,4884.765613288492
0.9651546375826001,0.9837598809972405,0.8655125563964248,0.8514025816693902,0.0015559543305780556,1.4925549855628788,0.11526197145308466,0.2072872039344021,4874.97219832638
0.950849786400795,0.9902112185955048,0.8957053935155272,0.8106954488903284,0.001457900250935489,1.4924732276161599,0.11766495890368384,0.1736974832321686,4874.531220530768
0.876366438344121,0.9353311425074935,0.8963281093165278,0.9835656331852078,2.680383210332335e-05,1.4923845606979478,0.07331342911985211,0.1236403200085421,4874.0530146486735
0.8801363483071327,0.9569162968546152,0.8892492782324553,0.9408198120072484,2.4809608114541066e-05,1.4917957940493387,0.07607429561145138,0.1405238926833743,4870.878600660933
0.9597657006233931,0.9779275581240654,0.8514989484101534,0.8855087496340275,0.0011522198984003677,1.4911322255908308,0.10918089255074874,0.2231630137292017,4867.302906547727
0.9420755077153444,0.9960486460477114,0.9723530970513821,0.7242956161499023,0.002031090933517928,1.4908407104861552,0.13030159938676447,0.18803505306399093,4865.732730708813
0.9385095639154315,0.9369783252477646,0.9306228877976537,0.8442684672772884,0.00030423483063966026,1.4877430802597658,0.0992997627685079,0.12424002230843788,4849.0736067901835
0.8684530640020967,0.9933637725189328,0.851620951667428,0.9657754553481936,0.0003516557417597797,1.4861241564930123,0.08878090368099022,0.2099076898303625,4840.385522193754
0.9544121101498604,0.9753160383552313,0.9227764336392283,0.7824552804231644,0.0010367165147843413,1.48432335033245,0.1173702874021605,0.16370834513124152,4830.7362543078125
0.6688334550708532,0.9871791806071997,0.9779517641291022,0.9875119058415294,0.0001386729346083166,1.4841543042630547,0.07238741437643224,0.12812879003984745,4829.831258773504
0.808982377871871,0.9423586931079626,0.9692124836146832,0.9188024317845702,2.4718340945755298e-05,1.4826583093703505,0.07717298639425607,0.08561368264857289,4821.828396960184
0.8821742106229067,0.9857891332358122,0.9157344959676266,0.8404467906802893,0.000239695606767845,1.4820030681281582,0.09826001803108587,0.12686127196361743,4818.326567099692
0.9225962422788143,0.895776929333806,0.9360543480142951,0.9388781562447548,0.0001596996380247852,1.481208979947563,0.09579843103138015,0.11111308368412051,4814.08546499429
0.9997913707047701,0.9340909626334906,0.8614598726853728,0.8982574297115207,0.0008579597753705689,1.4803718853334655,0.10548057912548792,0.20394698617780033,4809.617958836682
0.8998999241739511,0.9556397069245577,0.9982853243127465,0.7734094085171819,0.0016873863726093233,1.478591693486113,0.11644446355432202,0.16243547480082346,4800.128419882721
0.9612637851387262,0.9772529043257236,0.9437828436493874,0.7448149863630533,0.0013704060276490421,1.4753060457590417,0.12695557522711745,0.17923420641903082,4782.653782782529
0.9164788909256458,0.9479507775977254,0.9133139587938786,0.857183457352221,0.0001822800704873374,1.4729801573237151,0.09637272209175783,0.12737442085595288,4770.31482425554
0.7329974817112088,0.9560403423383832,0.9721031663939357,0.9720544526353478,4.6814111469925585e-05,1.4729247385355455,0.07053293818607961,0.10543463669157004,4770.021139748082
0.7107341978698969,0.9676122339442372,0.9987627193331718,0.9373022187501192,0.0005095197460380598,1.4727481653503995,0.08228762698493267,0.1213847161610485,4769.085511299113
0.9425540575757623,0.954412710852921,0.9098715931177139,0.824991125613451,0.00045374704479964333,1.4695920872854509,0.10691914499419716,0.15041130619733734,4752.387094181129
0.691128614358604,0.9777720328420401,0.9823094708845019,0.9553133752197027,0.00015803961430278167,1.4669872397675232,0.07485239169600236,0.12187385444107565,4738.640834695532
0.9667448876425624,0.918182110413909,0.9034831756725907,0.8746144529432058,0.00040700463327944254,1.4636858020716088,0.10435073277845586,0.1422425451288838,4721.2647287428235
0.7180700553581119,0.9946203678846359,0.9455454042181373,0.9503199569880962,3.7344825021689834e-05,1.4619885455114383,0.06596018293920307,0.0975340457570663,4712.351778471415
0.9055243227630854,0.9044454349204898,0.9398184847086668,0.9104514699429274,9.877832120009375e-05,1.4619311503979933,0.0962146205269673,0.10293003199677421,4712.050611975919
0.922966742888093,0.9591660844162107,0.8338903496041894,0.9620580216869712,0.00023279454083730656,1.4611595513813855,0.09585488241828802,0.23860472343075556,4708.003345852534
0.8786439467221498,0.8880849005654454,0.9760752264410257,0.9329238571226597,0.00021812340334401368,1.460826206506003,0.10415722111187402,0.12769700916144633,4706.25572011183
0.9036679118871689,0.9342864891514182,0.9741166792809963,0.8083083974197507,0.0003388483480544224,1.4601397949475117,0.10947982582876077,0.1430031226990614,4702.65872010327
0.9933472350239754,0.9707247326150537,0.7765716044232249,0.9842793215066195,0.0019399250344850957,1.4592929185956978,0.1277226679763593,0.30615902958809216,4698.223890050147
0.935565915890038,0.9974182303994894,0.9261585688218474,0.7501832889392972,0.0013524578471743715,1.459241507698671,0.13129832342586392,0.17426874769790413,4697.95477556934
0.9198180455714464,0.9428079603239894,0.8595919506624341,0.9435757892206311,0.00015724989163312862,1.458250863850049,0.09062394881114633,0.19454269802762475,4692.77159457905
0.9282361380755901,0.9628421468660235,0.8778238743543625,0.862169380299747,0.00035450153503896936,1.456629761550178,0.10474632071708168,0.17888802173358048,4684.299702782988
0.9844525149092078,0.8806342286989093,0.9441581014543772,0.8801521463319659,0.0005574895206910054,1.4562796524508237,0.11728727546491012,0.15097083694951757,4682.4716473886965
0.7450386397540569,0.9737112950533628,0.9845816493034363,0.8892352925613523,0.0002767422213759285,1.4549554175768744,0.08437139096006696,0.11208795504327268,4675.562492686799
0.9857812402769923,0.9576413501054049,0.8679405441507697,0.8345089163631201,0.0010602970860081969,1.4548954236485527,0.11958284655865067,0.20655598069574138,4675.249670445145
0.9108910160139203,0.9088674122467637,0.9197851531207561,0.918551605194807,9.980653582704433e-05,1.4548596778446208,0.09467188525156439,0.10657467632407625,4675.063291541971
0.9299102546647191,0.9237630805000663,0.882826529443264,0.9253151025623083,0.00017492145413134443,1.4536961260697325,0.09365739592162595,0.15500261442119248,4668.999783954787
0.9437644453719258,0.86239920463413,0.9672653321176767,0.9346849890425801,0.00041448611671050095,1.4536038890263705,0.118151624032593,0.166138444407791,4668.519388266427
0.765029139816761,0.965671562589705,0.9311388814821839,0.959852839820087,9.301782944565266e-06,1.452477034657837,0.06366495296877854,0.08700842322846239,4662.653628686109
0.7818569224327803,0.9606685042381287,0.9430188164114952,0.92556591052562,6.513363654437043e-06,1.4518732953469933,0.07017450562699386,0.07994141844907467,4659.513343321205
0.9946670420467854,0.8789059687405825,0.9604143342003226,0.8518762718886137,0.0007986243562486247,1.4512255228704203,0.12508205544583814,0.16578710874834135,4656.145912851663
0.9863835917785764,0.9134200206026435,0.9706437662243843,0.7761184424161911,0.0010854425603519884,1.4497171463011227,0.12958742202684645,0.1731338971608177,4648.312220735055
0.8279211027547717,0.9495676606893539,0.9386296086013317,0.8933580741286278,6.582153292932598e-06,1.449106244255748,0.08166326752238665,0.0820394468756454,4645.142535933688
0.975299185141921,0.8774911109358072,0.9139366745948792,0.9343744348734617,0.000376862664382838,1.4464555101867784,0.1114150387079264,0.15071674796728382,4631.4091825235855
0.8446714198216796,0.9580428814515471,0.9770680125802755,0.8090045638382435,0.0002667627807378463,1.4442373973584572,0.10471901131529653,0.1366125040468674,4619.942236318326
0.9439282389357686,0.9225305300205946,0.8593375347554684,0.9487259760499,0.0002532755663291238,1.4438237126749365,0.09650888054760844,0.19445802920683666,4617.80613315567
0.947472220286727,0.9942818712443113,0.8146393653005362,0.8963614981621504,0.0017258227064411318,1.4437443963349157,0.12834982087463043,0.26796559424983796,4617.396665420244
0.9679540125653148,0.9029187671840191,0.9838790148496628,0.7928519016131759,0.0011831562383872762,1.4432551235096815,0.1287437317580056,0.17080675343624954,4614.871454334242
0.9603879675269127,0.9160651257261634,0.887256782501936,0.8931205896660686,0.0003367870516209914,1.4432289977188488,0.10451612797178361,0.1579333504428476,4614.736646249934
0.7931983219459653,0.9035326987504959,0.9769297558814287,0.9818366719409823,0.00012167219616628443,1.4420938137292618,0.0946203275693997,0.11188227509789495,4608.882180704738
0.8873026957735419,0.8667740235105157,0.9716769913211465,0.9684101352468133,0.00020289790530492513,1.4402529203653103,0.1136031024110605,0.1534430125635503,4599.4007938047325
0.7764825830236077,0.9796817023307085,0.9161580745130777,0.932686417363584,2.678995086496462e-05,1.439438015142705,0.07126791953585748,0.09694624711059681,4595.208662910167
0.9925116039812565,0.9251661226153374,0.911260848864913,0.8087537428364158,0.0007533371380519872,1.4392728060770563,0.12245753481120732,0.16143678310004334,4594.359147210932
0.9381543220952153,0.9962084507569671,0.8316322742030025,0.8679621769115329,0.001502871349837501,1.4379786105028218,0.12845698989686608,0.24814898494593945,4587.708646858404
0.9820973854511976,0.9199969433248043,0.9907125467434525,0.7429190566763282,0.0019264049683531317,1.4374194450792332,0.13909540516731803,0.18945116456405833,4584.837633766043
0.9781150026246905,0.8676480557769537,0.9088136656209826,0.9611593885347247,0.0004060878318490356,1.4371692804349325,0.11533170229440155,0.16348300687167722,4583.553637331679
0.9275103062391281,0.8708271468058228,0.999191040173173,0.8779637981206179,0.0012427124637293058,1.4356688310611119,0.12609674999198894,0.16975094584581463,4575.8584396121805
0.81771519780159,0.9476332748308778,0.9536729687824845,0.8748500319197774,8.84250815224255e-06,1.4356582197671657,0.08728257854389482,0.09286352444311023,4575.804055284899
0.646236383356154,0.9989875834435225,0.9889852292835712,0.9214793890714645,0.0002131675083395872,1.434781691900901,0.08826103813931524,0.13536737071016394,4571.31350904435
0.8241531560197473,0.9086831929162145,0.9632884720340371,0.936042383313179,1.099449808374735e-05,1.43290962700243,0.0916155751218213,0.09587508711183503,4561.734476423771
0.729197128675878,0.9344275370240211,0.9923680853098631,0.9523303294554353,0.00031936667421275834,1.4327203087206188,0.08940653284121139,0.1190540258311638,4560.766658172524
0.9654185464605689,0.9974860539659858,0.7844189368188381,0.9182966602966189,0.002719883716211428,1.4313445407256111,0.14056250904578524,0.29660731915254235,4553.738471563277
0.8643484879285097,0.8594116307795048,0.9885456170886755,0.9884871765971184,0.0006609771986548973,1.430469430693268,0.12174105915848056,0.16813537425375075,4549.272409482423
0.8373185563832521,0.9483129093423486,0.906396796926856,0.9172603162005544,4.317507146642261e-06,1.4280856326139735,0.08296449467411542,0.1041171738605347,4537.124525520879
0.724676389247179,0.9905558153986931,0.9588991589844227,0.8921459605917335,2.796500501772963e-05,1.4266716377653166,0.08231803910270787,0.10338869546175783,4529.9309654744075
0.9634431349113584,0.8440860444679856,0.9957476984709501,0.9082146948203444,0.0014902896293811068,1.4265389230039696,0.13715828160575833,0.20060586650002277,4529.256257303598
0.6971941608935595,0.9972696015611291,0.9152351664379239,0.9889319026842713,7.031422022872129e-05,1.4257790872337721,0.07382040727570306,0.12005222407531252,4525.39486603882
0.7634230479598045,0.9809277532622218,0.9484069645404816,0.8775333408266306,2.5490410506198426e-05,1.4239474332597566,0.08349270475206792,0.09557711145351298,4516.097363495045
0.8477253234013915,0.9151521511375904,0.912790447473526,0.9644994791597128,1.120604271872853e-05,1.422911782320292,0.08633253233993354,0.09338094410466492,4510.847091412155
0.5834216428920627,0.9895214913412929,0.9998404011130333,0.9615679029375315,0.00016014271866342383,1.4224369711813702,0.08978221914025909,0.15811961616769327,4508.441636061345
0.7367405565455556,0.939197245053947,0.944032764993608,0.9965790761634707,4.515920013049951e-06,1.4201926294976022,0.07535666322409279,0.09466799207496727,4497.085255197178
0.9918862907215953,0.8394516799598932,0.9894133117049932,0.8939079791307449,0.001510066613396573,1.419189522716616,0.14217298578634302,0.20917910595419628,4492.016857667818
0.8433351889252663,0.8960779812186956,0.9464774746447802,0.9564835019409657,1.7021017676465562e-05,1.4189815192307618,0.09488377146258767,0.0981893369637952,4490.96644444839
0.9627308482304215,0.9395189536735415,0.8812671341001987,0.8318767379969358,0.0005189335736078391,1.4182582253889742,0.11805505791677386,0.18192993122531456,4487.315338061471
0.5568616222590208,0.983059230260551,0.9954550080001354,0.993830575607717,8.44774353433901e-05,1.4177108625030441,0.08836827837822549,0.16534723973002913,4484.553872045577
0.9780833311378956,0.9377022096887231,0.9816781915724277,0.7079556798562407,0.0016835076514343094,1.4169256256104368,0.14528031962114188,0.20590993147254694,4480.594668986973
0.9157735481858253,0.9172739516943693,0.8549520149827003,0.9789625974372029,0.00013677125853826628,1.4168768206474869,0.09662540405514272,0.195294188838389,4480.348683179148
0.9520773105323315,0.8356350678950548,0.9775253506377339,0.9530735639855266,0.0007715856792472867,1.4163667541458074,0.13483159551592785,0.20248246500664469,4477.778494574985
0.852238368242979,0.9722421802580357,0.8861864451318979,0.879901334643364,5.044780531212335e-05,1.4161973314023382,0.09719636852139273,0.14851512973490838,4476.9250432696335
0.7569710491225123,0.9787722323089838,0.9634267287328839,0.8589354148134589,3.044174648992489e-05,1.4153746123454767,0.09056212915137532,0.11023962103537346,4472.782499281455
0.9944388549774885,0.8923867754638195,0.8769550509750843,0.9099793620407581,0.00048576846317724734,1.4152001099153657,0.11620714131826868,0.1817163634722916,4471.904236246003
0.9248234331607819,0.9890014389529824,0.862084555439651,0.8192059583961964,0.0008879354528390979,1.4144206537401312,0.1287738625442635,0.2122439808386512,4467.982929896191
0.9856570716947317,0.9348887894302607,0.9566759588196874,0.7262068139389157,0.001051964668903562,1.4143773188959006,0.14077498187876605,0.19349296404159894,4467.764999624813
0.9287113836035132,0.9876364357769489,0.9403139017522335,0.7145814737305045,0.0009117394940702949,1.4143636295112687,0.14029744796172847,0.19275950744120313,4467.696157661921
0.7858709581196308,0.9312737556174397,0.9676777767017484,0.9058002876117826,1.1832620528576093e-05,1.4140991962646812,0.08906167324731605,0.09681783942903291,4466.366524851713
0.9269807785749435,0.9297220334410667,0.8268091641366482,0.9896552031859756,0.00021634840784059444,1.4136251042626105,0.10212466572736409,0.23891152430478332,4463.98346014819
0.9756773114204407,0.9393469365313649,0.8249410670250654,0.910645910538733,0.0005566860291167232,1.413022315217114,0.116317395463112,0.24888469363045654,4460.9549373443115
0.973683113232255,0.972134598530829,0.8550883643329144,0.8080751467496157,0.0012238744225253207,1.412783279259149,0.13450810452235878,0.22967684786797324,4459.754425709827
0.8816956290975213,0.9646874824538827,0.978224441409111,0.7402102369815111,0.0005891027020524588,1.4126023081470003,0.12741815877128912,0.18025016744460104,4458.845702971426
0.8693463196977973,0.8857275024056435,0.9855738552287221,0.8913706513121724,0.00042210020043252226,1.4121549603421235,0.11384987374046526,0.14147837410298664,4456.600031134099
0.9368626726791263,0.8725625723600388,0.9829571982845664,0.8575293337926269,0.0006652024856707546,1.4115877763655413,0.12652171340978424,0.17110716290602285,4453.754067667989
0.9833543868735433,0.9258699798956513,0.9415892027318478,0.7555076573044062,0.000771193644203393,1.4115043642142309,0.13480555121988258,0.17642984723980343,4453.335650734611
0.9895816082134843,0.9323473116382957,0.847187789157033,0.8698885720223188,0.0006808438143915359,1.4099703856812025,0.12104387353759236,0.22315090641319146,4445.646338954976
0.9897015802562237,0.956504157744348,0.9461766630411148,0.6991551341488957,0.0014432049218484672,1.4091664464458986,0.14810987329851094,0.20808470872718424,4441.620644499726
0.9115132866427302,0.9704858940094709,0.8190859127789736,0.9265906913205981,0.00030249467035878817,1.4085711909601286,0.1129338449128249,0.254845534164066,4438.641775614354
0.6719678174704313,0.9703360795974731,0.9499041242524981,0.9806340569630265,9.675928607406584e-06,1.4083347320072386,0.07457541032121125,0.11868574359570572,4437.45888794571
0.8458729153499007,0.9742751689627767,0.9011986097320914,0.8516235547140241,6.126102144245855e-05,1.4072453312502233,0.10160865380354336,0.13304064238161825,4432.012356254388
0.9348228881135583,0.8428435660898685,0.946950045414269,0.986223142594099,0.00030097531830539467,1.406582991417739,0.12635368224731855,0.17963213908029227,4428.703515646762
0.8049378804862499,0.9168663425371051,0.9953361907973886,0.8755764355883002,0.0005376250275176789,1.4065626824875117,0.10626603172465676,0.12254338823936932,4428.602089352668
0.8598006945103407,0.9052316388115287,0.9276567278429866,0.9280559439212084,1.895514249584888e-05,1.4055649396279506,0.09553613108576026,0.0913537071315994,4423.6214380918045
0.8680758913978934,0.9319971222430468,0.8783457167446613,0.9421111308038235,1.7548666023828637e-05,1.4053424747216554,0.09076589204022678,0.14891817971746563,4422.511511939585
0.8413452077656984,0.9287342745810747,0.9824846535921097,0.8247383972629905,0.0003141429693770211,1.4051949615295038,0.11087223527320982,0.1345054131542346,4421.775656995007
0.8259900668635964,0.9831852652132511,0.9746439438313246,0.7628942159935832,0.00031535503211242455,1.404680985426357,0.11909185352593703,0.15981425823568718,4419.212489700751
0.904438829049468,0.9526286739856005,0.8713827235624194,0.8667086390778422,0.00014595034601890732,1.4032593608412922,0.10804158315368156,0.1802789360299964,4412.129013204299
0.9182430543005466,0.8808836527168751,0.9017124576494098,0.9672403503209352,0.0001253487834424461,1.4031606953222449,0.10651198301303787,0.14205570457825806,4411.637727228861
0.9019864294677973,0.9708953723311424,0.88712228089571,0.8159296922385693,0.000263266725181382,1.4028451785375018,0.11841456249948204,0.17437110713635096,4410.066960319731
0.9692775812000036,0.9513883767649531,0.9020929476246238,0.7651115627959371,0.0007478665256826678,1.401575888425034,0.13322306055000852,0.18721465523618158,4403.752367883789
0.924468195065856,0.929526885971427,0.9000400127843022,0.8423503516241908,0.00018857439781098527,1.401502560757389,0.11205999412173494,0.14650682036664023,4403.387786883628
0.7989344419911504,0.9363639168441296,0.9374105026945472,0.9121098518371582,2.003066649371416e-06,1.40132399652216,0.0848001510457934,0.0783645675060058,4402.5000746703345
0.9724915223196149,0.9572608228772879,0.915942857041955,0.73671505600214,0.0008999019992456417,1.4010914205669636,0.13937161152463765,0.19285831343076718,4401.344059687295
0.8566524684429169,0.952014772221446,0.8704471224918962,0.922873287461698,1.1680669943545973e-05,1.4000407943168316,0.09278711778398062,0.16621314885279864,4396.1249050448805
0.735050511546433,0.9854650283232331,0.926665497943759,0.9140798095613718,2.430555264099305e-05,1.3995111074007172,0.07996082056707336,0.0966462551646797,4393.495440509935
0.9801817489787936,0.8861502530053258,0.8451982475817204,0.994267581962049,0.00047448695826271563,1.3991376410530876,0.11586995901456701,0.22236113288644296,4391.642224982417
0.8936963332816958,0.9439472453668714,0.93255381193012,0.7982772756367922,0.0001255337967719195,1.3985278178189144,0.1152669542819755,0.14160725178967032,4388.617475364511
0.78371337428689,0.9894183464348316,0.9712206218391657,0.7932123746722937,0.00014517482908646317,1.3982750788106286,0.11076749571559058,0.14077868791431347,4387.364357382318
0.7510907975956798,0.9130497304722667,0.9755165223032236,0.9650612287223339,6.908527633693786e-05,1.3982375732753212,0.09284552043104848,0.11370683468582238,4387.178423184175
0.8743512444198132,0.9651377089321613,0.9990603541955352,0.7172040892764926,0.0015268405279535672,1.3964436548713062,0.13792934393142153,0.19394935044506273,4378.292250560042
0.8853737162426114,0.9791543548926711,0.8070247797295451,0.9550174148753285,0.00029733343400045465,1.3953975703299428,0.11389129773729822,0.26504628387195384,4373.116977593024
0.9091721223667264,0.9825282841920853,0.8923241524025798,0.7804452767595649,0.0004961334298466721,1.3947376302066223,0.12985287046861893,0.18317805488598565,4369.854531270525
0.9697641180828214,0.9732570163905621,0.9645830122753978,0.662227132357657,0.0016586528278072794,1.3928570687281678,0.1575010848395884,0.22900347604846766,4360.568317335463
0.9570993315428495,0.9626637268811464,0.7712101591750979,0.9675044761970639,0.0006402835018919238,1.3917528898805238,0.12959428476339982,0.3011725645580412,4355.123069030652
0.9972406104207039,0.8414389966055751,0.9732035426422954,0.8733225958421826,0.0008692476052775047,1.3914286662426962,0.1423132180643001,0.20669841374712616,4353.525171776914
0.9179492658004165,0.9688344914466143,0.9758229330182076,0.6920403437688947,0.0009160983922841106,1.3912468928544308,0.1447025165804809,0.21101505158389583,4352.629523689621
0.8952354313805699,0.9465597225353122,0.8573474269360304,0.9009652491658926,8.641924917872636e-05,1.390766584370364,0.10433219832267783,0.19381913854765892,4350.263602074945
0.8158330172300339,0.8816743791103363,0.9813800062984228,0.9496362041682005,0.0002156695555104486,1.3906775840191614,0.10874576826252014,0.13698646050294258,4349.825311021429
0.8179357144981623,0.9612516677007079,0.880836458876729,0.926129556261003,5.580363753638538e-06,1.3900026536880343,0.08772351001738007,0.14571532475572033,4346.502670826258
0.8503992920741439,0.9001349192112684,0.9579076850786805,0.8904969757422805,2.2393455478372586e-05,1.3898620872655665,0.10420532921468699,0.11128705336444873,4345.8109202124815
0.7792016817256808,0.9274533288553357,0.9406215082854033,0.9405670966953039,1.6420700426128572e-06,1.3896578159568895,0.08366632302414814,0.07932462469151905,4344.805820374046
0.8292643809691072,0.9975921977311373,0.9412480983883142,0.7677350575104356,0.00018801914550758476,1.388970150283474,0.12130160075271877,0.14667365362024407,4341.423551324797
0.9138134149834514,0.9544920809566975,0.8016710234805942,0.9694194886833429,0.00018036620472856432,1.3882624573012317,0.11301065595400127,0.26960764389480324,4337.944921911627
0.7910259859636426,0.9545990759506822,0.9570351066067815,0.8426030650734901,1.012048714602742e-05,1.3847369074412044,0.0985132670979052,0.11313055592924876,4320.647594567052
0.9925374388694763,0.9899650532752275,0.7254464598372579,0.9664559764787555,0.0038949348616512513,1.3822826448470988,0.16196942618098087,0.3304893583914324,4308.638018093157
0.7405104553326964,0.9214869122952223,0.9667389933019876,0.9533182559534907,7.3278400646629795e-06,1.3821454564108395,0.08917319325344873,0.10686873903341479,4307.967473034305
0.8711374243721366,0.9436411866918206,0.9505424667149782,0.7846325468271971,8.894271093009691e-05,1.3817266924652682,0.11784916158802788,0.14721997365415074,4305.921154022765
0.8968718321993947,0.9940476575866342,0.7809875225648284,0.9520762329921126,0.000741869797020306,1.3808274578418507,0.13169068147662188,0.2892575830710743,4301.529532984068
0.862372376024723,0.9816797692328691,0.7938182689249516,0.9945183731615543,0.0003166649305999129,1.3797640653143128,0.11616511558098154,0.2747499526692274,4296.340697171986
0.8092124871909618,0.9597610011696815,0.9268165742978454,0.8509270371869206,1.0788088783862951e-05,1.3785736802067876,0.09807605011718307,0.10556210203341872,4290.537962607028
0.7976335259154439,0.8891276773065329,0.9509268309921026,0.9867994794622064,7.967216932944732e-06,1.377524969168301,0.09885337670087653,0.11046218932404318,4285.430880091215
0.8611324951052666,0.9664159491658211,0.8423231961205602,0.9200161444023252,4.860324468882001e-05,1.3774921033637622,0.10414801798989232,0.2144074042515345,4285.270904214354
0.8110322318971157,0.9750166554003954,0.9446723144501448,0.7999376468360424,5.54380985333567e-05,1.3774123277413752,0.1095655421471805,0.13115792582024924,4284.882611807038
0.8036815943196416,0.9401959618553519,0.9862004453316331,0.8142635989934206,0.0003501913445960506,1.3767315009178722,0.11299352213743774,0.14049428032691386,4281.5699281534
0.9462094511836767,0.9477704204618931,0.7972701927646995,0.9391039898619056,0.00034137611971907006,1.3764254221810568,0.1212989411280767,0.2744452183829616,4280.081294537131
0.89050233643502,0.9588424293324351,0.9054599953815341,0.7953591123223305,0.00014100463085879591,1.3753815433271208,0.12073542995177888,0.1589022323229691,4275.007337499447
0.9202774148434401,0.9107254147529602,0.9340651566162705,0.8140108669176698,0.00015985539923760902,1.375354599519512,0.12123364684987673,0.14070368136556152,4274.876434071805
0.8305213842540979,0.9761204784736037,0.9858556827530265,0.7336012534797192,0.0007034360250838599,1.3749837253815358,0.13121582850655042,0.18077201312539842,4273.074899532257
0.7310037603601813,0.9847996840253472,0.9417040655389428,0.8716828767210245,2.1612465081967983e-05,1.374983475929287,0.09152254124954745,0.10359292097047319,4273.073688006759
0.7348280912265182,0.9718609666451812,0.9702819483354688,0.8471962213516235,4.4727229852189406e-05,1.374378998485075,0.0993213816937284,0.1251473982372172,4270.138677146055
0.617483732290566,0.9516761302947998,0.9857011139392853,0.9784959079697728,7.26934613715585e-05,1.374228954686479,0.09131752690796707,0.15211429005706187,4269.410388527592
0.9915093509480357,0.8985983384773135,0.8170323818922043,0.9738626526668668,0.000527315277924428,1.3742003147564088,0.12239627289053516,0.2517956059380799,4269.271385809084
0.8493088940158486,0.9789602039381862,0.8259919863194227,0.9413193771615624,0.00014283309581187501,1.373679538757233,0.10709430821447327,0.23665401498208039,4266.744431645339
0.9370399843901396,0.9609319204464555,0.9886743975803256,0.665373639203608,0.0017219216283300579,1.3736328859384104,0.15609848256278516,0.2277065977104527,4266.518115304201
0.7477455586194992,0.9931421559303999,0.8615853581577539,0.9833122594282031,0.0001088835731128622,1.3722508573248269,0.09044178274360974,0.1838190511756699,4259.818000255602
0.9633174883201718,0.9100762382149696,0.8224245384335518,0.9574120808392763,0.00033110036685571857,1.3719847161513439,0.11615271052563603,0.24237558015474978,4258.528674751217
0.5378535892814398,0.9979544477537274,0.9673120304942131,0.9752950565889478,6.640640839464614e-06,1.371649953558327,0.08488677029535072,0.15642427168179487,4256.907339908456
0.7691391259431839,0.9527351995930076,0.9029693277552724,0.947260589338839,1.833635126230594e-06,1.3715696077102064,0.08089556350932277,0.10827300720223725,4256.518276855735
0.99410948343575,0.9845869829878211,0.8264305219054222,0.7855416908860207,0.0020853656163875773,1.371152643403853,0.15727377238369203,0.2680278463203894,4254.4996292686865
0.8839362198486924,0.8860977776348591,0.9903868576511741,0.8342466065660119,0.000600685042717077,1.370872747137972,0.12653639070275308,0.16117258480062666,4253.144983562907
0.9079315597191453,0.8245342243462801,0.9809064948931336,0.9833736028522253,0.0006014390556751459,1.370868066898363,0.13921570903981256,0.2098389647715838,4253.122334909054
0.8803926128894091,0.9392848946154118,0.9647256033495069,0.7586885308846831,0.00013923351705229868,1.3703460137936665,0.127042385829627,0.16777550132544297,4250.596595901494
0.9860513443127275,0.9440224878489971,0.7946290411055088,0.9033599011600018,0.0006722373338950476,1.3695677516009868,0.13269383477625443,0.27909706772083154,4246.833445271725
0.8029770320281386,0.9540424505248666,0.9108003992587328,0.8850619867444038,3.3936532058718703e-06,1.3692082990126933,0.09296160937475274,0.10340090273957168,4245.096243707378
0.7577084535732865,0.9926204569637775,0.890605254098773,0.9102139817550778,6.448015871563745e-05,1.369188013032246,0.09215506307279395,0.13256617768787288,4244.998219767556
0.9806269826367497,0.8796007661148906,0.9281949894502759,0.8299273950979114,0.00039860946108444706,1.3685074483300377,0.13268828261988427,0.16392622881510602,4241.710673392171
0.9538981057703495,0.8635911326855421,0.9369684457778931,0.879471592605114,0.00024287120656599006,1.3684899974709943,0.12643227799629767,0.1630122812660466,4241.62640084318
0.7950704982504249,0.9371519722044468,0.9523976892232895,0.8619337975978851,4.043162839030002e-06,1.368301223471818,0.09815906317594235,0.10221507041869429,4240.71486833052
0.7716001234948635,0.9715206818655133,0.8559645097702742,0.9980459939688444,3.2233328018848846e-05,1.367367355147999,0.08865834233965941,0.19028484392230277,4236.207723169255
0.884648340754211,0.8998376820236444,0.9094911105930805,0.9040808631107211,4.3825524393642124e-05,1.367016445914684,0.10626874955100557,0.11497896172904917,4234.5150788857245
0.9371309140697122,0.8590819966048002,0.9335710890591145,0.911742371506989,0.0001725963815650285,1.3667749781154648,0.122717285752827,0.15963779387026772,4233.350638702719
0.8600169010460377,0.8874786058440804,0.969352699816227,0.8728930577635765,6.22363102032457e-05,1.3656525247744837,0.11495618266022795,0.1374071161781404,4227.941024817702
0.921867661178112,0.9765476351603866,0.8350593810901046,0.8376499842852354,0.0005686628011385536,1.365434135507677,0.13254971842943164,0.24238381144522853,4226.889126710301
0.7996675437316298,0.9188388157635927,0.9791214801371098,0.856947923079133,0.0001528680946976899,1.3646726806424192,0.10808475369824701,0.12414198605224123,4223.2230645180425
0.981973092071712,0.9451875425875187,0.8409228725358844,0.8218556456267834,0.000743299845942193,1.363276973014411,0.1364788250277208,0.23892510604216324,4216.509717002874
0.9718769583851099,0.9216404855251312,0.8359262375161052,0.8835975537076592,0.00041936729070551665,1.362531903989512,0.12411494530844834,0.23008217939264164,4212.929301843757
0.8963486263528466,0.8985515553504229,0.9570026053115726,0.8216313375160098,0.0001034669378536412,1.3612454460014656,0.1220161103033161,0.14521899303377184,4206.752756282782
0.9851818578317761,0.898402233608067,0.8941926071420312,0.8269252041354775,0.0004390655137393863,1.3612076796672472,0.13171762786412117,0.17144408128004462,4206.57153769922
0.9521066723391414,0.9843635754659772,0.9134574998170137,0.6906546941027045,0.001184791209834768,1.3608038218550922,0.15703946532017052,0.2147282047325785,4204.63403497484
0.9918570183217525,0.9724903376773,0.9323339993134141,0.6558413915336132,0.0018588083431959341,1.3603446948043065,0.16674421396780492,0.23134778798255268,4202.432211742021
0.8324360689148307,0.9403894748538733,0.8501085210591555,0.9821001403033733,6.568354654007904e-06,1.3602665505217775,0.09385225709635758,0.19242800870306256,4202.057545542456
0.915282167494297,0.8525192430242896,0.9638230036944151,0.9024275317788124,0.00016513045411577836,1.3599521243667363,0.1264946868402154,0.17640588940755242,4200.550274828817
0.9480327423661947,0.8062366237863898,0.9880225956439972,0.9724086029455066,0.0011255150522806211,1.359947606755555,0.1520143605172503,0.23165000253922002,4200.528621695679
0.8411189839243889,0.9113317392766476,0.933006982319057,0.8818811373785138,1.1216591478522364e-05,1.3577241108992573,0.10343610646438321,0.0954204947858112,4189.881692311842
0.8484717877581716,0.9327988419681787,0.9880554927513003,0.765770461410284,0.0005344374505922897,1.3566099537590932,0.12887227806067983,0.16772511510660873,4184.554485097067
0.5983557449653745,0.9665713515132666,0.9575353749096394,0.9911187207326293,4.564949100801963e-06,1.3565152120746913,0.08532807451283322,0.14517039254674516,4184.101728953619
0.9078391846269369,0.9883996592834592,0.910094266757369,0.7208900842815638,0.0005613508090283716,1.3563311453492406,0.14643832344713895,0.19503346396846744,4183.222209342988
0.8267165888100863,0.9890630403533578,0.9573808265849948,0.7345282640308142,0.00017250071135451034,1.3562616687770686,0.13077240949048477,0.1710054875229859,4182.8902687087875
0.7080983761698008,0.9828679477795959,0.887622551061213,0.9801925299689174,2.872868541144392e-05,1.3561680789785007,0.08427133937850013,0.14694250518482296,4182.443153392526
0.7671048436313868,0.9814862264320254,0.9331166287884116,0.8340110722929239,3.0302765007278203e-05,1.3560026808080607,0.10302804343620445,0.1132273836491427,4181.653070788593
0.8912233477458358,0.9134535249322653,0.8658911911770701,0.9285705517977476,5.344199640724611e-05,1.3541273768018953,0.10537525140388368,0.16958058240823548,4172.703017093264
0.761015148833394,0.9248034693300724,0.9084326811134815,0.9948052344843745,2.502118085701116e-06,1.3533254375498498,0.0863626145908843,0.09961802629587943,4168.880172515287
0.9412448359653354,0.8904664162546396,0.947885487228632,0.8017438920214772,0.0002494735049472628,1.3530904948244815,0.13209104816842202,0.16266335950656555,4167.760708391312
0.955138991586864,0.9968178300186992,0.877681290730834,0.7149962829425931,0.0016363429575380728,1.352980289888153,0.1616383742334583,0.22838153280189422,4167.235678945064
0.8784062787890434,0.9055942771956325,0.924766899086535,0.8601818960160017,4.3337236322527975e-05,1.3524697789500268,0.11219769011040112,0.11447470810705278,4164.804204175445
0.6802945425733924,0.9425953449681401,0.994342815130949,0.9050593143329024,0.00023242197383064968,1.3520399004123314,0.10066264106138435,0.13914500491084525,4162.757609342784
0.8198630064725876,0.994877609424293,0.9090306609869003,0.7926144562661648,0.0001326562797266167,1.3518285560235719,0.122231286821916,0.14463169591173022,4161.751708764445
0.9896698473021388,0.8547073900699615,0.8823224594816566,0.9444853821769357,0.00033920155917338714,1.3515851898921056,0.13011407020187934,0.19520545624391983,4160.59362991643
0.9349150937050581,0.9759515998885036,0.8810435105115175,0.7472382336854935,0.0007008026951336889,1.3509694774200707,0.1455537294782653,0.21198323190849624,4157.664808913955
0.821486578322947,0.8934194212779403,0.9143028482794762,0.9794705668464303,7.259407966832227e-06,1.350412892003024,0.0988524837240815,0.10148091627500988,4155.018599913845
0.9878741586580873,0.8024886762723327,0.9828208489343524,0.9365884885191917,0.0011244522144621808,1.3502123959791883,0.1566669646483076,0.2378037972138699,4154.065684468933
0.8125899191945791,0.9893716992810369,0.8650968978181481,0.8753438666462898,0.00011351940207599105,1.34966944154921,0.1098541291180522,0.17705907609254937,4151.485974530088
0.9665937060490251,0.8727675164118409,0.8689576722681522,0.9399178409948945,0.00025092857039071224,1.3496684964318268,0.1220254859400966,0.19263150046046837,4151.481485112373
0.9947864124551415,0.978712061420083,0.8711600573733449,0.7123756976798177,0.0018070211939836772,1.349579907114782,0.1641300034222667,0.23987447588700647,4151.060691995911
0.6984264422208071,0.9507653219625354,0.964249175041914,0.9070477560162544,4.722932018846868e-06,1.3484593583581777,0.09114792822615586,0.11777946579167242,4145.740974085054
0.9051624052226543,0.9661250077188015,0.7902740687131882,0.9335998529568315,0.00023163396069617368,1.3482882038017434,0.12586187685238584,0.27786403960727296,4144.928889602559
0.9005193943157792,0.9458917444571853,0.9496314264833927,0.7293879315257072,0.0001959474898033533,1.3482827770172086,0.13674393372882412,0.18339263533420957,4144.9031428875915
0.8005103869363666,0.9977989299222827,0.8325608382001519,0.9358400469645858,0.0002083325916284882,1.3482566037694181,0.10962781197228287,0.22227990924155033,4144.7789688312105
0.99919952172786,0.9448127597570419,0.8869148772209883,0.7319046426564455,0.0010008355497706054,1.348023369967275,0.15252490918321687,0.21458304820030036,4143.672560254687
0.8994017923250794,0.992395562119782,0.9357734443619847,0.6861538225784898,0.0005455632661211897,1.3480121859261067,0.15259959244731747,0.20440205514555268,4143.619511348753
0.7708759102970362,0.8917166814208031,0.9899478340521455,0.9236166253685951,0.00030407691425228544,1.3474766144341652,0.10975026920339813,0.1369491157089668,4141.079758724457
0.8932140544056892,0.9807115588337183,0.9950352339074016,0.6484685000032187,0.0018166667689678,1.3470422098299213,0.16151743693925982,0.23224618882852233,4139.0206256779065
0.8631226439028978,0.9990818165242672,0.8688084175810218,0.7987095098942518,0.0003515323305859116,1.3460209201021351,0.1348929395748262,0.19558504694743853,4134.182658562037
0.8096986999735236,0.9965140139684081,0.9892978919669986,0.7014115387573838,0.000976895867351945,1.3459659743247807,0.14397861571886802,0.19480604462196155,4133.922496365449
0.8319994146004319,0.9503540620207787,0.9233465222641826,0.8186743780970573,2.1759436240406482e-05,1.3458127179323993,0.11134045495680399,0.12420065501831595,4133.196910198753
0.6964515224099159,0.9834214141592383,0.9963577371090651,0.8116815267130733,0.0004391159042782114,1.3456519163002139,0.11652862223899448,0.15541975408402575,4132.435705765659
0.9952807296067476,0.9380751149728894,0.8086720565333962,0.859492220915854,0.0007390785921148182,1.3456341161332535,0.13992873942107373,0.26678863995621516,4132.351449719967
0.6535397842526436,0.9632526515051723,0.9396901307627559,0.9662656914442778,3.6726773221552557e-06,1.3453199064734929,0.08268068132048248,0.12154884683904901,4130.864372255604
0.7961503146216273,0.9833977492526174,0.8606770234182477,0.9075388582423329,7.411067490905346e-05,1.3447651027410816,0.10215872712875879,0.1797481505519543,4128.239617613611
0.6340485224500299,0.9821406677365303,0.9544946849346161,0.9223834965378046,7.5101373064182385e-06,1.3437129004747066,0.08868990319534521,0.12953873943535368,4123.265179614024
0.9898193357512355,0.9145945766940713,0.8036629194393754,0.9231259860098362,0.0004891932789554734,1.3436957179382572,0.13067330642723454,0.2625845619810348,4123.183984591246
0.8271994302049279,0.9671985637396574,0.8948908662423491,0.8372176308184862,2.9088580297872055e-05,1.3436519244382197,0.11076120213585675,0.14210536284074105,4122.977046596294
0.9379132455214858,0.9825903559103608,0.7567184343934059,0.9250829527154565,0.0010291382879418541,1.3431079699237358,0.14701534617193085,0.3067564869786665,4120.407350207545
0.9765036692842841,0.9317417396232486,0.9244870161637664,0.7169532477855682,0.0006317235649408066,1.3428039596413697,0.1498764866943518,0.19689030727815557,4118.971705896773
0.9559653289616108,0.882093315012753,0.8717613657936454,0.9126562885940075,0.00021273220166496436,1.3427577681324758,0.12116514354133495,0.18252874541518224,4118.75360653729
0.9095679307356477,0.8720240816473961,0.9044400751590729,0.932139596901834,8.340996010847841e-05,1.3420993698458163,0.11578857988862393,0.1443920667754943,4115.645846486261
0.9916326906532049,0.9862317172810435,0.9841445703059435,0.5821190383285284,0.003790242828685955,1.3411739223374495,0.1880607717052322,0.2706618463628892,4111.2805813597715
0.9493714002892375,0.9681256404146552,0.9582144869491458,0.6477100234478712,0.0009549217900197949,1.341091877442343,0.16332795470577324,0.2355205175510247,4110.893751836879
0.9979685265570879,0.8276980640366673,0.923801951110363,0.9275346836075187,0.0003976604114633009,1.3403841822471052,0.14269582992596466,0.20095421495823784,4107.558222363465
0.9590263850986958,0.9954525884240866,0.7994119608774781,0.8137252312153578,0.0018228743410436063,1.3399359097080314,0.16032428694246526,0.28462566964975194,4105.446475610738
0.9328777445480227,0.9396002013236284,0.7668103417381644,0.9997044652700424,0.0002886559405657017,1.3398349155852491,0.12975517747398516,0.2915947334656613,4104.970820868095
0.9255493972450495,0.9751546522602439,0.7887575700879097,0.8880540858954191,0.0005843622158190728,1.3391391544042397,0.13873125215076476,0.28325471310050226,4101.695113217161
0.8557843677699566,0.9057917660102248,0.942636426538229,0.8464762289077044,2.5507112477390088e-05,1.3383297892494808,0.11381284224271844,0.11759707891914532,4097.887045833642
0.8078595940023661,0.9620036836713552,0.8457507845014334,0.9498303169384599,1.0176500336286527e-05,1.3358674186244768,0.0981482028856843,0.2001710335711124,4086.3180751881496
0.9551682956516743,0.8173233456909657,0.9503322029486299,0.9540386730805039,0.00029674689308718994,1.3355179359095757,0.14176762875210758,0.20936147923705442,4084.678107882397
0.8724956540390849,0.8975332602858543,0.8626061594113708,0.9850832996889949,3.62913936316044e-05,1.3351814562569921,0.10591105723133035,0.17249191327897914,4083.099629577764
0.8245070846751332,0.8712162189185619,0.9780956776812673,0.91465715598315,0.00015028774267349663,1.3351769402176437,0.11683498764851745,0.15147116284462644,4083.078447280136
0.9352913806214929,0.9029596345499158,0.8673158539459109,0.882341974414885,0.00017028484526569133,1.3349385970829928,0.12002603650532709,0.18009928391782073,4081.960626728935
0.7461629416793585,0.9331796104088426,0.8995407111942768,0.9908659867942333,1.706440205154252e-06,1.3345194357917376,0.08669014841432837,0.11269708567647743,4079.9953381177083
0.6628144001588225,0.9754265109077096,0.9196693757548928,0.9586235545575619,7.843644465315297e-06,1.3343539282584422,0.0842039132546636,0.12165826386562409,4079.2195333747245
0.716152579523623,0.961847934871912,0.9835056783631444,0.8309058761224151,0.00017571705583702162,1.3340446365987362,0.10996668124244245,0.14393520114395142,4077.77005031032
0.8534440491348505,0.8469592798501253,0.9546920079737902,0.979648532345891,4.275170954653353e-05,1.3333226848350395,0.12141043918618197,0.16715390551470255,4074.3881698041014
0.9501629080623388,0.8643944468349218,0.9529932579025626,0.8281663283705711,0.0002627297630852235,1.3327316128593396,0.13660171546931912,0.1789726065913638,4071.6209582057677
0.814165860414505,0.9281805250793695,0.9050051560625434,0.8985247453674674,2.604838827030111e-06,1.3318959006121447,0.09887359637728739,0.10080082499344556,4067.7108456507917
0.8116294294595718,0.9289009822532535,0.8684546304866672,0.9696569601073861,2.9869527161023084e-06,1.3316335010607936,0.09422365200602614,0.15517108677244226,4066.483722424614
0.8910061484202743,0.8484623050317168,0.9444610821083188,0.9382169200107455,7.254205398353507e-05,1.3287095529013047,0.12315307410581855,0.16498628767721196,4052.828672035031
0.9634113553911448,0.9610202144831419,0.9259959468618035,0.6706980420276523,0.0008358479223865151,1.3285479668378308,0.16114070860302426,0.22268901329030957,4052.075064775671
0.9531763922423124,0.8499870300292969,0.9785268856212497,0.8272393066436052,0.0005549959006306364,1.3283692997007117,0.14437511340746367,0.20381195993522727,4051.241917741164
0.8546462403610349,0.9801240107044578,0.9807758666574955,0.6753967395052314,0.0006992610565737503,1.3280324244298591,0.15150902390155052,0.2141570478095037,4049.6713783193823
0.9533294774591923,0.92957369890064,0.7646189983934164,0.9872624697163701,0.00035039988366325064,1.3265124820209622,0.1335424744499807,0.2906636310170955,4042.5909974099477
0.8407494407147169,0.9749643160030246,0.8281419770792127,0.9055448044091463,8.975369789629297e-05,1.3262774479246917,0.1154472886598697,0.22955536826571596,4041.4969671015488
0.9500098787248135,0.9107779795303941,0.7921440172940493,0.9823376154527068,0.00027748295556453213,1.3250720418983004,0.1263008140439269,0.26668006311412806,4035.889583317893
0.9512421302497387,0.8945452151820064,0.8373433304950595,0.931222340092063,0.0002140843599734313,1.324642472517405,0.12187498611136607,0.22021249474221827,4033.89270307346
0.8592959493398666,0.9985262043774128,0.7587936967611313,0.974113492295146,0.0005955115248479762,1.3244340368981573,0.14002039734044922,0.29466086559674554,4032.9240452497365
0.28713923413306475,0.9966039331629872,0.9860478648915887,0.9951532753184438,3.077112878243719e-08,1.324389187180509,0.034310085605443776,0.12115372646219355,4032.7156391471403
0.9539298666641116,0.9493275070562959,0.9852663418278098,0.6331645883619785,0.001562765883495916,1.3234152712240843,0.16992655538262022,0.24534298930068862,4028.192080373693
0.8765941634774208,0.9218341344967484,0.9381153956055641,0.7857979228720069,6.43768606843295e-05,1.3230178556043612,0.12635948130170083,0.14588348324067613,4026.3472973237276
0.9097708249464631,0.9367711627855897,0.7965447064489126,0.9500811118632555,0.00012438881548637595,1.3222083726436222,0.12161913930015973,0.26330022119275653,4022.591685166901
0.7307583885267377,0.9710595598444343,0.8918162826448679,0.9288084208965302,1.1027778985507404e-05,1.3211933848182316,0.09060764498438426,0.13043866663682732,4017.886353393803
0.5929795447736979,0.9700172431766987,0.9326468911021948,0.9982394324615598,4.342867895001644e-06,1.3211120832859387,0.08788394842194096,0.14220260875094562,4017.509630769655
0.8890239745378494,0.9995096884667873,0.9679756378754973,0.6319166384637356,0.0007815041926771956,1.3197282110334438,0.1682848569620532,0.235899417061185,4011.1013258070566
0.6267221122980118,0.9464043127372861,0.9764466946944594,0.9398566372692585,2.910189944236722e-05,1.3185485040556797,0.09472289697395228,0.1458891371759087,4005.644515929966
0.7423949502408504,0.9587011374533176,0.8773246789351106,0.9637756682932377,3.300702923871051e-06,1.3182569295270503,0.0893113032071826,0.1498744873995555,4004.2966788295535
0.8830657200887799,0.9629140319302678,0.8205108437687159,0.8804155252873898,0.00011699300703430185,1.3181488761842832,0.12521307699869905,0.2440880956311054,4003.797276172446
0.9632225772365928,0.8617331450805068,0.9207270639017224,0.8530308278277516,0.00023207904712458944,1.3181027508940608,0.13543113999186226,0.1706432777229676,4003.5841078098447
0.9591822903603315,0.7918349290266633,0.9593647606670856,0.9967120150104165,0.00047007926573868863,1.3178799875501659,0.15655774662672167,0.23226658144442863,4002.554725300008
0.6002713134512305,0.9993573445826769,0.987934922799468,0.8526592664420605,0.00010814980509472672,1.3178268648799392,0.11069662399212907,0.16023841481161108,4002.3092764191306
0.6495277006179094,0.926240099593997,0.9623964559286833,0.9855701979249716,1.512146145933236e-06,1.3177844445306113,0.09390456344119233,0.1351183662060108,4002.113284832767
0.4682961255311966,0.9952382370829582,0.9756338354200125,0.9537139870226383,9.603059293804075e-07,1.3174889567735846,0.08321670891605075,0.1643920790686884,4000.748264497749
0.8851041039451957,0.9927570158615708,0.8584706708788872,0.7758329575881362,0.0004562152303440657,1.3172979484762875,0.14538788779426617,0.21929840206921827,3999.8660780957202
0.6056524999439716,0.9935784293338656,0.9707128582522273,0.8789495313540101,1.92145863375096e-05,1.3172370960406323,0.10182918431346014,0.1477482465210954,3999.5850571295546
0.630764776840806,0.9133018478751183,0.9967115167528391,0.9825605116784573,0.00014763293447410283,1.316791743850643,0.10607548202118584,0.16266398857130054,3997.5288391457116
0.8208652650937438,0.9547944664955139,0.8157858308404684,0.9870250131934881,1.2311311130821312e-05,1.3165413388401184,0.10704338254639095,0.2384950942789647,3996.3730523275544
0.8778069000691175,0.9650772400200367,0.8374796798452735,0.8521709376946092,0.00011699070462495263,1.3156989466706792,0.12643582776907591,0.22630999000752172,3992.486687360166
0.9249434368684888,0.9037488782778382,0.9625318059697747,0.7421519523486495,0.00024278551265397304,1.3150000446748864,0.14425571372735072,0.18639901836902228,3989.264462882347
0.7631572354584932,0.9983307244256139,0.9046532167121768,0.821395754814148,7.362997009240595e-05,1.3145300342928123,0.1174775127711076,0.13196593608928092,3987.0986184495396
0.5718632070347667,0.9746315227821469,0.9629275314509869,0.9450388848781586,3.655034072286326e-06,1.3138593306682578,0.0899953689412295,0.1510067661729986,3984.00948903948
0.7234367169439793,0.9442942310124636,0.9138141246512532,0.9433175008744001,6.978333818034168e-07,1.313817307559121,0.08776075430427387,0.10096183574978955,3983.815998513973
0.7123540742322803,0.9284973973408341,0.9886332899332047,0.8736169030889869,0.00020177342329827548,1.3137328358500946,0.10834877736297545,0.13764083683936135,3983.4270796238575
0.9310248801484704,0.9694439079612494,0.802824673242867,0.8440354866907,0.0005313531350841554,1.313600986485015,0.14408079637079182,0.27319318901273504,3982.820084562406
0.8392975702881813,0.9780345456674695,0.8818642236292362,0.8015064056962729,9.891979880346095e-05,1.3125642130231174,0.12696293955974564,0.17341730449887524,3978.04950142513
0.9837315632030368,0.9916932117193937,0.7961946744471788,0.7792328419163823,0.0020306799014314972,1.3125244677518118,0.17241495605822618,0.2919976777004263,3977.866703677004
0.7196382712572813,0.9148702463135123,0.934565395116806,0.9782431926578283,7.733579515367449e-07,1.312270665621391,0.09209869610916549,0.09878666611163478,3976.6995568099164
0.7957807676866651,0.9195213261991739,0.900600622408092,0.9307752791792154,1.3595800534687388e-06,1.3122200841225848,0.09679043487956321,0.10019900366640852,3976.4669808756043
0.9492519106715918,0.9282865589484572,0.8733581090345979,0.7875138642266393,0.0003362827235178667,1.311969102834808,0.13873731689328878,0.19833030002943033,3975.3131084553256
0.5472548445686698,0.9948052205145359,0.9370476920157671,0.967992827296257,4.017646376696783e-06,1.311383670002508,0.08956232394117088,0.14815653712678994,3972.6225869411364
0.9797819210216403,0.8211437724530697,0.9540682751685381,0.8869690094143152,0.0003549349682029496,1.3112714246049102,0.1476890140382433,0.21453416073344792,3972.1068871724433
0.8779277009889483,0.9276796393096447,0.9872588934376836,0.7126016113907099,0.0006304202666249957,1.3107893516152105,0.14727282659168117,0.19856189759566995,3969.8926220487833
0.9706373158842325,0.9056542608886957,0.7867823634296656,0.9655398726463318,0.00034258605591910873,1.3106421198005123,0.1328688867102468,0.27087945845647143,3969.2165385332173
0.9779426259920001,0.9333941107615829,0.7687260629609227,0.9202688913792372,0.0004639849082881893,1.31014780429255,0.1418756130843063,0.2894248581540896,3966.9472877204153
0.8284239219501615,0.9187769098207355,0.872812463901937,0.9393547810614109,3.7874172974278434e-06,1.310104225369013,0.10137494862984832,0.1452659316830806,3966.7472767573727
0.8816049080342054,0.8472697790712118,0.9122874131426215,0.9933541398495436,5.79425068881436e-05,1.3095327694436298,0.12372414968119372,0.16037904613611917,3964.1252046964046
0.8705508168786764,0.9242386901751161,0.9729384277015924,0.7364776013419032,0.0001869005567434227,1.30907817751173,0.1397463266801336,0.18300029716310948,3962.0402766796046
0.8227929593995214,0.9874527044594288,0.8481304235756397,0.8567466558888555,0.00013684452137316345,1.3087948584833677,0.12255746004008762,0.20450184400294574,3960.7412842161266
0.6948985243216157,0.8819417608901858,0.9908556547015905,0.9984750133007765,0.0001990631129653399,1.3087185486642603,0.1138828081012783,0.16450342462440334,3960.391464856988
0.8670143457129598,0.9930627578869462,0.9468346685171127,0.6684806989505887,0.00033212775678752277,1.3084797563592152,0.1565553024597504,0.21021608800758923,3959.296942516159
0.9184579085558653,0.89473114348948,0.9513429552316666,0.771452434360981,0.0001624123905092138,1.30736390592375,0.13893027202364838,0.17140175662130558,3954.1853501999917
0.977848649956286,0.8537998273968697,0.9920285791158676,0.7692634323611856,0.0011414541262474993,1.3070966902817285,0.15980598984555672,0.2196722388332992,3952.9619946554344
0.9584746416658163,0.9516307273879647,0.7268939660862088,0.9814194403588772,0.0004974668198754273,1.3070573290996566,0.14968188235261382,0.3156145590898304,3952.7818167805976
0.6745810192078352,0.9543403778225183,0.9364199656993151,0.929996095597744,1.608365014656306e-06,1.3069116672756984,0.08929938829332375,0.11188842584414223,3952.115095406765
0.7652744967490435,0.9520691996440291,0.9805074203759432,0.7786875972524285,0.0001842856453860417,1.3060277182431403,0.12399204309987454,0.16054696318237416,3948.0708935316493
0.824907866306603,0.9370843740180135,0.8360482705757022,0.9677553158253431,4.706844473284122e-06,1.3055312218982018,0.10366672652440362,0.20682457194287532,3945.800700076948
0.9899132484570146,0.868203429505229,0.9551155902445316,0.7623474104329944,0.0005338857726601244,1.305378528793604,0.15503614455704912,0.20176337001352912,3945.1027175462145
0.9717229008674622,0.8733050366863608,0.9248341303318739,0.8019368778914213,0.0003017815082569839,1.304985576956376,0.14332171742061375,0.17568113277168076,3943.3069000818746
0.8579700849950314,0.9210460605099797,0.9287917809560895,0.8034099666401744,3.428592568557516e-05,1.3049758902664002,0.12307987809665233,0.1328595283273606,3943.262638920148
0.9763799700886011,0.956871303729713,0.7751884805038571,0.8584127007052302,0.0007315645137116267,1.3048475608280108,0.1526965035902674,0.29377463507972496,3942.676301193706
0.9223433043807745,0.8822811804711819,0.980420533567667,0.7606607545167208,0.0004959589734056941,1.3037334225482302,0.14710223666893651,0.19432792853620764,3937.5885267044173
0.9817410716786981,0.9589119795709848,0.7582272440195084,0.8770424034446478,0.0008082511565456084,1.3036997111895652,0.1556324229890783,0.30350521551788645,3937.4346581234713
0.9853027760982513,0.9982693614438176,0.8054218469187617,0.7499321717768908,0.0022678946165096718,1.3030621911744245,0.17918497094906194,0.28902371062067655,3934.5256710614794
0.9097979692742229,0.8581613656133413,0.9485619319602847,0.8603560449555516,0.0001039019284782127,1.30252609161918,0.13083410601521148,0.16895894156785135,3932.080700695529
0.8871083846315742,0.9259054213762283,0.831495932303369,0.9157951660454273,5.5336671007907e-05,1.3022443719715449,0.11672320004374746,0.21796942686129395,3930.796324829553
0.7163726193830371,0.9481070283800364,0.9320460464805365,0.8997616292908788,9.346209676598943e-07,1.3018606849981054,0.09412504212709637,0.10010832667818584,3929.0475758986586
0.6818930050358176,0.989833421073854,0.8831874476745725,0.9479844328016043,3.229882985467331e-05,1.301518519157829,0.09562510488801665,0.15230270721479758,3927.4885577931173
0.931765547953546,0.8940338445827365,0.9210309479385614,0.7934479238465428,0.00016425414767177814,1.3005245178271858,0.1366302157472985,0.15948686938809004,3922.96217411055
0.8673675106838346,0.9144871197640896,0.9590886374935508,0.7648740764707327,6.152776877105264e-05,1.3002325492534994,0.1337260669044918,0.1640413337696504,3921.6333735316716
0.8643172206357121,0.945572423748672,0.9334423178806901,0.743154589086771,7.34606784614881e-05,1.2999787842832284,0.13532296403468075,0.1685923775771228,3920.4787158574213
0.660544759593904,0.9594398690387607,0.9686680659651756,0.8768114121630788,1.3638204555473267e-05,1.2995236533414438,0.1016034361353701,0.13800585445611283,3918.4084539439687
0.7088029235601425,0.99636394623667,0.9625042472034693,0.7814501309767365,3.8605919323509294e-05,1.2991369504276973,0.12333876556529522,0.15229899902851232,3916.650089589613
0.9211187530308962,0.9900441402569413,0.7523787878453732,0.8928338773548603,0.000990091179990737,1.2988687510443688,0.15686855368238892,0.3040243109818888,3915.4309128032396
0.8975149588659406,0.9827706385403872,0.7210303628817201,0.9967550616711378,0.0006885146193350275,1.298859674622644,0.15358640442597807,0.3168221942839581,3915.3896582671505
0.9454839788377285,0.961633438244462,0.8487005718052387,0.7599166678264737,0.0005648663998949494,1.2974416014168455,0.15202451961041302,0.24196431567700763,3908.9481317553505
0.66482138261199,0.9032963318750262,0.9864977914839983,0.9682455463334918,0.00011085588172055865,1.2972046667651869,0.10575027318520033,0.1529674353389784,3907.872634723224
0.7069662511348724,0.9228022396564484,0.9745939122512937,0.8940495196729898,4.388261210098937e-05,1.2970850959680522,0.10394091380870561,0.12897301517086485,3907.3299606105033
0.896472442895174,0.986150586977601,0.8677969956770539,0.7426261082291603,0.00045166846359450123,1.2966690029837735,0.15220632769251155,0.22063544254032944,3905.441950862317
0.9117600852623582,0.9882400929927826,0.7693183207884431,0.8743584314361215,0.0007726322660633806,1.296482264142472,0.1530707661301594,0.29341515957394143,3904.594848672249
0.9612345593050122,0.8290758905932307,0.8847122555598617,0.9906948860734701,0.00021424456312899593,1.2964790117353053,0.14000746470504719,0.20544921694325333,3904.58009600526
0.7606379725039005,0.9859256772324443,0.8216493222862482,0.9715681560337543,0.00010563481853949325,1.2947355359427535,0.11012690822189543,0.23160310391086694,3896.6777663099333
0.9217477859929204,0.8888570358976722,0.9965761499479413,0.7274614842608571,0.0009939224306004045,1.2945374265601233,0.15605158394140772,0.20566583640763042,3895.7805824869033
0.6554081905633211,0.9929716354236007,0.9737517843022943,0.8149893479421735,5.4199807422642595e-05,1.293921381909698,0.11695328732285314,0.15518737733748333,3892.991659666608
0.9385067960247397,0.9937168154865503,0.7451774384826422,0.8760098740458488,0.0014533393713315318,1.292948324363245,0.16550914866819125,0.30958356578745805,3888.5894974959206
0.949403103441,0.8506542816758156,0.9010436125099659,0.9018905777484179,0.0001510730660935233,1.292342536305393,0.13292208336465733,0.17617897914549577,3885.8507411770665
0.9096586909145117,0.9421323677524924,0.9548055371269584,0.6780193252488971,0.0002387162800030455,1.2918623514525263,0.1552653327993169,0.21362713099196995,3883.6808477877594
0.9006103035062551,0.860208049416542,0.8788497252389789,0.9747803844511509,7.179443753900333e-05,1.2916835842568395,0.12199183664350985,0.17370270963069565,3882.873250671348
0.8986629573628306,0.9785335240885615,0.9797868635505438,0.6143683521077037,0.0010358449469567938,1.2912748045080762,0.17317197792461994,0.25123744044254614,3881.027017108534
0.9453593278303742,0.9233207125216722,0.9516238030046225,0.6826662328094244,0.00037972985339990113,1.2903580658350595,0.158886698540927,0.21234686864825122,3876.888969689427
0.979811254888773,0.9849407775327563,0.9056788505986333,0.6255260314792395,0.0017184111597851686,1.2900653182957356,0.18351857002540117,0.24997149280736686,3875.5682292467154
0.8139166925102472,0.9104263670742512,0.9490354098379612,0.8316240208223462,7.341869626339939e-06,1.2899190664447695,0.11691895026815473,0.1221422073693951,3874.908533487168
0.9697935525327921,0.8406401528045535,0.8946786932647228,0.9168343739584088,0.00019877488954353072,1.2899144743703577,0.13773588264028608,0.19139699733877308,3874.887821436626
0.9421049179509282,0.8161376165226102,0.918142425827682,0.977927204221487,0.00016507231355663394,1.2895052703901912,0.14194178574164262,0.1989696160811767,3873.0424795469103
0.8541716244071722,0.9384769946336746,0.9182944968342781,0.7763539953157306,4.1882548416083464e-05,1.2893348571493382,0.12907486962372852,0.14993160948359244,3872.2741771162414
0.948188703507185,0.9766511470079422,0.7727300198748708,0.8421484269201756,0.0009186364526398838,1.2891900039143582,0.15899526714281845,0.29655841449952935,3871.621199541425
0.9972723042592406,0.9745467640459538,0.9170626513659954,0.61181724909693,0.0018607296029575877,1.2891087328445443,0.1859662853552722,0.25456945824998556,3871.254876809439
0.90578493475914,0.8867980586364865,0.8976196842268109,0.8591862060129642,7.644054673648693e-05,1.288687902691576,0.12541134586635747,0.14609905895451872,3869.358428092032
0.744311248883605,0.9913584142923355,0.9113787366077304,0.8174450984224677,4.323729016136229e-05,1.2886736754973518,0.11754065757156427,0.1295966386232217,3869.294325974298
0.5225532427430153,0.9583977907896042,0.9900704212486744,0.94623252004385,1.6593672967883265e-05,1.2885933897616872,0.09523775336814905,0.17279899544014132,3868.9326048403636
0.97820317838341,0.9159910911694169,0.8187054302543402,0.8494609333574772,0.00041680139084724786,1.2874049287424085,0.14245944835072571,0.2480312318030739,3863.58100185035
0.9380310103297234,0.8963108500465751,0.9931061575189233,0.6971447542309761,0.0010485475850763202,1.2872131196382215,0.1626864768745887,0.21636659825449825,3862.717803058846
0.8743199286982417,0.847658964805305,0.9224421605467796,0.9556989734992385,3.743564922027972e-05,1.287206129460188,0.12314842908704686,0.1560925659138347,3862.686347834531
0.9733202420175076,0.9063660930842161,0.875969247892499,0.7843817370012403,0.0003755231897447245,1.2864243163162126,0.14599708060511468,0.19653798646873444,3859.169443897423
0.835769253782928,0.9092376576736569,0.9167540948837996,0.853633925318718,1.0441700527677864e-05,1.2863693683181197,0.11527696962896501,0.10944595109882432,3858.922354869877
0.7756435936316848,0.8553908057510853,0.9851528722792864,0.9582443656399846,0.0002221952075260038,1.2863627414144947,0.12140028947853727,0.1746269712907672,3858.892555933304
0.7142696836963296,0.8948800088837743,0.9565328378230333,0.970143262296915,7.194215566395286e-07,1.2860966408962284,0.10153332078056905,0.12444133004008069,3857.6961322228867
0.8797658514231443,0.8911474319174886,0.8495674282312393,0.9640302453190088,3.921213387642825e-05,1.2856560683133909,0.11486340510970366,0.18972326535839398,3855.715859138764
0.6363260308280587,0.9659084398299456,0.9093638146296144,0.9736289484426379,3.2089701809292743e-06,1.2847853523171775,0.09054144690888172,0.1350847851854203,3851.804390487285
0.8993096258491278,0.8129699770361185,0.9859862942248583,0.9241614984348416,0.0004971305589620211,1.2844948701557468,0.14478291327619702,0.22183701363970482,3850.5001235273917
0.8337754989042878,0.8765730122104287,0.8885517828166485,0.9901402397081256,1.1027913973289119e-05,1.2844932512236098,0.11164489789800408,0.13812910901758996,3850.4928554211806
0.9178569838404655,0.8362870113924146,0.9146847790107131,0.9457331681624055,9.233351773519673e-05,1.2844452584351418,0.13158219014864728,0.17665089341970078,3850.277399037986
0.6843085782602429,0.9170574098825455,0.9701741496101022,0.924355729483068,1.4522628258589318e-05,1.2833410924822184,0.10132690559879894,0.1309924845498219,3845.3228606841276
0.8509986707940698,0.9637063974514604,0.8120407676324248,0.898019939661026,4.911261716606017e-05,1.2832105024739473,0.12453610606323634,0.24494933162622157,3844.737196222667
0.9467796366661787,0.9660362070426345,0.700719372369349,0.9881751593202353,0.0007321774978381294,1.2827248548242565,0.16173843411138228,0.32721996541125326,3842.5597597336514
0.9604819780215621,0.9550259346142411,0.8619267093017697,0.7267097029834986,0.0006285037103437946,1.2825081284183306,0.15901819030383577,0.23759822243395812,3841.5883436547824
0.9667857503518462,0.9793099127709866,0.7175914961844683,0.9043797869235277,0.0013709425674483479,1.2813787263881153,0.1690636323854896,0.32277733693602906,3836.5290310975834
0.8288018153980374,0.8587676826864481,0.9495179140940309,0.9292255202308297,1.1090418906731532e-05,1.280748428853683,0.11774083545153421,0.1479204524748876,3833.70765416685
0.6625938983634114,0.9891512235626578,0.9929640982300043,0.7794286068528891,0.00028312886574853087,1.2789561566974539,0.1288161875470551,0.17526951110006636,3825.693293373264
0.8560387846082449,0.8883890444412827,0.8908238476142287,0.9153186604380608,1.5122559598610048e-05,1.278786852706752,0.11382352807306535,0.12982387867076764,3824.9368658522358
0.9310549004003406,0.7980529898777604,0.9559824466705322,0.9664684869349003,0.00019790200416868972,1.2787430235651407,0.14877290122445408,0.22242926701089655,3824.7410609925814
0.74883714877069,0.8859338341280818,0.9799441369250417,0.9090505065396428,0.00011408592772807079,1.2781088343419862,0.11312294807605752,0.14395881532773636,3821.908669239559
0.9806144321337342,0.9397651189938188,0.7397546898573637,0.9222075780853629,0.0004966516760697333,1.2780240333374009,0.15365087237751077,0.3042847886883475,3821.530050760745
0.8040906796231866,0.8282880550250411,0.9983153585344553,0.9730285350233316,0.0005440787850941638,1.2777593508519631,0.13573374515754494,0.20702510058707907,3820.3484764034956
0.9202364925295115,0.9711415413767099,0.7495171446353197,0.9062624396756291,0.0004590108523440416,1.2776605845241902,0.15138136620537673,0.30206017160367143,3819.907640244697
0.9318235693499446,0.9585962602868676,0.7312937239184976,0.9511215472593904,0.0003367270656572009,1.2776256190229418,0.15040134270930364,0.30986127897522375,3819.7515832614135
0.8700646357610822,0.8992237653583288,0.9104466196149588,0.8391135698184371,3.304219145958938e-05,1.2772104287135924,0.12358228738575652,0.12851600694581103,3817.8988751479606
0.924435269087553,0.8499329024925828,0.8724314719438553,0.9721152149140835,0.00010862146756690848,1.2771418703582276,0.1291067365969006,0.19202060675487828,3817.5930097918013
0.8072382770478725,0.9008724698796868,0.8842092081904411,0.9579340796917677,2.6152346354755293e-06,1.276889665104367,0.10404717346477188,0.12471692091330293,3816.4679789552597
0.6101487092673779,0.9786846460774541,0.9451791113242507,0.9014525292441249,4.616463012755755e-06,1.2762028928393157,0.09768678428169045,0.13554139291617184,3813.4056728962883
0.7917686393484473,0.9411022728309035,0.8764318432658911,0.8958157170563936,1.2722633253358108e-06,1.276124450347512,0.10535049501813949,0.14229983174522318,3813.056013613172
0.7200163975358009,0.9802038744091988,0.8355595450848341,0.9862840035930276,4.757342881853148e-05,1.2751546770660283,0.10632705480299626,0.21500722653037604,3808.735163392556
0.76562684122473,0.9450035728514194,0.995632323436439,0.7493945192545652,0.0004960154866882419,1.2750739855127524,0.13654587345290914,0.17950374017593043,3808.3758015434805
0.6738378889858723,0.94047786667943,0.9800519281998277,0.8631096500903368,7.536012140155181e-05,1.274643413071674,0.10945688753643674,0.14603165938448157,3806.458655540207
0.9579725125804543,0.9084250517189503,0.9801406431943178,0.6602243892848492,0.0009008646885388164,1.274451545933932,0.17035243018275711,0.23076040350113222,3805.6045845283547
0.4227163838222623,0.9697177484631538,0.9721762109547853,0.985907063819468,1.9241891013003127e-07,1.27418884966932,0.07688932142886251,0.16412556296673078,3804.4354543022314
0.9965820107609034,0.901976733468473,0.7476624548435211,0.9862487642094493,0.000516123720949462,1.2741788658252575,0.15103556687692465,0.29212876775967583,3804.3910263643106
0.8361141486093402,0.9878122210502625,0.9270850131288171,0.6969072995707393,0.000161867181003819,1.2736693973174826,0.15027798827515837,0.1901384374103728,3802.1244033934267
0.9749286705628037,0.9936053715646267,0.8377032959833741,0.6937409108504653,0.0017563636614740818,1.2735573155758722,0.18240483452483855,0.27346719804360087,3801.62588471439
0.6872760383412242,0.9617668064311147,0.8674326296895742,0.9987679207697511,4.908283007369858e-06,1.2735155709356394,0.09740354403382824,0.17299969011829947,3801.440224547915
0.8872118592262268,0.9529958572238684,0.9193202834576368,0.7064765663817525,0.0001330794106232357,1.2726312480925275,0.14941584555707715,0.19441181976009547,3797.5087361508686
0.8974662283435464,0.914782352745533,0.9078949559479952,0.7784501556307077,8.844178012425314e-05,1.2725712129854774,0.1364489045206832,0.15880916211200158,3797.241942070654
0.6194743579253554,0.9805578179657459,0.9594524372369051,0.8652439918369055,6.648589095953731e-06,1.272354461575749,0.10529947782633274,0.14506628542542382,3796.2788196924826
0.08930880669504404,0.9949402837082744,0.997317111119628,0.9712188728153706,2.2672981099248218e-07,1.2717611191209293,0.018697358686675606,0.06831088524951208,3793.643248973917
0.34809724800288677,0.9654792826622725,0.9958101036027074,0.9798473408445716,7.600082585442882e-08,1.2714448256131545,0.06662237739762122,0.15179889399780297,3792.2388491098727
0.924470903351903,0.9855432026088238,0.7132526841014624,0.9366389131173491,0.0009754054692921677,1.2713956826373365,0.1644017238212224,0.32044820226184584,3792.020679544578
0.8361438699066639,0.8240078305825591,0.9949065279215574,0.9427888235077262,0.0005231576136988741,1.2713693121289975,0.13784013674294926,0.21010139584362608,3791.9036118110857
0.9440523758530617,0.962307995185256,0.9419616293162107,0.6194670451804996,0.0006522605008784913,1.2699436163542512,0.1754494585953083,0.24704258631343934,3785.5783820169
0.8790222238749266,0.8312831334769726,0.9574961867183447,0.9192290892824531,5.845746903147441e-05,1.269523766814769,0.1324150336253487,0.1901169880009887,3783.7171483138636
0.8473476059734821,0.9522013384848833,0.9637075690552592,0.6889332542195916,9.761640379165054e-05,1.2694535351540694,0.1497080957903274,0.20398472361063336,3783.4058696798597
0.8052003439515829,0.930592437274754,0.9202239904552698,0.8233222113922238,5.73282505827142e-06,1.269200974844383,0.11742560500237716,0.11735436865425716,3782.2866337531755
0.9631932228803635,0.9474166184663773,0.9700244013220072,0.5989097068086267,0.00105681598242457,1.2691529264909638,0.182199079412696,0.26174487214368586,3782.0737319550094
0.6114191375672817,0.9634289210662246,0.9272852372378111,0.9525678027421236,2.0690991557720466e-06,1.2688087987365253,0.0920222074095062,0.13272647836756493,3780.5491603221726
0.9732714518904686,0.9755619652569294,0.690448441542685,0.9401689330115914,0.0013976388765044668,1.2682324413081685,0.1741277858427753,0.33294094121902396,3777.996756167054
0.8330647377297282,0.894219889305532,0.961513034068048,0.8109310129657388,1.813323323020856e-05,1.268088316810558,0.1279275587401136,0.14928907775152736,3777.3586956931604
0.8171877972781658,0.836457789875567,0.9678621832281351,0.9633461432531476,2.9249532671136387e-05,1.2672658453839727,0.12667199934102352,0.18521021072645616,3773.7189941020283
0.9332396127283573,0.9314886070787907,0.9835485573858023,0.6299825543537736,0.0009542153108158604,1.2657805989744828,0.17375527716010516,0.24432633065271864,3767.1527648326337
0.4754231860861182,0.9914178103208542,0.9949652375653386,0.8869190132245421,8.616826000247672e-06,1.2655378956811658,0.1004586296713493,0.1766602535330301,3766.080571260161
0.9288355205208063,0.9009795896708965,0.8530506920069456,0.8540668152272701,0.0001461031815208608,1.2654223203714325,0.1326449444648615,0.19855994465393692,3765.570070651628
0.9203102774918079,0.8643345674499869,0.8364301957190037,0.9965178426355124,0.00012460581142741318,1.2653414730010446,0.12938809346838898,0.22201649676799065,3765.212994592471
0.9824648471549153,0.8668377920985222,0.8648799303919077,0.8630488207563758,0.00026438574562592186,1.2652372497725495,0.14218179324375574,0.20358645268327757,3764.7527114225227
0.8233990175649524,0.9221797464415431,0.8897631261497736,0.8642655108124018,5.7475076558637e-06,1.2650981531354386,0.11432881603323394,0.12673966269055978,3764.1384798148692
0.9355915719643235,0.9333378933370113,0.7417911104857922,0.9704565713182092,0.00022388993378855411,1.2650031312570627,0.1445207233134084,0.2961448623454101,3763.7189181463787
0.9652778208255768,0.8814175659790635,0.9660009043291211,0.7099507916718721,0.000476629028879721,1.2649124077618972,0.16350093060750331,0.2145201727454806,3763.3183673647554
0.7815887220203876,0.9429141264408827,0.8914218274876475,0.8674485301598907,1.4947677099279652e-06,1.2640692934813145,0.10912156289971149,0.12541358779585274,3759.5974379955946
0.9488306380808353,0.9996793447062373,0.7291581658646464,0.8555770190432668,0.001898208560160481,1.2640241866684083,0.17889727049961568,0.3159981800768532,3759.3984427338733
0.841981453821063,0.9599470058456063,0.7835206054151058,0.9484732626006007,3.699078491203544e-05,1.2636682178331387,0.12663722949398948,0.2659541067384409,3757.8283028074
0.8617755807936192,0.9339843345806003,0.8933513769879937,0.7906956309452653,4.2504497706761124e-05,1.2630745220413244,0.1313535087562195,0.15935039754156027,3755.2106343134683
0.8512415988370776,0.9461970692500472,0.8544379286468029,0.8399102035909891,2.8815627692240068e-05,1.2629900608932787,0.1256589116626508,0.1938287800833893,3754.8383436095028
0.9800585340708494,0.9713379638269544,0.9473728742450476,0.5732804052531719,0.00158677399243317,1.2629496957706803,0.19222897717617293,0.27268003417377673,3754.6604303171584
0.9939857041463256,0.9003715878352523,0.9737719092518091,0.6458064569160342,0.0010672943227714022,1.2629132566143872,0.1793292653151534,0.23872350136657708,3754.499826365821
0.7731836978346109,0.9079570639878511,0.8827043771743774,0.9743165755644441,1.4205411124492039e-06,1.2629090067112367,0.10140046811734313,0.12497872378250433,3754.4810954324216
0.781241656281054,0.8976029464974999,0.972730066627264,0.8406842472031713,4.905448530826575e-05,1.2626925051713933,0.1209594515234698,0.14256996488155638,3753.52698082919
0.7874996997416019,0.8840275024995208,0.9186464361846447,0.9491640962660313,1.6010533794190488e-06,1.2626911453697902,0.10693936652637676,0.10361856937165446,3753.520988787814
0.8956135613843799,0.8849482201039791,0.8814016282558441,0.8777860412374139,5.5929215461474847e-05,1.262678782955641,0.12505852446564011,0.15592442776088436,3753.466513440826
0.8346828212961555,0.98664915189147,0.7703459812328219,0.9314578892663121,0.00025701198144112176,1.2623384902583294,0.13771672455013997,0.2773866278256165,3751.967228702058
0.6561451181769371,0.9794910782948136,0.9222771469503641,0.8838479658588767,8.779042256406014e-06,1.2621904644168584,0.10222235730248838,0.12271793384273287,3751.3151819829304
0.9331192830577493,0.9532040022313595,0.8166537471115589,0.8009696993976831,0.0003590621834061068,1.2619737505063748,0.15058896590228837,0.26088087771589763,3750.3607158760497
0.7209084611386061,0.8988758968189359,0.9518203223124146,0.9353147363290191,3.758902096689352e-07,1.261915167296052,0.10259909625211741,0.11529167919960008,3750.102729971123
0.7776038022711873,0.9910869169980288,0.7893679887056351,0.964267716743052,0.0001878971354383366,1.2616211533551471,0.12624229136265505,0.25950852081981074,3748.8081599806005
0.6815010067075491,0.9976813904941082,0.9836682928726077,0.7462292695418,0.00021629290783462508,1.260790980633211,0.13739023294096536,0.18167135396625567,3745.1545833103255
0.830491621978581,0.8435119539499283,0.935642808675766,0.9726460725069046,1.2375226231292584e-05,1.260482006656093,0.12236663027043512,0.15837650481317606,3743.795453072997
0.837967399507761,0.9305227808654308,0.8057381520047784,0.9760170532390475,9.984541243979693e-06,1.260435598115344,0.11709897512980877,0.2381269747117677,3743.5913397307795
0.765717213973403,0.8748883781954646,0.9258805923163891,0.9879502225667238,1.6857660256082435e-06,1.260312868729418,0.10864397121342453,0.11769151860890004,3743.0515920552225
0.9931980092078447,0.8003101479262114,0.9998137634247541,0.8301004143431783,0.0012766241719503614,1.260057656134351,0.17180985091636536,0.2502260353590406,3741.929381183902
0.8585685137659311,0.9807724449783564,0.8402993185445666,0.7958903349936008,0.00019998163036043373,1.2600179109499532,0.14381276923331363,0.2296641522388066,3741.7546371443364
0.7226993273943663,0.9577910117805004,0.9870938118547201,0.7641254104673862,0.0002450598282522316,1.259727051577923,0.13148629223587885,0.1751920207010756,3740.476022066084
0.9584547597914934,0.8834211928769946,0.9176487307995558,0.7631469592452049,0.00024321192067462306,1.2596095558805411,0.15085277333525368,0.1807226163556688,3739.9596018196926
0.9863348016515374,0.9703990565612912,0.6582434056326747,0.9953063912689686,0.0017816760630278271,1.259608303069187,0.18388464947280617,0.34514909487016987,3739.9540957077725
0.7689167205244303,0.966476128436625,0.9471040721982718,0.7524311495944858,2.2365472082104287e-05,1.2587686784153096,0.1305545513161821,0.16030997257359417,3736.265261130971
0.8808774538338184,0.8609945103526115,0.9876439608633518,0.7995078898966312,0.0004535977993166753,1.2586899252596142,0.1449537615230292,0.19645776268721166,3735.9193995791334
0.9852729132398963,0.8188168350607157,0.866567637771368,0.9874507170170546,0.0002516607305012158,1.2580863403910592,0.15014364918284082,0.22750153860920944,3733.269394969609
0.3216029182076454,0.9759815754368901,0.989472140558064,0.962900348007679,2.7632583001986096e-08,1.2578828777086652,0.058072878287401215,0.1379791986438885,3732.376410335495
0.7830633884295821,0.9835776397958398,0.9539376040920615,0.7042382387444377,7.3573843563796e-05,1.2565682092990833,0.14439369474846966,0.18655296382994602,3726.6101381843655
0.9135490441694856,0.9407516214996576,0.8453345894813538,0.7921614795923233,0.00019070740966493083,1.2554293781231598,0.1435290891336835,0.2257127480421841,3721.620313058834
0.9832335487008095,0.966658846475184,0.8586742710322142,0.6763021880760789,0.0010692085170502536,1.2552560821213938,0.17789063109713557,0.25987319378012597,3720.8614343822296
0.9990791901946068,0.9205948784947395,0.7884095124900341,0.8401609966531396,0.0005547978513712889,1.2549279915320242,0.15689733151493715,0.274493384792175,3719.425002397516
0.4181152852252126,0.988027123734355,0.9437167104333639,0.9829582078382373,9.819239610367218e-08,1.2543308530857602,0.0791122383311286,0.15550493529057796,3716.8116641217557
0.8534752624109387,0.9638860570266843,0.9043265702202916,0.7264423947781324,8.130459162837134e-05,1.2540766939808303,0.14564341343009662,0.18554416635297213,3715.699755178224
0.8655435871332884,0.955325311049819,0.8843188546597958,0.7557432213798165,7.523798819745774e-05,1.253849415523198,0.14176255576581337,0.1887929914138365,3714.70564842732
0.8473787410184741,0.8664566176012158,0.8957945220172405,0.9509268971160054,1.2525528016150171e-05,1.253224278545335,0.11759737435161025,0.13872934338518103,3711.972314238698
0.7523340480402112,0.958248121663928,0.8748506726697087,0.8906794879585505,2.858980096141907e-06,1.2528327817142229,0.10689544161413111,0.14921582849077125,3710.261281488041
0.9732319917529821,0.8609591135755181,0.8476741155609488,0.9051200691610575,0.0002120456767909059,1.2528005953649177,0.13953044672702217,0.21910931131279973,3710.1206366912083
0.9368898728862405,0.917969255708158,0.7602193225175142,0.9570277854800224,0.00019116423137755586,1.2525087352401045,0.1410013058341445,0.2806366974347319,3708.8454699668882
0.946837717667222,0.9022188456729054,0.8891129288822412,0.767987759783864,0.0002221788465346359,1.252345439179724,0.14807884381307804,0.18485696192751153,3708.1321506214463
0.8950168257579207,0.9643126772716641,0.8052754448726773,0.829182680696249,0.00021150812031400822,1.252317897055202,0.14643128324037571,0.26322772045402265,3708.0118492573897
0.9951867684721947,0.7666927818208933,0.9618463031947613,0.9511624332517385,0.0004783030076450323,1.252174089900571,0.17040235801820244,0.2488551022748784,3707.3837590516355
0.9705442935228348,0.8270377861335874,0.9387855147942901,0.8450517794117332,0.00022882417899411952,1.2520593976304308,0.15132521030109777,0.20686988329098324,3706.8828855847673
0.9386606821790338,0.8583606174215674,0.8399031013250351,0.9662049589678645,0.00013609634715963166,1.2514453303699975,0.13304104641219291,0.22233975544773127,3704.202017145783
0.5308810407295823,0.9861384304240346,0.9407489178702235,0.9317537304013968,1.5032273877024031e-06,1.251395502281955,0.09452317368141157,0.15044250234214762,3703.9845411040133
0.8041834216564894,0.9769555181264877,0.9236884312704206,0.727210646495223,6.43892762609548e-05,1.2512728569220641,0.14115099694502592,0.1717187833530793,3703.4492912784067
0.9043179033324122,0.9127863589674234,0.9601306254044175,0.6940049380064011,0.00015690728277243692,1.2510012542605176,0.15668917656948889,0.20496782559216797,3702.2641591168717
0.857913963496685,0.9782769000157714,0.7391960453242064,0.9601985281333327,0.00026176546924410544,1.2504990853368607,0.14599557966417753,0.29670905347036886,3700.073675426561
0.5662116724997759,0.9863772708922625,0.9051219839602709,0.9699077298864722,4.709449467192206e-06,1.2504956851519262,0.09681199049139678,0.15540262547423678,3700.0588468460796
0.7558532087132335,0.9637530744075775,0.9149008356034756,0.8085611443966627,8.317522927680253e-06,1.2501379156085708,0.11956857834768149,0.1314566365331373,3698.498813536215
0.9875900410115719,0.9060061853379011,0.9887840440496802,0.6175330262631178,0.0015307547188112768,1.248945453136287,0.18685988391457767,0.2513026015128246,3693.302567589206
0.8225629096850753,0.9698065314441919,0.7978900512680411,0.9128918563947082,6.04065135547515e-05,1.2488169513469098,0.12776739370703846,0.2524720110811648,3692.742924858722
0.98521722946316,0.9541667839512229,0.7034827116876841,0.9211813407018781,0.0006902826922442548,1.2487363174845338,0.16915414195146142,0.3216935762035174,3692.39178458274
0.38428021408617496,0.9812781810760498,0.9983770484104753,0.9191876370459795,2.1156092437810634e-07,1.2479421073054622,0.08206108720779297,0.16487714436623455,3688.9344805576557
0.8866760851815343,0.9971761144697666,0.6948635252192616,0.9723524488508701,0.000876607552470296,1.2476615326886797,0.1694201023956113,0.3209445574067862,3687.7136577345227
0.879645879380405,0.99342489708215,0.9517315942794085,0.6035232180729508,0.0004134951416784302,1.247416498565225,0.1785938989332647,0.2472873498726196,3686.647714479786
0.4827351700514555,0.9566584499552846,0.9495792482048273,0.9988744938746095,4.416237133008085e-07,1.2473190796485523,0.08930042938253116,0.16219671862509707,3686.2239858733983
0.6708696894347668,0.9534165877848864,0.9514665426686406,0.8562546297907829,1.6728071136953374e-06,1.2469549952438042,0.10763192893551077,0.13205217853683088,3684.640691621127
0.9951569205150008,0.9153835894539952,0.8979005245491862,0.6886824611574411,0.0005857746411881087,1.2468763882437957,0.16981524839424722,0.21623868948953714,3684.2989173909873
0.7565638115629554,0.8678407687693834,0.9580857660621405,0.9473992204293609,1.5304301831835856e-06,1.2468553481747526,0.11261806153214464,0.14446931331678342,3684.2074414436233
0.8704265533015132,0.9645050028339028,0.8273249194025993,0.8154770731925964,0.00011481077177194952,1.2463617565582998,0.14166788679203385,0.23965897145532525,3682.0619200938227
0.9652466466650367,0.8114010524004698,0.8932584468275309,0.9630934130400419,0.0001680396104494761,1.2460253332395501,0.14842295461531177,0.20996772956720705,3680.6000847906416
0.923090054653585,0.9373901160433888,0.9985385118052363,0.6016197167336941,0.0014822394750652176,1.2459523217421418,0.18293314554021886,0.25753436600583113,3680.282888362938
0.5187852401286364,0.9328635456040502,0.9829914653673768,0.9733762294054031,5.183199942844599e-06,1.2452765582527996,0.09761990748232584,0.1754738393873225,3677.3479834867503
0.7457854645326734,0.9663203498348594,0.9738981937989593,0.7309261960908771,9.477289562529155e-05,1.2450559854752026,0.13842955741188256,0.18366972690270086,3676.3903785945595
0.9371637953445315,0.9357379982247949,0.8427761280909181,0.7739141900092363,0.0002907890500170434,1.2447704817085035,0.15097272354939248,0.23455711126944537,3675.151144881282
0.7888391334563494,0.9476001113653183,0.8201445806771517,0.9567769495770335,2.698642881146957e-06,1.2435909225642139,0.11234042583908284,0.22168681124066777,3670.034423802249
0.6923115840181708,0.9890890326350927,0.8589774677529931,0.9241006597876549,4.37515008835467e-05,1.2432466977072782,0.10929030091636345,0.1801391580945829,3668.542199459361
0.7899160133674741,0.9698609290644526,0.91243851557374,0.7604099297896028,2.9952867837739257e-05,1.2428249025777738,0.13360611316994192,0.1566339222524715,3666.7142984655507
0.9870837135240436,0.9878022922202945,0.7416871264576912,0.7975558172911406,0.00183268137723893,1.2424023083315456,0.18760672173293583,0.31563784042507187,3664.883588605417
0.9705125531181693,0.9909030068665743,0.8894576653838158,0.6070451615378261,0.00158427913763919,1.2422894522052126,0.19350049258192192,0.2631245869267518,3664.394798176939
0.9117300091311336,0.7836460610851645,0.9914038963615894,0.9401433151215315,0.0006696690449543014,1.242118866342318,0.15746808744048096,0.24285553515818636,3663.656063452041
0.9216573406010866,0.803211934864521,0.9256723765283823,0.9727929541841149,0.00010617714060558707,1.2420943763559769,0.14572348969994064,0.20414330162766275,3663.5500165026215
0.976473867893219,0.7522858493030071,0.9972599968314171,0.9559345506131649,0.0012735907994868617,1.2420004139946905,0.17872429372875767,0.26264390175176205,3663.1431594977475
0.5635450948029757,0.9401156976819038,0.9810143513604999,0.9270813148468733,1.6492615014683218e-05,1.2419403660783457,0.10147533380791286,0.1664334641296275,3662.8831689710273
0.7729287892580032,0.9253435842692852,0.9556501461192966,0.795108306221664,3.462518522566121e-06,1.2418457800502187,0.12441084569959897,0.14181293171807638,3662.473664956812
0.9821270713582635,0.771843264810741,0.9315198864787817,0.9887379733845592,0.00030402978390877826,1.2416080582665687,0.16686300279688523,0.23164564910281618,3661.444608716907
0.907501214183867,0.8905091611668468,0.8417897364124656,0.8990235356613994,7.805534250580881e-05,1.2412365020890364,0.12855107977029961,0.20290550191158818,3659.836621090778
0.7593785393983126,0.8773154746741056,0.9535347195342183,0.9207364488393068,1.0418384277327202e-06,1.2410161891161287,0.11147304991243581,0.13058395531798522,3658.8834089209386
0.9540492426604033,0.9119265237823129,0.8394091697409749,0.8061182415112853,0.0002753645974985602,1.2409048086785155,0.1476542553785736,0.22692435720890208,3658.401574845344
0.9717522254213691,0.9434131011366844,0.9966839412227273,0.5565435755997896,0.002217749191289698,1.240248807661333,0.19816107806145922,0.2813476050374384,3655.564621511575
0.9838245073333383,0.7880831668153405,0.9489405741915107,0.9062959272414446,0.0002750316560552728,1.2399390904126482,0.16061001296244765,0.23262111822593404,3654.225759710006
0.5033178040757775,0.9712470276281238,0.9751440649852157,0.9111352227628231,1.9647856316382663e-06,1.2397933555306238,0.09650741733674857,0.16950150061162447,3653.595890679111
0.20083819422870874,0.9752566423267126,0.9838412301614881,0.976683996617794,4.116457057308347e-12,1.2396773149128955,0.04252227443762008,0.07207980269308908,3653.0944163359845
0.9437960404902697,0.9485683366656303,0.892485816963017,0.67366957757622,0.0004046512348715073,1.2394359501159666,0.16757675264910366,0.22811897335974732,3652.051505913194
0.957847747951746,0.9491834454238415,0.8132868707180023,0.7707314481958747,0.0005062151329584931,1.2388469187654687,0.16176218773623485,0.26970777070417623,3649.507260049306
0.39597405679523945,0.9995913710445166,0.9643899323418736,0.9239597544074059,1.6654213743921962e-07,1.238837826774577,0.08121633133102266,0.15407134744715076,3649.467998278675
0.8009234638884664,0.9867092417553067,0.8784553557634354,0.7712016282603145,9.322982861130561e-05,1.2381528093333294,0.1397681462665005,0.18093573365698695,3646.5107679323482
0.8344145612791181,0.9691395182162523,0.8141013383865356,0.8616484617814422,6.279985094840626e-05,1.2380394997311945,0.13377713502490715,0.24106740429665635,3646.0217736826
0.9911701325327158,0.8467359347268939,0.9690990159288049,0.7360564153641462,0.0005858463632223936,1.238034068416821,0.17055459485078134,0.23049076859660345,3645.998335701846
0.883442023769021,0.9081746740266681,0.9278645245358348,0.7491570608690381,6.35071810834886e-05,1.2378425545538214,0.14383466575827675,0.16596827585422075,3645.1719565788717
0.9351718910038471,0.989676964469254,0.9563221717253327,0.5534053537994623,0.0011541732263083732,1.2374584485402589,0.1961566745500307,0.28003667963371465,3643.5149484815047
0.7362557156011462,0.861112623475492,0.982457896694541,0.9435145631432533,0.00013238697673855827,1.2373748310514998,0.11901353642444491,0.1719937243636279,3643.154299387845
0.7612318471074104,0.9070342425256968,0.9914949974045157,0.7980264509096742,0.0003117653659303987,1.2371829175945024,0.1319072475749365,0.164834953216151,3642.32665720995
0.8573669884353876,0.9657547175884247,0.7950445134192705,0.8696529911831021,8.746634307153981e-05,1.2361460479627813,0.1392657288452436,0.2603041938260789,3637.857393297832
0.8835346894338727,0.7751052938401699,0.9938931278884411,0.9882029378786683,0.0007304015610481335,1.235958185964654,0.15995565143432292,0.24545638125858688,3637.048062261878
0.9513659412041306,0.9978608293458819,0.9864167654886842,0.5085186110809445,0.0030743048664898078,1.2358683808257793,0.2114181342809217,0.3038717483657007,3636.66121677119
0.8454200755804777,0.9820507671684027,0.99801339302212,0.5923458579927683,0.0014040568167248849,1.2353260245164706,0.18148961241198155,0.2573182363686064,3634.325580767604
0.7924847956746817,0.9952691551297903,0.8945499071851373,0.7419011555612087,0.00010866329166838714,1.2351429653329122,0.14562474293255398,0.1751820316060232,3633.537484973487
0.8191766049712896,0.8692438201978803,0.9923947229981422,0.8179291617125273,0.00040324985427245865,1.235138816855324,0.13782303194747914,0.1818960306820458,3633.519626599108
0.8123968988656998,0.8637800309807062,0.9460479589179158,0.8970226682722569,5.078741018071312e-06,1.2351188958604107,0.11998095915696394,0.14174814482858686,3633.433871532625
0.6478422367945313,0.951506782323122,0.8817739756777883,0.9959868649020791,1.0467312636434461e-06,1.2350755503967594,0.0991526275245306,0.15651536757593573,3633.247284773898
0.9011484142392874,0.9252069005742669,0.7993080439046025,0.8909150520339608,9.55088055836155e-05,1.2348078672126708,0.13549447226617878,0.25009946114881315,3632.0951553884297
0.5359870903193951,0.9682185063138604,0.9937976989895105,0.868453724309802,3.551392115058689e-05,1.2344247310294023,0.1098595627461324,0.1797840677277068,3630.446560069116
0.1591685153543949,0.9973588939756155,0.9804485449567437,0.9463658453896642,1.2964632549726148e-09,1.234071942696632,0.04106983301736664,0.05984248873246269,3628.9290196917527
0.7100120484828949,0.9501019446179271,0.9177779583260417,0.8635855689644814,9.030717755994317e-07,1.2336675728580755,0.10761654332216714,0.11234865406848894,3627.1901538703896
0.5451827412471175,0.9622182175517082,0.9765687277540565,0.8948944313451648,7.556912832426913e-06,1.2334833411574586,0.10278244480350412,0.16817747071828654,3626.398119834351
0.6888816533610225,0.9625101201236248,0.9059667903929949,0.881126812659204,3.199893231014305e-06,1.232118313432431,0.10540252448046657,0.12158078741177838,3620.5335357049457
0.8910970315337181,0.9654501080513,0.8835365567356348,0.6996595924720168,0.00019128644191292873,1.2320436706824962,0.15990957513052365,0.21853294856618447,3620.213041842315
0.656500262208283,0.9299994762986898,0.9420578526332974,0.9195224242284894,9.922790275862805e-08,1.2318322538215873,0.09978993061630881,0.1190031301453617,3619.3053899184542
0.9999159937724471,0.9583082925528288,0.9621780263260007,0.5380688980221748,0.0018979823512504318,1.231802009495256,0.20391126383646044,0.29112756560399733,3619.175558625199
0.8744711214676499,0.9272522442042828,0.8324511991813779,0.8586501553654671,4.7382441161684374e-05,1.2316392302709906,0.13096377673121531,0.21526401253639174,3618.476845172675
0.9999453648924828,0.8564586276188493,0.8973091039806604,0.791213858872652,0.0003281434272897826,1.2309101567469833,0.15912842981171582,0.19910395262197475,3615.348546530949
0.6196925463154912,0.9981894884258509,0.8779789293184876,0.9350639097392559,2.8915843375608344e-05,1.230574657917369,0.10806971095110426,0.16670266335207812,3613.909638505183
0.9418371384963393,0.8296344233676791,0.9935144856572151,0.7840819116681814,0.0007722465228223647,1.2304313060665335,0.1633158206126157,0.23324966494414692,3613.294946312266
0.5917169842869043,0.955007104203105,0.946596204303205,0.9162971116602421,9.80496305586938e-07,1.22947166310544,0.0988113489965361,0.14150778671649017,3609.181912618301
0.7850387170910835,0.9105873228982091,0.8404071172699332,0.9999419255182147,3.0780718839123565e-06,1.2289347830792847,0.11129076943647043,0.18703265102101202,3606.8822927564083
0.9288035929203033,0.8233463494107127,0.8881707964465022,0.9604005990549922,9.376367918980457e-05,1.2286955583080437,0.14049140901144613,0.19685196734855964,3605.857955433014
0.9485991131514311,0.9820319833233953,0.6873709484934807,0.9136943882331252,0.0012187226809397466,1.2284721246688621,0.178734215505498,0.3289822913082941,3604.9014205853287
0.7036776449531317,0.9406564058735967,0.8718829918652773,0.9684714935719967,5.036643983726359e-07,1.228466769601705,0.10013622496686217,0.15183040493165095,3604.8784973813313
0.900396179407835,0.9075748315081,0.8506301250308752,0.8396602971479297,8.215411101581103e-05,1.2281304792039793,0.13505005524824015,0.1966500670640168,3603.4391607027933
0.4869722332805395,0.9383490784093738,0.9780312459915876,0.970481681637466,6.275005717061455e-07,1.2270523173869128,0.09365418545141965,0.17448301133381044,3598.827330789137
0.8971033608540893,0.9803070267662406,0.8230492286384106,0.7553060622885823,0.00041949965573380264,1.226999499115839,0.16295302577091267,0.26179168418202725,3598.601508524397
0.30760637391358614,0.9841515524312854,0.957431991584599,0.9727342491969466,6.487141926970979e-09,1.2261066109496441,0.05780398345389438,0.12478970909909676,3594.785522102936
0.5943111917003989,0.9256679816171527,0.9528978252783418,0.9635401358827949,9.471861522022225e-08,1.2257273684256822,0.09858932642318602,0.14519317273142812,3593.165599300161
0.621497712098062,0.9068703623488545,0.9786223145201802,0.9430819200351834,3.14989346849692e-05,1.2256193917214235,0.10656120498407697,0.15957090553297754,3592.704474646921
0.5936959534883499,0.987785467877984,0.9828551234677434,0.8024353375658393,5.684000273076549e-05,1.2255730642605451,0.12419102653816799,0.17996829303807246,3592.5066417172266
0.9833802217617631,0.9872459648177028,0.6326486235484481,0.9728264641016722,0.003050219358088492,1.2254198482115843,0.20021510415518673,0.35395052766230667,3591.85241558019
0.762674362398684,0.9579461384564638,0.9671347057446837,0.7192239947617054,3.41886424916691e-05,1.2253655374061498,0.14200859462243104,0.1865174470326342,3591.6205309493685
0.628045916557312,0.9938941737636924,0.8962056469172239,0.8965548174455762,1.826748308021611e-05,1.2249664232979738,0.10892215265344862,0.1435673075017132,3589.9168040552327
0.7982405377551913,0.9503109762445092,0.7879547849297523,0.9787270184606314,7.677609839792646e-06,1.2248429982202307,0.12297499319119373,0.25227152634039424,3589.390046389625
0.8526079151779413,0.9072050182148814,0.8438345231115818,0.9035954689607024,1.3794784783403892e-05,1.2239931125138028,0.12167931918205666,0.18730403993187644,3585.76435995984
0.9805358713492751,0.8332184962928295,0.8305741026997566,0.9806947745382786,0.00022278464929169036,1.2231508203098849,0.14959017332868416,0.24779934541227808,3582.1736234906152
0.786226199939847,0.9950828198343515,0.8022640002891421,0.8825946766883135,0.00018289733954533066,1.2227197743669596,0.13722387259435215,0.24538535745775625,3580.3370349366046
0.7431095149368048,0.9448546711355448,0.9600495863705873,0.7670131307095289,4.523075970423683e-06,1.2227117613624607,0.13011325716556837,0.16061487115138406,3580.3028996492994
0.9480640823021531,0.8768145814538002,0.9337203940376639,0.7338539874181151,0.00020690062711314759,1.2220109961303327,0.15891017739389604,0.1941782173504073,3577.318538443884
0.9591511199250817,0.8931713085621595,0.9003857327625155,0.7347809793427587,0.00025023042131775916,1.2218825882979218,0.15890979801325578,0.1923465678786211,3576.771876238013
0.8789298692718148,0.9799436880275607,0.9022402996197343,0.6577228931710124,0.00023929242853182992,1.2217295836362432,0.1691145365423812,0.2237415355771766,3576.1205765737927
0.8867019796743989,0.9335800092667341,0.879336154088378,0.7521936595439911,8.698903881960282e-05,1.2214316957053806,0.14685355652476242,0.19201804517385254,3574.8527879777016
0.9785755295306444,0.8596742125228047,0.942890097387135,0.73305419459939,0.00033491330208404717,1.2214090546162943,0.1661224916992468,0.21101000908716228,3574.7564421809298
0.20441625360399485,0.9901484847068787,0.9479201743379235,0.9912218768149614,7.681487238844166e-11,1.2212266855210168,0.056650600414894774,0.08682607917181577,3573.980464364014
0.600015033967793,0.9818332754075527,0.9129159124568105,0.9087996985763311,5.262581722364845e-06,1.2210705542566525,0.10283707652719071,0.1386402134964641,3573.3162225758465
0.8222201718017459,0.8759105438366532,0.9973501292988658,0.7826908333227038,0.0005154107331050636,1.2206328466005205,0.14492857984014512,0.18857909500253275,3571.4545120607368
0.9616200821474195,0.8938382286578417,0.8051715204492211,0.8750930605456233,0.00022922848732699372,1.220272357488526,0.1461599618599536,0.24896652293189475,3569.9217505293614
0.8058063983917236,0.9956210721284151,0.8175561316311359,0.8313903827220201,0.0001943541581124024,1.2194045189682148,0.1443100257977254,0.23786566413596605,3566.2336954053403
0.9673326956108212,0.968748371116817,0.7540269922465086,0.8004670739173889,0.0008665692141552406,1.2191922690668227,0.17707107167136138,0.30607184302225493,3565.3321054514868
0.6908604288473725,0.9951750263571739,0.9302552193403244,0.775139968842268,2.682189131824306e-05,1.2186954220640687,0.13125246310307814,0.14873751581761802,3563.2222388573387
0.8451618887484074,0.9996816590428352,0.9145560655742884,0.645553708076477,0.00024119499953779587,1.2184892708339274,0.17184034549817515,0.21745392208602912,3562.3470734812145
0.8745514685288072,0.865427223034203,0.9744986025616527,0.7745404513552785,0.0001697009170508656,1.2184453233238777,0.14817811730739558,0.19584861425253683,3562.160524494828
0.8933063065633178,0.8324665995314717,0.9272137396037579,0.8952650967985392,4.8122887363127576e-05,1.2179649790087304,0.13617169875252874,0.17780745884415863,3560.1220009051926
0.8770451135933399,0.9512293133884668,0.7625813223421574,0.9092888562008739,6.897544619016928e-05,1.2177730980235073,0.1432330965546121,0.27826800037979627,3559.3079106781083
0.6891398960724473,0.9489077795296907,0.9480117792263627,0.8259505452588201,1.1392397973032292e-06,1.217502584606763,0.11590036228367157,0.1365807634330493,3558.1604305561
0.9605995621532202,0.9988750768825412,0.6503970436751842,0.9301854344084859,0.002713854190266207,1.217139650783817,0.1975068046426688,0.34394370662946794,3556.6213249769976
0.6287600193172693,0.9800314763560891,0.938235123641789,0.8413756927475333,6.492463579501102e-06,1.216512184932865,0.1135750736509785,0.1409919424674539,3553.9615145963717
0.9159866590052843,0.8699072310701013,0.8901450829580426,0.8355334866791964,8.22798098871756e-05,1.2162336657040065,0.1393248498186607,0.16790041286138524,3552.781327747018
0.9030794762074947,0.7952789729461074,0.9793937494978309,0.904399705119431,0.0003128001780115417,1.2160985489781253,0.1515442662629567,0.23327803949948198,3552.2088885282283
0.9380622571334243,0.7945527359843254,0.9291298817843199,0.9425361044704914,0.00011576056802611603,1.215959822258187,0.15088026478814126,0.21229221553387018,3551.6212225828676
0.8472276041284204,0.9128467682749033,0.8610289553180337,0.8597296942025423,1.4813527045046615e-05,1.215837062271454,0.12558413712313665,0.16804220320167315,3551.101250974654
0.9276011725887656,0.9413743894547224,0.922572840936482,0.6403829883784056,0.0002623686217131536,1.2155443673141801,0.17240939386086468,0.23000606749011612,3549.8617056764406
0.9678959315642715,0.9633231963962317,0.6684838039800525,0.9476854233071208,0.0007751985744017095,1.2154109299385782,0.17922733654475323,0.3337473375380403,3549.296707459023
0.9268599497154355,0.9548554122447968,0.9743679296225309,0.5666634924709797,0.000823089501290106,1.2152124761515437,0.19034153684870755,0.276484102336566,3548.456534766214
0.8022206975147128,0.862037050537765,0.9623086526989937,0.8707037875428796,6.28807382813608e-06,1.21490067837887,0.12554950579119725,0.1602589145115641,3547.136791954081
0.9603299461305141,0.981365685351193,0.7026060437783599,0.8623100286349654,0.0012653566058845023,1.2147473378877218,0.18301893423862567,0.3233294180673023,3546.487875944529
0.4042865661904216,0.9640984488651156,0.9815049562603235,0.9382859822362661,1.5704030300868555e-07,1.2146365484999968,0.08154014842967308,0.16541154453101944,3546.019082282379
0.8750105928629637,0.9810653906315565,0.7927362825721502,0.8094665929675102,0.0003158082223579686,1.2142703073139895,0.1582580945366173,0.2723785432660303,3544.469680884127
0.9486787309870124,0.9401340624317527,0.835218177177012,0.741438165307045,0.00037772648367460253,1.2141884956584956,0.16306854076714894,0.2516244692329713,3544.123637611385
0.6778824012726545,0.9191057467833161,0.9851796366274357,0.8433783743530512,0.0001167464970272096,1.2141276985424085,0.12006263823719623,0.15834212798121552,3543.866496059595
0.9558416316285729,0.9829708905890584,0.9607266457751393,0.5230869939550757,0.0015138103125935506,1.213917849183927,0.20582470758360613,0.2970849600180468,3542.979038313532
0.5793770710006356,0.901747478172183,0.9732303069904447,0.9891693759709597,6.5214152277872555e-06,1.213720132067256,0.10594064058484726,0.1711005446137025,3542.1430308485105
0.960513137280941,0.8532711397856474,0.8095776233822107,0.9735676255077124,0.00018173605162705744,1.2135235063238163,0.1447936591954101,0.2523881665029755,3541.3117753632505
0.8146285498514771,0.935799122788012,0.9937643418088555,0.6704452931880951,0.0005924000204467947,1.2135103056228327,0.16086740541732122,0.21727372880124457,3541.2559729515415
0.9076205901801586,0.9747817767783999,0.9908203454688191,0.5407214611768723,0.001640929005335711,1.2134141067370887,0.19809508749420415,0.28852552897612616,3540.8493366784205
0.7189294137060642,0.932500914670527,0.9780614031478763,0.7834299318492413,8.862723675605887e-05,1.2128561189262088,0.12995483075143352,0.16620234932350816,3538.4913475548824
0.9267676118761301,0.8530584489926696,0.9163730749860406,0.8208429887890816,9.84653851251163e-05,1.2125384994619701,0.14530893591599534,0.17697650804338305,3537.1496181366924
0.9614641359075904,0.8152293981984258,0.9653486274182796,0.810529138892889,0.00027228023628279174,1.2114964291415755,0.16172375062814823,0.23215157438582573,3532.7500744211106
0.8554065367206931,0.993742392398417,0.9308122685179114,0.6172821866348386,0.00024807098835370777,1.2114556885230996,0.17671395369138015,0.23308203623925366,3532.578148500839
0.8617936074733734,0.9946354934945703,0.7042857948690653,0.9454472037032247,0.0005304709257678384,1.2114007494711319,0.165940939926908,0.30888054511851715,3532.3463142979203
0.7095296857878566,0.9748620353639126,0.9802555283531547,0.7159748040139675,0.00016134808880472758,1.2113983375439696,0.1450502212702933,0.1958706839847142,3532.3361365870073
0.8723724689334631,0.9988952577114105,0.9610928939655423,0.5640370547771454,0.0004802861276136299,1.21125587360441,0.19103001947602105,0.26729769040561496,3531.7350119352577
0.5413823248818517,0.9291117833927274,0.9875562805682421,0.9297586111351848,1.8320792817041012e-05,1.2110654647596173,0.10419915457855247,0.1757439968809638,3530.9316963311185
0.44917502347379923,0.950161281041801,0.9886079030111432,0.9349819719791412,5.021777196998225e-07,1.2107291209427178,0.09240412806197237,0.17659778906840434,3529.5130086503896
0.7421092847362161,0.9813973540440202,0.8032934404909611,0.9457943923771381,7.452264983262288e-05,1.2106911110120433,0.12398877605224272,0.24080137735869023,3529.35270906779
0.9613847425207496,0.8764359913766384,0.8564785961061716,0.8238354409113526,0.0002003982854859757,1.2106074688055484,0.14886381143062274,0.20733584638634378,3528.999982081553
0.8651464749127626,0.9255162971094251,0.8181521445512772,0.877277952618897,3.187444276216427e-05,1.2105427083295093,0.13168826953298823,0.22540454523342116,3528.726898071859
0.7925775879994035,0.8158357003703713,0.9644542466849089,0.9955923557281494,1.4544185409937993e-05,1.2091820126652009,0.13375133233131106,0.2031797507634708,3522.9924942653215
0.36771159432828426,0.9530268982052803,0.9672017330303788,0.9885258423164487,6.639634512890467e-08,1.2089235381761276,0.0732590894201775,0.15153171890395103,3521.90393818911
0.6403706027194858,0.9249943187460303,0.9301150031387806,0.9459969429299235,5.20702650647887e-08,1.2088955668579278,0.09943638748055653,0.11926312167082469,3521.786152092356
0.9674559086561203,0.9279289422556758,0.9213566444814205,0.6274677393957973,0.0004660136437303091,1.208765015854486,0.1803655124191179,0.23678553531276064,3521.2364435044224
0.9508241899311543,0.9249199572950602,0.7097519151866436,0.9684205185621977,0.00025135188401703023,1.2080002953645366,0.1595196070955255,0.3022736662481542,3518.0176547836213
0.9971476513892412,0.8868523500859737,0.750449238345027,0.9410838428884745,0.000343829082764592,1.2074684154029605,0.15860270930366518,0.2825350453793268,3515.7801294474743
0.8451320184394717,0.8201950481161475,0.9756942139938474,0.9001635275781155,0.00013241815142193785,1.2069661902505588,0.13851193622053398,0.20904872543706507,3513.668269648764
0.9440230941399932,0.8448905507102609,0.8857901999726892,0.8658368354663253,0.00011320513519581134,1.2067324730260547,0.144028996551678,0.18897607982385448,3512.6857895204107
0.7842941358685493,0.8513262532651424,0.9815647387877107,0.8843387942761183,0.00016068663427434772,1.2066596542280676,0.12879838465901058,0.1822576330175027,3512.379719401604
0.9305305946618319,0.9473280096426606,0.8653041878715158,0.6964623918756843,0.0003021272644930531,1.206535258359554,0.16680052932904574,0.23655971834596443,3511.8569049355247
0.6760104633867741,0.8903557034209371,0.9608917143195868,0.9378920355811715,6.744007477307952e-07,1.206107783898657,0.10800271971966145,0.14149044301360655,3510.0607174016986
0.6821517096832395,0.9762148791924119,0.9658968728035688,0.751219030469656,2.2409633858744865e-05,1.2059445900283456,0.13521676033330604,0.1777172144030163,3509.3751689132887
0.7869860157370567,0.9773131348192692,0.8446766436100006,0.8244820758700371,5.4317271453656254e-05,1.2059269867829228,0.13425334003860268,0.20495541459014804,3509.3012263880014
0.7587831895798445,0.9560772394761443,0.8579077944159508,0.8721716841682792,2.717689234390659e-06,1.2058707832982116,0.1176922580620175,0.173054353131501,3509.065150632421
0.8380613755434752,0.8528894810006022,0.9667123518884182,0.8384485132992268,3.0042262280384475e-05,1.2057822304706745,0.13596398114756003,0.18181787767426985,3508.693217971265
0.9095349935814738,0.9193832194432616,0.8699920447543263,0.7572095617651939,0.00012391498196670552,1.205727284657404,0.15057236579442243,0.1992830944095041,3508.4624526958687
0.918581242673099,0.9980200100690126,0.848920376971364,0.6609988762065768,0.0008736190780427579,1.2054231001769462,0.1863062247384848,0.2654923475771937,3507.1851090238706
0.49432248529046774,0.9731098767369986,0.9678027564659715,0.8937128903344274,9.56498657992817e-07,1.2046025357558579,0.09954869020971509,0.1692912944727283,3503.7409800996525
0.9036420173943043,0.9944544034078717,0.6626135176047683,0.9631133088842034,0.0010632333258057732,1.2042447487918304,0.18324364033278062,0.33184831728217945,3502.239990987611
0.4588145175948739,0.9834846248850226,0.910024382174015,0.9902853621169925,4.2784935765163606e-07,1.20411726577421,0.09338309919265592,0.16689312514430552,3501.70528213076
0.7945520607754588,0.9671574151143432,0.7529377304017544,0.9894196651875973,6.395553289895885e-05,1.203823795588655,0.1371101617827893,0.275991372594453,3500.474580675804
0.8166039101779461,0.9015939980745316,0.8580155931413174,0.9180591702461243,2.671069261290561e-06,1.2037436836932822,0.11706320537769034,0.15911090314756404,3500.138674484115
0.9013605825603008,0.8465894889086485,0.959501102566719,0.7946136873215437,9.033908758657885e-05,1.2036634752357935,0.1496136633579755,0.20123225409237347,3499.8023859152986
0.7009621635079384,0.8936255238950253,0.9242677316069603,0.961818695999682,1.6759851195549545e-07,1.2030600812064791,0.1047575075479713,0.10840402610673928,3497.2732681843413
0.9486473798751831,0.870114229619503,0.7742860298603773,0.9960477165877819,0.00019179051809062187,1.2022463220858064,0.14834136961149869,0.26775050570868253,3493.864424477273
0.06985946092754602,0.9780938820913434,0.9615448582917452,0.9976585637778044,8.918768676255757e-08,1.2020753285736374,0.052857985373728794,0.08232763044001334,3493.1484254713378
0.7645277036353946,0.9907102044671774,0.9936279999092221,0.6245272299274802,0.0007706554224392994,1.201986676973698,0.1722577996865161,0.23648042068543895,3492.777255933838
0.8452967656776309,0.8792196046561003,0.8345356313511729,0.9840265894308686,1.3548241685864486e-05,1.20191765355787,0.12364423082311825,0.19995652910855644,3492.4882853525455
0.7877254616469145,0.9014157438650727,0.9939269637688994,0.7504360359162092,0.00040639702381012745,1.2018774640556817,0.1459781511665994,0.18565815427513505,3492.3200373076693
0.9060018751770258,0.8413920495659113,0.8631101623177528,0.9552526278421283,6.0950294686809884e-05,1.201845110155034,0.13529106120703227,0.19801051015587576,3492.184596072503
0.9879671661183238,0.972895585000515,0.7603232469409704,0.7528770184144378,0.0011766278497709645,1.2016419735579043,0.18956947309435213,0.3092758476366103,3491.3343007813514
0.870107457973063,0.9669562093913555,0.7262835772708058,0.9324331907555461,0.00015047154489813443,1.2013031638240355,0.15417374978328818,0.29736768809631087,3489.916421301268
0.8726222543045878,0.832648822106421,0.9402004340663552,0.8816888388246298,3.2375113078842304e-05,1.2010536755716423,0.1360484925251365,0.18104848206744403,3488.872597994593
0.7385960342362523,0.8877302799373865,0.9949407950043678,0.8279227092862129,0.0002991314275092115,1.2010258212396119,0.13110560816868355,0.1703204508251875,3488.7560729147203
0.6434501158073545,0.9717723559588194,0.8660193961113691,0.9530127327889204,7.2920872978611945e-06,1.2007933562569038,0.10596968869843922,0.1755341650117165,3487.783690573973
0.5116073340177536,0.9435078259557486,0.9531650543212891,0.9608618337661028,2.1055062919660333e-07,1.200592092744654,0.0946236160915866,0.16009349749455876,3486.9419737093713
0.4408721402287483,0.976926488801837,0.9402581918984652,0.9526648800820112,1.568170557102195e-07,1.2004369736303604,0.08661297253682182,0.15638498476588458,3486.2933366340358
0.9765718309208751,0.9184242226183414,0.733162241987884,0.9024457698687911,0.0003284761610714558,1.1997356532851853,0.162117561982227,0.29256148398359044,3483.361783000229
0.9916642988100648,0.8219414241611958,0.9066108586266637,0.8367900345474482,0.00021650174092782858,1.1996199444308102,0.15990468625254223,0.2093560287012475,3482.8782789746183
0.9032907392829657,0.9998653903603554,0.7637807447463274,0.7851325292140245,0.0008840075148091568,1.1995260433064459,0.18050364768353194,0.296055049020684,3482.4859355726794
0.9978774264454842,0.9043626505881548,0.8330215262249112,0.7579673826694489,0.0004679424034781221,1.1994849907422243,0.1677237195517334,0.2444815286124871,3482.3144168933545
0.9171047732234001,0.9022543169558048,0.7745962152257562,0.9356026016175747,0.00010631088624282085,1.1992952084218185,0.14182540059065177,0.2608386979807857,3481.521577703384
0.929593950510025,0.8834547866135836,0.8095103101804852,0.9073013719171286,0.00011654724257623447,1.1992072572653187,0.14000211011703495,0.23782931938595528,3481.154193358183
0.9134286008775234,0.916599141433835,0.9482149947434664,0.6504178373143077,0.00016516233340639643,1.199201251179435,0.1700769306299022,0.2226914757309018,3481.129106075355
0.780494729988277,0.8799705794081092,0.9232368832454085,0.8978260373696685,8.853468755462443e-07,1.1991855382734946,0.11590331400428724,0.1101150958919567,3481.0634742220313
0.8688543224707246,0.8071567304432392,0.9624164514243603,0.916583551093936,4.682600805530844e-05,1.1990112330608715,0.14141067742844063,0.21263071812059478,3480.3354695852477
0.6361041022464633,0.9522900842130184,0.9905018676072359,0.7963757077232003,0.00012842427108804286,1.1989226690165695,0.12836377231655752,0.18175085668599358,3479.9656127567387
0.9805061742663383,0.981912667863071,0.7784386342391372,0.7196779176592827,0.0013405693676473774,1.1988656805760847,0.19324630883738994,0.3059288745442346,3479.727634852952
0.8929496724158525,0.9980988092720509,0.9214968606829643,0.5815878175199032,0.0005064689485495438,1.198311219048975,0.191473905255645,0.2555118292036462,3477.4128499172566
0.8023941945284605,0.961694085970521,0.9409643970429897,0.6843961542472243,3.7580904702538006e-05,1.1982229707069618,0.15278061167415857,0.19552787476569844,3477.0445263570477
0.333651527762413,0.9884315682575107,0.9540087291970849,0.9425031412392855,1.639710015848711e-08,1.198203938255988,0.06880878555934297,0.1346976514512617,3476.9650938524296
0.7561325123533607,0.9327099500223994,0.8482382148504257,0.9338525552302599,5.008384486566454e-07,1.1979558463080269,0.1107000088512296,0.17484190473232006,3475.9297898724344
0.9399054022505879,0.9499483676627278,0.7829595152288675,0.7936425749212503,0.0003619280277974989,1.1977960706622977,0.16543744646481265,0.283363734157853,3475.26314887995
0.8706924254074693,0.9468575855717063,0.7757266787812114,0.8833601120859385,5.605839759188071e-05,1.1976392819777077,0.1437122965694002,0.2670574772458643,3474.609056800106
0.9116396121680737,0.9006105288863182,0.9303573025390506,0.701647074893117,0.00011445314190298723,1.1975742847748425,0.16023228596316677,0.19378934191305835,3474.337926080757
0.8559037679806352,0.9905222048982978,0.8575658928602934,0.7069164672866464,0.0002562885815002353,1.1973640985982712,0.16661328732843256,0.2329498709223065,3473.4612514491087
0.894897447898984,0.9245313974097371,0.8945221221074462,0.7189865252003074,9.264744193731715e-05,1.1970845951752171,0.1551751985284337,0.19199354885550476,3472.2956962100375
0.9698845893144608,0.8880078680813313,0.8602146664634347,0.7726654652506113,0.000263646450249618,1.1966206082870527,0.1585337693478711,0.21216164379925803,3470.3614266578384
0.9189593764021993,0.93610327411443,0.8888292275369167,0.6841434501111507,0.00019040860852758787,1.1964331003002064,0.16555947694470657,0.21774482977436013,3469.579954946965
0.024442875757813454,0.9638157486915588,0.9914688859134912,0.9871344473212957,1.2723856830204736e-07,1.196243431355351,0.053351206749863114,0.08394003233777741,3468.789601177376
0.615431210026145,0.9264362398535013,0.9206927893683314,0.9718036595731974,4.783704569204792e-08,1.1960699430367252,0.0996166483416947,0.12808905669701362,3468.0667816305195
0.23921525292098522,0.9790045898407698,0.9869412165135145,0.9264593226835132,2.933887358575057e-10,1.1952169367812455,0.05460124546916298,0.09864197045078227,3464.514345022803
0.6991867944598198,0.9684117930009961,0.8887423491105437,0.8548078704625368,7.131311883290741e-06,1.1950665470461999,0.11623001261622055,0.14108246912542885,3463.8882922130642
0.9400097150355577,0.9289624048396945,0.9685736177489161,0.5840759454295039,0.0005436480626861906,1.1946367657679398,0.18836057298823825,0.2639455830459444,3462.0996007339745
0.7126027652993798,0.9111108547076583,0.9073870582506061,0.9268438266590238,1.274539317326967e-07,1.1945569457547016,0.10501905747903933,0.09894593491111509,3461.767471070829
0.8511174600571394,0.9073922922834754,0.939050642773509,0.7316671693697572,3.054596455049405e-05,1.1943439253680699,0.14774252605617874,0.17172834205054818,3460.8812049786297
0.7469098828732967,0.9156544869765639,0.9495521923527122,0.8097169902175665,8.41414429972146e-07,1.1941925170790177,0.12432816744537577,0.13511712741983364,3460.251369990561
0.7272052364423871,0.9045790992677212,0.9678279124200344,0.828948961570859,1.0637092389669727e-05,1.1937268749040075,0.12334091286113846,0.14733632963271612,3458.3148678426264
0.3154610777273774,0.9877266082912683,0.9237434817478061,0.9966648733243346,3.898557521228392e-09,1.193726274298196,0.0733685580819813,0.13948198960279626,3458.3123705410626
0.88381252810359,0.9712587110698223,0.8410654636099935,0.7260131407529116,0.0002204397769975245,1.1934169257981835,0.16422580103290424,0.24764074382609194,3457.0262742148707
0.9295638892799616,0.8370722206309438,0.9609794393181801,0.7782616699114442,0.00015553235607802994,1.192979654327206,0.15828580660752525,0.2172556861516484,3455.208910721717
0.7254267316311598,0.9730471428483725,0.8756101569160819,0.8379414724186063,1.5873313708774122e-05,1.1925454863314076,0.1230761708022797,0.1586936017909098,3453.4050993623014
0.8686983613297343,0.9795165313407779,0.8100320259109139,0.7729181656613946,0.0002573179763422981,1.1921000683044327,0.16167588839440275,0.2628139619099349,3451.5552246732336
0.702224962413311,0.9098654296249151,0.9376391032710671,0.8873164653778076,8.557306353573686e-08,1.1920802752798034,0.1093897329728334,0.10969079267730819,3451.4730377526616
0.680026818998158,0.9599821148440242,0.9211553847417235,0.8332681627944112,2.548602595585199e-06,1.1916485081155885,0.11672215523677941,0.12949443785877002,3449.6805398531337
0.7016028948128223,0.9872163375839591,0.8732316680252552,0.8430926175788045,3.485301889027048e-05,1.1912890347876135,0.12444385301259203,0.16288942261157155,3448.188663190658
0.846956024877727,0.926709983497858,0.7859183643013239,0.933468259871006,1.3089103590169582e-05,1.190964460651284,0.13203129414891845,0.24726602670292092,3446.842007022728
0.9544606618583202,0.9066120199859142,0.7373912557959557,0.9381891377270222,0.00020935058170944252,1.1901145577753405,0.15563911264128205,0.28410317955913167,3443.3174849692105
0.7798810424283147,0.9438407346606255,0.837918751873076,0.8897220939397812,1.2797998545727553e-06,1.189801640104926,0.12041012183647642,0.1943515371845626,3442.020451248213
0.2806225288659334,0.9850320415571332,0.9808432552963495,0.9137246143072844,6.014759674858546e-09,1.1895995928312042,0.06254861811574751,0.1219512841865644,3441.1831508446585
0.6785931475460529,0.9366157865151763,0.9117611339315772,0.8946436196565628,1.332906693393592e-07,1.1894781784282362,0.10616069438309658,0.11134549128628435,3440.680067217634
0.9672053102403879,0.9101609410718083,0.9941950803622603,0.5713082337751985,0.0014669386237553164,1.1892495123157956,0.19871101871526367,0.2702427355621957,3439.7327211496213
0.8985431101173162,0.8786931438371539,0.8126621879637241,0.9416188150644302,5.888807079412788e-05,1.189201535449826,0.13450251115816333,0.22922291296546798,3439.5339795226337
0.798470095731318,0.9679428627714515,0.8629599390551448,0.7829152904450893,2.8994521856358498e-05,1.1891825736063568,0.1401419067368049,0.19217375934987713,3439.455433272953
0.8605481311678886,0.7794769639149308,0.9834178788587451,0.9613968580961227,0.00033329152447954404,1.1890318139518876,0.15195679324788175,0.23805676616330493,3438.830980742888
0.8247835710644722,0.9593490408733487,0.9877727413550019,0.6091937543824315,0.0006181406284775303,1.1889821620861993,0.17592050714122887,0.248189795162903,3438.6253378358174
0.9196948623284698,0.9185938937589526,0.9642310803756118,0.6162871178239584,0.0002710440544814309,1.1886950938976784,0.17963853607498342,0.24471940861079777,3437.4365549962786
0.7388509279116988,0.9054987616837025,0.9215377746149898,0.8791850972920656,2.0502110166829803e-07,1.1885491793108316,0.11269585102300592,0.0985028275554441,3436.832414271357
0.6681117974221706,0.9696545973420143,0.933694664388895,0.805380635894835,6.200685407935378e-06,1.1884838039470473,0.12271051612656443,0.14411830604753392,3436.5617596584675
0.8930404456332326,0.8186040548607707,0.9687571441754699,0.8430318534374237,0.00010793525463490981,1.188445317829513,0.14911747967318803,0.21827829361359197,3436.4024336430707
0.6701646503061056,0.9399349056184292,0.9015937652438879,0.9133830387145281,1.745287368311394e-07,1.18843968161609,0.10413974589074121,0.1188880826308377,3436.3791011003445
0.6459700940176845,0.9812188446521759,0.9080155035480857,0.8477617893368006,9.891978000370334e-06,1.1883144672637203,0.11671168649784136,0.13752306450626037,3435.8607725085267
0.8489305237308145,0.7908004838973284,0.9964455291628838,0.9272838719189167,0.0005274536003535093,1.1880907001728185,0.14991159203892562,0.23575408136231066,3434.9346160291198
0.6480871168896556,0.9652326200157404,0.9566406365483999,0.7972416086122394,4.7273743581404145e-06,1.1879876100659303,0.12437427404121078,0.1619334194045038,3434.5079910962763
0.9567139865830541,0.937335941940546,0.8533811494708061,0.6918145138770342,0.0004054804668511048,1.187607245425508,0.17310109902773432,0.24762989548451872,3432.9342174970047
0.7639154922217131,0.8398561319336295,0.972239569760859,0.9304792666807771,3.8365727755934715e-05,1.1873271426214285,0.1253593728736556,0.18607168431116247,3431.775598730146
0.4002420688048005,0.926857715472579,0.9905394231900573,0.9809707831591368,1.806778111842012e-08,1.1870673667489615,0.08744863086592548,0.17444497608130874,3430.7013010449627
0.8439256865531206,0.8744762521237135,0.9867548812180758,0.7452399600297213,0.00035645243841130145,1.1865123416818368,0.15369233682020553,0.2012047919017817,3428.4067821424037
0.9151913737878203,0.9538248255848885,0.8959099361672997,0.641470093280077,0.00023614438962686312,1.1863489305177506,0.17566402001770087,0.23641771573029544,3427.7314283401424
0.9572198046371341,0.921905854716897,0.9364000344648957,0.6089562978595495,0.0003908024443894517,1.1859067773134453,0.18450113919461375,0.2441522081345701,3425.9045343833736
0.754386767745018,0.9846484055742621,0.9774099141359329,0.6431304607540369,0.00023569265520282122,1.185780617422241,0.16538379810993653,0.22565604162885672,3425.3833882505664
0.6959889568388462,0.872978231869638,0.9881509216502309,0.9009045315906405,0.00015011466757002204,1.1856348882877266,0.12072803521264085,0.17305146340233565,3424.7814725945314
0.7757340595126152,0.9566885260865092,0.9368550004437566,0.7128543416038156,1.4810130692891792e-05,1.1853212273772598,0.14561571088784853,0.17795402839897195,3423.486182822121
0.8662609830498695,0.8306692093610764,0.9564375318586826,0.8552767364308238,3.4998609086493054e-05,1.185066844761266,0.1405193940415698,0.1959104342568467,3422.4359352309384
0.9237098935991526,0.7711055763065815,0.973067200742662,0.9211631063371897,0.00024043699461927966,1.1847773834001167,0.1599136883193239,0.24370335663741613,3421.2411304259676
0.8554378598928452,0.8143086787313223,0.9909509569406509,0.8640772933140397,0.00041075371106963625,1.1847458089551457,0.1476889941400653,0.2240671572586052,3421.1108184606437
0.8484898144379258,0.9978343099355698,0.6721121966838837,0.9859979674220085,0.0006452442316043758,1.1841880843300023,0.17561284128972296,0.31689097534609845,3418.809576281901
0.9238027082756162,0.9197427360340953,0.9179333820939064,0.6597180124372244,0.00017051887749534967,1.1838110903805328,0.17039343855833766,0.21493159979727064,3417.2546540855474
0.7136636292561889,0.9601526651531458,0.8048058412969112,0.9932929007336497,8.603245291526278e-06,1.1837695294834252,0.12090713495715708,0.23623348113752207,3417.0832647176085
0.8909722687676549,0.9270721599459648,0.7850130423903465,0.8724091537296772,7.834765503586552e-05,1.1835373083174026,0.14484943605924888,0.25685241536805536,3416.125736670737
0.7295590424910188,0.9997090836986899,0.7688485831022263,0.9603398572653532,0.00019374779815316235,1.1831514765019888,0.14123367292282735,0.26343929976554226,3414.5352261662365
0.8399137835949659,0.7870411071926355,0.9702475545927882,0.9776916271075606,7.41302160683341e-05,1.1830635772191713,0.14611015440002503,0.22687636425971094,3414.172950961466
0.9563747169449925,0.8714902298524976,0.9612441044300795,0.6738733565434813,0.00032560340921037353,1.1828484630474525,0.17642311081699924,0.2298283563164773,3413.2864733035194
0.9418054148554802,0.9782947115600109,0.9284929698333144,0.5450978521257639,0.0008553792416946255,1.1824980466071269,0.20116286542861705,0.2805360786757286,3411.8427581193378
0.7156545985490084,0.9866145802661777,0.9209975311532617,0.7458468107506633,2.8789605411062274e-05,1.1822512720214182,0.14030107352570265,0.1606198543929481,3410.826298628314
0.854676092043519,0.8319400772452354,0.9099636478349566,0.9368411926552653,1.545321260706164e-05,1.1822202328591502,0.13163446048559999,0.16580244506105077,3410.698463658525
0.48074715211987495,0.9854018175974488,0.9799788221716881,0.8448510933667421,1.5688177899065054e-06,1.1820462336335193,0.10959059096582979,0.18373608201994662,3409.9819076762114
0.8160443883389235,0.9550791420042515,0.7445154991000891,0.9749826937913895,2.536852144372199e-05,1.1818538461835082,0.140714938983429,0.27660554373513796,3409.1897462953057
0.993954487144947,0.782923623919487,0.9167231069877744,0.8999260431155562,0.000188861473233538,1.1818377440374954,0.1656070156134181,0.22411380040815512,3409.1234509252286
0.9527935581281781,0.8585481373593211,0.9976190719753504,0.6690325262024999,0.0010424608967333183,1.1813166935493398,0.1838408959473224,0.24517154682680944,3406.9786713113454
0.7964089745655656,0.9968792526051402,0.7852899264544249,0.8543176120147109,0.00022194743529684185,1.1809181004721685,0.1513137672095446,0.2580765757288813,3405.338582785825
0.748081099241972,0.8994141640141606,0.935547387227416,0.852896741591394,3.6398658937741393e-07,1.180694828090118,0.1185754032029725,0.11380995600680038,3404.4201216893334
0.2192739760503173,0.9662189828231931,0.9706786992028356,0.9621593495830894,1.9939216195922192e-10,1.1801673945270146,0.05122108140926601,0.07939154605721255,3402.251126400912
0.8783708475530148,0.9625997925177217,0.735400790348649,0.8919557277113199,0.00013652227426904902,1.17998881499211,0.15771652360756983,0.29215716325874247,3401.5169580456654
0.6342919869348407,0.9995286967605352,0.8789723766967654,0.8701426535844803,3.263681821039234e-05,1.1799226135393386,0.12127874481246355,0.16060160938297413,3401.244821096997
0.9876197902485728,0.7886263811960816,0.9327346831560135,0.8638417143374681,0.00019779997760351119,1.1798474202105247,0.16560455315094916,0.22743069821699516,3400.9357389661973
0.9750835373997688,0.9593234937638044,0.6731705665588379,0.8972171097993851,0.0006842405268452388,1.1798378597408432,0.18423222604799702,0.3274653855475808,3400.896442039486
0.9638838591054082,0.9261161489412189,0.6794712748378515,0.9747452242299914,0.00030966899503762584,1.179648610065075,0.17123585931955734,0.31184962660947235,3400.1186226161744
0.9878430273383856,0.8886191546916962,0.9081634022295475,0.675634179264307,0.0003780412716290231,1.179511291749998,0.17793036145224173,0.21533738599831997,3399.554318217403
0.7905413834378123,0.8456765161827207,0.9967993162572384,0.8481626762077212,0.0003961037597817624,1.1793176388209872,0.1390590860481503,0.19981598138227255,3398.7586178052325
0.6840694239363074,0.9307980965822935,0.9257929120212793,0.8682010071352124,9.189946504128171e-08,1.1791949223076847,0.11103952372953714,0.11280077377087355,3398.254453970235
0.9644873784855008,0.7496548900380731,0.9414140861481428,0.9811280909925699,0.00019897427342013954,1.179149136682113,0.17195023444115873,0.23858986071954785,3398.066363164459
0.9967620624229312,0.8662398271262646,0.9106850465759635,0.7101440140977502,0.0003500439007302142,1.1791328447088227,0.1750776785129755,0.210622157430482,3397.9994362268203
0.9419546788558364,0.8927945885807276,0.821133567020297,0.8325443742796779,0.0001659724778078017,1.1788654559414173,0.150571429055577,0.2334829632200135,3396.9011400512472
0.8172176955267787,0.9695047941058874,0.8911524312570691,0.7097133183851838,5.2881321892621936e-05,1.1788268028214457,0.15458537517490492,0.19463342432432001,3396.7423929152324
0.9129420360550284,0.8752338113263249,0.8857316058129072,0.8001732146367431,7.964439442827716e-05,1.1786853749685262,0.14709968167835144,0.17498746471157375,3396.1615964684693
0.9129220945760608,0.9441931759938598,0.6963187204673886,0.9559928355738521,0.00014656742002491828,1.1786300789060598,0.1629098721764763,0.3068490898783841,3395.9345326799944
0.7903906609863043,0.9487553350627422,0.9749285951256752,0.6599707575514913,0.0001437179295150292,1.1785230232861885,0.1609614292412752,0.21868513929484187,3395.4949566651844
0.039904240518808365,0.9867686377838254,0.964910751208663,0.9653999460861087,5.780575212017126e-07,1.178521904688487,0.053632862520845925,0.08474997574452435,3395.4903638495375
0.8426171103492379,0.918956539593637,0.9650987582281232,0.6734168771654367,5.373311678545534e-05,1.1785008910564796,0.16113345231234988,0.2097332711975985,3395.404085418481
0.7903003180399537,0.863079990260303,0.9158274894580245,0.9209256181493402,1.2456219687025177e-06,1.1781168683820848,0.11918528569065429,0.12492831291512917,3393.827617073837
0.8970742495730519,0.8069636821746826,0.9201347986236215,0.9302284587174654,4.6397976284300727e-05,1.1779405986272926,0.14326366755860664,0.19421558249571566,3393.1041719683953
0.49077075347304344,0.9208688046783209,0.9870655564591289,0.9507155967876315,2.5782562177415916e-06,1.1778687677543445,0.10068306239561191,0.18276687213546677,3392.8093944336956
0.5675876960158348,0.9184994595125318,0.9920018222182989,0.8995108213275671,4.540623400815695e-05,1.1778620445764016,0.11225534313673854,0.17846964422393463,3392.7818049393586
0.8069895710796118,0.8831040253862739,0.964937093667686,0.780697975307703,1.3037744079914719e-05,1.177673160710535,0.1399533058582176,0.1706497117548713,3392.0067564374262
0.8065281305462122,0.9782340042293072,0.7659729262813926,0.8992762789130211,0.00012405135229433538,1.1775882662328134,0.1450761312189284,0.26789628780178626,3391.6584477475367
0.9532058099284768,0.9669751143082976,0.9117429740726948,0.566282955929637,0.0007272798165346482,1.1775317124872784,0.19732144693100712,0.27171769065713974,3391.4264301901962
0.9678340461105108,0.9896018393337727,0.8165063876658678,0.6511616297066212,0.0013304640067942817,1.1773263738970388,0.19986581848342133,0.2965484072362374,3390.5840986898666
0.9726119637489319,0.9354886692017317,0.7524846717715263,0.8157279146835208,0.00042810346808735077,1.1765866761858075,0.17239198326572583,0.2929408378200861,3387.550926054626
0.8893858632072806,0.8794016782194376,0.7823672574013472,0.9977932767942548,6.472869119508715e-05,1.176300821291094,0.1404245336442834,0.250279528825717,3386.379258399032
0.4321553148329258,0.9892143746837974,0.9134055636823177,0.9599862825125456,2.1098806828648025e-07,1.17572305221709,0.09183485797871434,0.16146084746341013,3384.0119319334317
0.8183965412899852,0.9535086117684841,0.9715463183820248,0.6277032867074013,0.00014655370596227985,1.1754914263684795,0.16973507557467563,0.23521447905381576,3383.063195274786
0.9713129475712776,0.9163072379305959,0.7494113203138113,0.8604064602404833,0.00030949385566148723,1.17532225377703,0.16474648375933382,0.2839683222440859,3382.3703810935403
0.9674857398495078,0.7641552723944187,0.9696240006014705,0.8889717003330588,0.0002979628325892784,1.1752363132208505,0.16949553825957622,0.250844470345894,3382.0184649664743
0.955258397385478,0.8959398819133639,0.7908681817352772,0.856493940576911,0.00020517075941061478,1.1750233618453363,0.15442438193702984,0.2563026366784602,3381.1465626052104
0.8192705176770687,0.9175802413374186,0.7781254248693585,0.9925995478406549,7.2976492866537185e-06,1.174664900813284,0.13128107042192094,0.24589989931770329,3379.6792356938677
0.9614957869052887,0.9946547690778971,0.8936513839289546,0.5480466783046722,0.0014697277870774853,1.174562489356445,0.2098741717834901,0.2833885013521592,3379.26010368205
0.6016403716057539,0.897743945941329,0.9934190642088652,0.9143325099721551,7.982472845267772e-05,1.174125867099579,0.11480018552190899,0.17878131466300526,3377.473568747544
0.5435539996251464,0.9784504342824221,0.9007221963256598,0.9376393053680658,2.1579050684519292e-06,1.1738539651880202,0.10265629974305761,0.1579807459221783,3376.3613482897204
0.09588462673127651,0.9911809070035815,0.9693149151280522,0.9357039099559188,8.78106030837792e-08,1.1737008518877776,0.04092768637352128,0.06383800670959605,3375.73514499616
0.5737775797024369,0.9419809440150857,0.9972257297486067,0.8361819935962558,7.573333834835975e-05,1.1736182468736336,0.12202871880122537,0.18692526101123594,3375.3973395960024
0.9743239916861057,0.9600187027826905,0.9692521980032325,0.49666798021644354,0.0015515844348505945,1.1733330075072268,0.21377959370485392,0.31017070492854676,3374.231057223883
0.8948046090081334,0.7607036028057337,0.9652122780680656,0.9814090607687831,0.00011689351106716495,1.1726421269008216,0.1596731994004799,0.24009321844620804,3371.407332709339
0.9250336978584528,0.7863688748329878,0.8967168461531401,0.9953568233177066,8.646437814026131e-05,1.1725420971704006,0.15598181945794865,0.2111163502833639,3370.998630773033
0.8000786108896136,0.8105929140001535,0.9736564820632339,0.945480452850461,6.948596115890308e-05,1.172054843870243,0.13558536209721625,0.2119549329509537,3369.0082912198845
0.7110277777537704,0.976146936416626,0.8225414650514722,0.9192903954535723,3.156938602847198e-05,1.1718856124355796,0.1226372280741521,0.21780164191015794,3368.317199298498
0.9984327107667923,0.9307122332975268,0.7136008013039827,0.8574958369135857,0.0005054261762755677,1.1718714519275208,0.17843975597320558,0.304505072382657,3368.2593762791544
0.9103087577968836,0.9622213235124946,0.8318396853283048,0.709169034846127,0.0002795059277198857,1.171825492248862,0.1720040616187812,0.2623327355753032,3368.0717091782963
0.9892293764278293,0.936735974624753,0.6983549660071731,0.8779591592028737,0.0004756172925112968,1.171793415865556,0.1785134989132002,0.3107910226278852,3367.9407359360944
0.9304402591660619,0.8616862874478102,0.8062107246369123,0.943256619386375,0.00010213410044220969,1.1717688934493342,0.14336693237231557,0.24293705195442183,3367.840609143186
0.9178250003606081,0.8846233729273081,0.8245605770498514,0.8647975083440542,9.354683131249542e-05,1.1716316674218037,0.1433120226933846,0.22226828285488534,3367.2803427568533
0.736983529292047,0.9565995903685689,0.8943133018910885,0.804675460793078,2.9604401288733544e-06,1.171507142928655,0.12789193124582576,0.14464373913481582,3366.7719890689377
0.7778471922501922,0.9735613875091076,0.8722164435312152,0.766521911136806,3.4480161455601786e-05,1.171487577020871,0.14309708942121158,0.18466500680134995,3366.6921187548983
0.9753250796347857,0.9418139159679413,0.7228011442348361,0.8410795424133539,0.00045910539169017293,1.1713915964682728,0.17657001841251269,0.3047212472680568,3366.3003336302763
0.9243450043722987,0.9668940138071775,0.799574582837522,0.7341092228889465,0.0004289721969628398,1.1713880832270087,0.17640542520686278,0.28379653669133637,3366.285993441997
0.8387873210012913,0.8705211849883199,0.8834211295470595,0.8916697334498167,7.810843680122424e-06,1.171386541851744,0.1267974899673505,0.14282857553046113,3366.279701939714
0.8285779794678092,0.8723866976797581,0.8996285069733858,0.8711128933355212,5.847650315301667e-06,1.1707117711201027,0.1272757464935943,0.13038669883481363,3363.5262271230176
0.805210979655385,0.9980883738026023,0.7321388283744454,0.916609407402575,0.0003240333467668556,1.1705527827549451,0.15873363702605653,0.28410982273981344,3362.877680912724
0.8968408619984984,0.7894536834210157,0.9953672084957361,0.8623587861657143,0.0005750994996371936,1.1704181828961042,0.15946905679984316,0.24356221426109628,3362.328686876991
0.8891485976055264,0.8971706070005894,0.8635968314483762,0.8029723903164268,5.672191488411831e-05,1.1703789019405368,0.14419594531549923,0.18385051657090876,3362.168482662207
0.7327316841110587,0.9382859272882342,0.9278310611844063,0.7899241400882602,9.229786723321047e-07,1.1701053187353034,0.12805794211394347,0.1361612426387473,3361.052839463501
0.8267464162781835,0.824711924418807,0.9021249301731586,0.9969494733959436,9.291452418500701e-06,1.1700564880603446,0.13327282353744074,0.17077264510658235,3360.8537396272227
0.5205189157277346,0.9921467639505863,0.9560092147439718,0.8349971203133464,1.733518394340586e-06,1.170040612554936,0.11527427972472483,0.1711851389441189,3360.789011334252
0.6588004203513265,0.8837303332984447,0.9287017993628979,0.9940680451691151,8.877682632518129e-08,1.169962035796745,0.1089632819960653,0.13156388486199808,3360.4686472697335
0.41077084466814995,0.9600415108725429,0.9852105090394616,0.9027102487161756,1.8664807693768903e-07,1.1697813761286497,0.09118595586358301,0.17325856996197886,3359.7321612675023
0.9800267377868295,0.8387902099639177,0.8803753489628434,0.8200778216123581,0.00018303039177370244,1.169593524961371,0.15938229671761478,0.2078266531539988,3358.9664743381395
0.18557709082961082,0.9824656099081039,0.9513137536123395,0.9590192949399352,1.9794086619129024e-11,1.1693909150122688,0.05431228170228865,0.07168972007076421,3358.140763041651
0.9635295672342181,0.9914508573710918,0.590473361313343,0.998471837490797,0.003287081648769666,1.1685400731047417,0.21628005035663136,0.3650026492886027,3354.674768738412
0.9000276466831565,0.8680904759094119,0.9734720187261701,0.7038087351247668,0.00023067971845538586,1.1684636368197865,0.16668657161596734,0.22025320026523812,3354.3635163880795
0.83881866466254,0.9405684266239405,0.944345660507679,0.654150502756238,4.349008383827313e-05,1.1680169352008198,0.1637517630577402,0.21296496647592325,3352.5449170758684
0.6929078279063106,0.9116547843441367,0.9546043314039707,0.8452469455078244,1.277982005469503e-07,1.1679881237836398,0.11841036728557189,0.13615160952948507,3352.427643797953
0.7374586202204227,0.9933296758681536,0.9567994326353073,0.6548896031454206,5.746445579293399e-05,1.1679557898912842,0.16279745708379806,0.2112327835442145,3352.296036038426
0.9101868523284793,0.9907064707949758,0.682924460619688,0.8814257550984621,0.0008731239523225803,1.1676449442800068,0.18527012301339787,0.32076014995185764,3351.0309884154804
0.46001601312309504,0.9684744672849774,0.9546285280957818,0.9086568001657724,3.1549204469901037e-07,1.1674646763355334,0.09506980871874639,0.16343080443754546,3350.29750074797
0.6676970515400171,0.9835883732885122,0.8545891838148236,0.8938466431573033,2.552112832573705e-05,1.166958397730274,0.11953666024481967,0.18366047674643948,3348.238098748499
0.8725925646722317,0.9813704174011946,0.8880573492497206,0.6348307076841593,0.00022075332503288002,1.1668774354857292,0.1793420311885966,0.2385098688414408,3347.908846233302
0.5285732531920075,0.9389003431424499,0.9228702429682016,0.982811308465898,7.645327538512813e-08,1.1668766093388294,0.09844098744070276,0.1511811278035277,3347.9054866205784
0.9190792217850685,0.9603167893365026,0.7864323388785124,0.7634100159630179,0.0003205456290995474,1.1667103640791945,0.17204212252422513,0.284240978369293,3347.229479385564
0.6513941511511803,0.897381329908967,0.9984107874333858,0.8581581385806203,0.00017840675578971243,1.1665323366370162,0.12476654200389625,0.17654521564542652,3346.505664543902
0.6167630106210709,0.9919533403590322,0.8180247964337468,0.9955311687663198,4.578118242169093e-05,1.1661833360521323,0.12584378047561587,0.23674534298778518,3345.0870236147484
0.9150670785456896,0.9311367124319077,0.810603397898376,0.7831679945811629,0.00016757860429351279,1.166064112124715,0.1587917958545769,0.2538286137972979,3344.6024875933117
0.47896722331643105,0.9352757036685944,0.9600785588845611,0.9556480059400201,9.730296008585929e-08,1.1658793449609712,0.09452768841035081,0.16629532058099403,3343.8516722993268
0.26088737975806,0.9445975255221128,0.9992485577240586,0.9475970361381769,1.3139249295039743e-08,1.165752635103884,0.0641044460042077,0.11616378001441004,3343.336843233957
0.666855638846755,0.9359545698389411,0.9580589979887009,0.8130019158124924,5.581992329178891e-07,1.1655046970148306,0.1229386577923888,0.1534178157173081,3342.3296125180905
0.05092742666602135,0.9699236629530787,0.993950204923749,0.9409667560830712,6.567367380388341e-08,1.165355245738149,0.039665902746953044,0.06822361998649883,3341.7225766734814
0.45808666478842497,0.9972102055326104,0.9908874807879329,0.8101148018613458,3.3359563338486637e-06,1.1652190221311318,0.11719744427509171,0.19587296843476676,3341.1693335269306
0.7744316412135959,0.9469100143760443,0.8877116218209267,0.786050621420145,3.896051784744552e-06,1.1651952641495653,0.13437052630955576,0.1553809463168504,3341.072851898253
0.8869880232959986,0.9667210355401039,0.9922640370205045,0.524343348108232,0.0013084080026885966,1.1651912525208064,0.20239079810124241,0.2938969672765527,3341.056560781356
0.5097353551536798,0.9733486641198397,0.9913771320134401,0.8203906351700425,1.5769087815730484e-05,1.1644173622568597,0.11930791473187818,0.19502770626168914,3337.9148185185572
0.986504539847374,0.9517631595954299,0.8228446785360575,0.6675626067444682,0.000732729090782275,1.1642657608734615,0.19017686760331137,0.2840764418824536,3337.299600531952
0.22661659680306911,0.9939002469182014,0.9604461584240198,0.9176512816920877,2.460787303080717e-10,1.164162862559757,0.06042410757401276,0.09180977344751323,3336.8820695888426
0.8854047497734427,0.8077634945511818,0.9673998337239027,0.855541842058301,8.169768599036857e-05,1.163844097953187,0.14981001532612728,0.2224858964917714,3335.588841270971
0.8985721729695797,0.8303567208349705,0.9109506541863084,0.8689747741445899,4.406496423616339e-05,1.1638010018839717,0.14281174374455347,0.180010601230441,3335.414026488168
0.9799311319366097,0.8997526643797755,0.8008346250280738,0.7984720217064023,0.0003191716517871358,1.1634930464147213,0.1660648943159208,0.25847134123294585,3334.165016999131
0.7077202461659908,0.9190588146448135,0.8511302610859275,0.9882638044655323,4.487935697646754e-07,1.1633996102642492,0.11105709194984348,0.1699042102609556,3333.7861200669063
0.6859375583007932,0.9020397011190653,0.8936848565936089,0.9755325149744749,1.3987780613039375e-07,1.163206462965173,0.10694062848844343,0.1185986506465327,3333.0029724525025
0.9298903727903962,0.9912459151819348,0.6991932718083262,0.8301186431199312,0.001114664339480512,1.1630227947729126,0.19109944743653506,0.3189461593682188,3332.2583747791446
0.7856313269585371,0.9176555899903178,0.8862942438572645,0.8320693662390113,1.8410193501633716e-06,1.1626689657925113,0.12651939490363528,0.13142852817805784,3330.8242557964795
0.46452819742262363,0.8957255529239774,0.9963869405910373,0.996917586773634,2.9745889927303823e-06,1.16251544872818,0.10494505857114797,0.199175628286223,3330.2021591100715
0.8133874293416739,0.803401168435812,0.9417384630069137,0.990459349937737,9.680220337094048e-06,1.1623956338708246,0.1371821496347324,0.19684252285430362,3329.716688295805
0.8427417315542698,0.9421935519203544,0.8663535481318831,0.7507303142920136,3.162762496076578e-05,1.1623744610124769,0.1494773331535126,0.1978319748996546,3329.630904199151
0.9109490970149636,0.9729384509846568,0.7325700437650084,0.8252853229641914,0.0004416883064124939,1.162269541812613,0.17591832704158428,0.30313851720545537,3329.2058348804303
0.9778194408863783,0.955105691216886,0.9299749126657844,0.530707192607224,0.0009581406987568232,1.1621841012112184,0.20656790705236294,0.28706166097891894,3328.8597081688026
0.8152260091155767,0.9431020086631179,0.7573728039860725,0.9571593487635255,8.346752161164849e-06,1.1621784604429335,0.13797743390589862,0.2635436516898881,3328.83685782037
0.6064147036522627,0.9798532174900174,0.9291566386818886,0.8276699958369136,5.110176505169052e-06,1.1621628636098504,0.1199916460638173,0.14903599544891855,3328.7736767176325
0.8864878444001079,0.85399364028126,0.8442765725776553,0.9373634299263358,3.6850759139918436e-05,1.1619306896260937,0.13504839830954818,0.20244306439580345,3327.8332604774523
0.8650217121466994,0.9633411290124059,0.9830859620124102,0.5502868574112654,0.0007221962648740452,1.1612343574238428,0.19345474403520174,0.2793944226156126,3325.0138559323445
0.608326468616724,0.9470741311088204,0.8909522239118814,0.9535557106137276,2.9827555697628845e-07,1.1612251807075973,0.10337413697662391,0.14667369616395842,3324.9767107617627
0.9446732671931386,0.7313436483964324,0.9705716464668512,0.987982988357544,0.00032962987844890407,1.1609816351368325,0.17710206193332076,0.2564087869021792,3323.990998377411
0.9948162715882063,0.8305617542937398,0.8003401923924685,0.9586848625913262,0.00021367872424941255,1.160823747630893,0.16091192789984582,0.2662249655490532,3323.3520788782034
0.8247538721188903,0.8574910331517458,0.9344776030629873,0.8467712858691812,6.881557444416846e-06,1.1608170487864629,0.13255748758799027,0.15245077153749545,3323.324972660864
0.9158945055678487,0.9399616625159979,0.9376189950853586,0.589227331802249,0.00021441594948931356,1.1607398481166293,0.18566636907584974,0.25309871068153444,3323.0125984803403
0.48101487569510937,0.9719203626736999,0.9355842201039195,0.9166384413838387,4.2135001661201466e-07,1.1606520839407266,0.09735094861570948,0.15663677597516604,3322.6575056358183
0.9138239836320281,0.9913787934929132,0.9790059505030513,0.4812123151496053,0.0015793894418530726,1.1604150077406046,0.21633453185533505,0.314484915465161,3321.698425995981
0.9059091107919812,0.9744581254199147,0.8088918691501021,0.7176733231171966,0.00039516271051254903,1.1603641221961474,0.17795744455146234,0.278902621816432,3321.4925954673686
0.7315368233248591,0.846219309605658,0.9490621704608202,0.962118761613965,5.580703387415289e-07,1.1603084910265105,0.11899094672410043,0.16454587213680757,3321.2675788656575
0.8928292309865355,0.8981973938643932,0.754865238443017,0.9713154276832938,6.21736792110355e-05,1.1602939130516476,0.14567368411071244,0.2632305832498077,3321.208615665195
0.5877048373222351,0.9373008934780955,0.9551423508673906,0.8808759860694408,2.4537395392100886e-07,1.1601857372038307,0.10910951139083608,0.15253204690225844,3320.771101345758
0.9091236302629113,0.9150247070938349,0.7053511664271355,0.9986661924049258,0.00012322877539423704,1.1601026045325789,0.1594753061831769,0.28981136441391275,3320.434899890277
0.7517906846478581,0.9864630764350295,0.7347465995699167,0.9904391933232546,0.00017694854803915265,1.1598706128827472,0.14864211263494487,0.27858276397164106,3319.4968109323213
0.9729362754151225,0.964724637567997,0.8739622486755252,0.5875104330480099,0.0008385188690401778,1.159525535850927,0.19944974512188737,0.2764677566701847,3318.1017767525373
0.979966570623219,0.9685024404898286,0.6171532012522221,0.953300298191607,0.0012000405007211387,1.1590545741074505,0.20211051484551668,0.35055737520690644,3316.198469215028
0.7394655654206872,0.9651574967429042,0.8171606780961156,0.902366210706532,1.3189413411649798e-05,1.1590127853787973,0.12603416756335167,0.21993252742535785,3316.0296230870936
0.9838558267802,0.9049796964973211,0.8790667504072189,0.6687181871384382,0.00039273257727285367,1.1587292287830477,0.1805390416418643,0.22836030454265338,3314.8840739525663
0.515405798330903,0.9140635384246707,0.948527661152184,0.9957341346889734,1.813985766308908e-08,1.1586327644207812,0.10099977647997131,0.1630622212032088,3314.494425330907
0.9171347785741091,0.8226686222478747,0.9978846870362759,0.7538362620398402,0.0007157337910567083,1.1584909425068344,0.17121753470890147,0.24314367132186862,3313.921619897176
0.6996236871927977,0.9535970641300082,0.8369803484529257,0.9381560441106558,1.6332842210819421e-06,1.1581688040939269,0.11503465876627933,0.19634816542982336,3312.6207806348248
0.6387879820540547,0.9847130104899406,0.8311244938522577,0.9540999867022038,2.8938035501871923e-05,1.157950093911642,0.12016235780511644,0.21664739345615733,3311.737794739102
0.9222200838848948,0.9831243194639683,0.8130680229514837,0.6833568224683404,0.0006554497721051849,1.1575545684869097,0.1880439863035187,0.28635502906248106,3310.1413652085653
0.8752217926084995,0.8096820870414376,0.9523685676977038,0.8760068928822875,3.782178010907825e-05,1.157264290998746,0.14450106270745697,0.2080874570791913,3308.9700695045676
0.8818189688026905,0.9239334249868989,0.8152620811015368,0.8172108987346292,6.63817475360635e-05,1.1572161495574327,0.1483932655746944,0.23497236110077696,3308.775841427835
0.7677996959537268,0.8876380696892738,0.8669495610520244,0.954781835898757,6.27160638642395e-07,1.1571096840567674,0.11549732574934414,0.1417820483773741,3308.346330430143
0.8184277079999447,0.8517197174951434,0.9191895900294185,0.8887208886444569,4.032917847317906e-06,1.1566856317119665,0.12791355495111809,0.143291803170079,3306.635959181869
0.9840407921001315,0.801565139554441,0.9050341881811619,0.8550411984324455,0.00015502105588591068,1.1565754281776073,0.1636298752320695,0.2160308705003483,3306.1915619854494
0.14049074240028858,0.9438878493383527,0.9740877086296678,0.9924763087183237,1.6521833388619767e-09,1.156107748443538,0.04659732331553534,0.05683493340286381,3304.306084037141
0.6550009530037642,0.8536588391289115,0.979033799842,0.9757207604125142,4.568099112869448e-05,1.1560288752777261,0.11919115616699855,0.19367379043994096,3303.98817353161
0.9602931011468172,0.870658203959465,0.8520190874114633,0.7963143698871136,0.00017785039785230455,1.1558863827793426,0.15848459232199372,0.2150129630006584,3303.413887564355
0.15198234748095274,0.9857259821146727,0.9904100988060236,0.8962182085961103,1.85743845526576e-10,1.155746886240076,0.04735012311533053,0.07443068800902822,3302.8517411510015
0.9738067826256156,0.8854821184650064,0.938461123034358,0.6350834080949426,0.00035457763838890865,1.1554371539488906,0.1856197300090244,0.23284593094913464,3301.603804491514
0.9826542614027858,0.9694924475625157,0.7057011388242245,0.7965679056942463,0.0009867203765778266,1.155307707491925,0.19556995659453502,0.32067362945689765,3301.0823480153836
0.8431238289922476,0.938722925260663,0.7184972781687975,0.9936403427273035,2.2842206397441482e-05,1.1552358560257716,0.15049087888331752,0.28306783634083565,3300.7929285680216
0.9583045318722725,0.8370312787592411,0.8274788884446025,0.9224447226151824,0.00012414694141823937,1.1551588701025657,0.15084726790155187,0.23889630129100153,3300.4828463140275
0.8833225360140204,0.9455112395808101,0.7785859862342477,0.8262034114450216,9.717408758904293e-05,1.1546759833467108,0.15673660456160132,0.26868799855066267,3298.538331450077
0.8056865530088544,0.8928547594696283,0.9827073272317648,0.7211428144946694,0.00023317707636978443,1.1545137985945053,0.1546865887781007,0.19797480445572904,3297.885409568025
0.974556440487504,0.7819988951086998,0.9629541728645563,0.8252899711951613,0.00024236836999192912,1.1538490036011495,0.17188350828353005,0.24720490069710965,3295.209990362282
0.9585659177973866,0.987675559706986,0.8337325369939208,0.6170607665553689,0.001124362356948322,1.1531182217608908,0.20293941385191083,0.29272503264288546,3292.2706921649356
0.9413646887987852,0.9747123438864946,0.8454809989780188,0.6307033728808165,0.0006631342897935094,1.1531026502962327,0.19290855837169182,0.2788179988553211,3292.2080808755436
0.22331657726317644,0.9251029118895531,0.9948493987321854,0.9893106883391738,1.3371564256489636e-09,1.1529793214831943,0.05897834117004379,0.1013561422284631,3291.712216350176
0.36970413848757744,0.9818921349942684,0.9934508902952075,0.8551952820271254,1.1643071723717742e-07,1.1527036347537118,0.09422700457377062,0.17605361419101626,3290.6039518769217
0.35942874010652304,0.9797905432060361,0.9774648528546095,0.8815177334472537,4.4991296837853443e-08,1.1525333358051075,0.08500688685857942,0.16097925668751095,3289.9194727108793
0.9461203180253506,0.7763881487771869,0.9576306808739901,0.8713656216859818,0.00013640702438531808,1.1524647707100406,0.16317406082117092,0.23850927934680335,3289.643917334232
0.7496789786964655,0.9632917735725641,0.8333835527300835,0.8604172617197037,9.302262721644766e-06,1.152382772329175,0.12949978822579655,0.20459537825584465,3289.3143954052625
0.8846971308812499,0.9682954102754593,0.7194036981090903,0.8713686158880591,0.00022417703246322684,1.1521140937149594,0.16845071677865012,0.29927787454927984,3288.2348278710756
0.989071418531239,0.7893725102767348,0.8555825361981988,0.968184819445014,0.00015829634559228484,1.151951218334178,0.16580075225915533,0.24037409333647577,3287.580499938244
0.35640311148017645,0.9922443507239223,0.9503900799900293,0.9000914404168725,3.0363699077914815e-08,1.1519489856906688,0.08371818725694945,0.14628801065230032,3287.571531226675
0.5854134568944573,0.9607790475711226,0.961880574002862,0.8196909436956048,2.672626269240962e-06,1.1519126127957688,0.12065871916268106,0.17195347777295764,3287.4254206413316
0.6926820809021592,0.9294240335002542,0.879843114875257,0.9160596719011664,9.202421110127903e-08,1.1518926487389303,0.10958989228748184,0.13101897909392124,3287.345226507891
0.7342019639909267,0.9789265878498554,0.9903440214693546,0.6264892658218741,0.00045403085797465726,1.1517625986657258,0.17190866940081403,0.23756855332681437,3286.822857089164
0.6977082891389728,0.9892689380794764,0.9512619925662875,0.6896570976823568,2.765739206532312e-05,1.1516319821878762,0.1538876358695124,0.1952944777921837,3286.2982685584884
0.8891745852306485,0.8330114679411054,0.9432310191914439,0.8128613475710154,4.806450119226865e-05,1.1515426534411517,0.14941578572026631,0.19685796424988986,3285.939534194235
0.9367703534662724,0.943163669668138,0.9072926640510559,0.5965131027624011,0.00030445150239245133,1.1515357478503154,0.1881558524572143,0.2518584979914714,3285.911803197294
0.9872502433136106,0.8485279511660337,0.8286001812666655,0.8563159452751279,0.00020142623559236622,1.1513261046511685,0.1594931503150856,0.2399126799501905,3285.0700070312487
0.9469878822565079,0.8226258028298616,0.8540387963876128,0.9214186491444707,9.455946721149383e-05,1.1509168132119738,0.15008390375239464,0.22103560193110125,3283.4269642738327
0.9856271976605058,0.7550002010539174,0.9025873560458422,0.9798993701115251,0.00016325414351357073,1.1509035801566994,0.17469304195014002,0.22876122410823713,3283.3738512205614
0.9794331211596727,0.9257716946303844,0.863312172703445,0.6491894582286477,0.00046871526642013446,1.1507279787529552,0.18553920026940796,0.250004418705064,3282.6691004136565
0.9980630446225405,0.7195314457640052,0.9961287388578057,0.9210196910426021,0.001020481814695438,1.150581311093713,0.19128906974887536,0.27111648914542524,3282.080548581686
0.8400067277252674,0.9887054013088346,0.755318297073245,0.8327818289399147,0.00028672655990689337,1.1505289730958483,0.16624014196371,0.2810326739975071,3281.870542383367
0.6573692569509149,0.9775805165991187,0.8698686063289642,0.8733837977051735,1.269814564742794e-05,1.1505093897585328,0.11968784206063558,0.16572220980652408,3281.7919665603886
0.8969839531928301,0.8770486330613494,0.9703781884163618,0.6760470997542143,0.00018349499614631106,1.1504279597910714,0.1715031064626155,0.22440749590722936,3281.465251951349
0.8664168734103441,0.8780359318479896,0.8043171102181077,0.9591620974242687,2.379360678103516e-05,1.1503512495139565,0.1351915354374026,0.2272854085245534,3281.157493662631
0.943716156296432,0.9731377009302378,0.6186315082013607,0.9701628889888525,0.0009699208113298044,1.1503500677452356,0.19813248253848922,0.3475233273199722,3281.1527526090454
0.9345445856451988,0.9103658981621265,0.8567584864795208,0.7240028297528625,0.0001814838773057986,1.1502955472916563,0.16573282042187693,0.22201573655131027,3280.934030874761
0.9397523021325469,0.7785583902150393,0.9426063364371657,0.8919205563142896,0.00010055419628049023,1.150283448101925,0.15929226955342166,0.2265654716877912,3280.8854934269825
0.7183001497760415,0.9768675696104765,0.9036077000200748,0.7564823236316442,1.9615830606345518e-05,1.150120187445412,0.14048568080603516,0.16077612942827457,3280.2305993750365
0.2733038393780589,0.9570475146174431,0.963762384839356,0.9582973569631577,6.239410296586527e-09,1.1499747561480707,0.06112849920164594,0.10914567228966784,3279.647298581181
0.4464473808184266,0.9964228654280305,0.8808705173432827,0.97760143969208,1.7008330084501465e-06,1.149971894289632,0.10379736432170081,0.18892168624197672,3279.635820837988
0.9635322829708457,0.9236802663654089,0.7806394575163722,0.7811287119984627,0.0003328461457881967,1.149876359207745,0.17207191039945802,0.27636503896323145,3279.2526841295244
0.9646780751645565,0.8367293104529381,0.9832418793812394,0.688382395543158,0.0006567280801119234,1.1492310359547435,0.18444562267146533,0.251151351700157,3276.665444452051
0.6727276779711246,0.9879682641476393,0.9001691490411758,0.7887294916436076,2.1407267665287653e-05,1.1488095986301288,0.13443743772629502,0.1540474038702654,3274.976548217974
