x1,x2,x3,x4,ensemble_ei,ensemble_mu_mean_model,ensemble_sigma_mean_model,ensemble_mu_std_model,ensemble_mu_mean_original_approx
0.08930880669504404,0.9949402837082744,0.997317111119628,0.9712188728153706,0.12284982458980094,3558.809278795379,30.45007529711134,644.9203539699296,3558.809278795379
0.06985946092754602,0.9780938820913434,0.9615448582917452,0.9976585637778044,11.45031738124081,3317.599891124321,157.76493453753665,667.304194063154,3317.599891124321
0.09588462673127651,0.9911809070035815,0.9693149151280522,0.9357039099559188,3.2864049347545277,3294.298689644207,135.8125595107299,622.978553149422,3294.298689644207
0.024442875757813454,0.9638157486915588,0.9914688859134912,0.9871344473212957,7.482465733892008,3291.225459780257,142.09695826899312,728.7409931041449,3291.225459780257
0.039904240518808365,0.9867686377838254,0.964910751208663,0.9653999460861087,6.099351348290121,3282.9996654584997,145.78183471324522,719.0173230138148,3282.9996654584997
0.28713923413306475,0.9966039331629872,0.9860478648915887,0.9951532753184438,32.57118376573764,3279.4025523755577,172.08972096397,1010.0194011619384,3279.4025523755577
0.05092742666602135,0.9699236629530787,0.993950204923749,0.9409667560830712,2.6238920909994463,3259.4966517115386,109.90059296277386,573.2430692024992,3259.4966517115386
0.1591685153543949,0.9973588939756155,0.9804485449567437,0.9463658453896642,2.151864394061871,3221.4962434361923,135.8587689665696,911.2119786144565,3221.4962434361923
0.20083819422870874,0.9752566423267126,0.9838412301614881,0.976683996617794,3.2475438420024845,3203.2041311777475,130.19669325765634,880.8406339238211,3203.2041311777475
0.06102058012038469,0.9894810803234577,0.9346922300755978,0.9737394135445356,6.926034704030088,3169.907670277455,158.93345397249527,750.4082963535894,3169.907670277455
0.5568616222590208,0.983059230260551,0.9954550080001354,0.993830575607717,19.996583322263845,3138.233335600603,217.68170696361432,1095.8017367291343,3138.233335600603
0.20441625360399485,0.9901484847068787,0.9479201743379235,0.9912218768149614,11.275513615901582,3125.6175176575184,190.48004144214326,936.7292757045525,3125.6175176575184
0.3216029182076454,0.9759815754368901,0.989472140558064,0.962900348007679,2.350720433811446,3117.402299192601,160.72920875869352,962.0542323635683,3117.402299192601
0.5834216428920627,0.9895214913412929,0.9998404011130333,0.9615679029375315,11.477083052692947,3102.8631682271284,194.4994061842093,1097.4616057383998,3102.8631682271284
0.34809724800288677,0.9654792826622725,0.9958101036027074,0.9798473408445716,3.246369001732981,3100.4595908612205,151.7280668660761,982.4391020984725,3100.4595908612205
0.07926071435213089,0.9832479394972324,0.9312184229493141,0.9414674146100879,3.1956111554693445,3065.871080553377,191.98297028500926,674.8137569542715,3065.871080553377
0.2192739760503173,0.9662189828231931,0.9706786992028356,0.9621593495830894,1.5059633267922774,3065.1684060035377,140.2785512127066,778.8763763536721,3065.1684060035377
0.5378535892814398,0.9979544477537274,0.9673120304942131,0.9752950565889478,14.292801564845764,3062.049149147611,218.61337232448773,1109.5061078061854,3062.049149147611
0.23921525292098522,0.9790045898407698,0.9869412165135145,0.9264593226835132,2.0276495820146274,3058.4818474810254,160.65620157708707,817.8027476880968,3058.4818474810254
0.4682961255311966,0.9952382370829582,0.9756338354200125,0.9537139870226383,5.113508408606806,3054.900010600114,186.09634160315875,1062.9071013155158,3054.900010600114
0.30760637391358614,0.9841515524312854,0.957431991584599,0.9727342491969466,3.41652889350365,3047.157153576677,183.01543217434715,988.7737445444053,3047.157153576677
0.10415985342115164,0.9553847070783377,0.9590558502823114,0.9499726528301835,1.6406027684359872,3046.1732025494607,162.08759426443856,541.3946853058084,3046.1732025494607
0.6688334550708532,0.9871791806071997,0.9779517641291022,0.9875119058415294,16.66718937860999,3039.127190526885,237.00304448032392,1144.43120687605,3039.127190526885
0.18557709082961082,0.9824656099081039,0.9513137536123395,0.9590192949399352,2.2582878905677974,3037.3790636797,173.26791996971156,906.8091388733552,3037.3790636797
0.14049074240028858,0.9438878493383527,0.9740877086296678,0.9924763087183237,3.3236925132390787,3029.2932166014966,151.42003666169379,784.3163475737567,3029.2932166014966
0.013160723261535168,0.9815451456233859,0.9727580780163407,0.9054062832146883,5.1382121046376925,3022.119193283568,191.25423267588602,766.703334201302,3022.119193283568
0.4227163838222623,0.9697177484631538,0.9721762109547853,0.985907063819468,4.542825701167414,3020.715076770879,197.18534118972747,1004.4088638757122,3020.715076770879
0.03160043526440859,0.9598198607563972,0.9790925094857812,0.9203997598960996,1.88421515096603,3013.8126298649604,172.81812215246745,624.2784814193052,3013.8126298649604
0.11554755177348852,0.9385397285223007,0.9880875628441572,0.9568811384961009,0.9722975467299645,3013.7996849548804,98.61441365566893,623.4875654259567,3013.7996849548804
0.07600118219852448,0.9976515341550112,0.9026445113122463,0.9639170030131936,5.582597121044573,3012.5469552327586,216.263302168996,832.3820845319404,3012.5469552327586
0.15198234748095274,0.9857259821146727,0.9904100988060236,0.8962182085961103,1.9086243850575852,3006.1433519061775,150.5483250944095,871.7477882497551,3006.1433519061775
0.0058496613055467606,0.9469693507999182,0.9556736331433058,0.9822324626147747,4.679533516248404,2994.7660752083657,194.87950773070523,724.6084819953602,2994.7660752083657
0.22661659680306911,0.9939002469182014,0.9604461584240198,0.9176512816920877,1.3655174189430128,2983.4080803747133,163.6105668085644,824.5203607816688,2983.4080803747133
0.38428021408617496,0.9812781810760498,0.9983770484104753,0.9191876370459795,2.758985885680243,2983.168564311954,195.17986942855657,965.9953204971139,2983.168564311954
0.2806225288659334,0.9850320415571332,0.9808432552963495,0.9137246143072844,2.0038272016252705,2969.0586722661933,189.5802521526195,901.4629083509084,2969.0586722661933
0.4181152852252126,0.988027123734355,0.9437167104333639,0.9829582078382373,7.717583583377807,2965.2421896607807,225.6386428829299,1056.811004219647,2965.2421896607807
0.8196333888918161,0.9774896176531911,0.991877387277782,0.9688758607953787,8.477283479726175,2962.5269265374914,267.57192379982155,1126.873258068493,2962.5269265374914
0.11177960503846407,0.9211049200966954,0.9771019844338298,0.9995926422998309,4.197213406880473,2956.037120999875,140.82705685477129,557.9895956885148,2956.037120999875
0.028456911444664,0.9265906186774373,0.9804832255467772,0.9674026947468519,1.1219604856685046,2946.7165855928297,125.1876809094727,564.4797212627708,2946.7165855928297
0.26088737975806,0.9445975255221128,0.9992485577240586,0.9475970361381769,0.16541193985926017,2943.223526163415,157.78222570550685,764.8240651839029,2943.223526163415
0.39597405679523945,0.9995913710445166,0.9643899323418736,0.9239597544074059,2.996756809021154,2940.6725261271395,219.09072148898625,994.5329183048676,2940.6725261271395
0.333651527762413,0.9884315682575107,0.9540087291970849,0.9425031412392855,2.1188737699791287,2940.4796886708996,206.66523837865066,973.3051224635683,2940.4796886708996
0.954676540568471,0.9888115599751472,0.9742205962538719,0.9792178366333246,16.882440049400905,2940.3293026941974,315.78191466199826,1160.7945458407626,2940.3293026941974
0.646236383356154,0.9989875834435225,0.9889852292835712,0.9214793890714645,7.353767438503844,2940.3087130723434,240.08403743067393,1079.4036020583103,2940.3087130723434
0.22331657726317644,0.9251029118895531,0.9948493987321854,0.9893106883391738,2.509385032095528,2936.8146159535095,103.017573855492,664.3366584649368,2936.8146159535095
0.8395652789622545,0.9958032472059131,0.9555099299177527,0.9992598555982113,26.099519016367022,2933.6369461809413,295.67138377424084,1198.9473826341014,2933.6369461809413
0.1664825575426221,0.9627832276746631,0.9662937875837088,0.9335657833144069,1.1194709942442551,2926.632085666008,180.6954954600429,787.5909439412029,2926.632085666008
0.691128614358604,0.9777720328420401,0.9823094708845019,0.9553133752197027,4.097171562848849,2922.5157876978333,230.91971998797814,1107.9979801775553,2922.5157876978333
0.16470119822770357,0.9777928898110986,0.9210637351498008,0.9838985670357943,5.186501005432071,2915.4346007551026,223.20321201699716,945.120532145498,2915.4346007551026
0.36771159432828426,0.9530268982052803,0.9672017330303788,0.9885258423164487,2.6895500314782983,2914.3738843187243,194.8061638585562,945.2605461379861,2914.3738843187243
0.07720291614532471,0.9504129812121391,0.9825195865705609,0.8901014178991318,0.7254015257457439,2911.276784221255,154.11628919863938,532.8286934290135,2911.276784221255
0.2733038393780589,0.9570475146174431,0.963762384839356,0.9582973569631577,0.7614830689751649,2910.545604171024,190.6502604493796,827.5306913608509,2910.545604171024
0.3154610777273774,0.9877266082912683,0.9237434817478061,0.9966648733243346,11.045325624582745,2910.190646284761,246.28272078961282,1046.4254588145493,2910.190646284761
0.14370047487318516,0.958779695443809,0.9381436528638005,0.9759166538715363,1.989651218331077,2906.591955229759,193.49597255500893,842.3743395975567,2906.591955229759
0.7891556760296226,0.9873695792630315,0.9874270549044013,0.938640701584518,6.358756871896526,2906.2016477997795,266.9417065374487,1112.232934828389,2906.2016477997795
0.12112577073276043,0.9581056153401732,0.9288209825754166,0.9895615242421627,4.232302788774448,2903.1059722491736,192.296656799119,843.0768374377737,2903.1059722491736
0.4042865661904216,0.9640984488651156,0.9815049562603235,0.9382859822362661,1.2860544260157352,2901.208349770571,199.46920060448235,912.3919951129735,2901.208349770571
0.617483732290566,0.9516761302947998,0.9857011139392853,0.9784959079697728,1.702202837820033,2897.8139755350235,210.665824469412,965.7521102533243,2897.8139755350235
0.5983557449653745,0.9665713515132666,0.9575353749096394,0.9911187207326293,4.95479298800205,2889.892128185071,233.74808640875165,1034.5798593527122,2889.892128185071
0.03371745813637972,0.9750760514289141,0.8991715982556343,0.9941671825945377,10.697746336587459,2887.1731317702074,257.256081200146,877.3117129341493,2887.1731317702074
0.007719747722148895,0.9796189684420824,0.989978950470686,0.8615342592820525,5.003028565415814,2885.8936574618924,180.29200431303852,816.478070755786,2885.8936574618924
0.10795837361365557,0.9340474857017398,0.9505115961655974,0.9692695299163461,1.0910822488645364,2883.2148429208783,156.4582227131366,541.0812971572941,2883.2148429208783
0.08198811858892441,0.9672617744654417,0.948997856117785,0.8910359237343073,3.2037874044034704,2877.8342842650613,188.52964017692364,610.7776635502961,2877.8342842650613
0.5225532427430153,0.9583977907896042,0.9900704212486744,0.94623252004385,0.9705607276664762,2877.731665983958,204.5475757770393,962.7853227205147,2877.731665983958
0.5472548445686698,0.9948052205145359,0.9370476920157671,0.967992827296257,6.38521334072915,2877.4978412679657,250.57509361402705,1099.1997791759886,2877.4978412679657
0.8944204309955239,0.9576726062223315,0.983982939273119,0.9950426891446114,5.750540423264773,2864.216699836228,305.885490076943,1075.9019210613783,2864.216699836228
0.9773365678265691,0.9928074479103088,0.9924876866862178,0.9278185004368424,9.788083964619458,2857.9318390159788,320.1916449331027,1122.2013616483632,2857.9318390159788
0.14183396100997925,0.9915511822327971,0.9761111130937934,0.8678546501323581,1.6758418881223687,2857.653124316567,170.13112266923562,885.6435779278986,2857.653124316567
0.7107341978698969,0.9676122339442372,0.9987627193331718,0.9373022187501192,2.6468708117737334,2852.51064959467,234.2228865326631,1069.441077402142,2852.51064959467
0.08731507044285536,0.9611922716721892,0.9632630832493305,0.87255625333637,3.1424776499133116,2851.1803412366007,164.95477491898538,639.3375994862943,2851.1803412366007
0.10224239248782396,0.9851196873933077,0.985548697412014,0.8312909621745348,3.221743426470319,2847.9860237266303,147.39454980422545,731.9064704591017,2847.9860237266303
0.7551028812304139,0.9461066406220198,0.9977325266227126,0.9848196841776371,2.3343911129476873,2844.6359997365853,247.0732352413604,1045.4653196516122,2844.6359997365853
0.4754231860861182,0.9914178103208542,0.9949652375653386,0.8869190132245421,3.9050802782745007,2841.378349022494,208.8580432119326,1020.8073707496849,2841.378349022494
0.5718632070347667,0.9746315227821469,0.9629275314509869,0.9450388848781586,2.3059107935240264,2840.3626597829875,226.53487265772554,1015.6923802365133,2840.3626597829875
0.29332613572478294,0.9770987275987864,0.9271522900089622,0.966424198821187,2.4959027364547617,2835.0210866194534,228.37950549464077,960.6243958008083,2835.0210866194534
0.1782250227406621,0.9478875668719411,0.9928116071969271,0.9110323870554566,0.18310475294472742,2834.5583975352247,162.0450985307713,756.6875014679938,2834.5583975352247
0.1952628344297409,0.9869403997436166,0.9176252437755466,0.9516940480098128,2.14059927274869,2831.8669448118285,211.46074768389826,937.9875980418284,2831.8669448118285
0.253545681014657,0.972583475522697,0.9470125716179609,0.9303986318409443,1.7862802749903688,2831.0232589597995,216.3927352533799,820.581216761529,2831.0232589597995
0.4827351700514555,0.9566584499552846,0.9495792482048273,0.9988744938746095,3.6926143318018685,2828.367060484403,243.78895211473784,991.0709960447879,2828.367060484403
0.936291447840631,0.9837992116808891,0.9698055200278759,0.9489285638555884,5.985659457665673,2826.83987190526,311.89078396758333,1106.911636017339,2826.83987190526
0.25145130790770054,0.9563512587919831,0.9335132157430053,0.98120825458318,2.2561782740444456,2820.944208261709,221.6779240512402,839.8729544717902,2820.944208261709
0.059208464808762074,0.9429772775620222,0.9524259464815259,0.9232187559828162,0.18064932039562925,2817.8592297751998,158.88325704987227,481.0505432465861,2817.8592297751998
0.6719678174704313,0.9703360795974731,0.9499041242524981,0.9806340569630265,4.2826339986729325,2815.4213900904315,256.20077943450946,1088.1561162500482,2815.4213900904315
0.7751590171828866,0.9644202664494514,0.9613728104159236,0.9838012140244246,4.157705125856178,2814.1369739593083,275.8972873059944,1090.8808581830376,2814.1369739593083
0.13669032603502274,0.9147192016243935,0.9982582665979862,0.9570546913892031,0.40101771623336757,2812.6490364278975,104.77234753626043,677.8140819878192,2812.6490364278975
0.00695987232029438,0.9932366572320461,0.9070255970582366,0.9313579918816686,6.240423327090196,2811.1056543960144,256.9807804884788,879.7109932803452,2811.1056543960144
0.4002420688048005,0.926857715472579,0.9905394231900573,0.9809707831591368,1.3463949702331994,2807.9050768887414,175.51816172762352,836.0322819701512,2807.9050768887414
0.7180700553581119,0.9946203678846359,0.9455454042181373,0.9503199569880962,5.36070825543733,2801.4282899872887,264.11481696437096,1143.714915449506,2801.4282899872887
0.8539281748235226,0.9562460016459227,0.9932985184714198,0.9545876244083047,1.5924188489497328,2801.0526598198667,279.5952686795898,1037.196294274129,2801.0526598198667
0.44917502347379923,0.950161281041801,0.9886079030111432,0.9349819719791412,0.31731445090942306,2800.23582672282,184.21300779681286,900.3793130661691,2800.23582672282
0.4408721402287483,0.976926488801837,0.9402581918984652,0.9526648800820112,2.312541476385547,2800.0632757826347,205.05881617390295,1006.1700611828247,2800.0632757826347
0.018913055770099163,0.9521318739280105,0.925363514572382,0.9572921479120851,2.055936909970908,2799.441344491697,227.00597620632124,724.6929397891254,2799.441344491697
0.7668618559837341,0.9992390023544431,0.9833553917706013,0.9038281142711639,6.23128587015283,2796.171110371208,263.1310289724446,1123.3310123543276,2796.171110371208
0.7329974817112088,0.9560403423383832,0.9721031663939357,0.9720544526353478,1.5783817901968111,2794.6436188444845,251.94856344887467,1052.2290620463007,2794.6436188444845
0.1238610427826643,0.9743383200839162,0.9426711136475205,0.9074256094172597,2.3544664485916558,2793.7758275871734,189.44598236019348,813.4495213650523,2793.7758275871734
0.8016455983743072,0.9690621448680758,0.9599593682214618,0.9670028770342469,3.1603465847029333,2793.2271082086645,281.80138208960693,1080.8149667045532,2793.2271082086645
0.017093549482524395,0.9983939351513982,0.9392288448289037,0.8752434924244881,5.499680263230975,2789.8645371734015,234.28744251297906,811.3524710085161,2789.8645371734015
0.3410026142373681,0.9536708798259497,0.9749794062227011,0.9296379201114178,0.45856750393078194,2789.0920411809757,189.72712047004745,859.4986903791906,2789.0920411809757
0.5929795447736979,0.9700172431766987,0.9326468911021948,0.9982394324615598,6.397713509956487,2786.037893533135,263.233244281293,1067.2616936941315,2786.037893533135
0.4869722332805395,0.9383490784093738,0.9780312459915876,0.970481681637466,0.4166029334541244,2783.327219491646,194.95188912191662,900.0835885159883,2783.327219491646
0.14747031033039093,0.9335211496800184,0.9647557586431503,0.9483456984162331,0.19318905524018967,2782.8540789437247,154.47868954422435,694.9288623375542,2782.8540789437247
0.9084237655624747,0.9962534736841917,0.9421814605593681,0.957698498852551,8.549890486278748,2781.304297820452,323.22226718037984,1142.7828164889636,2781.304297820452
0.026479095220565796,0.9925610609352589,0.9535009786486626,0.8566095652058721,4.5279737059273275,2775.7513193486934,211.90777816419774,782.0357801442631,2775.7513193486934
0.8731142478063703,0.9734899001196027,0.9789812564849854,0.9341388838365674,3.128272789849179,2775.3719871879143,293.6765427420523,1061.2264005782497,2775.3719871879143
0.08575801737606525,0.922239082865417,0.9536373279988766,0.9337393064051867,2.5500197802574425,2775.205631891111,149.37481387632633,465.71204225317587,2775.205631891111
0.17613827902823687,0.9941496169194579,0.8856995357200503,0.9849781468510628,7.615253735935908,2764.803638947782,256.9565767989801,1061.6092294428497,2764.803638947782
0.5033178040757775,0.9712470276281238,0.9751440649852157,0.9111352227628231,1.8460891444096341,2760.689964057105,217.84303103851576,968.9940151917835,2760.689964057105
0.21272676438093185,0.9543495597317815,0.9962663110345602,0.8807919882237911,0.4808273225488481,2760.247126138852,165.9144997293837,754.6237367087178,2760.247126138852
0.5187852401286364,0.9328635456040502,0.9829914653673768,0.9733762294054031,0.6056365601155523,2757.3570195978336,191.25349496843796,903.711556384749,2757.3570195978336
0.6971941608935595,0.9972696015611291,0.9152351664379239,0.9889319026842713,13.900633226192827,2745.3933603585065,294.2842106284404,1207.319611655436,2745.3933603585065
0.13218586426228285,0.9708365127444267,0.9569762628525496,0.8854036070406437,1.9973235443343134,2744.843697986401,186.67897412169998,817.7430892469574,2744.843697986401
0.4588145175948739,0.9834846248850226,0.910024382174015,0.9902853621169925,7.546166685154072,2744.5079723150093,258.4438169502016,1103.9337862988782,2744.5079723150093
0.5308810407295823,0.9861384304240346,0.9407489178702235,0.9317537304013968,2.4724011904226084,2744.150962020926,249.87948615793036,1021.9218733427242,2744.150962020926
0.14255998469889164,0.974041142500937,0.9248044528067112,0.9249763796105981,2.0206660864202344,2743.8668834720443,219.8516336630603,839.8796502595142,2743.8668834720443
0.06794701050966978,0.9482501754537225,0.9997487962245941,0.8460784750059247,0.20054500701551572,2741.7871809224876,146.55292746473654,637.7440134659504,2741.7871809224876
0.35640311148017645,0.9922443507239223,0.9503900799900293,0.9000914404168725,1.7208094495759747,2741.2955094952117,204.49170507628784,985.5454605574837,2741.2955094952117
0.9506083074957132,0.9763635080307722,0.9377653710544109,0.9898875206708908,8.768643228407939,2740.519632285153,342.54396708251386,1128.2072434575527,2740.519632285153
0.41077084466814995,0.9600415108725429,0.9852105090394616,0.9027102487161756,0.9174969968405915,2740.043578347064,210.25872918134985,889.8692032311724,2740.043578347064
0.6340485224500299,0.9821406677365303,0.9544946849346161,0.9223834965378046,2.5690729388087563,2737.8046422116768,252.5238956494118,1008.6891170096245,2737.8046422116768
0.12659812811762094,0.9342233380302787,0.9325200710445642,0.9868817152455449,2.9247437166467978,2737.418630026895,181.47103529130115,785.6369912978911,2737.418630026895
0.35942874010652304,0.9797905432060361,0.9774648528546095,0.8815177334472537,2.1157399525129827,2735.320993287478,188.19361330348605,968.5769397023142,2735.320993287478
0.9967933632433414,0.9524313760921359,0.979582279920578,0.9647503169253469,1.5675439446404116,2730.3787907642127,323.9235026347897,1028.738582834463,2730.3787907642127
0.4321553148329258,0.9892143746837974,0.9134055636823177,0.9599862825125456,3.0431516783358488,2730.0079109421686,237.00948198188703,1069.3373129371591,2730.0079109421686
0.09310731571167707,0.8954737167805433,0.9746128274127841,0.9519448839128017,1.865917933128135,2726.125310408023,132.3618907508311,442.9641331354172,2726.125310408023
0.2465348681434989,0.9513257024809718,0.9415516490116715,0.9437152640894055,0.3191011003643447,2724.8060609448125,210.74193392479333,743.6172873733793,2724.8060609448125
0.09467550180852413,0.9437005827203393,0.893323365598917,0.9788307305425406,3.4932354058533788,2718.0662007665246,210.94341027129678,755.6161386441879,2718.0662007665246
0.3760059727355838,0.9457866968587041,0.9461065512150526,0.9685785435140133,0.36275340627141456,2713.146096286692,214.373628327416,887.6102132784227,2713.146096286692
0.06770402286201715,0.9620977034792304,0.9167804373428226,0.9158993503078818,1.0728055768523765,2710.951198411311,211.1974224355178,629.8328976580405,2710.951198411311
0.21674074418842793,0.9369189292192459,0.9760033143684268,0.9156637974083424,0.01625693149029077,2707.796397260794,157.68591946213417,637.3860852327981,2707.796397260794
0.6267221122980118,0.9464043127372861,0.9764466946944594,0.9398566372692585,0.1983775443906956,2702.0086403525415,227.0156756015188,898.5280968762909,2702.0086403525415
0.6535397842526436,0.9632526515051723,0.9396901307627559,0.9662656914442778,1.712277034589722,2701.5142310749015,265.31007473181984,1023.3197464880291,2701.5142310749015
0.7834551464766264,0.9756781850010157,0.9296339014545083,0.97630400583148,4.799718371960402,2699.1121837568535,301.4466924221234,1119.7871876975457,2699.1121837568535
0.26465721521526575,0.9154138145968318,0.9731267429888248,0.9747140426188707,0.6420614087260621,2698.7652627751377,167.47658059460366,694.8407999325385,2698.7652627751377
0.36970413848757744,0.9818921349942684,0.9934508902952075,0.8551952820271254,2.384166093683686,2696.588168075841,198.33081863677901,982.4747014304962,2696.588168075841
0.6056524999439716,0.9935784293338656,0.9707128582522273,0.8789495313540101,2.910784146566174,2695.3566654520423,225.56682426626293,1014.3240910061461,2695.3566654520423
0.07340256310999393,0.9093003319576383,0.98960030823946,0.9094054624438286,0.07693423237990508,2693.1836279310346,141.72006038977187,402.30129462670385,2693.1836279310346
0.3500108905136585,0.9982526395469904,0.9654110362753272,0.8639117516577244,2.142072842080462,2691.271190135917,200.63261335201733,990.3105849341043,2691.271190135917
0.04688291810452938,0.889728618785739,0.9712457796558738,0.9841360235586762,3.630402138536709,2690.759225409039,162.84473130362693,442.7437366447529,2690.759225409039
0.24871319439262152,0.998569511808455,0.9281667321920395,0.8927268274128437,1.544885635258313,2689.25477932125,239.43003581373313,878.2079991698793,2689.25477932125
0.13039663713425398,0.955580310896039,0.907863131724298,0.9676382290199399,1.0837290549621321,2688.94932158435,207.0784296986824,882.4831200404356,2688.94932158435
0.26950342301279306,0.9317738460376859,0.9391053169965744,0.9931887313723564,2.5697822371495778,2686.807846504116,222.5217579347447,780.5679328933176,2686.807846504116
0.01528561394661665,0.9665354648604989,0.8967818468809128,0.9485831735655665,4.028664048776701,2684.1447894190123,258.4553507244866,836.2081707416988,2684.1447894190123
0.22932111285626888,0.9466616827994585,0.911287191323936,0.9998453706502914,3.1249300189027953,2682.871702801105,223.0046700374668,815.8046571269217,2682.871702801105
0.8824443742632866,0.9719259589910507,0.9968265062198043,0.8975752107799053,3.3471116426255474,2680.85363463517,299.6682840835874,1045.0015537222675,2680.85363463517
0.27126380149275064,0.9908110313117504,0.997824071906507,0.8229511780664325,2.818627197666647,2680.5861379910452,181.14149476023795,938.5271956929208,2680.5861379910452
0.08001104183495045,0.9969891253858805,0.9813500819727778,0.7652126708999276,3.81176698881295,2676.362670998532,116.53571055763261,818.0429510433053,2676.362670998532
0.9263661410659552,0.9954839339479804,0.9118855316191912,0.981585830450058,11.68064073915211,2675.3078526912327,353.3868342131516,1179.3337811117267,2675.3078526912327
0.6002713134512305,0.9993573445826769,0.987934922799468,0.8526592664420605,5.318408560673212,2674.738290231268,226.97769745880504,1036.8691960502767,2674.738290231268
0.8576980736106634,0.9346486506983638,0.9710823725908995,0.9972647959366441,2.0249594434963174,2673.5543706652766,297.09722354393244,992.3676502106222,2673.5543706652766
0.49432248529046774,0.9731098767369986,0.9678027564659715,0.8937128903344274,1.9146289067822644,2669.207239770206,229.70909180992828,957.2696122487771,2669.207239770206
0.729197128675878,0.9344275370240211,0.9923680853098631,0.9523303294554353,0.18426141412979283,2668.937219374555,239.60541021552726,954.1272272192178,2668.937219374555
0.10201228316873312,0.9716226570308208,0.9104231325909495,0.8991625532507896,2.626055268383833,2666.7473223585753,227.88155214320486,681.2407460226242,2666.7473223585753
0.09658918902277946,0.9734272258356214,0.9276210870593786,0.8649093480780721,3.402263429743877,2666.465724566523,211.98618886255395,689.1816575433978,2666.465724566523
0.8252850426360965,0.9970479849725962,0.9252904104068875,0.9440604085102677,5.017749751367699,2663.8263392148788,310.6781917743299,1135.0754693947517,2663.8263392148788
0.5116073340177536,0.9435078259557486,0.9531650543212891,0.9608618337661028,0.2027299554985312,2662.8152253396324,213.590665448912,917.3310762741629,2662.8152253396324
0.035643099807202816,0.9306551711633801,0.9861733876168728,0.877139431424439,0.08174414932823154,2662.180071417496,171.10153611203518,571.0406016739048,2662.180071417496
0.5662116724997759,0.9863772708922625,0.9051219839602709,0.9699077298864722,4.272362624311887,2660.384525611999,280.47950577508743,1112.5375569448954,2660.384525611999
0.9884646432474256,0.9803555812686682,0.9663742249831557,0.9150811759755015,3.4667363493449184,2658.710148709256,331.8793075841639,1061.8698159230164,2658.710148709256
0.630764776840806,0.9133018478751183,0.9967115167528391,0.9825605116784573,1.226115417500268,2658.5957837424635,224.82465929897967,849.3642726506923,2658.5957837424635
0.043918294832110405,0.902671180665493,0.9446478737518191,0.9852156220003963,3.749113677978221,2653.5680771855195,190.2712431316638,481.2667600601599,2653.5680771855195
0.46001601312309504,0.9684744672849774,0.9546285280957818,0.9086568001657724,1.5551793007553565,2651.65191215791,221.5563422292981,930.5075780946264,2651.65191215791
0.7771971626207232,0.9931777380406857,0.9993402371183038,0.8599310563877225,7.229789120818837,2649.4644076840773,276.32326027509146,1096.2494656394647,2649.4644076840773
0.8466007830575109,0.991799714975059,0.9527800865471363,0.9097437998279929,3.41604161423337,2648.5080857376724,296.2400472749583,1088.2820002974088,2648.5080857376724
0.9167428594082594,0.9614319829270244,0.9866242101415992,0.9123626006767154,1.5691671582063742,2643.023573753198,307.9795700471833,1007.3388874989543,2643.023573753198
0.33695806097239256,0.9361942810937762,0.9971974743530154,0.902094129472971,0.04082699343269546,2640.842098314353,187.49505744367931,808.8408004544227,2640.842098314353
0.7450386397540569,0.9737112950533628,0.9845816493034363,0.8892352925613523,2.487380838923698,2638.4368652788944,262.505416304981,1049.6990352716489,2638.4368652788944
0.5451827412471175,0.9622182175517082,0.9765687277540565,0.8948944313451648,1.1258552067281205,2637.6108684448304,233.48461693330867,934.0104038176753,2637.6108684448304
0.5635450948029757,0.9401156976819038,0.9810143513604999,0.9270813148468733,0.06199635052461269,2636.074216193625,219.965530487955,871.1500860475229,2636.074216193625
0.47896722331643105,0.9352757036685944,0.9600785588845611,0.9556480059400201,0.08646027964769995,2635.9812122557987,208.21614693419292,856.4039224698105,2635.9812122557987
0.8982188953086734,0.9321844484657049,0.9891106570139527,0.9596019983291626,0.34286127734409105,2635.8114936115376,291.87173521666745,944.2987561746004,2635.8114936115376
0.24252272117882967,0.9063071738928556,0.96816361322999,0.9785799356177449,1.1423280357151782,2634.128213348781,171.67686387124087,627.8326377458034,2634.128213348781
0.13770209439098835,0.990401684306562,0.8975847512483597,0.9181519402191043,1.6648785396658068,2633.921283611519,236.78029859338218,928.1447909458471,2633.921283611519
0.5359870903193951,0.9682185063138604,0.9937976989895105,0.868453724309802,1.7887767146602136,2631.2489689249815,232.63001189956248,968.7718872623258,2631.2489689249815
0.6628144001588225,0.9754265109077096,0.9196693757548928,0.9586235545575619,2.701789347172324,2630.4030392966292,283.5364596166874,1073.3336999206888,2630.4030392966292
0.04177266173064709,0.9539797762408853,0.9953022189438343,0.8158325552940369,0.6739416949160918,2629.0200901708945,165.0824137115004,709.5293122895486,2629.0200901708945
0.29929493740200996,0.9486582633107901,0.9716173280030489,0.8974341386929154,0.19657142264370658,2627.5682318205036,202.20308554506173,801.2515390896367,2627.5682318205036
0.009889288805425167,0.9853094918653369,0.8500364301726222,0.9993592761456966,15.075822627107652,2627.3277182728766,325.8889591838378,1075.2412933740877,2627.3277182728766
0.16293836943805218,0.8939706338569522,0.9850878976285458,0.9739749478176236,0.6366766792865073,2626.682136632014,153.7581248083683,650.6534290700291,2626.682136632014
0.49077075347304344,0.9208688046783209,0.9870655564591289,0.9507155967876315,0.06181510522246832,2624.6837357836926,192.16881901022708,816.6808964437038,2624.6837357836926
0.06126402970403433,0.9756192658096552,0.9769656425341964,0.7955019511282444,2.208921187042309,2623.500826505461,126.99918143385001,738.1714622994252,2623.500826505461
0.2063318071886897,0.9604266472160816,0.9819737551733851,0.8525183135643601,0.893909791349831,2623.399933677238,183.0592973201143,801.2084754005186,2623.399933677238
0.724676389247179,0.9905558153986931,0.9588991589844227,0.8921459605917335,2.874930675052711,2623.007776459596,265.14579714005356,1079.1513428834546,2623.007776459596
0.9690461121499538,0.9648856343701482,0.9519352205097675,0.9423619275912642,1.8992065845925918,2621.392460765566,332.4200794033778,1028.005592765318,2621.392460765566
0.6114191375672817,0.9634289210662246,0.9272852372378111,0.9525678027421236,1.363722069509881,2617.6860387471597,248.1281741023131,974.2135872326245,2617.6860387471597
0.24844922591000795,0.9811829691752791,0.971706579439342,0.8375438880175352,2.0241458359271194,2615.1979546992716,199.41715633918233,859.1661028212003,2615.1979546992716
0.3694626446813345,0.9992946702986956,0.9182030409574509,0.9064776636660099,1.8830992483266644,2613.6007161275206,254.9234710395693,1000.8724385256462,2613.6007161275206
0.29751333966851234,0.9958963505923748,0.8913304461166263,0.9399539455771446,1.8305556350847516,2612.901703330439,263.69541138480304,1020.7345564952656,2612.901703330439
0.6495277006179094,0.926240099593997,0.9623964559286833,0.9855701979249716,1.3958895724791671,2612.870503330905,243.6521072663273,901.2059430200843,2612.870503330905
0.11735591664910316,0.9328577015548944,0.9183218004181981,0.9619218893349171,0.6933661693778506,2610.4665486614,182.68349572604586,695.8486751164561,2610.4665486614
0.0990829411894083,0.9795797420665622,0.8465626901015639,0.9671170795336366,3.5147944980713697,2610.4032891631946,276.35085656952,972.5993602670126,2610.4032891631946
0.765029139816761,0.965671562589705,0.9311388814821839,0.959852839820087,1.9020755072851423,2609.0335374796723,284.38511225280484,1070.8907480908915,2609.0335374796723
0.4464473808184266,0.9964228654280305,0.8808705173432827,0.97760143969208,6.474473372555216,2606.667108489335,274.3513457184017,1156.484602530431,2606.667108489335
0.35758171882480383,0.9459827775135636,0.9369059232994914,0.9509663879871368,0.1546357455916492,2605.0537143816223,202.75764191903437,880.2977174358247,2605.0537143816223
0.15330185648053885,0.981006471440196,0.8636296093463898,0.989993616938591,6.467031790308692,2603.8841231796473,273.46263159579024,1075.6975866153966,2603.8841231796473
0.16443152632564306,0.9955470850691199,0.9944956190884113,0.7851599827408791,2.723287388096187,2603.4649863961786,129.18584575697244,939.6315750007659,2603.4649863961786
0.34408510103821754,0.9243172137066722,0.9696881920099258,0.9443990206345916,0.030094610854710574,2602.5230667810856,172.59115444847117,770.3310236114431,2602.5230667810856
0.39809870906174183,0.9523532949388027,0.9158869124948978,0.9749496215954423,1.1160614858713163,2600.0994577338265,252.5556731444259,939.3419448453144,2600.0994577338265
0.6101487092673779,0.9786846460774541,0.9451791113242507,0.9014525292441249,2.2377529843541297,2599.3437677002494,238.34024101884017,966.5001884343412,2599.3437677002494
0.991138850338757,0.9641228877007961,0.9216556381434202,0.9975003320723772,5.501989691043575,2598.7677972801844,365.8848341007134,1098.5345971491895,2598.7677972801844
0.5413823248818517,0.9291117833927274,0.9875562805682421,0.9297586111351848,0.04291501655150103,2598.3686865957598,212.3908204459781,829.9216013782927,2598.3686865957598
0.4067587610334158,0.930861247703433,0.9800847135484219,0.922048625536263,0.027549105263670923,2597.882738236271,199.4823266723163,778.3000359259449,2597.882738236271
0.7367405565455556,0.939197245053947,0.944032764993608,0.9965790761634707,1.9702975522322126,2597.526243201283,283.15233340161217,1009.3302656877712,2597.526243201283
0.48101487569510937,0.9719203626736999,0.9355842201039195,0.9166384413838387,1.817722303229522,2597.3739703160954,251.07372515571737,945.6747675658324,2597.3739703160954
0.3055723002180457,0.9505234649404883,0.9875797694548965,0.8710179887712002,0.2847120791641675,2594.0307767585487,194.2925081374328,845.4897935811803,2594.0307767585487
0.21389774233102798,0.9705822532996535,0.8891390403732657,0.954673376865685,1.8175688355400916,2592.961377937443,233.6146598488971,899.7747135512257,2592.961377937443
0.1925657093524933,0.9394600940868258,0.9628399778157473,0.9013188239187002,0.013860869992040524,2591.4534245635136,178.33453227268848,709.6153672125441,2591.4534245635136
0.8897401476278901,0.9452245505526662,0.9475354552268982,0.9745540488511324,0.9434650850617717,2590.8914615277945,312.1600595384934,998.0775450566971,2590.8914615277945
0.05027857422828674,0.9969385890290141,0.8708318397402763,0.9101183554157615,3.6895862966393826,2588.329433009783,256.5940194591783,861.9736538190947,2588.329433009783
0.48074715211987495,0.9854018175974488,0.9799788221716881,0.8448510933667421,2.482648713449471,2587.746728546449,222.7718171511198,990.9668370906782,2587.746728546449
0.378764103166759,0.9930309718474746,0.9321572398766875,0.8863858850672841,1.6556881780105155,2587.6869109852128,249.65488075849046,960.16937099415,2587.6869109852128
0.46452819742262363,0.8957255529239774,0.9963869405910373,0.996917586773634,2.2101524463728035,2586.7567531725854,204.8502511123292,804.1388403938493,2586.7567531725854
0.8884468609467149,0.9914918458089232,0.9297560239210725,0.9233810780569911,3.425427372871429,2583.8288420606636,328.89039469332346,1083.2690261002292,2583.8288420606636
0.8112522568553686,0.9886207543313503,0.8927553640678525,0.9928025510162115,9.998242752996973,2582.0832363087147,344.79386058818454,1195.0906235729879,2582.0832363087147
0.3436995008960366,0.9689266048371792,0.8947383603081107,0.9722011210396886,2.301813559515261,2580.292121132099,250.47384290414576,1027.7791202056749,2580.292121132099
0.6363260308280587,0.9659084398299456,0.9093638146296144,0.9736289484426379,2.37814170765742,2578.7291519583773,288.36772628237816,1049.1901712857482,2578.7291519583773
0.3030934017151594,0.9114217413589358,0.9938352545723319,0.932332650758326,0.018020682264673862,2576.8043912939347,168.01258733155024,708.3065808819139,2576.8043912939347
0.09965453669428825,0.8992864992469549,0.9959269016981125,0.8929623803123832,1.2761759883120776,2576.3448216551046,157.4391875345092,468.4809134345326,2576.3448216551046
0.04578473046422005,0.9363049976527691,0.9691804135218263,0.8585359528660774,0.0222820803648337,2575.6943448034153,182.43429207696462,569.836077875389,2575.6943448034153
0.07645439449697733,0.9899236196652055,0.9955220241099596,0.7320057135075331,3.1917742396489195,2572.137774484159,149.0587659101262,867.8354171690477,2572.137774484159
0.08758088294416666,0.9476964855566621,0.8897398849949241,0.9286976354196668,2.3524144693515248,2570.1373234610173,210.14770174147725,731.3095445073468,2570.1373234610173
0.05519638117402792,0.9177149860188365,0.957065261900425,0.9034950947389007,0.03907034406080017,2570.118453526836,158.72700604471092,412.1567949445968,2570.118453526836
0.6802945425733924,0.9425953449681401,0.994342815130949,0.9050593143329024,0.1473575488768074,2567.2247293108444,237.32942514309798,938.5316146968468,2567.2247293108444
0.1557807931676507,0.9055348811671138,0.9818659638985991,0.9316088166087866,0.10188449856464658,2565.669237247499,152.835695504663,612.6828906665564,2565.669237247499
0.8439573319628835,0.944561162032187,0.935496804304421,0.9920971523970366,1.9020584201687027,2563.816353665811,306.5672990886743,1028.145057523063,2563.816353665811
0.11355881858617067,0.9721828438341618,0.9579321257770061,0.8243445083498955,2.566488552692839,2563.428204569928,186.46993478921806,753.3742696731464,2563.428204569928
0.38002000842243433,0.9124560505151749,0.9566057054325938,0.9879097528755665,1.8968869690330177,2562.951311414501,213.59085563979895,786.7319316544556,2562.951311414501
0.8658098615705967,0.9379385635256767,0.9658078318461776,0.9515473349019885,0.15468833707231971,2562.8620777409483,291.321169460315,943.2614922681528,2562.8620777409483
0.0018051639199256897,0.9136542482301593,0.9471294609829783,0.9389792717993259,0.5810225318242611,2557.1881097678242,208.58640100643882,561.5962499839039,2557.1881097678242
0.45808666478842497,0.9972102055326104,0.9908874807879329,0.8101148018613458,4.284222099589057,2550.3206633951513,194.63016525869574,1014.9228400605712,2550.3206633951513
0.38609995879232883,0.9652915392071009,0.8867255300283432,0.9934242693707347,4.240538624708158,2547.7695991669966,287.8971761153052,1050.8009391599253,2547.7695991669966
0.9017544686794281,0.9843764062970877,0.9620345113798976,0.8828161265701056,3.067658368992617,2546.6117044643725,315.52940325853575,1049.5374571831987,2546.6117044643725
0.8312395391985774,0.9678789135068655,0.973600797355175,0.8884942848235369,1.830893681772914,2544.0933462162675,280.149544002118,1021.8529223853023,2544.0933462162675
0.0529653187841177,0.9410429364070296,0.9677086472511292,0.8402885738760233,0.024075306269357923,2543.6486156738265,171.9825779562181,603.328506959198,2543.6486156738265
0.07063346728682518,0.9539484456181526,0.8558840742334723,0.9834457319229841,3.9683282983353845,2537.605089176999,264.16293646918433,892.3089377330433,2537.605089176999
0.03345118369907141,0.988557543605566,0.9508902309462428,0.7983592730015516,4.174498740613649,2534.3095154063617,197.1960874411051,772.4881908142667,2534.3095154063617
0.3621334945783019,0.9647804042324424,0.9011068558320403,0.9558988455682993,1.4080350543470967,2534.0703690517857,242.253542063276,993.9106147518678,2534.0703690517857
0.9279951211065054,0.9489801125600934,0.9605182511731982,0.9310279795899987,0.3923803288977819,2530.401492966625,317.20123640523525,954.4939376022212,2530.401492966625
0.23797124810516834,0.991634352132678,0.8601911850273609,0.9578060256317258,2.162603924951268,2528.5763812840178,275.2821788706589,1027.4409789131303,2528.5763812840178
0.6194743579253554,0.9805578179657459,0.9594524372369051,0.8652439918369055,2.3464614387338365,2528.2519166934608,246.17664438889534,969.5637172588507,2528.2519166934608
0.8877060590311885,0.9741042936220765,0.9818408060818911,0.8691756511107087,2.714346549244944,2527.9549361345826,306.77514707131724,1032.0055736826932,2527.9549361345826
0.30481009650975466,0.9681558320298791,0.9123469553887844,0.9223013278096914,1.5153207838354694,2526.464709749679,244.5837458631303,891.3660107556499,2526.464709749679
0.5917169842869043,0.955007104203105,0.946596204303205,0.9162971116602421,0.5548457108759075,2525.8892611831843,241.076324921474,905.2235455389451,2525.8892611831843
0.3356414530426264,0.9596712430939078,0.9919690368697047,0.8387750769034028,0.8757411415911356,2525.775114053327,206.33125410407635,905.7170506433796,2525.775114053327
0.49311312194913626,0.9578541629016399,0.9192539006471634,0.9446517340838909,0.7949081191960684,2525.65009085934,259.1598025566478,944.6505368404112,2525.65009085934
0.735050511546433,0.9854650283232331,0.926665497943759,0.9140798095613718,2.5761747306821445,2525.4955144624655,293.23625428034086,1067.8823588715056,2525.4955144624655
0.5943111917003989,0.9256679816171527,0.9528978252783418,0.9635401358827949,0.15659718606191306,2525.370240727348,218.02648253735578,851.0357793775144,2525.370240727348
0.20259687397629023,0.9590187035501003,0.903455164283514,0.933976792730391,0.80248980527731,2524.4688186664325,231.63545710679952,815.9449879472468,2524.4688186664325
0.013419442810118198,0.999176268465817,0.923267038539052,0.8326461687684059,5.586265524027369,2523.2367527408155,251.95514071182086,831.4048635816455,2523.2367527408155
0.027200767770409584,0.9788354430347681,0.8799622682854533,0.9127538120374084,4.34126449099772,2523.1254320292155,273.3031401461132,841.7920809655831,2523.1254320292155
0.18442873284220695,0.9674459341913462,0.934030469506979,0.877390256151557,1.410150644080687,2522.672834376791,220.2995549637586,809.1332136961901,2522.672834376791
0.5285732531920075,0.9389003431424499,0.9228702429682016,0.982811308465898,1.325530199982886,2521.301119205053,257.8061555457234,939.9849214802339,2521.301119205053
0.7818569224327803,0.9606685042381287,0.9430188164114952,0.92556591052562,1.0830590979102197,2520.6879492739286,292.63416699373926,990.3892849422634,2520.6879492739286
0.2954126410186291,0.9611120671033859,0.944519555196166,0.8846664158627391,0.9362131429511065,2519.4771175245714,231.9795201808902,823.2975712341472,2519.4771175245714
0.23847587779164314,0.9928668439388275,0.9139058040454984,0.8742146650329232,1.3216368758131125,2516.5258679754093,237.2092809842126,853.0160540061866,2516.5258679754093
0.8300074962899089,0.9841116182506084,0.8970978418365121,0.9625654546543956,4.134543426843205,2516.419978282482,323.9048598798767,1148.1261191032572,2516.419978282482
0.7080983761698008,0.9828679477795959,0.887622551061213,0.9801925299689174,5.555009236735767,2516.378442430884,302.77365142556596,1189.6191732010818,2516.378442430884
0.4848244246095419,0.9848624179139733,0.9021847164258361,0.9274836052209139,2.2220843879680157,2514.556333323912,276.9022699653864,1022.0705824995712,2514.556333323912
0.13845094293355942,0.9727549562230706,0.939781884662807,0.8512721667066216,1.978940032616088,2512.501096157268,214.65001620870808,824.9602238839343,2512.501096157268
0.22126580495387316,0.999984429217875,0.9441854050382972,0.8190617151558399,1.7967967511595515,2511.761319580924,192.9863950585053,836.8275851972691,2511.761319580924
0.27883354015648365,0.9375512590631843,0.9045005766674876,0.9881472131237388,2.1758114278545677,2510.473527576306,249.55060067032116,859.4141235836746,2510.473527576306
0.29164463840425014,0.9277779581025243,0.9652727795764804,0.9117753310129046,0.014491577115735715,2509.402711617214,199.3442144316045,704.8070078983128,2509.402711617214
0.10269916150718927,0.8458679262548685,0.9987003160640597,0.9907921347767115,3.825165044153892,2509.303440161385,174.00323179234343,573.1885494709486,2509.303440161385
0.7764825830236077,0.9796817023307085,0.9161580745130777,0.932686417363584,2.5890464519137346,2509.219500455295,308.6884126048008,1072.27417549636,2509.219500455295
0.8757517971098423,0.9987120032310486,0.8737385990098119,0.9916045386344194,11.949672442648227,2508.485114680931,377.68212811770644,1222.9618134167915,2508.485114680931
0.2084588436409831,0.9021599860861897,0.9550009332597256,0.9641697201877832,0.0970297090304543,2506.518193425195,174.2601169632859,590.0124139238671,2506.518193425195
0.25902110431343317,0.9744567219167948,0.9610369605943561,0.8336742082610726,1.8453978668784081,2505.8025185185143,218.4602209115049,845.6119787281457,2505.8025185185143
0.496913549490273,0.9325603106990457,0.9277980448678136,0.9796117581427097,1.0502743047508298,2503.908912181332,242.86703490458086,901.6663457401124,2503.908912181332
0.2403940986841917,0.9630184061825275,0.8759460067376494,0.9695222470909357,1.5233002953994828,2502.8611997939033,255.34911728766602,937.0591449788938,2502.8611997939033
0.006334025412797928,0.8689316604286432,0.9942852994427085,0.9605476846918464,0.666457568750393,2502.345510239342,186.8051196358058,595.5088123311291,2502.345510239342
0.515405798330903,0.9140635384246707,0.948527661152184,0.9957341346889734,2.066005346926183,2501.076767417046,233.83593895261257,851.0853834768088,2501.076767417046
0.5435539996251464,0.9784504342824221,0.9007221963256598,0.9376393053680658,2.2721337062425104,2500.088398098938,286.35667582146976,1030.3752122132091,2500.088398098938
0.48505405709147453,0.9710006406530738,0.9517825357615948,0.8732819929718971,1.7284219118168946,2498.1928194961124,246.43878668710957,929.3339266608342,2498.1928194961124
0.6984264422208071,0.9507653219625354,0.964249175041914,0.9070477560162544,0.3383256597769818,2498.1236157348653,248.95462088186233,959.6928491017433,2498.1236157348653
0.12500692810863256,0.9998021796345711,0.8296083100140095,0.9793620798736811,6.904317407703548,2497.489016547073,300.35327701917834,1163.0474292870808,2497.489016547073
0.9927488099783659,0.9076405223459005,0.9847099157050252,0.9918596940115094,1.3771314261618526,2497.465860346789,332.6586733312867,897.7226085469372,2497.465860346789
0.5793770710006356,0.901747478172183,0.9732303069904447,0.9891693759709597,1.6090008284833532,2497.122400255599,221.94169964734192,821.7867787834664,2497.122400255599
0.808982377871871,0.9423586931079626,0.9692124836146832,0.9188024317845702,0.10005861297082695,2496.697275319758,281.34429212848715,924.6871321930148,2496.697275319758
0.0229251841083169,0.9070931617170572,0.9148642355576158,0.9922254690900445,4.090030166601907,2494.265994697326,240.25182905816615,637.4867618904711,2494.265994697326
0.2852670019492507,0.96688396576792,0.9595626769587398,0.848576134070754,1.3749707408898495,2493.961399014329,227.18156418237828,849.0297696644019,2493.961399014329
0.378041953779757,0.9794279271736741,0.984318595379591,0.8126654094085097,2.1980772300185687,2492.9517191245295,203.37936479801442,956.5746857292684,2492.9517191245295
0.4061568910256028,0.9938353141769767,0.947443775832653,0.8429807992652059,1.8068803478227462,2492.317124936662,245.54647591663812,949.5730317562973,2492.317124936662
0.283338806591928,0.8932001888751984,0.9794573448598385,0.9602237539365888,0.07561320947679914,2489.6816010734533,184.6906786361479,657.6431115236396,2489.6816010734533
0.17636974807828665,0.9767470443621278,0.968271404504776,0.8077315855771303,1.942812717246447,2489.502382291301,187.96566667151504,870.4916448708509,2489.502382291301
0.6745810192078352,0.9543403778225183,0.9364199656993151,0.929996095597744,0.5562928212526724,2487.4266969855653,266.59043790806123,958.0947184452268,2487.4266969855653
0.3256455082446337,0.8840373903512955,0.9828814640641212,0.9905361533164978,2.168678644555427,2486.7191067346926,207.40258158904658,723.5717565848518,2486.7191067346926
0.66482138261199,0.9032963318750262,0.9864977914839983,0.9682455463334918,0.2815568091233496,2485.904770836031,234.58171021265275,833.599471800516,2485.904770836031
0.971036022529006,0.9986327225342393,0.978428041562438,0.8388780318200588,5.387376129710633,2485.862323766637,332.051620840983,1074.1964383722734,2485.862323766637
0.9730600919574499,0.923997238278389,0.9585277820006013,0.9772609313949943,0.7857471194806247,2485.363596328384,325.72598705383126,923.6578834641265,2485.363596328384
0.501681194640696,0.9552603671327233,0.8953681122511625,0.9858210356906056,2.2707294021195263,2484.5926291391497,279.0781869772593,1036.8139312703227,2484.5926291391497
0.3142898613587022,0.9412223100662231,0.9411564636975527,0.9149705078452826,0.029356106413372256,2481.184611382618,222.90113031771543,767.4828661481893,2481.184611382618
0.7510907975956798,0.9130497304722667,0.9755165223032236,0.9650612287223339,0.212218149323846,2477.4695698973464,247.27772604368118,889.0277335261675,2477.4695698973464
0.20660197082906961,0.9426581654697657,0.9306520894169807,0.9096429077908397,0.032397081579723715,2476.7251981050354,213.41964059940864,677.6442990953973,2476.7251981050354
0.07791749574244022,0.9678161796182394,0.9330435823649168,0.8173422608524561,2.107146383060751,2476.5047744109365,211.85536616404005,700.0279957028515,2476.5047744109365
0.660544759593904,0.9594398690387607,0.9686680659651756,0.8768114121630788,0.9146055103160714,2475.8956649958172,258.95646625895904,947.8784716517584,2475.8956649958172
0.2285955809056759,0.9641860388219357,0.9847341105341911,0.8011039290577173,1.195251714130558,2473.5818426676187,161.96544799432652,813.9971501122517,2473.5818426676187
0.7405104553326964,0.9214869122952223,0.9667389933019876,0.9533182559534907,0.07172524510142245,2470.7648124520415,252.42257959291953,890.0849100523897,2470.7648124520415
0.4267304381355643,0.8895077602937818,0.9929294129833579,0.9666597777977586,0.18485417881025007,2470.0699239361447,190.3536958680697,749.5063665644474,2470.0699239361447
0.5097353551536798,0.9733486641198397,0.9913771320134401,0.8203906351700425,2.1588295453543687,2469.8471605679506,213.31907394609513,984.3920699218776,2469.8471605679506
0.15713420324027538,0.9686004985123873,0.9500566301867366,0.8348863329738379,1.5545014317220744,2467.105530363689,209.961352688245,821.4239070686593,2467.105530363689
0.600015033967793,0.9818332754075527,0.9129159124568105,0.9087996985763311,2.256302365480527,2465.930238665842,271.08437215339234,993.6847220128328,2465.930238665842
0.23336562141776085,0.9133568098768592,0.9359442871063948,0.9566456004977226,0.05212503055650303,2465.673413579917,184.14873165243273,593.3224635979567,2465.673413579917
0.25974665116518736,0.9920873679220676,0.8881083875894547,0.904469738714397,1.3970962055584228,2464.6297381605586,267.21001543045907,929.8453731818444,2464.6297381605586
0.01914267335087061,0.9656127030029893,0.9754796912893653,0.7810345469042659,2.763979023213255,2464.487230149339,189.01453988551813,804.5775796122219,2464.487230149339
0.4702729908749461,0.979343056678772,0.8678489988669753,0.9807687634602189,4.392728482217494,2463.774917843986,296.9545556399342,1135.8136120098268,2463.774917843986
0.04641252011060715,0.9839998679235578,0.8421814851462841,0.9344905512407422,4.044996232543508,2463.4176685233215,292.36905783287636,935.3569941668843,2463.4176685233215
0.24994938913732767,0.8733644327148795,0.9810787811875343,0.9961351808160543,2.6289992336148664,2462.686261564655,208.1671703416918,632.5919199945986,2462.686261564655
0.7634230479598045,0.9809277532622218,0.9484069645404816,0.8775333408266306,2.4687434079112838,2462.4956900325597,279.60777072126217,1040.918168818019,2462.4956900325597
0.00914865080267191,0.8781605418771505,0.9993701614439487,0.9252291265875101,0.27146474658490566,2461.006675676991,192.3248892718797,555.3754212987011,2461.006675676991
0.420153415761888,0.954277167096734,0.9702024050056934,0.8607970625162125,0.48295866195182247,2460.870547711361,227.5443687737979,872.6133978387027,2460.870547711361
0.3502753358334303,0.980498481541872,0.8846547342836857,0.9366709273308516,2.1373991357130904,2460.5813601423124,252.73477265550767,1024.9127806212998,2460.5813601423124
0.38950603269040585,0.9855761975049973,0.8712303517386317,0.9504599086940289,2.349097031943622,2456.4880198190235,293.16028735472867,1069.7946155608556,2456.4880198190235
0.5205189157277346,0.9921467639505863,0.9560092147439718,0.8349971203133464,2.2072557430559936,2455.926280487803,241.0726269626505,992.4554377419238,2455.926280487803
0.04967919550836086,0.9372113682329655,0.891452943906188,0.9333302155137062,0.34938110790374155,2455.566727351432,217.51750778801537,635.502590567723,2455.566727351432
0.36653324496001005,0.9908481435850263,0.8541022725403309,0.9754269020631909,4.2134212700908265,2452.373982996356,300.43071827653307,1162.6689314119435,2452.373982996356
0.7931983219459653,0.9035326987504959,0.9769297558814287,0.9818366719409823,0.9776387548687735,2451.3024800984313,276.703196883221,867.0291138411498,2451.3024800984313
0.7569710491225123,0.9787722323089838,0.9634267287328839,0.8589354148134589,2.4781772162048257,2450.733042234363,268.47262194232326,1039.6637284386331,2450.733042234363
0.15365614090114832,0.9217752749100327,0.9054911118000746,0.9819797491654754,1.868906278016247,2450.3109061518,210.0444957987339,773.6540113432874,2450.3109061518
0.07527380622923374,0.9840484671294689,0.9465047782287002,0.7661702437326312,2.3517831517963446,2448.989019316457,182.79219265100605,760.3673234075496,2448.989019316457
0.6818930050358176,0.989833421073854,0.8831874476745725,0.9479844328016043,3.034126212329741,2445.2676257746098,308.6761081678479,1145.1113446303395,2445.2676257746098
0.9646483389660716,0.9692465206608176,0.9075163211673498,0.9493987457826734,2.2357181409335833,2443.8337717017475,356.25857231103123,1056.92820908505,2443.8337717017475
0.10604274924844503,0.9051727196201682,0.9789580153301358,0.8744521234184504,1.0048587796367396,2441.9210665916094,177.07457209510648,492.6630763920596,2441.9210665916094
0.6196925463154912,0.9981894884258509,0.8779789293184876,0.9350639097392559,2.7521758376317766,2441.862793109214,310.5537771655226,1095.7223642874224,2441.862793109214
0.09000276494771242,0.9758279798552394,0.8742292039096355,0.877921724691987,3.0929711846518955,2441.73520980248,230.30440604329453,849.3902239045765,2441.73520980248
0.08075317833572626,0.9755185982212424,0.9674897994846106,0.7368769682943821,3.3069569890496258,2440.561497870331,185.65940783521756,832.9118765568231,2440.561497870331
0.6964515224099159,0.9834214141592383,0.9963577371090651,0.8116815267130733,4.241317248509653,2438.6923293148457,242.07186564060248,1058.8992755593515,2438.6923293148457
0.6554081905633211,0.9929716354236007,0.9737517843022943,0.8149893479421735,3.1299165528217263,2434.0766168224004,250.34561202450715,1018.5086763590389,2434.0766168224004
0.21734381094574928,0.9498894484713674,0.8733844570815563,0.9741995204240084,0.9242559234303591,2432.029846183463,235.51483712505652,889.0104526774348,2432.029846183463
0.7310037603601813,0.9847996840253472,0.9417040655389428,0.8716828767210245,2.4772737671544367,2430.7521632696257,284.8422161012953,1039.8195868642244,2430.7521632696257
0.5936959534883499,0.987785467877984,0.9828551234677434,0.8024353375658393,3.0465233296002157,2429.805701037729,215.7226746432836,997.7184417683717,2429.805701037729
0.011243023909628391,0.9254067949950695,0.8877475084736943,0.9756658626720309,2.3389625603682074,2429.510187963764,246.2232020222725,768.7709040433857,2429.510187963764
0.621497712098062,0.9068703623488545,0.9786223145201802,0.9430819200351834,0.016921874635649762,2428.774353715071,219.5637492171278,752.6122674145506,2428.774353715071
0.196826065890491,0.8833580417558551,0.9884806647896767,0.9417201429605484,0.005844490562829656,2426.2813917667804,161.63901512435237,602.8064886306178,2426.2813917667804
0.04102184250950813,0.9402548214420676,0.9201921662315726,0.8837070111185312,0.08674728251603266,2425.519514207835,225.7379155600404,571.5255334813755,2425.519514207835
0.04506641440093517,0.9189015496522188,0.9267828334122896,0.9107968378812075,0.11965919988445477,2423.6243745067586,204.2651885305806,453.23121098958154,2423.6243745067586
0.42088080663233995,0.9405372627079487,0.9258228382095695,0.9325834605842829,0.03228140024415301,2423.16631431659,238.69855862364034,822.7966751343027,2423.16631431659
0.18370509706437588,0.9497990347445011,0.9775548046454787,0.8222101740539074,0.24280649216418101,2423.0142131536927,191.31602642323526,816.5297750539751,2423.0142131536927
0.3296393994241953,0.9003974255174398,0.9488830529153347,0.9778522793203592,0.9399217088314893,2422.5704843544136,213.40890673306606,720.9605396977823,2422.5704843544136
0.7477455586194992,0.9931421559303999,0.8615853581577539,0.9833122594282031,7.41128367382476,2422.481695448504,350.35359701524874,1232.1844897927233,2422.481695448504
0.8718743370845914,0.957503735087812,0.8986105108633637,0.9774984009563923,1.9114750261217441,2421.6787259363036,341.2122345614069,1070.9392154941947,2421.6787259363036
0.41258272156119347,0.9762737387791276,0.8774883225560188,0.9454179294407368,2.119766017102735,2421.5173426171923,286.0317839635473,1030.2783506208668,2421.5173426171923
0.22102478798478842,0.9822151800617576,0.8942215777933598,0.8879241477698088,1.933404064523194,2421.4461528393463,221.10668817611332,837.614610149379,2421.4461528393463
0.8350380593910813,0.9230844033882022,0.9997246013954282,0.9078250322490931,0.09945327396092316,2420.9654415216924,268.6806463066993,883.9510455085798,2420.9654415216924
0.326203066855669,0.9946647556498647,0.8665063073858619,0.9320996757596731,1.6197585663731533,2420.6679583338596,293.8555607461539,1051.6582964843433,2420.6679583338596
0.8635705299675465,0.985182361677289,0.9205777775496244,0.900489280000329,2.6176526542158935,2420.067250625014,327.1052430543994,1047.313325775212,2420.067250625014
0.9712546877563,0.9811235731467605,0.9342015059664845,0.8911179061979055,2.661145701716572,2419.5201375526863,346.9743601824033,1028.401732417428,2419.5201375526863
0.8638154249638319,0.9715637974441051,0.9959627883508801,0.8296899348497391,3.0360146053390222,2419.2974329919925,299.41246904062217,1024.7949200722744,2419.2974329919925
0.18852115608751774,0.9181193765252829,0.9401356717571616,0.9284620713442564,0.0044296437951187135,2416.8106999277597,186.73545875230707,629.5745601746383,2416.8106999277597
0.9144427012652159,0.9766881847754121,0.8751023914664984,0.9865486864000559,5.577960968875608,2415.7411301313114,374.8596916408662,1160.926368431197,2415.7411301313114
0.17028102185577154,0.9294642116874456,0.9435893846675754,0.8981522871181369,0.02720079852471796,2415.3796490874824,207.65474033702208,652.013514863624,2415.3796490874824
0.21465993113815784,0.9881073767319322,0.9639136381447315,0.7754746144637465,1.8605734492351595,2415.048963648571,166.2220847096964,853.2301247302426,2415.048963648571
0.43914397805929184,0.9619072712957859,0.9223795188590884,0.9023316195234656,1.0368997721573563,2412.3857965157385,227.9650486786703,899.0960928525463,2412.3857965157385
0.9445428801700473,0.9880484575405717,0.8794724959880114,0.9562460323795676,4.144965159827988,2411.4954045350423,372.639999800634,1143.26000239774,2411.4954045350423
0.05898652132600546,0.9606091678142548,0.900630546733737,0.8700089501217008,0.9338109346784677,2409.0286508498957,213.2729041302394,677.5401536344901,2409.0286508498957
0.7348280912265182,0.9718609666451812,0.9702819483354688,0.8471962213516235,2.023828879898635,2408.34516045032,272.59556019910065,1015.5185193351425,2408.34516045032
0.3978305235505104,0.9658490438014269,0.9967350056394935,0.7947800187394023,1.4872024360115592,2408.0620890247287,212.6730246159554,931.4941253029928,2408.0620890247287
0.05369318649172783,0.9546622270718217,0.8863272620365024,0.898404985666275,0.5424441670036323,2407.609555073239,223.89493882258034,689.255394017283,2407.609555073239
0.4053965387865901,0.9800941506400704,0.9056125907227397,0.8952244883403182,2.0566870565722617,2407.192468218982,270.84282224088423,939.3480100856672,2407.192468218982
0.5675876960158348,0.9184994595125318,0.9920018222182989,0.8995108213275671,0.024619064637294068,2404.9122526834662,222.80241162249354,799.1989323948196,2404.9122526834662
0.9432800812646747,0.9408098934218287,0.9909791154786944,0.8821166884154081,0.20871909427001054,2404.7410472341426,318.9620105301172,930.2748487533277,2404.7410472341426
0.9619819996878505,0.9532603370025754,0.9561643591150641,0.8987603075802326,0.5996786624213124,2404.497520740342,331.54041432199296,947.513700887732,2404.497520740342
0.2705154297873378,0.9732859302312136,0.9147483743727207,0.8761609653010964,1.7947200401717476,2402.984077832065,254.7018736766734,840.3529705432788,2402.984077832065
0.8375772759318352,0.9620387842878699,0.9895634772256017,0.8445040052756667,1.4789906806962116,2401.4105742816246,280.83999843953245,1006.5758813572709,2401.4105742816246
0.06609153281897306,0.882537342607975,0.94128183927387,0.9549241717904806,0.6178244990653632,2398.310368240612,175.4237499986744,416.6588784700181,2398.310368240612
0.11038379650563002,0.9658140540122986,0.8610553033649921,0.9254245283082128,1.7845386149815594,2397.391889225053,263.15987554079044,837.7111396959118,2397.391889225053
0.11382701899856329,0.9860300663858652,0.8765657460317016,0.8824580628424883,2.2446771009159128,2397.09658531485,245.80880595239472,853.2072961880604,2397.09658531485
0.31622278969734907,0.97007991746068,0.9732649922370911,0.8037961544468999,1.6366998180857306,2395.538755434302,205.60589596480068,903.4967498201061,2395.538755434302
0.8620095085352659,0.9202436255291104,0.9450566712766886,0.970886173658073,0.41614805172190716,2394.3094415825244,299.96127716785537,897.7401041972979,2394.3094415825244
0.3316274583339691,0.9302468467503786,0.9809834789484739,0.8658839771524072,0.020764743690504364,2393.991087178275,208.34165355435917,786.1855583975446,2393.991087178275
0.29355808161199093,0.994867954403162,0.9688156135380268,0.7715976163744926,1.8812521618617402,2393.6206833814895,189.42633586163936,934.1659960620905,2393.6206833814895
0.2808697447180748,0.9713059468194842,0.9307421306148171,0.8556081838905811,1.6806933659508305,2393.610347305139,249.40756345701405,839.1544525426156,2393.610347305139
0.10857969056814909,0.9991450272500515,0.7872951710596681,0.9929382111877203,9.653602716989415,2393.384105733796,362.08780070771866,1137.9888323945336,2393.384105733796
0.8738650670275092,0.9911220474168658,0.9365703416988254,0.8662606319412589,2.7300684896010905,2392.827570811026,325.63992837741984,1040.4265168365882,2392.827570811026
0.27344478480517864,0.9817006336525083,0.8575112521648407,0.9451816976070404,2.156442209003753,2392.690339440793,297.4782617509323,1020.1802608675343,2392.690339440793
0.09395336732268333,0.9574405243620276,0.9450265159830451,0.7830256782472134,2.637397184170099,2391.1400329803023,196.59124647528282,743.7799229031898,2391.1400329803023
0.02113619539886713,0.891099289059639,0.9633994251489639,0.9184046387672424,0.23891687839575504,2390.989509720676,204.84795926025353,472.67008245028785,2390.989509720676
0.18990173563361168,0.9686851603910327,0.8393859192728996,0.9946652725338936,5.021240431971637,2390.570237402526,302.32429424918394,1087.0367873666378,2390.570237402526
0.497519607655704,0.9937447514384985,0.8412587223574519,0.987623724155128,7.180010152888102,2389.6421546011425,344.1921490954433,1210.7132140951057,2389.6421546011425
0.18177666328847408,0.8751748921349645,0.9583945944905281,0.9944027652963996,2.715984184301695,2388.0885172809853,208.35872261683227,646.6997781471284,2388.0885172809853
0.4140707766637206,0.9039146630093455,0.9659346593543887,0.9401894835755229,0.01501257509763309,2387.6638712520794,207.3329039769025,695.5576605125128,2387.6638712520794
0.53527114354074,0.9504646053537726,0.9187631765380502,0.9245912916958332,0.30372324886594027,2386.796850243152,267.49495700327805,890.3953341250786,2386.796850243152
0.19453873671591282,0.9693097313866019,0.9988542795181274,0.7549248309805989,1.6970122233719263,2386.430893423607,164.05564068085607,927.4701739008763,2386.430893423607
0.6948985243216157,0.8819417608901858,0.9908556547015905,0.9984750133007765,1.7593726037370623,2385.9378002828435,261.03885538367126,853.5941150723177,2385.9378002828435
0.615431210026145,0.9264362398535013,0.9206927893683314,0.9718036595731974,0.4360744103623221,2385.7167205734,247.62719381860646,867.1964277783796,2385.7167205734
0.03184533026069403,0.9422960188239813,0.9373831991106272,0.8496042480692267,0.2220127002222012,2384.3985179059805,232.43106551425265,626.9118239005404,2384.3985179059805
0.03234712406992912,0.9827137375250459,0.9998952057212591,0.6998028559610248,4.7227318405020124,2383.824226355239,225.6512406587239,939.1137727741735,2383.824226355239
0.5495552411302924,0.947324438020587,0.95104272197932,0.8859947184100747,0.16093384000266397,2383.17575745637,250.26167571949074,857.9510321468968,2383.17575745637
0.6561451181769371,0.9794910782948136,0.9222771469503641,0.8838479658588767,2.2282667436281223,2381.534212901441,289.6741896801394,989.7022583459357,2381.534212901441
0.43003805354237556,0.9417335735633969,0.9580250279977918,0.8784068366512656,0.03371363574838945,2381.4586674657635,218.12058402733342,822.7517151880879,2381.4586674657635
0.3717541955411434,0.9079624311998487,0.942544762045145,0.9609892191365361,0.089231633456479,2379.9261471547957,211.1848658297136,742.0305739788723,2379.9261471547957
0.38406017422676086,0.9989244323223829,0.9171174485236406,0.8503280803561211,1.7249821282153228,2378.6721113355907,270.851839414542,954.1079586586757,2378.6721113355907
0.12188610807061195,0.9445022428408265,0.9711094303056598,0.811326926574111,0.7118474328488269,2378.311116475052,177.00396309893898,780.5192915519476,2378.311116475052
0.2028288347646594,0.9416304249316454,0.9456367855891585,0.8670941619202495,0.01872344744304887,2377.113740198647,211.11276012007215,700.1619252636351,2377.113740198647
0.6478422367945313,0.951506782323122,0.8817739756777883,0.9959868649020791,2.4690069425211436,2376.907548880501,321.59705214088837,1062.513183882804,2376.907548880501
0.17368681821972132,0.9602579297497869,0.8699602112174034,0.9420145517215133,0.9238673036567271,2374.526560787375,263.5618810642143,915.2012868727408,2374.526560787375
0.9586905315518379,0.9010531203821301,0.9988794373348355,0.9442959446460009,0.08848263333281131,2373.165346497427,318.2067434761881,822.5981796456684,2373.165346497427
0.2552192360162735,0.9349787421524525,0.9069012198597193,0.9380351873114705,0.022421835803738424,2370.814550045347,233.35829206587968,724.1744309076053,2370.814550045347
0.416110766120255,0.9365564500913024,0.9943729722872376,0.8410390838980675,0.03977045002078317,2370.3802973743527,223.61024993955175,850.8347996619966,2370.3802973743527
0.628045916557312,0.9938941737636924,0.8962056469172239,0.8965548174455762,2.06502167419318,2369.864042989443,300.55127649070886,1027.4472952448434,2369.864042989443
0.6625938983634114,0.9891512235626578,0.9929640982300043,0.7794286068528891,4.4234550399229455,2368.899178229863,236.93151896023195,1026.091301854321,2368.899178229863
0.8925482137128711,0.9904605438932776,0.9460150059312582,0.8487097201868892,2.859143031128766,2368.1542601251826,325.9297608407157,1031.5393956332116,2368.1542601251826
0.8520164247602224,0.9859669152647257,0.9668051907792687,0.8266877327114344,3.0638930365760086,2367.2620126025363,296.34191628764825,1033.9390472008972,2367.2620126025363
0.509032279253006,0.9907521121203899,0.9085609102621675,0.878508004359901,1.9197055346775256,2367.247761794726,269.88319360519296,1001.2447514344594,2367.247761794726
0.023187185637652874,0.9247407354414463,0.9976975936442614,0.8003314388915896,0.11519020908937545,2365.190578705698,201.12244498327107,722.2186882554629,2365.190578705698
0.0639055771753192,0.928796948865056,0.9233709629625082,0.8805392449721694,0.002697769485015019,2363.327118377614,190.74389521482215,514.6362975452611,2363.327118377614
0.7858709581196308,0.9312737556174397,0.9676777767017484,0.9058002876117826,0.02071113807216103,2363.267025371892,275.47165943352667,873.3218631725989,2363.267025371892
0.11506273690611124,0.8607631139457226,0.964312775991857,0.9780852943658829,2.039659587236897,2362.869012232748,176.3446129176465,572.4931391372144,2362.869012232748
0.9001180976629257,0.9381143562495708,0.9172700885683298,0.9653139626607299,0.31666806696552635,2361.6818521739365,328.57151609163225,960.1323340682133,2361.6818521739365
0.3601446868851781,0.9936372889205813,0.9351608799770474,0.8253763327375054,1.642388476948402,2361.2042403885375,227.1534351092297,955.4106183363745,2361.2042403885375
0.08955416362732649,0.9774307580664754,0.9142719777300954,0.7900574635714293,3.25261896632971,2360.6568391554624,202.87515264860292,803.700145186688,2360.6568391554624
0.2533212900161743,0.9862016411498189,0.9031217442825437,0.8625241946429014,1.813512597495081,2359.1897143892156,257.23040341255376,865.9225622841096,2359.1897143892156
0.5035492880269885,0.9850947754457593,0.925760056823492,0.8579225596040487,2.1254112086736443,2358.9833899332825,263.7366793250436,968.1534399358482,2358.9833899332825
0.07464744709432125,0.9364679353311658,0.8663808424025774,0.9406812991946936,0.3871826551561292,2358.3776342310034,237.7177654310507,735.0761614447912,2358.3776342310034
0.6843085782602429,0.9170574098825455,0.9701741496101022,0.924355729483068,0.015010657294673657,2358.1095709626775,236.3181020347602,830.6632642897309,2358.1095709626775
0.060445357114076614,0.9971173396334052,0.9631157238036394,0.7065586009994149,3.3788561459250177,2356.6273415353216,207.31945236453743,862.1218688566349,2356.6273415353216
0.05697797890752554,0.9014746034517884,0.912474156357348,0.946618577465415,0.5319684677120954,2356.3535832771477,181.62087372578912,475.0408450557062,2356.3535832771477
0.16090219095349312,0.923821940086782,0.9605558048933744,0.8697581570595503,0.06476047522025066,2355.913368981446,197.16984522348955,668.9493804796007,2355.913368981446
0.17445702012628317,0.9106660783290863,0.9725487073883414,0.8834542641416192,0.023911486716397243,2355.830998849636,190.8958007045356,636.9677616667376,2355.830998849636
0.011956313624978065,0.9585482720285654,0.985752297565341,0.7478277049958706,2.0894542482238005,2355.7812775831535,207.2769914134864,852.4242789108122,2355.7812775831535
0.2548639979213476,0.9980554459616542,0.8240086324512959,0.9616725686937571,2.745872446986363,2355.7750441538174,337.5283757495599,1114.90506899201,2355.7750441538174
0.03809247259050608,0.9484475776553154,0.8524264199659228,0.9512009127065539,1.091508206803337,2355.275585153076,279.79093171669354,843.468550278786,2355.275585153076
0.9392679343000054,0.919208599254489,0.9819466974586248,0.9170075710862875,0.05904485534262526,2354.2022662101326,310.705563572175,843.6707404777917,2354.2022662101326
0.2768545374274254,0.9048254862427711,0.9913424467667937,0.8866385873407125,0.011558187485484364,2352.406069031959,200.61020456701743,668.5492729023366,2352.406069031959
0.5737775797024369,0.9419809440150857,0.9972257297486067,0.8361819935962558,0.12414285139206704,2350.4451229284614,239.27385402056916,903.9123594946342,2350.4451229284614
0.06330619473010302,0.9887681351974607,0.8387850150465965,0.9041783511638641,2.616988905889918,2350.0535115072316,277.4894360302285,914.4796280396569,2350.0535115072316
0.716152579523623,0.961847934871912,0.9835056783631444,0.8309058761224151,1.220645407490592,2350.0350920819556,258.5953885320846,1000.0887911009905,2350.0350920819556
0.8918456146493554,0.9726922819390893,0.9041078658774495,0.9205008829012513,2.09831348398555,2348.87490891281,342.96112110438065,1026.344372686277,2348.87490891281
0.12311838939785957,0.9917403785511851,0.890860678628087,0.8542167609557509,1.706419136022443,2347.8355484969693,230.36639243866207,900.4424135301872,2347.8355484969693
0.15637247636914253,0.9510915987193584,0.900077797472477,0.9037459008395672,0.3407752473369503,2347.8280090304384,232.36701448350365,773.430921847807,2347.8280090304384
0.4318895172327757,0.9753671744838357,0.9864714508876204,0.7778521366417408,2.1080958039002953,2347.7146728642783,188.12796383579465,965.8777954328754,2347.7146728642783
0.19124879874289036,0.9028556160628796,0.9227510448545218,0.9714563330635428,0.3236180071151715,2346.457582307419,194.39801075034137,672.0422782935568,2346.457582307419
0.436167461797595,0.9011924732476473,0.9336685547605157,0.9954040702432394,2.1612893252482803,2344.813099236731,222.35162506948984,790.2889816775661,2344.813099236731
0.3000415684655309,0.988260573707521,0.9918064223602414,0.7383904671296477,2.4987152277526627,2344.2675474446364,195.18157787439958,984.0429012885321,2344.2675474446364
0.9660246009007096,0.935569129884243,0.945666940882802,0.9258768521249294,0.06780594058287727,2342.450724227356,331.22954435815086,886.2846302132062,2342.450724227356
0.022318175993859768,0.9723669560626149,0.8161028390750289,0.9690134283155203,5.726568082814406,2342.0648246459987,339.89836541510437,1052.1287191497095,2342.0648246459987
0.6872760383412242,0.9617668064311147,0.8674326296895742,0.9987679207697511,3.8301094447327495,2341.1629663445665,334.5337492064588,1150.6545919543655,2341.1629663445665
0.21037637535482645,0.9310177946463227,0.991008086130023,0.817104802466929,0.01345045147980523,2340.3657697990943,187.8877929666361,749.3066347372536,2340.3657697990943
0.0970910182222724,0.9515977893024683,0.9901415649801493,0.7156274700537324,2.003057419540248,2340.039114545126,211.20282224770344,861.9564463453582,2340.039114545126
0.6738378889858723,0.94047786667943,0.9800519281998277,0.8631096500903368,0.056791488788255996,2339.89565680432,252.2043533614758,909.7467179007382,2339.89565680432
0.7792016817256808,0.9274533288553357,0.9406215082854033,0.9405670966953039,0.02546147157448618,2338.948222909511,281.8419224895613,875.247282564042,2338.948222909511
0.7577084535732865,0.9926204569637775,0.890605254098773,0.9102139817550778,2.399324957181339,2337.589714456262,312.6860886223087,1099.7911095359727,2337.589714456262
0.9122222112491727,0.892637032084167,0.9683051453903317,0.993055266328156,1.3293289483595256,2337.3733845988727,322.1295318091981,839.149626295351,2337.3733845988727
0.23638004437088966,0.9258110607042909,0.9020677898079157,0.949737073853612,0.0316281703084369,2337.294932623192,210.3924724196599,685.6848858486035,2337.294932623192
0.7691391259431839,0.9527351995930076,0.9029693277552724,0.947260589338839,0.5278573748448278,2335.5225547427567,305.63643535341845,1009.7479528109956,2335.5225547427567
0.7196382712572813,0.9148702463135123,0.934565395116806,0.9782431926578283,0.775501483703334,2335.3910989122096,267.1975978807834,901.1582108081611,2335.3910989122096
0.058575854636728764,0.9613839220255613,0.8254317929968238,0.9542030552402139,1.8269673152231252,2335.0094367664005,282.28411120754004,940.958908497614,2335.0094367664005
0.17800635751336813,0.961491378955543,0.9197607124224305,0.8587886868044734,0.9677089118861343,2331.302102883873,238.59041566926368,791.4259749968361,2331.302102883873
0.7234367169439793,0.9442942310124636,0.9138141246512532,0.9433175008744001,0.12746949271320968,2330.840450414598,285.3822713089433,962.7557617239185,2330.840450414598
0.6403706027194858,0.9249943187460303,0.9301150031387806,0.9459969429299235,0.03272018073361263,2329.422227820479,260.0077931245679,823.6558698588076,2329.422227820479
0.8859721450135112,0.915826290845871,0.9541279347613454,0.9470097962766886,0.05207618254622785,2328.64742475734,302.7351050448081,837.7784782150662,2328.64742475734
0.08269825950264931,0.9410059135407209,0.8219732446596026,0.9844413138926029,5.083855461255255,2327.1989694785807,293.2770701234926,971.850512879468,2327.1989694785807
0.4340807180851698,0.9164557680487633,0.9514344707131386,0.9210835164412856,0.009482610488664995,2326.773909686922,198.9826105348202,728.4639390999658,2326.773909686922
0.8684530640020967,0.9933637725189328,0.851620951667428,0.9657754553481936,4.838996470181336,2326.616579594261,381.9456277367447,1195.139021135323,2326.616579594261
0.9528247509151697,0.9603673107922077,0.9239000426605344,0.9080758551135659,1.1183319255239546,2326.2322195350857,345.1380805968109,964.3488876621182,2326.2322195350857
0.5548218078911304,0.9494189834222198,0.9653077106922865,0.8499409146606922,0.2479485551506285,2326.131978504306,249.71067544137938,880.9893974975123,2326.131978504306
0.5041497619822621,0.9993907166644931,0.8486076714470983,0.9428500402718782,2.6382570283676294,2325.6035875240045,328.65401035663655,1146.1921667851523,2325.6035875240045
0.048922669142484665,0.9194581154733896,0.9430516036227345,0.8595926035195589,0.000845002902123468,2324.8011509660287,199.78142359750146,508.61091695663436,2324.8011509660287
0.09111543837934732,0.92811737395823,0.9386061215773225,0.8292959099635482,1.7053875378049113,2323.604720505919,196.29604653172225,668.2775065041133,2323.604720505919
0.7716001234948635,0.9715206818655133,0.8559645097702742,0.9980459939688444,5.377845629778616,2322.2128962450083,363.9678204242313,1189.8510750854803,2322.2128962450083
0.6287600193172693,0.9800314763560891,0.938235123641789,0.8413756927475333,2.2292458167692106,2321.7311137398324,272.21123711636983,950.278848055509,2321.7311137398324
0.11870965547859669,0.9925160827115178,0.819575565867126,0.9387777922675014,1.6937393069372109,2321.394468622841,301.55745364969596,1060.4878338082142,2321.394468622841
0.7307583885267377,0.9710595598444343,0.8918162826448679,0.9288084208965302,1.8834043963337925,2320.729493132963,312.5951696296043,1054.1099331450662,2320.729493132963
0.656500262208283,0.9299994762986898,0.9420578526332974,0.9195224242284894,0.015500772067194982,2318.9241449154433,260.25139116331366,822.6423271028739,2318.9241449154433
0.5775748724117875,0.9301841724663973,0.924921803176403,0.9370666528120637,0.02102533544847359,2315.1645864305906,246.0946292414676,834.007715788979,2315.1645864305906
0.37014952301979065,0.8746229000389576,0.991042472422123,0.9512616600841284,0.029907133691341178,2313.394682933267,198.9333047633571,707.8034367492944,2313.394682933267
0.608326468616724,0.9470741311088204,0.8909522239118814,0.9535557106137276,0.2316210298441689,2312.1170487805625,268.48379432883854,948.5764898763238,2312.1170487805625
0.9984528906643391,0.9999216953292489,0.8996613705530763,0.8902442716062069,2.869258560128088,2311.63905810924,377.13200119611577,1071.350365396339,2311.63905810924
0.7123540742322803,0.9284973973408341,0.9886332899332047,0.8736169030889869,0.0330998071077867,2311.3508074609676,247.98141522659287,900.6257806572038,2311.3508074609676
0.09847592934966087,0.9145502708852291,0.8842889303341508,0.9434777926653624,1.0834395628884936,2311.157239833222,209.69975095153654,628.204794332277,2311.157239833222
0.33136732317507267,0.9166282825171947,0.931582291610539,0.9347292734310031,0.012264622802252753,2311.0067243060535,221.98745626100506,696.7628182876372,2311.0067243060535
0.43887768872082233,0.9480438772588968,0.9745563566684723,0.8286101864650846,0.18743983518933244,2310.1642291804337,204.30269909805102,880.7289477579675,2310.1642291804337
0.6434501158073545,0.9717723559588194,0.8660193961113691,0.9530127327889204,2.0672109049803584,2307.996805364728,326.14737029101076,1083.5841057302562,2307.996805364728
0.6016403716057539,0.897743945941329,0.9934190642088652,0.9143325099721551,0.004523059957198331,2307.8775206980335,219.39976741247085,721.6305247467753,2307.8775206980335
0.903918469324708,0.9204392889514565,0.9219076102599502,0.9845841517671943,1.050050297448515,2307.6099276717914,330.07261758591943,916.0178277171237,2307.6099276717914
0.7461629416793585,0.9331796104088426,0.8995407111942768,0.9908659867942333,1.4867039553602164,2306.825828319509,307.0236472993189,1008.1224831257746,2306.825828319509
0.41013894975185394,0.9482261566445231,0.8619929058477283,0.9961959375068545,2.5568083534929746,2305.2887907716245,308.3794801077997,1033.5958285438278,2305.2887907716245
0.3018806651234627,0.9594869818538427,0.8443408831954002,0.9907308137044311,3.302832177269666,2305.125502065655,312.55661187181386,1068.9793756356264,2305.125502065655
0.5877048373222351,0.9373008934780955,0.9551423508673906,0.8808759860694408,0.011157420091078864,2304.9997286022362,233.29476921475916,834.5394864728264,2304.9997286022362
0.06417709682136774,0.9112728796899319,0.9736269088461995,0.8263548286631703,0.0027737509178735608,2302.229754557386,180.59375574954868,577.5094197758087,2302.229754557386
0.78371337428689,0.9894183464348316,0.9712206218391657,0.7932123746722937,3.192144723992018,2302.1778961105047,275.52414966174865,1023.7647751757574,2302.1778961105047
0.508193289861083,0.86559116281569,0.9928721049800515,0.9821614781394601,1.1603554096288662,2302.0888123476407,221.88612945292837,771.6981140389604,2302.0888123476407
0.9839496770873666,0.9739240258932114,0.8693693215027452,0.9593995725736022,2.8501698484810176,2299.3998960721383,384.8921278414369,1112.9723063773863,2299.3998960721383
0.5802843635901809,0.9772178558632731,0.8726937044411898,0.9305404908955097,2.1478530518008445,2298.906409543565,299.41967580766016,1054.6844653696307,2298.906409543565
0.761015148833394,0.9248034693300724,0.9084326811134815,0.9948052344843745,1.5910721762097055,2298.8322303775253,296.34946076507686,974.1738623672848,2298.8322303775253
0.4529449222609401,0.9090031962841749,0.98348218947649,0.89174834638834,0.012064103725571906,2297.4946147913556,204.1837126791934,745.249133444952,2297.4946147913556
0.08125071413815022,0.9495082646608353,0.9049692694097757,0.8397535234689713,1.8584677861105379,2296.0236688156033,226.95976819489243,703.2094936916806,2296.0236688156033
0.47268815245479345,0.9449135307222605,0.8833594359457493,0.961241951212287,0.2301604901795113,2295.919038788288,267.99501703741385,962.4821719094415,2295.919038788288
0.4426780566573143,0.9110514586791396,0.998727080412209,0.8712868811562657,0.017851246335829903,2295.5585079251587,200.35859050594766,784.8383798344248,2295.5585079251587
0.14988821279257536,0.9392221607267857,0.8793691722676158,0.9392148545011878,0.09622498286531136,2292.635787261416,232.8948475630299,810.3395487239688,2292.635787261416
0.7069662511348724,0.9228022396564484,0.9745939122512937,0.8940495196729898,0.014104185993656775,2291.2274892823825,235.26124913877123,863.7611256812339,2291.2274892823825
0.7423949502408504,0.9587011374533176,0.8773246789351106,0.9637756682932377,1.1783602534920787,2290.7336117923505,322.98699377785636,1086.4828800642556,2290.7336117923505
0.08306113071739674,0.8759694630280137,0.9090005056932569,0.9769195346161723,3.8965588317859283,2290.7275082713286,199.7089528010346,615.0751800285758,2290.7275082713286
0.9146899022161961,0.9942122912034392,0.9584218980744481,0.8063743114471436,3.286354260621486,2290.502471160156,320.90498094547456,1018.1694030016928,2290.502471160156
0.10578028578311205,0.8875413397327065,0.9365449529141188,0.9267101436853409,0.8064050165069091,2290.185945751371,196.04352104395147,381.659240193252,2290.185945751371
0.9063837127760053,0.9675091449171305,0.9725729022175074,0.823573051020503,1.8300753085308172,2289.8421370058113,317.10953033103425,982.3577621705788,2289.8421370058113
0.8279211027547717,0.9495676606893539,0.9386296086013317,0.8933580741286278,0.30601679625881667,2289.2871372401746,297.7423770772868,926.8726504599404,2289.2871372401746
0.5735303638502955,0.9596123239025474,0.9144245134666562,0.8943022200837731,0.8901875598467521,2287.8724878261655,271.7440805571782,914.2766984117104,2287.8724878261655
0.9401297187432647,0.9673365382477641,0.8639773139730096,0.9757814705371857,2.9123010386253236,2287.37546776031,382.1474284216512,1124.3728216840707,2287.37546776031
0.15175843331962824,0.9719852954149246,0.9095164993777871,0.8420175351202488,1.786932313001528,2285.5368529639177,236.74146133436608,829.0606359056322,2285.5368529639177
0.31830384116619825,0.9198356838896871,0.9619095465168357,0.8795303087681532,0.0120931095910887,2285.419560611577,213.6318890867439,709.7289693975731,2285.419560611577
0.7163726193830371,0.9481070283800364,0.9320460464805365,0.8997616292908788,0.21082137955912283,2284.2408161082326,274.8650013049378,927.3717787852296,2284.2408161082326
0.9870962044224143,0.9271456012502313,0.9262930629774928,0.954334894195199,0.12708625000512272,2284.183475089463,341.5093199547832,892.0374053490833,2284.183475089463
0.9205126948654652,0.9283716659992933,0.977591635659337,0.8848264394327998,0.05113565884423899,2284.0268206835253,312.1626487677023,868.1863805282266,2284.0268206835253
0.08442621305584908,0.9875121004879475,0.8084871787577868,0.9105637418106198,4.269325626552468,2283.9613247029233,313.5879154011585,1016.0834930839599,2283.9613247029233
0.44467064924538136,0.8813238916918635,0.9624762376770377,0.9724538531154394,0.4314396111148025,2283.9304094948034,200.89724832913197,728.5988361491335,2283.9304094948034
0.81771519780159,0.9476332748308778,0.9536729687824845,0.8748500319197774,0.21653383358118122,2283.92866054301,297.1502857407571,919.3591447376496,2283.92866054301
0.2584498943760991,0.866455065086484,0.9604604914784431,0.9843805963173509,1.7502952033640764,2282.8703470792316,218.20642991140423,623.0572037922944,2282.8703470792316
0.8241531560197473,0.9086831929162145,0.9632884720340371,0.936042383313179,0.019950389499791225,2281.5752209250186,278.6258800199895,809.7014971737949,2281.5752209250186
0.876366438344121,0.9353311425074935,0.8963281093165278,0.9835656331852078,1.0587861225401247,2280.3946014768967,338.4060504054646,993.8268260572783,2280.3946014768967
0.5475015686824918,0.9771576467901468,0.9794891709461808,0.770242253318429,2.2890926002468226,2278.029066529679,227.97039800843618,965.8456838052758,2278.029066529679
0.35515791457146406,0.9744880823418498,0.8274165987968445,0.9939395328983665,5.35390226675953,2276.936973295113,323.38146081479147,1170.1585817760958,2276.936973295113
0.6167630106210709,0.9919533403590322,0.8180247964337468,0.9955311687663198,7.792881085789118,2276.614614418123,376.5108043126553,1220.012794022047,2276.614614418123
0.0696370555087924,0.9957400960847735,0.8885857546702027,0.8028329201042652,2.2600762130360725,2276.1401124892845,239.2903268841236,789.4449489361716,2276.1401124892845
0.6048975065350533,0.9731533033773303,0.8442070418968797,0.9730892544612288,2.911824755469352,2276.1050954093125,327.7979405905601,1133.1190469556004,2276.1050954093125
0.932523456402123,0.8762803124263883,0.9944645026698709,0.976556739769876,0.6154110956095731,2276.0291955876646,320.5945693458117,809.5337677982874,2276.0291955876646
0.7989344419911504,0.9363639168441296,0.9374105026945472,0.9121098518371582,0.023925417541867902,2275.7792331731584,295.1836850725921,873.3883290438782,2275.7792331731584
0.44988587964326143,0.9541998980566859,0.8653598418459296,0.965885890647769,0.7565598123739072,2275.1236759867943,279.2943261408068,1031.761972495505,2275.1236759867943
0.04429546743631363,0.9680060734972358,0.7931655691936612,0.9771143086254597,5.224304103882428,2274.3225009129646,343.69308590286823,1052.4667786856535,2274.3225009129646
0.5686478149145842,0.9680305048823357,0.85837656352669,0.9581836313009262,1.7919467483286184,2274.0509063602926,318.7896956612001,1088.0010003350437,2274.0509063602926
0.20062002073973417,0.9888747707009315,0.9316493403166533,0.7847756166011095,1.7223210480608204,2273.235980757706,213.61029392629774,847.4092166417632,2273.235980757706
0.21149176452308893,0.9783573858439922,0.9778995672240853,0.7256242800503969,2.0339283019842083,2271.405569253843,208.14673697143783,907.3642065584716,2271.405569253843
0.1301322067156434,0.9381775669753551,0.9890766851603985,0.7708718767389655,0.4808440254088876,2270.699361903789,177.65484973686995,846.0161874861069,2270.699361903789
0.7142696836963296,0.8948800088837743,0.9565328378230333,0.970143262296915,0.32541453718564334,2269.7969561672285,251.3650609119107,830.1327512412671,2269.7969561672285
0.9261417649686337,0.9778522262349725,0.9850579733029008,0.7877472583204508,3.2917433825495137,2269.74271461108,311.7910401682033,1007.4127287780454,2269.74271461108
0.6708696894347668,0.9534165877848864,0.9514665426686406,0.8562546297907829,0.46625097894047535,2269.728940686843,269.78946892646695,919.0375767756221,2269.728940686843
0.17990664765238762,0.9089305633679032,0.9865892771631479,0.8493534065783024,0.01634893942141359,2269.722647673906,195.97688973236222,704.3717719523142,2269.722647673906
0.2621932690963149,0.9635401051491499,0.8723688302561641,0.916184339672327,1.1502259356490878,2269.5858443595066,274.54052845857314,876.1908508720211,2269.5858443595066
0.23371990956366062,0.9728324338793755,0.83304762840271,0.949058978818357,1.8916621139217022,2269.002870024674,298.65326511635504,993.7629038543317,2269.002870024674
0.5642934665083885,0.9537336137145758,0.9316153079271317,0.8738676942884922,0.46880047636959365,2268.8948046683645,266.81401441018625,876.2277874247973,2268.8948046683645
0.0722313467413187,0.8942831000313163,0.8818912813439965,0.991457455791533,4.143109978791541,2268.610599347421,228.56836496569372,656.7983797980537,2268.610599347421
0.5555607061833143,0.9668208146467805,0.8838492082431912,0.9197579752653837,1.4726998104302194,2267.9915249925466,298.112181559354,980.893495528013,2267.9915249925466
0.062374318949878216,0.9280535159632564,0.8344637174159288,0.9974023634567857,4.583560020428381,2267.4361978786137,271.7010398915111,878.2985784022695,2267.4361978786137
0.44719818513840437,0.9828052138909698,0.9564998215064406,0.7837666822597384,2.1621989929816157,2266.7357640725963,212.3057941747558,941.8375340383762,2266.7357640725963
0.07857383601367474,0.8574321735650301,0.9721677154302597,0.9162452155724168,0.7437011562466422,2265.5813567135956,173.2671120548405,507.14159304321635,2265.5813567135956
0.1806588228791952,0.9224111204966903,0.9132773587480187,0.9201623182743788,0.00916247159321477,2264.870947269196,213.87667770685744,651.5171187414495,2264.870947269196
0.2995512168854475,0.9622770771384239,0.9292983496561646,0.8412898806855083,1.0321574601675017,2264.248161214977,246.3406928528057,831.4502374271599,2264.248161214977
0.5854134568944573,0.9607790475711226,0.961880574002862,0.8196909436956048,0.9737041521449332,2263.8286596029643,237.46869205196603,918.1172267122105,2263.8286596029643
0.4429119694977999,0.9285606080666184,0.9177401717752218,0.9293871140107512,0.01334255207809296,2263.588092708498,218.83387936848715,790.9926504066809,2263.588092708498
0.09772129915654659,0.9319377858191729,0.9657795745879412,0.7632939107716084,1.4826729118229622,2263.4226299797556,207.54051702303425,722.0709299303784,2263.4226299797556
0.3535676645115018,0.912632379680872,0.9102938454598188,0.9702442064881325,0.32400642463348817,2262.9744390699907,210.26100343137708,806.5956799495675,2262.9744390699907
0.066437310539186,0.8378071272745728,0.9845228223130107,0.9451203914359212,0.3733422642590526,2262.133213265132,162.1627191296724,550.9933733546284,2262.133213265132
0.2698895828798413,0.8481414057314396,0.9866845868527889,0.9835069207474589,1.6202627959950042,2261.622428373608,210.20969204178434,685.4820879742359,2261.622428373608
0.976612932048738,0.9790678005665541,0.919162429869175,0.8726422218605876,2.42422044498609,2261.6160284262705,358.03969058903954,1004.18108758679,2261.6160284262705
0.05164151452481747,0.987310660071671,0.9186718249693513,0.757870371453464,3.118581686974332,2261.6018808568897,211.80415796699296,759.2317998311347,2261.6018808568897
0.3086104681715369,0.9231055043637753,0.9350512335076928,0.9024746846407652,0.010894977991848418,2260.036468475922,216.48088077672722,688.6180846319972,2260.036468475922
0.7088029235601425,0.99636394623667,0.9625042472034693,0.7814501309767365,2.995375088093258,2259.033045035398,245.30621434802123,1034.6763601701794,2259.033045035398
0.5533250765874982,0.9103155909106135,0.9595887865871191,0.9131455952301621,0.014831726468624042,2258.9950170264206,233.68191154346383,725.3259655543793,2258.9950170264206
0.5054815663024783,0.9336296580731869,0.8902405081316829,0.9660282330587506,0.23744436632117463,2258.7979455037103,260.71043528764176,931.49946274842,2258.7979455037103
0.8801363483071327,0.9569162968546152,0.8892492782324553,0.9408198120072484,0.8481112033335724,2257.60118214458,344.615350171727,1008.2570075403462,2257.60118214458
0.41200773883610964,0.9838966298848391,0.9742764737457037,0.7485515428707004,2.270295611607148,2256.9998037624887,223.32886352603344,958.0157333814697,2256.9998037624887
0.3523585395887494,0.896638048812747,0.9594244277104735,0.9277191543951631,0.009902697253186986,2256.6047807809837,188.84557150994888,672.6654159377707,2256.6047807809837
0.9526008367538452,0.9427213165909052,0.9759693425148726,0.8538713855668902,0.15894345712257385,2256.2308461909306,330.0071539974105,917.9071085859879,2256.2308461909306
0.01687303278595209,0.9808683572337031,0.8952157404273748,0.8239601422101259,4.543297081639721,2255.313632705478,268.60501837075225,812.0030159921354,2255.313632705478
0.6361041022464633,0.9522900842130184,0.9905018676072359,0.7963757077232003,0.4848565793736244,2254.1737632912573,253.31974105560764,916.8420746512835,2254.1737632912573
0.07476546429097652,0.8723235465586185,0.9439713098108768,0.9268842963501811,0.20440086006842897,2253.1862853181756,188.61896295882255,411.2867595245719,2253.1862853181756
0.025904010981321335,0.8540417216718197,0.9687286866828799,0.9458190249279141,0.5528548247620797,2252.8809475400794,202.37991699780522,532.074553399523,2252.8809475400794
0.2516923099756241,0.9389630174264312,0.9830197207629681,0.7883385857567191,0.03087574705291095,2252.1890222427087,214.01650093598616,789.8010002524398,2252.1890222427087
0.09712034463882446,0.8653645487502217,0.9321085708215833,0.9531442718580365,1.3778541435788292,2252.0487353659546,190.2773263052359,516.5854682722719,2252.0487353659546
0.04225884098559618,0.9944064449518919,0.9328209087252617,0.7285695858299732,3.7787981728905398,2251.8406528966493,242.79355021906255,800.8833699314205,2251.8406528966493
0.1412627510726452,0.8493088176473975,0.9766285084187984,0.9658246813341975,0.3514196374028187,2250.605696864657,178.86850739348233,665.3725289686773,2250.605696864657
0.3661780031397939,0.9275275934487581,0.8769362661987543,0.9986370373517275,2.446409170592946,2250.390786379593,267.10791950112684,946.9203579859416,2250.390786379593
0.19181712809950113,0.994714105501771,0.9497109102085233,0.7422753944993019,1.5854937495036339,2249.981520764285,206.2501767590547,905.9950958045795,2249.981520764285
0.8049378804862499,0.9168663425371051,0.9953361907973886,0.8755764355883002,0.04226997583313621,2249.215448179218,286.2241105275175,848.8394438054345,2249.215448179218
0.7200163975358009,0.9802038744091988,0.8355595450848341,0.9862840035930276,5.152906004469169,2248.6116253595997,366.0049305026771,1221.8621146548821,2248.6116253595997
0.9025876186788082,0.9823553171008825,0.8392746681347489,0.9770285114645958,4.6755760351105575,2248.5741824892443,399.39431504982474,1186.8947653457753,2248.5741824892443
0.6815010067075491,0.9976813904941082,0.9836682928726077,0.7462292695418,4.5551215632294655,2247.0137416200278,249.7914962544106,1047.617894543961,2247.0137416200278
0.9786067577078938,0.9453271422535181,0.884864741936326,0.9711217507719994,0.69884087317051,2246.151731009809,366.8324073635177,1019.5096384437841,2246.151731009809
0.39011208713054657,0.9241478061303496,0.8977110804989934,0.9580446286126971,0.08644855052558637,2243.7919998039138,246.69632458404064,820.1998220703874,2243.7919998039138
0.34297588001936674,0.9864366073161364,0.9387209601700306,0.7891056751832366,1.9582516512597752,2242.010242041039,224.58961450916667,909.8447114345847,2242.010242041039
0.12636235635727644,0.9204986253753304,0.9839508691802621,0.8057365333661437,0.5416770344723364,2241.6657789086607,180.5581302463437,772.3642261848715,2241.6657789086607
0.37746686954051256,0.8672147253528237,0.9691536566242576,0.974138661287725,0.5509196891302713,2239.2901491305447,217.61981690079563,704.5781368667899,2239.2901491305447
0.14709981344640255,0.9926980966702104,0.7974040936678648,0.9563897987827659,1.9188741780066365,2238.638474685393,340.7590369593124,1138.498354144504,2238.638474685393
0.16177167743444443,0.9693811740726233,0.8530882401391864,0.9154624072834849,1.5879859870672697,2238.2863075293567,283.49448903627433,931.8948381918163,2238.2863075293567
0.08467104844748974,0.9697433207184076,0.857979946769774,0.8592880358919501,4.160191804078522,2238.0979554481064,256.2669324446181,870.6122186473901,2238.0979554481064
0.4128256943076849,0.9897707467898726,0.9609149573370814,0.7535105179995298,2.082145070178158,2237.416588717734,229.92824376351516,944.153810291226,2237.416588717734
0.5212601944804192,0.9743935111910105,0.882333037443459,0.9028725260868669,1.9301239902319336,2236.937532806723,291.0386684640344,990.9026121722534,2236.937532806723
0.19819231051951647,0.9953899141401052,0.856450348161161,0.8831978347152472,1.0890452176366265,2234.894798520494,276.35236240053985,964.3075617311615,2234.894798520494
0.7976335259154439,0.8891276773065329,0.9509268309921026,0.9867994794622064,1.1574417067560803,2234.6550030940207,297.1415589987879,816.9477798690071,2234.6550030940207
0.42383422423154116,0.9534793216735125,0.8924155784770846,0.9120261520147324,0.43886671895190704,2233.1906453046777,263.594842266684,883.4956354312857,2233.1906453046777
0.6064147036522627,0.9798532174900174,0.9291566386818886,0.8276699958369136,2.172827039671586,2233.1656075005876,258.6060708119937,930.7394706661454,2233.1656075005876
0.9565901979804039,0.959077563136816,0.9401665423065424,0.864502982236445,0.9921764714400482,2232.927095058136,343.8987721466024,941.766146745066,2232.927095058136
0.042349593713879585,0.8144839936867356,0.988923660479486,0.9753660336136818,2.1834452779103724,2231.6674034757098,190.1970907756444,660.7040245234576,2231.6674034757098
0.7910259859636426,0.9545990759506822,0.9570351066067815,0.8426030650734901,0.5798460009961901,2230.183716380836,298.1451601222418,935.5599539066501,2230.183716380836
0.11629628203809261,0.9936791816726327,0.9753361428156495,0.6730842413380742,2.9044427355301163,2228.6520827293316,253.27729920811478,984.1857403486075,2228.6520827293316
0.45621566008776426,0.9234062805771828,0.948037888854742,0.8888988066464663,0.00837610989064595,2227.968975419008,220.5586223366395,749.9235559348704,2227.968975419008
0.4219789942726493,0.9871198441833258,0.9286668682470918,0.80671117734164,1.9827808234394269,2227.0904513074734,251.45028668367533,917.6705084605569,2227.0904513074734
0.39405611902475357,0.9072994599118829,0.9244311982765794,0.9473443189635873,0.026426566355923706,2226.7248394980543,234.91398492603028,699.4723906634332,2226.7248394980543
0.7671048436313868,0.9814862264320254,0.9331166287884116,0.8340110722929239,2.3612583287237827,2223.978641526171,296.2257785196146,1002.8893499222472,2223.978641526171
0.18102073669433594,0.9881806969642639,0.8245256533846259,0.9281768435612321,1.7185391093278755,2223.711351419359,319.0798130828449,1047.8627719755036,2223.711351419359
0.9987096469849348,0.982274099253118,0.9494268763810396,0.8165276106446981,2.7522750519053822,2222.721662591311,348.20347346524693,991.3962584319851,2222.721662591311
0.39270143024623394,0.9711692687124014,0.8378764754161239,0.9554151799529791,1.9054307471836913,2221.737174103868,327.5108696182844,1074.9751675548864,2221.737174103868
0.7708759102970362,0.8917166814208031,0.9899478340521455,0.9236166253685951,0.008542007320814057,2221.524507458726,266.72542047933086,775.8032997585457,2221.524507458726
0.6923115840181708,0.9890890326350927,0.8589774677529931,0.9241006597876549,2.31704951046935,2221.4225219076184,333.9093556175057,1124.3294827688899,2221.4225219076184
0.3962322995066643,0.9820818081498146,0.8896458651870489,0.8687796611338854,2.012004054516631,2221.3117293876003,282.5564144839768,938.4112701633992,2221.3117293876003
0.05434907414019108,0.82937918510288,0.9545588819310069,0.994000868871808,4.376200405932706,2220.592125444103,198.1839946732963,602.4100720889548,2220.592125444103
0.2785695865750313,0.9553197035565972,0.9484986886382103,0.8050508098676801,0.5211114459427211,2220.3247296173336,240.13681470243012,800.1990114426096,2220.3247296173336
0.5458990018814802,0.970551454462111,0.9975056126713753,0.7409493373706937,2.2198001944920436,2219.4029487710573,250.68057672364418,983.8071445241392,2219.4029487710573
0.5248033432289958,0.921179661527276,0.9162776535376906,0.9396191677078605,0.02336629047331036,2219.0334546144018,249.45258482944416,794.1901914581424,2219.0334546144018
0.47162281442433596,0.8994773151353002,0.9703082889318466,0.9067151537165046,0.01014540958623936,2219.0081283439113,214.47593869952158,691.0315899013544,2219.0081283439113
0.17946185544133186,0.9865286312997341,0.9822393404319882,0.693366832099855,2.158339096038851,2218.649311223198,246.62411097155203,999.2291312333314,2218.649311223198
0.9639094555750489,0.9869997957721353,0.9885165514424443,0.757495149038732,4.756554278561695,2218.4630319241937,325.65318220778494,1025.6137263911805,2218.4630319241937
0.28599111456424,0.9493596469983459,0.8787908926606178,0.9213362596929073,0.22122036713403362,2217.784756808213,264.53605702421714,839.8768911077273,2217.784756808213
0.4689182983711362,0.91571722086519,0.8943451279774308,0.9882903080433607,1.6818091995557096,2216.42038015954,255.6471462679083,876.4657837624803,2216.42038015954
0.011863966472446918,0.8571780445054173,0.9364778408780694,0.98540860414505,3.2946673090477363,2215.9594239314993,236.87488514542062,601.2357081243614,2215.9594239314993
0.8446714198216796,0.9580428814515471,0.9770680125802755,0.8090045638382435,0.932904347448896,2214.2459754541983,290.64002656251125,964.0067251383816,2214.2459754541983
0.36344273108989,0.8802818283438683,0.9879641262814403,0.9168740091845393,0.009460425245881542,2211.7703547028523,194.8680281273579,685.8526103123638,2211.7703547028523
0.5599499512463808,0.9875861285254359,0.8683387693017721,0.9002242395654321,2.039338872176696,2211.2174337500956,314.587405299187,1039.450096298851,2211.2174337500956
0.44843809586018324,0.9675490828230977,0.9073638152331114,0.8661195579916239,1.4647656460761471,2211.1321992282137,258.0306720097699,908.5718327555743,2211.1321992282137
0.14560196734964848,0.8999008927494287,0.996864290907979,0.8328989027068019,0.19721617215568643,2211.1277181104006,203.03781177244403,721.1777905990587,2211.1277181104006
0.9337087636813521,0.9685377646237612,0.8938139723613858,0.9060377757996321,1.7380145319168663,2210.324311667144,356.5896085797174,998.0984974172079,2210.324311667144
0.12006067112088203,0.886346310377121,0.9668417908251286,0.8881597118452191,0.6383936981010381,2210.323845471341,172.3101222592511,562.6590992779055,2210.323845471341
0.9877108419314027,0.9902821537107229,0.8436449589207768,0.9467232348397374,3.3862395426205008,2209.1104127391736,409.3644242507063,1146.542577687871,2209.1104127391736
0.4245845666155219,0.9398759864270687,0.9420288801193237,0.8578254971653223,0.01819064375556494,2207.971629575819,241.5253527649151,799.392522160443,2207.971629575819
0.5433301003649831,0.9959595613181591,0.9522731425240636,0.76138074696064,2.2748554854004204,2207.5980190251003,250.57351868669454,959.742368120289,2207.5980190251003
0.3583305524662137,0.9634916549548507,0.9785847589373589,0.7561407629400492,1.167324911780311,2206.9340126047173,200.0676300522499,943.4330489328278,2206.9340126047173
0.46638439036905766,0.9624512605369091,0.9376740343868732,0.8275231113657355,1.0692033820687308,2205.4635759919242,247.14890135297546,881.1809054501982,2205.4635759919242
0.3863300532102585,0.9514440484344959,0.9623703463003039,0.7995904618874192,0.3184717016366909,2204.817468968414,240.5647873010021,847.7808408895658,2204.817468968414
0.24114245548844337,0.9453860018402338,0.9585023932158947,0.7922728210687637,0.08144628997712604,2204.334674125799,221.86352288855946,747.8935895897947,2204.334674125799
0.1850850973278284,0.8422245196998119,0.9752074219286442,0.9808299578726292,1.4829200209620381,2204.042624176839,191.48683083434628,689.4306063610151,2204.042624176839
0.5628268821164966,0.9943626904860139,0.9941281639039516,0.7106345444917679,4.999130002369094,2203.7526092863386,273.8030906354363,1038.5680828532224,2203.7526092863386
0.24409771244972944,0.9720757389441133,0.8007968310266733,0.9866795781999826,4.2955552175385785,2203.4468901246864,355.53374475356037,1099.214275774798,2203.4468901246864
0.8158330172300339,0.8816743791103363,0.9813800062984228,0.9496362041682005,0.03047652596680728,2203.3515973461936,281.5204704618826,769.3339539481161,2203.3515973461936
0.8373185563832521,0.9483129093423486,0.906396796926856,0.9172603162005544,0.26469143961498687,2202.8308013315564,306.88481614551125,940.0314391720132,2202.8308013315564
0.6387879820540547,0.9847130104899406,0.8311244938522577,0.9540999867022038,2.7122453614269513,2202.1176221391274,362.05116668291964,1147.7064961146484,2202.1176221391274
0.0913488743826747,0.9104857034981251,0.8948657084256411,0.9010661216452718,1.6974161058837007,2201.4735963914,193.21088235276562,620.648698250802,2201.4735963914
0.2679274817928672,0.9934530574828386,0.7917730640619993,0.9700109651312232,2.8763631390996767,2201.1592535780346,370.0583339469594,1152.27921888754,2201.1592535780346
0.5606600679457188,0.8754948955029249,0.968844817019999,0.9588743513450027,0.07330903019866093,2200.926115325241,232.50143823695507,713.1241321265478,2200.926115325241
0.5288299946114421,0.9564101183786988,0.9730939576402307,0.7870100708678365,0.66062909309286,2200.6746962983098,241.06934761711,906.320232267394,2200.6746962983098
0.3061378477141261,0.843498251400888,0.9968909360468388,0.9670558758080006,0.18402898646365412,2197.83353292589,198.61168070428306,728.7301857247445,2197.83353292589
0.3195055751129985,0.9035957669839263,0.9166626092046499,0.9539495697245002,0.04538776716351726,2197.6529965777045,227.25060857261235,692.4816920744515,2197.6529965777045
0.03432446997612715,0.911207084544003,0.8629233445972204,0.9709855942055583,1.5070397995325369,2196.868293884147,255.7152807491833,737.8290626951127,2196.868293884147
0.3235191870480776,0.9433169299736619,0.9551744228228927,0.8183397827669978,0.05120318955338404,2196.510603521952,238.53240126206688,803.8911710598636,2196.510603521952
0.0837789848446846,0.8933566873893142,0.9918493758887053,0.7850283617153764,2.1859149819652597,2195.802363333366,209.99287029742726,730.5173199254823,2195.802363333366
0.4626144766807556,0.9293612996116281,0.9642860079184175,0.8468614732846618,0.012929309126570419,2195.7627699801087,224.65206997429812,803.0232346421926,2195.7627699801087
0.3354099690914154,0.9419182101264596,0.908877857029438,0.8919839141890407,0.03747804267508799,2194.4687322712243,246.29471358963772,782.4101662830645,2194.4687322712243
0.2750350311398506,0.9200887698680162,0.8803299050778151,0.9683277076110244,0.25098681774190235,2193.6478865864506,244.23850412293342,802.8235453013813,2193.6478865864506
0.18792442046105862,0.9975449135527015,0.8717304859310389,0.8490671096369624,1.1964398720683755,2191.70910898179,261.6299227964053,938.7346851190815,2191.70910898179
0.6342919869348407,0.9995286967605352,0.8789723766967654,0.8701426535844803,1.9704153892088387,2191.454385369842,322.9678259658927,1029.6080051054755,2191.454385369842
0.1584272515028715,0.9838623628020287,0.9360845033079386,0.7525320267304778,2.016749096253058,2190.7791455776182,222.6511642636061,863.5412895353986,2190.7791455776182
0.43652937561273575,0.9626278476789594,0.8353948881849647,0.9717094609513879,1.7034430042481465,2190.5065013067015,301.44565919679314,1102.276530595577,2190.5065013067015
0.341705690138042,0.9401746168732643,0.9248937936499715,0.8715243544429541,0.022127548863727156,2189.65705726666,237.28857665741467,775.8145444998345,2189.65705726666
0.23517068102955818,0.8795414296910167,0.9783969251438975,0.8993999985978007,0.000289971308310913,2188.4638376961475,183.34946608898034,530.4521742361738,2188.4638376961475
0.8259900668635964,0.9831852652132511,0.9746439438313246,0.7628942159935832,3.044441699180713,2188.2720516950976,281.72953837326736,1012.9178095842894,2188.2720516950976
0.8179357144981623,0.9612516677007079,0.880836458876729,0.926129556261003,1.115339610761217,2188.0381513894263,335.33298328808166,1013.1594426510302,2188.0381513894263
0.2978685814887285,0.9303185744211078,0.8709514187648892,0.9636829486116767,0.16009448806924592,2187.7252471780507,252.75142864898626,874.8443876707191,2187.7252471780507
0.08686396386474371,0.8229171922430396,0.958958706818521,0.9617334073409438,2.4311036154057577,2187.0081038054204,181.93309151041052,705.199372358899,2187.0081038054204
0.5340855978429317,0.8942925110459328,0.9431433426216245,0.9482352705672383,0.028805767591509147,2186.6336991183794,239.28039748126307,705.0754248635815,2186.6336991183794
0.1690675700083375,0.9414560152217746,0.8428091518580914,0.9643647940829396,0.2100104624548919,2184.030917116546,283.7896334672403,939.4131905305208,2184.030917116546
0.28258407209068537,0.9701363863423467,0.8630515737459064,0.9018084881827235,1.6153949220810386,2183.0121759904605,288.84950077159766,916.5908606865535,2183.0121759904605
0.577789711765945,0.9166871421039104,0.9750095633789897,0.863332855515182,0.013902270263243413,2182.3320595367704,233.31334539738603,789.3474842288396,2182.3320595367704
0.1501296916976571,0.9569752160459757,0.9541588053107262,0.7600189493969083,0.7479122286492553,2181.1177058617177,216.2247163671199,826.143065846911,2181.1177058617177
0.9563434589654207,0.9415677506476641,0.8982443669810891,0.936293195001781,0.12649236228679944,2181.014862496928,350.9598380736456,928.4496395611798,2181.014862496928
0.6480871168896556,0.9652326200157404,0.9566406365483999,0.7972416086122394,1.3529969059819116,2179.962887874604,265.6927337557101,918.0778429793338,2179.962887874604
0.9903975864872336,0.9467210192233324,0.994812567718327,0.8036627098917961,0.5134592784826296,2179.8544913843643,341.09565143737024,938.2747376266667,2179.8544913843643
0.6459700940176845,0.9812188446521759,0.9080155035480857,0.8477617893368006,2.194363978771195,2179.306343533445,301.38445388251586,963.8634398181157,2179.306343533445
0.9101841440424323,0.9224704569205642,0.9928377186879516,0.8506895806640387,0.07423869415242207,2178.768955793173,319.5678125082512,865.4532855620625,2178.768955793173
0.9465637356042862,0.8846949664875865,0.9638891974464059,0.962801031768322,0.16545723881873856,2178.4940031813353,322.2560077229507,775.8863141120231,2178.4940031813353
0.061646427027881145,0.8651150483638048,0.9765063561499119,0.8859551958739758,0.0024805235558529055,2178.3245726395808,158.45959918936023,492.57453551425255,2178.3245726395808
0.0029458925127983093,0.8976656207814813,0.9331474993377924,0.8964556502178311,0.17369412049496546,2178.3021690495075,235.1201253097071,512.6205548466529,2178.3021690495075
0.12841787282377481,0.8867353247478604,0.9459905652329326,0.9130046181380749,0.39983071412693244,2178.2262773012794,183.9114455543522,561.9492456971184,2178.2262773012794
0.2205090057104826,0.9746056236326694,0.9888082388788462,0.683243096806109,1.9532342543852783,2176.8950303442434,243.95626253812472,958.5020214698848,2176.8950303442434
0.5401536477729678,0.9420219734311104,0.8539615171030164,0.9884259449318051,1.6414368405195157,2176.4320162086506,322.9558746137278,1041.4332026632442,2176.4320162086506
0.3383393557742238,0.9505683537572622,0.8477335385978222,0.960486801341176,0.4130926096541815,2175.3974896820073,294.78828703011527,1000.9795014877725,2175.3974896820073
0.06266937870532274,0.8044918067753315,0.9798835199326277,0.9799812333658338,2.868499544858787,2174.554363036915,167.75556665336146,666.1334816450366,2174.554363036915
0.7606379725039005,0.9859256772324443,0.8216493222862482,0.9715681560337543,4.005944575415119,2173.3345441384863,373.39681085985006,1220.298702816269,2173.3345441384863
0.8643484879285097,0.8594116307795048,0.9885456170886755,0.9884871765971184,1.1415444307649552,2173.139339001637,309.3873947457542,803.7601977714681,2173.139339001637
0.5270806131884456,0.9061619341373444,0.9610137175768614,0.8967903684824705,0.015898670775897083,2172.6498592166613,231.7301311210938,712.7227708357959,2172.6498592166613
0.8433351889252663,0.8960779812186956,0.9464774746447802,0.9564835019409657,0.0716327332215202,2171.8965604703903,288.03178832397475,793.3965251430136,2171.8965604703903
0.13925376068800688,0.9981577284634113,0.9843922089785337,0.6510617323219776,3.327195753127552,2171.524809815045,287.11010049560633,1068.5940016841428,2171.524809815045
0.8477253234013915,0.9151521511375904,0.912790447473526,0.9644994791597128,0.19954823278444347,2170.601818329283,306.2539497339758,877.2269713888513,2170.601818329283
0.8036815943196416,0.9401959618553519,0.9862004453316331,0.8142635989934206,0.09596881060323165,2170.468580488942,293.71061195714015,914.7920354610518,2170.468580488942
0.00046573393046855927,0.9736245386302471,0.7839282127097249,0.9627044526860118,6.336856262116992,2169.93654791482,372.784104523059,1095.088346483414,2169.93654791482
0.3402540311217308,0.9766564285382628,0.9873761693015695,0.7080968637019396,2.1210426359416856,2169.862766565446,248.83949070528638,998.93820576785,2169.862766565446
0.8821742106229067,0.9857891332358122,0.9157344959676266,0.8404467906802893,2.463105804309116,2169.362349514589,339.99209179015304,997.2080023300338,2169.362349514589
0.21794223971664906,0.8904075566679239,0.8957295883446932,0.9978960352018476,2.7122217309119985,2168.4825527272915,222.6091769141954,657.5765003983026,2168.4825527272915
0.6888816533610225,0.9625101201236248,0.9059667903929949,0.881126812659204,1.1402005944431186,2167.2555148446454,293.24792203800973,964.2294925114398,2167.2555148446454
0.8998999241739511,0.9556397069245577,0.9982853243127465,0.7734094085171819,1.1769798098213402,2166.4330290060716,316.9731033913292,963.06384251622,2166.4330290060716
0.11002855468541384,0.9058511620387435,0.9012228045612574,0.9179020915180445,0.6086922825116651,2166.0710844560385,207.7688001066459,494.3161213396464,2166.0710844560385
0.4458413263782859,0.9367653261870146,0.8568142373114824,0.985704904422164,1.5425492136780343,2165.7078054805243,281.5103800416927,1007.6951073213595,2165.7078054805243
0.9071230879053473,0.9497396387159824,0.9283313313499093,0.8758138753473759,0.3472650533214631,2165.4584130561284,333.44376632034744,903.3898145642521,2165.4584130561284
0.7950704982504249,0.9371519722044468,0.9523976892232895,0.8619337975978851,0.019578642549972672,2165.1301643940806,296.7572981002041,871.6751635501244,2165.1301643940806
0.5758771980181336,0.8829474672675133,0.9387587467208505,0.9804299846291542,0.9494552531359665,2164.848179958273,247.71807730704754,752.7702945068929,2164.848179958273
0.056524585001170635,0.995019668713212,0.8536259653046727,0.8270370159298182,2.8496708422706933,2164.3947796939,259.99431136172075,861.9097210451044,2164.3947796939
0.8005103869363666,0.9977989299222827,0.8325608382001519,0.9358400469645858,2.8326094334358753,2164.0169614092824,388.1458446221379,1161.8320381824494,2164.0169614092824
0.05213198531419039,0.9625403452664614,0.9811922358348966,0.6576254805549979,1.2602706186268877,2163.154675988306,269.88853612866365,931.8462209451316,2163.154675988306
0.6760104633867741,0.8903557034209371,0.9608917143195868,0.9378920355811715,0.009810964830954566,2162.9964585917023,244.24477907070036,739.8255697610556,2162.9964585917023
0.8786439467221498,0.8880849005654454,0.9760752264410257,0.9329238571226597,0.020084415795091175,2162.972366117114,299.81554172331016,746.5548781589666,2162.972366117114
0.565472312271595,0.9689897559583187,0.9489062959328294,0.7916740821674466,1.6049489368289835,2162.4181151779358,254.04908090744593,910.5311641834918,2162.4181151779358
0.7036776449531317,0.9406564058735967,0.8718829918652773,0.9684714935719967,0.3649503836734849,2162.043107522613,297.8110399514923,1037.8872856521007,2162.043107522613
0.5576104559004307,0.9966628523543477,0.9201005315408111,0.7990011172369123,1.9706415614775181,2161.968424786653,278.4905160066864,948.6036248866303,2161.968424786653
0.43345254845917225,0.8634591633453965,0.9977930225431919,0.9308262430131435,0.008435599844114836,2161.571786155157,198.1164754082624,693.486242086018,2161.571786155157
0.11808760277926922,0.9150894768536091,0.9933274891227484,0.7680737506598234,0.7844906908495706,2161.168642520778,194.9737632499078,761.45808716429,2161.168642520778
0.7209084611386061,0.8988758968189359,0.9518203223124146,0.9353147363290191,0.005560630909181462,2160.2659203368758,257.41893794648166,770.9644352409927,2160.2659203368758
0.3237888738512993,0.960719651542604,0.8822608850896358,0.8891343558207154,0.926050672587565,2159.920548971469,268.6701079257606,874.6087949162259,2159.920548971469
0.48030570335686207,0.9988470738753676,0.809068807400763,0.9480957742780447,2.5177585025318727,2159.003073413198,368.5231090724746,1167.0362711336431,2159.003073413198
0.29724319092929363,0.9785098303109407,0.943171352148056,0.7587915677577257,1.9888980687061544,2158.8571465453447,233.92980748284933,878.6818193707132,2158.8571465453447
0.4617440514266491,0.9755302742123604,0.8490974418818951,0.9227323029190302,1.966068450847431,2158.769670260288,304.180689154053,1038.4712963315085,2158.769670260288
0.3113762279972434,0.8768454100936651,0.9523061588406563,0.945655389688909,0.017383737567874497,2158.2556988057004,208.69246955248832,616.8634392228074,2158.2556988057004
0.6042838227003813,0.9139838628470898,0.8858244782313704,0.9963282346725464,1.8186733800700363,2157.9377361457223,279.9829330680113,894.6682440271998,2157.9377361457223
0.23591927904635668,0.9337807316333055,0.9966559298336506,0.744232309050858,0.027231834417511695,2157.8815602833624,221.70926629587274,816.5937747332617,2157.8815602833624
0.289527615532279,0.8815088039264083,0.9200715590268373,0.9861597809940577,1.8404276838845819,2156.1859531548894,241.25844549159942,672.9593754153585,2156.1859531548894
0.10737053584307432,0.9528753366321325,0.8324279487133026,0.9186991965398192,0.7511664617431832,2155.378760318564,290.6123077887772,834.5796086640593,2155.378760318564
0.6272064503282309,0.8685507113113999,0.9524853732436895,0.9924252098426223,1.5984677426619822,2154.8921547292343,261.0050247688266,734.2777300966353,2154.8921547292343
0.17772948276251554,0.9310739785432816,0.8453008579090238,0.9773670276626945,1.0962315768388782,2154.1528290494393,276.00044630021017,922.4143882258924,2154.1528290494393
0.15126426704227924,0.9472260614857078,0.9720370443537831,0.7415709644556046,0.2715768628351824,2153.7927965797394,220.00484887611648,851.0091137852008,2153.7927965797394
0.07865370623767376,0.9196229306980968,0.8310053255409002,0.9651983194053173,1.532419491270207,2153.1282627630508,267.54565150994176,848.0428435262784,2153.1282627630508
0.4746800558641553,0.9736480843275785,0.9215638842433691,0.8200363935902715,1.858218625950318,2152.9131758641806,264.9228919198098,901.7015798757897,2152.9131758641806
0.2046725181862712,0.9764224272221327,0.9061195496469736,0.8090867921710014,1.8886799245327341,2152.638405290831,241.2511202120538,813.0262156655562,2152.638405290831
0.32780094631016254,0.9315196815878153,0.9025237569585443,0.9084040531888604,0.014175820136167425,2152.2572173186027,243.0878970677268,746.067734697154,2152.2572173186027
0.6208982272073627,0.8740210197865963,0.9627774516120553,0.9567156415432692,0.04771693844269161,2151.2615061399606,233.80298086473215,688.3287714192038,2151.2615061399606
0.1370767243206501,0.866157122887671,0.9509841278195381,0.9395604515448213,0.25812383607560685,2150.165839955125,190.1888451698989,571.0940976875399,2150.165839955125
0.6007929919287562,0.8571760151535273,0.9963295506313443,0.9498911537230015,0.015379203177339089,2149.937191415358,226.2361266159596,710.7139328782607,2149.937191415358
0.9744071513414383,0.985616615973413,0.811439803801477,0.9853360131382942,5.690462200805696,2149.662969196169,438.4286900961616,1205.1410959102664,2149.662969196169
0.3793977415189147,0.973830453120172,0.8056113692000508,0.9802948115393519,3.494179984341665,2149.5547955336533,362.8247152807856,1153.6767032864318,2149.5547955336533
0.4734480129554868,0.9586384631693363,0.9667710652574897,0.7693335823714733,0.7911556321068638,2147.316998591447,236.62806894059042,898.3013158111538,2147.316998591447
0.029655074700713158,0.9444440454244614,0.8644670844078064,0.89322479814291,0.399310474477317,2147.2476118532777,271.4405207730476,737.5171186819952,2147.2476118532777
0.5454242350533605,0.9487209375947714,0.9350279904901981,0.8436158457770944,0.21393030062263282,2147.1636008106016,269.3866717782086,847.0511701883529,2147.1636008106016
0.26014054007828236,0.9998286506161094,0.9787931274622679,0.6647442616522312,3.0062113309279272,2146.3139414972425,305.96682331019724,1016.0662170468503,2146.3139414972425
0.8029770320281386,0.9540424505248666,0.9108003992587328,0.8850619867444038,0.5501595904914336,2145.8678452735016,317.2375415907858,926.4332262734945,2145.8678452735016
0.44794008135795593,0.9886496383696795,0.9698719400912523,0.7183216046541929,2.305784742234767,2145.2949938082306,246.83353521159998,991.8586497834782,2145.2949938082306
0.13332614116370678,0.9642500029876828,0.8505954323336482,0.8986260779201984,1.336070841205754,2145.05226463775,270.3463126033455,910.7709731961493,2145.05226463775
0.11200536694377661,0.9345859764143825,0.9355286285281181,0.800868378020823,0.7650890828224932,2144.7913047144016,222.91423513107168,642.6314506062832,2144.7913047144016
0.5526311425492167,0.9608220141381025,0.8278022715821862,0.9797092964872718,2.1227368565004805,2144.285615924886,354.8987258655234,1121.850475964902,2144.285615924886
0.49239146430045366,0.9442348945885897,0.9923352999612689,0.76251663826406,0.12654143566559417,2143.2069888156784,246.56796072856937,904.3933477073089,2143.2069888156784
0.6491657830774784,0.9912773156538606,0.7989355474710464,0.9779879162088037,4.732084023981602,2143.078768253967,399.65393114273445,1217.886534174346,2143.078768253967
0.1397518590092659,0.9577358169481158,0.9218803066760302,0.8005688786506653,0.8780505994230076,2142.80901137307,233.36198430591878,781.9782830672898,2142.80901137307
0.5306113539263606,0.9726428715512156,0.89662916213274,0.8609553538262844,1.8215888742095665,2142.30713617754,289.8834303177197,938.9235360876438,2142.30713617754
0.22171118948608637,0.8565213615074754,0.9465348683297634,0.9717707000672817,0.3486780126317497,2141.5586911625874,178.11456048469674,553.1814835241086,2141.5586911625874
0.19881484005600214,0.9161240449175239,0.9561361018568277,0.8395160539075732,0.001444901510874582,2141.3881629298135,210.7012145637902,664.5677075535357,2141.3881629298135
0.5241896556690335,0.9805930675938725,0.8136250609531999,0.963285394012928,2.7168710554542503,2141.1146586069426,361.6563183842622,1164.7363751185583,2141.1146586069426
0.23260771296918392,0.9272049972787499,0.9796083914116025,0.7735329587012529,0.009783262926508255,2140.739271600102,206.4050765794014,741.1447474825966,2140.739271600102
0.360635070130229,0.956885103136301,0.997677662409842,0.7229339675977826,0.7555522750196403,2140.5811992164604,235.2663376121031,977.6731657323236,2140.5811992164604
0.8110322318971157,0.9750166554003954,0.9446723144501448,0.7999376468360424,2.133451838282586,2139.1194645136748,302.02633466258095,961.3972169908646,2139.1194645136748
0.5070876581594348,0.8873605038970709,0.9978504125028849,0.8840835280716419,0.016025370855167042,2138.8474868936164,226.69136881422244,731.8502035195156,2138.8474868936164
0.6778824012726545,0.9191057467833161,0.9851796366274357,0.8433783743530512,0.0190478472804688,2138.12564843162,256.6510247505921,849.989514241747,2138.12564843162
0.7996675437316298,0.9188388157635927,0.9791214801371098,0.856947923079133,0.019697282208036487,2137.9233733887663,290.5966323767203,838.2218142606799,2137.9233733887663
0.9793098187074065,0.9630810804665089,0.968199254013598,0.7909483332186937,1.4219417947271706,2137.4275055241537,337.3413226309962,949.396171015995,2137.4275055241537
0.22733302041888237,0.9804183151572943,0.8769890228286386,0.8439298672601581,1.9269895553657628,2137.106369251355,235.47799240622606,840.9174786787814,2137.106369251355
0.8092124871909618,0.9597610011696815,0.9268165742978454,0.8509270371869206,0.9608261845176714,2136.7404834154586,316.1443966618416,932.6077908771429,2136.7404834154586
0.10272860340774059,0.963281792588532,0.9230586774647236,0.7444850411266088,2.040317485788981,2135.8227323298047,244.9766714959331,743.4328359010632,2135.8227323298047
0.074149489402771,0.9230255438014865,0.9064314840361476,0.8522674757987261,0.14127507140079398,2135.7255966575117,216.93396504249628,579.5945428056165,2135.7255966575117
0.6701646503061056,0.9399349056184292,0.9015937652438879,0.9133830387145281,0.03632287093444971,2135.6152120798815,285.7773519321369,882.2637423451877,2135.6152120798815
0.7226993273943663,0.9577910117805004,0.9870938118547201,0.7641254104673862,0.9068346936505195,2134.082059029877,266.47510371837126,977.1673657584909,2134.082059029877
0.7961503146216273,0.9833977492526174,0.8606770234182477,0.9075388582423329,2.310139618692468,2134.038781491986,354.44238656511715,1073.067104424561,2134.038781491986
0.5769535591825843,0.9960140781477094,0.8364140745252371,0.9138283263891935,1.8940958146815445,2132.5629406656753,343.33352705668403,1104.0195733487303,2132.5629406656753
0.5510551976040006,0.8950523072853684,0.9109238972887397,0.9877474829554558,1.4868204139966317,2132.056423378569,272.42471069737076,794.3075190204964,2132.056423378569
0.23063058778643608,0.8983395593240857,0.9494606172665954,0.8826955491676927,0.00014080750576888734,2131.961589337748,190.26799117815233,507.91109888457987,2131.961589337748
0.2878418182954192,0.9831219641491771,0.9108918253332376,0.797403640113771,1.9630142183343566,2131.497757915846,258.0424918896821,858.6516373046525,2131.497757915846
0.9405002156272531,0.9041913487017155,0.9060827186331153,0.9995106523856521,1.424503829763982,2131.449097079002,355.40702463494875,878.8150773565402,2131.449097079002
0.22368707787245512,0.9845238318666816,0.7674391400068998,0.981693834066391,4.429244531171551,2131.1392400875798,344.52909800717623,1127.3980376200473,2131.1392400875798
0.016467702575027943,0.8735381020233035,0.9015332655981183,0.9824979845434427,3.021490219996396,2130.2183124715816,245.2532191892099,625.459390894754,2130.2183124715816
0.4292258555069566,0.9971442744135857,0.8456703945994377,0.8924990585073829,1.512073444763005,2129.5224950594093,312.4635552751962,1051.9411105693207,2129.5224950594093
0.09273013938218355,0.9605641597881913,0.7630719291046262,0.9594968808814883,2.713898108454176,2129.135105689538,333.547190899568,1079.8357791271126,2129.135105689538
0.6588004203513265,0.8837303332984447,0.9287017993628979,0.9940680451691151,1.6285248579837208,2129.0780675687865,284.7308962431049,784.5954252895785,2129.0780675687865
0.01501790527254343,0.952672048471868,0.9406571490690112,0.7508335495367646,1.2793739801745212,2127.6509467070746,257.7705431155795,763.6604164649995,2127.6509467070746
0.1131190387532115,0.9808313641697168,0.7538421424105763,0.9764167778193951,3.7784379916846045,2127.1402713405732,360.08030471314197,1122.421068764545,2127.1402713405732
0.013687734492123127,0.9050992634147406,0.8722520899027586,0.9561370797455311,0.6886027425606666,2126.14647562664,254.87203931087117,697.9473799940356,2126.14647562664
0.3989035924896598,0.9906735131517053,0.7784945154562593,0.9890723312273622,5.890572773445664,2125.6306701777044,396.99093097974975,1205.4216436371096,2125.6306701777044
0.11205581855028868,0.9959860229864717,0.7480536727234721,0.9585934476926923,2.171037406377808,2125.5935921435216,366.3221436170132,1119.8516626354838,2125.5935921435216
0.5322172399610281,0.9231644235551357,0.9715816890820861,0.8330325838178396,0.020950028095662595,2122.423577729033,247.79378278803438,802.8844713339604,2122.423577729033
0.30934028793126345,0.9096094686537981,0.9765941146761179,0.8355777747929096,0.013097376539605729,2121.099835904343,221.40944206591982,737.5547882741728,2121.099835904343
0.35428796615451574,0.926495099440217,0.9856654750183225,0.7910321224480867,0.02049319465571082,2120.5196464577043,206.95534834232512,844.8804528985635,2120.5196464577043
0.1862801518291235,0.9963123332709074,0.9016853999346495,0.7788497032597661,1.3347663774086376,2117.8060283751183,240.83352772532626,870.5718312715973,2117.8060283751183
0.6550009530037642,0.8536588391289115,0.979033799842,0.9757207604125142,0.5902662346994055,2115.4718476217554,255.24328506244356,755.6214360114195,2115.4718476217554
0.7652744967490435,0.9520691996440291,0.9805074203759432,0.7786875972524285,0.470335350342966,2115.2763110724873,274.46524093299456,950.3688553053926,2115.2763110724873
0.19402663968503475,0.8617963558062911,0.9856388298794627,0.9068785505369306,0.001900869571662917,2114.478623882107,174.0241425438476,606.4626093801302,2114.478623882107
0.13734017685055733,0.9270132407546043,0.871346129104495,0.9262580834329128,0.1537660842472291,2114.1158717192284,228.20110131161562,757.6885573088842,2114.1158717192284
0.16846914496272802,0.8822179697453976,0.9261894393712282,0.9412175957113504,0.02958928652255369,2113.86933242892,212.17527627315616,548.0811527718695,2113.86933242892
0.2674653409048915,0.899114684201777,0.9751196224242449,0.8505788771435618,0.010846900182615228,2113.797790473236,226.4933130578118,657.9771753755318,2113.797790473236
0.9312487347051501,0.9868463948369026,0.8470532950013876,0.9177597621455789,2.5173410443444295,2113.633569926745,392.98653170715136,1090.5902503037255,2113.633569926745
0.09503836929798126,0.8800672944635153,0.8687782529741526,0.9864439973607659,4.091684998940739,2113.3618498280634,226.92415265820142,737.6361075536518,2113.3618498280634
0.5507616456598043,0.9869114896282554,0.9615997336804867,0.7281739106401801,2.3634002485481878,2112.474822996032,270.6281727027732,969.1892180283037,2112.474822996032
0.6821517096832395,0.9762148791924119,0.9658968728035688,0.751219030469656,2.2153462969580318,2112.211195396556,259.3831567377814,987.5342111413333,2112.211195396556
0.4346745777875185,0.9952715048566461,0.8596832873299718,0.8720688764005899,1.4928592893761257,2112.056044723339,287.7597156886201,1021.5572126046841,2112.056044723339
0.29202181100845337,0.9896326456218958,0.8037802325561643,0.9354422800242901,1.7709306079029559,2111.827829651712,356.1144256179512,1087.2676608670922,2111.827829651712
0.8292643809691072,0.9975921977311373,0.9412480983883142,0.7677350575104356,2.725977885860365,2111.4620128633796,301.29512892151695,993.8329546770439,2111.4620128633796
0.3130548596382141,0.9954540440812707,0.9597672270610929,0.6973051950335503,1.9490197900446429,2110.1433404313057,277.72897389747266,974.4884365729738,2110.1433404313057
0.07256687246263027,0.9865902327001095,0.8235390009358525,0.8603065656498075,2.1919133927534027,2109.586386792126,303.12674336347163,918.7510892010812,2109.586386792126
0.257344126701355,0.8884668927639723,0.9560470012947917,0.8954772315919399,0.009277604139412256,2109.2148050247965,213.66452934514825,537.9866973544054,2109.2148050247965
0.07278887555003166,0.9692022521048784,0.7795241679996252,0.9330743243917823,1.849836039041387,2109.130033131465,339.10829372928885,994.4684670111563,2109.130033131465
0.8305213842540979,0.9761204784736037,0.9858556827530265,0.7336012534797192,2.882455660420376,2108.656473671066,298.5151144757928,1019.3286662022869,2108.656473671066
0.3556642131879926,0.9787477971985936,0.8987019816413522,0.8302705837413669,1.9785663554458248,2108.6436405310283,246.6061320617186,921.7339529443572,2108.6436405310283
0.34210925456136465,0.9094520462676883,0.8743442157283425,0.9958659801632166,2.3503237615917962,2108.194404175698,262.8911569970998,864.522203495384,2108.194404175698
0.5648798681795597,0.9232398914173245,0.8649676106870174,0.9935437366366386,1.7822493970519304,2107.9220501860655,306.3935176116588,965.32646175191,2107.9220501860655
0.027835598215460777,0.9919319991022348,0.7572082066908479,0.9441612595692277,5.787155273481753,2107.8993688836413,384.8864662671052,1094.3911847226198,2107.8993688836413
0.6891398960724473,0.9489077795296907,0.9480117792263627,0.8259505452588201,0.23448314096888623,2107.6153929310576,273.4569417370639,906.8683713570402,2107.6153929310576
0.8873026957735419,0.8667740235105157,0.9716769913211465,0.9684101352468133,0.2696429711764625,2106.7003255132295,308.0669300347624,763.6707447318652,2106.7003255132295
0.12705629039555788,0.9661838673055172,0.86586675606668,0.8644016543403268,1.5685159255161678,2105.7151594598636,247.4143780213895,879.525117657207,2105.7151594598636
0.8078595940023661,0.9620036836713552,0.8457507845014334,0.9498303169384599,1.2524440889161361,2105.203328885791,364.7539934564591,1081.9547121387209,2105.203328885791
0.8413452077656984,0.9287342745810747,0.9824846535921097,0.8247383972629905,0.03945676823093413,2104.280967301169,291.4320448750708,883.5015663830663,2104.280967301169
0.05248098075389862,0.8631427241489291,0.9905660608783364,0.8497430766001344,1.269396222515546e-05,2104.2766270260904,183.110457963085,600.2163749760161,2104.2766270260904
0.8096986999735236,0.9965140139684081,0.9892978919669986,0.7014115387573838,5.676841727540292,2104.235022331129,332.03342106379847,1062.061026693136,2104.235022331129
0.9724598918110132,0.8559020617976785,0.9750439571216702,0.9987070746719837,1.3246328730869803,2103.921272984718,345.14723657904716,793.9733656040198,2103.921272984718
0.06646900624036789,0.9703660886734724,0.937239658087492,0.6982645401731133,1.6905552481729358,2103.5854946498557,262.2876883272564,810.6946189706,2103.5854946498557
0.7631572354584932,0.9983307244256139,0.9046532167121768,0.821395754814148,2.229545336548743,2103.5801321832328,313.4825881725864,1019.230094836881,2103.5801321832328
0.003677086904644966,0.8799117198213935,0.9833884099498391,0.8422683766111732,0.03903577116223764,2102.9898406092757,234.6671206662183,648.3564792972893,2102.9898406092757
0.6141912993043661,0.8789477497339249,0.9654440525919199,0.9290611697360873,0.0011804698469141046,2102.789366733919,222.97410604823645,647.0203106128423,2102.789366733919
0.744311248883605,0.9913584142923355,0.9113787366077304,0.8174450984224677,2.2275759906440253,2102.4963908779723,309.4012890443295,1001.0623111141373,2102.4963908779723
0.6681117974221706,0.9696545973420143,0.933694664388895,0.805380635894835,1.682304957443882,2101.277158791981,281.2362591171645,928.2067414302496,2101.277158791981
0.6094245966523886,0.9923036871477962,0.8932316862046719,0.8286962294951081,1.9286978799982464,2100.368552164805,284.1279000166599,960.8711975736876,2100.368552164805
0.13243260327726603,0.984439080581069,0.8813774334266782,0.8136172275990248,2.066661250220217,2100.2209761726967,246.1978574420137,884.4752178671033,2100.2209761726967
0.17233975883573294,0.8946722242981195,0.8922901805490255,0.965650737285614,0.15469376794774814,2099.587452653712,221.95871432476468,680.4681184396442,2099.587452653712
0.2446705298498273,0.8912951685488224,0.9191322745755315,0.9359566532075405,0.0048196735218470925,2098.9604443905964,215.88397749972782,518.2243072594624,2098.9604443905964
0.23993135150521994,0.9551684251055121,0.976390996016562,0.7093108939006925,0.5364804279176862,2098.6282273433912,256.99228622106466,874.659018164071,2098.6282273433912
0.2528276024386287,0.9643379766494036,0.9656298840418458,0.7132499758154154,1.1911969062402188,2096.3566332728883,265.3607328476556,882.7202531403085,2096.3566332728883
0.5723556773737073,0.8344674641266465,0.9870008798316121,0.9979851422831416,1.888714865542306,2095.6189082478686,255.32274001241825,784.2670605054011,2095.6189082478686
0.9420755077153444,0.9960486460477114,0.9723530970513821,0.7242956161499023,4.1031869154366785,2095.4975325739897,349.0470636827691,1021.5039796590763,2095.4975325739897
0.15393012296408415,0.9353938167914748,0.9475682424381375,0.7871703030541539,0.09715331326065041,2095.3042860353744,223.42866257790453,742.770637884415,2095.3042860353744
0.416866815648973,0.9191688979044557,0.9211833942681551,0.8971966523677111,0.009038407566995494,2094.9941780363606,239.42833312428044,698.5248387582587,2094.9941780363606
0.6513941511511803,0.897381329908967,0.9984107874333858,0.8581581385806203,0.015257062035287938,2094.8308911198646,269.64300520504963,770.8657952952508,2094.8308911198646
0.24443524982780218,0.8775542620569468,0.9924596752971411,0.8651448842138052,0.003537068353535543,2094.818821542835,208.6111722205869,625.1611513595461,2094.818821542835
0.852238368242979,0.9722421802580357,0.8861864451318979,0.879901334643364,1.9024151751823366,2094.4086012753423,339.6280289811351,999.2942427847315,2094.4086012753423
0.1513569774106145,0.8610538467764854,0.9187037516385317,0.9956898503005505,2.8598671710928687,2094.307146832092,225.87628348912017,657.7337271420895,2094.307146832092
0.5250315451994538,0.9350414760410786,0.9992176853120327,0.7594314711168408,0.08619483525368142,2093.915729844762,258.1487006396083,893.7793766765124,2093.915729844762
0.6438282458111644,0.9066825592890382,0.9039900898933411,0.9606262976303697,0.10901666617267784,2093.695950076047,276.1266019252347,800.8767615436848,2093.695950076047
0.9344251872971654,0.9511505179107189,0.9435639958828688,0.8323201574385166,0.4309254471957612,2093.5641818853856,339.5197431869754,900.0379742149617,2093.5641818853856
0.33414325676858425,0.8167573576793075,0.9925474673509598,0.999298513866961,2.433835239964128,2093.197054626493,238.77005137195934,781.4994163089505,2093.197054626493
0.5813708705827594,0.9315828327089548,0.9411294078454375,0.854555138386786,0.009251686691956324,2093.064302505978,247.9394491516593,803.0436145219359,2093.064302505978
0.6594226909801364,0.9488285286352038,0.8414298165589571,0.9703369615599513,0.665494315808957,2093.015963708057,344.5389043027324,1067.2179199709294,2093.015963708057
0.6908604288473725,0.9951750263571739,0.9302552193403244,0.775139968842268,2.2602097821560916,2091.0293054852036,280.0543432050453,985.5476229992463,2091.0293054852036
0.4384265821427107,0.836074935272336,0.9789237407967448,0.9900549473240972,1.7820395977451398,2090.785001728015,208.8890671544303,763.5239790619833,2090.785001728015
0.05444001127034426,0.9775600358843803,0.905192892998457,0.7393308114260435,2.515243824814963,2090.783727955504,235.7752708552601,766.8342145301367,2090.783727955504
0.296649475581944,0.9694605628028512,0.9553360799327493,0.7294984878972173,1.5587034372976587,2088.075273011819,255.13640575944387,894.0760878533578,2088.075273011819
0.6785931475460529,0.9366157865151763,0.9117611339315772,0.8946436196565628,0.017363567487898808,2087.973163584318,274.58994027151095,858.350135897747,2087.973163584318
0.2642876720055938,0.9785578735172749,0.7647439781576395,0.998380814678967,6.131805152407605,2087.851478680181,400.0511649088317,1153.8045280166866,2087.851478680181
0.3275637552142143,0.9177949465811253,0.9466301742941141,0.8532383097335696,0.009461649191016427,2087.467623608758,237.21574788867485,701.1545033106219,2087.467623608758
0.01842648535966873,0.9730151519179344,0.9878829792141914,0.6222071321681142,3.62117061023879,2085.79638023089,338.26796000227137,1046.8815791243833,2085.79638023089
0.520115552470088,0.8487447313964367,0.9662359105423093,0.9869641466066241,1.4503968825347602,2085.116801791576,238.52391001224754,747.2070122882592,2085.116801791576
0.4950275244191289,0.9904968962073326,0.8852003235369921,0.8365882849320769,1.8103282084684802,2084.3948909201217,296.0570290289141,970.2457494116218,2084.3948909201217
0.74883714877069,0.8859338341280818,0.9799441369250417,0.9090505065396428,0.004269750417760978,2084.1274660072177,261.52102116804025,746.6611376687839,2084.1274660072177
0.025147899985313416,0.9460477810353041,0.9084082404151559,0.8059720806777477,0.5024529931244935,2083.6307707396686,260.1006216832491,687.4251575799055,2083.6307707396686
0.862372376024723,0.9816797692328691,0.7938182689249516,0.9945183731615543,5.810931010559865,2083.6183557849454,433.2365618584359,1217.638205595385,2083.6183557849454
0.21061404328793287,0.9174137329682708,0.9098988967016339,0.8898505968973041,0.0013172744384275744,2083.3941995818504,209.77793667501464,574.7692792729022,2083.3941995818504
0.2554927412420511,0.9212385807186365,0.990100578404963,0.7608019476756454,0.017617024049793855,2083.3417032074344,238.11195204429313,784.9648211324837,2083.3417032074344
0.016375528648495674,0.9441432468593121,0.957727575674653,0.7215406354516745,0.6110314977860963,2081.598994035798,272.937114471783,799.334711952929,2081.598994035798
0.08868749346584082,0.9313680864870548,0.7716176435351372,0.9949180064722896,4.8267276918197926,2081.559858152433,320.95187594295146,1051.0292855361988,2081.559858152433
0.4661409258842468,0.9489704538136721,0.8958578845486045,0.879767750389874,0.21392693809644542,2081.162688776192,258.445630861849,851.3026003925013,2081.162688776192
0.7100120484828949,0.9501019446179271,0.9177779583260417,0.8635855689644814,0.29593969145837623,2080.686217221217,281.5129685939425,916.0699871227705,2080.686217221217
0.9241947047412395,0.912017323076725,0.9500209894031286,0.8955801511183381,0.026920420718529098,2080.335026224798,319.1465533287953,770.9257653309193,2080.335026224798
0.029218075796961784,0.9687568182125688,0.7446877872571349,0.9888400435447693,7.794432333080388,2079.8246073014107,393.73295436890237,1114.8051906759094,2079.8246073014107
0.47613934241235256,0.9527654210105538,0.9840530101209879,0.7332159215584397,0.43926658858051787,2079.6301155131355,260.08193569312067,927.8489103346056,2079.6301155131355
0.8324360689148307,0.9403894748538733,0.8501085210591555,0.9821001403033733,0.981570458053109,2078.397265343772,350.5221526689493,1062.786660080606,2078.397265343772
0.8458729153499007,0.9742751689627767,0.9011986097320914,0.8516235547140241,2.023467370211136,2077.891401597548,329.4229618718705,982.0954701850981,2077.891401597548
0.055810065008699894,0.9773724712431431,0.8119305279105902,0.880253478884697,2.5359983297875357,2077.445300955387,296.13081067290534,918.810263199111,2077.445300955387
0.3341748947277665,0.9961612671613693,0.9294562032446265,0.7377944560721517,1.6698149815029282,2077.3605278374625,266.6758130943637,908.2537249580355,2077.3605278374625
0.04846648871898651,0.9496924066916108,0.7596897641196847,0.9917512070387602,4.565700353112096,2076.81191688298,357.48406730578864,1044.5172013607057,2076.81191688298
0.10088946390897036,0.9065286135300994,0.9830627208575606,0.7348666498437524,1.1788274616180896,2076.5540801004613,246.84283280846319,736.8836813418776,2076.5540801004613
0.9813791578635573,0.8969885678961873,0.971736503764987,0.9007401028648019,0.03511470101449265,2076.2226044350195,328.92367291849257,749.3943987737371,2076.2226044350195
0.9686604226008058,0.8892994988709688,0.9316849811002612,0.9691266985610127,0.31422315829077585,2075.958386173259,338.8158650354225,780.6802826297262,2075.958386173259
0.086832195520401,0.9872110560536385,0.9007731303572655,0.7071260763332248,4.5446611487294515,2075.725939614294,270.52863416812596,897.0599577931789,2075.725939614294
0.1892562210559845,0.9356280490756035,0.8982113488018513,0.8723035342991352,0.0070811207860554904,2075.6294363260486,218.22395297740178,712.7893693751664,2075.6294363260486
0.225310361944139,0.8924456350505352,0.9664034266024828,0.8544523380696774,0.0004895055183250321,2075.207433966214,183.48131972421976,565.4585928117764,2075.207433966214
0.13592559657990932,0.9965582601726055,0.7272789217531681,0.9980872683227062,8.124097304706417,2075.0944733973793,394.2160909934555,1217.7338701103333,2075.0944733973793
0.10539494268596172,0.9792779749259353,0.9407997401431203,0.6700514769181609,2.964617310941731,2074.773993737323,302.1792750077925,876.9428850499036,2074.773993737323
0.9452588120475411,0.9706449871882796,0.9549643332138658,0.7741157012060285,1.9588064261713771,2074.717279817557,333.4734239386424,947.0823068753494,2074.717279817557
0.642191874794662,0.8914192644879222,0.9843477988615632,0.8787454888224602,0.010192417388732288,2074.4719330598996,254.38825816306806,718.8600652882254,2074.4719330598996
0.33100445196032524,0.9783085091039538,0.8306385381147265,0.9115193150937557,1.9751921225882603,2073.9495543783564,327.62850769522976,1014.8432662812127,2073.9495543783564
0.13098139502108097,0.9635827774181962,0.9438558900728822,0.7268196139484644,1.4805203186516673,2073.6536873787945,238.15883631147452,866.8912787960951,2073.6536873787945
0.7009621635079384,0.8936255238950253,0.9242677316069603,0.961818695999682,0.11262636660617012,2072.0519180912665,260.98890062145006,801.9166560846544,2072.0519180912665
0.4980923952534795,0.8850718392059207,0.9416808225214481,0.9369083689525723,0.013654958625562694,2071.0710406157496,233.98246790968795,656.4036589931723,2071.0710406157496
0.6676970515400171,0.9835883732885122,0.8545891838148236,0.8938466431573033,2.1611752902780745,2070.846185379156,336.77495450525544,1054.013501990675,2070.846185379156
0.3189061926677823,0.9669231623411179,0.81425391882658,0.9458803758025169,1.478616981802699,2070.710335362969,340.0411245299225,1049.6525720121317,2070.710335362969
0.6075856816023588,0.9648436149582267,0.9425186524167657,0.7772942949086428,1.284322038877176,2070.6412916871313,248.0474100146449,878.1573015158164,2070.6412916871313
0.8493088940158486,0.9789602039381862,0.8259919863194227,0.9413193771615624,2.4318763380017345,2068.565359944203,387.19632566122596,1128.3332049247367,2068.565359944203
0.4065038673579693,0.9169980734586716,0.9364510839805007,0.8707824116572738,0.010803985571621696,2068.4177531136334,243.83567294566367,689.1525251661747,2068.4177531136334
0.9670854350551963,0.9509798483923078,0.8295058803632855,0.9923640135675669,1.9319585165756694,2068.0654334026367,416.4131863138797,1104.6225363999006,2068.0654334026367
0.40477116871625185,0.8547666436061263,0.9430783642455935,0.9947266178205609,2.12749494251483,2067.8121828731864,250.77899836089048,696.8633648808228,2067.8121828731864
0.09066246915608644,0.7856917697936296,0.9518778417259455,0.9888809463009238,4.234665837628245,2067.0487875150843,195.37796780177507,774.966933280103,2067.0487875150843
0.922966742888093,0.9591660844162107,0.8338903496041894,0.9620580216869712,1.2637604782233678,2066.757020500127,396.88087528700254,1089.377014223197,2066.757020500127
0.12260415870696306,0.9997410550713539,0.9913072548806667,0.5899968817830086,5.537740049707238,2066.7326274364177,328.72472692980114,1155.5263522174748,2066.7326274364177
0.011003854684531689,0.9078976679593325,0.9614103641360998,0.7935450384393334,0.08484037501809195,2066.4710013821277,254.65182206661592,661.3154138817466,2066.4710013821277
0.02585465833544731,0.9152640225365758,0.8578740628436208,0.9364169389009476,0.4496601115680693,2066.390636703183,265.44719396148184,699.0499663043094,2066.390636703183
0.3012812864035368,0.8964040139690042,0.8866909798234701,0.9832109361886978,1.5219253686767318,2066.267080421086,242.48082470944425,763.2742813554829,2066.267080421086
0.023696097545325756,0.9710884401574731,0.9708867641165853,0.6408349201083183,3.1215422854206425,2064.646816600825,330.958677018053,979.1646080965697,2064.646816600825
0.7756435936316848,0.8553908057510853,0.9851528722792864,0.9582443656399846,0.06478725061005419,2063.7905658014824,274.8133488351893,765.0899509897332,2063.7905658014824
0.680026818998158,0.9599821148440242,0.9211553847417235,0.8332681627944112,0.9323550914196137,2063.709991294698,285.92870796792994,920.8753624088409,2063.709991294698
0.8116294294595718,0.9289009822532535,0.8684546304866672,0.9696569601073861,0.3594878216587085,2063.517426759457,332.7344612256667,976.5320170208296,2063.517426759457
0.01758530456572771,0.8263000110164285,0.9780150018632412,0.9320383621379733,0.34724050907526505,2063.214291263657,218.7993102547008,623.0917788028228,2063.214291263657
0.531472634524107,0.909546734765172,0.9292605631053448,0.9048066101968288,0.014835681790851844,2062.8282082924547,248.21590749709688,696.4777304034903,2062.8282082924547
0.2939519826322794,0.8518931679427624,0.9839242314919829,0.9254852682352066,0.009185093836757073,2062.737965085338,203.7844696730581,632.7050193633572,2062.737965085338
0.8566524684429169,0.952014772221446,0.8704471224918962,0.922873287461698,0.4544053177547363,2062.532570934676,345.38627513093326,975.3169701581529,2062.532570934676
0.007911741733551025,0.9332695370540023,0.9786733565852046,0.7046322114765644,0.47618196184963685,2061.493765993428,279.1526869128579,846.1649633083716,2061.493765993428
0.28146855253726244,0.9220599420368671,0.951018525287509,0.8210323583334684,0.008813790558030464,2061.037399186314,242.87045046097919,704.2747238777999,2061.037399186314
0.12974027264863253,0.8304199315607548,0.9953933199867606,0.9227930521592498,0.4288544415016918,2059.59836506751,177.98759007862174,702.7302645294741,2059.59836506751
0.2263915641233325,0.9380123810842633,0.8472170000895858,0.9308875510469079,0.009367052149612492,2059.4470453451713,243.85694650904108,795.6857782927533,2059.4470453451713
0.9606023300439119,0.9299269029870629,0.9628727650269866,0.8369668358936906,0.041726652990789974,2059.2076172125935,338.2060601179095,850.4766646692719,2059.2076172125935
0.821486578322947,0.8934194212779403,0.9143028482794762,0.9794705668464303,0.7490945937002507,2058.638856261443,308.6604912937638,824.2042787779166,2058.638856261443
0.41565339360386133,0.967723373323679,0.803221289999783,0.9634321071207523,1.7961804266679058,2058.0658024816266,357.7028850361298,1109.357481100785,2058.0658024816266
0.8125899191945791,0.9893716992810369,0.8650968978181481,0.8753438666462898,2.2017321249146287,2057.9426838666895,354.3864349329899,1052.9515685013205,2057.9426838666895
0.9036679118871689,0.9342864891514182,0.9741166792809963,0.8083083974197507,0.05034517527479159,2056.912426235166,322.982504436382,872.9307274614301,2056.912426235166
0.21198596246540546,0.9408692298457026,0.9153877468779683,0.8265903647989035,0.017784113184296936,2056.4314387618015,231.96979943710758,685.494194418721,2056.4314387618015
0.5128002259880304,0.8990520099177957,0.9307770617306232,0.9217302007600665,0.014820978448367508,2055.7709594586186,233.11137292987408,677.70559150914,2055.7709594586186
0.13511533848941326,0.9802438160404563,0.7708328906446695,0.9495043652132154,2.2036392272108363,2055.482736345766,349.5055046947928,1114.9050692558435,2055.482736345766
0.3614074857905507,0.9471335271373391,0.9529327563941479,0.7747374176979065,0.1385784945980316,2055.080493617473,229.77611370873498,849.916205711726,2055.080493617473
0.290873721241951,0.943126916885376,0.8176474682986736,0.9781461479142308,1.0777570521597721,2054.556277260863,330.52301970913305,1013.7301836506876,2054.556277260863
0.4680741969496012,0.9777126368135214,0.924296704120934,0.7764645796269178,2.0179450388709106,2054.2653277900363,253.770081033573,894.6323817160538,2054.2653277900363
0.036974900402128696,0.9956837464123964,0.776081832125783,0.9008643124252558,4.1671722721335405,2053.463880963254,366.2966628638881,1014.1502710815139,2053.463880963254
0.4415649063885212,0.9899357836693525,0.8131343349814415,0.9218663424253464,1.8295010532208762,2053.4593831136654,328.4642542777079,1098.4379094703006,2053.4593831136654
0.8267165888100863,0.9890630403533578,0.9573808265849948,0.7345282640308142,2.7911243283881877,2053.3753560767746,309.6871078012922,999.6321766261378,2053.3753560767746
0.8743512444198132,0.9651377089321613,0.9990603541955352,0.7172040892764926,2.318653416639118,2053.0324161765298,341.40610537513146,1005.6833342100281,2053.0324161765298
0.9225962422788143,0.895776929333806,0.9360543480142951,0.9388781562447548,0.029148837197352857,2052.3010233170385,322.36538983754036,737.9024171251698,2052.3010233170385
0.5480938339605927,0.869583236053586,0.974028879776597,0.9229341167956591,0.013761079610934694,2052.1544687377764,232.57826497729212,655.0459654945536,2052.1544687377764
0.30332111194729805,0.9291745172813535,0.9187990613281727,0.8605595929548144,0.011813997661048634,2051.4923811690205,235.31366884596156,712.9169784689689,2051.4923811690205
0.9892263701185584,0.9939591661095619,0.8836953602731228,0.8462254339829087,2.3886685246170862,2051.135718648431,383.9602630510035,1017.8349900227958,2051.135718648431
0.3135485826060176,0.9550703149288893,0.8972506308928132,0.8470989279448986,0.5208633642220946,2050.328082262886,259.0106858805648,822.240755584974,2050.328082262886
0.11580577958375216,0.9561870824545622,0.9128241883590817,0.7737857038155198,1.1779148470428416,2050.2487918767047,230.3751487937702,735.5083119258248,2050.2487918767047
0.20784420240670443,0.9615745190531015,0.8071655947715044,0.9404438259080052,1.017145355261951,2050.1791477664724,324.36308225774025,977.711581773872,2050.1791477664724
0.9485582504421473,0.9174731289967895,0.9962342409417033,0.8184235421940684,0.08541694067714925,2049.642900070265,339.0225156457408,849.8876804588687,2049.642900070265
0.8816956290975213,0.9646874824538827,0.978224441409111,0.7402102369815111,1.5782003558269648,2049.1341994151335,325.54334485626316,969.6817502220807,2049.1341994151335
0.16722918674349785,0.9701704774051905,0.9453721502795815,0.7120245071128011,1.6187015351973804,2048.7070742395704,270.35108592878333,879.6700800753166,2048.7070742395704
0.10978892352432013,0.8883258337154984,0.9528064290061593,0.8441673368215561,0.8183597214442002,2048.525427268024,216.52050021115673,523.3286666251514,2048.525427268024
0.16673931386321783,0.9490428464487195,0.8828516872599721,0.8598453188315034,0.21340844770115996,2048.4643128957787,249.11977115134968,775.9472345049635,2048.4643128957787
0.666855638846755,0.9359545698389411,0.9580589979887009,0.8130019158124924,0.015641040644929587,2048.4609460927704,271.804181700267,850.4277549926887,2048.4609460927704
0.06249894015491009,0.9683808488771319,0.9971697777509689,0.5746928546577692,1.874461048588133,2048.449183822161,335.4620809590015,1087.045106129959,2048.449183822161
0.04636364430189133,0.7931469716131687,0.9842842016369104,0.947798877954483,0.6068612013367732,2047.5983629247362,190.2009067927997,648.2525684348412,2047.5983629247362
0.6573692569509149,0.9775805165991187,0.8698686063289642,0.8733837977051735,2.061887120412113,2047.4682490400942,325.39004991146413,998.5375939951733,2047.4682490400942
0.09187223948538303,0.9183370163664222,0.9877447299659252,0.6681479681283236,1.8375724781733132,2046.9786486289688,272.3960699035681,923.8858729533968,2046.9786486289688
0.7362557156011462,0.861112623475492,0.982457896694541,0.9435145631432533,0.0068507603460169755,2046.6645138796791,262.89443332434064,743.0185343096364,2046.6645138796791
0.7095296857878566,0.9748620353639126,0.9802555283531547,0.7159748040139675,2.350918914179541,2046.6033874097018,282.6894176929679,1029.1663931455564,2046.6033874097018
0.45504468213766813,0.876160504296422,0.9302872912958264,0.9631378231570125,0.11348319757145818,2046.1046804371333,225.90193703779875,688.5681086472102,2046.1046804371333
0.8598006945103407,0.9052316388115287,0.9276567278429866,0.9280559439212084,0.015701661944839653,2045.5506507306468,306.63407086467896,756.489005711449,2045.5506507306468
0.37525919266045094,0.9852744452655315,0.9664444113150239,0.684781389310956,2.190072995868915,2045.3435119199949,297.80073182919404,997.2338117497645,2045.3435119199949
0.76562684122473,0.9450035728514194,0.995632323436439,0.7493945192545652,0.2691345421791592,2044.73433505142,292.0650218486203,953.8404568015856,2044.73433505142
0.42859663534909487,0.9182451674714684,0.9686410101130605,0.8145918566733599,0.01146101632730656,2043.2291790790082,235.1903095068552,775.680279554973,2043.2291790790082
0.6035716868937016,0.927586929872632,0.9671775363385677,0.8044380191713572,0.006668642805556878,2042.596685720953,244.55311691606974,802.3432872957806,2042.596685720953
0.7776038022711873,0.9910869169980288,0.7893679887056351,0.964267716743052,3.526004791050982,2041.8781720329455,412.85047291566843,1210.7099017777643,2041.8781720329455
0.8680758913978934,0.9319971222430468,0.8783457167446613,0.9421111308038235,0.03984739154706625,2041.6989260855187,335.4057434404298,916.746523377847,2041.6989260855187
0.4769772570580244,0.9054394252598286,0.9846182512119412,0.8256119135767221,0.012164469838517256,2041.167010548149,247.8466278890006,767.6700547783355,2041.167010548149
0.16355300694704056,0.95314085111022,0.7771939653903246,0.9971515256911516,3.324622648856313,2040.9578523481835,366.60627349927296,1092.72407706369,2040.9578523481835
0.12457720097154379,0.9660013876855373,0.953339321538806,0.6912248907610774,1.8291896070911013,2039.0376119592229,260.8999165012659,921.9033173176024,2039.0376119592229
0.43078474421054125,0.9968348778784275,0.9379548747092485,0.7203113446012139,1.9111228556017104,2038.4216506509827,273.1055298696339,943.5531054699759,2038.4216506509827
0.9306553369387984,0.91002191696316,0.9662703005596995,0.8672110550105572,0.0286409839631101,2037.7598009974008,324.9451753146273,784.6413435532234,2037.7598009974008
0.21541493944823742,0.9826535070315003,0.8373773079365492,0.8695559287443757,1.8802582385234508,2036.6713908785773,287.55736663907004,915.3832811231086,2036.6713908785773
0.35151105374097824,0.8563154358416796,0.9561017118394375,0.9541418366134167,0.0355644043767962,2035.8179414396589,195.93996768867294,670.7317691889573,2035.8179414396589
0.8853737162426114,0.9791543548926711,0.8070247797295451,0.9550174148753285,2.719338462385181,2035.305829837439,415.25639997060256,1148.5283575797337,2035.305829837439
0.4867517314851284,0.9559810059145093,0.9345373855903745,0.7912829304113984,0.5965549963406788,2035.186337376956,265.3557159254821,847.1498627886413,2035.186337376956
0.0787741793319583,0.9418838275596499,0.9937313236296177,0.6069019129499793,0.8780915261507807,2034.7131318054662,326.42989647789153,1021.8368528290172,2034.7131318054662
0.20901521015912294,0.9765918105840683,0.8211625320836902,0.8979187719523907,1.8905439035476335,2033.4141709727448,312.0173210293686,946.6139078526196,2033.4141709727448
0.037729605101048946,0.8831671765074134,0.878418524749577,0.9592720083892345,0.9046354809310624,2033.0013013375374,231.44350744644973,601.2119069350875,2033.0013013375374
0.2794180614873767,0.9455403573811054,0.9932310851290822,0.692639172077179,0.1360961216427725,2032.690853500738,288.5406528321561,930.9900658976361,2032.690853500738
0.9979977877810597,0.9920565728098154,0.9984288727864623,0.6806787429377437,7.093530908649764,2032.3993256959209,397.20789461010594,1068.1057707920281,2032.3993256959209
0.18310751020908356,0.9406927619129419,0.8105744328349829,0.9707347974181175,0.4022665610426383,2031.6592536599421,312.2588724713819,993.0956690860103,2031.6592536599421
0.08810238540172577,0.9397207219153643,0.9767572740092874,0.6253792587667704,2.042470330280903,2031.397702699573,304.4543642985079,1014.7598707078515,2031.397702699573
0.9055243227630854,0.9044454349204898,0.9398184847086668,0.9104514699429274,0.023130760418546812,2031.3347506960108,316.3058384215481,735.9383236325046,2031.3347506960108
0.9960214719176292,0.9557074410840869,0.8529161904007196,0.9332174537703395,0.7735283986680628,2030.4638176421774,391.49177216983486,1005.9330200395709,2030.4638176421774
0.7957807676866651,0.9195213261991739,0.900600622408092,0.9307752791792154,0.015489326136029517,2029.9716688831531,305.3215062089819,826.3510969861228,2029.9716688831531
0.6121217217296362,0.9460416967049241,0.9697116808965802,0.7548143640160561,0.13539185268827414,2029.9435307934007,251.25857975199423,867.7669329058735,2029.9435307934007
0.0010440107434988022,0.9875530144199729,0.7180821029469371,0.980039531365037,10.635348454488513,2029.8603241111587,410.6878363431751,1171.418746005615,2029.8603241111587
0.5020827278494835,0.9629862699657679,0.9882796853780746,0.6952094007283449,1.231785222351708,2029.1261257690953,293.7482054268975,993.3988959255345,2029.1261257690953
0.3835621951147914,0.9572895476594567,0.9796340595930815,0.7029871754348278,0.7091695890046898,2028.4885529665955,286.5740832261773,945.9096859887549,2028.4885529665955
0.8693463196977973,0.8857275024056435,0.9855738552287221,0.8913706513121724,0.015653561922299646,2028.0045733955842,300.9309072397946,739.9463982558524,2028.0045733955842
0.20012188702821732,0.9670340334996581,0.9941699225455523,0.6357250418514013,1.4950189575456767,2027.1747209646026,313.6796188082482,1045.0086115362935,2027.1747209646026
0.8208652650937438,0.9547944664955139,0.8157858308404684,0.9870250131934881,1.9482337492854642,2026.7104436793022,395.3522677832636,1135.1311720439287,2026.7104436793022
0.32185965962707996,0.9895841656252742,0.9065492879599333,0.7670952845364809,1.7376504866824383,2026.4265208481083,264.6083238973201,880.4828367795828,2026.4265208481083
0.5181858576834202,0.9923466835170984,0.7558252429589629,0.9970103418454528,6.885426361868445,2025.7340861233886,415.4863286543017,1233.6540819904842,2025.7340861233886
0.7457854645326734,0.9663203498348594,0.9738981937989593,0.7309261960908771,1.5542751456219617,2025.705373665634,296.63677295018397,986.6900153977308,2025.705373665634
0.9198180455714464,0.9428079603239894,0.8595919506624341,0.9435757892206311,0.13941884601531235,2025.63905653463,366.2857089046796,973.9940035523408,2025.63905653463
0.5158780999481678,0.945834755897522,0.8668223600834608,0.9145964290946722,0.12227097394063227,2025.463324660536,286.08124554700584,910.2312814999796,2025.463324660536
0.5140596888959408,0.9798943363130093,0.7814046172425151,0.972584736533463,3.1678001256892,2025.1101766262516,379.4977401303736,1186.4549983979657,2025.1101766262516
0.10928465519100428,0.9816203732043505,0.8625752795487642,0.8000761680305004,2.3921549276618124,2024.4972422181631,269.37810909857654,814.1143505520085,2024.4972422181631
0.7136636292561889,0.9601526651531458,0.8048058412969112,0.9932929007336497,2.901498523672208,2023.9533286103112,385.0147493484118,1179.159904503179,2023.9533286103112
0.8198630064725876,0.994877609424293,0.9090306609869003,0.7926144562661648,2.280957549836015,2023.1612831008827,325.24166092849583,976.3121831434855,2023.1612831008827
0.06450795847922564,0.9422567030414939,0.7897844174876809,0.9468817422166467,0.5198000865993978,2022.2764743072921,305.5632343204483,920.7398988466126,2022.2764743072921
0.15988668520003557,0.9432225292548537,0.9985696282237768,0.667909505777061,0.1791898236322572,2022.1636908455828,288.7184315329954,971.2471913104217,2022.1636908455828
0.21904959995299578,0.9524945272132754,0.9263296630233526,0.7683245735242963,0.35291327556775115,2022.109047032419,226.00500792642185,727.7034974940358,2022.109047032419
0.4030496422201395,0.9723323825746775,0.992660996504128,0.6583645716309547,2.0219239888344918,2022.0849631925853,327.25014841515656,1038.8416647756737,2022.0849631925853
0.12892590463161469,0.9923328282311559,0.9703492177650332,0.6169251063838601,2.570915902079683,2021.1404708022808,319.80190855213647,1090.1961975238364,2021.1404708022808
0.6859375583007932,0.9020397011190653,0.8936848565936089,0.9755325149744749,0.5878970102824664,2020.8653016365215,281.90307081443024,865.1813889624219,2020.8653016365215
0.6068581808358431,0.8688607336953282,0.9305884940549731,0.9786663008853793,0.7756625762324494,2020.7021883914497,242.55016800709703,708.5675400094357,2020.7021883914497
0.07648599706590176,0.8260619770735502,0.926723969168961,0.9700721520930529,1.3146179356611116,2020.688275375987,211.43929278561038,641.2270194859523,2020.688275375987
0.17676364909857512,0.869966090656817,0.9532257942482829,0.9049767795950174,0.014114217611702057,2020.5367863494562,200.93574242827438,533.777607847174,2020.5367863494562
0.6840694239363074,0.9307980965822935,0.9257929120212793,0.8682010071352124,0.009115233965193406,2020.1208490721442,271.97764662359174,829.7881787364022,2020.1208490721442
0.5124230496585369,0.9646309819072485,0.8305654916912317,0.9292867295444012,1.2885233161051337,2019.879868006167,328.8748443237364,1038.6551485910968,2019.879868006167
0.28978824242949486,0.8951111668720841,0.9954277062788606,0.8069467395544052,0.01020261654485656,2019.5284570267768,247.98714482037266,743.1290091475358,2019.5284570267768
0.01956025417894125,0.956136635504663,0.798733664676547,0.9260205989703536,1.9386498729420325,2019.2134883969559,347.8324527221128,940.9671084779706,2019.2134883969559
0.2160286232829094,0.9192718099802732,0.9239318668842316,0.845825744792819,0.0006794149602687813,2018.5757089920382,213.98840897512937,593.2365056491544,2018.5757089920382
0.32307195477187634,0.8350710133090615,0.9663156308233738,0.9690746618434787,0.24567157988633734,2018.2140814291488,223.43173673394708,701.3421064078647,2018.2140814291488
0.2472835388034582,0.9909661579877138,0.9544282089918852,0.6608622623607516,1.8971462513416921,2018.089519934517,321.47393688316504,955.295712085975,2018.089519934517
0.3919619843363762,0.8922817511484027,0.9382681399583817,0.9047205597162247,0.011359178292393484,2017.258290544277,233.84788077723536,596.8985230783488,2017.258290544277
0.6161662898957729,0.9126950539648533,0.9958354905247688,0.7896866500377655,0.01563446512673551,2016.3111485824381,260.6979668876294,800.0983026304054,2016.3111485824381
0.3283075951039791,0.9623142192140222,0.7820039112120867,0.9854693682864308,2.9309366858867567,2015.6951357399673,376.03832862476605,1122.5731328879815,2015.6951357399673
0.5539320884272456,0.9758335836231709,0.8105322793126106,0.9367803614586592,2.057765965207894,2015.5883675565835,367.6281084010131,1094.76808069957,2015.5883675565835
0.2661385228857398,0.9471838548779488,0.8364935582503676,0.9269456546753645,0.14120857988929225,2014.956837802948,306.10955959197395,881.9177092406554,2014.956837802948
0.1881430260837078,0.9836972067132592,0.7908351579681039,0.9208458745852113,1.926101971294179,2014.8205933862305,338.2775792684884,1049.1498597505956,2014.8205933862305
0.9488106966018677,0.9309545839205384,0.9153540059924126,0.8882568413391709,0.040011880921852316,2013.8198160497375,339.27756855319126,826.7481304186396,2013.8198160497375
0.8503992920741439,0.9001349192112684,0.9579076850786805,0.8904969757422805,0.011802310061910855,2013.4059116541557,293.63407195796407,744.778004617011,2013.4059116541557
0.3812174564227462,0.9585671098902822,0.822896558791399,0.9371713269501925,0.7964942695127002,2012.1703202636231,334.5431042150882,1006.7864524882858,2012.1703202636231
0.31020834390074015,0.9864950133487582,0.8340923776850104,0.8793283784762025,1.7790529277389786,2012.1370791629452,314.42498259353425,996.2977753898808,2012.1370791629452
0.17420600075274706,0.9284348171204329,0.9283049888908863,0.815597022883594,0.017042190890950576,2011.760265559636,239.89979783489548,687.7942830895163,2011.760265559636
0.9992313254624605,0.8742114072665572,0.9410950103774667,0.9703982900828123,0.3429272929616209,2011.0092825629276,344.21212017532736,752.2165729988689,2011.0092825629276
0.2747997362166643,0.9336928687989712,0.9531379984691739,0.7696025045588613,0.01165238987208765,2010.0491035454409,252.12953133564656,756.2589643494423,2010.0491035454409
0.7189294137060642,0.932500914670527,0.9780614031478763,0.7834299318492413,0.024118159537699007,2009.865140524167,273.3229563331626,890.8934818845718,2009.865140524167
0.1985542280599475,0.9298641690984368,0.8812372097745538,0.8907851139083505,0.004257623899139947,2008.6738270215321,219.4587065186001,698.1597575709453,2008.6738270215321
0.9164788909256458,0.9479507775977254,0.9133139587938786,0.857183457352221,0.269207192895818,2008.1088289889556,343.8201460301051,881.6475782398052,2008.1088289889556
0.08072140626609325,0.8424220308661461,0.8917566174641252,0.9983200952410698,5.492929907355976,2007.4215852882967,221.22158303549054,714.2366795092759,2007.4215852882967
0.58563784789294,0.9432537192478776,0.8881888845935464,0.8875692142173648,0.06375018402477914,2007.3864137748415,270.04434263174494,860.0132793840344,2007.3864137748415
0.002590654417872429,0.9573842044919729,0.8290151543915272,0.8883838970214128,2.4607451132880027,2006.8988331565097,323.1236310018578,877.5025256691612,2006.8988331565097
0.03916732780635357,0.9689989341422915,0.8841850133612752,0.7725302586331964,2.326808969760585,2006.7509274888957,264.1598280979164,754.2496978962765,2006.7509274888957
0.46964950766414404,0.9331206912174821,0.9440667349845171,0.8120183683931828,0.00991651323962417,2006.580381748444,249.90548287309997,787.2323961736699,2006.580381748444
0.6991867944598198,0.9684117930009961,0.8887423491105437,0.8548078704625368,1.5768995015168792,2004.8114611250203,303.70526056437006,977.1786716962096,2004.8114611250203
0.765717213973403,0.8748883781954646,0.9258805923163891,0.9879502225667238,1.188295804322604,2004.62157715048,292.15701862132875,796.3706071087645,2004.62157715048
