function_id,x1,x2,x3,x4,x5,x6,x7,x8
1,0.759722,0.191923,,,,,,
2,0.697223,0.000381,,,,,,
3,0.890623,0.979618,0.392171,,,,,
4,0.303711,0.424962,0.423739,0.409559,,,,
5,0.024443,0.963816,0.991469,0.987134,,,,
6,0.494481,0.272115,0.716196,0.990713,0.131636,,,
7,0.040654,0.386845,0.199508,0.059763,0.428313,0.783699,,
8,0.034587,0.153034,0.018599,0.204433,0.861862,0.232588,0.011186,0.96058
