x1,x2,ensemble_ei,ensemble_mu_mean_model,ensemble_sigma_mean_model,ensemble_mu_std_model,ensemble_mu_mean_original_approx
0.7154352674260736,0.12697436660528183,0.0013225626962257027,0.6572515726772165,0.07534154539466618,0.10078868900821131,0.6572515726772165
0.7159909168258309,0.12672951631247997,0.0013214484452077502,0.6511323459169812,0.07667163337112565,0.09834211469376893,0.6511323459169812
0.7162942383438349,0.12448791228234768,0.0013021756009147462,0.6485782876316452,0.07677885022621131,0.09786810999020658,0.6485782876316452
0.7153275655582547,0.13080873619765043,0.0012932462289177154,0.6550849306975557,0.07682776452894126,0.09821320376412306,0.6550849306975557
0.7147537432610989,0.12605404946953058,0.00128685760565976,0.6654395171909536,0.07293903476644092,0.10431093431574853,0.6654395171909536
0.7156203631311655,0.12180021405220032,0.0012607965268542323,0.6560393257790307,0.07491989834878765,0.10094282175029436,0.6560393257790307
0.7165889339521527,0.13105120975524187,0.0012522932506222827,0.6409172301371906,0.07968044860661638,0.0919764381221937,0.6409172301371906
0.7174232257530093,0.12798577081412077,0.001249479522675042,0.6342972268838001,0.08006607520141688,0.08995519404962624,0.6342972268838001
0.7170484950765967,0.12985842674970627,0.001248599584987506,0.6369690900668264,0.08006422343220276,0.09049991827896571,0.6369690900668264
0.7145724659785628,0.12466793600469828,0.0012483901639414134,0.6680144681985861,0.07184250744755748,0.10566629865994931,0.6680144681985861
0.7178481919690967,0.1257868381217122,0.0012306672608782567,0.6307548997599288,0.08020170162795744,0.08897100659846699,0.6307548997599288
0.7177303433418274,0.12274956982582808,0.0012202584031034882,0.6324522827121719,0.07965447505113939,0.09013691256212121,0.6324522827121719
0.7139192149043083,0.13172710128128529,0.0012137554763971172,0.669247925096062,0.07314455289873627,0.10309351204649064,0.669247925096062
0.7150204461067915,0.12041512411087751,0.0012100145859264245,0.6620867171533807,0.07343604515663492,0.10281477451443287,0.6620867171533807
0.7180294543504715,0.12348509300500154,0.0012079127737559935,0.6291770415767022,0.08020081771284897,0.08851201742610618,0.6291770415767022
0.7168633975088596,0.11940467357635498,0.0012062690841689997,0.6406973788061202,0.0784777955199832,0.09321381943666494,0.6406973788061202
0.7157749375328422,0.13433275278657675,0.0012013233547263067,0.6463323889099764,0.07932433428457544,0.09418397727957183,0.6463323889099764
0.7136003151535988,0.13001835718750954,0.0011985816575037205,0.6745025907900467,0.07104013396477377,0.10532080251785277,0.6745025907900467
0.7164076697081327,0.11773267854005098,0.0011832391497054152,0.6443395049647751,0.07810853586660223,0.09415570280184478,0.6443395049647751
0.7160785784944892,0.1350649306550622,0.0011708016261351387,0.642232498884368,0.0801889222917466,0.09248401316492862,0.642232498884368
0.7143837977200747,0.13537323288619518,0.0011582361293987385,0.6600714995671444,0.07625242183491263,0.10011502246541877,0.6600714995671444
0.7154717333614826,0.11640223767608404,0.001155786424143803,0.6532133395834557,0.07649449494742956,0.09747414754969493,0.6532133395834557
0.7132561020553112,0.12776423152536154,0.0011321512522229462,0.6802930210171562,0.06826334702163239,0.10816541951437059,0.6802930210171562
0.7175721423700452,0.13332230225205421,0.0011305881036857166,0.6279805982233033,0.08212415064095445,0.08524146671285657,0.6279805982233033
0.719268137589097,0.12519634421914816,0.0011174924897376431,0.6153173302820659,0.0822140023363411,0.0814200767168389,0.6153173302820659
0.7158936001360416,0.11420758906751871,0.001111839853512102,0.6459643317772635,0.07856053993563862,0.09411134488612496,0.6459643317772635
0.7184099145233631,0.11867440305650234,0.0011038095210507937,0.6231746051414939,0.08142538622029782,0.08422197069148235,0.6231746051414939
0.7142225233837962,0.11755316890776157,0.0010964339776649316,0.6680802023215117,0.07209289596112364,0.10343770707041045,0.6680802023215117
0.7173909973353148,0.11545192822813988,0.0010909897625267346,0.6312538070242404,0.08090990739141962,0.08716714642502271,0.6312538070242404
0.7195714423432946,0.12359565403312445,0.001088255852905421,0.6121939407107709,0.08243955166689317,0.08013930281391514,0.6121939407107709
0.7142435517162085,0.138093707151711,0.0010753727454741525,0.658442462745289,0.07673631363882823,0.10105294536830138,0.658442462745289
0.714911918155849,0.13913604989647865,0.0010725939920245918,0.650320178000861,0.07881541213365534,0.0985279425916947,0.650320178000861
0.7137853978201747,0.1207243762910366,0.0010715998051663885,0.6758128629299816,0.06885862127513993,0.10764058716756196,0.6758128629299816
0.7187132379040122,0.1320549827069044,0.0010705620516216013,0.6170321567049275,0.083243030948206,0.07980458211702397,0.6170321567049275
0.7146908128634095,0.11341816745698452,0.0010677613921944863,0.6577694623895916,0.07587673024009149,0.09922933921886372,0.6577694623895916
0.7189429150894284,0.118625458329916,0.0010646844661689487,0.617363525841977,0.08218061572553623,0.08132838373501443,0.617363525841977
0.7164553357288241,0.138402434065938,0.0010615312566827349,0.6346432273719804,0.08179914449053743,0.09052021120964342,0.6346432273719804
0.7130766529589891,0.13415419310331345,0.0010610365020022631,0.6748357948309754,0.07125869528977184,0.10473645244667616,0.6748357948309754
0.717941639944911,0.11521136201918125,0.0010527929811646514,0.6251108086125697,0.08186377043968843,0.08400826502183889,0.6251108086125697
0.7167623341083527,0.11232754029333591,0.00104878744769213,0.6343872409086427,0.08106467808227957,0.08905439632250493,0.6343872409086427
0.720096574164927,0.12237232271581888,0.0010369191142552401,0.6063295869418845,0.08300810893659955,0.07741590418926123,0.6063295869418845
0.7199114952236414,0.1288586864247918,0.0010330914636774175,0.6066359807096762,0.08365793207910377,0.07608958072950268,0.6066359807096762
0.7150930613279343,0.11012670025229454,0.0010284093863119912,0.6493429209500562,0.07841669414681408,0.09774286585150109,0.6493429209500562
0.7191241960972548,0.1325848139822483,0.0010231601025745627,0.6121986416253979,0.0838498013711018,0.077301455470106,0.6121986416253979
0.7140585901215672,0.11311644781380892,0.001012519359444455,0.6638935435445242,0.07405435729827978,0.10166990011626295,0.6638935435445242
0.7182486401870847,0.13600665517151356,0.0010051452921496066,0.6181603370680633,0.08377216447952428,0.08049937656987333,0.6181603370680633
0.7137031611055136,0.13931512366980314,0.0010024226316536005,0.6626470373321552,0.07537175231475764,0.1036963584491034,0.6626470373321552
0.7172793541103601,0.11113810446113348,0.0009987394703832374,0.6275650723564055,0.08233594349903002,0.08609208612334207,0.6275650723564055
0.7202348010614514,0.11984258331358433,0.0009923200568911087,0.604010841161562,0.08337611932798611,0.0757150178005444,0.604010841161562
0.7169761518016458,0.1400854056701064,0.000991212909819047,0.6274846656295571,0.08296712366986268,0.08813269970514631,0.6274846656295571
0.7150100478902459,0.14292567782104015,0.0009875850503486775,0.6456221827314136,0.07977948813819417,0.10024145762116866,0.6456221827314136
0.7166012022644281,0.10854828357696533,0.0009845733791836962,0.631750207146202,0.08207414566517737,0.09049065515968335,0.631750207146202
0.7142064534127712,0.14188710507005453,0.0009811798411549723,0.6549373131992674,0.07749887375656064,0.10322960471045287,0.6549373131992674
0.720541937276721,0.12892389483749866,0.000980865476419786,0.5997442251451875,0.084206957373169,0.07310286973842679,0.5997442251451875
0.7153133992105722,0.10635269246995449,0.0009805239027871819,0.6428468013116668,0.08015895390774981,0.0989071376029847,0.6428468013116668
0.7164161363616586,0.14219634979963303,0.0009744629055220211,0.6314324191813334,0.08244403375109305,0.09234044862839079,0.6314324191813334
0.7154497187584639,0.10455537308007479,0.0009619107853313906,0.639718568183489,0.08090038116847548,0.09965136887589392,0.639718568183489
0.7183583686128259,0.13739961478859186,0.0009602123880626119,0.6156678188889856,0.08421955202670495,0.0797393171987243,0.6156678188889856
0.7132578128948808,0.11707717180252075,0.00094777464311602,0.6773985023065363,0.06863850627062636,0.10603862457817356,0.6773985023065363
0.7197874477133155,0.11598295532166958,0.000944500781686068,0.6062238438145834,0.083826378186922,0.07500387271311443,0.6062238438145834
0.7138992911204696,0.10933867003768682,0.0009444714963569869,0.6605645115511725,0.07524680541935273,0.10342576672436112,0.6605645115511725
0.7170571684837341,0.10734788049012423,0.0009443619227087074,0.6257671227564223,0.08313036109286308,0.0884561991845109,0.6257671227564223
0.7214086353778839,0.12619153037667274,0.0009431255162755163,0.5914854094556806,0.0842409036513968,0.07093331881751674,0.5914854094556806
0.7150529939681292,0.015310722403228283,0.000941802871077176,0.6317348348700673,0.08381262593399137,0.11545775468481385,0.6317348348700673
0.7152236457914114,0.02345370315015316,0.0009414629482202664,0.6297063757501351,0.08439254544692754,0.11573149776303167,0.6297063757501351
0.7148918583989143,0.0191007936373353,0.0009409951084813546,0.6331890752715003,0.08362893747979352,0.11692555987069916,0.6331890752715003
0.7127352710813284,0.12511995621025562,0.000940871206017785,0.6872831579362783,0.0642988700550149,0.11122843550889296,0.6872831579362783
0.7151863686740398,0.004053276032209396,0.0009397265838656993,0.6306887752894719,0.08330623574746959,0.1132976599561525,0.6306887752894719
0.7146583097055554,0.0007339026778936386,0.0009376309141667103,0.6357651119738592,0.08239261168738539,0.11607923911895816,0.6357651119738592
0.7188000231981277,0.13702117931097746,0.0009355915542937299,0.6114562845854771,0.08461179385045861,0.07732760107634867,0.6114562845854771
0.7148023536428809,0.02820907160639763,0.0009350534668723509,0.6338411649513257,0.08342919183753666,0.11860915605006987,0.6338411649513257
0.7153561431914568,0.031200756318867207,0.0009349757038813284,0.6282099650693717,0.08455448505182594,0.11588326049497227,0.6282099650693717
0.7159783970564604,0.10235739033669233,0.0009346377617924068,0.6324071607812841,0.0823973466929083,0.09856615798180267,0.6324071607812841
0.7215899182483554,0.12453069910407066,0.0009345666853596415,0.589839181161761,0.08414079451979088,0.07069090798456623,0.589839181161761
0.715399949811399,0.03149601723998785,0.0009342148635592064,0.6277624599002045,0.08463393147568299,0.11566379942106045,0.6277624599002045
0.715561218559742,0.0037293871864676476,0.0009340182961148133,0.6269671118390675,0.08391296451918251,0.11111762697840666,0.6269671118390675
0.7157338969409466,0.019989022985100746,0.0009334955304498214,0.6246856508226188,0.08529649771511286,0.11230800503945224,0.6246856508226188
0.7126171067357063,0.13630827981978655,0.0009329721857640872,0.6765846719082709,0.07028376884633504,0.10602257289693227,0.6765846719082709
0.7156491037458181,0.008158519864082336,0.0009313234288285992,0.6260612922420907,0.0843206610229965,0.11100936657758993,0.6260612922420907
0.7149203903973103,0.1010005408897996,0.0009296611667608676,0.6422895301825906,0.08034403713920907,0.10568047942327218,0.6422895301825906
0.7156309532001615,0.14616471249610186,0.0009293587777558157,0.6364617750007752,0.081498346210354,0.09945767765458632,0.6364617750007752
0.7147738663479686,0.10156753286719322,0.0009292723483086071,0.6441999795647574,0.07988217313982003,0.10594155020822499,0.6441999795647574
0.7144791139289737,0.011030026711523533,0.0009290601381386839,0.6375776156135572,0.08228381671118966,0.11788604597698273,0.6375776156135572
0.7200906313955784,0.13327264599502087,0.0009286775913762827,0.6013609898446478,0.08489818045892983,0.07214094288093832,0.6013609898446478
0.7144553521648049,0.02286435943096876,0.0009280435630418416,0.6374127175397174,0.0826518763808321,0.11975840489846508,0.6374127175397174
0.7152863992378116,0.03878530487418175,0.0009277571459515266,0.6289165773762521,0.08416758652801387,0.1168438622673095,0.6289165773762521
0.7194532891735435,0.11427611112594604,0.000927718671314574,0.6082091092337513,0.08400081656282708,0.0754411793812417,0.6082091092337513
0.7147320825606585,0.034491484984755516,0.0009272908210719492,0.634509655143052,0.08308459800162854,0.11956288665854847,0.634509655143052
0.7158650979399681,6.608013063669205e-05,0.0009271401424918341,0.6238152038857616,0.08447330677740401,0.10921596919869646,0.6238152038857616
0.7138033919036388,0.14310518000274897,0.0009269857234554293,0.6579185548951442,0.07647256995967404,0.10582083424924243,0.6579185548951442
0.7143551604822278,0.016231194138526917,0.0009249031502444862,0.6386140073373023,0.08227475250824247,0.11929575393156029,0.6386140073373023
0.7185433451086283,0.11138486210256815,0.0009245669506190425,0.6147270383378174,0.08392565666094759,0.07903616374108664,0.6147270383378174
0.7149467961862683,0.04319861810654402,0.0009217148765247456,0.6324265982262315,0.08325922352093565,0.11891552999134805,0.6324265982262315
0.7160109747201204,0.027541744522750378,0.0009214061484973617,0.6216239502153985,0.08581391830051098,0.11169701386126282,0.6216239502153985
0.7168759359046817,0.14386072475463152,0.0009193233273094583,0.625206563314488,0.08337411579655503,0.09074689904301926,0.625206563314488
0.7149706771597266,0.0469931298866868,0.0009177987901028155,0.6322604757808387,0.08316429312017813,0.11890540354467866,0.6322604757808387
0.7159667750820518,0.034670078195631504,0.0009170486060136823,0.621976039134184,0.08558156429376008,0.1126487398399143,0.621976039134184
0.7161824963986874,0.02316642925143242,0.000916194622060371,0.6200253673939933,0.08608972866589026,0.11010066753162802,0.6200253673939933
0.7207553973421454,0.11762931849807501,0.000914116060370795,0.5970569220857458,0.08419309702124923,0.07183866159007012,0.5970569220857458
0.7158156493678689,0.04276815056800842,0.0009137950058363233,0.623558771113426,0.08504180831087213,0.11400888136803675,0.623558771113426
0.7141329934820533,0.01243729330599308,0.0009123357379872936,0.6409078239066001,0.08152224445872776,0.11983329716808258,0.6409078239066001
0.7162045147269964,0.011330684646964073,0.0009110680727611598,0.6203932056435151,0.08544391179020722,0.10810199281278027,0.6203932056435151
0.7121067363768816,0.13272228930145502,0.000910134423447927,0.6856181346766997,0.06624148275721811,0.1073016058500787,0.6856181346766997
0.7144076935946941,0.03989666048437357,0.000909620734837429,0.6378084432684651,0.08206492479372608,0.12157621420637749,0.6378084432684651
0.7161004254594445,0.039106762036681175,0.0009074126690678153,0.6206188787653514,0.08566007143979756,0.11214752064194326,0.6206188787653514
0.7151424745097756,0.058188920840620995,0.0009072777905981998,0.6308493256395787,0.08312321436526898,0.1180096194345037,0.6308493256395787
0.7155933631584048,0.0546030942350626,0.0009070684749667801,0.6261020938505363,0.08418895418321727,0.1155108048519426,0.6261020938505363
0.7145888134837151,0.14720896258950233,0.0009063758716126981,0.6465986439966881,0.07922724164070401,0.10563030943589369,0.6465986439966881
0.7163141239434481,0.012136180885136127,0.0009060330671433122,0.6192578023526473,0.08567265660981065,0.10755157046556583,0.6192578023526473
0.7140298942103982,0.007046868093311787,0.0009055651028477593,0.6420010980102832,0.08094707611014709,0.11965255724490956,0.6420010980102832
0.7191070420667529,0.1122584966942668,0.0009051957853338947,0.6098110123705566,0.08426122780074069,0.07623214735383968,0.6098110123705566
0.721738263964653,0.1279017049819231,0.0009050887069973841,0.5871951432701938,0.08462300282623392,0.0686745652782432,0.5871951432701938
0.7129489695653319,0.1214905371889472,0.0009048719900426114,0.6849360461517306,0.06483712745624343,0.11050248667971391,0.6849360461517306
0.7154981391504407,0.05897057522088289,0.0009044060222688028,0.6272334943571036,0.08384377038238482,0.11600019399520477,0.6272334943571036
0.7145689483731985,0.05172774475067854,0.0009028711655715461,0.6364597017148031,0.0820024785133462,0.12109861538662292,0.6364597017148031
0.7160891592502594,0.09702860936522484,0.0009000494682172553,0.6278020105375697,0.08330382840948605,0.10233281744734804,0.6278020105375697
0.7157662361860275,0.09434329904615879,0.0008998719362831003,0.6298320658213103,0.08294582261598203,0.10618173355863679,0.6298320658213103
0.716285546310246,0.14689927827566862,0.0008997656754190671,0.6290662057547921,0.08274229445877625,0.09636687976631553,0.6290662057547921
0.7150642601773143,0.06737304572016001,0.0008983600013909198,0.632101144556608,0.08262175445018372,0.1180515366607669,0.632101144556608
0.715722274966538,0.09292955696582794,0.0008972006598476741,0.6297028201345123,0.08296568505883924,0.10734780935228919,0.6297028201345123
0.7165344581007957,0.015929593704640865,0.0008964447706103054,0.6168442831175853,0.08629557186227299,0.10680410743830844,0.6168442831175853
0.7146949246525764,0.061962272971868515,0.000896380093280265,0.6355775454324967,0.08193015646444989,0.12031324591234827,0.6355775454324967
0.7142656520009041,0.046072060242295265,0.0008951278320681259,0.6393469749976675,0.08142723697523571,0.12252776634976952,0.6393469749976675
0.7156831389293075,0.06546915508806705,0.0008951081112423219,0.625632748090593,0.0839811513377185,0.11468277246480954,0.625632748090593
0.7139315856620669,0.02645109500735998,0.000894297921099364,0.6424851979446777,0.08120031364572394,0.12277697337045608,0.6424851979446777
0.71552658919245,0.07080577779561281,0.0008939914407453665,0.627585441987215,0.08349635947234424,0.11516637515033709,0.627585441987215
0.7210587002336979,0.1316507225856185,0.0008927658928128189,0.5923036353802292,0.0851284780094416,0.06890230008801779,0.5923036353802292
0.7151747466996312,0.07760011218488216,0.0008925657356824444,0.6318543891661856,0.0825231790685218,0.11619037471348853,0.6318543891661856
0.716444943100214,0.09831380750983953,0.0008919498618068765,0.6248641798116004,0.08377149046340555,0.099167634677628,0.6248641798116004
0.7152576809749007,0.0813782624900341,0.0008919053689880703,0.6315243269305921,0.08257179553400187,0.11488468613059212,0.6315243269305921
0.7153674094006419,0.08265678491443396,0.0008915619731812502,0.6306079477982884,0.08275998836173698,0.11391389802090278,0.6306079477982884
0.715927635319531,0.06214225571602583,0.0008911611973662138,0.6229553409572768,0.0845446416935275,0.11340944821687184,0.6229553409572768
0.7166299726814032,0.027117952704429626,0.000891057497831616,0.6153788786465543,0.08674198514779574,0.1078763200469832,0.6153788786465543
0.7143655540421605,0.09720716159790754,0.0008908020019715342,0.6455556371090094,0.07938468122593421,0.1117927901578009,0.6455556371090094
0.7145366314798594,0.06260527949780226,0.0008903023742043159,0.6372139075690935,0.08150099632308479,0.12110987191194916,0.6372139075690935
0.7148572290316224,0.08679111581295729,0.0008895137101784141,0.6366980973014381,0.08142233312851527,0.11532326352242406,0.6366980973014381
0.7138138553127646,0.015124034136533737,0.0008893308654325764,0.6438962733635606,0.08078456554231629,0.12175820454908794,0.6438962733635606
0.716259608976543,0.05093836411833763,0.0008885684209842631,0.6191766524300807,0.08549487049504806,0.11156742491840026,0.6191766524300807
0.7142615402117372,0.09813472628593445,0.0008882570975605346,0.64711992116485,0.0789786275048399,0.11156360899684743,0.64711992116485
0.7148216050118208,0.08564083836972713,0.0008880626468544599,0.6367977259467525,0.08138697239237379,0.11595496579040529,0.6367977259467525
0.7165665728971362,0.035612666979432106,0.000888002631923273,0.6158825283896973,0.08648283499822247,0.10908997340641309,0.6158825283896973
0.7220454020425677,0.12135329283773899,0.0008866427490221147,0.5846010942124548,0.0842274289910079,0.06858950997252507,0.5846010942124548
0.7133999736979604,0.10945219080895185,0.000885935084059412,0.6655755850065117,0.07343484638336746,0.10529389532276381,0.6655755850065117
0.7141807395964861,0.04986271262168884,0.0008857038026372391,0.6402957067758739,0.08103205696371203,0.12302390782057207,0.6402957067758739
0.7196382470428944,0.13644575327634811,0.000885600709209146,0.6033002089063616,0.08525581847927527,0.07305241489131942,0.6033002089063616
0.7158380979672074,0.07349299173802137,0.0008855392310534922,0.6245988333866613,0.08400821467378085,0.11304305257951829,0.6245988333866613
0.7146013863384724,0.07379363104701042,0.0008835744012558519,0.6373158173210358,0.08127286697913902,0.11988147528922524,0.6373158173210358
0.7163960477337241,0.050651668570935726,0.0008823304935844353,0.6177777319621272,0.08571814037426556,0.110736078934488,0.6177777319621272
0.7164789782837033,0.04686239827424288,0.0008817708677977108,0.6168554507410152,0.08597751416364652,0.11016328173253533,0.6168554507410152
0.7138957735151052,0.03579169977456331,0.0008816037872991723,0.6428198828852879,0.0807957802395348,0.12380954861997431,0.6428198828852879
0.7151053389534354,0.1502076992765069,0.0008808483470250511,0.6392830055084535,0.08067009868024509,0.10541949279129442,0.6392830055084535
0.7161327274516225,0.09072919748723507,0.0008807818168892648,0.6246895173151631,0.08385755237914155,0.10615864282029495,0.6246895173151631
0.7167300246655941,0.007715145125985146,0.0008790040748727383,0.6153247745724122,0.08567496010436525,0.10431564813156582,0.6153247745724122
0.7162309205159545,0.06327308341860771,0.0008785728141210179,0.6198961291231203,0.08502373428567739,0.1115483085402672,0.6198961291231203
0.7144364565610886,0.09006185177713633,0.0008781066640150381,0.6418753359291641,0.08015939019224691,0.11605732001539129,0.6418753359291641
0.717414740473032,0.10362127982079983,0.0008779146092861925,0.6186949775168771,0.08442962239854333,0.08883638585824818,0.6186949775168771
0.7136221444234252,0.10567679349333048,0.000877807891230596,0.6592432665685791,0.07551632281161362,0.10755541713519177,0.6592432665685791
0.7160603879019618,0.08533874992281199,0.0008774561411380963,0.623990481655161,0.0839916221605979,0.10898617871929825,0.623990481655161
0.7168349549174309,0.014307960867881775,0.0008766025519684795,0.6139446572955292,0.08652641592416774,0.10464447561571394,0.6139446572955292
0.7169617246836424,0.10000439919531345,0.0008753704504422834,0.6206301220878756,0.08435619561779445,0.09459445598896975,0.6206301220878756
0.7141007296741009,0.055191545747220516,0.0008744821667315174,0.6412700800644398,0.08058405671791437,0.12343715078431683,0.6412700800644398
0.7136545525863767,0.018913647159934044,0.0008743175179247285,0.6453045410183839,0.08041628342207513,0.12305102722273227,0.6453045410183839
0.7142982371151447,0.08965308405458927,0.0008703633990412921,0.643145429704946,0.07979673476662424,0.11696393589464103,0.643145429704946
0.7183954818174243,0.14117732178419828,0.0008699727528297983,0.611828057908968,0.08493370871459754,0.08033458066915405,0.611828057908968
0.7169942427426577,0.018081823363900185,0.0008684444848920815,0.6121339112729093,0.08699718430401601,0.10426965406278269,0.6121339112729093
0.7163635371252894,0.06957055535167456,0.0008678511361127013,0.6188950628371389,0.08503326579106694,0.11032345354179993,0.6188950628371389
0.7141522448509932,0.07023884356021881,0.0008633352740498965,0.6415494511109106,0.08016210606724274,0.12254451088459531,0.6415494511109106
0.7165074581280351,0.08898623753339052,0.0008619396844170515,0.6203110511248887,0.08456549651261756,0.10473505710926642,0.6203110511248887
0.7134897420182824,0.004851269535720348,0.0008596219491321719,0.6470741851237782,0.07941774288823496,0.12196960942228265,0.6470741851237782
0.7223896225914359,0.12080051843076944,0.0008589884240765927,0.5806532389865595,0.08426906707118968,0.0670460957204182,0.5806532389865595
0.7137446030974388,0.04387455806136131,0.0008586123980218677,0.6444279111675613,0.0799911262175907,0.12492684506304363,0.6444279111675613
0.7135287625715137,0.02425024751573801,0.0008585236945012515,0.6463839988240511,0.08002002468095565,0.12433920022450914,0.6463839988240511
0.7171505652368069,0.02447171974927187,0.0008584178637266898,0.6102563813404348,0.08738519189044616,0.10426425149758853,0.6102563813404348
0.7169347247108817,0.044156551361083984,0.0008576672209834053,0.6121987020392806,0.08670297167433054,0.10725935774499035,0.6121987020392806
0.7167736003175378,0.05501198768615723,0.0008575492324663356,0.6140522524143699,0.08611612655006129,0.1084191851966011,0.6140522524143699
0.7137665022164583,0.047667598351836205,0.0008561306598187439,0.6443139470357242,0.07989329285302581,0.12493793236792962,0.6443139470357242
0.716912810690701,0.04793485440313816,0.0008554979693269442,0.61247637949452,0.08654506245277688,0.10750055065950659,0.61247637949452
0.7136870855465531,0.1013092752546072,0.0008554590093322544,0.6548756447156421,0.07671065524178146,0.11146991716539502,0.6548756447156421
0.7170835742726922,0.03782832529395819,0.0008538170320531065,0.6106651245763274,0.0870953626161694,0.1060185453007645,0.6106651245763274
0.7228266205638647,0.12435066979378462,0.0008515551559064903,0.576169866397344,0.08418436215073452,0.06584151674266162,0.576169866397344
0.7140109986066818,0.07461415138095617,0.0008502564041611557,0.6433370512118582,0.07958568839266504,0.12271602679661153,0.6433370512118582
0.7122708670794964,0.13709756545722485,0.0008491495823799325,0.678790017594445,0.0690456331728944,0.1070812389611354,0.678790017594445
0.7166563784703612,0.07869009114801884,0.0008491482171817105,0.6167641660060675,0.08519116336957491,0.10719752019586257,0.6167641660060675
0.7166802557185292,0.07491527497768402,0.0008487974019343655,0.6160960377260997,0.08534650471733808,0.10773025867617698,0.6160960377260997
0.7135652210563421,0.03847652953118086,0.000847149267003836,0.6460526639951789,0.07965860646998062,0.12547562077386656,0.6460526639951789
0.7178585715591908,0.10337546467781067,0.0008467637957721122,0.6140117268988673,0.08501982302253897,0.08627696603696534,0.6140117268988673
0.7139891032129526,0.07838850189000368,0.0008467213427428544,0.6439807450252978,0.0793814265906981,0.12218182181562993,0.6439807450252978
0.7171895708888769,0.005056991241872311,0.0008464203881238842,0.6108676304904088,0.08582385783173345,0.10109187309592367,0.6108676304904088
0.713351403363049,0.0029318779706954956,0.0008456143298696858,0.6482902872992092,0.07903168978506521,0.1224590796278045,0.6482902872992092
0.7177180936560035,0.14516857080161572,0.0008455592992499657,0.6155164569583884,0.08462706169969522,0.08660197414055508,0.6155164569583884
0.7168233329430223,0.06832245923578739,0.0008440619781734381,0.6141229295249099,0.08575452582097545,0.1075890267569285,0.6141229295249099
0.7138559948652983,0.06657507084310055,0.0008438598261768137,0.6442420241107085,0.07940312587926618,0.12424119306854041,0.6442420241107085
0.7187026292085648,0.10759130399674177,0.0008433924153537051,0.6092411489929254,0.08509129902183918,0.07866685712957194,0.6092411489929254
0.7154592080041766,0.1544461864978075,0.0008429087610482242,0.63339487364031,0.08156215695461216,0.10656611433449849,0.63339487364031
0.7146687712520361,0.15352972876280546,0.0008420376494399868,0.6420423700099903,0.0797611185231763,0.11009876309757793,0.6420423700099903
0.7172973919659853,0.002786647528409958,0.0008388537700760797,0.6098095793662398,0.0857874668645299,0.10024890718941096,0.6098095793662398
0.7128020701929927,0.11441335547715425,0.0008368846549324332,0.6779822399050915,0.06841437554265051,0.10579466666137287,0.6779822399050915
0.7159080458804965,0.15420467033982277,0.0008367612955662002,0.6288212326895534,0.08241041933685085,0.10389189099355234,0.6288212326895534
0.7167481770738959,0.15045542176812887,0.000836554639967043,0.6220089379077338,0.08366514598776609,0.09632406807574731,0.6220089379077338
0.7140804100781679,0.15112992376089096,0.0008349671797052833,0.6493244577611971,0.07807512445833867,0.11115975955629337,0.6493244577611971
0.721865956671536,0.11700103152543306,0.0008322435728298341,0.5845733577906942,0.08475014406514124,0.06680681118337961,0.5845733577906942
0.717028277926147,0.08772622048854828,0.0008315740359725539,0.6146638938537254,0.08537972515059324,0.10203304456358112,0.6146638938537254
0.7189611736685038,0.1410444090142846,0.0008315464724274156,0.6061825836884268,0.08547329338289993,0.07708545418540445,0.6061825836884268
0.7174641536548734,0.032514091581106186,0.0008314019558264338,0.6069074758485776,0.08766564644616094,0.10320219910110501,0.6069074758485776
0.7175043150782585,0.03024371527135372,0.0008300465328357263,0.6065534018274346,0.08774769921890979,0.10272304047310668,0.6065534018274346
0.7172295851632953,0.05724624264985323,0.0008264319438908512,0.6095140479816368,0.08663162759763729,0.10553354966216469,0.6095140479816368
0.7132340548560023,0.10523083247244358,0.0008246080106264026,0.6625214409971002,0.07422812905036025,0.10956916279486509,0.6625214409971002
0.7176150288432837,0.020947017706930637,0.0008241230439710406,0.6058245612780779,0.08778003533823435,0.10077445684121367,0.6058245612780779
0.719146222807467,0.1082203621044755,0.0008235670195581777,0.6053541496534739,0.0853538345036665,0.07598151953178298,0.6053541496534739
0.7231299402192235,0.1268669916316867,0.000823449042970064,0.572299097256643,0.08430493032142675,0.06394266965846246,0.572299097256643
0.7225746996700764,0.12994197104126215,0.0008229406539366324,0.5769896820719023,0.0849995471634173,0.06413619484318592,0.5769896820719023
0.7171159358695149,0.08044411148875952,0.0008219470350441383,0.6123377568422134,0.08576989733723915,0.10390553698774707,0.6123377568422134
0.7155410256236792,0.15779230743646622,0.0008202151165424917,0.6311823195524194,0.08176252077695478,0.1081601680974832,0.6311823195524194
0.7172687547281384,0.14927360601723194,0.0008201802421738507,0.6173489049469056,0.08433607910930262,0.09229837316095012,0.6173489049469056
0.7175365490838885,0.04174912255257368,0.0008181810200060848,0.6061451662312229,0.08748702765949805,0.10336580746393899,0.6061451662312229
0.717200837098062,0.07664974499493837,0.0008166956940882642,0.6109955627415417,0.08599886303421082,0.10416819724183156,0.6109955627415417
0.7136510349810123,0.08599455282092094,0.0008161487408816702,0.6486192233220882,0.07799003206500543,0.12163975920033109,0.6486192233220882
0.7173639973625541,0.05997434817254543,0.0008149958330884889,0.6082579712222738,0.08670420027494809,0.10462245912336207,0.6082579712222738
0.713215159252286,0.03180426359176636,0.0008132250355075346,0.6492934442609654,0.07876769669645228,0.12647494051643687,0.6492934442609654
0.7175863180309534,0.09527834597975016,0.0008128526508275697,0.6117003390957044,0.08564213201018783,0.09422705581603168,0.6117003390957044
0.7158255632966757,0.15852640382945538,0.0008111332699503047,0.6279567139284302,0.08230041726486044,0.10696320234588558,0.6279567139284302
0.7173314271494746,0.07181712053716183,0.0008096315098777417,0.6092300262239313,0.08630547563898729,0.10404217679512319,0.6092300262239313
0.7176980935037136,0.00910030584782362,0.0008082394439217245,0.6057655867362629,0.08668659183991316,0.09826393993966477,0.6057655867362629
0.7134192250669003,0.057879709638655186,0.0008076843977281273,0.6480397514115346,0.07831728058033877,0.12651465835251047,0.6480397514115346
0.7124319644644856,0.12367179431021214,0.0008070869428194169,0.6905542273129103,0.062149688467787595,0.1122222505991397,0.6905542273129103
0.7146215243265033,0.15871261153370142,0.0008064781195920083,0.6404047583212814,0.07972261185587548,0.1135365628973783,0.6404047583212814
0.7178300991654396,0.028536871075630188,0.0008062342178079543,0.603376788548432,0.08808096348199264,0.10045920720648525,0.603376788548432
0.713144495151937,0.030403712764382362,0.0008052776847419729,0.6499450387257752,0.0785752637796341,0.1266330812047896,0.6499450387257752
0.7130642840638757,0.020176668651401997,0.0008030121908746091,0.6507764517363449,0.07851493621248298,0.12573566958767338,0.6507764517363449
0.7135328743606806,0.08156542759388685,0.0008029024165376776,0.6489236356040473,0.07778428146591262,0.12355599556854643,0.6489236356040473
0.7210797229781747,0.11325368285179138,0.0008009828633341014,0.5900943381918716,0.0853602379384985,0.0674596750728381,0.5900943381918716
0.7176262950524688,0.09193347673863173,0.0007999760788251339,0.609932078081653,0.08591288204450087,0.09608862474142853,0.609932078081653
0.7178698377683759,0.033735984936356544,0.0007997492414079041,0.6028695092567979,0.08803803668912287,0.1007323871091841,0.6028695092567979
0.7151605654507875,0.16248856019228697,0.0007984005176475382,0.6336623323770278,0.08097150904690639,0.11256145916958622,0.6336623323770278
0.7174926931038499,0.08365191146731377,0.0007980115196004755,0.6090784753462752,0.08612590095504152,0.10059711703928462,0.6090784753462752
0.7212199764326215,0.11334201972931623,0.0007948239937487733,0.58868479373075,0.08538568477665966,0.06692724240627833,0.58868479373075
0.7134479582309723,0.07778678182512522,0.0007942410951493523,0.6492116650434688,0.07763991028630934,0.12476590331945345,0.6492116650434688
0.7129812343046069,0.008344723843038082,0.0007940716632294912,0.651732850961242,0.07792840185755867,0.12442763715796751,0.651732850961242
0.7133153304457664,0.05928030051290989,0.000793376015628442,0.6490954251870046,0.07789772510221404,0.12692895062873877,0.6490954251870046
0.7177567491307855,0.053600274957716465,0.0007916540688593138,0.604138412876852,0.0873326045752577,0.10222259109397722,0.604138412876852
0.7176634641364217,0.06445876602083445,0.0007904471466296783,0.6054507926226876,0.08690142961165095,0.10253722171377617,0.6054507926226876
0.7133800406008959,0.1494187992066145,0.0007899621163646475,0.6573294701359478,0.07573082715444528,0.11279321754892271,0.6573294701359478
0.7180436393246055,0.1478572115302086,0.0007869225704908751,0.6103637555451481,0.08519825341125793,0.08652656118657276,0.6103637555451481
0.7133478857576847,0.07061956264078617,0.000786629974887462,0.6494664997006738,0.07756063110953484,0.12618069997919854,0.6494664997006738
0.713112261146307,0.04209273960441351,0.0007864148738162527,0.6504066319359154,0.07795008813213082,0.12755553786422627,0.6504066319359154
0.7179741282016039,0.001077422872185707,0.0007856220966379111,0.6032050518947552,0.08619254920992878,0.09580670422268889,0.6032050518947552
0.7181465681642294,0.022170349024236202,0.0007824765468387694,0.6005413048373806,0.08827228623675694,0.09757011639313935,0.6005413048373806
0.715674452483654,0.16613521333783865,0.0007811130755060261,0.6274310546078796,0.08195243460064615,0.11114420699936124,0.6274310546078796
0.7215269934386015,0.13544961344450712,0.0007803743094524487,0.5843359504348191,0.08606595828400745,0.06490777137023769,0.5843359504348191
0.7177803302183747,0.0843817088752985,0.0007783706077104852,0.606343472621339,0.08642350508088116,0.09851306160488046,0.606343472621339
0.7183709125965834,0.0992717407643795,0.0007782825688476625,0.6060111191224108,0.08611458406704575,0.08629121508509477,0.6060111191224108
0.712930716574192,0.14598468132317066,0.0007764033522126039,0.6640518733981406,0.07376941363302177,0.11153442978993415,0.6640518733981406
0.7128305872902274,0.0017519192770123482,0.0007761473931988305,0.65289945236836,0.07745034848676804,0.12452773514226056,0.65289945236836
0.7220471184700727,0.13423058111220598,0.0007754252289780848,0.5797655074385578,0.08588283579429801,0.06341143943372374,0.5797655074385578
0.7179070105776191,0.061191946268081665,0.000774696249814019,0.6028848475866055,0.0872481177461434,0.10113536404206636,0.6028848475866055
0.714518372900784,0.16509474627673626,0.0007745899756464869,0.6396525807715996,0.07944328431075184,0.11691282619888287,0.6396525807715996
0.7181228213012218,0.010320295579731464,0.0007745339339404883,0.6015714588339187,0.0871349814447305,0.095698495861453,0.6015714588339187
0.7206199420616031,0.11054641474038363,0.0007725963826670664,0.5924535144899182,0.08579622814926971,0.06851450600430388,0.5924535144899182
0.7150727473199368,0.1698320098221302,0.0007719667965049017,0.6329730759234973,0.08067743708233321,0.11555185769330452,0.6329730759234973
0.718236381188035,0.0960095813497901,0.0007705791621784165,0.6055665360105059,0.08628563957360381,0.08956715486313338,0.6055665360105059
0.7180634895339608,0.05188771989196539,0.0007698251646136361,0.6010572088875837,0.08767894542784772,0.10027561070956714,0.6010572088875837
0.7182772774249315,0.016864698380231857,0.0007688185868599509,0.5996057254169435,0.08804570573281259,0.09584135369265938,0.5996057254169435
0.7232433641329408,0.13097482174634933,0.0007675245683402813,0.5691357771426385,0.08488827398651912,0.06108667604876228,0.5691357771426385
0.7123100515455008,0.140876654535532,0.0007671001221917702,0.6743013874362547,0.07032755582072095,0.1091536433243384,0.6743013874362547
0.7182247592136264,0.04004180897027254,0.0007670360539765587,0.5993297565928527,0.08817943173994208,0.09892239036246651,0.5993297565928527
0.7162415161728859,0.1658922592177987,0.0007668510517623718,0.621596501759423,0.08293339994342652,0.1077964986215343,0.621596501759423
0.7208947632461786,0.13795622438192368,0.0007648681794610897,0.5889177042818001,0.08631215077820784,0.06701588092524809,0.5889177042818001
0.7166925091296434,0.16175685543566942,0.000764177849492727,0.61797245751982,0.08368631398914679,0.10345355876004536,0.61797245751982
0.718000533990562,0.07255025207996368,0.0007615234391285758,0.602605282942279,0.08701177186477815,0.09969320094118084,0.602605282942279
0.7139910897240043,0.16157017834484577,0.000760136705236642,0.6459371299644223,0.0780131458461918,0.1179921992362018,0.6459371299644223
0.7234246302396059,0.11780881881713867,0.0007601177235475015,0.5680809736795455,0.08411874028451165,0.06171811832688598,0.5680809736795455
0.7131866347044706,0.0824691504240036,0.0007598724944118877,0.6523962491064006,0.07651556331853798,0.1247925837773551,0.6523962491064006
0.7174013713374734,0.15544137451797724,0.0007595844478383796,0.6129050686295578,0.08466265805951839,0.09572363821337705,0.6129050686295578
0.7181959813460708,0.09168719220906496,0.0007592357987615687,0.6041732913518557,0.08653026591462552,0.09258050688479426,0.6041732913518557
0.7148676123470068,0.1736250650137663,0.000758884843169387,0.6345142550134725,0.08014710401965176,0.11750040435589272,0.6345142550134725
0.7242240961641073,0.12166297901421785,0.0007586933654222513,0.5606756549037375,0.08304341653413663,0.060868047946452605,0.5606756549037375
0.7180958213284612,0.064214869402349,0.0007585430809589234,0.6011423337129181,0.08733858554319106,0.09980512660173063,0.6011423337129181
0.7130930097773671,0.0940350042656064,0.0007563610538903808,0.6564722377789173,0.07548794454711681,0.11994960057722347,0.6564722377789173
0.7241163868457079,0.1204912718385458,0.0007555170305665986,0.5615957483335056,0.08320701876248812,0.06085150817017396,0.5615957483335056
0.7173229567706585,0.15685815643519163,0.0007553958237691918,0.6131401492262796,0.08457040210572508,0.09706028470743455,0.6131401492262796
0.7183362832292914,0.04586625657975674,0.0007535782603410656,0.598267618899198,0.08809461729792745,0.09845723657022241,0.598267618899198
0.7163531593978405,0.17007638700306416,0.0007495049480056458,0.6196349136583922,0.08301147500475042,0.10842449578151264,0.6196349136583922
0.7157116699963808,0.17797060031443834,0.000748378752927125,0.6252272817267552,0.08175021647759399,0.1136820200489149,0.6252272817267552
0.7204387784004211,0.14019667822867632,0.0007475066377241175,0.5917937364916577,0.08643476580834684,0.06927467948721122,0.5917937364916577
0.7187836905941367,0.09897718392312527,0.000747366776405111,0.6017430787607521,0.08651336950384451,0.08396895092535182,0.6017430787607521
0.7184994593262672,0.013085594400763512,0.0007463713631899189,0.5977332705116336,0.08774268527784254,0.09375120958098902,0.5977332705116336
0.7244091900065541,0.12711184937506914,0.0007463260636358568,0.5582357693808535,0.08313896450296836,0.059571370334169656,0.5582357693808535
0.7130225002765656,0.09372658934444189,0.0007453664953965451,0.6570043017921411,0.07524343774199893,0.12043731118670908,0.6570043017921411
0.7192463027313352,0.10268583334982395,0.0007447749387735873,0.5996217820278855,0.08643227538488445,0.07843724490663222,0.5996217820278855
0.7152454182505608,0.1818917253986001,0.0007446842265279742,0.6297307025216409,0.08081481760615059,0.11664149240673413,0.6297307025216409
0.7183036832138896,0.0879672672599554,0.0007443471523263277,0.6019726532145256,0.08680789074984854,0.09377032438584812,0.6019726532145256
0.7184211807325482,0.04964121803641319,0.0007440053144843664,0.5974867544570249,0.088045738848651,0.09800397260754165,0.5974867544570249
0.7127594277262688,0.03354880679398775,0.000742908092576202,0.6534764125261694,0.07704152815678043,0.12838341342593762,0.6534764125261694
0.7179331490769982,0.1532476907595992,0.0007419452746100151,0.6085110423141921,0.08526738680623445,0.09101412400910056,0.6085110423141921
0.7114454973489046,0.12906137760728598,0.0007407024877649569,0.695584654995374,0.060267322141074324,0.11020459109521187,0.695584654995374
0.7186703495681286,0.02618380170315504,0.0007404697020621097,0.5952338169838051,0.08870819792752604,0.09485667775874063,0.5952338169838051
0.7129853460937738,0.0662666754797101,0.0007402830953138019,0.6525815921264896,0.07640106054935694,0.1279898474044579,0.6525815921264896
0.7246838919818401,0.12340894341468811,0.0007401586067834859,0.5558059290696221,0.08243305269961182,0.05963163693814055,0.5558059290696221
0.7238092655315995,0.1307323556393385,0.000739896035057329,0.5631624791019954,0.08437908713130887,0.05937455439327174,0.5631624791019954
0.7141702184453607,0.1708743693307042,0.0007396939075238222,0.6420864715131561,0.07844710509366522,0.12034060715034132,0.6420864715131561
0.7128920461982489,0.05392811167985201,0.0007389880271414699,0.6528244485450432,0.07657791583868355,0.12867024240331906,0.6528244485450432
0.7153799496591091,0.18526832945644855,0.0007384410368344274,0.6281175439045587,0.08106673302974127,0.11610449057217076,0.6281175439045587
0.7161414045840502,0.17772335838526487,0.0007381168072690512,0.6207926398965817,0.082474870024651,0.11120535845667492,0.6207926398965817
0.7143143219873309,0.17466362472623587,0.0007378442632138419,0.6400698051689443,0.07877584361580636,0.1204524088396959,0.6400698051689443
0.7144201239570975,0.17692633345723152,0.0007375936037739054,0.638717802446478,0.07901403086091252,0.12030723799226771,0.638717802446478
0.7126846956089139,0.029212786816060543,0.0007355438011727905,0.6541122623111315,0.0769363266464147,0.12826370929318737,0.6541122623111315
0.7185720261186361,0.006764777936041355,0.0007347599468673985,0.5974395897374842,0.08676463719878798,0.0923173385385145,0.5974395897374842
0.716498976573348,0.17386705428361893,0.0007336817846516995,0.6175576014466827,0.08312363976105822,0.10844912395625399,0.6175576014466827
0.714843631722033,0.18618480395525694,0.0007332609073332691,0.6336326590874095,0.07996948986201073,0.11894249050860355,0.6336326590874095
0.7168088909238577,0.168835929594934,0.0007331960791998903,0.6151684861987292,0.08371003182749762,0.10534986639927968,0.6151684861987292
0.7185317231342196,0.056023391894996166,0.0007307661613381451,0.5965431728228868,0.08793951240901537,0.09732064280728916,0.5965431728228868
0.7122880155220628,0.11848821584135294,0.0007303387827295267,0.6884199199924315,0.06305335546595492,0.10934768616320757,0.6884199199924315
0.7172095254063606,0.16348368674516678,0.0007302997566185087,0.6122370993326303,0.08436776850792317,0.10103183082828669,0.6122370993326303
0.7187366643920541,0.03660785499960184,0.0007295673652401688,0.5943255152900436,0.08863393514905545,0.0955121483842704,0.5943255152900436
0.7184496903792024,0.06856779381632805,0.000729505534075401,0.5978813614601879,0.08752322181708674,0.0972748145063088,0.5978813614601879
0.7248651599511504,0.125863216817379,0.0007275011601589566,0.5535959376174021,0.08232025800914002,0.0586789070854448,0.5535959376174021
0.7132779415696859,0.1552356155589223,0.000727177913767467,0.6552608350442015,0.07562695041591232,0.11754752188113747,0.6552608350442015
0.7127172881737351,0.10257893707603216,0.0007260541922913657,0.6649595295381929,0.07280150190674511,0.11417799010229224,0.6649595295381929
0.7160459570586681,0.18599717691540718,0.0007257569654395901,0.6211661323236732,0.08222726397919952,0.11242807370920431,0.6211661323236732
0.7149612102657557,0.19254022650420666,0.0007257053189367174,0.6321971181444873,0.08032132066344211,0.11827715468298292,0.6321971181444873
0.7188124535605311,0.017310163006186485,0.000725691851400798,0.5943836460346528,0.0883824221779941,0.0925432771192177,0.5943836460346528
0.7158014606684446,0.19030159432440996,0.000725213664534456,0.6235403762033004,0.08187038120537223,0.11381978598368507,0.6235403762033004
0.7210426284000278,0.10923176445066929,0.0007248536503927467,0.5868793589555256,0.08621944073874248,0.06656537473092171,0.5868793589555256
0.7229142710566521,0.11413144692778587,0.000723070146687863,0.5712515007716942,0.08502695091383332,0.06101355105446203,0.5712515007716942
0.7138399044051766,0.16916371416300535,0.0007219178744143055,0.6457131970368545,0.07751643702658936,0.12141689811159447,0.6457131970368545
0.7154083847999573,0.1966151613742113,0.0007219000496577511,0.6274976464511975,0.08129695949254252,0.1157288453934181,0.6274976464511975
0.72272929828614,0.13514131680130959,0.0007198593253682124,0.5718275769904427,0.08589858172054252,0.06048747841402384,0.5718275769904427
0.7187795769423246,0.04496258124709129,0.0007198548535176558,0.5939083117537273,0.08843487578752987,0.09567250471614538,0.5939083117537273
0.7161127310246229,0.18859332334250212,0.0007198111706404561,0.6203694877952541,0.0823510412080453,0.1120766069007131,0.6203694877952541
0.7128881048411131,0.07285948004573584,0.0007197120036480209,0.6539832328957761,0.07576241849014907,0.12779326109854738,0.6539832328957761
0.7125216731801629,0.010011056438088417,0.0007191832088760498,0.6557428909895852,0.07637426373024005,0.12632828037557559,0.6557428909895852
0.713325853459537,0.15749167557805777,0.0007188137254906372,0.6538830369941963,0.07584264071248077,0.11875666166552132,0.6538830369941963
0.7199314134195447,0.1043950580060482,0.0007185182727713727,0.5940830384138889,0.08661941978817002,0.07353265711541197,0.5940830384138889
0.7125437064096332,0.021861597895622253,0.0007180578803658707,0.6553852109005256,0.07659771682150461,0.127896214336691,0.6553852109005256
0.7127985525876284,0.061005293391644955,0.0007159804138936003,0.6540023021742595,0.07589850345223938,0.12892761950672177,0.6540023021742595
0.7152776755392551,0.2017911085858941,0.0007158499359442225,0.6287970302430211,0.08115139778402447,0.11610836185422874,0.6287970302430211
0.7185520278289914,0.1514734961092472,0.0007156797764083582,0.6032006977760064,0.08587495839853622,0.08602182095919665,0.6032006977760064
0.7147501083090901,0.19752785097807646,0.0007152908113438924,0.6342884019782731,0.07997261353599415,0.11910823069644952,0.6342884019782731
0.7186214393004775,0.07591899018734694,0.0007145600551225294,0.5967819719409593,0.08746177765626939,0.09528085425431485,0.5967819719409593
0.7143877921625972,0.18926874175667763,0.0007144484161691957,0.6381907540939314,0.0789372294527953,0.12121273535049018,0.6381907540939314
0.7186433495953679,0.07970810774713755,0.0007132071149677011,0.5970215135920676,0.08737403398916413,0.09437639773637811,0.5970215135920676
0.7189105981960893,0.013288330286741257,0.0007129056141130857,0.5937497553377957,0.08794663108280966,0.09119900616846846,0.5937497553377957
0.7170157544314861,0.17261467594653368,0.0007124466712953947,0.6124424475823226,0.08387790694872024,0.10507098845648986,0.6124424475823226
0.7159564048051834,0.19783610478043556,0.0007118441018758194,0.6218124442325045,0.08226969258092869,0.11263095788646318,0.6218124442325045
0.7166705504059792,0.18115668650716543,0.0007109204340134876,0.6150287191589229,0.08318309900345394,0.10850263172626316,0.6150287191589229
0.7151318620890379,0.20556976925581694,0.0007108098110579762,0.6302653919156963,0.08092853165056874,0.11662268546754082,0.6302653919156963
0.7205217937007546,0.10651257541030645,0.0007106500745936096,0.5898534561812011,0.08655303231132601,0.06950873319351064,0.5898534561812011
0.7134698024019599,0.1627896912395954,0.0007095097464841904,0.6507909003596737,0.07637632753546696,0.12082094883363573,0.6507909003596737
0.7155085001140833,0.20846476405858994,0.0007065024368157569,0.626346093402811,0.08167196553061284,0.11441940653583021,0.626346093402811
0.7125952448695898,0.04083838500082493,0.0007052692244994005,0.6550740900531135,0.07605255677917984,0.12942943719626607,0.6550740900531135
0.7188693750649691,0.08878011628985405,0.0007046214349051688,0.5966172077292213,0.08724294329261024,0.08985450764792464,0.5966172077292213
0.7139672683551908,0.1809695139527321,0.0007045276294187877,0.6429351004848083,0.0777586857108157,0.12289735813403545,0.6429351004848083
0.7142858123406768,0.19357494171708822,0.0007039116381363741,0.6391098657359476,0.07877130281422255,0.12157829999614725,0.6391098657359476
0.7149831652641296,0.21195969358086586,0.0007014181838871797,0.6317114453031902,0.0807091448551415,0.11696427236108566,0.6317114453031902
0.7189846970140934,0.04898116551339626,0.0007011519076560418,0.5919482176217746,0.0884421127128776,0.0945129014358568,0.5919482176217746
0.7164664808660746,0.19425087422132492,0.0006999699559579322,0.616598269262302,0.08297039421595619,0.10988242635618548,0.616598269262302
0.7147110318765044,0.20937359426170588,0.0006997848726396677,0.634544170458508,0.08010158448071937,0.11851407993885817,0.634544170458508
0.7180109284818172,0.15954442042857409,0.0006988091197530406,0.6052970782996661,0.08537524501660958,0.09425353676098777,0.6052970782996661
0.7159191910177469,0.20968332700431347,0.0006984323176117801,0.6220987043605742,0.0823740535877635,0.11207068081076026,0.6220987043605742
0.7190135037526488,0.005921888165175915,0.0006980529623274936,0.5932440295992909,0.08671984223677386,0.08943734873294423,0.5932440295992909
0.7191497385501862,0.03662771265953779,0.0006976270889714416,0.5902907032954315,0.08885798993280371,0.09298965401976073,0.5902907032954315
0.7207354605197906,0.14199376292526722,0.0006968390830248215,0.5873421158375257,0.08680168356018024,0.06842904128897391,0.5873421158375257
0.7192357452586293,0.025584557093679905,0.000696222135361609,0.589760699689184,0.08897855288692369,0.09130402278518278,0.589760699689184
0.7113072779029608,0.12878230586647987,0.0006962112629596983,0.6969761356922813,0.059253096845919985,0.11049143304193058,0.6969761356922813
0.7188913449645042,0.06913604401051998,0.0006961679692135607,0.5935732843551924,0.08783461378760055,0.09448405172391207,0.5935732843551924
0.7136330557987094,0.17295821104198694,0.0006944235642988846,0.6471651665579123,0.07683565849964881,0.12323291660578126,0.6471651665579123
0.7155810631811619,0.21776149328798056,0.0006936064763015376,0.6254527558800571,0.08186581739647007,0.11343794345351053,0.6254527558800571
0.7123815463855863,0.013395288027822971,0.0006925185168827791,0.6568992594984373,0.07593730905180811,0.1272514405758922,0.6568992594984373
0.7202184591442347,0.14421466644853354,0.0006921188595018441,0.5909752000198618,0.08676334197983081,0.07195092471018302,0.5909752000198618
0.7176776248961687,0.16707031801342964,0.0006904867337428338,0.606714334773971,0.08486071950487785,0.09945895688096536,0.606714334773971
0.7190649006515741,0.05628600064665079,0.0006901119532732974,0.5913182974611138,0.08828264264281349,0.0940380079463433,0.5913182974611138
0.7156633073464036,0.22003061790019274,0.0006894603900552923,0.6245590921075279,0.08201314605816233,0.11285691331647976,0.6245590921075279
0.7192880846560001,0.03365546464920044,0.0006890924761758599,0.5889846169848876,0.08897673656590706,0.0919183615437987,0.5889846169848876
0.7201126646250486,0.1448752023279667,0.0006889902358763461,0.5915822537111941,0.08675707302864087,0.07285683607283211,0.5915822537111941
0.7165771909058094,0.20057160314172506,0.0006882527120146669,0.6154152687626369,0.08324373995841956,0.10887711342505967,0.6154152687626369
0.7126370286568999,0.09619671106338501,0.000687903205059348,0.6616409276804803,0.07344700667269886,0.12016625770359936,0.6616409276804803
0.7193396324291825,0.02907560206949711,0.0006875190489986136,0.588605478200933,0.08904157608705525,0.091134300974208,0.588605478200933
0.7118306420743465,0.1402730569243431,0.0006858424525326805,0.6790506241367056,0.06793292051055881,0.10980243183540683,0.6790506241367056
0.7145471507683396,0.21672487072646618,0.0006857326211100823,0.6360821574424073,0.07982221278992115,0.11883673892701889,0.6360821574424073
0.7171265203505754,0.18290306814014912,0.000685675609182861,0.6102570217421076,0.08375368720399333,0.10590848418844646,0.6102570217421076
0.712818156927824,0.1525794193148613,0.0006852353707923885,0.6609021414812541,0.07381574722499709,0.11740440067519625,0.6609021414812541
0.71903239749372,0.0754415774717927,0.0006843208566902401,0.592694380747279,0.08776544815436596,0.09282732463510521,0.592694380747279
0.7195534687489271,0.14805165119469166,0.0006838284040534069,0.5951383361254355,0.08659306986341246,0.07785587196713162,0.5951383361254355
0.715038594789803,0.22531361691653728,0.0006837288480025982,0.6308396289480743,0.08092052892398562,0.1158671603822422,0.6308396289480743
0.7169262617826462,0.19153740722686052,0.0006833465545265576,0.611946782933828,0.08354246364512909,0.107256949565302,0.611946782933828
0.724563755095005,0.11632608808577061,0.0006816280599389799,0.5549918191690314,0.08292810044847332,0.0572072034985338,0.5549918191690314
0.7162738032639027,0.216049880720675,0.0006807588443953842,0.6183754545497155,0.08294400303882732,0.109660921640175,0.6183754545497155
0.716381624341011,0.2136650998145342,0.0006802592895362849,0.6173097529388001,0.08309093290168,0.10918042810928232,0.6173097529388001
0.7140844045206904,0.20465517230331898,0.0006800367790049046,0.6409803945080546,0.0785070845402709,0.12184080437349233,0.6409803945080546
0.7126658000051975,0.08469047117978334,0.000678992636353442,0.657641126632008,0.07437445909693663,0.12613656118997166,0.657641126632008
0.7144990004599094,0.22106345370411873,0.0006783705693599287,0.6364656613673558,0.07975726032165763,0.11879986988833821,0.6364656613673558
0.7155527686700225,0.22926573641598225,0.0006775931300742526,0.6254491741118876,0.08185693837364322,0.11295042422505006,0.6254491741118876
0.7142028184607625,0.21299063879996538,0.0006765226140033013,0.6396509892412588,0.07895460066948398,0.12071830999754884,0.6396509892412588
0.7161922240629792,0.22124965023249388,0.0006763143969338774,0.6191105093073312,0.0828342951525869,0.10983373248816787,0.6191105093073312
0.7232910357415676,0.11246478464454412,0.0006761789366664032,0.565995204115506,0.08502854844494749,0.05882386568143001,0.565995204115506
0.7167823296040297,0.20434596855193377,0.0006755193673693405,0.6133106644185827,0.08357443894161173,0.10741809370217051,0.6133106644185827
0.7151950774714351,0.2316419342532754,0.0006754265310160713,0.6290390155611537,0.08124595552246298,0.1147138393723122,0.6290390155611537
0.7158754533156753,0.2275555618107319,0.000675225992309078,0.6221927701982526,0.08236784260522284,0.11127832739094917,0.6221927701982526
0.7191782258450985,0.07947628479450941,0.0006742145253692618,0.5917338505672115,0.08775149022979739,0.09114484806188548,0.5917338505672115
0.719086904078722,0.15224799327552319,0.0006740873225310444,0.5975051232764816,0.08637733542600641,0.083383891399066,0.5975051232764816
0.7196543319150805,0.09636471141129732,0.0006736311636338377,0.5917361015804723,0.08733147019481073,0.08070635191859113,0.5917361015804723
0.7180835474282503,0.1648732889443636,0.0006726124810993752,0.6031387128185124,0.08536815426862825,0.09616552542647364,0.6031387128185124
0.714640298858285,0.22835306357592344,0.0006724421368332856,0.6348129517672011,0.08013320950866096,0.11768728458499385,0.6348129517672011
0.7138775521889329,0.20088037103414536,0.0006711103464182741,0.643107144239753,0.07786004438093108,0.12303371994462513,0.643107144239753
0.7193635581061244,0.0018588751554489136,0.0006705154779988096,0.5899390287097748,0.08635093139417582,0.0870105133919197,0.5899390287097748
0.7152342731133103,0.23541734647005796,0.0006698832587460877,0.6285066644278419,0.0813328249334455,0.11431140430225627,0.6285066644278419
0.7221892718225718,0.13917764835059643,0.0006698293411992026,0.5744616036729215,0.08667746080831966,0.061677944261983995,0.5744616036729215
0.7135527925565839,0.18219332210719585,0.0006687945965681844,0.6469749755473814,0.07652010081563217,0.12480441567959777,0.6469749755473814
0.716326636262238,0.22409219294786453,0.0006683540963042757,0.6176753188770919,0.08302604270127067,0.10891320084035716,0.6176753188770919
0.7137225335463881,0.19333055708557367,0.0006680841671309179,0.6447853483774358,0.07721780892365414,0.12414360866442777,0.6447853483774358
0.7193203791975975,0.08455304801464081,0.000667132840086135,0.5911802234409521,0.08769161505635363,0.08883016276768986,0.5911802234409521
0.712562957778573,0.09101126529276371,0.0006650779372948385,0.6602091363780067,0.07358449613345476,0.1237903376659901,0.6602091363780067
0.7255489304661751,0.11881163995712996,0.0006646462636902316,0.5455706183198715,0.0808861598996645,0.05596248196018982,0.5455706183198715
0.7176385596394539,0.17892001383006573,0.0006641352937657841,0.6054147851584406,0.08443996724902408,0.10238984995342523,0.6054147851584406
0.71748230420053,0.18431796226650476,0.0006640683365008524,0.6065854264293519,0.08416705662640755,0.10383547301671464,0.6065854264293519
0.7124101240187883,0.1481583183631301,0.0006633378388939085,0.6672742527350627,0.07184937507674069,0.11513030042667481,0.6672742527350627
0.7169024590402842,0.21094066556543112,0.0006629113004234704,0.6120536733599496,0.08378264221388931,0.10628085127975641,0.6120536733599496
0.7170977871865034,0.20279488153755665,0.0006626041762817369,0.6101275683232594,0.08396149312868156,0.10563090505145788,0.6101275683232594
0.7196869170293212,0.02178539801388979,0.000661456065383907,0.5855941058472355,0.08898946048274872,0.08802875325582203,0.5855941058472355
0.7224924573674798,0.10958943329751492,0.0006613805597343874,0.5721108347133084,0.08602805104425316,0.06074341044885557,0.5721108347133084
0.7153457971289754,0.2411120906472206,0.0006611872348938544,0.6271525482970748,0.08154775660549729,0.11343710482426457,0.6271525482970748
0.7124360762536526,0.052685678005218506,0.0006611808569576955,0.6568673177441532,0.07480973599786445,0.13028666373449516,0.6568673177441532
0.7196121904999018,0.04100614693015814,0.0006602835131491596,0.5857501012176732,0.08893888966051422,0.09050730513800986,0.5857501012176732
0.7194491755217314,0.06086781062185764,0.0006592900999370353,0.5876982779438106,0.08835791269876328,0.09162824153588806,0.5876982779438106
0.7195429475978017,0.010178997181355953,0.000658788418389157,0.5879130774551377,0.08754306055073766,0.08678547850131403,0.5879130774551377
0.7242605565115809,0.13440913148224354,0.000658404895228517,0.5561019861786081,0.08446105413758186,0.0558060896574951,0.5561019861786081
0.7147862315177917,0.24020324740558863,0.0006583662066429427,0.6328941835117184,0.0805234226868363,0.11632240221487675,0.6328941835117184
0.7141128182411194,0.22427888866513968,0.0006575153958413814,0.6402708859658742,0.07887393196809349,0.12041399375283396,0.6402708859658742
0.7258373126387596,0.11954191792756319,0.0006572531835642512,0.5427278944955949,0.08022005774350338,0.05556991610857043,0.5427278944955949
0.7194204796105623,0.0729661975055933,0.0006567642042340955,0.5886598222740265,0.08804923759639834,0.09086165292137041,0.5886598222740265
0.7262120507657528,0.12267342768609524,0.0006564166687498696,0.5392919401514787,0.07935868892201257,0.05545952063598261,0.5392919401514787
0.725652220658958,0.1297209532931447,0.0006563785739772301,0.543898280347695,0.08133070051194252,0.054704717348513066,0.543898280347695
0.7194854281842709,0.06370808649808168,0.0006552805383398312,0.5874568541615794,0.0883035438646425,0.09129163394001957,0.5874568541615794
0.7195749580860138,0.052609299309551716,0.0006551616587763729,0.5862339260040672,0.08862327725883144,0.09101799802770295,0.5862339260040672
0.7160194339230657,0.23940621130168438,0.0006547256515706773,0.6203402273481361,0.0825857857493113,0.10989074256360627,0.6203402273481361
0.7186108455061913,0.16079981438815594,0.0006546695163719368,0.59897137896582,0.08597432100080311,0.0911941441373685,0.59897137896582
0.7124647498130798,0.06354038417339325,0.0006545253367380019,0.6571393982580769,0.07442541960051247,0.1300187251435781,0.6571393982580769
0.7148793553933501,0.2447287030518055,0.0006530880215927283,0.6317599645429488,0.0807347537658119,0.11562148702870444,0.6317599645429488
0.7174497488886118,0.19567248318344355,0.0006517647890650391,0.6066191495376423,0.08426532059723234,0.10392983591428352,0.6066191495376423
0.7172418721020222,0.20658784359693527,0.0006516040365924086,0.6086691688799785,0.08418075981180691,0.10451612223370858,0.6086691688799785
0.7175452597439289,0.19124331884086132,0.0006513681345213394,0.605714818912179,0.08428938268817827,0.10352420900176394,0.605714818912179
0.7197058107703924,0.09093482699245214,0.0006512735567672638,0.5890437827684925,0.08766470119586744,0.08376076360527615,0.5890437827684925
0.7109981402754784,0.1331351650878787,0.0006506228986182405,0.6939435342117253,0.060588966137828965,0.10830531718471602,0.6939435342117253
0.7252456126734614,0.13191750179976225,0.0006496488141784149,0.5471549067465071,0.0824780039946849,0.05443574862395837,0.5471549067465071
0.7137463511899114,0.21274864207953215,0.00064844314410873,0.6442183223641432,0.07773467648776848,0.12278262190332928,0.6442183223641432
0.719473198056221,0.15241166669875383,0.0006482557446008619,0.5935982018303462,0.08668727307414315,0.08128338896357054,0.5935982018303462
0.7128701070323586,0.15972395427525043,0.0006481443843026051,0.6574614983043691,0.07420113608018931,0.1217378538577152,0.6574614983043691
0.7121612271293998,0.0171729801222682,0.000648107786363128,0.6586830703940477,0.07511124669458648,0.12848383473581054,0.6586830703940477
0.7157461820170283,0.24748613592237234,0.0006477369139849487,0.622811653065446,0.08219453203166133,0.11099331467624539,0.622811653065446
0.7204570462927222,0.10019955039024353,0.000647488015673814,0.5858775447803563,0.0873559882223062,0.0735767118546913,0.5858775447803563
0.7135815406218171,0.2016120832413435,0.0006470681668227622,0.6460320591194744,0.077017619322866,0.1242655301608799,0.6460320591194744
0.7198990667238832,0.029316168278455734,0.0006466034210034545,0.5831465962946973,0.08919398321875197,0.08787905468782499,0.5831465962946973
0.7168434029445052,0.22627161163836718,0.0006463742544846443,0.6123941379612474,0.08370617660782152,0.10579322523332536,0.6123941379612474
0.7123301550745964,0.0488436846062541,0.0006455356223710084,0.6576407823533416,0.07455504148654471,0.13058195469442177,0.6576407823533416
0.7173514813184738,0.20750778447836637,0.000645139707114692,0.6075699255655475,0.084320536807632,0.10379462023212169,0.6075699255655475
0.7121250005438924,0.10838836058974266,0.0006447742940100735,0.6757757829755551,0.06841843948437767,0.11021685386391782,0.6757757829755551
0.7140481304377317,0.2325526848435402,0.0006430196061320022,0.6406338815473321,0.07881395295193155,0.12021809290475947,0.6406338815473321
0.7177888061851263,0.1870008921250701,0.0006426947175584643,0.6034008082477056,0.08450952893350498,0.10206420348549868,0.6034008082477056
0.7167193917557597,0.23335068579763174,0.000641668545762675,0.6134505289396168,0.08353000674954714,0.1061858682350166,0.6134505289396168
0.7155593661591411,0.2529347613453865,0.0006416591511128938,0.6244810227013857,0.08192504659681285,0.1117176708811845,0.6244810227013857
0.7200726522132754,0.09514472167938948,0.0006415672639368885,0.587035045091106,0.08760878360819346,0.07916177497012233,0.587035045091106
0.7199503071606159,0.03292233310639858,0.0006414746073449562,0.58253897980324,0.08918011251668646,0.08797105230821606,0.58253897980324
0.7158668218180537,0.25073869340121746,0.0006407252996539798,0.6214491510455368,0.0823720929993676,0.11018163964521714,0.6214491510455368
0.7143330965191126,0.24369777459651232,0.0006404624151708075,0.637326458101141,0.0796085750137307,0.11829269589360547,0.637326458101141
0.7146337013691664,0.25006325636059046,0.0006403306353860278,0.6340124923556661,0.08029966180697377,0.11652900508628655,0.6340124923556661
0.7152037089690566,0.2548465235158801,0.0006401113723664965,0.6280120837494961,0.0813674506651114,0.11346053232068118,0.6280120837494961
0.7138359099626541,0.22501249704509974,0.000640074560805975,0.6430065429422754,0.07816891371267311,0.121601737421244,0.6430065429422754
0.7166212582960725,0.23712847847491503,0.000640008534671883,0.6143207043936566,0.08339529938223421,0.10658284350335148,0.6143207043936566
0.719979084096849,0.02104987483471632,0.0006399739086072271,0.5828065224880574,0.08898990147126419,0.08620439100736714,0.5828065224880574
0.7197299282997847,0.06013801321387291,0.000639939382464412,0.5849192893766316,0.08848942949446037,0.09000877515144012,0.5849192893766316
0.7130016880109906,0.1668030098080635,0.0006399189518378326,0.6543668795243227,0.07472494327173292,0.12418374960795078,0.6543668795243227
0.7250843364745378,0.11507412698119879,0.0006399018042387702,0.5487359070548361,0.08213461491975659,0.05497147378929597,0.5487359070548361
0.714477164670825,0.24852277152240276,0.0006383511340191418,0.6356617083873022,0.07996693703458681,0.11735481089539401,0.6356617083873022
0.7161682872101665,0.24871040973812342,0.0006371251137307865,0.6184742538988299,0.08278578410587584,0.10862143967410327,0.6184742538988299
0.7200208660215139,0.09264738205820322,0.000635777507936678,0.5865340763472673,0.08772484834726024,0.08100163278761226,0.5865340763472673
0.7198161808773875,0.002104690298438072,0.0006356216101662145,0.585623515037978,0.08624480622885324,0.0842958092851472,0.585623515037978
0.718181811273098,0.17672059684991837,0.0006355744413043603,0.6002352337967184,0.08509047597321573,0.09874225083086971,0.6002352337967184
0.7217200240120292,0.10539883282035589,0.000634395050055579,0.5767383958927652,0.08688506395540463,0.06448853333677344,0.5767383958927652
0.712247209623456,0.04506924096494913,0.000633941444271143,0.6582226198596088,0.07439649618635771,0.13074403237266805,0.6582226198596088
0.7165488665923476,0.24351062066853046,0.0006333705257863164,0.614829901745364,0.08328679249979982,0.10671028575347904,0.614829901745364
0.7119638537988067,0.11218235455453396,0.0006333447223164429,0.6820415637589298,0.0657862666835758,0.10790937196870978,0.6820415637589298
0.7139478959143162,0.23633192665874958,0.0006322970009966882,0.6414829388635701,0.07861291327103453,0.12044437394121836,0.6414829388635701
0.7156546534970403,0.25833993311971426,0.0006322202992778071,0.6232683843939267,0.08207765719025324,0.11094070880139081,0.6232683843939267
0.7183181308209896,0.1748088402673602,0.0006310324420792201,0.5991115965827685,0.08529432033896843,0.09756171878551653,0.5991115965827685
0.7184622194617987,0.17103438172489405,0.0006307061616517642,0.5982208663379857,0.08557165290442802,0.09581619110770791,0.5982208663379857
0.7134374408051372,0.20539021864533424,0.0006301258919675292,0.6473850721199025,0.07667018236893904,0.12459978211067807,0.6473850721199025
0.7123626507818699,0.0692427633330226,0.000629818618680159,0.6584134773354259,0.07374202911383222,0.13001300226111906,0.6584134773354259
0.7198569253087044,0.08333544991910458,0.0006297505077352036,0.5856754272588166,0.08799131943469687,0.08608445940919006,0.5856754272588166
0.7198196966201067,0.07174430415034294,0.0006295150584417128,0.5846436346386427,0.08825221741314028,0.08868042693187338,0.5846436346386427
0.7200533989816904,0.04125004354864359,0.0006293603789210664,0.5814330059123517,0.08904167750337189,0.08797840106619403,0.5814330059123517
0.7120962152257562,0.025508355349302292,0.0006281642824387261,0.6591494898467996,0.07469800648840455,0.12977612857180346,0.6591494898467996
0.7265191739425063,0.12806215696036816,0.0006281268480100785,0.5353168118359377,0.07909749882652341,0.053538947273891316,0.5353168118359377
0.7190544391050935,0.16048263385891914,0.0006278427745540421,0.5946936779232385,0.08637616224346162,0.08839416197615349,0.5946936779232385
0.7171753728762269,0.2306848932057619,0.0006261438606900562,0.6089642654245497,0.08409605553328353,0.10361760111321548,0.6089642654245497
0.7178823444992304,0.1988475089892745,0.0006246933317407683,0.602310741295769,0.08481815855070227,0.10112339571662698,0.602310741295769
0.7131664911285043,0.184966248460114,0.0006238534948624097,0.6505566358817755,0.07527359555893753,0.1265060642808591,0.6505566358817755
0.7122507272288203,0.0990840820595622,0.0006234313943706879,0.6666150852909971,0.07138032134706698,0.11910150292372773,0.6666150852909971
0.7150319600477815,0.26512687280774117,0.0006232880380321385,0.6292518371868987,0.08113555393850026,0.11376765434190006,0.6292518371868987
0.7237007431685925,0.11026393715292215,0.0006229735705891164,0.5600201918036632,0.08492987956675374,0.05666876489006597,0.5600201918036632
0.7171382633969188,0.23447460681200027,0.000622774679189144,0.6092284532727114,0.08403596669798619,0.10366935484520126,0.6092284532727114
0.7235980397090316,0.13826496060937643,0.0006224570465537415,0.5604321887651273,0.08578859843406211,0.05664800708160096,0.5604321887651273
0.7121291123330593,0.03679547272622585,0.0006208874608799665,0.6589955884304698,0.07432579783650158,0.13070100785010025,0.6589955884304698
0.7173118116334081,0.23028375301510096,0.0006203953078877998,0.6076206313274669,0.08425808858807794,0.10282170322330528,0.6076206313274669
0.7145076543092728,0.2613354157656431,0.0006200694780693729,0.6347301096598802,0.0801537647757404,0.1164946016900987,0.6347301096598802
0.7119961781427264,0.006089827045798302,0.0006198759759225992,0.6600390307410716,0.07429996953781831,0.12757759936884294,0.6600390307410716
0.7130407681688666,0.1786379385739565,0.0006182026476719135,0.6522511996459222,0.07480385069760986,0.1265347138039717,0.6522511996459222
0.7161988588050008,0.2610271433368325,0.0006176537297355382,0.61763938946944,0.0828114534078744,0.10786516626085185,0.61763938946944
0.7182141281664371,0.18758287280797958,0.000616773032339699,0.5991701216185538,0.08495732011285434,0.0994980966968873,0.5991701216185538
0.7148859528824687,0.26892040483653545,0.0006159243370115732,0.6305277702008883,0.08091264580620437,0.11426884769907239,0.6305277702008883
0.7201534956693649,0.05285558383911848,0.0006154928891857615,0.580565802171305,0.08877839185407503,0.08769695025292465,0.580565802171305
0.717689367942512,0.21901164762675762,0.0006154434566655539,0.6041194143549371,0.08473426042422466,0.10108716475907553,0.6041194143549371
0.7131340531632304,0.18951168842613697,0.0006142956553738033,0.6506523619701444,0.07524768793704242,0.1266650048135455,0.6506523619701444
0.7206419743597507,0.14858277887105942,0.000614096295281158,0.5839273317289531,0.08726482616538457,0.07252890127848116,0.5839273317289531
0.7131990613415837,0.1967937620356679,0.0006139922704846067,0.6498332175513174,0.07567122396235505,0.1261267400155216,0.6498332175513174
0.7132973140105605,0.20864475425332785,0.000613169124056361,0.6486873499749578,0.07630584498823903,0.12493292544677752,0.6486873499749578
0.7170046092942357,0.24567048903554678,0.0006130999216998931,0.6101932035861681,0.0838295721157331,0.10397312540917583,0.6101932035861681
0.7232518400996923,0.10844138730317354,0.0006127832627252359,0.5633064438543458,0.08566029227696136,0.05792158790562394,0.5633064438543458
0.7157548135146499,0.27017579693347216,0.0006123878845110326,0.6216831729698572,0.08223340336860616,0.10980151451151199,0.6216831729698572
0.7163352901116014,0.2624420393258333,0.0006118547231783608,0.616203213690832,0.0829778426567904,0.10704145345696957,0.616203213690832
0.7179214060306549,0.2106785150244832,0.0006118192962183189,0.6019168821184256,0.08499153279266497,0.10014457444031181,0.6019168821184256
0.7177673857659101,0.21871942654252052,0.0006117152933703963,0.6033564188482361,0.08482267355109066,0.10063090991950518,0.6033564188482361
0.7202536948025227,0.048740118741989136,0.0006114297181496502,0.5795143348738667,0.08889194079970103,0.08709797082569337,0.5795143348738667
0.720186066813767,0.009447761811316013,0.0006105593420022385,0.5817845368380711,0.087331411398103,0.08289078132043694,0.5817845368380711
0.7203672854229808,0.018040433526039124,0.0006104223311584826,0.5792670680001049,0.08874199534127042,0.08345242401446086,0.5792670680001049
0.715225619263947,0.27424921188503504,0.0006097209124417724,0.6268160116972887,0.08149016680732858,0.1122989081417067,0.6268160116972887
0.7193986596539617,0.15980016347020864,0.0006095011245123761,0.5915094459849669,0.08666148625771065,0.08606005409959444,0.5915094459849669
0.7214249959215522,0.10173552576452494,0.0006094259168682283,0.5771348087327577,0.08733803843597535,0.06775705030013396,0.5771348087327577
0.7167127942666411,0.25704402942210436,0.0006079186697474233,0.6126584954485511,0.08344303874815977,0.10516249099627145,0.6126584954485511
0.7201819531619549,0.06541540008038282,0.0006075810485581877,0.5806967515906293,0.088497301362289,0.08718463091767227,0.5806967515906293
0.7140394989401102,0.25771995075047016,0.0006075435932970392,0.6395814952321982,0.07911931019050104,0.11881347931354502,0.6395814952321982
0.714326499029994,0.2659230148419738,0.000607540832731802,0.6362984552578744,0.07983893269659566,0.11705874985555498,0.6362984552578744
0.7209165887907147,0.09796673525124788,0.0006074442624337775,0.5800175220149559,0.08764222753556151,0.07276212226735611,0.5800175220149559
0.724777334369719,0.13614413794130087,0.0006073075879665903,0.5495473169539534,0.08395777907177643,0.05355654530376205,0.5495473169539534
0.7204932691529393,0.025337799452245235,0.0006072414301684788,0.5775275742919045,0.08917317465615104,0.08399467828207278,0.5775275742919045
0.7203281009569764,0.014020988717675209,0.0006071042576577595,0.5800059578774834,0.08820734960935944,0.08290430757219835,0.5800059578774834
0.7272494453936815,0.12312048953026533,0.0006063412493181997,0.5283268885744625,0.07670041502030964,0.05323360666381797,0.5283268885744625
0.7197656035423279,0.15607162844389677,0.0006061915386104835,0.5891542392830713,0.08694004781876583,0.08195654518658199,0.5891542392830713
0.714119452983141,0.2621332826092839,0.0006049441935931397,0.638558653337481,0.0793559386651994,0.11820416857463667,0.638558653337481
0.7203995268791914,0.044717246666550636,0.0006045962371400273,0.5780458569546468,0.08899871138746601,0.08618478185709767,0.5780458569546468
0.7136747185140848,0.24442709516733885,0.0006040698595291486,0.6438195489583061,0.07803085985345767,0.12114282725035479,0.6438195489583061
0.7268745955079794,0.11903530359268188,0.0006038721414914198,0.5315887261404989,0.07761022496084023,0.05302060079096687,0.5315887261404989
0.7134734373539686,0.23231021873652935,0.0006037170177863053,0.6462968629595222,0.07727914810577348,0.12268279917124508,0.6462968629595222
0.718874997459352,0.17174757551401854,0.0006032488504527945,0.5940538743503043,0.08592623307340505,0.09353176342942336,0.5940538743503043
0.7135105319321156,0.2360842116177082,0.000602217081340125,0.6457847983777476,0.07744829516337785,0.1223074084401494,0.6457847983777476
0.7203708011657,0.08707375265657902,0.0006019872612292406,0.5813997128423913,0.0880522198504086,0.08182597644365296,0.5813997128423913
0.7186346519738436,0.18021394684910774,0.0006015078283135841,0.5954435027592496,0.08541988710963552,0.09652296886348323,0.5954435027592496
0.7147928662598133,0.2775349719449878,0.0006012160558022703,0.6309894569447593,0.08081538277222373,0.11421594827336813,0.6309894569447593
0.7183466255664825,0.19520022999495268,0.0006011103263504527,0.5977490460305607,0.0852276474444747,0.09852491732840758,0.5977490460305607
0.7144685331732035,0.2731674797832966,0.0006010606734294208,0.6344818386597112,0.08019533655562266,0.11598458914293974,0.6344818386597112
0.7161616897210479,0.2728577656671405,0.000600414335623542,0.6174524958323723,0.08274845968722205,0.10748327478393295,0.6174524958323723
0.7202859595417976,0.06742633879184723,0.0006003669073734744,0.5797780319846254,0.08847551563795682,0.08646072085478579,0.5797780319846254
0.7180547844618559,0.21505373902618885,0.0006002814424293965,0.6005821461679686,0.08514343416814625,0.09909022037484594,0.6005821461679686
0.7165402350947261,0.2662322297692299,0.000600060022515318,0.6139791159605119,0.08321074726532879,0.10571570616719511,0.6139791159605119
0.7153391623869538,0.28041030652821064,0.0005998516810042647,0.625333843004049,0.08168043605385286,0.11138295427310373,0.625333843004049
0.7225926918908954,0.10556989535689354,0.0005996550812799492,0.5679361259341786,0.08654012972348538,0.06081952884327224,0.5679361259341786
0.7238818919286132,0.1389985689893365,0.0005988012095341708,0.5569714200182196,0.08559195933106803,0.05564379696215836,0.5569714200182196
0.7133675161749125,0.2285979213193059,0.0005987808734370028,0.6474605558725132,0.07690577286490285,0.12333270308788762,0.6474605558725132
0.7198396297171712,0.1566251376643777,0.0005987606746041916,0.5882173668586873,0.08699144443195539,0.08187122118974269,0.5882173668586873
0.7205787152051926,0.03735846746712923,0.0005979106704897664,0.5763083028977125,0.08915046278986445,0.08482162666357262,0.5763083028977125
0.7154169268906116,0.28180139511823654,0.0005973424381990498,0.6244734040026614,0.08179385895282625,0.11091259903310194,0.6244734040026614
0.7122187446802855,0.08864269498735666,0.0005970632860332082,0.6625211546092004,0.0722230767278088,0.12611768459449818,0.6625211546092004
0.7188511313870549,0.1757666626945138,0.0005961077513160926,0.5937559432816564,0.08575507181396658,0.09456118144563337,0.5937559432816564
0.7274344200268388,0.12567114364355803,0.0005960393525567981,0.5262356265616918,0.07642680199702084,0.052566092893041184,0.5262356265616918
0.7175168162211776,0.24211580585688353,0.0005954078610080608,0.6052583632846045,0.08443001050120298,0.10109783379970004,0.6052583632846045
0.716028087772429,0.27820994332432747,0.0005950579641872772,0.618521129364274,0.08258018553321551,0.10792788151448962,0.618521129364274
0.7224114388227463,0.14321184530854225,0.0005950456754998417,0.5692868366373802,0.08708480137600075,0.061675073446054475,0.5692868366373802
0.7179616363719106,0.2266214108094573,0.0005926652886275403,0.6013220669950812,0.08500617787842633,0.09908601796463797,0.6013220669950812
0.7117324974387884,0.14404690451920033,0.0005926504196298628,0.6762673733225532,0.06821617682451873,0.11316331596128561,0.6762673733225532
0.7168520567938685,0.2641231035813689,0.0005926153139716269,0.6109722039136618,0.08357298364791334,0.10404599511452431,0.6109722039136618
0.7171687753871083,0.25584933906793594,0.0005921137132244242,0.608186747055782,0.08396654453348974,0.1025793039117954,0.608186747055782
0.7173031801357865,0.25199304055422544,0.0005917676603259634,0.6070122547481269,0.08413668088679468,0.10195489583529659,0.6070122547481269
0.7275533247739077,0.12287801969796419,0.0005917382936525775,0.5251369379539957,0.07586434421935694,0.05265640500506941,0.5251369379539957
0.7118812194094062,0.017903258092701435,0.0005893421879317612,0.6609364647332282,0.07394109642455168,0.12938643846701187,0.6609364647332282
0.7147415662184358,0.28467288706451654,0.0005892794868049375,0.6310869208092378,0.08078254760828889,0.11402903489484105,0.6310869208092378
0.7204891555011272,0.08069913554936647,0.0005886805606495811,0.5790156669697626,0.08823874463535847,0.08328755471587351,0.5790156669697626
0.7181334374472499,0.22218475490808487,0.0005886199163592105,0.5997291137578209,0.08521084250801167,0.09825811250649712,0.5997291137578209
0.7263609636574984,0.11531468573957682,0.0005881855787652599,0.5354329541157575,0.07914282456664651,0.052072627564452106,0.5354329541157575
0.7152844220399857,0.2884812904521823,0.0005871583944726158,0.6254222440666378,0.08162964644820565,0.11118902032577632,0.6254222440666378
0.7159496583044529,0.2844867091625929,0.0005867733606055651,0.6189731575641972,0.08247963413293799,0.10800993549510118,0.6189731575641972
0.7261798167601228,0.13345977757126093,0.0005864126009870367,0.5365143171628604,0.08071531270216449,0.0512842763606508,0.5365143171628604
0.7195014981552958,0.16422153264284134,0.0005862500817851787,0.5893224728455493,0.08666682211977945,0.08746300878418976,0.5893224728455493
0.7178156888112426,0.2384558441117406,0.000585771624489604,0.6024505527423863,0.0847800692058571,0.09946635273891791,0.6024505527423863
0.7138272561132908,0.26530591677874327,0.0005857041461972793,0.6412601676764826,0.07873940909638977,0.11926607043915367,0.6412601676764826
0.7265675934031606,0.13217460364103317,0.0005856681039791366,0.533139873059755,0.0795738297946272,0.05117488836242534,0.533139873059755
0.7176044071093202,0.24648337438702583,0.0005856141054513129,0.6042582854792352,0.08450046925717325,0.10040199814135017,0.6042582854792352
0.720600688830018,0.05702200438827276,0.0005853722471980094,0.5762660738861402,0.0887274537580553,0.08518956686699936,0.5762660738861402
0.7185175158083439,0.2034118752926588,0.0005846906550195495,0.5960935417211205,0.08555516822573414,0.09701612892313985,0.5960935417211205
0.7251940723508596,0.11146100983023643,0.0005832612581758969,0.5452963133220167,0.08228903232299282,0.05272360666140195,0.5452963133220167
0.7207132559269667,0.04993910063058138,0.0005824204910745417,0.5750124817938915,0.0888791408518276,0.08459046125986835,0.5750124817938915
0.7216100431978703,0.14704120252281427,0.0005824026528688432,0.5750472436765429,0.08745017416989541,0.06699152314887347,0.5750472436765429
0.716627893038094,0.27644433733075857,0.0005820450148726187,0.6126242826410785,0.0832713477507978,0.10473401182644897,0.6126242826410785
0.7169959777966142,0.2679023267701268,0.0005818433396357456,0.6093840994926902,0.08371269429190668,0.10305067211327178,0.6093840994926902
0.7208267822861671,0.08972953166812658,0.0005810516757315033,0.577600297577386,0.08804458958740655,0.07816070722340024,0.577600297577386
0.718429634347558,0.21460014674812555,0.0005802670324787119,0.5969369487711907,0.08553654670971694,0.09687056517279924,0.5969369487711907
0.7209490006789565,0.02658827044069767,0.0005796795333558204,0.5730024182539963,0.08912119037949952,0.08169571032130996,0.5730024182539963
0.722023356705904,0.1458169287070632,0.0005780637715912217,0.5715846538928341,0.08737016111877276,0.06448683051127732,0.5715846538928341
0.7187577644363046,0.1944567272439599,0.0005776431388807158,0.5937320052126902,0.0856035373914871,0.09612369333487561,0.5937320052126902
0.7134800348430872,0.2540561743080616,0.0005774903655829355,0.6452335618284486,0.07768147444285915,0.12136209802460352,0.6452335618284486
0.7149527054280043,0.2938717044889927,0.0005774240063408954,0.6284174617320335,0.08117529650149255,0.11247039819905943,0.6284174617320335
0.7157947365194559,0.29209751542657614,0.000577331697865184,0.6200966800227976,0.08228986293493067,0.10839739912790461,0.6200966800227976
0.7206524973735213,0.005678464658558369,0.0005770577597110688,0.577546428370182,0.08629242222127623,0.0797431713718936,0.577546428370182
0.7139565497636795,0.2771188095211983,0.0005758806925313814,0.639312481796278,0.07920638971688385,0.11799064251952117,0.639312481796278
0.7187243830412626,0.1996212936937809,0.0005756504632938825,0.5940644564876437,0.08569054024432608,0.09603375840392639,0.5940644564876437
0.7206942792981863,0.07666204776614904,0.0005753437029096584,0.5764793069239842,0.08834596910651564,0.08305594074653733,0.5764793069239842
0.720884301699698,0.016307403333485126,0.0005751650040369387,0.5743916779445212,0.0884165318264451,0.08026877567312793,0.5743916779445212
0.7161212358623743,0.2898995289579034,0.000574948028548095,0.616960914761185,0.08266829111258144,0.10680601308564762,0.616960914761185
0.7143945163115859,0.2891020458191633,0.0005747532847965868,0.6342663889909228,0.08022009131499659,0.11533422630257431,0.6342663889909228
0.7215049425140023,0.09731406532227993,0.000574712556198665,0.5738030076184382,0.08767926673319879,0.07027080728391634,0.5738030076184382
0.7207840709015727,0.01226936187595129,0.0005746335161160805,0.5757532117058293,0.08775662835013279,0.08003599810032404,0.5757532117058293
0.7209201045334339,0.0459043076261878,0.0005727628751993975,0.5729336118838332,0.08894240858371737,0.08339512137011024,0.5729336118838332
0.7136833500117064,0.26909993682056665,0.0005719720375076248,0.6424443493582876,0.07846003844020627,0.11962382109946285,0.6424443493582876
0.7210385147482157,0.03568503260612488,0.000571851252319139,0.5718167658336406,0.08910150200983295,0.08221966183982456,0.5718167658336406
0.714991707354784,0.297660855576396,0.0005717398928974177,0.6277907232701101,0.08125216272387549,0.1120498553591258,0.6277907232701101
0.7221693443134427,0.10114127676934004,0.0005717303857214466,0.5692452734007251,0.08720929940748151,0.06473343234470962,0.5692452734007251
0.7124846866354346,0.16408435720950365,0.0005712587331496205,0.6597814041556427,0.07269449232869235,0.1250402641969123,0.6597814041556427
0.711752631701529,0.11970534827560186,0.0005710424231661989,0.6945149531878674,0.05920657890227601,0.1111471998966779,0.6945149531878674
0.716568648815155,0.28579455334693193,0.0005698340424298454,0.6127388083116894,0.08316680739612964,0.10459677716855588,0.6127388083116894
0.713376147672534,0.2537246560677886,0.0005696826516769634,0.6462472974527529,0.0773949175449678,0.12178967094145753,0.6462472974527529
0.7208029646426439,0.07007115054875612,0.0005691567844313503,0.5748429254196905,0.08847171608060363,0.08339416651472226,0.5748429254196905
0.7184891020879149,0.22309611272066832,0.0005687269709678522,0.5962686545962219,0.0855761832369783,0.0961018613847282,0.5962686545962219
0.7191983489319682,0.18014232628047466,0.0005675773202338951,0.5899262125944656,0.08590061117676655,0.09322937669841519,0.5899262125944656
0.7234369041398168,0.14230301696807146,0.0005670025337147735,0.5593546552639377,0.08641080338039586,0.05749584207467638,0.5593546552639377
0.7210977207869291,0.15129768569022417,0.0005666781620530259,0.5779381762506355,0.0875348889043369,0.0720661481715955,0.5779381762506355
0.7109149117022753,0.13689773995429277,0.0005664321187864034,0.689857006932706,0.06196319532125326,0.10890979163895573,0.689857006932706
0.7131624966859818,0.24044477101415396,0.0005660772984891727,0.6489297646462907,0.0765189325777039,0.12340754425588649,0.6489297646462907
0.7171448981389403,0.2752682436257601,0.0005656989231557644,0.6075895291613509,0.08382818807546595,0.10186309769663576,0.6075895291613509
0.7129594273865223,0.22033126838505268,0.0005651458179834698,0.6516172566124706,0.07545804408659844,0.12541510410724477,0.6516172566124706
0.7253790469840169,0.13732323423027992,0.0005650077884403959,0.5425491819723962,0.08302981842872514,0.051550130734013794,0.5425491819723962
0.7176960026845336,0.2592826075851917,0.0005646347674643504,0.6029055516935347,0.08451494143918976,0.0993508136663055,0.6029055516935347
0.7278565252199769,0.12835359293967485,0.0005644268590511108,0.5212669898178623,0.07565798066533591,0.050857076037171836,0.5212669898178623
0.7237988766282797,0.1062457887455821,0.0005635565289969511,0.5560544455371996,0.08528501651473878,0.05619917445099586,0.5560544455371996
0.7129119420424104,0.21697210520505905,0.0005626088011858603,0.6521582363552253,0.07522392557371012,0.1258132011162064,0.6521582363552253
0.7179682338610291,0.2517491402104497,0.0005617483228695829,0.6005498667757225,0.08485465390806572,0.09804770302184235,0.6005498667757225
0.7155878096818924,0.30392899829894304,0.0005610274953569777,0.6214497723204203,0.08204320367768966,0.10875722507489928,0.6214497723204203
0.7145404042676091,0.30093729868531227,0.0005602061695358924,0.6320593839977322,0.08058081176226695,0.11391831048726316,0.6320593839977322
0.7142943171784282,0.2968653114512563,0.0005600281706563179,0.6347539228566381,0.08012107774409521,0.11527003385719331,0.6347539228566381
0.7138708056882024,0.2856078464537859,0.0005596236836614623,0.6396231908058511,0.07914703595603001,0.11780135697900654,0.6396231908058511
0.7210059221833944,0.07852591574192047,0.0005587899514535395,0.5736164180626246,0.08831507983479214,0.08101598834334017,0.5736164180626246
0.7125847833231091,0.1759302532300353,0.0005586276618234399,0.6568061699206851,0.07309148375180416,0.1278047772222999,0.6568061699206851
0.7120392918586731,0.0793998446315527,0.0005586128880952498,0.6622314286015641,0.07185599061417061,0.1296091957289836,0.6622314286015641
0.7257649805396795,0.11121424473822117,0.0005584315848405214,0.5392190572542842,0.0809936349442663,0.05120583807268687,0.5392190572542842
0.7182688387110829,0.24250023160129786,0.0005584157102146519,0.5979497421517754,0.08523277785372028,0.09662806863766517,0.5979497421517754
0.721335175447166,0.028132864274084568,0.000558284357749416,0.5691383148188413,0.08900757109541305,0.07986556025928937,0.5691383148188413
0.7164732050150633,0.29606729932129383,0.0005569981812052077,0.6131263703049104,0.0830196622590393,0.10458198911396564,0.6131263703049104
0.7211215049028397,0.05532901920378208,0.0005567492838815593,0.571088350523475,0.08871201446250133,0.0824231697359145,0.571088350523475
0.7117200689390302,0.01412795390933752,0.0005563631240530969,0.6622280500321327,0.07324503752443094,0.12927320857053437,0.6622280500321327
0.7151251379400492,0.30788073036819696,0.0005562106271105901,0.6258006379683321,0.08147697415801501,0.11077005807814687,0.6258006379683321
0.7181552881374955,0.2496598232537508,0.0005553836027483237,0.5988194880791,0.08506457665487564,0.09702860757065067,0.5988194880791
0.7127392655238509,0.1985459253191948,0.0005553013301273146,0.6541407765193022,0.0741148095866546,0.12771976885238737,0.6541407765193022
0.7120154295116663,0.07560927793383598,0.0005551575487176296,0.6619658385093184,0.0719091626569556,0.1303580885414528,0.6619658385093184
0.713503897190094,0.27346028201282024,0.0005544362850330246,0.6439142946937289,0.07810103800973997,0.12006066573888309,0.6439142946937289
0.7105297856032848,0.13246911950409412,0.0005538915233288945,0.6979344049091512,0.05736426808286305,0.10838197420100468,0.6979344049091512
0.7213828545063734,0.03465923946350813,0.0005538128608700398,0.5684495875719981,0.08899063778237921,0.0803277889678531,0.5684495875719981
0.7163748778402805,0.29986169189214706,0.0005537556859599715,0.6138812139181973,0.08290212746950934,0.10490634979672829,0.6138812139181973
0.7162652611732483,0.301734353415668,0.0005534891364002813,0.6148549530794585,0.08278294606885854,0.10538747047548638,0.6148549530794585
0.7154999952763319,0.3092736918479204,0.0005532449464869791,0.6219826455258878,0.08194137498707814,0.10886622747305112,0.6219826455258878
0.7175978096202016,0.271132780238986,0.0005531664281378393,0.6033739012771264,0.08432674245250388,0.09943425410367324,0.6033739012771264
0.7126497281715274,0.18717993050813675,0.0005529181276797788,0.6553062696464385,0.07344006578045378,0.12843336686354265,0.6553062696464385
0.7193004554137588,0.18701199907809496,0.0005528572746193488,0.5885478764668,0.0859182446983543,0.09313216300326785,0.5885478764668
0.7119220700114965,0.05620962008833885,0.000552686378103286,0.6613885097887403,0.07237092832292268,0.13184126710432514,0.6613885097887403
0.7190829114988446,0.2038193978369236,0.0005525313859535788,0.5906039283361809,0.0860945156741038,0.0936887803144799,0.5906039283361809
0.7185843223705888,0.23434581235051155,0.0005517690006494457,0.595132682491512,0.08560872490718223,0.09508624906281447,0.595132682491512
0.7189648104831576,0.21410035621374846,0.0005515222298957856,0.5917619276933553,0.08606035756746361,0.09376354801003546,0.5917619276933553
0.7127764942124486,0.21037736721336842,0.0005512077582555857,0.6535774993378404,0.07459394973161321,0.12675728197816163,0.6535774993378404
0.7141942763701081,0.3006582325324416,0.000551102693825807,0.6354803655379924,0.07998266762387436,0.11544661577692604,0.6354803655379924
0.7191658606752753,0.19978615455329418,0.0005504792708349806,0.5897736716310402,0.08609389797775809,0.09346881349522909,0.5897736716310402
0.7211500220000744,0.07450742460787296,0.0005503174772054778,0.5717607940027888,0.08837132100660107,0.08099138081698108,0.5717607940027888
0.717089245095849,0.2875232920050621,0.0005502777656366019,0.6075413716424533,0.0836892862466259,0.10160467353850111,0.6075413716424533
0.7214572243392467,0.08992443606257439,0.0005496319411155558,0.5714016207865267,0.088010573415346,0.07479942492445288,0.5714016207865267
0.7214764775708318,0.022727182134985924,0.0005494915025662968,0.5680688861716182,0.08875712361757883,0.0783168144003509,0.5680688861716182
0.7212234921753407,0.06188588682562113,0.0005486622924563596,0.5702766444569932,0.08856851088383562,0.081729278023958,0.5702766444569932
0.7116494840011001,0.11047026515007019,0.0005478690487250939,0.682185466411429,0.06507986396509514,0.10953017192643057,0.682185466411429
0.7231212425976992,0.1025253888219595,0.0005477996901238675,0.5604688569616011,0.08642026384894998,0.05998811350277925,0.5604688569616011
0.7213540691882372,0.08556439261883497,0.0005467737632592004,0.5713272920360751,0.08814052719357815,0.07718123806688788,0.5713272920360751
0.7126134717836976,0.18824971374124289,0.0005464658378346448,0.6555902005145842,0.07332608991986794,0.12855749284203336,0.6555902005145842
0.7212017271667719,0.15342306904494762,0.0005464585655103132,0.575937376427209,0.08761384160084486,0.0729053092593651,0.575937376427209
0.7130444031208754,0.2477881982922554,0.0005463603120961645,0.6496894331791343,0.07631917652965058,0.12339748570065176,0.6496894331791343
0.7211692752316594,0.006939902901649475,0.0005459937404944127,0.5724885306994072,0.08623881193222058,0.07707883215343554,0.5724885306994072
0.7147195367142558,0.3121490431949496,0.000545973006318725,0.629528267985493,0.08093746304389118,0.11236937213627322,0.629528267985493
0.7128507345914841,0.22741032391786575,0.0005457718770987327,0.65239122092037,0.07525052264829654,0.1253462830624435,0.65239122092037
0.7192717744037509,0.19862207490950823,0.000545305202788675,0.5887375534071004,0.08615823683568373,0.09293870289898992,0.5887375534071004
0.7189323958009481,0.223199681378901,0.0005451600352946353,0.5919949268984528,0.08601169570173486,0.09351686587601961,0.5919949268984528
0.7169329859316349,0.2948287492617965,0.0005450818695799771,0.6086848290437683,0.0834832800757247,0.10211972490863586,0.6086848290437683
0.7175254700705409,0.2794523695483804,0.0005449208647247848,0.6037037318143204,0.08418868533863101,0.09949162037771911,0.6037037318143204
0.7212558165192604,0.07396132592111826,0.0005448672867489368,0.5706651196482897,0.08836338707482477,0.08052000273842282,0.5706651196482897
0.7197237992659211,0.175823288038373,0.0005443113949591218,0.5851983906595106,0.08643378207857758,0.08959552797522222,0.5851983906595106
0.7159259151667356,0.3119613863527775,0.0005441687257317973,0.6175850045131783,0.08240067069550544,0.1065626967500303,0.6175850045131783
0.7181247835978866,0.2600157428532839,0.0005440885135138082,0.5987515565811684,0.0849553225720317,0.09681800895171101,0.5987515565811684
0.7118526725098491,0.10030645597726107,0.0005440751168159291,0.6707097872620493,0.06929152329923119,0.11915972758919684,0.6707097872620493
0.7174430023878813,0.28282036911696196,0.000543606768360469,0.6043425764905185,0.0840788502527418,0.0998136868132939,0.6043425764905185
0.7215467244386673,0.040003325790166855,0.0005428129002082935,0.566758028953924,0.08884491339572102,0.0798663681479481,0.566758028953924
0.7186845419928432,0.23813982121646404,0.0005425300867705265,0.5940792611983157,0.08568317162477848,0.09436659072427823,0.5940792611983157
0.7150812521576881,0.31657992117106915,0.0005422828873303693,0.6256460600504932,0.08144596170453826,0.11041158439529526,0.6256460600504932
0.7273983769118786,0.11483901366591454,0.0005412117740553609,0.5244546430648095,0.07624241604297272,0.04983574199157233,0.5244546430648095
0.7140911286696792,0.3050111457705498,0.0005409980338436543,0.6361858383860809,0.07984585588036264,0.11558400847667025,0.6361858383860809
0.7137158093973994,0.2932034386321902,0.000540965028523736,0.6406232173740046,0.07893350162633664,0.11791979561228201,0.6406232173740046
0.7168957125395536,0.2986035915091634,0.0005407894398395524,0.6088441162583486,0.08342017839584984,0.10213404243656679,0.6088441162583486
0.7156811766326427,0.31626389641314745,0.0005406350479532612,0.6197269707712613,0.08213641301619214,0.1075334597091315,0.6197269707712613
0.7145116487517953,0.3132760412991047,0.0005405357669183565,0.6314946875970836,0.08063454180906955,0.11321733637383206,0.6314946875970836
0.7282371046021581,0.1294869165867567,0.0005404828755761537,0.5170096093737879,0.07488872746067252,0.04973263026957815,0.5170096093737879
0.7135900827124715,0.28878239169716835,0.0005397966021075845,0.6421221766454954,0.07858159528839234,0.11871381101774924,0.6421221766454954
0.7284182514995337,0.11928016506135464,0.0005392265090640441,0.5156507717563564,0.07346779631627258,0.050492365170260116,0.5156507717563564
0.711795749142766,0.04482391383498907,0.0005391200053309442,0.6619503292125407,0.07239672006046965,0.1320126595005653,0.6619503292125407
0.7217007707804441,0.03197202552109957,0.0005389607663777303,0.5653923988227217,0.08883449858722076,0.07843656302767549,0.5653923988227217
0.7213133359327912,0.0009018359705805779,0.000538653176272391,0.5712328125624417,0.08525820765233984,0.0759083997523958,0.5712328125624417
0.7137530976906419,0.29699397180229425,0.0005376679625920392,0.6400080058425381,0.0790727903784248,0.11751238180956289,0.6400080058425381
0.7201639590784907,0.16788197867572308,0.0005376517146229757,0.5820487016388006,0.08701402785493578,0.08513638903909501,0.5820487016388006
0.7119475081562996,0.1521413279697299,0.0005376319191313098,0.6689093610600509,0.07003598611318082,0.11973862028379505,0.6689093610600509
0.7162330113351345,0.3126005930826068,0.0005375055938997695,0.6145148975666362,0.08270095667616265,0.10493692917970149,0.6145148975666362
0.7217487273737788,0.0303275128826499,0.0005371052460094391,0.5649786745632942,0.08879922065328362,0.0780105276714561,0.5649786745632942
0.7228140914812684,0.146731523796916,0.0005366268896797952,0.5630070019200883,0.08719418665155584,0.06168335586575914,0.5630070019200883
0.7220672378316522,0.0941419005393982,0.0005355764295025831,0.5667731456859789,0.08766896387334266,0.0695374704593296,0.5667731456859789
0.7155324835330248,0.32062424905598164,0.0005350761469130969,0.6209035887241082,0.08197220101726575,0.10799021198656181,0.6209035887241082
0.7215858045965433,0.051590269431471825,0.0005348940980181065,0.5664295371471567,0.08862442773713788,0.08002144090757589,0.5664295371471567
0.6795490309596062,0.002295098267495632,0.0005347928186173094,0.5408566863474018,0.14267531869015565,0.10456603578300376,0.5408566863474018
0.6789492331445217,0.005548674613237381,0.0005344364325189011,0.539768841161115,0.141993407909736,0.10221392815870606,0.539768841161115
0.716790834441781,0.30519828852266073,0.0005343588844876374,0.6094962884238001,0.0832724203303545,0.10236497913733947,0.6094962884238001
0.6794003453105688,0.009592808783054352,0.0005339561034039535,0.5408383181071127,0.14231239594940495,0.10403366135102432,0.5408383181071127
0.6798639614135027,0.005996153689920902,0.0005336298977952291,0.5416509952153015,0.1427869818101036,0.10584652324394085,0.5416509952153015
0.717809054069221,0.2792060887441039,0.0005335571452366386,0.600993107501,0.08447643068791579,0.09787289933372852,0.600993107501
0.67902179248631,0.013815323822200298,0.0005334096878640015,0.5402206944548016,0.14181050293786773,0.10257747496922504,0.5402206944548016
0.7241022260859609,0.143032337538898,0.000533398810746565,0.552077779334681,0.08577593162865664,0.055370440095167985,0.552077779334681
0.6791199967265129,0.01760552916675806,0.0005329317761803612,0.5405520281158847,0.14179951513681402,0.10300777694763236,0.5405520281158847
0.6781467571854591,0.0015614787116646767,0.0005328945934508046,0.5380012336604638,0.14110167057456727,0.09905218137042789,0.5380012336604638
0.678614916279912,0.013570469804108143,0.0005328382007600193,0.5393897637314358,0.14134136177471296,0.10097401682134582,0.5393897637314358
0.6782603077590466,0.00628085620701313,0.0005327256530256607,0.5384128223129739,0.1411003494622574,0.09952361700272334,0.5384128223129739
0.719634254463017,0.18838694877922535,0.000532652563469142,0.5852493616053323,0.08618749839769903,0.09129111199652779,0.5852493616053323
0.6799365393817425,0.01333923451602459,0.0005323930393900465,0.5420753347815263,0.14261088597696164,0.106207471205816,0.5420753347815263
0.6792564354836941,0.021423446014523506,0.0005323673219999743,0.5409604976323266,0.14182281970515437,0.1035925048897901,0.5409604976323266
0.6785757914185524,0.017364016734063625,0.0005322378492866914,0.5394422859533221,0.14117383157579183,0.10086183179489365,0.5394422859533221
0.6804638858884573,0.0017889011651277542,0.0005318377220202799,0.5427204461462211,0.14324081884129936,0.10821149086933653,0.5427204461462211
0.7189973965287209,0.23341898433864117,0.000531725738503008,0.5911924356101169,0.08601838143987629,0.09274710043555683,0.5911924356101169
0.7221146784722805,0.09358916617929935,0.0005315810664209947,0.5660854729558112,0.08766752414396459,0.06963059077519015,0.5660854729558112
0.6787269320338964,0.0249489676207304,0.0005314466830537937,0.5400039891389615,0.1411336498447267,0.10154051523240139,0.5400039891389615
0.6803152039647102,0.010131430812180042,0.0005313656143632664,0.5427425551808989,0.142915467168816,0.10768628563072238,0.5427425551808989
0.680156921967864,0.017129797488451004,0.0005310432719622478,0.542665662279375,0.1426315858332406,0.10713137690219288,0.542665662279375
0.6797638610005379,0.02539608906954527,0.0005310337058054412,0.5421370503142638,0.14214084732277807,0.1056585497587703,0.5421370503142638
0.6795728970319033,0.029766333289444447,0.0005307124346796011,0.5418937026131961,0.14186399511126965,0.10494521085303872,0.5418937026131961
0.6784194763749838,0.025683529675006866,0.0005306215937330948,0.539408191513438,0.1407100118612399,0.10034352825562372,0.539408191513438
0.677629740908742,0.003244508057832718,0.0005301648471905674,0.5370422741873075,0.14021652279965166,0.09707760869417507,0.5370422741873075
0.7188323549926281,0.24284649919718504,0.0005300428445002337,0.5925427340784766,0.08579541905003416,0.09335533228694458,0.5925427340784766
0.6796509465202689,0.03299132641404867,0.0005300226668077268,0.5421663334022991,0.14183436901549057,0.1052896189183454,0.5421663334022991
0.6777460630983114,0.009835286065936089,0.0005299961423970993,0.5375199688718584,0.14018357852685023,0.09757174783189564,0.5375199688718584
0.6802932340651751,0.02196242567151785,0.000529681043928354,0.5431166730481396,0.1425632965906569,0.10773464030161038,0.5431166730481396
0.7203042125329375,0.16808475274592638,0.0005296601549318625,0.5806301748912686,0.08708925647706887,0.08445427982609012,0.5806301748912686
0.6787860197946429,0.03735092654824257,0.0005295743320395439,0.5405483588354889,0.14083690201944152,0.10189708262006805,0.5405483588354889
0.7194309392943978,0.21020937617868185,0.0005295641316005754,0.5872625348577373,0.08646783805883423,0.09133622281989744,0.5872625348577373
0.6779531054198742,0.02167116478085518,0.0005294727619625945,0.5383387890922607,0.1401400692961,0.09848933244456827,0.5383387890922607
0.6797012584283948,0.0368118891492486,0.0005292650593468233,0.5424047579922631,0.14176469598009275,0.1055261215011923,0.5424047579922631
0.6792960176244378,0.0412728413939476,0.0005291324779450523,0.5417294789495096,0.14128338303781415,0.10394727023580956,0.5417294789495096
0.6807371005415916,0.009395907633006573,0.0005290849275164099,0.5435961369423681,0.14309124870416345,0.10936549345376466,0.5435961369423681
0.7117718830704689,0.04860264528542757,0.0005290366646470846,0.6622798962343489,0.07207539281573044,0.13217739372214898,0.6622798962343489
0.7252311818301678,0.10742331109941006,0.0005289338954403695,0.5422019460934648,0.08257850792308398,0.0516869853660089,0.5422019460934648
0.6780638117343187,0.029037008993327618,0.0005288677932138297,0.5388063483328331,0.1400849200546091,0.09899619634399862,0.5388063483328331
0.6783600999042392,0.03710797615349293,0.0005286708278704746,0.5396773493841978,0.14028178734136001,0.10022418989514578,0.5396773493841978
0.6791864084079862,0.044632996432483196,0.0005286423076536879,0.5416262945776961,0.14107933073712342,0.10353466804507179,0.5416262945776961
0.7182754362002015,0.26716632675379515,0.0005283863561489573,0.5970455857162579,0.08504986767565967,0.09567639925704216,0.5970455857162579
0.7175537645816803,0.29107949510216713,0.0005280217555253559,0.6028807060875999,0.08411819557764305,0.09880547554753871,0.6028807060875999
0.6789813479408622,0.04842734429985285,0.0005280186972990417,0.541345484618325,0.14075278433367,0.10274331937321177,0.541345484618325
0.7290466651320457,0.12411662936210632,0.0005279521100852228,0.5097518281556148,0.07266670941813298,0.050344259466680565,0.5097518281556148
0.677985250018537,0.033235699869692326,0.0005278947971194666,0.5387906107482039,0.13983178274411157,0.09873384100391303,0.5387906107482039
0.6785089569166303,0.045367089100182056,0.0005277915879407375,0.5402707924580421,0.1402492765402374,0.10086631139870848,0.5402707924580421
0.7268022671341896,0.11175328399986029,0.0005276365942684443,0.5288944054364333,0.07813457617241762,0.049241629119365346,0.5288944054364333
0.718163919635117,0.27186257392168045,0.0005276014386287535,0.5979211803884015,0.084897253665211,0.09613479781755357,0.5979211803884015
0.7279537878930569,0.1155726257711649,0.0005275936199345094,0.5191099950383755,0.07463390500557512,0.04938191340511013,0.5191099950383755
0.6786548485979438,0.04915619548410177,0.0005275227955244397,0.5407056640783122,0.1403369074395119,0.10145922440198996,0.5407056640783122
0.6772903315722942,0.00864244531840086,0.000527428616535701,0.5365747364144486,0.1394117282423278,0.0958329459811567,0.5365747364144486
0.712342525832355,0.1718237828463316,0.0005272526990402631,0.6595484912077622,0.07210899388491994,0.12782320180871673,0.6595484912077622
0.6793333096429706,0.053107621148228645,0.000527234620255354,0.5422453494143586,0.14099621909484208,0.1041587190366588,0.5422453494143586
0.6811377909034491,0.00202946737408638,0.0005272243877963112,0.5441433578130312,0.14338851931684107,0.11090398809175235,0.5441433578130312
0.7158323097974062,0.3237964101135731,0.0005270485962264237,0.6177293234166354,0.08226833380099055,0.10630771885337605,0.6177293234166354
0.7146300664171576,0.3234881265088916,0.0005269283999043275,0.6295939981502122,0.08087709533007162,0.11198990911746586,0.6295939981502122
0.6774363275617361,0.020489291287958622,0.0005268752685592923,0.5372709697474221,0.1392880598177685,0.09650149876851767,0.5372709697474221
0.6802113940939307,0.04082578141242266,0.0005268130868204287,0.5436098985611413,0.14198729163425955,0.10759976854944288,0.5436098985611413
0.7185929538682103,0.2560946773737669,0.0005267945612530432,0.5944231658774661,0.08545908997607031,0.09426287445488402,0.5944231658774661
0.6806097142398357,0.029259778559207916,0.0005266945137702568,0.5440316749845548,0.14248668285554433,0.10908716689819865,0.5440316749845548
0.6788707980886102,0.05675470642745495,0.0005266921187034226,0.5414337601854156,0.1404015426816562,0.10233575533099876,0.5414337601854156
0.680821942165494,0.02123119030147791,0.0005266708222781242,0.544199441428423,0.14277470750636737,0.10984203376679057,0.544199441428423
0.7118853311985731,0.08693633880466223,0.0005266395047022292,0.6648935705023368,0.07076006432808964,0.12782651441217496,0.6648935705023368
0.6801016582176089,0.04513960890471935,0.0005265612702066384,0.5435399497088657,0.14180716238922494,0.1071894978518612,0.5435399497088657
0.6779128471389413,0.040541140362620354,0.0005264587897493142,0.5388967361563658,0.13949349861418447,0.09851604107684661,0.5388967361563658
0.6776078417897224,0.030701441690325737,0.0005264130642893997,0.5379509624338842,0.13927236435847004,0.09726059567222774,0.5379509624338842
0.680018768645823,0.04893359914422035,0.0005262668535165041,0.543509680435867,0.14165435387599362,0.10687795470754856,0.543509680435867
0.6805662969127297,0.033466996625065804,0.000526211130109514,0.5440886511928357,0.1423526293611053,0.10895749393291149,0.5440886511928357
0.7129527926445007,0.25816134363412857,0.000526075042829933,0.6499930947489762,0.0762816462757505,0.12307915380968737,0.6499930947489762
0.7216793354600668,0.06271200440824032,0.0005259774412316883,0.5657996312799488,0.08839954723993312,0.07934631242965516,0.5657996312799488
0.6771788075566292,0.014826662838459015,0.0005259348364641121,0.5365712514414236,0.13898532931931787,0.09547198861256025,0.5365712514414236
0.6794897960498929,0.060466048307716846,0.0005259283640267224,0.5428576906772904,0.14095219904136624,0.10479521544228504,0.5428576906772904
0.677525688894093,0.03199518099427223,0.0005257555066408949,0.5378306497388489,0.13908365017031746,0.09696018694954509,0.5378306497388489
0.6783380666747689,0.05650746077299118,0.0005256976885218944,0.5403365276400998,0.13970306891842543,0.10024430387022695,0.5403365276400998
0.6812512148171663,0.005749396048486233,0.0005256676927694456,0.5445381080986739,0.1432759591462637,0.11138391339843323,0.5445381080986739
0.7244197744876146,0.10472336411476135,0.0005255864680803019,0.5486907096214396,0.08444067523494865,0.054445105072206526,0.5486907096214396
0.6799082448706031,0.05621602665632963,0.0005255143126254491,0.5435607616406523,0.14139107387812808,0.1064600166429527,0.5435607616406523
0.6794268703088164,0.06495045311748981,0.0005253596447997331,0.5429094314356133,0.1407834001297375,0.10454294086949742,0.5429094314356133
0.6790710864588618,0.06783090624958277,0.0005251753174675876,0.542291024025826,0.1403519939141934,0.10312650617791039,0.542291024025826
0.7115561915561557,0.005846396088600159,0.0005251439783822107,0.6634026844154548,0.07249197515477399,0.12869627488532862,0.6634026844154548
0.7216224139556289,0.011136990040540695,0.0005250874940638362,0.5677237694165116,0.08698403673862233,0.07536881288612812,0.5677237694165116
0.715153818950057,0.32778383884578943,0.0005248082296455994,0.6241336726891986,0.08155375291694061,0.10932265481041575,0.6241336726891986
0.6770786363631487,0.01860065944492817,0.0005247619731446814,0.5365003339174627,0.13865969528615144,0.09513649682322996,0.5365003339174627
0.6782055692747235,0.06070804130285978,0.0005246918379283141,0.5402288490327055,0.13939557606884614,0.0997347201524247,0.5402288490327055
0.6786260632798076,0.06905185338109732,0.0005245895162906601,0.5414244200960378,0.13978303226598057,0.10137014419613648,0.5414244200960378
0.7178908865898848,0.2835516007617116,0.00052448181596625,0.6000183092183966,0.0845192031371911,0.09721907448644139,0.6000183092183966
0.68093266710639,0.029505593702197075,0.0005244012590938759,0.5447214983419594,0.14256546422046207,0.11038321063385356,0.5447214983419594
0.6778128100559115,0.05237257853150368,0.0005242619003314806,0.5391192006344188,0.13898453249838652,0.09819738055626083,0.5391192006344188
0.679522150196135,0.07132447976619005,0.0005242149517716258,0.5433784550824838,0.14071391127980523,0.1049061254572179,0.5433784550824838
0.6767629142850637,0.004538289271295071,0.0005240789678730649,0.5353852996766915,0.13849888735068444,0.09384159711337794,0.5353852996766915
0.6803706185892224,0.05266020353883505,0.0005240351172215078,0.5443916526291854,0.14174962734213595,0.10830177882300533,0.5443916526291854
0.7198787545785308,0.18384126853197813,0.000523918342249857,0.5830219273175077,0.08633047618728174,0.08980222692455847,0.5830219273175077
0.7206741506233811,0.1636562217026949,0.0005238562728774363,0.5778992165936725,0.08739595148567486,0.08088735100669803,0.5778992165936725
0.7128593660891056,0.2510822881013155,0.0005236948756741473,0.6512376396715568,0.07582875547035095,0.12384831642893847,0.6512376396715568
0.6788993449881673,0.0771422516554594,0.0005235414783361844,0.5423402182212524,0.1399246633474335,0.10241500923182296,0.5423402182212524
0.6809767195954919,0.03273719921708107,0.0005234664068670007,0.5449292231335978,0.14248276374884378,0.11059407949902612,0.5449292231335978
0.7184824673458934,0.2633923450484872,0.0005234492365102951,0.5952193061348453,0.085289213034746,0.09463232804907651,0.5952193061348453
0.6773920310661197,0.042268033139407635,0.0005234383987379044,0.5379148017560041,0.13851717653257242,0.09653767102012437,0.5379148017560041
0.7163464352488518,0.3202417865395546,0.0005234039204471794,0.6129190202649683,0.08276110632464695,0.10389582825893541,0.6129190202649683
0.6769831292331219,0.023952883668243885,0.0005233640858139371,0.5364883378473317,0.13828623305416293,0.0948373580248438,0.5364883378473317
0.679986429400742,0.0693059153854847,0.0005232150742922549,0.5442654387506523,0.14111974914646047,0.10676398880867005,0.5442654387506523
0.72274374589324,0.09713550750166178,0.0005231352955753265,0.5613005284285044,0.08710455582565708,0.06464687443618237,0.5613005284285044
0.7217905092984438,0.08239271212369204,0.0005231233076773383,0.5664003539135153,0.08807770639628819,0.0760049152436224,0.5664003539135153
0.7200047904625535,0.17948897555470467,0.0005227896181820627,0.5820794940529175,0.08649225353433092,0.08867724697066404,0.5820794940529175
0.679814669303596,0.07563481759279966,0.0005227029910443094,0.5441845011089858,0.14084516103462494,0.10605238337395455,0.5441845011089858
0.677684991620481,0.05945560149848461,0.0005226547754167912,0.5391266762140112,0.1385685274335632,0.09772529273395288,0.5391266762140112
0.6782485665753484,0.07543397694826126,0.0005226445710928302,0.5409232302452069,0.13908948429770562,0.09987490681011542,0.5409232302452069
0.6781122470274568,0.07303513120859861,0.0005225936458755766,0.5405403858609169,0.1389392664809939,0.09935518725097725,0.5405403858609169
0.6787534570321441,0.08092053607106209,0.0005225459692464174,0.54221237603128,0.1396455930366126,0.10182318942083092,0.54221237603128
0.6777802174910903,0.06373094394803047,0.000522544334221884,0.539484482749003,0.1386238674267797,0.09809262489776968,0.539484482749003
0.7130510006099939,0.26999579556286335,0.0005225126181174222,0.6483954215667674,0.07684024441807008,0.12197178857978384,0.6483954215667674
0.6809043427929282,0.04107206594198942,0.0005225119811044693,0.545078775608724,0.14223827682003026,0.11037843503105285,0.545078775608724
0.6803420865908265,0.06353392358869314,0.0005224780622324676,0.5447709669924641,0.14146236401648093,0.10819886765364466,0.5447709669924641
0.6784536307677627,0.07920892722904682,0.0005224446730324655,0.5415139198505293,0.13929136603451656,0.10065690835789673,0.5415139198505293
0.6788452556356788,0.1487733656540513,0.0005223924809038134,0.5466820194609894,0.13850088030828864,0.09984675528857406,0.5466820194609894
0.7224763911217451,0.1495865536853671,0.000522293465663555,0.5649021712289841,0.08748308478753693,0.06471350696662237,0.5649021712289841
0.7132058078423142,0.2815007334575057,0.0005222755390273149,0.6462324932666845,0.07751075958306022,0.12065153450584713,0.6462324932666845
0.681288443505764,0.025152665562927723,0.0005221806348522577,0.5453248765251754,0.14272475395707623,0.11175485979638622,0.5453248765251754
0.6806820975616574,0.0529041001573205,0.0005220889089477087,0.545059957716492,0.14186520518030427,0.10955052100557061,0.545059957716492
0.6814447548240423,0.017862455919384956,0.0005219582861444333,0.5454032275815858,0.14292468397717015,0.11228745196852674,0.5454032275815858
0.6797907436266541,0.0794125059619546,0.0005219414249686459,0.5443089938712133,0.14073023200141363,0.1059377459133474,0.5443089938712133
0.6766126975417137,0.012627733871340752,0.0005219396396697226,0.5353813575753499,0.13787619062106787,0.09335662455199739,0.5353813575753499
0.6805271161720157,0.06094207614660263,0.0005218107774374121,0.5450554251639584,0.14160714062145371,0.1089413087345021,0.5450554251639584
0.6766498554497957,0.016406971961259842,0.0005217891180292342,0.5355823581236673,0.13782639047521505,0.09352922247327083,0.5355823581236673
0.7141617136076093,0.3195658838376403,0.0005217878538069463,0.6344477558191391,0.08013166862120315,0.11426705248811096,0.6344477558191391
0.6772223012521863,0.04747703857719898,0.0005216238909187298,0.5377590300586013,0.13803039603840905,0.0959287023615375,0.5377590300586013
0.6798820504918694,0.15218111500144005,0.0005215324612505102,0.5487349437184573,0.13959492610856797,0.10417186039952749,0.5487349437184573
0.6773530105128884,0.054119021631777287,0.0005215230739318634,0.5382598291115093,0.13809658134969166,0.09645012381060558,0.5382598291115093
0.6764793302863836,0.007222638465464115,0.0005214544274755556,0.5349289990964772,0.13777219939211333,0.092825874499667,0.5349289990964772
0.6783012887462974,0.15195077564567327,0.0005213572380437281,0.5452410624124987,0.13789912838968196,0.0980658216884278,0.5452410624124987
0.6796221910044551,0.08317562099546194,0.0005213282765403467,0.5441338538936271,0.14049092265098934,0.10524873196482018,0.5441338538936271
0.6776562659069896,0.07032172195613384,0.0005210197224147177,0.5394988145334783,0.13823604607968729,0.09760920129285602,0.5394988145334783
0.6817069575190544,0.006992237642407417,0.000520977534811398,0.5455601539364273,0.14320178425727073,0.11320726279234074,0.5455601539364273
0.6816058419644833,0.014069505035877228,0.0005209385454282201,0.5456120714956225,0.1430147539824576,0.11288191430323495,0.5456120714956225
0.6769277909770608,0.03828597720712423,0.0005209104641470626,0.5368548626659068,0.1377039523337645,0.0947666764970729,0.5368548626659068
0.6794698489829898,0.1559415403753519,0.000520873903667661,0.5475358382532867,0.13935264893141874,0.10294921234113769,0.5475358382532867
0.6770153930410743,0.04369889944791794,0.0005207602555320473,0.53721444318825,0.13772058152094915,0.09513145563813913,0.53721444318825
0.678166757337749,0.15277033671736717,0.0005207399532941552,0.5448869616212112,0.13772181377063097,0.09763475668737032,0.5448869616212112
0.6795098539441824,0.15635789930820465,0.0005205711660673062,0.5475968633550162,0.1393932254990267,0.10314544097629558,0.5475968633550162
0.6790931159630418,0.0872488422319293,0.0005204577910403764,0.5432279608695864,0.1398481807935057,0.10313738303297998,0.5432279608695864
0.6804373627528548,0.07276961952447891,0.0005204259728130948,0.5453745515938332,0.1412823487520394,0.10855220371942842,0.5453745515938332
0.6780749587342143,0.08488102350383997,0.0005197555944288951,0.5410057949083972,0.1385571724706809,0.09916009838063845,0.5410057949083972
0.7277686959132552,0.1336823720484972,0.000519598011393922,0.5200619557987453,0.0766951342817832,0.04818690548470834,0.5200619557987453
0.6793593661859632,0.14466935861855745,0.0005195111700384731,0.5481413810581784,0.13880511573168047,0.10150574323646662,0.5481413810581784
0.6807716125622392,0.06524647865444422,0.0005194768294963595,0.5457575396224036,0.14158364652276695,0.10991487480293861,0.5457575396224036
0.67854128126055,0.08846740145236254,0.0005194751373298202,0.5421465371844765,0.13912411802495836,0.10096378463793171,0.5421465371844765
0.6772634508088231,0.06595416460186243,0.0005193907360012706,0.5385293125345054,0.13760064480187026,0.09612640723469758,0.5385293125345054
0.6803962988778949,0.14810708165168762,0.0005193804283470051,0.5502297724325117,0.1397314930270213,0.10577781571998787,0.5502297724325117
0.6813514577224851,0.03754789289087057,0.0005192754274364761,0.5459019247283091,0.14238029100506144,0.11213818587932788,0.5459019247283091
0.7270950591191649,0.13588321581482887,0.0005190608759618197,0.5257840272911414,0.07878214601909182,0.048267284982755565,0.5257840272911414
0.6778500424697995,0.14833361189812422,0.0005190497578095273,0.5445326455352791,0.13703762705390776,0.09602808924511062,0.5445326455352791
0.6790017941966653,0.14436001144349575,0.0005189968785303542,0.5473657551565689,0.1384082285270282,0.10010952586098361,0.5473657551565689
0.7152521423995495,0.3315587742254138,0.0005189348614720783,0.622890554506545,0.0816641729637707,0.10860739277788921,0.622890554506545
0.6760987509042025,0.0005587209016084671,0.0005188775391968343,0.5339332742528743,0.13713518496432225,0.09142131438507944,0.5339332742528743
0.6805067704990506,0.15247520711272955,0.0005186482840260012,0.5501318409918168,0.1399297833106504,0.1066244268575119,0.5501318409918168
0.7131538428366184,0.28119970578700304,0.0005184566861550379,0.6467370025058002,0.0773696546362888,0.12085912148111469,0.6467370025058002
0.6771289194002748,0.06688817031681538,0.0005184027245371225,0.5382956261972146,0.13730261801929827,0.09562022790877064,0.5382956261972146
0.677557953633368,0.08215664699673653,0.0005183094414251513,0.5398194567688556,0.1377444036699634,0.09718824293212326,0.5398194567688556
0.7193798832595348,0.22748677153140306,0.0005182624402225881,0.5876340917610405,0.08640821868891135,0.09082333912746801,0.5876340917610405
0.6767127057537436,0.04638516716659069,0.0005181522258397269,0.5367066387370386,0.13698093789458501,0.09402636192446939,0.5367066387370386
0.6777107724919915,0.15492250863462687,0.0005180679031442455,0.5437465582147908,0.13702453269027826,0.09612640573972851,0.5437465582147908
0.6810748679563403,0.060208944603800774,0.0005178602650976532,0.546194529794273,0.14176869054049018,0.11113321415112089,0.546194529794273
0.7116677388548851,0.14847612101584673,0.0005177974406074108,0.6734182219068685,0.06842913458638301,0.11733407880951839,0.6734182219068685
0.6763180755078793,0.026641528122127056,0.0005177032912151061,0.5352654969619859,0.13670556221941907,0.09243004553874772,0.5352654969619859
0.7127067688852549,0.23924620635807514,0.0005176640398376832,0.6532198035632655,0.07504800809160536,0.12510130312717305,0.6532198035632655
0.676844741217792,0.05770405847579241,0.0005176229066548933,0.5373753769483347,0.1369434800026684,0.09455760617329707,0.5373753769483347
0.7218295857310295,0.0707872649654746,0.0005175927937870109,0.5647355312776388,0.08821727169085357,0.07798723360403109,0.5647355312776388
0.7195951333269477,0.2156151458621025,0.0005173194502603225,0.5856747322587957,0.08662828161362357,0.09014407977041522,0.5856747322587957
0.6819007359445095,0.016118458472192287,0.0005173033164684375,0.5463206846445086,0.14289842198425423,0.11407694087775515,0.5463206846445086
0.7153884544968605,0.3324701264500618,0.0005172195077468593,0.621484244065349,0.08180650415753256,0.10790373419827232,0.621484244065349
0.6792065473273396,0.09241072088479996,0.0005172159926260157,0.5437390623664333,0.1397483920458424,0.10358705409535997,0.5437390623664333
0.6782341469079256,0.16032244730740786,0.0005172130658721236,0.5445570177858519,0.137946924505247,0.09860974383399276,0.5445570177858519
0.6812074920162559,0.05694678146392107,0.0005172071187621978,0.5463447986840572,0.1418631696157091,0.11166143591264185,0.5463447986840572
0.7172503769397736,0.306938948109746,0.0005171631119336562,0.6049582711224264,0.08368193935626075,0.09974149402433026,0.6049582711224264
0.6781264450401068,0.1600216832011938,0.0005170553193383931,0.5443393956300069,0.1377817276415529,0.09817351058536042,0.5443393956300069
0.6798272095620632,0.16054617427289486,0.0005170267186790067,0.5480485117330418,0.1396773854495741,0.10477787668571452,0.5480485117330418
0.6801303988322616,0.08872444741427898,0.0005170185305441098,0.545488814668225,0.14066085158969058,0.10725739741659047,0.545488814668225
0.6760108731687069,0.010838997550308704,0.0005169260903188676,0.5341402394424807,0.13651382474230528,0.09117917710486637,0.5341402394424807
0.6763730952516198,0.03608894441276789,0.0005168565933795237,0.5356841266892224,0.13651862790709104,0.09271576700845273,0.5356841266892224
0.7192177195101976,0.23745666816830635,0.0005167110393086648,0.5889958908846512,0.08620082178025373,0.09137127011617849,0.5889958908846512
0.677666898816824,0.15731589775532484,0.0005167037316032196,0.5434995803847484,0.13698930694397116,0.09619166163140604,0.5434995803847484
0.6818052101880312,0.02640647441148758,0.0005165762870736531,0.546477555739014,0.1426380541666905,0.11382772595183367,0.546477555739014
0.7220861315727234,0.0421993974596262,0.0005165458645750835,0.5614227649049152,0.08846472559512936,0.07726158580847789,0.5614227649049152
0.6765686618164182,0.050159964710474014,0.0005165109156336606,0.5365531991967039,0.13653671422316038,0.09351744396739688,0.5365531991967039
0.681500325910747,0.044898562133312225,0.0005164182913549232,0.5464976925586016,0.14217492148087388,0.11278658150251691,0.5464976925586016
0.6761836633086205,0.028018034994602203,0.0005163506503945989,0.5350459075547406,0.13632977549141453,0.09196150753043213,0.5350459075547406
0.677941364236176,0.09118692390620708,0.0005162598474884001,0.5410628925343971,0.13809986230339816,0.0986268375783323,0.5410628925343971
0.6762652741745114,0.03419363684952259,0.0005162054965282474,0.5354086978389536,0.13632021255740367,0.09231117687584665,0.5354086978389536
0.7219228781759739,0.0592039218172431,0.0005160636793962067,0.5632684307362719,0.08832170566879398,0.07824516352082266,0.5632684307362719
0.6789118368178606,0.1639838395640254,0.0005159775927644279,0.5458605287967917,0.13885474064009207,0.10151955802848249,0.5458605287967917
0.716802166774869,0.317530226893723,0.0005159495670971138,0.6086573449969301,0.08318262259903154,0.10163161816785946,0.6086573449969301
0.7195208687335253,0.2221426535397768,0.0005159143621660621,0.586347341045877,0.08655590673193232,0.09025745913894688,0.586347341045877
0.6806596042588353,0.08462016470730305,0.0005158679931094656,0.5464141628643343,0.14104858265097595,0.10937699011177075,0.5464141628643343
0.7203871579840779,0.17210718151181936,0.0005158124969458852,0.5791582889633642,0.08699115273391195,0.08518631002159274,0.5791582889633642
0.6811036383733153,0.07155202142894268,0.0005157237523611551,0.5467497780462904,0.14149678238437746,0.1112191414305534,0.5467497780462904
0.6815242478623986,0.048688264563679695,0.0005154845096305976,0.5466963489539285,0.14207265452094744,0.1129018679255988,0.5466963489539285
0.7219878826290369,0.0537906289100647,0.0005153291623643925,0.5624924924827098,0.08836010850075345,0.07799760267774807,0.5624924924827098
0.68071901332587,0.14493397437036037,0.0005152820685682543,0.5512202571763367,0.13966232112100443,0.10677679238228804,0.5512202571763367
0.6821228470653296,0.01234410423785448,0.0005151939345700052,0.546663627746903,0.14293129980134575,0.11490894149765406,0.546663627746903
0.6792848706245422,0.09480095095932484,0.0005150123809941412,0.5440389988036552,0.1396939299587554,0.10390919291810574,0.5440389988036552
0.6802439419552684,0.09099478740245104,0.0005149568432564262,0.5458497588938223,0.14062554123922896,0.10771299357399183,0.5458497588938223
0.7197462329640985,0.20752644632011652,0.0005148913124575591,0.5841994927716262,0.08670940078588407,0.08975712248638881,0.5841994927716262
0.6804251000285149,0.1597332851961255,0.0005148621427072672,0.5494382346824924,0.13999922800179787,0.10703137019661718,0.5494382346824924
0.6769562484696507,0.08187853451818228,0.0005147363577000182,0.5385879580337705,0.13653950428539993,0.09492592691712123,0.5385879580337705
0.6768122082576156,0.07808403391391039,0.0005145299982636189,0.5381249034367749,0.13632756993227388,0.09441008598452479,0.5381249034367749
0.6763968570157886,0.055504645220935345,0.0005144176653650458,0.5364028233153408,0.13596998492432064,0.09291233814312792,0.5364028233153408
0.6771051613613963,0.08629179745912552,0.0005143906555188715,0.5391038485480548,0.13671900486864677,0.09546034935345413,0.5391038485480548
0.6811701217666268,0.1485201958566904,0.0005142316601305173,0.5519883104127737,0.1399386138652479,0.1088014004718115,0.5519883104127737
0.6766009563580155,0.07006319239735603,0.0005141825767733488,0.5373627969548557,0.13605508778516107,0.09366078404704285,0.5373627969548557
0.6809444101527333,0.08339827135205269,0.0005141475637347869,0.5469686673027083,0.1411608784992371,0.11051731178706788,0.5469686673027083
0.7221568198874593,0.020039483904838562,0.0005141029494104038,0.5616111735979559,0.0880320683537179,0.07438724896973717,0.5616111735979559
0.7212721621617675,0.1588497944176197,0.0005140465223925499,0.5732649228311063,0.08766925305269824,0.07564837414825308,0.5732649228311063
0.6773332795128226,0.1456874366849661,0.0005140111615469321,0.5436192024739505,0.13592187653326077,0.09389268039174622,0.5436192024739505
0.6818722924217582,0.03586253710091114,0.0005139578043914956,0.54696211436024,0.14236032036149282,0.11419666260029264,0.54696211436024
0.6822344828397036,0.011065585538744926,0.0005139507610426423,0.546858152985635,0.14292234385323063,0.11533406945116953,0.546858152985635
0.6758059170097113,0.022689185105264187,0.0005136376282565255,0.5341316835002143,0.1355495419837934,0.09057369062928358,0.5341316835002143
0.6812400696799159,0.07685766834765673,0.0005133959052198698,0.5472924836965235,0.14137714940197124,0.1117328581526642,0.5472924836965235
0.6768649267032743,0.14973130263388157,0.000513385131580637,0.5422994048692819,0.13518283485094892,0.09251491497245179,0.5422994048692819
0.6755582196637988,0.004351116716861725,0.0005133824319205193,0.5330238222996055,0.1355843186649941,0.08955614548172951,0.5330238222996055
0.7138466285541654,0.31737028155475855,0.0005132791833262008,0.6376444804994018,0.07955381783180901,0.11569835825350912,0.6376444804994018
0.6757805058732629,0.023766206577420235,0.0005132646038641761,0.534116600502206,0.13544305124975875,0.09049582831623965,0.534116600502206
0.6794372275471687,0.16756962146610022,0.0005132365064664209,0.5468821702686391,0.13938865992431107,0.10382390848833471,0.5468821702686391
0.6790604703128338,0.16833673045039177,0.0005131728448104598,0.5460325780697289,0.1390253625535878,0.1024128043752625,0.5460325780697289
0.6810357170179486,0.1561375493183732,0.0005129915716870699,0.5510685618387489,0.14012311174531658,0.10904921127348863,0.5510685618387489
0.677771769464016,0.16439697984606028,0.0005128801743550071,0.5433742259447942,0.13723451062568126,0.09720007523094806,0.5433742259447942
0.6816672729328275,0.05528097599744797,0.0005127706997153397,0.5472703013702231,0.14188578769782648,0.11349191641541179,0.5472703013702231
0.6764904772862792,0.07442359160631895,0.0005127023968346062,0.5373205465936005,0.13567784342443726,0.09324584531009232,0.5373205465936005
0.6774856215342879,0.09342874120920897,0.000512661662368314,0.5402681774600869,0.13717590839576707,0.09687553348421438,0.5402681774600869
0.721955319866538,0.06637339293956757,0.000512601484502793,0.5632292165578869,0.08820565584030034,0.07774794710694774,0.5632292165578869
0.6803524699062109,0.16416181065142155,0.000512071743868968,0.5490459344452079,0.139983005951777,0.10713734167167813,0.5490459344452079
0.6811178103089333,0.15656255465000868,0.0005120026246375633,0.5512272838453315,0.14013542926856892,0.10941036037173583,0.5512272838453315
0.6774037722498178,0.09384396765381098,0.0005119096963883314,0.5401283111932623,0.13699606780191817,0.09656333594301961,0.5401283111932623
0.6791628850623965,0.14057030901312828,0.0005118542789267207,0.5479648486709429,0.13821171865857745,0.10056948467237538,0.5479648486709429
0.7256647609174252,0.10717988014221191,0.0005118273643857578,0.537631297049459,0.08155763805687499,0.050524936751837134,0.537631297049459
0.6758495671674609,0.039584157057106495,0.000511777577350484,0.5347683363124093,0.1350740514404478,0.09087850767642368,0.5347683363124093
0.6800386151298881,0.14098468702286482,0.0005117582184514485,0.5499089168843526,0.13900208229485278,0.10396531690704502,0.5499089168843526
0.6813229555264115,0.08063297625631094,0.0005116000212550063,0.5476556590315697,0.14127953214301808,0.1120386060818158,0.5476556590315697
0.6822583004832268,0.02291278913617134,0.0005115562428673108,0.5473377228748335,0.14258622048706415,0.11557623299698826,0.5473377228748335
0.6778635531663895,0.09650969877839088,0.0005114965463656006,0.5412290983272103,0.13766883046556136,0.09832870503652984,0.5412290983272103
0.6786941001191735,0.14070099592208862,0.0005114531221360314,0.5469232313576137,0.1376711166586124,0.09876912634952852,0.5469232313576137
0.7289388440549374,0.11810025852173567,0.0005113400315666069,0.5100351146675282,0.07239345797682953,0.049349373727188575,0.5100351146675282
0.6816175850108266,0.06759955175220966,0.0005112598923342812,0.5476881954210152,0.14158935536747896,0.11328222660329233,0.5476881954210152
0.7293536690995097,0.12660523504018784,0.0005111885131363636,0.5063875377066156,0.07279686738627912,0.04947514354778772,0.5063875377066156
0.6754551278427243,0.015623233281075954,0.0005111651112935005,0.5332143674048456,0.13485499959004874,0.08929364130634816,0.5332143674048456
0.7148351268842816,0.33533783350139856,0.0005111452313933741,0.626694300279976,0.08119400280522279,0.11024666307769736,0.626694300279976
0.6786347888410091,0.17151079513132572,0.0005111258243723039,0.5450306388092734,0.1385331054693108,0.10096228992097929,0.5450306388092734
0.6759478757157922,0.05142990406602621,0.0005110910809071371,0.5353671547133901,0.13495308602265593,0.09129274452548308,0.5353671547133901
0.6825739108026028,0.0008537927642464638,0.0005109689034149781,0.547178560083032,0.14305942562440033,0.11657448925927993,0.547178560083032
0.6790843959897757,0.1721296813338995,0.0005109491997037412,0.5459971263220593,0.13905090848318202,0.10273336346838499,0.5459971263220593
0.6819598684087396,0.04608991462737322,0.0005109311221309245,0.5475394450720517,0.14205961766506714,0.11462045935888711,0.5475394450720517
0.7218336993828416,0.0030998187139630318,0.0005107599760146503,0.5662398863261463,0.084703217546601,0.07325782681052029,0.5662398863261463
0.6760431071743369,0.061649762094020844,0.0005106452265566528,0.5359243499279526,0.13490087982248414,0.09165567066604623,0.5359243499279526
0.6762835653498769,0.0782128432765603,0.0005104180046448122,0.5370684514444601,0.135066747476193,0.09248271456944646,0.5370684514444601
0.6756909154355526,0.03896047919988632,0.0005104056266682022,0.5344349749442564,0.13466489417220107,0.09032029409515786,0.5344349749442564
0.6784824319183826,0.09877145942300558,0.0005104000275077111,0.5426410132452919,0.13845296911940475,0.10075738222086608,0.5426410132452919
0.7148590702563524,0.33599548414349556,0.0005103462133552597,0.626409767201815,0.08122437675937741,0.11009337106538718,0.626409767201815
0.6764363842085004,0.15095463022589684,0.0005102217993454719,0.5412912967950003,0.13424312858666707,0.09109013966270302,0.5412912967950003
0.6801996510475874,0.09630904253572226,0.0005101986060367803,0.5460501519049987,0.14029449683816828,0.10757499819352472,0.5460501519049987
0.6766840098425746,0.08946253173053265,0.000510178594148683,0.5384225597197251,0.13567269151781372,0.09388291095795016,0.5384225597197251
0.6759763630107045,0.06278058048337698,0.0005099226724413933,0.535833675134631,0.13469282576433478,0.09142006680637739,0.535833675134631
0.6761329052969813,0.0739845409989357,0.0005098339515976924,0.5365859133250125,0.13479676401139096,0.09195983080446818,0.5365859133250125
0.6753569385036826,0.019398641772568226,0.0005097837813066822,0.533145321971615,0.1344331930750454,0.0889964301133711,0.533145321971615
0.677196959964931,0.1434030281379819,0.0005097820595683703,0.5434992474704952,0.13545142620513506,0.09324279589002082,0.5434992474704952
0.6808107970282435,0.09270210098475218,0.0005097627759716385,0.5471576787866786,0.14075878928091773,0.10998225032367895,0.5471576787866786
0.7222262658178806,0.04370679799467325,0.0005097546281589971,0.5600361635649245,0.08832707122927735,0.07663515410170373,0.5600361635649245
0.721133935265243,0.1614939784631133,0.0005096004323535671,0.5738834115405188,0.08760937618991946,0.07761510330108096,0.5738834115405188
0.7200332330539823,0.1905839778482914,0.0005094435832172361,0.5813128055803097,0.08651259594126304,0.08911829458519549,0.5813128055803097
0.719968537800014,0.19593581091612577,0.0005094405624226561,0.5819392535860657,0.08662928672060946,0.08925931290557798,0.5819392535860657
0.6820448441430926,0.04986769612878561,0.0005091561624117266,0.5478740682701669,0.14193387675074243,0.1149746761409848,0.5478740682701669
0.6816869033500552,0.151239394210279,0.0005090797037321381,0.5529737519106958,0.13999789127097403,0.11104861980208815,0.5529737519106958
0.6785519029945135,0.17530135810375214,0.0005090545604359268,0.5447970030578965,0.13842918452638112,0.10083339181193206,0.5447970030578965
0.6799758244305849,0.1718030059710145,0.0005090007715181595,0.5479653652181292,0.13978298211813425,0.10618710771805324,0.5479653652181292
0.7173582054674625,0.3102764496579766,0.0005088526978350885,0.6037418373399432,0.08374670056494458,0.09897400507503523,0.6037418373399432
0.6772509384900331,0.16661257669329643,0.0005088304257777949,0.5421827624029354,0.13628629790614588,0.0954205537317485,0.5421827624029354
0.6752510173246264,0.01969177834689617,0.0005087254835693639,0.5329472095025434,0.13411584094915763,0.08864191280117929,0.5329472095025434
0.6751070925965905,0.007845420390367508,0.0005086168491428256,0.5322691188628315,0.13416254753461226,0.08805684612531926,0.5322691188628315
0.681756847538054,0.07467681914567947,0.0005083383438318154,0.5483189716898837,0.14139457750190387,0.11379810935564161,0.5483189716898837
0.7139978362247348,0.3249180391430855,0.0005083334876797647,0.6356192138330694,0.07991462061464955,0.11454472310623985,0.6356192138330694
0.7167010512202978,0.3246093010529876,0.0005083273126713264,0.6091933220460714,0.08303231093667372,0.10177218847476688,0.6091933220460714
0.7193578537553549,0.23907851334661245,0.0005083176075508808,0.5876196901991287,0.08632077721500034,0.09054500144687513,0.5876196901991287
0.6814106022939086,0.08701474219560623,0.0005081467191682469,0.5481674653592474,0.14107606931789132,0.11235629303215597,0.5481674653592474
0.6824298109859228,0.02831036876887083,0.0005081162484852089,0.5479041251827431,0.14235636345889735,0.11631784025390544,0.5479041251827431
0.6768018528819084,0.1629648655653,0.0005081130307680128,0.5413607739625153,0.13532611504244385,0.09349987333684699,0.5413607739625153
0.6791522540152073,0.10048163030296564,0.0005079976004984647,0.5441338943426554,0.1391139523174386,0.10343416813600129,0.5441338943426554
