round_id,function_id,n_rows,dimension,weekly_submission_point,best_ensemble_ei,best_mu_model,best_mu_original_approx
week_01,1,10,2,"[0.767379, 0.806069]",0.09993105079667569,-0.13586800879165842,-0.00014743720826017898
week_01,2,10,2,"[0.717297, 0.002787]",0.013083057622636254,0.4426975348829139,0.4426975348829139
week_01,3,15,3,"[0.543545, 0.999162, 0.398107]",0.011125508640242926,-0.06739672692960877,-0.06739672692960877
week_01,4,30,4,"[0.468821, 0.425615, 0.267382, 0.279312]",0.6079879761502532,-6.178688391891614,-6.178688391891614
week_01,5,20,4,"[0.192566, 0.939460, 0.962840, 0.901319]",17.772603704976426,722.6806208505039,722.6806208505039
week_01,6,20,5,"[0.630006, 0.241810, 0.741250, 0.767322, 0.089176]",0.033816394625334124,-0.9926059105194919,-0.9926059105194919
week_01,7,30,6,"[0.066134, 0.297286, 0.356466, 0.137471, 0.396944, 0.738669]",0.01263816745757537,0.9655538400569561,0.9655538400569561
week_01,8,40,8,"[0.121256, 0.067742, 0.194441, 0.101780, 0.803418, 0.951100, 0.185507, 0.683950]",0.16858505815040137,9.62870434771637,9.62870434771637
