function_id,x1,x2,x3,x4,x5,x6,x7,x8
1,0.767379,0.806069,,,,,,
2,0.717297,0.002787,,,,,,
3,0.543545,0.999162,0.398107,,,,,
4,0.468821,0.425615,0.267382,0.279312,,,,
5,0.192566,0.93946,0.96284,0.901319,,,,
6,0.630006,0.24181,0.74125,0.767322,0.089176,,,
7,0.066134,0.297286,0.356466,0.137471,0.396944,0.738669,,
8,0.121256,0.067742,0.194441,0.10178,0.803418,0.9511,0.185507,0.68395
